timestamp, index, name, utilization.gpu [%], utilization.memory [%], memory.used [MiB], memory.total [MiB]
2026/02/25 17:39:31.582, 0, NVIDIA A10G, 0 %, 0 %, 0 MiB, 23028 MiB
2026/02/25 17:39:31.585, 1, NVIDIA A10G, 0 %, 0 %, 0 MiB, 23028 MiB
2026/02/25 17:39:31.588, 2, NVIDIA A10G, 2 %, 0 %, 0 MiB, 23028 MiB
2026/02/25 17:39:31.591, 3, NVIDIA A10G, 2 %, 0 %, 0 MiB, 23028 MiB
2026/02/25 17:39:32.594, 0, NVIDIA A10G, 0 %, 0 %, 3 MiB, 23028 MiB
2026/02/25 17:39:32.594, 1, NVIDIA A10G, 0 %, 0 %, 3 MiB, 23028 MiB
2026/02/25 17:39:32.594, 2, NVIDIA A10G, 0 %, 0 %, 3 MiB, 23028 MiB
2026/02/25 17:39:32.594, 3, NVIDIA A10G, 0 %, 0 %, 3 MiB, 23028 MiB
2026/02/25 17:39:33.594, 0, NVIDIA A10G, 0 %, 0 %, 3 MiB, 23028 MiB
2026/02/25 17:39:33.594, 1, NVIDIA A10G, 0 %, 0 %, 3 MiB, 23028 MiB
2026/02/25 17:39:33.594, 2, NVIDIA A10G, 0 %, 0 %, 3 MiB, 23028 MiB
2026/02/25 17:39:33.594, 3, NVIDIA A10G, 0 %, 0 %, 3 MiB, 23028 MiB
2026/02/25 17:39:34.594, 0, NVIDIA A10G, 0 %, 0 %, 3 MiB, 23028 MiB
2026/02/25 17:39:34.594, 1, NVIDIA A10G, 0 %, 0 %, 3 MiB, 23028 MiB
2026/02/25 17:39:34.594, 2, NVIDIA A10G, 0 %, 0 %, 3 MiB, 23028 MiB
2026/02/25 17:39:34.594, 3, NVIDIA A10G, 0 %, 0 %, 3 MiB, 23028 MiB
2026/02/25 17:39:35.595, 0, NVIDIA A10G, 0 %, 0 %, 3 MiB, 23028 MiB
2026/02/25 17:39:35.595, 1, NVIDIA A10G, 0 %, 0 %, 3 MiB, 23028 MiB
2026/02/25 17:39:35.595, 2, NVIDIA A10G, 0 %, 0 %, 3 MiB, 23028 MiB
2026/02/25 17:39:35.595, 3, NVIDIA A10G, 0 %, 0 %, 3 MiB, 23028 MiB
2026/02/25 17:39:36.595, 0, NVIDIA A10G, 0 %, 0 %, 3 MiB, 23028 MiB
2026/02/25 17:39:36.595, 1, NVIDIA A10G, 0 %, 0 %, 3 MiB, 23028 MiB
2026/02/25 17:39:36.595, 2, NVIDIA A10G, 0 %, 0 %, 3 MiB, 23028 MiB
2026/02/25 17:39:36.595, 3, NVIDIA A10G, 0 %, 0 %, 3 MiB, 23028 MiB
2026/02/25 17:39:37.595, 0, NVIDIA A10G, 0 %, 0 %, 3 MiB, 23028 MiB
2026/02/25 17:39:37.595, 1, NVIDIA A10G, 0 %, 0 %, 3 MiB, 23028 MiB
2026/02/25 17:39:37.595, 2, NVIDIA A10G, 0 %, 0 %, 3 MiB, 23028 MiB
2026/02/25 17:39:37.595, 3, NVIDIA A10G, 0 %, 0 %, 3 MiB, 23028 MiB
2026/02/25 17:39:38.595, 0, NVIDIA A10G, 0 %, 0 %, 3 MiB, 23028 MiB
2026/02/25 17:39:38.595, 1, NVIDIA A10G, 0 %, 0 %, 3 MiB, 23028 MiB
2026/02/25 17:39:38.596, 2, NVIDIA A10G, 0 %, 0 %, 3 MiB, 23028 MiB
2026/02/25 17:39:38.596, 3, NVIDIA A10G, 0 %, 0 %, 3 MiB, 23028 MiB
2026/02/25 17:39:39.596, 0, NVIDIA A10G, 0 %, 0 %, 3 MiB, 23028 MiB
2026/02/25 17:39:39.596, 1, NVIDIA A10G, 0 %, 0 %, 3 MiB, 23028 MiB
2026/02/25 17:39:39.596, 2, NVIDIA A10G, 0 %, 0 %, 3 MiB, 23028 MiB
2026/02/25 17:39:39.596, 3, NVIDIA A10G, 0 %, 0 %, 3 MiB, 23028 MiB
2026/02/25 17:39:40.596, 0, NVIDIA A10G, 0 %, 0 %, 3 MiB, 23028 MiB
2026/02/25 17:39:40.596, 1, NVIDIA A10G, 0 %, 0 %, 3 MiB, 23028 MiB
2026/02/25 17:39:40.596, 2, NVIDIA A10G, 0 %, 0 %, 3 MiB, 23028 MiB
2026/02/25 17:39:40.596, 3, NVIDIA A10G, 0 %, 0 %, 3 MiB, 23028 MiB
2026/02/25 17:39:41.597, 0, NVIDIA A10G, 0 %, 0 %, 3 MiB, 23028 MiB
2026/02/25 17:39:41.597, 1, NVIDIA A10G, 0 %, 0 %, 3 MiB, 23028 MiB
2026/02/25 17:39:41.597, 2, NVIDIA A10G, 0 %, 0 %, 3 MiB, 23028 MiB
2026/02/25 17:39:41.597, 3, NVIDIA A10G, 0 %, 0 %, 3 MiB, 23028 MiB
2026/02/25 17:39:42.597, 0, NVIDIA A10G, 0 %, 0 %, 3 MiB, 23028 MiB
2026/02/25 17:39:42.597, 1, NVIDIA A10G, 0 %, 0 %, 3 MiB, 23028 MiB
2026/02/25 17:39:42.597, 2, NVIDIA A10G, 0 %, 0 %, 3 MiB, 23028 MiB
2026/02/25 17:39:42.597, 3, NVIDIA A10G, 0 %, 0 %, 3 MiB, 23028 MiB
2026/02/25 17:39:43.597, 0, NVIDIA A10G, 0 %, 0 %, 3 MiB, 23028 MiB
2026/02/25 17:39:43.597, 1, NVIDIA A10G, 0 %, 0 %, 3 MiB, 23028 MiB
2026/02/25 17:39:43.597, 2, NVIDIA A10G, 0 %, 0 %, 3 MiB, 23028 MiB
2026/02/25 17:39:43.597, 3, NVIDIA A10G, 0 %, 0 %, 3 MiB, 23028 MiB
2026/02/25 17:39:44.597, 0, NVIDIA A10G, 0 %, 0 %, 3 MiB, 23028 MiB
2026/02/25 17:39:44.598, 1, NVIDIA A10G, 0 %, 0 %, 3 MiB, 23028 MiB
2026/02/25 17:39:44.598, 2, NVIDIA A10G, 0 %, 0 %, 3 MiB, 23028 MiB
2026/02/25 17:39:44.598, 3, NVIDIA A10G, 0 %, 0 %, 3 MiB, 23028 MiB
2026/02/25 17:39:45.598, 0, NVIDIA A10G, 0 %, 0 %, 3 MiB, 23028 MiB
2026/02/25 17:39:45.598, 1, NVIDIA A10G, 0 %, 0 %, 3 MiB, 23028 MiB
2026/02/25 17:39:45.598, 2, NVIDIA A10G, 0 %, 0 %, 3 MiB, 23028 MiB
2026/02/25 17:39:45.598, 3, NVIDIA A10G, 0 %, 0 %, 3 MiB, 23028 MiB
2026/02/25 17:39:46.598, 0, NVIDIA A10G, 0 %, 0 %, 18 MiB, 23028 MiB
2026/02/25 17:39:46.609, 1, NVIDIA A10G, 0 %, 0 %, 18 MiB, 23028 MiB
2026/02/25 17:39:46.615, 2, NVIDIA A10G, 0 %, 0 %, 18 MiB, 23028 MiB
2026/02/25 17:39:46.615, 3, NVIDIA A10G, 0 %, 0 %, 18 MiB, 23028 MiB
2026/02/25 17:39:47.630, 0, NVIDIA A10G, 0 %, 0 %, 399 MiB, 23028 MiB
2026/02/25 17:39:47.630, 1, NVIDIA A10G, 0 %, 0 %, 399 MiB, 23028 MiB
2026/02/25 17:39:47.630, 2, NVIDIA A10G, 0 %, 0 %, 399 MiB, 23028 MiB
2026/02/25 17:39:47.630, 3, NVIDIA A10G, 0 %, 0 %, 399 MiB, 23028 MiB
2026/02/25 17:39:48.630, 0, NVIDIA A10G, 0 %, 0 %, 503 MiB, 23028 MiB
2026/02/25 17:39:48.630, 1, NVIDIA A10G, 0 %, 0 %, 503 MiB, 23028 MiB
2026/02/25 17:39:48.630, 2, NVIDIA A10G, 0 %, 0 %, 503 MiB, 23028 MiB
2026/02/25 17:39:48.630, 3, NVIDIA A10G, 0 %, 0 %, 503 MiB, 23028 MiB
2026/02/25 17:39:49.630, 0, NVIDIA A10G, 0 %, 0 %, 503 MiB, 23028 MiB
2026/02/25 17:39:49.631, 1, NVIDIA A10G, 0 %, 0 %, 503 MiB, 23028 MiB
2026/02/25 17:39:49.631, 2, NVIDIA A10G, 0 %, 0 %, 503 MiB, 23028 MiB
2026/02/25 17:39:49.631, 3, NVIDIA A10G, 0 %, 0 %, 503 MiB, 23028 MiB
2026/02/25 17:39:50.631, 0, NVIDIA A10G, 0 %, 0 %, 503 MiB, 23028 MiB
2026/02/25 17:39:50.631, 1, NVIDIA A10G, 0 %, 0 %, 503 MiB, 23028 MiB
2026/02/25 17:39:50.631, 2, NVIDIA A10G, 0 %, 0 %, 503 MiB, 23028 MiB
2026/02/25 17:39:50.631, 3, NVIDIA A10G, 0 %, 0 %, 503 MiB, 23028 MiB
2026/02/25 17:39:51.631, 0, NVIDIA A10G, 0 %, 0 %, 503 MiB, 23028 MiB
2026/02/25 17:39:51.631, 1, NVIDIA A10G, 0 %, 0 %, 503 MiB, 23028 MiB
2026/02/25 17:39:51.632, 2, NVIDIA A10G, 0 %, 0 %, 503 MiB, 23028 MiB
2026/02/25 17:39:51.632, 3, NVIDIA A10G, 0 %, 0 %, 503 MiB, 23028 MiB
2026/02/25 17:39:52.632, 0, NVIDIA A10G, 0 %, 0 %, 503 MiB, 23028 MiB
2026/02/25 17:39:52.632, 1, NVIDIA A10G, 0 %, 0 %, 503 MiB, 23028 MiB
2026/02/25 17:39:52.632, 2, NVIDIA A10G, 0 %, 0 %, 503 MiB, 23028 MiB
2026/02/25 17:39:52.632, 3, NVIDIA A10G, 0 %, 0 %, 503 MiB, 23028 MiB
2026/02/25 17:39:53.632, 0, NVIDIA A10G, 0 %, 0 %, 503 MiB, 23028 MiB
2026/02/25 17:39:53.632, 1, NVIDIA A10G, 0 %, 0 %, 503 MiB, 23028 MiB
2026/02/25 17:39:53.632, 2, NVIDIA A10G, 0 %, 0 %, 503 MiB, 23028 MiB
2026/02/25 17:39:53.633, 3, NVIDIA A10G, 0 %, 0 %, 503 MiB, 23028 MiB
2026/02/25 17:39:54.633, 0, NVIDIA A10G, 0 %, 0 %, 1247 MiB, 23028 MiB
2026/02/25 17:39:54.633, 1, NVIDIA A10G, 0 %, 0 %, 503 MiB, 23028 MiB
2026/02/25 17:39:54.633, 2, NVIDIA A10G, 0 %, 0 %, 503 MiB, 23028 MiB
2026/02/25 17:39:54.633, 3, NVIDIA A10G, 0 %, 0 %, 503 MiB, 23028 MiB
2026/02/25 17:39:55.633, 0, NVIDIA A10G, 0 %, 0 %, 1247 MiB, 23028 MiB
2026/02/25 17:39:55.633, 1, NVIDIA A10G, 0 %, 0 %, 503 MiB, 23028 MiB
2026/02/25 17:39:55.633, 2, NVIDIA A10G, 0 %, 0 %, 503 MiB, 23028 MiB
2026/02/25 17:39:55.633, 3, NVIDIA A10G, 44 %, 30 %, 1559 MiB, 23028 MiB
2026/02/25 17:39:56.633, 0, NVIDIA A10G, 0 %, 0 %, 1247 MiB, 23028 MiB
2026/02/25 17:39:56.634, 1, NVIDIA A10G, 0 %, 0 %, 1455 MiB, 23028 MiB
2026/02/25 17:39:56.634, 2, NVIDIA A10G, 0 %, 0 %, 503 MiB, 23028 MiB
2026/02/25 17:39:56.634, 3, NVIDIA A10G, 0 %, 0 %, 1559 MiB, 23028 MiB
2026/02/25 17:39:57.634, 0, NVIDIA A10G, 0 %, 0 %, 1247 MiB, 23028 MiB
2026/02/25 17:39:57.634, 1, NVIDIA A10G, 0 %, 0 %, 1455 MiB, 23028 MiB
2026/02/25 17:39:57.634, 2, NVIDIA A10G, 62 %, 40 %, 1529 MiB, 23028 MiB
2026/02/25 17:39:57.634, 3, NVIDIA A10G, 0 %, 0 %, 1559 MiB, 23028 MiB
2026/02/25 17:39:58.634, 0, NVIDIA A10G, 0 %, 0 %, 1247 MiB, 23028 MiB
2026/02/25 17:39:58.634, 1, NVIDIA A10G, 0 %, 0 %, 1455 MiB, 23028 MiB
2026/02/25 17:39:58.634, 2, NVIDIA A10G, 0 %, 0 %, 1529 MiB, 23028 MiB
2026/02/25 17:39:58.634, 3, NVIDIA A10G, 0 %, 0 %, 1559 MiB, 23028 MiB
2026/02/25 17:39:59.634, 0, NVIDIA A10G, 0 %, 0 %, 1247 MiB, 23028 MiB
2026/02/25 17:39:59.635, 1, NVIDIA A10G, 0 %, 0 %, 1455 MiB, 23028 MiB
2026/02/25 17:39:59.635, 2, NVIDIA A10G, 0 %, 0 %, 1529 MiB, 23028 MiB
2026/02/25 17:39:59.635, 3, NVIDIA A10G, 0 %, 0 %, 1559 MiB, 23028 MiB
2026/02/25 17:40:00.635, 0, NVIDIA A10G, 0 %, 0 %, 1247 MiB, 23028 MiB
2026/02/25 17:40:00.635, 1, NVIDIA A10G, 0 %, 0 %, 1455 MiB, 23028 MiB
2026/02/25 17:40:00.635, 2, NVIDIA A10G, 0 %, 0 %, 1529 MiB, 23028 MiB
2026/02/25 17:40:00.635, 3, NVIDIA A10G, 0 %, 0 %, 1559 MiB, 23028 MiB
2026/02/25 17:40:01.635, 0, NVIDIA A10G, 19 %, 6 %, 1247 MiB, 23028 MiB
2026/02/25 17:40:01.635, 1, NVIDIA A10G, 0 %, 0 %, 1455 MiB, 23028 MiB
2026/02/25 17:40:01.636, 2, NVIDIA A10G, 0 %, 0 %, 1529 MiB, 23028 MiB
2026/02/25 17:40:01.636, 3, NVIDIA A10G, 0 %, 0 %, 1559 MiB, 23028 MiB
2026/02/25 17:40:02.636, 0, NVIDIA A10G, 22 %, 7 %, 1247 MiB, 23028 MiB
2026/02/25 17:40:02.636, 1, NVIDIA A10G, 0 %, 0 %, 1455 MiB, 23028 MiB
2026/02/25 17:40:02.636, 2, NVIDIA A10G, 0 %, 0 %, 1529 MiB, 23028 MiB
2026/02/25 17:40:02.636, 3, NVIDIA A10G, 20 %, 7 %, 1559 MiB, 23028 MiB
2026/02/25 17:40:03.636, 0, NVIDIA A10G, 14 %, 5 %, 1247 MiB, 23028 MiB
2026/02/25 17:40:03.636, 1, NVIDIA A10G, 20 %, 7 %, 1455 MiB, 23028 MiB
2026/02/25 17:40:03.636, 2, NVIDIA A10G, 0 %, 0 %, 1529 MiB, 23028 MiB
2026/02/25 17:40:03.637, 3, NVIDIA A10G, 21 %, 8 %, 1559 MiB, 23028 MiB
2026/02/25 17:40:04.637, 0, NVIDIA A10G, 19 %, 6 %, 1247 MiB, 23028 MiB
2026/02/25 17:40:04.637, 1, NVIDIA A10G, 19 %, 6 %, 1455 MiB, 23028 MiB
2026/02/25 17:40:04.637, 2, NVIDIA A10G, 9 %, 3 %, 1531 MiB, 23028 MiB
2026/02/25 17:40:04.637, 3, NVIDIA A10G, 16 %, 5 %, 1559 MiB, 23028 MiB
2026/02/25 17:40:05.638, 0, NVIDIA A10G, 20 %, 7 %, 1247 MiB, 23028 MiB
2026/02/25 17:40:05.638, 1, NVIDIA A10G, 18 %, 6 %, 1455 MiB, 23028 MiB
2026/02/25 17:40:05.638, 2, NVIDIA A10G, 20 %, 7 %, 1531 MiB, 23028 MiB
2026/02/25 17:40:05.638, 3, NVIDIA A10G, 19 %, 7 %, 1559 MiB, 23028 MiB
2026/02/25 17:40:06.638, 0, NVIDIA A10G, 16 %, 6 %, 1247 MiB, 23028 MiB
2026/02/25 17:40:06.639, 1, NVIDIA A10G, 19 %, 6 %, 1455 MiB, 23028 MiB
2026/02/25 17:40:06.639, 2, NVIDIA A10G, 19 %, 7 %, 1531 MiB, 23028 MiB
2026/02/25 17:40:06.639, 3, NVIDIA A10G, 19 %, 7 %, 1559 MiB, 23028 MiB
2026/02/25 17:40:07.639, 0, NVIDIA A10G, 11 %, 3 %, 1247 MiB, 23028 MiB
2026/02/25 17:40:07.639, 1, NVIDIA A10G, 18 %, 6 %, 1455 MiB, 23028 MiB
2026/02/25 17:40:07.639, 2, NVIDIA A10G, 17 %, 5 %, 1531 MiB, 23028 MiB
2026/02/25 17:40:07.639, 3, NVIDIA A10G, 21 %, 8 %, 1559 MiB, 23028 MiB
2026/02/25 17:40:08.639, 0, NVIDIA A10G, 0 %, 0 %, 1247 MiB, 23028 MiB
2026/02/25 17:40:08.639, 1, NVIDIA A10G, 20 %, 6 %, 1455 MiB, 23028 MiB
2026/02/25 17:40:08.639, 2, NVIDIA A10G, 22 %, 8 %, 1531 MiB, 23028 MiB
2026/02/25 17:40:08.640, 3, NVIDIA A10G, 18 %, 6 %, 1559 MiB, 23028 MiB
2026/02/25 17:40:09.640, 0, NVIDIA A10G, 0 %, 0 %, 1247 MiB, 23028 MiB
2026/02/25 17:40:09.640, 1, NVIDIA A10G, 17 %, 6 %, 1455 MiB, 23028 MiB
2026/02/25 17:40:09.640, 2, NVIDIA A10G, 21 %, 8 %, 1531 MiB, 23028 MiB
2026/02/25 17:40:09.640, 3, NVIDIA A10G, 8 %, 3 %, 1559 MiB, 23028 MiB
2026/02/25 17:40:10.640, 0, NVIDIA A10G, 0 %, 0 %, 1247 MiB, 23028 MiB
2026/02/25 17:40:10.640, 1, NVIDIA A10G, 21 %, 7 %, 1455 MiB, 23028 MiB
2026/02/25 17:40:10.640, 2, NVIDIA A10G, 18 %, 6 %, 1531 MiB, 23028 MiB
2026/02/25 17:40:10.640, 3, NVIDIA A10G, 0 %, 0 %, 1559 MiB, 23028 MiB
2026/02/25 17:40:11.640, 0, NVIDIA A10G, 0 %, 0 %, 1247 MiB, 23028 MiB
2026/02/25 17:40:11.641, 1, NVIDIA A10G, 20 %, 7 %, 1455 MiB, 23028 MiB
2026/02/25 17:40:11.641, 2, NVIDIA A10G, 20 %, 7 %, 1531 MiB, 23028 MiB
2026/02/25 17:40:11.641, 3, NVIDIA A10G, 0 %, 0 %, 1559 MiB, 23028 MiB
2026/02/25 17:40:12.641, 0, NVIDIA A10G, 0 %, 0 %, 1247 MiB, 23028 MiB
2026/02/25 17:40:12.641, 1, NVIDIA A10G, 0 %, 0 %, 1455 MiB, 23028 MiB
2026/02/25 17:40:12.641, 2, NVIDIA A10G, 20 %, 6 %, 1533 MiB, 23028 MiB
2026/02/25 17:40:12.641, 3, NVIDIA A10G, 19 %, 6 %, 1559 MiB, 23028 MiB
2026/02/25 17:40:13.641, 0, NVIDIA A10G, 0 %, 0 %, 1247 MiB, 23028 MiB
2026/02/25 17:40:13.641, 1, NVIDIA A10G, 0 %, 0 %, 1455 MiB, 23028 MiB
2026/02/25 17:40:13.641, 2, NVIDIA A10G, 0 %, 0 %, 1533 MiB, 23028 MiB
2026/02/25 17:40:13.641, 3, NVIDIA A10G, 19 %, 6 %, 1559 MiB, 23028 MiB
2026/02/25 17:40:14.642, 0, NVIDIA A10G, 0 %, 0 %, 1247 MiB, 23028 MiB
2026/02/25 17:40:14.642, 1, NVIDIA A10G, 0 %, 0 %, 1455 MiB, 23028 MiB
2026/02/25 17:40:14.642, 2, NVIDIA A10G, 0 %, 0 %, 1533 MiB, 23028 MiB
2026/02/25 17:40:14.642, 3, NVIDIA A10G, 20 %, 6 %, 1559 MiB, 23028 MiB
2026/02/25 17:40:15.642, 0, NVIDIA A10G, 0 %, 0 %, 1247 MiB, 23028 MiB
2026/02/25 17:40:15.642, 1, NVIDIA A10G, 0 %, 0 %, 1455 MiB, 23028 MiB
2026/02/25 17:40:15.642, 2, NVIDIA A10G, 0 %, 0 %, 1533 MiB, 23028 MiB
2026/02/25 17:40:15.642, 3, NVIDIA A10G, 21 %, 7 %, 1559 MiB, 23028 MiB
2026/02/25 17:40:16.642, 0, NVIDIA A10G, 0 %, 0 %, 1655 MiB, 23028 MiB
2026/02/25 17:40:16.642, 1, NVIDIA A10G, 0 %, 0 %, 1455 MiB, 23028 MiB
2026/02/25 17:40:16.642, 2, NVIDIA A10G, 0 %, 0 %, 1533 MiB, 23028 MiB
2026/02/25 17:40:16.642, 3, NVIDIA A10G, 0 %, 0 %, 1559 MiB, 23028 MiB
2026/02/25 17:40:17.642, 0, NVIDIA A10G, 0 %, 0 %, 1655 MiB, 23028 MiB
2026/02/25 17:40:17.643, 1, NVIDIA A10G, 0 %, 0 %, 1455 MiB, 23028 MiB
2026/02/25 17:40:17.643, 2, NVIDIA A10G, 21 %, 7 %, 1533 MiB, 23028 MiB
2026/02/25 17:40:17.643, 3, NVIDIA A10G, 0 %, 0 %, 1559 MiB, 23028 MiB
2026/02/25 17:40:18.643, 0, NVIDIA A10G, 19 %, 7 %, 1655 MiB, 23028 MiB
2026/02/25 17:40:18.643, 1, NVIDIA A10G, 0 %, 0 %, 1455 MiB, 23028 MiB
2026/02/25 17:40:18.643, 2, NVIDIA A10G, 22 %, 7 %, 1533 MiB, 23028 MiB
2026/02/25 17:40:18.643, 3, NVIDIA A10G, 0 %, 0 %, 1559 MiB, 23028 MiB
2026/02/25 17:40:19.643, 0, NVIDIA A10G, 19 %, 6 %, 1655 MiB, 23028 MiB
2026/02/25 17:40:19.643, 1, NVIDIA A10G, 0 %, 0 %, 1455 MiB, 23028 MiB
2026/02/25 17:40:19.643, 2, NVIDIA A10G, 20 %, 7 %, 1533 MiB, 23028 MiB
2026/02/25 17:40:19.643, 3, NVIDIA A10G, 0 %, 0 %, 1559 MiB, 23028 MiB
2026/02/25 17:40:20.644, 0, NVIDIA A10G, 23 %, 8 %, 1655 MiB, 23028 MiB
2026/02/25 17:40:20.644, 1, NVIDIA A10G, 0 %, 0 %, 1455 MiB, 23028 MiB
2026/02/25 17:40:20.644, 2, NVIDIA A10G, 0 %, 0 %, 1533 MiB, 23028 MiB
2026/02/25 17:40:20.644, 3, NVIDIA A10G, 0 %, 0 %, 1559 MiB, 23028 MiB
2026/02/25 17:40:21.644, 0, NVIDIA A10G, 19 %, 6 %, 1655 MiB, 23028 MiB
2026/02/25 17:40:21.644, 1, NVIDIA A10G, 20 %, 7 %, 1455 MiB, 23028 MiB
2026/02/25 17:40:21.644, 2, NVIDIA A10G, 0 %, 0 %, 1533 MiB, 23028 MiB
2026/02/25 17:40:21.644, 3, NVIDIA A10G, 0 %, 0 %, 1559 MiB, 23028 MiB
2026/02/25 17:40:22.644, 0, NVIDIA A10G, 18 %, 6 %, 1655 MiB, 23028 MiB
2026/02/25 17:40:22.644, 1, NVIDIA A10G, 19 %, 6 %, 1455 MiB, 23028 MiB
2026/02/25 17:40:22.644, 2, NVIDIA A10G, 0 %, 0 %, 1533 MiB, 23028 MiB
2026/02/25 17:40:22.645, 3, NVIDIA A10G, 0 %, 0 %, 1559 MiB, 23028 MiB
2026/02/25 17:40:23.645, 0, NVIDIA A10G, 17 %, 6 %, 1655 MiB, 23028 MiB
2026/02/25 17:40:23.645, 1, NVIDIA A10G, 21 %, 6 %, 1455 MiB, 23028 MiB
2026/02/25 17:40:23.645, 2, NVIDIA A10G, 0 %, 0 %, 1533 MiB, 23028 MiB
2026/02/25 17:40:23.645, 3, NVIDIA A10G, 0 %, 0 %, 1559 MiB, 23028 MiB
2026/02/25 17:40:24.645, 0, NVIDIA A10G, 16 %, 5 %, 1655 MiB, 23028 MiB
2026/02/25 17:40:24.645, 1, NVIDIA A10G, 22 %, 7 %, 1455 MiB, 23028 MiB
2026/02/25 17:40:24.645, 2, NVIDIA A10G, 0 %, 0 %, 1533 MiB, 23028 MiB
2026/02/25 17:40:24.645, 3, NVIDIA A10G, 0 %, 0 %, 1559 MiB, 23028 MiB
2026/02/25 17:40:25.645, 0, NVIDIA A10G, 17 %, 6 %, 1655 MiB, 23028 MiB
2026/02/25 17:40:25.645, 1, NVIDIA A10G, 17 %, 5 %, 1455 MiB, 23028 MiB
2026/02/25 17:40:25.645, 2, NVIDIA A10G, 0 %, 0 %, 1533 MiB, 23028 MiB
2026/02/25 17:40:25.646, 3, NVIDIA A10G, 0 %, 0 %, 1559 MiB, 23028 MiB
2026/02/25 17:40:26.646, 0, NVIDIA A10G, 21 %, 7 %, 1655 MiB, 23028 MiB
2026/02/25 17:40:26.646, 1, NVIDIA A10G, 20 %, 7 %, 1455 MiB, 23028 MiB
2026/02/25 17:40:26.646, 2, NVIDIA A10G, 0 %, 0 %, 1533 MiB, 23028 MiB
2026/02/25 17:40:26.646, 3, NVIDIA A10G, 0 %, 0 %, 1559 MiB, 23028 MiB
2026/02/25 17:40:27.646, 0, NVIDIA A10G, 21 %, 7 %, 1655 MiB, 23028 MiB
2026/02/25 17:40:27.646, 1, NVIDIA A10G, 19 %, 6 %, 1455 MiB, 23028 MiB
2026/02/25 17:40:27.646, 2, NVIDIA A10G, 0 %, 0 %, 1533 MiB, 23028 MiB
2026/02/25 17:40:27.646, 3, NVIDIA A10G, 0 %, 0 %, 1943 MiB, 23028 MiB
2026/02/25 17:40:28.647, 0, NVIDIA A10G, 13 %, 4 %, 1655 MiB, 23028 MiB
2026/02/25 17:40:28.647, 1, NVIDIA A10G, 17 %, 5 %, 1455 MiB, 23028 MiB
2026/02/25 17:40:28.647, 2, NVIDIA A10G, 0 %, 0 %, 1533 MiB, 23028 MiB
2026/02/25 17:40:28.647, 3, NVIDIA A10G, 20 %, 7 %, 1943 MiB, 23028 MiB
2026/02/25 17:40:29.647, 0, NVIDIA A10G, 0 %, 0 %, 1655 MiB, 23028 MiB
2026/02/25 17:40:29.647, 1, NVIDIA A10G, 17 %, 5 %, 1455 MiB, 23028 MiB
2026/02/25 17:40:29.647, 2, NVIDIA A10G, 0 %, 0 %, 1533 MiB, 23028 MiB
2026/02/25 17:40:29.647, 3, NVIDIA A10G, 22 %, 8 %, 1943 MiB, 23028 MiB
2026/02/25 17:40:30.647, 0, NVIDIA A10G, 0 %, 0 %, 1655 MiB, 23028 MiB
2026/02/25 17:40:30.647, 1, NVIDIA A10G, 16 %, 5 %, 1455 MiB, 23028 MiB
2026/02/25 17:40:30.647, 2, NVIDIA A10G, 0 %, 0 %, 1533 MiB, 23028 MiB
2026/02/25 17:40:30.647, 3, NVIDIA A10G, 19 %, 8 %, 1943 MiB, 23028 MiB
2026/02/25 17:40:31.648, 0, NVIDIA A10G, 0 %, 0 %, 1655 MiB, 23028 MiB
2026/02/25 17:40:31.648, 1, NVIDIA A10G, 17 %, 5 %, 1455 MiB, 23028 MiB
2026/02/25 17:40:31.648, 2, NVIDIA A10G, 0 %, 0 %, 1533 MiB, 23028 MiB
2026/02/25 17:40:31.648, 3, NVIDIA A10G, 17 %, 6 %, 1943 MiB, 23028 MiB
2026/02/25 17:40:32.648, 0, NVIDIA A10G, 0 %, 0 %, 1655 MiB, 23028 MiB
2026/02/25 17:40:32.648, 1, NVIDIA A10G, 14 %, 4 %, 1455 MiB, 23028 MiB
2026/02/25 17:40:32.648, 2, NVIDIA A10G, 0 %, 0 %, 1533 MiB, 23028 MiB
2026/02/25 17:40:32.648, 3, NVIDIA A10G, 19 %, 6 %, 1943 MiB, 23028 MiB
2026/02/25 17:40:33.648, 0, NVIDIA A10G, 0 %, 0 %, 1655 MiB, 23028 MiB
2026/02/25 17:40:33.648, 1, NVIDIA A10G, 0 %, 0 %, 1455 MiB, 23028 MiB
2026/02/25 17:40:33.649, 2, NVIDIA A10G, 0 %, 0 %, 1533 MiB, 23028 MiB
2026/02/25 17:40:33.649, 3, NVIDIA A10G, 22 %, 7 %, 1943 MiB, 23028 MiB
2026/02/25 17:40:34.649, 0, NVIDIA A10G, 0 %, 0 %, 1655 MiB, 23028 MiB
2026/02/25 17:40:34.649, 1, NVIDIA A10G, 0 %, 0 %, 1455 MiB, 23028 MiB
2026/02/25 17:40:34.649, 2, NVIDIA A10G, 78 %, 52 %, 1533 MiB, 23028 MiB
2026/02/25 17:40:34.649, 3, NVIDIA A10G, 20 %, 7 %, 1943 MiB, 23028 MiB
2026/02/25 17:40:35.649, 0, NVIDIA A10G, 0 %, 0 %, 1655 MiB, 23028 MiB
2026/02/25 17:40:35.649, 1, NVIDIA A10G, 0 %, 0 %, 1455 MiB, 23028 MiB
2026/02/25 17:40:35.649, 2, NVIDIA A10G, 0 %, 0 %, 1533 MiB, 23028 MiB
2026/02/25 17:40:35.649, 3, NVIDIA A10G, 20 %, 6 %, 1943 MiB, 23028 MiB
2026/02/25 17:40:36.650, 0, NVIDIA A10G, 0 %, 0 %, 2039 MiB, 23028 MiB
2026/02/25 17:40:36.650, 1, NVIDIA A10G, 0 %, 0 %, 1455 MiB, 23028 MiB
2026/02/25 17:40:36.650, 2, NVIDIA A10G, 18 %, 6 %, 1533 MiB, 23028 MiB
2026/02/25 17:40:36.650, 3, NVIDIA A10G, 22 %, 8 %, 1943 MiB, 23028 MiB
2026/02/25 17:40:37.650, 0, NVIDIA A10G, 21 %, 7 %, 2039 MiB, 23028 MiB
2026/02/25 17:40:37.650, 1, NVIDIA A10G, 0 %, 0 %, 1455 MiB, 23028 MiB
2026/02/25 17:40:37.650, 2, NVIDIA A10G, 21 %, 7 %, 1533 MiB, 23028 MiB
2026/02/25 17:40:37.650, 3, NVIDIA A10G, 21 %, 8 %, 1943 MiB, 23028 MiB
2026/02/25 17:40:38.650, 0, NVIDIA A10G, 19 %, 7 %, 2039 MiB, 23028 MiB
2026/02/25 17:40:38.650, 1, NVIDIA A10G, 0 %, 0 %, 1455 MiB, 23028 MiB
2026/02/25 17:40:38.651, 2, NVIDIA A10G, 16 %, 5 %, 1533 MiB, 23028 MiB
2026/02/25 17:40:38.651, 3, NVIDIA A10G, 19 %, 6 %, 1943 MiB, 23028 MiB
2026/02/25 17:40:39.651, 0, NVIDIA A10G, 22 %, 7 %, 2039 MiB, 23028 MiB
2026/02/25 17:40:39.651, 1, NVIDIA A10G, 0 %, 0 %, 1455 MiB, 23028 MiB
2026/02/25 17:40:39.651, 2, NVIDIA A10G, 20 %, 7 %, 1533 MiB, 23028 MiB
2026/02/25 17:40:39.651, 3, NVIDIA A10G, 0 %, 0 %, 1943 MiB, 23028 MiB
2026/02/25 17:40:40.651, 0, NVIDIA A10G, 22 %, 8 %, 2039 MiB, 23028 MiB
2026/02/25 17:40:40.651, 1, NVIDIA A10G, 0 %, 0 %, 1455 MiB, 23028 MiB
2026/02/25 17:40:40.651, 2, NVIDIA A10G, 19 %, 6 %, 1533 MiB, 23028 MiB
2026/02/25 17:40:40.651, 3, NVIDIA A10G, 0 %, 0 %, 1943 MiB, 23028 MiB
2026/02/25 17:40:41.652, 0, NVIDIA A10G, 23 %, 9 %, 2039 MiB, 23028 MiB
2026/02/25 17:40:41.652, 1, NVIDIA A10G, 0 %, 0 %, 1455 MiB, 23028 MiB
2026/02/25 17:40:41.652, 2, NVIDIA A10G, 15 %, 5 %, 1533 MiB, 23028 MiB
2026/02/25 17:40:41.652, 3, NVIDIA A10G, 0 %, 0 %, 1943 MiB, 23028 MiB
2026/02/25 17:40:42.652, 0, NVIDIA A10G, 21 %, 7 %, 2039 MiB, 23028 MiB
2026/02/25 17:40:42.652, 1, NVIDIA A10G, 0 %, 0 %, 1459 MiB, 23028 MiB
2026/02/25 17:40:42.652, 2, NVIDIA A10G, 23 %, 8 %, 1533 MiB, 23028 MiB
2026/02/25 17:40:42.652, 3, NVIDIA A10G, 0 %, 0 %, 1943 MiB, 23028 MiB
2026/02/25 17:40:43.653, 0, NVIDIA A10G, 19 %, 7 %, 2039 MiB, 23028 MiB
2026/02/25 17:40:43.653, 1, NVIDIA A10G, 22 %, 8 %, 1459 MiB, 23028 MiB
2026/02/25 17:40:43.653, 2, NVIDIA A10G, 19 %, 7 %, 1533 MiB, 23028 MiB
2026/02/25 17:40:43.653, 3, NVIDIA A10G, 18 %, 6 %, 1943 MiB, 23028 MiB
2026/02/25 17:40:44.653, 0, NVIDIA A10G, 21 %, 8 %, 2039 MiB, 23028 MiB
2026/02/25 17:40:44.653, 1, NVIDIA A10G, 19 %, 6 %, 1459 MiB, 23028 MiB
2026/02/25 17:40:44.653, 2, NVIDIA A10G, 19 %, 7 %, 1533 MiB, 23028 MiB
2026/02/25 17:40:44.653, 3, NVIDIA A10G, 20 %, 7 %, 1943 MiB, 23028 MiB
2026/02/25 17:40:45.653, 0, NVIDIA A10G, 0 %, 0 %, 2039 MiB, 23028 MiB
2026/02/25 17:40:45.654, 1, NVIDIA A10G, 20 %, 7 %, 1459 MiB, 23028 MiB
2026/02/25 17:40:45.654, 2, NVIDIA A10G, 18 %, 6 %, 1533 MiB, 23028 MiB
2026/02/25 17:40:45.654, 3, NVIDIA A10G, 21 %, 7 %, 1943 MiB, 23028 MiB
2026/02/25 17:40:46.654, 0, NVIDIA A10G, 0 %, 0 %, 2039 MiB, 23028 MiB
2026/02/25 17:40:46.654, 1, NVIDIA A10G, 19 %, 6 %, 1459 MiB, 23028 MiB
2026/02/25 17:40:46.654, 2, NVIDIA A10G, 21 %, 8 %, 1533 MiB, 23028 MiB
2026/02/25 17:40:46.654, 3, NVIDIA A10G, 21 %, 7 %, 1943 MiB, 23028 MiB
2026/02/25 17:40:47.654, 0, NVIDIA A10G, 0 %, 0 %, 2039 MiB, 23028 MiB
2026/02/25 17:40:47.654, 1, NVIDIA A10G, 19 %, 6 %, 1459 MiB, 23028 MiB
2026/02/25 17:40:47.655, 2, NVIDIA A10G, 20 %, 7 %, 1533 MiB, 23028 MiB
2026/02/25 17:40:47.655, 3, NVIDIA A10G, 15 %, 5 %, 1943 MiB, 23028 MiB
2026/02/25 17:40:48.655, 0, NVIDIA A10G, 0 %, 0 %, 2039 MiB, 23028 MiB
2026/02/25 17:40:48.655, 1, NVIDIA A10G, 21 %, 7 %, 1459 MiB, 23028 MiB
2026/02/25 17:40:48.655, 2, NVIDIA A10G, 22 %, 8 %, 1533 MiB, 23028 MiB
2026/02/25 17:40:48.655, 3, NVIDIA A10G, 0 %, 0 %, 1943 MiB, 23028 MiB
2026/02/25 17:40:49.655, 0, NVIDIA A10G, 0 %, 0 %, 2039 MiB, 23028 MiB
2026/02/25 17:40:49.655, 1, NVIDIA A10G, 21 %, 7 %, 1459 MiB, 23028 MiB
2026/02/25 17:40:49.655, 2, NVIDIA A10G, 22 %, 8 %, 1533 MiB, 23028 MiB
2026/02/25 17:40:49.656, 3, NVIDIA A10G, 0 %, 0 %, 1943 MiB, 23028 MiB
2026/02/25 17:40:50.656, 0, NVIDIA A10G, 0 %, 0 %, 2039 MiB, 23028 MiB
2026/02/25 17:40:50.656, 1, NVIDIA A10G, 21 %, 7 %, 1459 MiB, 23028 MiB
2026/02/25 17:40:50.656, 2, NVIDIA A10G, 22 %, 8 %, 1533 MiB, 23028 MiB
2026/02/25 17:40:50.656, 3, NVIDIA A10G, 0 %, 0 %, 1943 MiB, 23028 MiB
2026/02/25 17:40:51.656, 0, NVIDIA A10G, 0 %, 0 %, 2039 MiB, 23028 MiB
2026/02/25 17:40:51.656, 1, NVIDIA A10G, 23 %, 8 %, 1459 MiB, 23028 MiB
2026/02/25 17:40:51.656, 2, NVIDIA A10G, 21 %, 7 %, 1533 MiB, 23028 MiB
2026/02/25 17:40:51.656, 3, NVIDIA A10G, 0 %, 0 %, 1943 MiB, 23028 MiB
2026/02/25 17:40:52.657, 0, NVIDIA A10G, 0 %, 0 %, 2039 MiB, 23028 MiB
2026/02/25 17:40:52.657, 1, NVIDIA A10G, 13 %, 4 %, 1459 MiB, 23028 MiB
2026/02/25 17:40:52.657, 2, NVIDIA A10G, 13 %, 4 %, 1533 MiB, 23028 MiB
2026/02/25 17:40:52.657, 3, NVIDIA A10G, 0 %, 0 %, 1943 MiB, 23028 MiB
2026/02/25 17:40:53.657, 0, NVIDIA A10G, 0 %, 0 %, 2039 MiB, 23028 MiB
2026/02/25 17:40:53.657, 1, NVIDIA A10G, 0 %, 0 %, 1459 MiB, 23028 MiB
2026/02/25 17:40:53.657, 2, NVIDIA A10G, 0 %, 0 %, 1533 MiB, 23028 MiB
2026/02/25 17:40:53.657, 3, NVIDIA A10G, 0 %, 0 %, 1943 MiB, 23028 MiB
2026/02/25 17:40:54.657, 0, NVIDIA A10G, 91 %, 61 %, 2039 MiB, 23028 MiB
2026/02/25 17:40:54.658, 1, NVIDIA A10G, 0 %, 0 %, 1459 MiB, 23028 MiB
2026/02/25 17:40:54.658, 2, NVIDIA A10G, 0 %, 0 %, 1533 MiB, 23028 MiB
2026/02/25 17:40:54.658, 3, NVIDIA A10G, 0 %, 0 %, 1943 MiB, 23028 MiB
2026/02/25 17:40:55.658, 0, NVIDIA A10G, 22 %, 8 %, 2039 MiB, 23028 MiB
2026/02/25 17:40:55.658, 1, NVIDIA A10G, 0 %, 0 %, 1459 MiB, 23028 MiB
2026/02/25 17:40:55.658, 2, NVIDIA A10G, 0 %, 0 %, 1533 MiB, 23028 MiB
2026/02/25 17:40:55.658, 3, NVIDIA A10G, 0 %, 0 %, 1943 MiB, 23028 MiB
2026/02/25 17:40:56.658, 0, NVIDIA A10G, 21 %, 7 %, 2039 MiB, 23028 MiB
2026/02/25 17:40:56.658, 1, NVIDIA A10G, 0 %, 0 %, 1459 MiB, 23028 MiB
2026/02/25 17:40:56.658, 2, NVIDIA A10G, 0 %, 0 %, 1533 MiB, 23028 MiB
2026/02/25 17:40:56.658, 3, NVIDIA A10G, 0 %, 0 %, 1943 MiB, 23028 MiB
2026/02/25 17:40:57.659, 0, NVIDIA A10G, 21 %, 7 %, 2039 MiB, 23028 MiB
2026/02/25 17:40:57.659, 1, NVIDIA A10G, 0 %, 0 %, 1459 MiB, 23028 MiB
2026/02/25 17:40:57.659, 2, NVIDIA A10G, 0 %, 0 %, 1533 MiB, 23028 MiB
2026/02/25 17:40:57.659, 3, NVIDIA A10G, 0 %, 0 %, 1943 MiB, 23028 MiB
2026/02/25 17:40:58.659, 0, NVIDIA A10G, 22 %, 8 %, 2039 MiB, 23028 MiB
2026/02/25 17:40:58.659, 1, NVIDIA A10G, 0 %, 0 %, 1459 MiB, 23028 MiB
2026/02/25 17:40:58.659, 2, NVIDIA A10G, 0 %, 0 %, 1533 MiB, 23028 MiB
2026/02/25 17:40:58.659, 3, NVIDIA A10G, 0 %, 0 %, 1943 MiB, 23028 MiB
2026/02/25 17:40:59.659, 0, NVIDIA A10G, 19 %, 6 %, 2039 MiB, 23028 MiB
2026/02/25 17:40:59.659, 1, NVIDIA A10G, 0 %, 0 %, 1459 MiB, 23028 MiB
2026/02/25 17:40:59.659, 2, NVIDIA A10G, 19 %, 6 %, 1533 MiB, 23028 MiB
2026/02/25 17:40:59.660, 3, NVIDIA A10G, 85 %, 55 %, 1943 MiB, 23028 MiB
2026/02/25 17:41:00.660, 0, NVIDIA A10G, 21 %, 8 %, 2039 MiB, 23028 MiB
2026/02/25 17:41:00.660, 1, NVIDIA A10G, 0 %, 0 %, 1459 MiB, 23028 MiB
2026/02/25 17:41:00.660, 2, NVIDIA A10G, 19 %, 6 %, 1533 MiB, 23028 MiB
2026/02/25 17:41:00.660, 3, NVIDIA A10G, 21 %, 7 %, 1943 MiB, 23028 MiB
2026/02/25 17:41:01.660, 0, NVIDIA A10G, 22 %, 8 %, 2039 MiB, 23028 MiB
2026/02/25 17:41:01.660, 1, NVIDIA A10G, 51 %, 33 %, 2035 MiB, 23028 MiB
2026/02/25 17:41:01.660, 2, NVIDIA A10G, 18 %, 5 %, 1533 MiB, 23028 MiB
2026/02/25 17:41:01.660, 3, NVIDIA A10G, 20 %, 7 %, 1943 MiB, 23028 MiB
2026/02/25 17:41:02.660, 0, NVIDIA A10G, 20 %, 7 %, 2039 MiB, 23028 MiB
2026/02/25 17:41:02.660, 1, NVIDIA A10G, 20 %, 7 %, 2035 MiB, 23028 MiB
2026/02/25 17:41:02.661, 2, NVIDIA A10G, 17 %, 6 %, 1533 MiB, 23028 MiB
2026/02/25 17:41:02.661, 3, NVIDIA A10G, 17 %, 6 %, 1943 MiB, 23028 MiB
2026/02/25 17:41:03.661, 0, NVIDIA A10G, 20 %, 7 %, 2039 MiB, 23028 MiB
2026/02/25 17:41:03.661, 1, NVIDIA A10G, 21 %, 8 %, 2035 MiB, 23028 MiB
2026/02/25 17:41:03.661, 2, NVIDIA A10G, 15 %, 5 %, 1533 MiB, 23028 MiB
2026/02/25 17:41:03.661, 3, NVIDIA A10G, 19 %, 6 %, 1943 MiB, 23028 MiB
2026/02/25 17:41:04.661, 0, NVIDIA A10G, 18 %, 7 %, 2039 MiB, 23028 MiB
2026/02/25 17:41:04.661, 1, NVIDIA A10G, 20 %, 7 %, 2035 MiB, 23028 MiB
2026/02/25 17:41:04.661, 2, NVIDIA A10G, 16 %, 5 %, 1533 MiB, 23028 MiB
2026/02/25 17:41:04.661, 3, NVIDIA A10G, 20 %, 7 %, 1943 MiB, 23028 MiB
2026/02/25 17:41:05.662, 0, NVIDIA A10G, 0 %, 0 %, 2039 MiB, 23028 MiB
2026/02/25 17:41:05.662, 1, NVIDIA A10G, 18 %, 6 %, 2035 MiB, 23028 MiB
2026/02/25 17:41:05.662, 2, NVIDIA A10G, 13 %, 4 %, 1533 MiB, 23028 MiB
2026/02/25 17:41:05.662, 3, NVIDIA A10G, 20 %, 7 %, 1943 MiB, 23028 MiB
2026/02/25 17:41:06.662, 0, NVIDIA A10G, 0 %, 0 %, 2039 MiB, 23028 MiB
2026/02/25 17:41:06.662, 1, NVIDIA A10G, 17 %, 5 %, 2035 MiB, 23028 MiB
2026/02/25 17:41:06.662, 2, NVIDIA A10G, 0 %, 0 %, 1533 MiB, 23028 MiB
2026/02/25 17:41:06.662, 3, NVIDIA A10G, 22 %, 8 %, 1943 MiB, 23028 MiB
2026/02/25 17:41:07.662, 0, NVIDIA A10G, 0 %, 0 %, 2039 MiB, 23028 MiB
2026/02/25 17:41:07.663, 1, NVIDIA A10G, 22 %, 8 %, 2035 MiB, 23028 MiB
2026/02/25 17:41:07.663, 2, NVIDIA A10G, 0 %, 0 %, 1533 MiB, 23028 MiB
2026/02/25 17:41:07.663, 3, NVIDIA A10G, 22 %, 7 %, 1943 MiB, 23028 MiB
2026/02/25 17:41:08.663, 0, NVIDIA A10G, 0 %, 0 %, 2039 MiB, 23028 MiB
2026/02/25 17:41:08.663, 1, NVIDIA A10G, 20 %, 6 %, 2035 MiB, 23028 MiB
2026/02/25 17:41:08.663, 2, NVIDIA A10G, 0 %, 0 %, 1533 MiB, 23028 MiB
2026/02/25 17:41:08.663, 3, NVIDIA A10G, 22 %, 8 %, 1945 MiB, 23028 MiB
2026/02/25 17:41:09.663, 0, NVIDIA A10G, 0 %, 0 %, 2039 MiB, 23028 MiB
2026/02/25 17:41:09.663, 1, NVIDIA A10G, 15 %, 5 %, 2035 MiB, 23028 MiB
2026/02/25 17:41:09.663, 2, NVIDIA A10G, 0 %, 0 %, 1533 MiB, 23028 MiB
2026/02/25 17:41:09.663, 3, NVIDIA A10G, 23 %, 8 %, 1945 MiB, 23028 MiB
2026/02/25 17:41:10.664, 0, NVIDIA A10G, 0 %, 0 %, 2039 MiB, 23028 MiB
2026/02/25 17:41:10.664, 1, NVIDIA A10G, 21 %, 8 %, 2035 MiB, 23028 MiB
2026/02/25 17:41:10.664, 2, NVIDIA A10G, 0 %, 0 %, 1533 MiB, 23028 MiB
2026/02/25 17:41:10.664, 3, NVIDIA A10G, 21 %, 8 %, 1945 MiB, 23028 MiB
2026/02/25 17:41:11.664, 0, NVIDIA A10G, 18 %, 6 %, 2039 MiB, 23028 MiB
2026/02/25 17:41:11.664, 1, NVIDIA A10G, 20 %, 7 %, 2035 MiB, 23028 MiB
2026/02/25 17:41:11.664, 2, NVIDIA A10G, 0 %, 0 %, 1533 MiB, 23028 MiB
2026/02/25 17:41:11.664, 3, NVIDIA A10G, 19 %, 6 %, 1945 MiB, 23028 MiB
2026/02/25 17:41:12.665, 0, NVIDIA A10G, 19 %, 6 %, 2039 MiB, 23028 MiB
2026/02/25 17:41:12.665, 1, NVIDIA A10G, 4 %, 1 %, 2035 MiB, 23028 MiB
2026/02/25 17:41:12.665, 2, NVIDIA A10G, 0 %, 0 %, 1533 MiB, 23028 MiB
2026/02/25 17:41:12.665, 3, NVIDIA A10G, 20 %, 7 %, 1945 MiB, 23028 MiB
2026/02/25 17:41:13.665, 0, NVIDIA A10G, 17 %, 5 %, 2039 MiB, 23028 MiB
2026/02/25 17:41:13.665, 1, NVIDIA A10G, 0 %, 0 %, 2035 MiB, 23028 MiB
2026/02/25 17:41:13.665, 2, NVIDIA A10G, 0 %, 0 %, 1533 MiB, 23028 MiB
2026/02/25 17:41:13.665, 3, NVIDIA A10G, 21 %, 8 %, 1945 MiB, 23028 MiB
2026/02/25 17:41:14.665, 0, NVIDIA A10G, 16 %, 5 %, 2039 MiB, 23028 MiB
2026/02/25 17:41:14.665, 1, NVIDIA A10G, 0 %, 0 %, 2035 MiB, 23028 MiB
2026/02/25 17:41:14.665, 2, NVIDIA A10G, 0 %, 0 %, 1533 MiB, 23028 MiB
2026/02/25 17:41:14.665, 3, NVIDIA A10G, 0 %, 0 %, 1945 MiB, 23028 MiB
2026/02/25 17:41:15.666, 0, NVIDIA A10G, 16 %, 4 %, 2039 MiB, 23028 MiB
2026/02/25 17:41:15.666, 1, NVIDIA A10G, 0 %, 0 %, 2035 MiB, 23028 MiB
2026/02/25 17:41:15.666, 2, NVIDIA A10G, 0 %, 0 %, 1533 MiB, 23028 MiB
2026/02/25 17:41:15.666, 3, NVIDIA A10G, 0 %, 0 %, 1945 MiB, 23028 MiB
2026/02/25 17:41:16.666, 0, NVIDIA A10G, 17 %, 6 %, 2039 MiB, 23028 MiB
2026/02/25 17:41:16.666, 1, NVIDIA A10G, 0 %, 0 %, 2035 MiB, 23028 MiB
2026/02/25 17:41:16.666, 2, NVIDIA A10G, 0 %, 0 %, 1533 MiB, 23028 MiB
2026/02/25 17:41:16.666, 3, NVIDIA A10G, 0 %, 0 %, 1945 MiB, 23028 MiB
2026/02/25 17:41:17.666, 0, NVIDIA A10G, 19 %, 6 %, 2039 MiB, 23028 MiB
2026/02/25 17:41:17.666, 1, NVIDIA A10G, 0 %, 0 %, 2035 MiB, 23028 MiB
2026/02/25 17:41:17.666, 2, NVIDIA A10G, 0 %, 0 %, 1533 MiB, 23028 MiB
2026/02/25 17:41:17.667, 3, NVIDIA A10G, 0 %, 0 %, 1945 MiB, 23028 MiB
2026/02/25 17:41:18.667, 0, NVIDIA A10G, 0 %, 0 %, 2039 MiB, 23028 MiB
2026/02/25 17:41:18.667, 1, NVIDIA A10G, 0 %, 0 %, 2035 MiB, 23028 MiB
2026/02/25 17:41:18.667, 2, NVIDIA A10G, 22 %, 8 %, 1533 MiB, 23028 MiB
2026/02/25 17:41:18.667, 3, NVIDIA A10G, 0 %, 0 %, 1945 MiB, 23028 MiB
2026/02/25 17:41:19.667, 0, NVIDIA A10G, 0 %, 0 %, 2039 MiB, 23028 MiB
2026/02/25 17:41:19.667, 1, NVIDIA A10G, 82 %, 57 %, 2035 MiB, 23028 MiB
2026/02/25 17:41:19.667, 2, NVIDIA A10G, 23 %, 8 %, 1533 MiB, 23028 MiB
2026/02/25 17:41:19.667, 3, NVIDIA A10G, 0 %, 0 %, 1945 MiB, 23028 MiB
2026/02/25 17:41:20.667, 0, NVIDIA A10G, 0 %, 0 %, 2039 MiB, 23028 MiB
2026/02/25 17:41:20.668, 1, NVIDIA A10G, 19 %, 6 %, 2035 MiB, 23028 MiB
2026/02/25 17:41:20.668, 2, NVIDIA A10G, 22 %, 8 %, 1533 MiB, 23028 MiB
2026/02/25 17:41:20.668, 3, NVIDIA A10G, 0 %, 0 %, 1945 MiB, 23028 MiB
2026/02/25 17:41:21.668, 0, NVIDIA A10G, 0 %, 0 %, 2039 MiB, 23028 MiB
2026/02/25 17:41:21.668, 1, NVIDIA A10G, 19 %, 6 %, 2035 MiB, 23028 MiB
2026/02/25 17:41:21.668, 2, NVIDIA A10G, 16 %, 5 %, 1533 MiB, 23028 MiB
2026/02/25 17:41:21.668, 3, NVIDIA A10G, 0 %, 0 %, 1945 MiB, 23028 MiB
2026/02/25 17:41:22.668, 0, NVIDIA A10G, 0 %, 0 %, 2039 MiB, 23028 MiB
2026/02/25 17:41:22.668, 1, NVIDIA A10G, 17 %, 5 %, 2035 MiB, 23028 MiB
2026/02/25 17:41:22.668, 2, NVIDIA A10G, 20 %, 6 %, 1533 MiB, 23028 MiB
2026/02/25 17:41:22.668, 3, NVIDIA A10G, 0 %, 0 %, 1945 MiB, 23028 MiB
2026/02/25 17:41:23.669, 0, NVIDIA A10G, 0 %, 0 %, 2039 MiB, 23028 MiB
2026/02/25 17:41:23.669, 1, NVIDIA A10G, 19 %, 6 %, 2035 MiB, 23028 MiB
2026/02/25 17:41:23.669, 2, NVIDIA A10G, 19 %, 7 %, 1533 MiB, 23028 MiB
2026/02/25 17:41:23.669, 3, NVIDIA A10G, 0 %, 0 %, 1945 MiB, 23028 MiB
2026/02/25 17:41:24.669, 0, NVIDIA A10G, 0 %, 0 %, 2039 MiB, 23028 MiB
2026/02/25 17:41:24.669, 1, NVIDIA A10G, 20 %, 7 %, 2035 MiB, 23028 MiB
2026/02/25 17:41:24.669, 2, NVIDIA A10G, 21 %, 7 %, 1533 MiB, 23028 MiB
2026/02/25 17:41:24.669, 3, NVIDIA A10G, 0 %, 0 %, 1945 MiB, 23028 MiB
2026/02/25 17:41:25.669, 0, NVIDIA A10G, 0 %, 0 %, 2039 MiB, 23028 MiB
2026/02/25 17:41:25.669, 1, NVIDIA A10G, 18 %, 6 %, 2035 MiB, 23028 MiB
2026/02/25 17:41:25.670, 2, NVIDIA A10G, 18 %, 6 %, 1533 MiB, 23028 MiB
2026/02/25 17:41:25.670, 3, NVIDIA A10G, 84 %, 55 %, 1945 MiB, 23028 MiB
2026/02/25 17:41:26.670, 0, NVIDIA A10G, 0 %, 0 %, 2039 MiB, 23028 MiB
2026/02/25 17:41:26.670, 1, NVIDIA A10G, 20 %, 7 %, 2035 MiB, 23028 MiB
2026/02/25 17:41:26.670, 2, NVIDIA A10G, 17 %, 5 %, 1533 MiB, 23028 MiB
2026/02/25 17:41:26.670, 3, NVIDIA A10G, 20 %, 7 %, 1945 MiB, 23028 MiB
2026/02/25 17:41:27.670, 0, NVIDIA A10G, 0 %, 0 %, 2039 MiB, 23028 MiB
2026/02/25 17:41:27.670, 1, NVIDIA A10G, 15 %, 5 %, 2035 MiB, 23028 MiB
2026/02/25 17:41:27.670, 2, NVIDIA A10G, 21 %, 7 %, 1533 MiB, 23028 MiB
2026/02/25 17:41:27.670, 3, NVIDIA A10G, 18 %, 6 %, 1945 MiB, 23028 MiB
2026/02/25 17:41:28.671, 0, NVIDIA A10G, 18 %, 6 %, 2039 MiB, 23028 MiB
2026/02/25 17:41:28.671, 1, NVIDIA A10G, 0 %, 0 %, 2035 MiB, 23028 MiB
2026/02/25 17:41:28.671, 2, NVIDIA A10G, 21 %, 7 %, 1533 MiB, 23028 MiB
2026/02/25 17:41:28.671, 3, NVIDIA A10G, 17 %, 6 %, 1945 MiB, 23028 MiB
2026/02/25 17:41:29.671, 0, NVIDIA A10G, 23 %, 9 %, 2039 MiB, 23028 MiB
2026/02/25 17:41:29.671, 1, NVIDIA A10G, 0 %, 0 %, 2035 MiB, 23028 MiB
2026/02/25 17:41:29.671, 2, NVIDIA A10G, 20 %, 7 %, 1533 MiB, 23028 MiB
2026/02/25 17:41:29.671, 3, NVIDIA A10G, 18 %, 6 %, 1945 MiB, 23028 MiB
2026/02/25 17:41:30.671, 0, NVIDIA A10G, 19 %, 6 %, 2041 MiB, 23028 MiB
2026/02/25 17:41:30.671, 1, NVIDIA A10G, 0 %, 0 %, 2035 MiB, 23028 MiB
2026/02/25 17:41:30.671, 2, NVIDIA A10G, 19 %, 6 %, 1533 MiB, 23028 MiB
2026/02/25 17:41:30.672, 3, NVIDIA A10G, 19 %, 7 %, 1945 MiB, 23028 MiB
2026/02/25 17:41:31.672, 0, NVIDIA A10G, 16 %, 5 %, 2041 MiB, 23028 MiB
2026/02/25 17:41:31.672, 1, NVIDIA A10G, 15 %, 8 %, 2035 MiB, 23028 MiB
2026/02/25 17:41:31.672, 2, NVIDIA A10G, 9 %, 3 %, 1533 MiB, 23028 MiB
2026/02/25 17:41:31.672, 3, NVIDIA A10G, 20 %, 7 %, 1945 MiB, 23028 MiB
2026/02/25 17:41:32.673, 0, NVIDIA A10G, 22 %, 8 %, 2041 MiB, 23028 MiB
2026/02/25 17:41:32.673, 1, NVIDIA A10G, 21 %, 7 %, 2035 MiB, 23028 MiB
2026/02/25 17:41:32.673, 2, NVIDIA A10G, 0 %, 0 %, 1533 MiB, 23028 MiB
2026/02/25 17:41:32.674, 3, NVIDIA A10G, 18 %, 6 %, 1945 MiB, 23028 MiB
2026/02/25 17:41:33.674, 0, NVIDIA A10G, 17 %, 5 %, 2041 MiB, 23028 MiB
2026/02/25 17:41:33.674, 1, NVIDIA A10G, 17 %, 6 %, 2035 MiB, 23028 MiB
2026/02/25 17:41:33.674, 2, NVIDIA A10G, 0 %, 0 %, 1533 MiB, 23028 MiB
2026/02/25 17:41:33.674, 3, NVIDIA A10G, 21 %, 7 %, 1945 MiB, 23028 MiB
2026/02/25 17:41:34.674, 0, NVIDIA A10G, 20 %, 7 %, 2041 MiB, 23028 MiB
2026/02/25 17:41:34.674, 1, NVIDIA A10G, 16 %, 5 %, 2035 MiB, 23028 MiB
2026/02/25 17:41:34.674, 2, NVIDIA A10G, 0 %, 0 %, 1533 MiB, 23028 MiB
2026/02/25 17:41:34.674, 3, NVIDIA A10G, 19 %, 7 %, 1945 MiB, 23028 MiB
2026/02/25 17:41:35.674, 0, NVIDIA A10G, 21 %, 8 %, 2041 MiB, 23028 MiB
2026/02/25 17:41:35.675, 1, NVIDIA A10G, 13 %, 4 %, 2035 MiB, 23028 MiB
2026/02/25 17:41:35.675, 2, NVIDIA A10G, 0 %, 0 %, 1533 MiB, 23028 MiB
2026/02/25 17:41:35.675, 3, NVIDIA A10G, 19 %, 6 %, 1945 MiB, 23028 MiB
2026/02/25 17:41:36.675, 0, NVIDIA A10G, 22 %, 8 %, 2041 MiB, 23028 MiB
2026/02/25 17:41:36.675, 1, NVIDIA A10G, 0 %, 0 %, 2035 MiB, 23028 MiB
2026/02/25 17:41:36.675, 2, NVIDIA A10G, 0 %, 0 %, 1533 MiB, 23028 MiB
2026/02/25 17:41:36.675, 3, NVIDIA A10G, 19 %, 6 %, 1945 MiB, 23028 MiB
2026/02/25 17:41:37.675, 0, NVIDIA A10G, 11 %, 3 %, 2041 MiB, 23028 MiB
2026/02/25 17:41:37.676, 1, NVIDIA A10G, 0 %, 0 %, 2035 MiB, 23028 MiB
2026/02/25 17:41:37.676, 2, NVIDIA A10G, 0 %, 0 %, 1533 MiB, 23028 MiB
2026/02/25 17:41:37.676, 3, NVIDIA A10G, 22 %, 8 %, 1945 MiB, 23028 MiB
2026/02/25 17:41:38.676, 0, NVIDIA A10G, 0 %, 0 %, 2041 MiB, 23028 MiB
2026/02/25 17:41:38.676, 1, NVIDIA A10G, 0 %, 0 %, 2035 MiB, 23028 MiB
2026/02/25 17:41:38.676, 2, NVIDIA A10G, 85 %, 57 %, 1533 MiB, 23028 MiB
2026/02/25 17:41:38.676, 3, NVIDIA A10G, 5 %, 2 %, 1945 MiB, 23028 MiB
2026/02/25 17:41:39.676, 0, NVIDIA A10G, 0 %, 0 %, 2041 MiB, 23028 MiB
2026/02/25 17:41:39.676, 1, NVIDIA A10G, 0 %, 0 %, 2035 MiB, 23028 MiB
2026/02/25 17:41:39.676, 2, NVIDIA A10G, 20 %, 7 %, 1533 MiB, 23028 MiB
2026/02/25 17:41:39.676, 3, NVIDIA A10G, 0 %, 0 %, 1945 MiB, 23028 MiB
2026/02/25 17:41:40.677, 0, NVIDIA A10G, 0 %, 0 %, 2041 MiB, 23028 MiB
2026/02/25 17:41:40.677, 1, NVIDIA A10G, 0 %, 0 %, 2035 MiB, 23028 MiB
2026/02/25 17:41:40.677, 2, NVIDIA A10G, 22 %, 7 %, 1533 MiB, 23028 MiB
2026/02/25 17:41:40.677, 3, NVIDIA A10G, 0 %, 0 %, 1945 MiB, 23028 MiB
2026/02/25 17:41:41.677, 0, NVIDIA A10G, 0 %, 0 %, 2041 MiB, 23028 MiB
2026/02/25 17:41:41.677, 1, NVIDIA A10G, 21 %, 7 %, 2035 MiB, 23028 MiB
2026/02/25 17:41:41.677, 2, NVIDIA A10G, 19 %, 7 %, 1533 MiB, 23028 MiB
2026/02/25 17:41:41.677, 3, NVIDIA A10G, 0 %, 0 %, 1949 MiB, 23028 MiB
2026/02/25 17:41:42.677, 0, NVIDIA A10G, 0 %, 0 %, 2041 MiB, 23028 MiB
2026/02/25 17:41:42.677, 1, NVIDIA A10G, 19 %, 7 %, 2035 MiB, 23028 MiB
2026/02/25 17:41:42.678, 2, NVIDIA A10G, 21 %, 8 %, 1533 MiB, 23028 MiB
2026/02/25 17:41:42.678, 3, NVIDIA A10G, 18 %, 6 %, 1949 MiB, 23028 MiB
2026/02/25 17:41:43.678, 0, NVIDIA A10G, 0 %, 0 %, 2041 MiB, 23028 MiB
2026/02/25 17:41:43.678, 1, NVIDIA A10G, 18 %, 6 %, 2035 MiB, 23028 MiB
2026/02/25 17:41:43.678, 2, NVIDIA A10G, 21 %, 8 %, 1533 MiB, 23028 MiB
2026/02/25 17:41:43.678, 3, NVIDIA A10G, 20 %, 6 %, 1949 MiB, 23028 MiB
2026/02/25 17:41:44.678, 0, NVIDIA A10G, 0 %, 0 %, 2041 MiB, 23028 MiB
2026/02/25 17:41:44.678, 1, NVIDIA A10G, 22 %, 8 %, 2035 MiB, 23028 MiB
2026/02/25 17:41:44.678, 2, NVIDIA A10G, 19 %, 7 %, 1533 MiB, 23028 MiB
2026/02/25 17:41:44.678, 3, NVIDIA A10G, 21 %, 7 %, 1949 MiB, 23028 MiB
2026/02/25 17:41:45.679, 0, NVIDIA A10G, 0 %, 0 %, 2041 MiB, 23028 MiB
2026/02/25 17:41:45.679, 1, NVIDIA A10G, 17 %, 5 %, 2035 MiB, 23028 MiB
2026/02/25 17:41:45.679, 2, NVIDIA A10G, 22 %, 8 %, 1533 MiB, 23028 MiB
2026/02/25 17:41:45.679, 3, NVIDIA A10G, 19 %, 6 %, 1949 MiB, 23028 MiB
2026/02/25 17:41:46.679, 0, NVIDIA A10G, 0 %, 0 %, 2041 MiB, 23028 MiB
2026/02/25 17:41:46.679, 1, NVIDIA A10G, 21 %, 7 %, 2035 MiB, 23028 MiB
2026/02/25 17:41:46.679, 2, NVIDIA A10G, 0 %, 0 %, 1533 MiB, 23028 MiB
2026/02/25 17:41:46.679, 3, NVIDIA A10G, 0 %, 0 %, 1949 MiB, 23028 MiB
2026/02/25 17:41:47.679, 0, NVIDIA A10G, 20 %, 7 %, 2041 MiB, 23028 MiB
2026/02/25 17:41:47.679, 1, NVIDIA A10G, 0 %, 0 %, 2035 MiB, 23028 MiB
2026/02/25 17:41:47.680, 2, NVIDIA A10G, 0 %, 0 %, 1533 MiB, 23028 MiB
2026/02/25 17:41:47.680, 3, NVIDIA A10G, 0 %, 0 %, 1949 MiB, 23028 MiB
2026/02/25 17:41:48.680, 0, NVIDIA A10G, 18 %, 6 %, 2041 MiB, 23028 MiB
2026/02/25 17:41:48.680, 1, NVIDIA A10G, 0 %, 0 %, 2035 MiB, 23028 MiB
2026/02/25 17:41:48.680, 2, NVIDIA A10G, 0 %, 0 %, 1533 MiB, 23028 MiB
2026/02/25 17:41:48.680, 3, NVIDIA A10G, 0 %, 0 %, 1949 MiB, 23028 MiB
2026/02/25 17:41:49.680, 0, NVIDIA A10G, 19 %, 6 %, 2041 MiB, 23028 MiB
2026/02/25 17:41:49.680, 1, NVIDIA A10G, 0 %, 0 %, 2035 MiB, 23028 MiB
2026/02/25 17:41:49.680, 2, NVIDIA A10G, 0 %, 0 %, 1533 MiB, 23028 MiB
2026/02/25 17:41:49.680, 3, NVIDIA A10G, 0 %, 0 %, 1949 MiB, 23028 MiB
2026/02/25 17:41:50.680, 0, NVIDIA A10G, 22 %, 7 %, 2041 MiB, 23028 MiB
2026/02/25 17:41:50.681, 1, NVIDIA A10G, 0 %, 0 %, 2035 MiB, 23028 MiB
2026/02/25 17:41:50.681, 2, NVIDIA A10G, 0 %, 0 %, 1533 MiB, 23028 MiB
2026/02/25 17:41:50.681, 3, NVIDIA A10G, 0 %, 0 %, 1949 MiB, 23028 MiB
2026/02/25 17:41:51.681, 0, NVIDIA A10G, 22 %, 7 %, 2041 MiB, 23028 MiB
2026/02/25 17:41:51.681, 1, NVIDIA A10G, 0 %, 0 %, 2035 MiB, 23028 MiB
2026/02/25 17:41:51.681, 2, NVIDIA A10G, 0 %, 0 %, 1533 MiB, 23028 MiB
2026/02/25 17:41:51.681, 3, NVIDIA A10G, 0 %, 0 %, 1949 MiB, 23028 MiB
2026/02/25 17:41:52.681, 0, NVIDIA A10G, 19 %, 6 %, 2041 MiB, 23028 MiB
2026/02/25 17:41:52.681, 1, NVIDIA A10G, 0 %, 0 %, 2035 MiB, 23028 MiB
2026/02/25 17:41:52.681, 2, NVIDIA A10G, 39 %, 27 %, 1533 MiB, 23028 MiB
2026/02/25 17:41:52.681, 3, NVIDIA A10G, 0 %, 0 %, 1949 MiB, 23028 MiB
2026/02/25 17:41:53.681, 0, NVIDIA A10G, 19 %, 6 %, 2041 MiB, 23028 MiB
2026/02/25 17:41:53.682, 1, NVIDIA A10G, 0 %, 0 %, 2035 MiB, 23028 MiB
2026/02/25 17:41:53.682, 2, NVIDIA A10G, 21 %, 7 %, 1533 MiB, 23028 MiB
2026/02/25 17:41:53.682, 3, NVIDIA A10G, 0 %, 0 %, 1949 MiB, 23028 MiB
2026/02/25 17:41:54.682, 0, NVIDIA A10G, 20 %, 7 %, 2041 MiB, 23028 MiB
2026/02/25 17:41:54.682, 1, NVIDIA A10G, 0 %, 0 %, 2035 MiB, 23028 MiB
2026/02/25 17:41:54.682, 2, NVIDIA A10G, 22 %, 7 %, 1533 MiB, 23028 MiB
2026/02/25 17:41:54.682, 3, NVIDIA A10G, 0 %, 0 %, 1949 MiB, 23028 MiB
2026/02/25 17:41:55.682, 0, NVIDIA A10G, 20 %, 7 %, 2041 MiB, 23028 MiB
2026/02/25 17:41:55.682, 1, NVIDIA A10G, 78 %, 48 %, 2035 MiB, 23028 MiB
2026/02/25 17:41:55.682, 2, NVIDIA A10G, 19 %, 6 %, 1533 MiB, 23028 MiB
2026/02/25 17:41:55.682, 3, NVIDIA A10G, 0 %, 0 %, 1949 MiB, 23028 MiB
2026/02/25 17:41:56.683, 0, NVIDIA A10G, 14 %, 5 %, 2041 MiB, 23028 MiB
2026/02/25 17:41:56.683, 1, NVIDIA A10G, 19 %, 6 %, 2035 MiB, 23028 MiB
2026/02/25 17:41:56.683, 2, NVIDIA A10G, 17 %, 6 %, 1533 MiB, 23028 MiB
2026/02/25 17:41:56.683, 3, NVIDIA A10G, 0 %, 0 %, 1949 MiB, 23028 MiB
2026/02/25 17:41:57.683, 0, NVIDIA A10G, 0 %, 0 %, 2041 MiB, 23028 MiB
2026/02/25 17:41:57.683, 1, NVIDIA A10G, 20 %, 7 %, 2035 MiB, 23028 MiB
2026/02/25 17:41:57.683, 2, NVIDIA A10G, 19 %, 6 %, 1533 MiB, 23028 MiB
2026/02/25 17:41:57.683, 3, NVIDIA A10G, 20 %, 7 %, 1949 MiB, 23028 MiB
2026/02/25 17:41:58.683, 0, NVIDIA A10G, 0 %, 0 %, 2041 MiB, 23028 MiB
2026/02/25 17:41:58.683, 1, NVIDIA A10G, 20 %, 7 %, 2035 MiB, 23028 MiB
2026/02/25 17:41:58.684, 2, NVIDIA A10G, 18 %, 6 %, 1533 MiB, 23028 MiB
2026/02/25 17:41:58.684, 3, NVIDIA A10G, 20 %, 7 %, 1949 MiB, 23028 MiB
2026/02/25 17:41:59.684, 0, NVIDIA A10G, 0 %, 0 %, 2041 MiB, 23028 MiB
2026/02/25 17:41:59.684, 1, NVIDIA A10G, 18 %, 5 %, 2035 MiB, 23028 MiB
2026/02/25 17:41:59.684, 2, NVIDIA A10G, 20 %, 7 %, 1533 MiB, 23028 MiB
2026/02/25 17:41:59.684, 3, NVIDIA A10G, 18 %, 6 %, 1949 MiB, 23028 MiB
2026/02/25 17:42:00.684, 0, NVIDIA A10G, 0 %, 0 %, 2041 MiB, 23028 MiB
2026/02/25 17:42:00.684, 1, NVIDIA A10G, 21 %, 7 %, 2035 MiB, 23028 MiB
2026/02/25 17:42:00.684, 2, NVIDIA A10G, 0 %, 0 %, 1533 MiB, 23028 MiB
2026/02/25 17:42:00.684, 3, NVIDIA A10G, 21 %, 7 %, 1949 MiB, 23028 MiB
2026/02/25 17:42:01.684, 0, NVIDIA A10G, 0 %, 0 %, 2041 MiB, 23028 MiB
2026/02/25 17:42:01.685, 1, NVIDIA A10G, 20 %, 7 %, 2035 MiB, 23028 MiB
2026/02/25 17:42:01.685, 2, NVIDIA A10G, 0 %, 0 %, 1533 MiB, 23028 MiB
2026/02/25 17:42:01.685, 3, NVIDIA A10G, 20 %, 7 %, 1949 MiB, 23028 MiB
2026/02/25 17:42:02.685, 0, NVIDIA A10G, 0 %, 0 %, 2041 MiB, 23028 MiB
2026/02/25 17:42:02.685, 1, NVIDIA A10G, 17 %, 5 %, 2035 MiB, 23028 MiB
2026/02/25 17:42:02.685, 2, NVIDIA A10G, 0 %, 0 %, 1533 MiB, 23028 MiB
2026/02/25 17:42:02.685, 3, NVIDIA A10G, 16 %, 5 %, 1949 MiB, 23028 MiB
2026/02/25 17:42:03.685, 0, NVIDIA A10G, 0 %, 0 %, 2041 MiB, 23028 MiB
2026/02/25 17:42:03.685, 1, NVIDIA A10G, 18 %, 6 %, 2035 MiB, 23028 MiB
2026/02/25 17:42:03.685, 2, NVIDIA A10G, 0 %, 0 %, 1533 MiB, 23028 MiB
2026/02/25 17:42:03.686, 3, NVIDIA A10G, 21 %, 7 %, 1949 MiB, 23028 MiB
2026/02/25 17:42:04.686, 0, NVIDIA A10G, 0 %, 0 %, 2041 MiB, 23028 MiB
2026/02/25 17:42:04.686, 1, NVIDIA A10G, 20 %, 6 %, 2035 MiB, 23028 MiB
2026/02/25 17:42:04.686, 2, NVIDIA A10G, 0 %, 0 %, 1533 MiB, 23028 MiB
2026/02/25 17:42:04.686, 3, NVIDIA A10G, 20 %, 7 %, 1949 MiB, 23028 MiB
2026/02/25 17:42:05.686, 0, NVIDIA A10G, 0 %, 0 %, 2041 MiB, 23028 MiB
2026/02/25 17:42:05.686, 1, NVIDIA A10G, 21 %, 7 %, 2035 MiB, 23028 MiB
2026/02/25 17:42:05.686, 2, NVIDIA A10G, 0 %, 0 %, 1533 MiB, 23028 MiB
2026/02/25 17:42:05.686, 3, NVIDIA A10G, 19 %, 6 %, 1949 MiB, 23028 MiB
2026/02/25 17:42:06.686, 0, NVIDIA A10G, 14 %, 8 %, 2041 MiB, 23028 MiB
2026/02/25 17:42:06.687, 1, NVIDIA A10G, 0 %, 0 %, 2035 MiB, 23028 MiB
2026/02/25 17:42:06.687, 2, NVIDIA A10G, 0 %, 0 %, 1533 MiB, 23028 MiB
2026/02/25 17:42:06.687, 3, NVIDIA A10G, 21 %, 7 %, 1949 MiB, 23028 MiB
2026/02/25 17:42:07.687, 0, NVIDIA A10G, 19 %, 7 %, 2041 MiB, 23028 MiB
2026/02/25 17:42:07.687, 1, NVIDIA A10G, 0 %, 0 %, 2035 MiB, 23028 MiB
2026/02/25 17:42:07.687, 2, NVIDIA A10G, 21 %, 7 %, 1533 MiB, 23028 MiB
2026/02/25 17:42:07.687, 3, NVIDIA A10G, 20 %, 7 %, 1949 MiB, 23028 MiB
2026/02/25 17:42:08.687, 0, NVIDIA A10G, 19 %, 7 %, 2041 MiB, 23028 MiB
2026/02/25 17:42:08.687, 1, NVIDIA A10G, 0 %, 0 %, 2035 MiB, 23028 MiB
2026/02/25 17:42:08.688, 2, NVIDIA A10G, 21 %, 7 %, 1533 MiB, 23028 MiB
2026/02/25 17:42:08.688, 3, NVIDIA A10G, 16 %, 6 %, 1949 MiB, 23028 MiB
2026/02/25 17:42:09.688, 0, NVIDIA A10G, 19 %, 6 %, 2041 MiB, 23028 MiB
2026/02/25 17:42:09.688, 1, NVIDIA A10G, 0 %, 0 %, 2035 MiB, 23028 MiB
2026/02/25 17:42:09.688, 2, NVIDIA A10G, 19 %, 7 %, 1533 MiB, 23028 MiB
2026/02/25 17:42:09.688, 3, NVIDIA A10G, 0 %, 0 %, 1949 MiB, 23028 MiB
2026/02/25 17:42:10.688, 0, NVIDIA A10G, 15 %, 5 %, 2041 MiB, 23028 MiB
2026/02/25 17:42:10.688, 1, NVIDIA A10G, 0 %, 0 %, 2035 MiB, 23028 MiB
2026/02/25 17:42:10.688, 2, NVIDIA A10G, 21 %, 7 %, 1533 MiB, 23028 MiB
2026/02/25 17:42:10.688, 3, NVIDIA A10G, 0 %, 0 %, 1949 MiB, 23028 MiB
2026/02/25 17:42:11.689, 0, NVIDIA A10G, 20 %, 6 %, 2041 MiB, 23028 MiB
2026/02/25 17:42:11.689, 1, NVIDIA A10G, 0 %, 0 %, 2035 MiB, 23028 MiB
2026/02/25 17:42:11.689, 2, NVIDIA A10G, 21 %, 7 %, 1533 MiB, 23028 MiB
2026/02/25 17:42:11.689, 3, NVIDIA A10G, 0 %, 0 %, 1949 MiB, 23028 MiB
2026/02/25 17:42:12.689, 0, NVIDIA A10G, 22 %, 7 %, 2041 MiB, 23028 MiB
2026/02/25 17:42:12.689, 1, NVIDIA A10G, 0 %, 0 %, 2035 MiB, 23028 MiB
2026/02/25 17:42:12.689, 2, NVIDIA A10G, 19 %, 6 %, 1533 MiB, 23028 MiB
2026/02/25 17:42:12.689, 3, NVIDIA A10G, 0 %, 0 %, 1949 MiB, 23028 MiB
2026/02/25 17:42:13.689, 0, NVIDIA A10G, 21 %, 7 %, 2041 MiB, 23028 MiB
2026/02/25 17:42:13.689, 1, NVIDIA A10G, 0 %, 0 %, 2035 MiB, 23028 MiB
2026/02/25 17:42:13.690, 2, NVIDIA A10G, 16 %, 5 %, 1533 MiB, 23028 MiB
2026/02/25 17:42:13.690, 3, NVIDIA A10G, 0 %, 0 %, 1949 MiB, 23028 MiB
2026/02/25 17:42:14.690, 0, NVIDIA A10G, 23 %, 8 %, 2041 MiB, 23028 MiB
2026/02/25 17:42:14.690, 1, NVIDIA A10G, 0 %, 0 %, 2037 MiB, 23028 MiB
2026/02/25 17:42:14.690, 2, NVIDIA A10G, 0 %, 0 %, 1533 MiB, 23028 MiB
2026/02/25 17:42:14.690, 3, NVIDIA A10G, 0 %, 0 %, 1949 MiB, 23028 MiB
2026/02/25 17:42:15.690, 0, NVIDIA A10G, 21 %, 7 %, 2041 MiB, 23028 MiB
2026/02/25 17:42:15.690, 1, NVIDIA A10G, 21 %, 7 %, 2037 MiB, 23028 MiB
2026/02/25 17:42:15.690, 2, NVIDIA A10G, 0 %, 0 %, 1533 MiB, 23028 MiB
2026/02/25 17:42:15.690, 3, NVIDIA A10G, 0 %, 0 %, 1949 MiB, 23028 MiB
2026/02/25 17:42:16.690, 0, NVIDIA A10G, 21 %, 7 %, 2041 MiB, 23028 MiB
2026/02/25 17:42:16.691, 1, NVIDIA A10G, 20 %, 7 %, 2037 MiB, 23028 MiB
2026/02/25 17:42:16.691, 2, NVIDIA A10G, 0 %, 0 %, 1533 MiB, 23028 MiB
2026/02/25 17:42:16.691, 3, NVIDIA A10G, 84 %, 56 %, 1949 MiB, 23028 MiB
2026/02/25 17:42:17.691, 0, NVIDIA A10G, 18 %, 7 %, 2041 MiB, 23028 MiB
2026/02/25 17:42:17.691, 1, NVIDIA A10G, 19 %, 7 %, 2037 MiB, 23028 MiB
2026/02/25 17:42:17.691, 2, NVIDIA A10G, 0 %, 0 %, 1533 MiB, 23028 MiB
2026/02/25 17:42:17.691, 3, NVIDIA A10G, 16 %, 6 %, 1949 MiB, 23028 MiB
2026/02/25 17:42:18.691, 0, NVIDIA A10G, 0 %, 0 %, 2041 MiB, 23028 MiB
2026/02/25 17:42:18.692, 1, NVIDIA A10G, 22 %, 7 %, 2037 MiB, 23028 MiB
2026/02/25 17:42:18.692, 2, NVIDIA A10G, 0 %, 0 %, 1533 MiB, 23028 MiB
2026/02/25 17:42:18.692, 3, NVIDIA A10G, 17 %, 6 %, 1949 MiB, 23028 MiB
2026/02/25 17:42:19.692, 0, NVIDIA A10G, 0 %, 0 %, 2041 MiB, 23028 MiB
2026/02/25 17:42:19.692, 1, NVIDIA A10G, 21 %, 7 %, 2037 MiB, 23028 MiB
2026/02/25 17:42:19.692, 2, NVIDIA A10G, 0 %, 0 %, 1533 MiB, 23028 MiB
2026/02/25 17:42:19.692, 3, NVIDIA A10G, 22 %, 8 %, 1949 MiB, 23028 MiB
2026/02/25 17:42:20.692, 0, NVIDIA A10G, 0 %, 0 %, 2041 MiB, 23028 MiB
2026/02/25 17:42:20.692, 1, NVIDIA A10G, 22 %, 8 %, 2037 MiB, 23028 MiB
2026/02/25 17:42:20.693, 2, NVIDIA A10G, 0 %, 0 %, 1725 MiB, 23028 MiB
2026/02/25 17:42:20.693, 3, NVIDIA A10G, 21 %, 7 %, 1949 MiB, 23028 MiB
2026/02/25 17:42:21.693, 0, NVIDIA A10G, 0 %, 0 %, 2041 MiB, 23028 MiB
2026/02/25 17:42:21.693, 1, NVIDIA A10G, 22 %, 7 %, 2037 MiB, 23028 MiB
2026/02/25 17:42:21.693, 2, NVIDIA A10G, 18 %, 6 %, 1725 MiB, 23028 MiB
2026/02/25 17:42:21.693, 3, NVIDIA A10G, 20 %, 7 %, 1949 MiB, 23028 MiB
2026/02/25 17:42:22.693, 0, NVIDIA A10G, 0 %, 0 %, 2041 MiB, 23028 MiB
2026/02/25 17:42:22.693, 1, NVIDIA A10G, 0 %, 0 %, 2037 MiB, 23028 MiB
2026/02/25 17:42:22.693, 2, NVIDIA A10G, 15 %, 4 %, 1725 MiB, 23028 MiB
2026/02/25 17:42:22.693, 3, NVIDIA A10G, 20 %, 7 %, 1949 MiB, 23028 MiB
2026/02/25 17:42:23.693, 0, NVIDIA A10G, 0 %, 0 %, 2041 MiB, 23028 MiB
2026/02/25 17:42:23.694, 1, NVIDIA A10G, 0 %, 0 %, 2037 MiB, 23028 MiB
2026/02/25 17:42:23.694, 2, NVIDIA A10G, 17 %, 5 %, 1725 MiB, 23028 MiB
2026/02/25 17:42:23.694, 3, NVIDIA A10G, 22 %, 8 %, 1949 MiB, 23028 MiB
2026/02/25 17:42:24.694, 0, NVIDIA A10G, 0 %, 0 %, 2041 MiB, 23028 MiB
2026/02/25 17:42:24.694, 1, NVIDIA A10G, 0 %, 0 %, 2037 MiB, 23028 MiB
2026/02/25 17:42:24.694, 2, NVIDIA A10G, 20 %, 7 %, 1725 MiB, 23028 MiB
2026/02/25 17:42:24.694, 3, NVIDIA A10G, 22 %, 8 %, 1949 MiB, 23028 MiB
2026/02/25 17:42:25.694, 0, NVIDIA A10G, 0 %, 0 %, 2041 MiB, 23028 MiB
2026/02/25 17:42:25.694, 1, NVIDIA A10G, 0 %, 0 %, 2037 MiB, 23028 MiB
2026/02/25 17:42:25.694, 2, NVIDIA A10G, 14 %, 4 %, 1725 MiB, 23028 MiB
2026/02/25 17:42:25.694, 3, NVIDIA A10G, 19 %, 6 %, 1949 MiB, 23028 MiB
2026/02/25 17:42:26.694, 0, NVIDIA A10G, 0 %, 0 %, 2041 MiB, 23028 MiB
2026/02/25 17:42:26.695, 1, NVIDIA A10G, 0 %, 0 %, 2037 MiB, 23028 MiB
2026/02/25 17:42:26.695, 2, NVIDIA A10G, 21 %, 7 %, 1725 MiB, 23028 MiB
2026/02/25 17:42:26.695, 3, NVIDIA A10G, 0 %, 0 %, 1949 MiB, 23028 MiB
2026/02/25 17:42:27.695, 0, NVIDIA A10G, 0 %, 0 %, 2041 MiB, 23028 MiB
2026/02/25 17:42:27.695, 1, NVIDIA A10G, 0 %, 0 %, 2037 MiB, 23028 MiB
2026/02/25 17:42:27.695, 2, NVIDIA A10G, 20 %, 7 %, 1725 MiB, 23028 MiB
2026/02/25 17:42:27.695, 3, NVIDIA A10G, 0 %, 0 %, 1949 MiB, 23028 MiB
2026/02/25 17:42:28.695, 0, NVIDIA A10G, 0 %, 0 %, 2041 MiB, 23028 MiB
2026/02/25 17:42:28.695, 1, NVIDIA A10G, 0 %, 0 %, 2037 MiB, 23028 MiB
2026/02/25 17:42:28.695, 2, NVIDIA A10G, 0 %, 0 %, 1725 MiB, 23028 MiB
2026/02/25 17:42:28.695, 3, NVIDIA A10G, 0 %, 0 %, 1949 MiB, 23028 MiB
2026/02/25 17:42:29.696, 0, NVIDIA A10G, 0 %, 0 %, 2041 MiB, 23028 MiB
2026/02/25 17:42:29.696, 1, NVIDIA A10G, 0 %, 0 %, 2037 MiB, 23028 MiB
2026/02/25 17:42:29.696, 2, NVIDIA A10G, 0 %, 0 %, 1725 MiB, 23028 MiB
2026/02/25 17:42:29.696, 3, NVIDIA A10G, 0 %, 0 %, 1949 MiB, 23028 MiB
2026/02/25 17:42:30.696, 0, NVIDIA A10G, 0 %, 0 %, 2041 MiB, 23028 MiB
2026/02/25 17:42:30.696, 1, NVIDIA A10G, 21 %, 7 %, 2037 MiB, 23028 MiB
2026/02/25 17:42:30.696, 2, NVIDIA A10G, 0 %, 0 %, 1725 MiB, 23028 MiB
2026/02/25 17:42:30.696, 3, NVIDIA A10G, 0 %, 0 %, 1949 MiB, 23028 MiB
2026/02/25 17:42:31.696, 0, NVIDIA A10G, 81 %, 53 %, 2041 MiB, 23028 MiB
2026/02/25 17:42:31.696, 1, NVIDIA A10G, 19 %, 7 %, 2037 MiB, 23028 MiB
2026/02/25 17:42:31.696, 2, NVIDIA A10G, 0 %, 0 %, 1725 MiB, 23028 MiB
2026/02/25 17:42:31.696, 3, NVIDIA A10G, 0 %, 0 %, 1949 MiB, 23028 MiB
2026/02/25 17:42:32.697, 0, NVIDIA A10G, 0 %, 0 %, 2041 MiB, 23028 MiB
2026/02/25 17:42:32.697, 1, NVIDIA A10G, 22 %, 8 %, 2037 MiB, 23028 MiB
2026/02/25 17:42:32.697, 2, NVIDIA A10G, 0 %, 0 %, 1725 MiB, 23028 MiB
2026/02/25 17:42:32.697, 3, NVIDIA A10G, 0 %, 0 %, 1949 MiB, 23028 MiB
2026/02/25 17:42:33.697, 0, NVIDIA A10G, 21 %, 7 %, 2041 MiB, 23028 MiB
2026/02/25 17:42:33.697, 1, NVIDIA A10G, 18 %, 6 %, 2037 MiB, 23028 MiB
2026/02/25 17:42:33.697, 2, NVIDIA A10G, 0 %, 0 %, 1725 MiB, 23028 MiB
2026/02/25 17:42:33.697, 3, NVIDIA A10G, 0 %, 0 %, 1949 MiB, 23028 MiB
2026/02/25 17:42:34.697, 0, NVIDIA A10G, 19 %, 7 %, 2041 MiB, 23028 MiB
2026/02/25 17:42:34.698, 1, NVIDIA A10G, 21 %, 7 %, 2037 MiB, 23028 MiB
2026/02/25 17:42:34.698, 2, NVIDIA A10G, 0 %, 0 %, 1725 MiB, 23028 MiB
2026/02/25 17:42:34.698, 3, NVIDIA A10G, 0 %, 0 %, 1949 MiB, 23028 MiB
2026/02/25 17:42:35.698, 0, NVIDIA A10G, 18 %, 6 %, 2041 MiB, 23028 MiB
2026/02/25 17:42:35.698, 1, NVIDIA A10G, 18 %, 6 %, 2037 MiB, 23028 MiB
2026/02/25 17:42:35.698, 2, NVIDIA A10G, 0 %, 0 %, 1725 MiB, 23028 MiB
2026/02/25 17:42:35.698, 3, NVIDIA A10G, 0 %, 0 %, 1949 MiB, 23028 MiB
2026/02/25 17:42:36.698, 0, NVIDIA A10G, 19 %, 7 %, 2041 MiB, 23028 MiB
2026/02/25 17:42:36.698, 1, NVIDIA A10G, 17 %, 5 %, 2037 MiB, 23028 MiB
2026/02/25 17:42:36.698, 2, NVIDIA A10G, 77 %, 51 %, 1725 MiB, 23028 MiB
2026/02/25 17:42:36.698, 3, NVIDIA A10G, 20 %, 6 %, 1949 MiB, 23028 MiB
2026/02/25 17:42:37.699, 0, NVIDIA A10G, 20 %, 7 %, 2041 MiB, 23028 MiB
2026/02/25 17:42:37.699, 1, NVIDIA A10G, 20 %, 7 %, 2037 MiB, 23028 MiB
2026/02/25 17:42:37.699, 2, NVIDIA A10G, 20 %, 7 %, 1725 MiB, 23028 MiB
2026/02/25 17:42:37.699, 3, NVIDIA A10G, 19 %, 6 %, 1949 MiB, 23028 MiB
2026/02/25 17:42:38.699, 0, NVIDIA A10G, 16 %, 5 %, 2041 MiB, 23028 MiB
2026/02/25 17:42:38.699, 1, NVIDIA A10G, 8 %, 3 %, 2037 MiB, 23028 MiB
2026/02/25 17:42:38.699, 2, NVIDIA A10G, 19 %, 7 %, 1725 MiB, 23028 MiB
2026/02/25 17:42:38.699, 3, NVIDIA A10G, 19 %, 7 %, 1949 MiB, 23028 MiB
2026/02/25 17:42:39.699, 0, NVIDIA A10G, 17 %, 6 %, 2041 MiB, 23028 MiB
2026/02/25 17:42:39.699, 1, NVIDIA A10G, 0 %, 0 %, 2037 MiB, 23028 MiB
2026/02/25 17:42:39.699, 2, NVIDIA A10G, 22 %, 8 %, 1725 MiB, 23028 MiB
2026/02/25 17:42:39.700, 3, NVIDIA A10G, 17 %, 5 %, 1949 MiB, 23028 MiB
2026/02/25 17:42:40.700, 0, NVIDIA A10G, 18 %, 6 %, 2041 MiB, 23028 MiB
2026/02/25 17:42:40.700, 1, NVIDIA A10G, 0 %, 0 %, 2037 MiB, 23028 MiB
2026/02/25 17:42:40.700, 2, NVIDIA A10G, 20 %, 6 %, 1725 MiB, 23028 MiB
2026/02/25 17:42:40.700, 3, NVIDIA A10G, 20 %, 7 %, 1949 MiB, 23028 MiB
2026/02/25 17:42:41.700, 0, NVIDIA A10G, 21 %, 7 %, 2041 MiB, 23028 MiB
2026/02/25 17:42:41.700, 1, NVIDIA A10G, 21 %, 7 %, 2037 MiB, 23028 MiB
2026/02/25 17:42:41.700, 2, NVIDIA A10G, 19 %, 7 %, 1725 MiB, 23028 MiB
2026/02/25 17:42:41.700, 3, NVIDIA A10G, 15 %, 5 %, 1949 MiB, 23028 MiB
2026/02/25 17:42:42.700, 0, NVIDIA A10G, 20 %, 7 %, 2041 MiB, 23028 MiB
2026/02/25 17:42:42.701, 1, NVIDIA A10G, 20 %, 6 %, 2037 MiB, 23028 MiB
2026/02/25 17:42:42.701, 2, NVIDIA A10G, 19 %, 6 %, 1725 MiB, 23028 MiB
2026/02/25 17:42:42.701, 3, NVIDIA A10G, 17 %, 6 %, 1949 MiB, 23028 MiB
2026/02/25 17:42:43.701, 0, NVIDIA A10G, 17 %, 6 %, 2041 MiB, 23028 MiB
2026/02/25 17:42:43.701, 1, NVIDIA A10G, 19 %, 7 %, 2037 MiB, 23028 MiB
2026/02/25 17:42:43.701, 2, NVIDIA A10G, 19 %, 6 %, 1725 MiB, 23028 MiB
2026/02/25 17:42:43.701, 3, NVIDIA A10G, 19 %, 6 %, 1949 MiB, 23028 MiB
2026/02/25 17:42:44.701, 0, NVIDIA A10G, 21 %, 7 %, 2041 MiB, 23028 MiB
2026/02/25 17:42:44.701, 1, NVIDIA A10G, 0 %, 0 %, 2037 MiB, 23028 MiB
2026/02/25 17:42:44.701, 2, NVIDIA A10G, 20 %, 7 %, 1725 MiB, 23028 MiB
2026/02/25 17:42:44.701, 3, NVIDIA A10G, 19 %, 7 %, 1949 MiB, 23028 MiB
2026/02/25 17:42:45.702, 0, NVIDIA A10G, 17 %, 6 %, 2041 MiB, 23028 MiB
2026/02/25 17:42:45.702, 1, NVIDIA A10G, 0 %, 0 %, 2037 MiB, 23028 MiB
2026/02/25 17:42:45.702, 2, NVIDIA A10G, 15 %, 5 %, 1725 MiB, 23028 MiB
2026/02/25 17:42:45.702, 3, NVIDIA A10G, 16 %, 5 %, 1949 MiB, 23028 MiB
2026/02/25 17:42:46.702, 0, NVIDIA A10G, 18 %, 5 %, 2041 MiB, 23028 MiB
2026/02/25 17:42:46.702, 1, NVIDIA A10G, 0 %, 0 %, 2037 MiB, 23028 MiB
2026/02/25 17:42:46.702, 2, NVIDIA A10G, 18 %, 6 %, 1725 MiB, 23028 MiB
2026/02/25 17:42:46.702, 3, NVIDIA A10G, 18 %, 6 %, 1949 MiB, 23028 MiB
2026/02/25 17:42:47.702, 0, NVIDIA A10G, 18 %, 6 %, 2041 MiB, 23028 MiB
2026/02/25 17:42:47.703, 1, NVIDIA A10G, 0 %, 0 %, 2037 MiB, 23028 MiB
2026/02/25 17:42:47.703, 2, NVIDIA A10G, 20 %, 7 %, 1725 MiB, 23028 MiB
2026/02/25 17:42:47.703, 3, NVIDIA A10G, 19 %, 6 %, 1949 MiB, 23028 MiB
2026/02/25 17:42:48.703, 0, NVIDIA A10G, 20 %, 7 %, 2041 MiB, 23028 MiB
2026/02/25 17:42:48.703, 1, NVIDIA A10G, 0 %, 0 %, 2037 MiB, 23028 MiB
2026/02/25 17:42:48.703, 2, NVIDIA A10G, 0 %, 0 %, 1725 MiB, 23028 MiB
2026/02/25 17:42:48.703, 3, NVIDIA A10G, 19 %, 6 %, 1949 MiB, 23028 MiB
2026/02/25 17:42:49.703, 0, NVIDIA A10G, 10 %, 3 %, 2041 MiB, 23028 MiB
2026/02/25 17:42:49.703, 1, NVIDIA A10G, 85 %, 54 %, 2037 MiB, 23028 MiB
2026/02/25 17:42:49.703, 2, NVIDIA A10G, 0 %, 0 %, 1725 MiB, 23028 MiB
2026/02/25 17:42:49.703, 3, NVIDIA A10G, 0 %, 0 %, 1949 MiB, 23028 MiB
2026/02/25 17:42:50.704, 0, NVIDIA A10G, 0 %, 0 %, 2041 MiB, 23028 MiB
2026/02/25 17:42:50.704, 1, NVIDIA A10G, 22 %, 8 %, 2037 MiB, 23028 MiB
2026/02/25 17:42:50.704, 2, NVIDIA A10G, 0 %, 0 %, 1725 MiB, 23028 MiB
2026/02/25 17:42:50.704, 3, NVIDIA A10G, 0 %, 0 %, 1949 MiB, 23028 MiB
2026/02/25 17:42:51.704, 0, NVIDIA A10G, 21 %, 7 %, 2041 MiB, 23028 MiB
2026/02/25 17:42:51.704, 1, NVIDIA A10G, 23 %, 8 %, 2037 MiB, 23028 MiB
2026/02/25 17:42:51.704, 2, NVIDIA A10G, 0 %, 0 %, 1725 MiB, 23028 MiB
2026/02/25 17:42:51.704, 3, NVIDIA A10G, 0 %, 0 %, 1949 MiB, 23028 MiB
2026/02/25 17:42:52.704, 0, NVIDIA A10G, 20 %, 7 %, 2041 MiB, 23028 MiB
2026/02/25 17:42:52.704, 1, NVIDIA A10G, 20 %, 7 %, 2037 MiB, 23028 MiB
2026/02/25 17:42:52.705, 2, NVIDIA A10G, 0 %, 0 %, 1725 MiB, 23028 MiB
2026/02/25 17:42:52.705, 3, NVIDIA A10G, 0 %, 0 %, 1949 MiB, 23028 MiB
2026/02/25 17:42:53.705, 0, NVIDIA A10G, 0 %, 0 %, 2041 MiB, 23028 MiB
2026/02/25 17:42:53.705, 1, NVIDIA A10G, 23 %, 7 %, 2037 MiB, 23028 MiB
2026/02/25 17:42:53.705, 2, NVIDIA A10G, 0 %, 0 %, 1725 MiB, 23028 MiB
2026/02/25 17:42:53.705, 3, NVIDIA A10G, 0 %, 0 %, 1949 MiB, 23028 MiB
2026/02/25 17:42:54.705, 0, NVIDIA A10G, 0 %, 0 %, 2041 MiB, 23028 MiB
2026/02/25 17:42:54.705, 1, NVIDIA A10G, 22 %, 7 %, 2037 MiB, 23028 MiB
2026/02/25 17:42:54.705, 2, NVIDIA A10G, 82 %, 53 %, 1725 MiB, 23028 MiB
2026/02/25 17:42:54.705, 3, NVIDIA A10G, 0 %, 0 %, 1949 MiB, 23028 MiB
2026/02/25 17:42:55.705, 0, NVIDIA A10G, 0 %, 0 %, 2041 MiB, 23028 MiB
2026/02/25 17:42:55.706, 1, NVIDIA A10G, 19 %, 7 %, 2037 MiB, 23028 MiB
2026/02/25 17:42:55.706, 2, NVIDIA A10G, 21 %, 7 %, 1725 MiB, 23028 MiB
2026/02/25 17:42:55.706, 3, NVIDIA A10G, 0 %, 0 %, 1949 MiB, 23028 MiB
2026/02/25 17:42:56.706, 0, NVIDIA A10G, 0 %, 0 %, 2041 MiB, 23028 MiB
2026/02/25 17:42:56.706, 1, NVIDIA A10G, 0 %, 0 %, 2037 MiB, 23028 MiB
2026/02/25 17:42:56.706, 2, NVIDIA A10G, 20 %, 7 %, 1725 MiB, 23028 MiB
2026/02/25 17:42:56.706, 3, NVIDIA A10G, 0 %, 0 %, 1949 MiB, 23028 MiB
2026/02/25 17:42:57.706, 0, NVIDIA A10G, 0 %, 0 %, 2041 MiB, 23028 MiB
2026/02/25 17:42:57.707, 1, NVIDIA A10G, 0 %, 0 %, 2037 MiB, 23028 MiB
2026/02/25 17:42:57.707, 2, NVIDIA A10G, 23 %, 8 %, 1725 MiB, 23028 MiB
2026/02/25 17:42:57.707, 3, NVIDIA A10G, 0 %, 0 %, 1949 MiB, 23028 MiB
2026/02/25 17:42:58.707, 0, NVIDIA A10G, 0 %, 0 %, 2041 MiB, 23028 MiB
2026/02/25 17:42:58.707, 1, NVIDIA A10G, 0 %, 0 %, 2037 MiB, 23028 MiB
2026/02/25 17:42:58.707, 2, NVIDIA A10G, 23 %, 8 %, 1725 MiB, 23028 MiB
2026/02/25 17:42:58.707, 3, NVIDIA A10G, 0 %, 0 %, 1949 MiB, 23028 MiB
2026/02/25 17:42:59.707, 0, NVIDIA A10G, 100 %, 73 %, 2041 MiB, 23028 MiB
2026/02/25 17:42:59.707, 1, NVIDIA A10G, 0 %, 0 %, 2037 MiB, 23028 MiB
2026/02/25 17:42:59.707, 2, NVIDIA A10G, 22 %, 8 %, 1725 MiB, 23028 MiB
2026/02/25 17:42:59.707, 3, NVIDIA A10G, 0 %, 0 %, 1949 MiB, 23028 MiB
2026/02/25 17:43:00.708, 0, NVIDIA A10G, 19 %, 6 %, 2041 MiB, 23028 MiB
2026/02/25 17:43:00.708, 1, NVIDIA A10G, 0 %, 0 %, 2037 MiB, 23028 MiB
2026/02/25 17:43:00.708, 2, NVIDIA A10G, 21 %, 7 %, 1725 MiB, 23028 MiB
2026/02/25 17:43:00.708, 3, NVIDIA A10G, 0 %, 0 %, 1949 MiB, 23028 MiB
2026/02/25 17:43:01.708, 0, NVIDIA A10G, 19 %, 6 %, 2041 MiB, 23028 MiB
2026/02/25 17:43:01.709, 1, NVIDIA A10G, 0 %, 0 %, 2037 MiB, 23028 MiB
2026/02/25 17:43:01.709, 2, NVIDIA A10G, 22 %, 8 %, 1725 MiB, 23028 MiB
2026/02/25 17:43:01.709, 3, NVIDIA A10G, 91 %, 63 %, 1949 MiB, 23028 MiB
2026/02/25 17:43:02.709, 0, NVIDIA A10G, 22 %, 7 %, 2041 MiB, 23028 MiB
2026/02/25 17:43:02.709, 1, NVIDIA A10G, 0 %, 0 %, 2037 MiB, 23028 MiB
2026/02/25 17:43:02.709, 2, NVIDIA A10G, 21 %, 8 %, 1725 MiB, 23028 MiB
2026/02/25 17:43:02.709, 3, NVIDIA A10G, 0 %, 0 %, 1949 MiB, 23028 MiB
2026/02/25 17:43:03.709, 0, NVIDIA A10G, 20 %, 7 %, 2041 MiB, 23028 MiB
2026/02/25 17:43:03.709, 1, NVIDIA A10G, 0 %, 0 %, 2037 MiB, 23028 MiB
2026/02/25 17:43:03.709, 2, NVIDIA A10G, 0 %, 0 %, 1725 MiB, 23028 MiB
2026/02/25 17:43:03.709, 3, NVIDIA A10G, 20 %, 7 %, 1949 MiB, 23028 MiB
2026/02/25 17:43:04.710, 0, NVIDIA A10G, 22 %, 7 %, 2041 MiB, 23028 MiB
2026/02/25 17:43:04.710, 1, NVIDIA A10G, 0 %, 0 %, 2037 MiB, 23028 MiB
2026/02/25 17:43:04.710, 2, NVIDIA A10G, 0 %, 0 %, 1725 MiB, 23028 MiB
2026/02/25 17:43:04.710, 3, NVIDIA A10G, 22 %, 7 %, 1949 MiB, 23028 MiB
2026/02/25 17:43:05.710, 0, NVIDIA A10G, 16 %, 6 %, 2041 MiB, 23028 MiB
2026/02/25 17:43:05.710, 1, NVIDIA A10G, 0 %, 0 %, 2037 MiB, 23028 MiB
2026/02/25 17:43:05.710, 2, NVIDIA A10G, 0 %, 0 %, 1725 MiB, 23028 MiB
2026/02/25 17:43:05.710, 3, NVIDIA A10G, 22 %, 7 %, 1949 MiB, 23028 MiB
2026/02/25 17:43:06.710, 0, NVIDIA A10G, 16 %, 5 %, 2041 MiB, 23028 MiB
2026/02/25 17:43:06.710, 1, NVIDIA A10G, 0 %, 0 %, 2037 MiB, 23028 MiB
2026/02/25 17:43:06.711, 2, NVIDIA A10G, 0 %, 0 %, 1725 MiB, 23028 MiB
2026/02/25 17:43:06.711, 3, NVIDIA A10G, 20 %, 7 %, 1949 MiB, 23028 MiB
2026/02/25 17:43:07.711, 0, NVIDIA A10G, 10 %, 3 %, 2041 MiB, 23028 MiB
2026/02/25 17:43:07.711, 1, NVIDIA A10G, 17 %, 6 %, 2037 MiB, 23028 MiB
2026/02/25 17:43:07.711, 2, NVIDIA A10G, 0 %, 0 %, 1725 MiB, 23028 MiB
2026/02/25 17:43:07.711, 3, NVIDIA A10G, 20 %, 7 %, 1949 MiB, 23028 MiB
2026/02/25 17:43:08.711, 0, NVIDIA A10G, 0 %, 0 %, 2041 MiB, 23028 MiB
2026/02/25 17:43:08.711, 1, NVIDIA A10G, 22 %, 8 %, 2037 MiB, 23028 MiB
2026/02/25 17:43:08.711, 2, NVIDIA A10G, 87 %, 59 %, 1725 MiB, 23028 MiB
2026/02/25 17:43:08.711, 3, NVIDIA A10G, 21 %, 7 %, 1949 MiB, 23028 MiB
2026/02/25 17:43:09.711, 0, NVIDIA A10G, 0 %, 0 %, 2041 MiB, 23028 MiB
2026/02/25 17:43:09.712, 1, NVIDIA A10G, 20 %, 7 %, 2037 MiB, 23028 MiB
2026/02/25 17:43:09.712, 2, NVIDIA A10G, 19 %, 6 %, 1725 MiB, 23028 MiB
2026/02/25 17:43:09.712, 3, NVIDIA A10G, 17 %, 6 %, 1949 MiB, 23028 MiB
2026/02/25 17:43:10.712, 0, NVIDIA A10G, 0 %, 0 %, 2041 MiB, 23028 MiB
2026/02/25 17:43:10.712, 1, NVIDIA A10G, 19 %, 6 %, 2037 MiB, 23028 MiB
2026/02/25 17:43:10.712, 2, NVIDIA A10G, 18 %, 6 %, 1725 MiB, 23028 MiB
2026/02/25 17:43:10.712, 3, NVIDIA A10G, 21 %, 7 %, 1949 MiB, 23028 MiB
2026/02/25 17:43:11.712, 0, NVIDIA A10G, 0 %, 0 %, 2041 MiB, 23028 MiB
2026/02/25 17:43:11.712, 1, NVIDIA A10G, 22 %, 7 %, 2037 MiB, 23028 MiB
2026/02/25 17:43:11.713, 2, NVIDIA A10G, 20 %, 7 %, 1725 MiB, 23028 MiB
2026/02/25 17:43:11.713, 3, NVIDIA A10G, 19 %, 6 %, 1949 MiB, 23028 MiB
2026/02/25 17:43:12.713, 0, NVIDIA A10G, 0 %, 0 %, 2041 MiB, 23028 MiB
2026/02/25 17:43:12.713, 1, NVIDIA A10G, 20 %, 7 %, 2037 MiB, 23028 MiB
2026/02/25 17:43:12.713, 2, NVIDIA A10G, 19 %, 6 %, 1725 MiB, 23028 MiB
2026/02/25 17:43:12.713, 3, NVIDIA A10G, 21 %, 7 %, 1949 MiB, 23028 MiB
2026/02/25 17:43:13.713, 0, NVIDIA A10G, 0 %, 0 %, 2041 MiB, 23028 MiB
2026/02/25 17:43:13.713, 1, NVIDIA A10G, 15 %, 5 %, 2037 MiB, 23028 MiB
2026/02/25 17:43:13.713, 2, NVIDIA A10G, 20 %, 7 %, 1725 MiB, 23028 MiB
2026/02/25 17:43:13.714, 3, NVIDIA A10G, 20 %, 7 %, 1949 MiB, 23028 MiB
2026/02/25 17:43:14.714, 0, NVIDIA A10G, 80 %, 52 %, 2041 MiB, 23028 MiB
2026/02/25 17:43:14.714, 1, NVIDIA A10G, 19 %, 6 %, 2037 MiB, 23028 MiB
2026/02/25 17:43:14.714, 2, NVIDIA A10G, 17 %, 6 %, 1725 MiB, 23028 MiB
2026/02/25 17:43:14.714, 3, NVIDIA A10G, 19 %, 6 %, 1949 MiB, 23028 MiB
2026/02/25 17:43:15.714, 0, NVIDIA A10G, 22 %, 8 %, 2041 MiB, 23028 MiB
2026/02/25 17:43:15.714, 1, NVIDIA A10G, 18 %, 6 %, 2037 MiB, 23028 MiB
2026/02/25 17:43:15.714, 2, NVIDIA A10G, 18 %, 6 %, 1725 MiB, 23028 MiB
2026/02/25 17:43:15.714, 3, NVIDIA A10G, 17 %, 6 %, 1949 MiB, 23028 MiB
2026/02/25 17:43:16.715, 0, NVIDIA A10G, 18 %, 6 %, 2041 MiB, 23028 MiB
2026/02/25 17:43:16.715, 1, NVIDIA A10G, 17 %, 6 %, 2037 MiB, 23028 MiB
2026/02/25 17:43:16.715, 2, NVIDIA A10G, 21 %, 7 %, 1725 MiB, 23028 MiB
2026/02/25 17:43:16.715, 3, NVIDIA A10G, 19 %, 6 %, 1949 MiB, 23028 MiB
2026/02/25 17:43:17.715, 0, NVIDIA A10G, 20 %, 7 %, 2041 MiB, 23028 MiB
2026/02/25 17:43:17.715, 1, NVIDIA A10G, 0 %, 0 %, 2037 MiB, 23028 MiB
2026/02/25 17:43:17.715, 2, NVIDIA A10G, 0 %, 0 %, 1725 MiB, 23028 MiB
2026/02/25 17:43:17.715, 3, NVIDIA A10G, 17 %, 5 %, 1949 MiB, 23028 MiB
2026/02/25 17:43:18.715, 0, NVIDIA A10G, 20 %, 7 %, 2041 MiB, 23028 MiB
2026/02/25 17:43:18.716, 1, NVIDIA A10G, 0 %, 0 %, 2037 MiB, 23028 MiB
2026/02/25 17:43:18.716, 2, NVIDIA A10G, 0 %, 0 %, 1725 MiB, 23028 MiB
2026/02/25 17:43:18.716, 3, NVIDIA A10G, 12 %, 4 %, 1949 MiB, 23028 MiB
2026/02/25 17:43:19.716, 0, NVIDIA A10G, 17 %, 6 %, 2041 MiB, 23028 MiB
2026/02/25 17:43:19.716, 1, NVIDIA A10G, 0 %, 0 %, 2037 MiB, 23028 MiB
2026/02/25 17:43:19.716, 2, NVIDIA A10G, 0 %, 0 %, 1725 MiB, 23028 MiB
2026/02/25 17:43:19.716, 3, NVIDIA A10G, 0 %, 0 %, 1949 MiB, 23028 MiB
2026/02/25 17:43:20.716, 0, NVIDIA A10G, 19 %, 6 %, 2041 MiB, 23028 MiB
2026/02/25 17:43:20.716, 1, NVIDIA A10G, 0 %, 0 %, 2037 MiB, 23028 MiB
2026/02/25 17:43:20.717, 2, NVIDIA A10G, 0 %, 0 %, 1725 MiB, 23028 MiB
2026/02/25 17:43:20.717, 3, NVIDIA A10G, 0 %, 0 %, 1949 MiB, 23028 MiB
2026/02/25 17:43:21.717, 0, NVIDIA A10G, 22 %, 8 %, 2041 MiB, 23028 MiB
2026/02/25 17:43:21.717, 1, NVIDIA A10G, 0 %, 0 %, 2037 MiB, 23028 MiB
2026/02/25 17:43:21.717, 2, NVIDIA A10G, 19 %, 6 %, 1729 MiB, 23028 MiB
2026/02/25 17:43:21.717, 3, NVIDIA A10G, 0 %, 0 %, 1949 MiB, 23028 MiB
2026/02/25 17:43:22.717, 0, NVIDIA A10G, 0 %, 0 %, 2041 MiB, 23028 MiB
2026/02/25 17:43:22.717, 1, NVIDIA A10G, 0 %, 0 %, 2037 MiB, 23028 MiB
2026/02/25 17:43:22.717, 2, NVIDIA A10G, 23 %, 8 %, 1729 MiB, 23028 MiB
2026/02/25 17:43:22.717, 3, NVIDIA A10G, 0 %, 0 %, 1949 MiB, 23028 MiB
2026/02/25 17:43:23.718, 0, NVIDIA A10G, 0 %, 0 %, 2041 MiB, 23028 MiB
2026/02/25 17:43:23.718, 1, NVIDIA A10G, 0 %, 0 %, 2037 MiB, 23028 MiB
2026/02/25 17:43:23.718, 2, NVIDIA A10G, 22 %, 8 %, 1729 MiB, 23028 MiB
2026/02/25 17:43:23.718, 3, NVIDIA A10G, 0 %, 0 %, 1949 MiB, 23028 MiB
2026/02/25 17:43:24.718, 0, NVIDIA A10G, 0 %, 0 %, 2041 MiB, 23028 MiB
2026/02/25 17:43:24.718, 1, NVIDIA A10G, 0 %, 0 %, 2037 MiB, 23028 MiB
2026/02/25 17:43:24.718, 2, NVIDIA A10G, 21 %, 8 %, 1729 MiB, 23028 MiB
2026/02/25 17:43:24.718, 3, NVIDIA A10G, 0 %, 0 %, 1949 MiB, 23028 MiB
2026/02/25 17:43:25.718, 0, NVIDIA A10G, 0 %, 0 %, 2041 MiB, 23028 MiB
2026/02/25 17:43:25.718, 1, NVIDIA A10G, 21 %, 8 %, 2037 MiB, 23028 MiB
2026/02/25 17:43:25.718, 2, NVIDIA A10G, 0 %, 0 %, 1729 MiB, 23028 MiB
2026/02/25 17:43:25.719, 3, NVIDIA A10G, 0 %, 0 %, 1949 MiB, 23028 MiB
2026/02/25 17:43:26.719, 0, NVIDIA A10G, 0 %, 0 %, 2041 MiB, 23028 MiB
2026/02/25 17:43:26.719, 1, NVIDIA A10G, 20 %, 6 %, 2037 MiB, 23028 MiB
2026/02/25 17:43:26.719, 2, NVIDIA A10G, 0 %, 0 %, 1729 MiB, 23028 MiB
2026/02/25 17:43:26.719, 3, NVIDIA A10G, 0 %, 0 %, 1949 MiB, 23028 MiB
2026/02/25 17:43:27.720, 0, NVIDIA A10G, 0 %, 0 %, 2041 MiB, 23028 MiB
2026/02/25 17:43:27.720, 1, NVIDIA A10G, 21 %, 7 %, 2037 MiB, 23028 MiB
2026/02/25 17:43:27.720, 2, NVIDIA A10G, 0 %, 0 %, 1729 MiB, 23028 MiB
2026/02/25 17:43:27.720, 3, NVIDIA A10G, 24 %, 9 %, 1949 MiB, 23028 MiB
2026/02/25 17:43:28.720, 0, NVIDIA A10G, 0 %, 0 %, 2041 MiB, 23028 MiB
2026/02/25 17:43:28.721, 1, NVIDIA A10G, 22 %, 8 %, 2037 MiB, 23028 MiB
2026/02/25 17:43:28.721, 2, NVIDIA A10G, 0 %, 0 %, 1729 MiB, 23028 MiB
2026/02/25 17:43:28.721, 3, NVIDIA A10G, 16 %, 5 %, 1949 MiB, 23028 MiB
2026/02/25 17:43:29.721, 0, NVIDIA A10G, 0 %, 0 %, 2041 MiB, 23028 MiB
2026/02/25 17:43:29.721, 1, NVIDIA A10G, 22 %, 7 %, 2037 MiB, 23028 MiB
2026/02/25 17:43:29.721, 2, NVIDIA A10G, 0 %, 0 %, 1729 MiB, 23028 MiB
2026/02/25 17:43:29.721, 3, NVIDIA A10G, 23 %, 8 %, 1949 MiB, 23028 MiB
2026/02/25 17:43:30.721, 0, NVIDIA A10G, 0 %, 0 %, 2041 MiB, 23028 MiB
2026/02/25 17:43:30.721, 1, NVIDIA A10G, 19 %, 7 %, 2037 MiB, 23028 MiB
2026/02/25 17:43:30.721, 2, NVIDIA A10G, 83 %, 54 %, 1729 MiB, 23028 MiB
2026/02/25 17:43:30.722, 3, NVIDIA A10G, 19 %, 7 %, 1949 MiB, 23028 MiB
2026/02/25 17:43:31.722, 0, NVIDIA A10G, 0 %, 0 %, 2041 MiB, 23028 MiB
2026/02/25 17:43:31.722, 1, NVIDIA A10G, 22 %, 8 %, 2037 MiB, 23028 MiB
2026/02/25 17:43:31.722, 2, NVIDIA A10G, 19 %, 7 %, 1729 MiB, 23028 MiB
2026/02/25 17:43:31.722, 3, NVIDIA A10G, 20 %, 7 %, 1949 MiB, 23028 MiB
2026/02/25 17:43:32.722, 0, NVIDIA A10G, 23 %, 15 %, 2041 MiB, 23028 MiB
2026/02/25 17:43:32.722, 1, NVIDIA A10G, 17 %, 6 %, 2037 MiB, 23028 MiB
2026/02/25 17:43:32.722, 2, NVIDIA A10G, 20 %, 7 %, 1729 MiB, 23028 MiB
2026/02/25 17:43:32.722, 3, NVIDIA A10G, 19 %, 7 %, 1949 MiB, 23028 MiB
2026/02/25 17:43:33.723, 0, NVIDIA A10G, 21 %, 8 %, 2041 MiB, 23028 MiB
2026/02/25 17:43:33.723, 1, NVIDIA A10G, 16 %, 6 %, 2037 MiB, 23028 MiB
2026/02/25 17:43:33.723, 2, NVIDIA A10G, 18 %, 6 %, 1729 MiB, 23028 MiB
2026/02/25 17:43:33.723, 3, NVIDIA A10G, 15 %, 5 %, 1949 MiB, 23028 MiB
2026/02/25 17:43:34.723, 0, NVIDIA A10G, 21 %, 8 %, 2041 MiB, 23028 MiB
2026/02/25 17:43:34.723, 1, NVIDIA A10G, 12 %, 4 %, 2037 MiB, 23028 MiB
2026/02/25 17:43:34.723, 2, NVIDIA A10G, 19 %, 7 %, 1729 MiB, 23028 MiB
2026/02/25 17:43:34.723, 3, NVIDIA A10G, 20 %, 7 %, 1949 MiB, 23028 MiB
2026/02/25 17:43:35.723, 0, NVIDIA A10G, 19 %, 7 %, 2041 MiB, 23028 MiB
2026/02/25 17:43:35.723, 1, NVIDIA A10G, 0 %, 0 %, 2037 MiB, 23028 MiB
2026/02/25 17:43:35.723, 2, NVIDIA A10G, 20 %, 7 %, 1729 MiB, 23028 MiB
2026/02/25 17:43:35.724, 3, NVIDIA A10G, 21 %, 7 %, 1949 MiB, 23028 MiB
2026/02/25 17:43:36.724, 0, NVIDIA A10G, 20 %, 7 %, 2041 MiB, 23028 MiB
2026/02/25 17:43:36.724, 1, NVIDIA A10G, 0 %, 0 %, 2037 MiB, 23028 MiB
2026/02/25 17:43:36.724, 2, NVIDIA A10G, 20 %, 6 %, 1729 MiB, 23028 MiB
2026/02/25 17:43:36.724, 3, NVIDIA A10G, 0 %, 0 %, 1949 MiB, 23028 MiB
2026/02/25 17:43:37.724, 0, NVIDIA A10G, 20 %, 8 %, 2041 MiB, 23028 MiB
2026/02/25 17:43:37.724, 1, NVIDIA A10G, 0 %, 0 %, 2037 MiB, 23028 MiB
2026/02/25 17:43:37.724, 2, NVIDIA A10G, 21 %, 7 %, 1729 MiB, 23028 MiB
2026/02/25 17:43:37.724, 3, NVIDIA A10G, 0 %, 0 %, 1949 MiB, 23028 MiB
2026/02/25 17:43:38.724, 0, NVIDIA A10G, 24 %, 9 %, 2041 MiB, 23028 MiB
2026/02/25 17:43:38.725, 1, NVIDIA A10G, 0 %, 0 %, 2037 MiB, 23028 MiB
2026/02/25 17:43:38.725, 2, NVIDIA A10G, 0 %, 0 %, 1729 MiB, 23028 MiB
2026/02/25 17:43:38.725, 3, NVIDIA A10G, 0 %, 0 %, 1949 MiB, 23028 MiB
2026/02/25 17:43:39.725, 0, NVIDIA A10G, 23 %, 8 %, 2041 MiB, 23028 MiB
2026/02/25 17:43:39.725, 1, NVIDIA A10G, 0 %, 0 %, 2037 MiB, 23028 MiB
2026/02/25 17:43:39.725, 2, NVIDIA A10G, 0 %, 0 %, 1729 MiB, 23028 MiB
2026/02/25 17:43:39.725, 3, NVIDIA A10G, 20 %, 6 %, 1949 MiB, 23028 MiB
2026/02/25 17:43:40.725, 0, NVIDIA A10G, 24 %, 9 %, 2041 MiB, 23028 MiB
2026/02/25 17:43:40.725, 1, NVIDIA A10G, 0 %, 0 %, 2037 MiB, 23028 MiB
2026/02/25 17:43:40.726, 2, NVIDIA A10G, 0 %, 0 %, 1729 MiB, 23028 MiB
2026/02/25 17:43:40.726, 3, NVIDIA A10G, 17 %, 6 %, 1949 MiB, 23028 MiB
2026/02/25 17:43:41.726, 0, NVIDIA A10G, 21 %, 7 %, 2041 MiB, 23028 MiB
2026/02/25 17:43:41.726, 1, NVIDIA A10G, 0 %, 0 %, 2037 MiB, 23028 MiB
2026/02/25 17:43:41.726, 2, NVIDIA A10G, 0 %, 0 %, 1729 MiB, 23028 MiB
2026/02/25 17:43:41.726, 3, NVIDIA A10G, 4 %, 1 %, 1949 MiB, 23028 MiB
2026/02/25 17:43:42.726, 0, NVIDIA A10G, 22 %, 8 %, 2041 MiB, 23028 MiB
2026/02/25 17:43:42.726, 1, NVIDIA A10G, 0 %, 0 %, 2037 MiB, 23028 MiB
2026/02/25 17:43:42.726, 2, NVIDIA A10G, 0 %, 0 %, 1729 MiB, 23028 MiB
2026/02/25 17:43:42.726, 3, NVIDIA A10G, 0 %, 0 %, 1949 MiB, 23028 MiB
2026/02/25 17:43:43.726, 0, NVIDIA A10G, 0 %, 0 %, 2041 MiB, 23028 MiB
2026/02/25 17:43:43.727, 1, NVIDIA A10G, 83 %, 54 %, 2037 MiB, 23028 MiB
2026/02/25 17:43:43.727, 2, NVIDIA A10G, 0 %, 0 %, 1729 MiB, 23028 MiB
2026/02/25 17:43:43.727, 3, NVIDIA A10G, 0 %, 0 %, 1949 MiB, 23028 MiB
2026/02/25 17:43:44.727, 0, NVIDIA A10G, 0 %, 0 %, 2041 MiB, 23028 MiB
2026/02/25 17:43:44.727, 1, NVIDIA A10G, 23 %, 8 %, 2037 MiB, 23028 MiB
2026/02/25 17:43:44.727, 2, NVIDIA A10G, 0 %, 0 %, 1729 MiB, 23028 MiB
2026/02/25 17:43:44.727, 3, NVIDIA A10G, 0 %, 0 %, 1949 MiB, 23028 MiB
2026/02/25 17:43:45.727, 0, NVIDIA A10G, 0 %, 0 %, 2041 MiB, 23028 MiB
2026/02/25 17:43:45.727, 1, NVIDIA A10G, 22 %, 8 %, 2037 MiB, 23028 MiB
2026/02/25 17:43:45.727, 2, NVIDIA A10G, 0 %, 0 %, 1729 MiB, 23028 MiB
2026/02/25 17:43:45.727, 3, NVIDIA A10G, 0 %, 0 %, 1949 MiB, 23028 MiB
2026/02/25 17:43:46.727, 0, NVIDIA A10G, 0 %, 0 %, 2041 MiB, 23028 MiB
2026/02/25 17:43:46.728, 1, NVIDIA A10G, 21 %, 7 %, 2037 MiB, 23028 MiB
2026/02/25 17:43:46.728, 2, NVIDIA A10G, 100 %, 69 %, 1729 MiB, 23028 MiB
2026/02/25 17:43:46.728, 3, NVIDIA A10G, 0 %, 0 %, 1949 MiB, 23028 MiB
2026/02/25 17:43:47.728, 0, NVIDIA A10G, 0 %, 0 %, 2041 MiB, 23028 MiB
2026/02/25 17:43:47.728, 1, NVIDIA A10G, 21 %, 7 %, 2037 MiB, 23028 MiB
2026/02/25 17:43:47.728, 2, NVIDIA A10G, 19 %, 6 %, 1729 MiB, 23028 MiB
2026/02/25 17:43:47.728, 3, NVIDIA A10G, 0 %, 0 %, 1949 MiB, 23028 MiB
2026/02/25 17:43:48.728, 0, NVIDIA A10G, 0 %, 0 %, 2041 MiB, 23028 MiB
2026/02/25 17:43:48.728, 1, NVIDIA A10G, 20 %, 7 %, 2037 MiB, 23028 MiB
2026/02/25 17:43:48.728, 2, NVIDIA A10G, 20 %, 6 %, 1729 MiB, 23028 MiB
2026/02/25 17:43:48.729, 3, NVIDIA A10G, 0 %, 0 %, 1949 MiB, 23028 MiB
2026/02/25 17:43:49.729, 0, NVIDIA A10G, 0 %, 0 %, 2041 MiB, 23028 MiB
2026/02/25 17:43:49.729, 1, NVIDIA A10G, 17 %, 6 %, 2037 MiB, 23028 MiB
2026/02/25 17:43:49.729, 2, NVIDIA A10G, 21 %, 7 %, 1729 MiB, 23028 MiB
2026/02/25 17:43:49.729, 3, NVIDIA A10G, 0 %, 0 %, 1949 MiB, 23028 MiB
2026/02/25 17:43:50.729, 0, NVIDIA A10G, 0 %, 0 %, 2041 MiB, 23028 MiB
2026/02/25 17:43:50.729, 1, NVIDIA A10G, 20 %, 7 %, 2037 MiB, 23028 MiB
2026/02/25 17:43:50.729, 2, NVIDIA A10G, 21 %, 7 %, 1729 MiB, 23028 MiB
2026/02/25 17:43:50.729, 3, NVIDIA A10G, 0 %, 0 %, 1949 MiB, 23028 MiB
2026/02/25 17:43:51.729, 0, NVIDIA A10G, 0 %, 0 %, 2041 MiB, 23028 MiB
2026/02/25 17:43:51.730, 1, NVIDIA A10G, 22 %, 8 %, 2037 MiB, 23028 MiB
2026/02/25 17:43:51.730, 2, NVIDIA A10G, 20 %, 7 %, 1729 MiB, 23028 MiB
2026/02/25 17:43:51.730, 3, NVIDIA A10G, 0 %, 0 %, 1949 MiB, 23028 MiB
2026/02/25 17:43:52.730, 0, NVIDIA A10G, 0 %, 0 %, 2041 MiB, 23028 MiB
2026/02/25 17:43:52.730, 1, NVIDIA A10G, 20 %, 7 %, 2037 MiB, 23028 MiB
2026/02/25 17:43:52.730, 2, NVIDIA A10G, 22 %, 8 %, 1729 MiB, 23028 MiB
2026/02/25 17:43:52.730, 3, NVIDIA A10G, 0 %, 0 %, 1949 MiB, 23028 MiB
2026/02/25 17:43:53.730, 0, NVIDIA A10G, 0 %, 0 %, 2041 MiB, 23028 MiB
2026/02/25 17:43:53.730, 1, NVIDIA A10G, 0 %, 0 %, 2037 MiB, 23028 MiB
2026/02/25 17:43:53.730, 2, NVIDIA A10G, 22 %, 7 %, 1729 MiB, 23028 MiB
2026/02/25 17:43:53.730, 3, NVIDIA A10G, 0 %, 0 %, 1949 MiB, 23028 MiB
2026/02/25 17:43:54.731, 0, NVIDIA A10G, 16 %, 5 %, 2041 MiB, 23028 MiB
2026/02/25 17:43:54.731, 1, NVIDIA A10G, 0 %, 0 %, 2037 MiB, 23028 MiB
2026/02/25 17:43:54.731, 2, NVIDIA A10G, 21 %, 7 %, 1729 MiB, 23028 MiB
2026/02/25 17:43:54.731, 3, NVIDIA A10G, 19 %, 6 %, 1949 MiB, 23028 MiB
2026/02/25 17:43:55.731, 0, NVIDIA A10G, 18 %, 6 %, 2041 MiB, 23028 MiB
2026/02/25 17:43:55.731, 1, NVIDIA A10G, 0 %, 0 %, 2037 MiB, 23028 MiB
2026/02/25 17:43:55.731, 2, NVIDIA A10G, 19 %, 7 %, 1729 MiB, 23028 MiB
2026/02/25 17:43:55.731, 3, NVIDIA A10G, 21 %, 8 %, 1949 MiB, 23028 MiB
2026/02/25 17:43:56.731, 0, NVIDIA A10G, 21 %, 7 %, 2041 MiB, 23028 MiB
2026/02/25 17:43:56.732, 1, NVIDIA A10G, 0 %, 0 %, 2037 MiB, 23028 MiB
2026/02/25 17:43:56.732, 2, NVIDIA A10G, 16 %, 6 %, 1729 MiB, 23028 MiB
2026/02/25 17:43:56.732, 3, NVIDIA A10G, 21 %, 7 %, 1949 MiB, 23028 MiB
2026/02/25 17:43:57.732, 0, NVIDIA A10G, 20 %, 7 %, 2041 MiB, 23028 MiB
2026/02/25 17:43:57.732, 1, NVIDIA A10G, 0 %, 0 %, 2037 MiB, 23028 MiB
2026/02/25 17:43:57.732, 2, NVIDIA A10G, 2 %, 1 %, 1729 MiB, 23028 MiB
2026/02/25 17:43:57.732, 3, NVIDIA A10G, 22 %, 8 %, 1949 MiB, 23028 MiB
2026/02/25 17:43:58.732, 0, NVIDIA A10G, 20 %, 7 %, 2041 MiB, 23028 MiB
2026/02/25 17:43:58.732, 1, NVIDIA A10G, 0 %, 0 %, 2037 MiB, 23028 MiB
2026/02/25 17:43:58.732, 2, NVIDIA A10G, 0 %, 0 %, 1729 MiB, 23028 MiB
2026/02/25 17:43:58.732, 3, NVIDIA A10G, 17 %, 6 %, 1949 MiB, 23028 MiB
2026/02/25 17:43:59.732, 0, NVIDIA A10G, 20 %, 6 %, 2041 MiB, 23028 MiB
2026/02/25 17:43:59.733, 1, NVIDIA A10G, 0 %, 0 %, 2037 MiB, 23028 MiB
2026/02/25 17:43:59.733, 2, NVIDIA A10G, 0 %, 0 %, 1729 MiB, 23028 MiB
2026/02/25 17:43:59.733, 3, NVIDIA A10G, 22 %, 8 %, 1949 MiB, 23028 MiB
2026/02/25 17:44:00.733, 0, NVIDIA A10G, 21 %, 7 %, 2041 MiB, 23028 MiB
2026/02/25 17:44:00.733, 1, NVIDIA A10G, 0 %, 0 %, 2037 MiB, 23028 MiB
2026/02/25 17:44:00.733, 2, NVIDIA A10G, 0 %, 0 %, 1729 MiB, 23028 MiB
2026/02/25 17:44:00.733, 3, NVIDIA A10G, 22 %, 8 %, 1949 MiB, 23028 MiB
2026/02/25 17:44:01.733, 0, NVIDIA A10G, 19 %, 6 %, 2041 MiB, 23028 MiB
2026/02/25 17:44:01.733, 1, NVIDIA A10G, 0 %, 0 %, 2037 MiB, 23028 MiB
2026/02/25 17:44:01.733, 2, NVIDIA A10G, 0 %, 0 %, 1729 MiB, 23028 MiB
2026/02/25 17:44:01.733, 3, NVIDIA A10G, 22 %, 8 %, 1949 MiB, 23028 MiB
2026/02/25 17:44:02.734, 0, NVIDIA A10G, 18 %, 6 %, 2041 MiB, 23028 MiB
2026/02/25 17:44:02.734, 1, NVIDIA A10G, 0 %, 0 %, 2037 MiB, 23028 MiB
2026/02/25 17:44:02.734, 2, NVIDIA A10G, 19 %, 6 %, 1729 MiB, 23028 MiB
2026/02/25 17:44:02.734, 3, NVIDIA A10G, 19 %, 7 %, 1949 MiB, 23028 MiB
2026/02/25 17:44:03.734, 0, NVIDIA A10G, 18 %, 6 %, 2041 MiB, 23028 MiB
2026/02/25 17:44:03.734, 1, NVIDIA A10G, 0 %, 0 %, 2037 MiB, 23028 MiB
2026/02/25 17:44:03.734, 2, NVIDIA A10G, 21 %, 7 %, 1729 MiB, 23028 MiB
2026/02/25 17:44:03.734, 3, NVIDIA A10G, 21 %, 7 %, 1949 MiB, 23028 MiB
2026/02/25 17:44:04.734, 0, NVIDIA A10G, 21 %, 7 %, 2041 MiB, 23028 MiB
2026/02/25 17:44:04.734, 1, NVIDIA A10G, 0 %, 0 %, 2037 MiB, 23028 MiB
2026/02/25 17:44:04.734, 2, NVIDIA A10G, 22 %, 8 %, 1729 MiB, 23028 MiB
2026/02/25 17:44:04.735, 3, NVIDIA A10G, 21 %, 7 %, 1949 MiB, 23028 MiB
2026/02/25 17:44:05.735, 0, NVIDIA A10G, 19 %, 6 %, 2041 MiB, 23028 MiB
2026/02/25 17:44:05.735, 1, NVIDIA A10G, 20 %, 6 %, 2037 MiB, 23028 MiB
2026/02/25 17:44:05.735, 2, NVIDIA A10G, 19 %, 7 %, 1729 MiB, 23028 MiB
2026/02/25 17:44:05.735, 3, NVIDIA A10G, 18 %, 6 %, 1949 MiB, 23028 MiB
2026/02/25 17:44:06.735, 0, NVIDIA A10G, 17 %, 6 %, 2041 MiB, 23028 MiB
2026/02/25 17:44:06.735, 1, NVIDIA A10G, 17 %, 5 %, 2037 MiB, 23028 MiB
2026/02/25 17:44:06.735, 2, NVIDIA A10G, 19 %, 7 %, 1729 MiB, 23028 MiB
2026/02/25 17:44:06.735, 3, NVIDIA A10G, 0 %, 0 %, 1949 MiB, 23028 MiB
2026/02/25 17:44:07.735, 0, NVIDIA A10G, 20 %, 7 %, 2041 MiB, 23028 MiB
2026/02/25 17:44:07.736, 1, NVIDIA A10G, 18 %, 6 %, 2037 MiB, 23028 MiB
2026/02/25 17:44:07.736, 2, NVIDIA A10G, 19 %, 7 %, 1729 MiB, 23028 MiB
2026/02/25 17:44:07.736, 3, NVIDIA A10G, 0 %, 0 %, 1949 MiB, 23028 MiB
2026/02/25 17:44:08.736, 0, NVIDIA A10G, 0 %, 0 %, 2041 MiB, 23028 MiB
2026/02/25 17:44:08.736, 1, NVIDIA A10G, 21 %, 7 %, 2037 MiB, 23028 MiB
2026/02/25 17:44:08.736, 2, NVIDIA A10G, 0 %, 0 %, 1729 MiB, 23028 MiB
2026/02/25 17:44:08.736, 3, NVIDIA A10G, 0 %, 0 %, 1949 MiB, 23028 MiB
2026/02/25 17:44:09.736, 0, NVIDIA A10G, 0 %, 0 %, 2041 MiB, 23028 MiB
2026/02/25 17:44:09.736, 1, NVIDIA A10G, 21 %, 7 %, 2037 MiB, 23028 MiB
2026/02/25 17:44:09.736, 2, NVIDIA A10G, 0 %, 0 %, 1729 MiB, 23028 MiB
2026/02/25 17:44:09.737, 3, NVIDIA A10G, 0 %, 0 %, 1949 MiB, 23028 MiB
2026/02/25 17:44:10.737, 0, NVIDIA A10G, 0 %, 0 %, 2041 MiB, 23028 MiB
2026/02/25 17:44:10.737, 1, NVIDIA A10G, 22 %, 7 %, 2037 MiB, 23028 MiB
2026/02/25 17:44:10.737, 2, NVIDIA A10G, 0 %, 0 %, 1729 MiB, 23028 MiB
2026/02/25 17:44:10.737, 3, NVIDIA A10G, 0 %, 0 %, 1949 MiB, 23028 MiB
2026/02/25 17:44:11.737, 0, NVIDIA A10G, 0 %, 0 %, 2041 MiB, 23028 MiB
2026/02/25 17:44:11.737, 1, NVIDIA A10G, 19 %, 6 %, 2037 MiB, 23028 MiB
2026/02/25 17:44:11.737, 2, NVIDIA A10G, 0 %, 0 %, 1729 MiB, 23028 MiB
2026/02/25 17:44:11.737, 3, NVIDIA A10G, 0 %, 0 %, 1949 MiB, 23028 MiB
2026/02/25 17:44:12.737, 0, NVIDIA A10G, 0 %, 0 %, 2041 MiB, 23028 MiB
2026/02/25 17:44:12.738, 1, NVIDIA A10G, 22 %, 8 %, 2037 MiB, 23028 MiB
2026/02/25 17:44:12.738, 2, NVIDIA A10G, 0 %, 0 %, 1729 MiB, 23028 MiB
2026/02/25 17:44:12.738, 3, NVIDIA A10G, 0 %, 0 %, 1949 MiB, 23028 MiB
2026/02/25 17:44:13.738, 0, NVIDIA A10G, 90 %, 58 %, 2041 MiB, 23028 MiB
2026/02/25 17:44:13.738, 1, NVIDIA A10G, 21 %, 7 %, 2037 MiB, 23028 MiB
2026/02/25 17:44:13.738, 2, NVIDIA A10G, 0 %, 0 %, 1729 MiB, 23028 MiB
2026/02/25 17:44:13.738, 3, NVIDIA A10G, 0 %, 0 %, 1949 MiB, 23028 MiB
2026/02/25 17:44:14.738, 0, NVIDIA A10G, 22 %, 8 %, 2041 MiB, 23028 MiB
2026/02/25 17:44:14.738, 1, NVIDIA A10G, 21 %, 7 %, 2037 MiB, 23028 MiB
2026/02/25 17:44:14.738, 2, NVIDIA A10G, 0 %, 0 %, 1729 MiB, 23028 MiB
2026/02/25 17:44:14.739, 3, NVIDIA A10G, 0 %, 0 %, 1949 MiB, 23028 MiB
2026/02/25 17:44:15.739, 0, NVIDIA A10G, 16 %, 5 %, 2041 MiB, 23028 MiB
2026/02/25 17:44:15.739, 1, NVIDIA A10G, 22 %, 7 %, 2037 MiB, 23028 MiB
2026/02/25 17:44:15.739, 2, NVIDIA A10G, 0 %, 0 %, 1729 MiB, 23028 MiB
2026/02/25 17:44:15.739, 3, NVIDIA A10G, 0 %, 0 %, 1949 MiB, 23028 MiB
2026/02/25 17:44:16.739, 0, NVIDIA A10G, 21 %, 7 %, 2041 MiB, 23028 MiB
2026/02/25 17:44:16.739, 1, NVIDIA A10G, 20 %, 6 %, 2037 MiB, 23028 MiB
2026/02/25 17:44:16.739, 2, NVIDIA A10G, 0 %, 0 %, 1729 MiB, 23028 MiB
2026/02/25 17:44:16.739, 3, NVIDIA A10G, 0 %, 0 %, 1949 MiB, 23028 MiB
2026/02/25 17:44:17.739, 0, NVIDIA A10G, 21 %, 7 %, 2041 MiB, 23028 MiB
2026/02/25 17:44:17.740, 1, NVIDIA A10G, 0 %, 0 %, 2037 MiB, 23028 MiB
2026/02/25 17:44:17.740, 2, NVIDIA A10G, 0 %, 0 %, 1729 MiB, 23028 MiB
2026/02/25 17:44:17.740, 3, NVIDIA A10G, 0 %, 0 %, 1949 MiB, 23028 MiB
2026/02/25 17:44:18.740, 0, NVIDIA A10G, 23 %, 8 %, 2041 MiB, 23028 MiB
2026/02/25 17:44:18.740, 1, NVIDIA A10G, 0 %, 0 %, 2037 MiB, 23028 MiB
2026/02/25 17:44:18.740, 2, NVIDIA A10G, 0 %, 0 %, 1729 MiB, 23028 MiB
2026/02/25 17:44:18.740, 3, NVIDIA A10G, 92 %, 61 %, 1949 MiB, 23028 MiB
2026/02/25 17:44:19.740, 0, NVIDIA A10G, 19 %, 6 %, 2041 MiB, 23028 MiB
2026/02/25 17:44:19.740, 1, NVIDIA A10G, 0 %, 0 %, 2037 MiB, 23028 MiB
2026/02/25 17:44:19.740, 2, NVIDIA A10G, 0 %, 0 %, 1729 MiB, 23028 MiB
2026/02/25 17:44:19.740, 3, NVIDIA A10G, 21 %, 7 %, 1949 MiB, 23028 MiB
2026/02/25 17:44:20.741, 0, NVIDIA A10G, 19 %, 7 %, 2041 MiB, 23028 MiB
2026/02/25 17:44:20.741, 1, NVIDIA A10G, 0 %, 0 %, 2037 MiB, 23028 MiB
2026/02/25 17:44:20.741, 2, NVIDIA A10G, 18 %, 7 %, 1729 MiB, 23028 MiB
2026/02/25 17:44:20.741, 3, NVIDIA A10G, 22 %, 8 %, 1949 MiB, 23028 MiB
2026/02/25 17:44:21.741, 0, NVIDIA A10G, 0 %, 0 %, 2041 MiB, 23028 MiB
2026/02/25 17:44:21.741, 1, NVIDIA A10G, 0 %, 0 %, 2037 MiB, 23028 MiB
2026/02/25 17:44:21.741, 2, NVIDIA A10G, 17 %, 5 %, 1729 MiB, 23028 MiB
2026/02/25 17:44:21.741, 3, NVIDIA A10G, 22 %, 8 %, 1949 MiB, 23028 MiB
2026/02/25 17:44:22.741, 0, NVIDIA A10G, 0 %, 0 %, 2041 MiB, 23028 MiB
2026/02/25 17:44:22.741, 1, NVIDIA A10G, 0 %, 0 %, 2037 MiB, 23028 MiB
2026/02/25 17:44:22.741, 2, NVIDIA A10G, 17 %, 5 %, 1729 MiB, 23028 MiB
2026/02/25 17:44:22.741, 3, NVIDIA A10G, 24 %, 9 %, 1949 MiB, 23028 MiB
2026/02/25 17:44:23.741, 0, NVIDIA A10G, 0 %, 0 %, 2041 MiB, 23028 MiB
2026/02/25 17:44:23.742, 1, NVIDIA A10G, 0 %, 0 %, 2037 MiB, 23028 MiB
2026/02/25 17:44:23.742, 2, NVIDIA A10G, 20 %, 7 %, 1729 MiB, 23028 MiB
2026/02/25 17:44:23.742, 3, NVIDIA A10G, 23 %, 8 %, 1949 MiB, 23028 MiB
2026/02/25 17:44:24.742, 0, NVIDIA A10G, 0 %, 0 %, 2041 MiB, 23028 MiB
2026/02/25 17:44:24.742, 1, NVIDIA A10G, 39 %, 25 %, 2037 MiB, 23028 MiB
2026/02/25 17:44:24.742, 2, NVIDIA A10G, 20 %, 7 %, 1729 MiB, 23028 MiB
2026/02/25 17:44:24.742, 3, NVIDIA A10G, 21 %, 7 %, 1949 MiB, 23028 MiB
2026/02/25 17:44:25.742, 0, NVIDIA A10G, 0 %, 0 %, 2041 MiB, 23028 MiB
2026/02/25 17:44:25.742, 1, NVIDIA A10G, 14 %, 5 %, 2037 MiB, 23028 MiB
2026/02/25 17:44:25.742, 2, NVIDIA A10G, 17 %, 6 %, 1729 MiB, 23028 MiB
2026/02/25 17:44:25.743, 3, NVIDIA A10G, 22 %, 8 %, 1949 MiB, 23028 MiB
2026/02/25 17:44:26.743, 0, NVIDIA A10G, 0 %, 0 %, 2041 MiB, 23028 MiB
2026/02/25 17:44:26.743, 1, NVIDIA A10G, 19 %, 7 %, 2037 MiB, 23028 MiB
2026/02/25 17:44:26.743, 2, NVIDIA A10G, 18 %, 6 %, 1729 MiB, 23028 MiB
2026/02/25 17:44:26.743, 3, NVIDIA A10G, 18 %, 6 %, 1949 MiB, 23028 MiB
2026/02/25 17:44:27.743, 0, NVIDIA A10G, 0 %, 0 %, 2041 MiB, 23028 MiB
2026/02/25 17:44:27.743, 1, NVIDIA A10G, 19 %, 6 %, 2037 MiB, 23028 MiB
2026/02/25 17:44:27.743, 2, NVIDIA A10G, 19 %, 6 %, 1729 MiB, 23028 MiB
2026/02/25 17:44:27.743, 3, NVIDIA A10G, 19 %, 7 %, 1949 MiB, 23028 MiB
2026/02/25 17:44:28.743, 0, NVIDIA A10G, 0 %, 0 %, 2041 MiB, 23028 MiB
2026/02/25 17:44:28.744, 1, NVIDIA A10G, 20 %, 7 %, 2037 MiB, 23028 MiB
2026/02/25 17:44:28.744, 2, NVIDIA A10G, 18 %, 5 %, 1729 MiB, 23028 MiB
2026/02/25 17:44:28.744, 3, NVIDIA A10G, 17 %, 6 %, 1949 MiB, 23028 MiB
2026/02/25 17:44:29.744, 0, NVIDIA A10G, 0 %, 0 %, 2041 MiB, 23028 MiB
2026/02/25 17:44:29.744, 1, NVIDIA A10G, 19 %, 7 %, 2037 MiB, 23028 MiB
2026/02/25 17:44:29.744, 2, NVIDIA A10G, 20 %, 7 %, 1729 MiB, 23028 MiB
2026/02/25 17:44:29.744, 3, NVIDIA A10G, 20 %, 7 %, 1949 MiB, 23028 MiB
2026/02/25 17:44:30.744, 0, NVIDIA A10G, 0 %, 0 %, 2041 MiB, 23028 MiB
2026/02/25 17:44:30.744, 1, NVIDIA A10G, 19 %, 6 %, 2037 MiB, 23028 MiB
2026/02/25 17:44:30.744, 2, NVIDIA A10G, 22 %, 7 %, 1729 MiB, 23028 MiB
2026/02/25 17:44:30.745, 3, NVIDIA A10G, 19 %, 7 %, 1949 MiB, 23028 MiB
2026/02/25 17:44:31.745, 0, NVIDIA A10G, 91 %, 58 %, 2041 MiB, 23028 MiB
2026/02/25 17:44:31.745, 1, NVIDIA A10G, 18 %, 5 %, 2037 MiB, 23028 MiB
2026/02/25 17:44:31.745, 2, NVIDIA A10G, 19 %, 6 %, 1729 MiB, 23028 MiB
2026/02/25 17:44:31.745, 3, NVIDIA A10G, 0 %, 0 %, 1949 MiB, 23028 MiB
2026/02/25 17:44:32.745, 0, NVIDIA A10G, 18 %, 6 %, 2041 MiB, 23028 MiB
2026/02/25 17:44:32.745, 1, NVIDIA A10G, 19 %, 6 %, 2037 MiB, 23028 MiB
2026/02/25 17:44:32.745, 2, NVIDIA A10G, 22 %, 8 %, 1729 MiB, 23028 MiB
2026/02/25 17:44:32.745, 3, NVIDIA A10G, 0 %, 0 %, 1949 MiB, 23028 MiB
2026/02/25 17:44:33.745, 0, NVIDIA A10G, 19 %, 7 %, 2041 MiB, 23028 MiB
2026/02/25 17:44:33.746, 1, NVIDIA A10G, 0 %, 0 %, 2037 MiB, 23028 MiB
2026/02/25 17:44:33.746, 2, NVIDIA A10G, 13 %, 4 %, 1729 MiB, 23028 MiB
2026/02/25 17:44:33.746, 3, NVIDIA A10G, 0 %, 0 %, 1949 MiB, 23028 MiB
2026/02/25 17:44:34.746, 0, NVIDIA A10G, 20 %, 7 %, 2041 MiB, 23028 MiB
2026/02/25 17:44:34.746, 1, NVIDIA A10G, 0 %, 0 %, 2037 MiB, 23028 MiB
2026/02/25 17:44:34.746, 2, NVIDIA A10G, 0 %, 0 %, 1729 MiB, 23028 MiB
2026/02/25 17:44:34.746, 3, NVIDIA A10G, 0 %, 0 %, 1949 MiB, 23028 MiB
2026/02/25 17:44:35.746, 0, NVIDIA A10G, 23 %, 8 %, 2041 MiB, 23028 MiB
2026/02/25 17:44:35.746, 1, NVIDIA A10G, 0 %, 0 %, 2037 MiB, 23028 MiB
2026/02/25 17:44:35.746, 2, NVIDIA A10G, 0 %, 0 %, 1729 MiB, 23028 MiB
2026/02/25 17:44:35.747, 3, NVIDIA A10G, 0 %, 0 %, 1949 MiB, 23028 MiB
2026/02/25 17:44:36.747, 0, NVIDIA A10G, 21 %, 8 %, 2041 MiB, 23028 MiB
2026/02/25 17:44:36.747, 1, NVIDIA A10G, 0 %, 0 %, 2037 MiB, 23028 MiB
2026/02/25 17:44:36.747, 2, NVIDIA A10G, 0 %, 0 %, 1729 MiB, 23028 MiB
2026/02/25 17:44:36.747, 3, NVIDIA A10G, 0 %, 0 %, 1949 MiB, 23028 MiB
2026/02/25 17:44:37.747, 0, NVIDIA A10G, 23 %, 8 %, 2041 MiB, 23028 MiB
2026/02/25 17:44:37.747, 1, NVIDIA A10G, 0 %, 0 %, 2037 MiB, 23028 MiB
2026/02/25 17:44:37.747, 2, NVIDIA A10G, 0 %, 0 %, 1729 MiB, 23028 MiB
2026/02/25 17:44:37.747, 3, NVIDIA A10G, 17 %, 5 %, 1949 MiB, 23028 MiB
2026/02/25 17:44:38.747, 0, NVIDIA A10G, 21 %, 7 %, 2041 MiB, 23028 MiB
2026/02/25 17:44:38.747, 1, NVIDIA A10G, 0 %, 0 %, 2037 MiB, 23028 MiB
2026/02/25 17:44:38.747, 2, NVIDIA A10G, 0 %, 0 %, 1729 MiB, 23028 MiB
2026/02/25 17:44:38.747, 3, NVIDIA A10G, 19 %, 6 %, 1949 MiB, 23028 MiB
2026/02/25 17:44:39.748, 0, NVIDIA A10G, 19 %, 7 %, 2041 MiB, 23028 MiB
2026/02/25 17:44:39.748, 1, NVIDIA A10G, 21 %, 8 %, 2037 MiB, 23028 MiB
2026/02/25 17:44:39.748, 2, NVIDIA A10G, 0 %, 0 %, 1729 MiB, 23028 MiB
2026/02/25 17:44:39.748, 3, NVIDIA A10G, 18 %, 6 %, 1949 MiB, 23028 MiB
2026/02/25 17:44:40.748, 0, NVIDIA A10G, 17 %, 6 %, 2041 MiB, 23028 MiB
2026/02/25 17:44:40.748, 1, NVIDIA A10G, 21 %, 8 %, 2037 MiB, 23028 MiB
2026/02/25 17:44:40.748, 2, NVIDIA A10G, 0 %, 0 %, 1729 MiB, 23028 MiB
2026/02/25 17:44:40.748, 3, NVIDIA A10G, 16 %, 5 %, 1949 MiB, 23028 MiB
2026/02/25 17:44:41.748, 0, NVIDIA A10G, 19 %, 7 %, 2041 MiB, 23028 MiB
2026/02/25 17:44:41.748, 1, NVIDIA A10G, 22 %, 9 %, 2037 MiB, 23028 MiB
2026/02/25 17:44:41.748, 2, NVIDIA A10G, 0 %, 0 %, 1729 MiB, 23028 MiB
2026/02/25 17:44:41.749, 3, NVIDIA A10G, 18 %, 6 %, 1949 MiB, 23028 MiB
2026/02/25 17:44:42.749, 0, NVIDIA A10G, 17 %, 6 %, 2041 MiB, 23028 MiB
2026/02/25 17:44:42.749, 1, NVIDIA A10G, 22 %, 8 %, 2037 MiB, 23028 MiB
2026/02/25 17:44:42.749, 2, NVIDIA A10G, 0 %, 0 %, 1729 MiB, 23028 MiB
2026/02/25 17:44:42.749, 3, NVIDIA A10G, 19 %, 7 %, 1949 MiB, 23028 MiB
2026/02/25 17:44:43.749, 0, NVIDIA A10G, 0 %, 0 %, 2041 MiB, 23028 MiB
2026/02/25 17:44:43.749, 1, NVIDIA A10G, 25 %, 9 %, 2037 MiB, 23028 MiB
2026/02/25 17:44:43.749, 2, NVIDIA A10G, 0 %, 0 %, 1729 MiB, 23028 MiB
2026/02/25 17:44:43.749, 3, NVIDIA A10G, 0 %, 0 %, 1949 MiB, 23028 MiB
2026/02/25 17:44:44.750, 0, NVIDIA A10G, 0 %, 0 %, 2041 MiB, 23028 MiB
2026/02/25 17:44:44.750, 1, NVIDIA A10G, 21 %, 8 %, 2037 MiB, 23028 MiB
2026/02/25 17:44:44.750, 2, NVIDIA A10G, 20 %, 7 %, 1729 MiB, 23028 MiB
2026/02/25 17:44:44.750, 3, NVIDIA A10G, 0 %, 0 %, 1949 MiB, 23028 MiB
2026/02/25 17:44:45.750, 0, NVIDIA A10G, 0 %, 0 %, 2041 MiB, 23028 MiB
2026/02/25 17:44:45.750, 1, NVIDIA A10G, 0 %, 0 %, 2037 MiB, 23028 MiB
2026/02/25 17:44:45.750, 2, NVIDIA A10G, 21 %, 8 %, 1729 MiB, 23028 MiB
2026/02/25 17:44:45.750, 3, NVIDIA A10G, 0 %, 0 %, 1949 MiB, 23028 MiB
2026/02/25 17:44:46.750, 0, NVIDIA A10G, 0 %, 0 %, 2041 MiB, 23028 MiB
2026/02/25 17:44:46.750, 1, NVIDIA A10G, 0 %, 0 %, 2037 MiB, 23028 MiB
2026/02/25 17:44:46.751, 2, NVIDIA A10G, 24 %, 9 %, 1729 MiB, 23028 MiB
2026/02/25 17:44:46.751, 3, NVIDIA A10G, 0 %, 0 %, 1949 MiB, 23028 MiB
2026/02/25 17:44:47.751, 0, NVIDIA A10G, 0 %, 0 %, 2041 MiB, 23028 MiB
2026/02/25 17:44:47.751, 1, NVIDIA A10G, 0 %, 0 %, 2037 MiB, 23028 MiB
2026/02/25 17:44:47.751, 2, NVIDIA A10G, 24 %, 9 %, 1729 MiB, 23028 MiB
2026/02/25 17:44:47.751, 3, NVIDIA A10G, 0 %, 0 %, 1949 MiB, 23028 MiB
2026/02/25 17:44:48.751, 0, NVIDIA A10G, 0 %, 0 %, 2041 MiB, 23028 MiB
2026/02/25 17:44:48.751, 1, NVIDIA A10G, 0 %, 0 %, 2037 MiB, 23028 MiB
2026/02/25 17:44:48.751, 2, NVIDIA A10G, 20 %, 7 %, 1729 MiB, 23028 MiB
2026/02/25 17:44:48.751, 3, NVIDIA A10G, 0 %, 0 %, 1949 MiB, 23028 MiB
2026/02/25 17:44:49.752, 0, NVIDIA A10G, 0 %, 0 %, 2041 MiB, 23028 MiB
2026/02/25 17:44:49.752, 1, NVIDIA A10G, 0 %, 0 %, 2037 MiB, 23028 MiB
2026/02/25 17:44:49.752, 2, NVIDIA A10G, 23 %, 8 %, 1729 MiB, 23028 MiB
2026/02/25 17:44:49.752, 3, NVIDIA A10G, 0 %, 0 %, 1949 MiB, 23028 MiB
2026/02/25 17:44:50.752, 0, NVIDIA A10G, 0 %, 0 %, 2041 MiB, 23028 MiB
2026/02/25 17:44:50.752, 1, NVIDIA A10G, 0 %, 0 %, 2037 MiB, 23028 MiB
2026/02/25 17:44:50.752, 2, NVIDIA A10G, 23 %, 9 %, 1729 MiB, 23028 MiB
2026/02/25 17:44:50.752, 3, NVIDIA A10G, 0 %, 0 %, 1949 MiB, 23028 MiB
2026/02/25 17:44:51.752, 0, NVIDIA A10G, 21 %, 8 %, 2041 MiB, 23028 MiB
2026/02/25 17:44:51.753, 1, NVIDIA A10G, 0 %, 0 %, 2037 MiB, 23028 MiB
2026/02/25 17:44:51.753, 2, NVIDIA A10G, 20 %, 7 %, 1729 MiB, 23028 MiB
2026/02/25 17:44:51.753, 3, NVIDIA A10G, 0 %, 0 %, 1949 MiB, 23028 MiB
2026/02/25 17:44:52.753, 0, NVIDIA A10G, 20 %, 7 %, 2041 MiB, 23028 MiB
2026/02/25 17:44:52.753, 1, NVIDIA A10G, 0 %, 0 %, 2037 MiB, 23028 MiB
2026/02/25 17:44:52.753, 2, NVIDIA A10G, 22 %, 8 %, 1729 MiB, 23028 MiB
2026/02/25 17:44:52.753, 3, NVIDIA A10G, 0 %, 0 %, 1949 MiB, 23028 MiB
2026/02/25 17:44:53.753, 0, NVIDIA A10G, 22 %, 8 %, 2041 MiB, 23028 MiB
2026/02/25 17:44:53.753, 1, NVIDIA A10G, 0 %, 0 %, 2037 MiB, 23028 MiB
2026/02/25 17:44:53.753, 2, NVIDIA A10G, 18 %, 7 %, 1729 MiB, 23028 MiB
2026/02/25 17:44:53.753, 3, NVIDIA A10G, 0 %, 0 %, 1949 MiB, 23028 MiB
2026/02/25 17:44:54.754, 0, NVIDIA A10G, 19 %, 6 %, 2041 MiB, 23028 MiB
2026/02/25 17:44:54.754, 1, NVIDIA A10G, 84 %, 54 %, 2037 MiB, 23028 MiB
2026/02/25 17:44:54.754, 2, NVIDIA A10G, 14 %, 4 %, 1729 MiB, 23028 MiB
2026/02/25 17:44:54.754, 3, NVIDIA A10G, 0 %, 0 %, 1949 MiB, 23028 MiB
2026/02/25 17:44:55.754, 0, NVIDIA A10G, 18 %, 6 %, 2041 MiB, 23028 MiB
2026/02/25 17:44:55.754, 1, NVIDIA A10G, 20 %, 7 %, 2037 MiB, 23028 MiB
2026/02/25 17:44:55.754, 2, NVIDIA A10G, 0 %, 0 %, 1729 MiB, 23028 MiB
2026/02/25 17:44:55.754, 3, NVIDIA A10G, 82 %, 55 %, 1949 MiB, 23028 MiB
2026/02/25 17:44:56.754, 0, NVIDIA A10G, 18 %, 6 %, 2041 MiB, 23028 MiB
2026/02/25 17:44:56.754, 1, NVIDIA A10G, 20 %, 7 %, 2037 MiB, 23028 MiB
2026/02/25 17:44:56.755, 2, NVIDIA A10G, 0 %, 0 %, 1729 MiB, 23028 MiB
2026/02/25 17:44:56.755, 3, NVIDIA A10G, 22 %, 8 %, 1949 MiB, 23028 MiB
2026/02/25 17:44:57.755, 0, NVIDIA A10G, 19 %, 7 %, 2041 MiB, 23028 MiB
2026/02/25 17:44:57.755, 1, NVIDIA A10G, 21 %, 8 %, 2037 MiB, 23028 MiB
2026/02/25 17:44:57.755, 2, NVIDIA A10G, 0 %, 0 %, 1729 MiB, 23028 MiB
2026/02/25 17:44:57.755, 3, NVIDIA A10G, 19 %, 6 %, 1949 MiB, 23028 MiB
2026/02/25 17:44:58.755, 0, NVIDIA A10G, 18 %, 6 %, 2041 MiB, 23028 MiB
2026/02/25 17:44:58.755, 1, NVIDIA A10G, 18 %, 6 %, 2037 MiB, 23028 MiB
2026/02/25 17:44:58.755, 2, NVIDIA A10G, 0 %, 0 %, 1729 MiB, 23028 MiB
2026/02/25 17:44:58.755, 3, NVIDIA A10G, 19 %, 7 %, 1949 MiB, 23028 MiB
2026/02/25 17:44:59.755, 0, NVIDIA A10G, 0 %, 0 %, 2041 MiB, 23028 MiB
2026/02/25 17:44:59.756, 1, NVIDIA A10G, 19 %, 6 %, 2037 MiB, 23028 MiB
2026/02/25 17:44:59.756, 2, NVIDIA A10G, 0 %, 0 %, 1729 MiB, 23028 MiB
2026/02/25 17:44:59.756, 3, NVIDIA A10G, 19 %, 6 %, 1949 MiB, 23028 MiB
2026/02/25 17:45:00.756, 0, NVIDIA A10G, 0 %, 0 %, 2041 MiB, 23028 MiB
2026/02/25 17:45:00.756, 1, NVIDIA A10G, 20 %, 6 %, 2037 MiB, 23028 MiB
2026/02/25 17:45:00.756, 2, NVIDIA A10G, 0 %, 0 %, 1729 MiB, 23028 MiB
2026/02/25 17:45:00.756, 3, NVIDIA A10G, 22 %, 8 %, 1949 MiB, 23028 MiB
2026/02/25 17:45:01.756, 0, NVIDIA A10G, 0 %, 0 %, 2041 MiB, 23028 MiB
2026/02/25 17:45:01.756, 1, NVIDIA A10G, 19 %, 6 %, 2037 MiB, 23028 MiB
2026/02/25 17:45:01.756, 2, NVIDIA A10G, 0 %, 0 %, 1729 MiB, 23028 MiB
2026/02/25 17:45:01.756, 3, NVIDIA A10G, 22 %, 8 %, 1949 MiB, 23028 MiB
2026/02/25 17:45:02.756, 0, NVIDIA A10G, 0 %, 0 %, 2041 MiB, 23028 MiB
2026/02/25 17:45:02.757, 1, NVIDIA A10G, 20 %, 7 %, 2037 MiB, 23028 MiB
2026/02/25 17:45:02.757, 2, NVIDIA A10G, 0 %, 0 %, 1729 MiB, 23028 MiB
2026/02/25 17:45:02.757, 3, NVIDIA A10G, 20 %, 8 %, 1949 MiB, 23028 MiB
2026/02/25 17:45:03.757, 0, NVIDIA A10G, 0 %, 0 %, 2041 MiB, 23028 MiB
2026/02/25 17:45:03.757, 1, NVIDIA A10G, 21 %, 7 %, 2037 MiB, 23028 MiB
2026/02/25 17:45:03.757, 2, NVIDIA A10G, 10 %, 3 %, 1729 MiB, 23028 MiB
2026/02/25 17:45:03.757, 3, NVIDIA A10G, 21 %, 8 %, 1949 MiB, 23028 MiB
2026/02/25 17:45:04.757, 0, NVIDIA A10G, 0 %, 0 %, 2041 MiB, 23028 MiB
2026/02/25 17:45:04.757, 1, NVIDIA A10G, 13 %, 4 %, 2037 MiB, 23028 MiB
2026/02/25 17:45:04.757, 2, NVIDIA A10G, 19 %, 6 %, 1729 MiB, 23028 MiB
2026/02/25 17:45:04.757, 3, NVIDIA A10G, 21 %, 7 %, 1949 MiB, 23028 MiB
2026/02/25 17:45:05.757, 0, NVIDIA A10G, 0 %, 0 %, 2041 MiB, 23028 MiB
2026/02/25 17:45:05.758, 1, NVIDIA A10G, 0 %, 0 %, 2037 MiB, 23028 MiB
2026/02/25 17:45:05.758, 2, NVIDIA A10G, 20 %, 7 %, 1729 MiB, 23028 MiB
2026/02/25 17:45:05.758, 3, NVIDIA A10G, 23 %, 9 %, 1949 MiB, 23028 MiB
2026/02/25 17:45:06.758, 0, NVIDIA A10G, 0 %, 0 %, 2041 MiB, 23028 MiB
2026/02/25 17:45:06.758, 1, NVIDIA A10G, 0 %, 0 %, 2037 MiB, 23028 MiB
2026/02/25 17:45:06.758, 2, NVIDIA A10G, 20 %, 7 %, 1729 MiB, 23028 MiB
2026/02/25 17:45:06.758, 3, NVIDIA A10G, 23 %, 8 %, 1949 MiB, 23028 MiB
2026/02/25 17:45:07.758, 0, NVIDIA A10G, 0 %, 0 %, 2041 MiB, 23028 MiB
2026/02/25 17:45:07.758, 1, NVIDIA A10G, 0 %, 0 %, 2037 MiB, 23028 MiB
2026/02/25 17:45:07.758, 2, NVIDIA A10G, 22 %, 7 %, 1729 MiB, 23028 MiB
2026/02/25 17:45:07.758, 3, NVIDIA A10G, 18 %, 6 %, 1949 MiB, 23028 MiB
2026/02/25 17:45:08.759, 0, NVIDIA A10G, 20 %, 7 %, 2041 MiB, 23028 MiB
2026/02/25 17:45:08.759, 1, NVIDIA A10G, 0 %, 0 %, 2037 MiB, 23028 MiB
2026/02/25 17:45:08.759, 2, NVIDIA A10G, 14 %, 5 %, 1729 MiB, 23028 MiB
2026/02/25 17:45:08.759, 3, NVIDIA A10G, 20 %, 7 %, 1949 MiB, 23028 MiB
2026/02/25 17:45:09.759, 0, NVIDIA A10G, 20 %, 7 %, 2041 MiB, 23028 MiB
2026/02/25 17:45:09.759, 1, NVIDIA A10G, 0 %, 0 %, 2037 MiB, 23028 MiB
2026/02/25 17:45:09.759, 2, NVIDIA A10G, 22 %, 8 %, 1729 MiB, 23028 MiB
2026/02/25 17:45:09.759, 3, NVIDIA A10G, 23 %, 9 %, 1949 MiB, 23028 MiB
2026/02/25 17:45:10.759, 0, NVIDIA A10G, 18 %, 6 %, 2041 MiB, 23028 MiB
2026/02/25 17:45:10.759, 1, NVIDIA A10G, 0 %, 0 %, 2037 MiB, 23028 MiB
2026/02/25 17:45:10.759, 2, NVIDIA A10G, 21 %, 7 %, 1729 MiB, 23028 MiB
2026/02/25 17:45:10.759, 3, NVIDIA A10G, 20 %, 7 %, 1949 MiB, 23028 MiB
2026/02/25 17:45:11.760, 0, NVIDIA A10G, 20 %, 6 %, 2041 MiB, 23028 MiB
2026/02/25 17:45:11.760, 1, NVIDIA A10G, 0 %, 0 %, 2037 MiB, 23028 MiB
2026/02/25 17:45:11.760, 2, NVIDIA A10G, 18 %, 6 %, 1729 MiB, 23028 MiB
2026/02/25 17:45:11.760, 3, NVIDIA A10G, 0 %, 0 %, 1949 MiB, 23028 MiB
2026/02/25 17:45:12.760, 0, NVIDIA A10G, 19 %, 6 %, 2041 MiB, 23028 MiB
2026/02/25 17:45:12.760, 1, NVIDIA A10G, 0 %, 0 %, 2037 MiB, 23028 MiB
2026/02/25 17:45:12.760, 2, NVIDIA A10G, 20 %, 7 %, 1729 MiB, 23028 MiB
2026/02/25 17:45:12.760, 3, NVIDIA A10G, 0 %, 0 %, 1949 MiB, 23028 MiB
2026/02/25 17:45:13.760, 0, NVIDIA A10G, 21 %, 7 %, 2041 MiB, 23028 MiB
2026/02/25 17:45:13.760, 1, NVIDIA A10G, 16 %, 5 %, 2037 MiB, 23028 MiB
2026/02/25 17:45:13.760, 2, NVIDIA A10G, 13 %, 4 %, 1729 MiB, 23028 MiB
2026/02/25 17:45:13.761, 3, NVIDIA A10G, 0 %, 0 %, 1949 MiB, 23028 MiB
2026/02/25 17:45:14.761, 0, NVIDIA A10G, 20 %, 7 %, 2041 MiB, 23028 MiB
2026/02/25 17:45:14.761, 1, NVIDIA A10G, 18 %, 6 %, 2037 MiB, 23028 MiB
2026/02/25 17:45:14.761, 2, NVIDIA A10G, 0 %, 0 %, 1729 MiB, 23028 MiB
2026/02/25 17:45:14.761, 3, NVIDIA A10G, 0 %, 0 %, 1949 MiB, 23028 MiB
2026/02/25 17:45:15.761, 0, NVIDIA A10G, 20 %, 7 %, 2041 MiB, 23028 MiB
2026/02/25 17:45:15.761, 1, NVIDIA A10G, 21 %, 6 %, 2037 MiB, 23028 MiB
2026/02/25 17:45:15.761, 2, NVIDIA A10G, 0 %, 0 %, 1729 MiB, 23028 MiB
2026/02/25 17:45:15.761, 3, NVIDIA A10G, 0 %, 0 %, 1949 MiB, 23028 MiB
2026/02/25 17:45:16.762, 0, NVIDIA A10G, 19 %, 6 %, 2041 MiB, 23028 MiB
2026/02/25 17:45:16.762, 1, NVIDIA A10G, 19 %, 6 %, 2037 MiB, 23028 MiB
2026/02/25 17:45:16.762, 2, NVIDIA A10G, 0 %, 0 %, 1729 MiB, 23028 MiB
2026/02/25 17:45:16.762, 3, NVIDIA A10G, 18 %, 6 %, 1949 MiB, 23028 MiB
2026/02/25 17:45:17.762, 0, NVIDIA A10G, 20 %, 7 %, 2041 MiB, 23028 MiB
2026/02/25 17:45:17.762, 1, NVIDIA A10G, 21 %, 7 %, 2037 MiB, 23028 MiB
2026/02/25 17:45:17.762, 2, NVIDIA A10G, 0 %, 0 %, 1729 MiB, 23028 MiB
2026/02/25 17:45:17.762, 3, NVIDIA A10G, 20 %, 6 %, 1949 MiB, 23028 MiB
2026/02/25 17:45:18.762, 0, NVIDIA A10G, 21 %, 7 %, 2041 MiB, 23028 MiB
2026/02/25 17:45:18.763, 1, NVIDIA A10G, 21 %, 7 %, 2037 MiB, 23028 MiB
2026/02/25 17:45:18.763, 2, NVIDIA A10G, 0 %, 0 %, 1729 MiB, 23028 MiB
2026/02/25 17:45:18.763, 3, NVIDIA A10G, 17 %, 6 %, 1949 MiB, 23028 MiB
2026/02/25 17:45:19.763, 0, NVIDIA A10G, 0 %, 0 %, 2041 MiB, 23028 MiB
2026/02/25 17:45:19.763, 1, NVIDIA A10G, 21 %, 7 %, 2037 MiB, 23028 MiB
2026/02/25 17:45:19.763, 2, NVIDIA A10G, 16 %, 5 %, 1729 MiB, 23028 MiB
2026/02/25 17:45:19.763, 3, NVIDIA A10G, 16 %, 5 %, 1949 MiB, 23028 MiB
2026/02/25 17:45:20.763, 0, NVIDIA A10G, 0 %, 0 %, 2041 MiB, 23028 MiB
2026/02/25 17:45:20.763, 1, NVIDIA A10G, 21 %, 7 %, 2037 MiB, 23028 MiB
2026/02/25 17:45:20.763, 2, NVIDIA A10G, 20 %, 6 %, 1729 MiB, 23028 MiB
2026/02/25 17:45:20.763, 3, NVIDIA A10G, 19 %, 7 %, 1949 MiB, 23028 MiB
2026/02/25 17:45:21.763, 0, NVIDIA A10G, 0 %, 0 %, 2041 MiB, 23028 MiB
2026/02/25 17:45:21.764, 1, NVIDIA A10G, 16 %, 5 %, 2037 MiB, 23028 MiB
2026/02/25 17:45:21.764, 2, NVIDIA A10G, 19 %, 7 %, 1729 MiB, 23028 MiB
2026/02/25 17:45:21.764, 3, NVIDIA A10G, 21 %, 8 %, 1949 MiB, 23028 MiB
2026/02/25 17:45:22.764, 0, NVIDIA A10G, 0 %, 0 %, 2041 MiB, 23028 MiB
2026/02/25 17:45:22.764, 1, NVIDIA A10G, 19 %, 6 %, 2037 MiB, 23028 MiB
2026/02/25 17:45:22.764, 2, NVIDIA A10G, 17 %, 5 %, 1729 MiB, 23028 MiB
2026/02/25 17:45:22.764, 3, NVIDIA A10G, 0 %, 0 %, 1949 MiB, 23028 MiB
2026/02/25 17:45:23.764, 0, NVIDIA A10G, 0 %, 0 %, 2041 MiB, 23028 MiB
2026/02/25 17:45:23.764, 1, NVIDIA A10G, 0 %, 0 %, 2037 MiB, 23028 MiB
2026/02/25 17:45:23.764, 2, NVIDIA A10G, 21 %, 7 %, 1729 MiB, 23028 MiB
2026/02/25 17:45:23.764, 3, NVIDIA A10G, 0 %, 0 %, 1949 MiB, 23028 MiB
2026/02/25 17:45:24.764, 0, NVIDIA A10G, 0 %, 0 %, 2041 MiB, 23028 MiB
2026/02/25 17:45:24.765, 1, NVIDIA A10G, 0 %, 0 %, 2037 MiB, 23028 MiB
2026/02/25 17:45:24.765, 2, NVIDIA A10G, 12 %, 4 %, 1729 MiB, 23028 MiB
2026/02/25 17:45:24.765, 3, NVIDIA A10G, 0 %, 0 %, 1949 MiB, 23028 MiB
2026/02/25 17:45:25.765, 0, NVIDIA A10G, 0 %, 0 %, 2041 MiB, 23028 MiB
2026/02/25 17:45:25.765, 1, NVIDIA A10G, 0 %, 0 %, 2037 MiB, 23028 MiB
2026/02/25 17:45:25.765, 2, NVIDIA A10G, 0 %, 0 %, 1729 MiB, 23028 MiB
2026/02/25 17:45:25.765, 3, NVIDIA A10G, 0 %, 0 %, 1949 MiB, 23028 MiB
2026/02/25 17:45:26.765, 0, NVIDIA A10G, 0 %, 0 %, 2041 MiB, 23028 MiB
2026/02/25 17:45:26.765, 1, NVIDIA A10G, 0 %, 0 %, 2037 MiB, 23028 MiB
2026/02/25 17:45:26.765, 2, NVIDIA A10G, 0 %, 0 %, 1729 MiB, 23028 MiB
2026/02/25 17:45:26.766, 3, NVIDIA A10G, 0 %, 0 %, 1949 MiB, 23028 MiB
2026/02/25 17:45:27.766, 0, NVIDIA A10G, 0 %, 0 %, 2041 MiB, 23028 MiB
2026/02/25 17:45:27.766, 1, NVIDIA A10G, 21 %, 6 %, 2037 MiB, 23028 MiB
2026/02/25 17:45:27.766, 2, NVIDIA A10G, 0 %, 0 %, 1729 MiB, 23028 MiB
2026/02/25 17:45:27.766, 3, NVIDIA A10G, 0 %, 0 %, 1949 MiB, 23028 MiB
2026/02/25 17:45:28.766, 0, NVIDIA A10G, 0 %, 0 %, 2041 MiB, 23028 MiB
2026/02/25 17:45:28.766, 1, NVIDIA A10G, 22 %, 7 %, 2037 MiB, 23028 MiB
2026/02/25 17:45:28.766, 2, NVIDIA A10G, 0 %, 0 %, 1729 MiB, 23028 MiB
2026/02/25 17:45:28.766, 3, NVIDIA A10G, 0 %, 0 %, 1949 MiB, 23028 MiB
2026/02/25 17:45:29.766, 0, NVIDIA A10G, 20 %, 6 %, 2041 MiB, 23028 MiB
2026/02/25 17:45:29.766, 1, NVIDIA A10G, 20 %, 7 %, 2037 MiB, 23028 MiB
2026/02/25 17:45:29.767, 2, NVIDIA A10G, 0 %, 0 %, 1729 MiB, 23028 MiB
2026/02/25 17:45:29.767, 3, NVIDIA A10G, 0 %, 0 %, 1949 MiB, 23028 MiB
2026/02/25 17:45:30.767, 0, NVIDIA A10G, 22 %, 8 %, 2041 MiB, 23028 MiB
2026/02/25 17:45:30.767, 1, NVIDIA A10G, 21 %, 7 %, 2037 MiB, 23028 MiB
2026/02/25 17:45:30.767, 2, NVIDIA A10G, 0 %, 0 %, 1729 MiB, 23028 MiB
2026/02/25 17:45:30.767, 3, NVIDIA A10G, 0 %, 0 %, 1949 MiB, 23028 MiB
2026/02/25 17:45:31.767, 0, NVIDIA A10G, 19 %, 6 %, 2041 MiB, 23028 MiB
2026/02/25 17:45:31.767, 1, NVIDIA A10G, 20 %, 7 %, 2037 MiB, 23028 MiB
2026/02/25 17:45:31.767, 2, NVIDIA A10G, 0 %, 0 %, 1729 MiB, 23028 MiB
2026/02/25 17:45:31.768, 3, NVIDIA A10G, 22 %, 7 %, 1949 MiB, 23028 MiB
2026/02/25 17:45:32.768, 0, NVIDIA A10G, 22 %, 8 %, 2041 MiB, 23028 MiB
2026/02/25 17:45:32.768, 1, NVIDIA A10G, 0 %, 0 %, 2037 MiB, 23028 MiB
2026/02/25 17:45:32.768, 2, NVIDIA A10G, 92 %, 63 %, 1729 MiB, 23028 MiB
2026/02/25 17:45:32.768, 3, NVIDIA A10G, 19 %, 7 %, 1949 MiB, 23028 MiB
2026/02/25 17:45:33.768, 0, NVIDIA A10G, 20 %, 6 %, 2041 MiB, 23028 MiB
2026/02/25 17:45:33.768, 1, NVIDIA A10G, 0 %, 0 %, 2037 MiB, 23028 MiB
2026/02/25 17:45:33.768, 2, NVIDIA A10G, 20 %, 7 %, 1729 MiB, 23028 MiB
2026/02/25 17:45:33.768, 3, NVIDIA A10G, 20 %, 7 %, 1949 MiB, 23028 MiB
2026/02/25 17:45:34.769, 0, NVIDIA A10G, 21 %, 8 %, 2041 MiB, 23028 MiB
2026/02/25 17:45:34.769, 1, NVIDIA A10G, 0 %, 0 %, 2037 MiB, 23028 MiB
2026/02/25 17:45:34.769, 2, NVIDIA A10G, 20 %, 8 %, 1729 MiB, 23028 MiB
2026/02/25 17:45:34.769, 3, NVIDIA A10G, 18 %, 6 %, 1949 MiB, 23028 MiB
2026/02/25 17:45:35.769, 0, NVIDIA A10G, 21 %, 6 %, 2041 MiB, 23028 MiB
2026/02/25 17:45:35.769, 1, NVIDIA A10G, 0 %, 0 %, 2037 MiB, 23028 MiB
2026/02/25 17:45:35.769, 2, NVIDIA A10G, 17 %, 6 %, 1729 MiB, 23028 MiB
2026/02/25 17:45:35.769, 3, NVIDIA A10G, 22 %, 8 %, 1949 MiB, 23028 MiB
2026/02/25 17:45:36.769, 0, NVIDIA A10G, 21 %, 8 %, 2041 MiB, 23028 MiB
2026/02/25 17:45:36.769, 1, NVIDIA A10G, 0 %, 0 %, 2037 MiB, 23028 MiB
2026/02/25 17:45:36.769, 2, NVIDIA A10G, 21 %, 7 %, 1729 MiB, 23028 MiB
2026/02/25 17:45:36.770, 3, NVIDIA A10G, 22 %, 8 %, 1949 MiB, 23028 MiB
2026/02/25 17:45:37.770, 0, NVIDIA A10G, 20 %, 7 %, 2041 MiB, 23028 MiB
2026/02/25 17:45:37.770, 1, NVIDIA A10G, 0 %, 0 %, 2037 MiB, 23028 MiB
2026/02/25 17:45:37.770, 2, NVIDIA A10G, 21 %, 8 %, 1729 MiB, 23028 MiB
2026/02/25 17:45:37.770, 3, NVIDIA A10G, 17 %, 6 %, 1949 MiB, 23028 MiB
2026/02/25 17:45:38.770, 0, NVIDIA A10G, 21 %, 7 %, 2041 MiB, 23028 MiB
2026/02/25 17:45:38.770, 1, NVIDIA A10G, 0 %, 0 %, 2037 MiB, 23028 MiB
2026/02/25 17:45:38.770, 2, NVIDIA A10G, 21 %, 8 %, 1729 MiB, 23028 MiB
2026/02/25 17:45:38.770, 3, NVIDIA A10G, 16 %, 6 %, 1949 MiB, 23028 MiB
2026/02/25 17:45:39.770, 0, NVIDIA A10G, 0 %, 0 %, 2041 MiB, 23028 MiB
2026/02/25 17:45:39.771, 1, NVIDIA A10G, 0 %, 0 %, 2037 MiB, 23028 MiB
2026/02/25 17:45:39.771, 2, NVIDIA A10G, 21 %, 8 %, 1729 MiB, 23028 MiB
2026/02/25 17:45:39.771, 3, NVIDIA A10G, 23 %, 8 %, 1949 MiB, 23028 MiB
2026/02/25 17:45:40.771, 0, NVIDIA A10G, 0 %, 0 %, 2041 MiB, 23028 MiB
2026/02/25 17:45:40.771, 1, NVIDIA A10G, 78 %, 50 %, 2037 MiB, 23028 MiB
2026/02/25 17:45:40.771, 2, NVIDIA A10G, 21 %, 8 %, 1729 MiB, 23028 MiB
2026/02/25 17:45:40.771, 3, NVIDIA A10G, 21 %, 8 %, 1949 MiB, 23028 MiB
2026/02/25 17:45:41.771, 0, NVIDIA A10G, 0 %, 0 %, 2041 MiB, 23028 MiB
2026/02/25 17:45:41.771, 1, NVIDIA A10G, 21 %, 7 %, 2037 MiB, 23028 MiB
2026/02/25 17:45:41.771, 2, NVIDIA A10G, 20 %, 7 %, 1729 MiB, 23028 MiB
2026/02/25 17:45:41.771, 3, NVIDIA A10G, 0 %, 0 %, 1949 MiB, 23028 MiB
2026/02/25 17:45:42.772, 0, NVIDIA A10G, 0 %, 0 %, 2041 MiB, 23028 MiB
2026/02/25 17:45:42.772, 1, NVIDIA A10G, 17 %, 6 %, 2037 MiB, 23028 MiB
2026/02/25 17:45:42.772, 2, NVIDIA A10G, 22 %, 8 %, 1729 MiB, 23028 MiB
2026/02/25 17:45:42.772, 3, NVIDIA A10G, 0 %, 0 %, 1949 MiB, 23028 MiB
2026/02/25 17:45:43.772, 0, NVIDIA A10G, 0 %, 0 %, 2041 MiB, 23028 MiB
2026/02/25 17:45:43.772, 1, NVIDIA A10G, 21 %, 7 %, 2037 MiB, 23028 MiB
2026/02/25 17:45:43.772, 2, NVIDIA A10G, 0 %, 0 %, 1729 MiB, 23028 MiB
2026/02/25 17:45:43.772, 3, NVIDIA A10G, 0 %, 0 %, 1949 MiB, 23028 MiB
2026/02/25 17:45:44.772, 0, NVIDIA A10G, 0 %, 0 %, 2041 MiB, 23028 MiB
2026/02/25 17:45:44.773, 1, NVIDIA A10G, 23 %, 8 %, 2037 MiB, 23028 MiB
2026/02/25 17:45:44.773, 2, NVIDIA A10G, 0 %, 0 %, 1729 MiB, 23028 MiB
2026/02/25 17:45:44.773, 3, NVIDIA A10G, 0 %, 0 %, 1949 MiB, 23028 MiB
2026/02/25 17:45:45.773, 0, NVIDIA A10G, 0 %, 0 %, 2041 MiB, 23028 MiB
2026/02/25 17:45:45.773, 1, NVIDIA A10G, 18 %, 6 %, 2037 MiB, 23028 MiB
2026/02/25 17:45:45.773, 2, NVIDIA A10G, 0 %, 0 %, 1729 MiB, 23028 MiB
2026/02/25 17:45:45.773, 3, NVIDIA A10G, 0 %, 0 %, 1949 MiB, 23028 MiB
2026/02/25 17:45:46.773, 0, NVIDIA A10G, 0 %, 0 %, 2041 MiB, 23028 MiB
2026/02/25 17:45:46.773, 1, NVIDIA A10G, 20 %, 7 %, 2037 MiB, 23028 MiB
2026/02/25 17:45:46.773, 2, NVIDIA A10G, 0 %, 0 %, 1729 MiB, 23028 MiB
2026/02/25 17:45:46.774, 3, NVIDIA A10G, 5 %, 1 %, 1949 MiB, 23028 MiB
2026/02/25 17:45:47.774, 0, NVIDIA A10G, 0 %, 0 %, 2041 MiB, 23028 MiB
2026/02/25 17:45:47.774, 1, NVIDIA A10G, 21 %, 7 %, 2037 MiB, 23028 MiB
2026/02/25 17:45:47.774, 2, NVIDIA A10G, 0 %, 0 %, 1729 MiB, 23028 MiB
2026/02/25 17:45:47.774, 3, NVIDIA A10G, 22 %, 8 %, 1949 MiB, 23028 MiB
2026/02/25 17:45:48.774, 0, NVIDIA A10G, 0 %, 0 %, 2041 MiB, 23028 MiB
2026/02/25 17:45:48.774, 1, NVIDIA A10G, 22 %, 8 %, 2037 MiB, 23028 MiB
2026/02/25 17:45:48.774, 2, NVIDIA A10G, 86 %, 56 %, 1729 MiB, 23028 MiB
2026/02/25 17:45:48.774, 3, NVIDIA A10G, 18 %, 6 %, 1949 MiB, 23028 MiB
2026/02/25 17:45:49.775, 0, NVIDIA A10G, 0 %, 0 %, 2041 MiB, 23028 MiB
2026/02/25 17:45:49.775, 1, NVIDIA A10G, 19 %, 7 %, 2037 MiB, 23028 MiB
2026/02/25 17:45:49.775, 2, NVIDIA A10G, 18 %, 6 %, 1729 MiB, 23028 MiB
2026/02/25 17:45:49.775, 3, NVIDIA A10G, 23 %, 8 %, 1949 MiB, 23028 MiB
2026/02/25 17:45:50.775, 0, NVIDIA A10G, 0 %, 0 %, 2041 MiB, 23028 MiB
2026/02/25 17:45:50.775, 1, NVIDIA A10G, 6 %, 2 %, 2037 MiB, 23028 MiB
2026/02/25 17:45:50.775, 2, NVIDIA A10G, 20 %, 7 %, 1729 MiB, 23028 MiB
2026/02/25 17:45:50.776, 3, NVIDIA A10G, 21 %, 7 %, 1949 MiB, 23028 MiB
2026/02/25 17:45:51.776, 0, NVIDIA A10G, 0 %, 0 %, 2041 MiB, 23028 MiB
2026/02/25 17:45:51.776, 1, NVIDIA A10G, 0 %, 0 %, 2037 MiB, 23028 MiB
2026/02/25 17:45:51.776, 2, NVIDIA A10G, 19 %, 7 %, 1729 MiB, 23028 MiB
2026/02/25 17:45:51.776, 3, NVIDIA A10G, 21 %, 8 %, 1949 MiB, 23028 MiB
2026/02/25 17:45:52.776, 0, NVIDIA A10G, 0 %, 0 %, 2041 MiB, 23028 MiB
2026/02/25 17:45:52.776, 1, NVIDIA A10G, 0 %, 0 %, 2037 MiB, 23028 MiB
2026/02/25 17:45:52.776, 2, NVIDIA A10G, 20 %, 6 %, 1729 MiB, 23028 MiB
2026/02/25 17:45:52.776, 3, NVIDIA A10G, 0 %, 0 %, 1949 MiB, 23028 MiB
2026/02/25 17:45:53.777, 0, NVIDIA A10G, 79 %, 53 %, 2041 MiB, 23028 MiB
2026/02/25 17:45:53.777, 1, NVIDIA A10G, 0 %, 0 %, 2037 MiB, 23028 MiB
2026/02/25 17:45:53.777, 2, NVIDIA A10G, 22 %, 8 %, 1729 MiB, 23028 MiB
2026/02/25 17:45:53.777, 3, NVIDIA A10G, 0 %, 0 %, 1949 MiB, 23028 MiB
2026/02/25 17:45:54.777, 0, NVIDIA A10G, 22 %, 8 %, 2041 MiB, 23028 MiB
2026/02/25 17:45:54.777, 1, NVIDIA A10G, 0 %, 0 %, 2037 MiB, 23028 MiB
2026/02/25 17:45:54.777, 2, NVIDIA A10G, 0 %, 0 %, 1729 MiB, 23028 MiB
2026/02/25 17:45:54.777, 3, NVIDIA A10G, 0 %, 0 %, 1949 MiB, 23028 MiB
2026/02/25 17:45:55.778, 0, NVIDIA A10G, 23 %, 8 %, 2041 MiB, 23028 MiB
2026/02/25 17:45:55.778, 1, NVIDIA A10G, 0 %, 0 %, 2037 MiB, 23028 MiB
2026/02/25 17:45:55.778, 2, NVIDIA A10G, 0 %, 0 %, 1729 MiB, 23028 MiB
2026/02/25 17:45:55.778, 3, NVIDIA A10G, 0 %, 0 %, 1949 MiB, 23028 MiB
2026/02/25 17:45:56.778, 0, NVIDIA A10G, 22 %, 7 %, 2041 MiB, 23028 MiB
2026/02/25 17:45:56.778, 1, NVIDIA A10G, 0 %, 0 %, 2037 MiB, 23028 MiB
2026/02/25 17:45:56.778, 2, NVIDIA A10G, 0 %, 0 %, 1729 MiB, 23028 MiB
2026/02/25 17:45:56.778, 3, NVIDIA A10G, 0 %, 0 %, 1949 MiB, 23028 MiB
2026/02/25 17:45:57.779, 0, NVIDIA A10G, 22 %, 8 %, 2041 MiB, 23028 MiB
2026/02/25 17:45:57.779, 1, NVIDIA A10G, 0 %, 0 %, 2037 MiB, 23028 MiB
2026/02/25 17:45:57.779, 2, NVIDIA A10G, 0 %, 0 %, 1729 MiB, 23028 MiB
2026/02/25 17:45:57.779, 3, NVIDIA A10G, 0 %, 0 %, 1949 MiB, 23028 MiB
2026/02/25 17:45:58.779, 0, NVIDIA A10G, 20 %, 6 %, 2041 MiB, 23028 MiB
2026/02/25 17:45:58.779, 1, NVIDIA A10G, 0 %, 0 %, 2037 MiB, 23028 MiB
2026/02/25 17:45:58.779, 2, NVIDIA A10G, 0 %, 0 %, 1729 MiB, 23028 MiB
2026/02/25 17:45:58.779, 3, NVIDIA A10G, 0 %, 0 %, 1949 MiB, 23028 MiB
2026/02/25 17:45:59.779, 0, NVIDIA A10G, 23 %, 8 %, 2041 MiB, 23028 MiB
2026/02/25 17:45:59.779, 1, NVIDIA A10G, 0 %, 0 %, 2037 MiB, 23028 MiB
2026/02/25 17:45:59.779, 2, NVIDIA A10G, 0 %, 0 %, 1729 MiB, 23028 MiB
2026/02/25 17:45:59.779, 3, NVIDIA A10G, 21 %, 7 %, 1949 MiB, 23028 MiB
2026/02/25 17:46:00.780, 0, NVIDIA A10G, 20 %, 7 %, 2041 MiB, 23028 MiB
2026/02/25 17:46:00.780, 1, NVIDIA A10G, 87 %, 54 %, 2037 MiB, 23028 MiB
2026/02/25 17:46:00.780, 2, NVIDIA A10G, 0 %, 0 %, 1729 MiB, 23028 MiB
2026/02/25 17:46:00.780, 3, NVIDIA A10G, 20 %, 7 %, 1949 MiB, 23028 MiB
2026/02/25 17:46:01.780, 0, NVIDIA A10G, 20 %, 7 %, 2041 MiB, 23028 MiB
2026/02/25 17:46:01.780, 1, NVIDIA A10G, 21 %, 8 %, 2037 MiB, 23028 MiB
2026/02/25 17:46:01.780, 2, NVIDIA A10G, 0 %, 0 %, 1729 MiB, 23028 MiB
2026/02/25 17:46:01.780, 3, NVIDIA A10G, 21 %, 8 %, 1949 MiB, 23028 MiB
2026/02/25 17:46:02.780, 0, NVIDIA A10G, 21 %, 7 %, 2041 MiB, 23028 MiB
2026/02/25 17:46:02.780, 1, NVIDIA A10G, 20 %, 7 %, 2037 MiB, 23028 MiB
2026/02/25 17:46:02.780, 2, NVIDIA A10G, 0 %, 0 %, 1729 MiB, 23028 MiB
2026/02/25 17:46:02.781, 3, NVIDIA A10G, 19 %, 6 %, 1949 MiB, 23028 MiB
2026/02/25 17:46:03.781, 0, NVIDIA A10G, 21 %, 7 %, 2041 MiB, 23028 MiB
2026/02/25 17:46:03.781, 1, NVIDIA A10G, 14 %, 5 %, 2037 MiB, 23028 MiB
2026/02/25 17:46:03.781, 2, NVIDIA A10G, 0 %, 0 %, 1729 MiB, 23028 MiB
2026/02/25 17:46:03.781, 3, NVIDIA A10G, 21 %, 8 %, 1949 MiB, 23028 MiB
2026/02/25 17:46:04.781, 0, NVIDIA A10G, 21 %, 7 %, 2041 MiB, 23028 MiB
2026/02/25 17:46:04.781, 1, NVIDIA A10G, 15 %, 5 %, 2037 MiB, 23028 MiB
2026/02/25 17:46:04.781, 2, NVIDIA A10G, 0 %, 0 %, 1729 MiB, 23028 MiB
2026/02/25 17:46:04.781, 3, NVIDIA A10G, 20 %, 7 %, 1949 MiB, 23028 MiB
2026/02/25 17:46:05.781, 0, NVIDIA A10G, 22 %, 8 %, 2041 MiB, 23028 MiB
2026/02/25 17:46:05.782, 1, NVIDIA A10G, 18 %, 6 %, 2037 MiB, 23028 MiB
2026/02/25 17:46:05.782, 2, NVIDIA A10G, 0 %, 0 %, 1729 MiB, 23028 MiB
2026/02/25 17:46:05.782, 3, NVIDIA A10G, 19 %, 7 %, 1949 MiB, 23028 MiB
2026/02/25 17:46:06.782, 0, NVIDIA A10G, 20 %, 7 %, 2041 MiB, 23028 MiB
2026/02/25 17:46:06.782, 1, NVIDIA A10G, 20 %, 7 %, 2037 MiB, 23028 MiB
2026/02/25 17:46:06.782, 2, NVIDIA A10G, 0 %, 0 %, 1729 MiB, 23028 MiB
2026/02/25 17:46:06.782, 3, NVIDIA A10G, 20 %, 7 %, 1949 MiB, 23028 MiB
2026/02/25 17:46:07.782, 0, NVIDIA A10G, 22 %, 8 %, 2041 MiB, 23028 MiB
2026/02/25 17:46:07.782, 1, NVIDIA A10G, 21 %, 7 %, 2037 MiB, 23028 MiB
2026/02/25 17:46:07.782, 2, NVIDIA A10G, 0 %, 0 %, 1729 MiB, 23028 MiB
2026/02/25 17:46:07.782, 3, NVIDIA A10G, 0 %, 0 %, 1949 MiB, 23028 MiB
2026/02/25 17:46:08.783, 0, NVIDIA A10G, 20 %, 7 %, 2041 MiB, 23028 MiB
2026/02/25 17:46:08.783, 1, NVIDIA A10G, 22 %, 7 %, 2037 MiB, 23028 MiB
2026/02/25 17:46:08.783, 2, NVIDIA A10G, 79 %, 49 %, 1729 MiB, 23028 MiB
2026/02/25 17:46:08.783, 3, NVIDIA A10G, 0 %, 0 %, 1949 MiB, 23028 MiB
2026/02/25 17:46:09.783, 0, NVIDIA A10G, 13 %, 4 %, 2041 MiB, 23028 MiB
2026/02/25 17:46:09.783, 1, NVIDIA A10G, 21 %, 7 %, 2037 MiB, 23028 MiB
2026/02/25 17:46:09.783, 2, NVIDIA A10G, 18 %, 6 %, 1729 MiB, 23028 MiB
2026/02/25 17:46:09.783, 3, NVIDIA A10G, 0 %, 0 %, 1949 MiB, 23028 MiB
2026/02/25 17:46:10.783, 0, NVIDIA A10G, 0 %, 0 %, 2041 MiB, 23028 MiB
2026/02/25 17:46:10.783, 1, NVIDIA A10G, 21 %, 8 %, 2037 MiB, 23028 MiB
2026/02/25 17:46:10.783, 2, NVIDIA A10G, 23 %, 8 %, 1729 MiB, 23028 MiB
2026/02/25 17:46:10.783, 3, NVIDIA A10G, 0 %, 0 %, 1949 MiB, 23028 MiB
2026/02/25 17:46:11.784, 0, NVIDIA A10G, 0 %, 0 %, 2041 MiB, 23028 MiB
2026/02/25 17:46:11.784, 1, NVIDIA A10G, 20 %, 7 %, 2037 MiB, 23028 MiB
2026/02/25 17:46:11.784, 2, NVIDIA A10G, 21 %, 8 %, 1729 MiB, 23028 MiB
2026/02/25 17:46:11.784, 3, NVIDIA A10G, 0 %, 0 %, 1949 MiB, 23028 MiB
2026/02/25 17:46:12.784, 0, NVIDIA A10G, 0 %, 0 %, 2041 MiB, 23028 MiB
2026/02/25 17:46:12.784, 1, NVIDIA A10G, 23 %, 8 %, 2037 MiB, 23028 MiB
2026/02/25 17:46:12.784, 2, NVIDIA A10G, 18 %, 6 %, 1729 MiB, 23028 MiB
2026/02/25 17:46:12.784, 3, NVIDIA A10G, 0 %, 0 %, 1949 MiB, 23028 MiB
2026/02/25 17:46:13.784, 0, NVIDIA A10G, 0 %, 0 %, 2041 MiB, 23028 MiB
2026/02/25 17:46:13.784, 1, NVIDIA A10G, 0 %, 0 %, 2037 MiB, 23028 MiB
2026/02/25 17:46:13.784, 2, NVIDIA A10G, 19 %, 6 %, 1729 MiB, 23028 MiB
2026/02/25 17:46:13.784, 3, NVIDIA A10G, 0 %, 0 %, 1949 MiB, 23028 MiB
2026/02/25 17:46:14.785, 0, NVIDIA A10G, 0 %, 0 %, 2041 MiB, 23028 MiB
2026/02/25 17:46:14.785, 1, NVIDIA A10G, 0 %, 0 %, 2037 MiB, 23028 MiB
2026/02/25 17:46:14.785, 2, NVIDIA A10G, 21 %, 8 %, 1729 MiB, 23028 MiB
2026/02/25 17:46:14.785, 3, NVIDIA A10G, 0 %, 0 %, 1949 MiB, 23028 MiB
2026/02/25 17:46:15.785, 0, NVIDIA A10G, 0 %, 0 %, 2041 MiB, 23028 MiB
2026/02/25 17:46:15.785, 1, NVIDIA A10G, 0 %, 0 %, 2037 MiB, 23028 MiB
2026/02/25 17:46:15.785, 2, NVIDIA A10G, 22 %, 7 %, 1729 MiB, 23028 MiB
2026/02/25 17:46:15.785, 3, NVIDIA A10G, 0 %, 0 %, 1949 MiB, 23028 MiB
2026/02/25 17:46:16.785, 0, NVIDIA A10G, 0 %, 0 %, 2041 MiB, 23028 MiB
2026/02/25 17:46:16.785, 1, NVIDIA A10G, 0 %, 0 %, 2037 MiB, 23028 MiB
2026/02/25 17:46:16.786, 2, NVIDIA A10G, 22 %, 8 %, 1729 MiB, 23028 MiB
2026/02/25 17:46:16.786, 3, NVIDIA A10G, 0 %, 0 %, 1949 MiB, 23028 MiB
2026/02/25 17:46:17.786, 0, NVIDIA A10G, 0 %, 0 %, 2041 MiB, 23028 MiB
2026/02/25 17:46:17.786, 1, NVIDIA A10G, 0 %, 0 %, 2037 MiB, 23028 MiB
2026/02/25 17:46:17.786, 2, NVIDIA A10G, 20 %, 7 %, 1729 MiB, 23028 MiB
2026/02/25 17:46:17.786, 3, NVIDIA A10G, 0 %, 0 %, 1949 MiB, 23028 MiB
2026/02/25 17:46:18.786, 0, NVIDIA A10G, 0 %, 0 %, 2041 MiB, 23028 MiB
2026/02/25 17:46:18.786, 1, NVIDIA A10G, 92 %, 63 %, 2037 MiB, 23028 MiB
2026/02/25 17:46:18.786, 2, NVIDIA A10G, 22 %, 7 %, 1729 MiB, 23028 MiB
2026/02/25 17:46:18.786, 3, NVIDIA A10G, 0 %, 0 %, 1949 MiB, 23028 MiB
2026/02/25 17:46:19.787, 0, NVIDIA A10G, 0 %, 0 %, 2041 MiB, 23028 MiB
2026/02/25 17:46:19.787, 1, NVIDIA A10G, 21 %, 7 %, 2037 MiB, 23028 MiB
2026/02/25 17:46:19.787, 2, NVIDIA A10G, 22 %, 8 %, 1729 MiB, 23028 MiB
2026/02/25 17:46:19.787, 3, NVIDIA A10G, 0 %, 0 %, 1949 MiB, 23028 MiB
2026/02/25 17:46:20.787, 0, NVIDIA A10G, 0 %, 0 %, 2041 MiB, 23028 MiB
2026/02/25 17:46:20.787, 1, NVIDIA A10G, 19 %, 6 %, 2037 MiB, 23028 MiB
2026/02/25 17:46:20.787, 2, NVIDIA A10G, 19 %, 7 %, 1729 MiB, 23028 MiB
2026/02/25 17:46:20.787, 3, NVIDIA A10G, 19 %, 7 %, 1949 MiB, 23028 MiB
2026/02/25 17:46:21.787, 0, NVIDIA A10G, 20 %, 7 %, 2041 MiB, 23028 MiB
2026/02/25 17:46:21.787, 1, NVIDIA A10G, 18 %, 6 %, 2037 MiB, 23028 MiB
2026/02/25 17:46:21.788, 2, NVIDIA A10G, 18 %, 6 %, 1729 MiB, 23028 MiB
2026/02/25 17:46:21.788, 3, NVIDIA A10G, 18 %, 6 %, 1949 MiB, 23028 MiB
2026/02/25 17:46:22.788, 0, NVIDIA A10G, 21 %, 8 %, 2041 MiB, 23028 MiB
2026/02/25 17:46:22.788, 1, NVIDIA A10G, 20 %, 6 %, 2037 MiB, 23028 MiB
2026/02/25 17:46:22.788, 2, NVIDIA A10G, 16 %, 5 %, 1729 MiB, 23028 MiB
2026/02/25 17:46:22.788, 3, NVIDIA A10G, 16 %, 6 %, 1949 MiB, 23028 MiB
2026/02/25 17:46:23.788, 0, NVIDIA A10G, 19 %, 6 %, 2041 MiB, 23028 MiB
2026/02/25 17:46:23.788, 1, NVIDIA A10G, 19 %, 6 %, 2037 MiB, 23028 MiB
2026/02/25 17:46:23.789, 2, NVIDIA A10G, 19 %, 6 %, 1729 MiB, 23028 MiB
2026/02/25 17:46:23.789, 3, NVIDIA A10G, 17 %, 5 %, 1949 MiB, 23028 MiB
2026/02/25 17:46:24.789, 0, NVIDIA A10G, 20 %, 7 %, 2041 MiB, 23028 MiB
2026/02/25 17:46:24.789, 1, NVIDIA A10G, 0 %, 0 %, 2037 MiB, 23028 MiB
2026/02/25 17:46:24.789, 2, NVIDIA A10G, 12 %, 4 %, 1729 MiB, 23028 MiB
2026/02/25 17:46:24.789, 3, NVIDIA A10G, 19 %, 6 %, 1949 MiB, 23028 MiB
2026/02/25 17:46:25.789, 0, NVIDIA A10G, 20 %, 7 %, 2041 MiB, 23028 MiB
2026/02/25 17:46:25.789, 1, NVIDIA A10G, 0 %, 0 %, 2037 MiB, 23028 MiB
2026/02/25 17:46:25.789, 2, NVIDIA A10G, 0 %, 0 %, 1729 MiB, 23028 MiB
2026/02/25 17:46:25.790, 3, NVIDIA A10G, 23 %, 8 %, 1949 MiB, 23028 MiB
2026/02/25 17:46:26.790, 0, NVIDIA A10G, 18 %, 6 %, 2041 MiB, 23028 MiB
2026/02/25 17:46:26.790, 1, NVIDIA A10G, 0 %, 0 %, 2037 MiB, 23028 MiB
2026/02/25 17:46:26.790, 2, NVIDIA A10G, 0 %, 0 %, 1729 MiB, 23028 MiB
2026/02/25 17:46:26.790, 3, NVIDIA A10G, 14 %, 5 %, 1949 MiB, 23028 MiB
2026/02/25 17:46:27.790, 0, NVIDIA A10G, 20 %, 7 %, 2041 MiB, 23028 MiB
2026/02/25 17:46:27.790, 1, NVIDIA A10G, 8 %, 4 %, 2037 MiB, 23028 MiB
2026/02/25 17:46:27.790, 2, NVIDIA A10G, 0 %, 0 %, 1729 MiB, 23028 MiB
2026/02/25 17:46:27.790, 3, NVIDIA A10G, 20 %, 7 %, 1949 MiB, 23028 MiB
2026/02/25 17:46:28.791, 0, NVIDIA A10G, 18 %, 6 %, 2041 MiB, 23028 MiB
2026/02/25 17:46:28.791, 1, NVIDIA A10G, 18 %, 6 %, 2037 MiB, 23028 MiB
2026/02/25 17:46:28.791, 2, NVIDIA A10G, 0 %, 0 %, 1729 MiB, 23028 MiB
2026/02/25 17:46:28.791, 3, NVIDIA A10G, 18 %, 6 %, 1949 MiB, 23028 MiB
2026/02/25 17:46:29.791, 0, NVIDIA A10G, 17 %, 6 %, 2041 MiB, 23028 MiB
2026/02/25 17:46:29.791, 1, NVIDIA A10G, 14 %, 4 %, 2037 MiB, 23028 MiB
2026/02/25 17:46:29.791, 2, NVIDIA A10G, 0 %, 0 %, 1729 MiB, 23028 MiB
2026/02/25 17:46:29.791, 3, NVIDIA A10G, 19 %, 6 %, 1949 MiB, 23028 MiB
2026/02/25 17:46:30.791, 0, NVIDIA A10G, 19 %, 6 %, 2041 MiB, 23028 MiB
2026/02/25 17:46:30.791, 1, NVIDIA A10G, 17 %, 5 %, 2037 MiB, 23028 MiB
2026/02/25 17:46:30.791, 2, NVIDIA A10G, 0 %, 0 %, 1729 MiB, 23028 MiB
2026/02/25 17:46:30.791, 3, NVIDIA A10G, 21 %, 8 %, 1949 MiB, 23028 MiB
2026/02/25 17:46:31.792, 0, NVIDIA A10G, 23 %, 8 %, 2041 MiB, 23028 MiB
2026/02/25 17:46:31.792, 1, NVIDIA A10G, 19 %, 6 %, 2037 MiB, 23028 MiB
2026/02/25 17:46:31.792, 2, NVIDIA A10G, 0 %, 0 %, 1729 MiB, 23028 MiB
2026/02/25 17:46:31.792, 3, NVIDIA A10G, 20 %, 7 %, 1949 MiB, 23028 MiB
2026/02/25 17:46:32.792, 0, NVIDIA A10G, 13 %, 4 %, 2041 MiB, 23028 MiB
2026/02/25 17:46:32.792, 1, NVIDIA A10G, 0 %, 0 %, 2037 MiB, 23028 MiB
2026/02/25 17:46:32.792, 2, NVIDIA A10G, 83 %, 55 %, 1729 MiB, 23028 MiB
2026/02/25 17:46:32.792, 3, NVIDIA A10G, 18 %, 6 %, 1949 MiB, 23028 MiB
2026/02/25 17:46:33.792, 0, NVIDIA A10G, 0 %, 0 %, 2041 MiB, 23028 MiB
2026/02/25 17:46:33.792, 1, NVIDIA A10G, 0 %, 0 %, 2037 MiB, 23028 MiB
2026/02/25 17:46:33.793, 2, NVIDIA A10G, 20 %, 7 %, 1729 MiB, 23028 MiB
2026/02/25 17:46:33.793, 3, NVIDIA A10G, 23 %, 8 %, 1949 MiB, 23028 MiB
2026/02/25 17:46:34.793, 0, NVIDIA A10G, 0 %, 0 %, 2041 MiB, 23028 MiB
2026/02/25 17:46:34.793, 1, NVIDIA A10G, 0 %, 0 %, 2037 MiB, 23028 MiB
2026/02/25 17:46:34.793, 2, NVIDIA A10G, 21 %, 7 %, 1729 MiB, 23028 MiB
2026/02/25 17:46:34.793, 3, NVIDIA A10G, 20 %, 6 %, 1949 MiB, 23028 MiB
2026/02/25 17:46:35.793, 0, NVIDIA A10G, 0 %, 0 %, 2041 MiB, 23028 MiB
2026/02/25 17:46:35.793, 1, NVIDIA A10G, 0 %, 0 %, 2037 MiB, 23028 MiB
2026/02/25 17:46:35.793, 2, NVIDIA A10G, 23 %, 8 %, 1729 MiB, 23028 MiB
2026/02/25 17:46:35.793, 3, NVIDIA A10G, 0 %, 0 %, 1949 MiB, 23028 MiB
2026/02/25 17:46:36.793, 0, NVIDIA A10G, 0 %, 0 %, 2041 MiB, 23028 MiB
2026/02/25 17:46:36.793, 1, NVIDIA A10G, 0 %, 0 %, 2037 MiB, 23028 MiB
2026/02/25 17:46:36.794, 2, NVIDIA A10G, 21 %, 8 %, 1729 MiB, 23028 MiB
2026/02/25 17:46:36.794, 3, NVIDIA A10G, 0 %, 0 %, 1949 MiB, 23028 MiB
2026/02/25 17:46:37.794, 0, NVIDIA A10G, 0 %, 0 %, 2041 MiB, 23028 MiB
2026/02/25 17:46:37.794, 1, NVIDIA A10G, 0 %, 0 %, 2037 MiB, 23028 MiB
2026/02/25 17:46:37.794, 2, NVIDIA A10G, 15 %, 5 %, 1729 MiB, 23028 MiB
2026/02/25 17:46:37.794, 3, NVIDIA A10G, 0 %, 0 %, 1949 MiB, 23028 MiB
2026/02/25 17:46:38.794, 0, NVIDIA A10G, 0 %, 0 %, 2041 MiB, 23028 MiB
2026/02/25 17:46:38.794, 1, NVIDIA A10G, 0 %, 0 %, 2037 MiB, 23028 MiB
2026/02/25 17:46:38.794, 2, NVIDIA A10G, 21 %, 7 %, 1729 MiB, 23028 MiB
2026/02/25 17:46:38.794, 3, NVIDIA A10G, 0 %, 0 %, 1949 MiB, 23028 MiB
2026/02/25 17:46:39.794, 0, NVIDIA A10G, 0 %, 0 %, 2041 MiB, 23028 MiB
2026/02/25 17:46:39.795, 1, NVIDIA A10G, 0 %, 0 %, 2037 MiB, 23028 MiB
2026/02/25 17:46:39.795, 2, NVIDIA A10G, 21 %, 7 %, 1729 MiB, 23028 MiB
2026/02/25 17:46:39.795, 3, NVIDIA A10G, 0 %, 0 %, 1949 MiB, 23028 MiB
2026/02/25 17:46:40.795, 0, NVIDIA A10G, 0 %, 0 %, 2041 MiB, 23028 MiB
2026/02/25 17:46:40.795, 1, NVIDIA A10G, 0 %, 0 %, 2037 MiB, 23028 MiB
2026/02/25 17:46:40.795, 2, NVIDIA A10G, 22 %, 7 %, 1729 MiB, 23028 MiB
2026/02/25 17:46:40.795, 3, NVIDIA A10G, 0 %, 0 %, 1949 MiB, 23028 MiB
2026/02/25 17:46:41.795, 0, NVIDIA A10G, 0 %, 0 %, 2041 MiB, 23028 MiB
2026/02/25 17:46:41.795, 1, NVIDIA A10G, 0 %, 0 %, 2037 MiB, 23028 MiB
2026/02/25 17:46:41.795, 2, NVIDIA A10G, 15 %, 5 %, 1729 MiB, 23028 MiB
2026/02/25 17:46:41.795, 3, NVIDIA A10G, 0 %, 0 %, 1949 MiB, 23028 MiB
2026/02/25 17:46:42.795, 0, NVIDIA A10G, 0 %, 0 %, 2041 MiB, 23028 MiB
2026/02/25 17:46:42.796, 1, NVIDIA A10G, 0 %, 0 %, 2037 MiB, 23028 MiB
2026/02/25 17:46:42.796, 2, NVIDIA A10G, 0 %, 0 %, 1729 MiB, 23028 MiB
2026/02/25 17:46:42.796, 3, NVIDIA A10G, 0 %, 0 %, 1949 MiB, 23028 MiB
2026/02/25 17:46:43.796, 0, NVIDIA A10G, 0 %, 0 %, 2041 MiB, 23028 MiB
2026/02/25 17:46:43.796, 1, NVIDIA A10G, 0 %, 0 %, 2037 MiB, 23028 MiB
2026/02/25 17:46:43.796, 2, NVIDIA A10G, 0 %, 0 %, 1729 MiB, 23028 MiB
2026/02/25 17:46:43.796, 3, NVIDIA A10G, 0 %, 0 %, 1949 MiB, 23028 MiB
2026/02/25 17:46:44.796, 0, NVIDIA A10G, 22 %, 8 %, 2041 MiB, 23028 MiB
2026/02/25 17:46:44.796, 1, NVIDIA A10G, 22 %, 8 %, 2037 MiB, 23028 MiB
2026/02/25 17:46:44.796, 2, NVIDIA A10G, 0 %, 0 %, 1729 MiB, 23028 MiB
2026/02/25 17:46:44.796, 3, NVIDIA A10G, 0 %, 0 %, 1949 MiB, 23028 MiB
2026/02/25 17:46:45.796, 0, NVIDIA A10G, 18 %, 6 %, 2041 MiB, 23028 MiB
2026/02/25 17:46:45.797, 1, NVIDIA A10G, 15 %, 5 %, 2037 MiB, 23028 MiB
2026/02/25 17:46:45.797, 2, NVIDIA A10G, 0 %, 0 %, 1729 MiB, 23028 MiB
2026/02/25 17:46:45.797, 3, NVIDIA A10G, 0 %, 0 %, 1949 MiB, 23028 MiB
2026/02/25 17:46:46.797, 0, NVIDIA A10G, 20 %, 7 %, 2041 MiB, 23028 MiB
2026/02/25 17:46:46.797, 1, NVIDIA A10G, 16 %, 6 %, 2037 MiB, 23028 MiB
2026/02/25 17:46:46.797, 2, NVIDIA A10G, 0 %, 0 %, 1729 MiB, 23028 MiB
2026/02/25 17:46:46.797, 3, NVIDIA A10G, 22 %, 8 %, 1949 MiB, 23028 MiB
2026/02/25 17:46:47.797, 0, NVIDIA A10G, 20 %, 7 %, 2041 MiB, 23028 MiB
2026/02/25 17:46:47.797, 1, NVIDIA A10G, 20 %, 6 %, 2037 MiB, 23028 MiB
2026/02/25 17:46:47.798, 2, NVIDIA A10G, 0 %, 0 %, 1729 MiB, 23028 MiB
2026/02/25 17:46:47.798, 3, NVIDIA A10G, 19 %, 7 %, 1949 MiB, 23028 MiB
2026/02/25 17:46:48.798, 0, NVIDIA A10G, 19 %, 7 %, 2041 MiB, 23028 MiB
2026/02/25 17:46:48.798, 1, NVIDIA A10G, 20 %, 7 %, 2037 MiB, 23028 MiB
2026/02/25 17:46:48.798, 2, NVIDIA A10G, 0 %, 0 %, 1729 MiB, 23028 MiB
2026/02/25 17:46:48.798, 3, NVIDIA A10G, 19 %, 6 %, 1949 MiB, 23028 MiB
2026/02/25 17:46:49.798, 0, NVIDIA A10G, 19 %, 7 %, 2041 MiB, 23028 MiB
2026/02/25 17:46:49.798, 1, NVIDIA A10G, 20 %, 7 %, 2037 MiB, 23028 MiB
2026/02/25 17:46:49.798, 2, NVIDIA A10G, 0 %, 0 %, 1729 MiB, 23028 MiB
2026/02/25 17:46:49.799, 3, NVIDIA A10G, 19 %, 7 %, 1949 MiB, 23028 MiB
2026/02/25 17:46:50.799, 0, NVIDIA A10G, 18 %, 6 %, 2041 MiB, 23028 MiB
2026/02/25 17:46:50.799, 1, NVIDIA A10G, 17 %, 6 %, 2037 MiB, 23028 MiB
2026/02/25 17:46:50.799, 2, NVIDIA A10G, 81 %, 50 %, 1729 MiB, 23028 MiB
2026/02/25 17:46:50.799, 3, NVIDIA A10G, 20 %, 7 %, 1949 MiB, 23028 MiB
2026/02/25 17:46:51.799, 0, NVIDIA A10G, 21 %, 7 %, 2041 MiB, 23028 MiB
2026/02/25 17:46:51.799, 1, NVIDIA A10G, 20 %, 7 %, 2037 MiB, 23028 MiB
2026/02/25 17:46:51.799, 2, NVIDIA A10G, 19 %, 7 %, 1729 MiB, 23028 MiB
2026/02/25 17:46:51.799, 3, NVIDIA A10G, 20 %, 7 %, 1949 MiB, 23028 MiB
2026/02/25 17:46:52.800, 0, NVIDIA A10G, 20 %, 8 %, 2041 MiB, 23028 MiB
2026/02/25 17:46:52.800, 1, NVIDIA A10G, 17 %, 6 %, 2037 MiB, 23028 MiB
2026/02/25 17:46:52.800, 2, NVIDIA A10G, 18 %, 6 %, 1729 MiB, 23028 MiB
2026/02/25 17:46:52.800, 3, NVIDIA A10G, 19 %, 6 %, 1949 MiB, 23028 MiB
2026/02/25 17:46:53.800, 0, NVIDIA A10G, 20 %, 7 %, 2041 MiB, 23028 MiB
2026/02/25 17:46:53.800, 1, NVIDIA A10G, 19 %, 6 %, 2037 MiB, 23028 MiB
2026/02/25 17:46:53.800, 2, NVIDIA A10G, 19 %, 6 %, 1729 MiB, 23028 MiB
2026/02/25 17:46:53.800, 3, NVIDIA A10G, 19 %, 7 %, 1949 MiB, 23028 MiB
2026/02/25 17:46:54.800, 0, NVIDIA A10G, 20 %, 7 %, 2041 MiB, 23028 MiB
2026/02/25 17:46:54.800, 1, NVIDIA A10G, 19 %, 6 %, 2037 MiB, 23028 MiB
2026/02/25 17:46:54.801, 2, NVIDIA A10G, 16 %, 6 %, 1729 MiB, 23028 MiB
2026/02/25 17:46:54.801, 3, NVIDIA A10G, 19 %, 6 %, 1949 MiB, 23028 MiB
2026/02/25 17:46:55.801, 0, NVIDIA A10G, 0 %, 0 %, 2041 MiB, 23028 MiB
2026/02/25 17:46:55.801, 1, NVIDIA A10G, 21 %, 7 %, 2037 MiB, 23028 MiB
2026/02/25 17:46:55.801, 2, NVIDIA A10G, 18 %, 6 %, 1729 MiB, 23028 MiB
2026/02/25 17:46:55.801, 3, NVIDIA A10G, 21 %, 8 %, 1949 MiB, 23028 MiB
2026/02/25 17:46:56.801, 0, NVIDIA A10G, 0 %, 0 %, 2041 MiB, 23028 MiB
2026/02/25 17:46:56.801, 1, NVIDIA A10G, 0 %, 0 %, 2037 MiB, 23028 MiB
2026/02/25 17:46:56.801, 2, NVIDIA A10G, 22 %, 8 %, 1729 MiB, 23028 MiB
2026/02/25 17:46:56.801, 3, NVIDIA A10G, 20 %, 7 %, 1949 MiB, 23028 MiB
2026/02/25 17:46:57.802, 0, NVIDIA A10G, 0 %, 0 %, 2041 MiB, 23028 MiB
2026/02/25 17:46:57.802, 1, NVIDIA A10G, 0 %, 0 %, 2037 MiB, 23028 MiB
2026/02/25 17:46:57.802, 2, NVIDIA A10G, 23 %, 9 %, 1729 MiB, 23028 MiB
2026/02/25 17:46:57.802, 3, NVIDIA A10G, 11 %, 3 %, 1949 MiB, 23028 MiB
2026/02/25 17:46:58.802, 0, NVIDIA A10G, 22 %, 8 %, 2041 MiB, 23028 MiB
2026/02/25 17:46:58.802, 1, NVIDIA A10G, 0 %, 0 %, 2037 MiB, 23028 MiB
2026/02/25 17:46:58.802, 2, NVIDIA A10G, 17 %, 6 %, 1729 MiB, 23028 MiB
2026/02/25 17:46:58.802, 3, NVIDIA A10G, 0 %, 0 %, 1949 MiB, 23028 MiB
2026/02/25 17:46:59.803, 0, NVIDIA A10G, 16 %, 5 %, 2041 MiB, 23028 MiB
2026/02/25 17:46:59.803, 1, NVIDIA A10G, 0 %, 0 %, 2037 MiB, 23028 MiB
2026/02/25 17:46:59.803, 2, NVIDIA A10G, 19 %, 6 %, 1729 MiB, 23028 MiB
2026/02/25 17:46:59.803, 3, NVIDIA A10G, 0 %, 0 %, 1949 MiB, 23028 MiB
2026/02/25 17:47:00.803, 0, NVIDIA A10G, 0 %, 0 %, 2041 MiB, 23028 MiB
2026/02/25 17:47:00.803, 1, NVIDIA A10G, 0 %, 0 %, 2037 MiB, 23028 MiB
2026/02/25 17:47:00.803, 2, NVIDIA A10G, 22 %, 8 %, 1729 MiB, 23028 MiB
2026/02/25 17:47:00.803, 3, NVIDIA A10G, 0 %, 0 %, 1949 MiB, 23028 MiB
2026/02/25 17:47:01.803, 0, NVIDIA A10G, 0 %, 0 %, 2041 MiB, 23028 MiB
2026/02/25 17:47:01.804, 1, NVIDIA A10G, 0 %, 0 %, 2037 MiB, 23028 MiB
2026/02/25 17:47:01.804, 2, NVIDIA A10G, 0 %, 0 %, 1729 MiB, 23028 MiB
2026/02/25 17:47:01.804, 3, NVIDIA A10G, 0 %, 0 %, 1949 MiB, 23028 MiB
2026/02/25 17:47:02.804, 0, NVIDIA A10G, 0 %, 0 %, 2041 MiB, 23028 MiB
2026/02/25 17:47:02.804, 1, NVIDIA A10G, 0 %, 0 %, 2037 MiB, 23028 MiB
2026/02/25 17:47:02.804, 2, NVIDIA A10G, 0 %, 0 %, 1729 MiB, 23028 MiB
2026/02/25 17:47:02.804, 3, NVIDIA A10G, 0 %, 0 %, 1949 MiB, 23028 MiB
2026/02/25 17:47:03.804, 0, NVIDIA A10G, 0 %, 0 %, 2041 MiB, 23028 MiB
2026/02/25 17:47:03.804, 1, NVIDIA A10G, 0 %, 0 %, 2037 MiB, 23028 MiB
2026/02/25 17:47:03.804, 2, NVIDIA A10G, 0 %, 0 %, 1729 MiB, 23028 MiB
2026/02/25 17:47:03.805, 3, NVIDIA A10G, 0 %, 0 %, 1949 MiB, 23028 MiB
2026/02/25 17:47:04.805, 0, NVIDIA A10G, 0 %, 0 %, 2041 MiB, 23028 MiB
2026/02/25 17:47:04.805, 1, NVIDIA A10G, 0 %, 0 %, 2037 MiB, 23028 MiB
2026/02/25 17:47:04.805, 2, NVIDIA A10G, 0 %, 0 %, 1729 MiB, 23028 MiB
2026/02/25 17:47:04.805, 3, NVIDIA A10G, 0 %, 0 %, 1949 MiB, 23028 MiB
2026/02/25 17:47:05.805, 0, NVIDIA A10G, 0 %, 0 %, 2041 MiB, 23028 MiB
2026/02/25 17:47:05.805, 1, NVIDIA A10G, 21 %, 7 %, 2037 MiB, 23028 MiB
2026/02/25 17:47:05.805, 2, NVIDIA A10G, 0 %, 0 %, 1729 MiB, 23028 MiB
2026/02/25 17:47:05.805, 3, NVIDIA A10G, 0 %, 0 %, 1949 MiB, 23028 MiB
2026/02/25 17:47:06.805, 0, NVIDIA A10G, 0 %, 0 %, 2041 MiB, 23028 MiB
2026/02/25 17:47:06.806, 1, NVIDIA A10G, 23 %, 8 %, 2037 MiB, 23028 MiB
2026/02/25 17:47:06.806, 2, NVIDIA A10G, 0 %, 0 %, 1729 MiB, 23028 MiB
2026/02/25 17:47:06.806, 3, NVIDIA A10G, 0 %, 0 %, 1949 MiB, 23028 MiB
2026/02/25 17:47:07.806, 0, NVIDIA A10G, 80 %, 49 %, 2041 MiB, 23028 MiB
2026/02/25 17:47:07.806, 1, NVIDIA A10G, 22 %, 7 %, 2037 MiB, 23028 MiB
2026/02/25 17:47:07.806, 2, NVIDIA A10G, 20 %, 8 %, 1729 MiB, 23028 MiB
2026/02/25 17:47:07.806, 3, NVIDIA A10G, 18 %, 6 %, 1949 MiB, 23028 MiB
2026/02/25 17:47:08.806, 0, NVIDIA A10G, 17 %, 5 %, 2041 MiB, 23028 MiB
2026/02/25 17:47:08.806, 1, NVIDIA A10G, 21 %, 7 %, 2037 MiB, 23028 MiB
2026/02/25 17:47:08.806, 2, NVIDIA A10G, 19 %, 7 %, 1729 MiB, 23028 MiB
2026/02/25 17:47:08.807, 3, NVIDIA A10G, 20 %, 7 %, 1949 MiB, 23028 MiB
2026/02/25 17:47:09.807, 0, NVIDIA A10G, 19 %, 6 %, 2041 MiB, 23028 MiB
2026/02/25 17:47:09.807, 1, NVIDIA A10G, 18 %, 5 %, 2037 MiB, 23028 MiB
2026/02/25 17:47:09.807, 2, NVIDIA A10G, 17 %, 6 %, 1729 MiB, 23028 MiB
2026/02/25 17:47:09.807, 3, NVIDIA A10G, 17 %, 6 %, 1949 MiB, 23028 MiB
2026/02/25 17:47:10.807, 0, NVIDIA A10G, 16 %, 5 %, 2041 MiB, 23028 MiB
2026/02/25 17:47:10.807, 1, NVIDIA A10G, 20 %, 7 %, 2037 MiB, 23028 MiB
2026/02/25 17:47:10.807, 2, NVIDIA A10G, 19 %, 6 %, 1729 MiB, 23028 MiB
2026/02/25 17:47:10.808, 3, NVIDIA A10G, 19 %, 6 %, 1949 MiB, 23028 MiB
2026/02/25 17:47:11.808, 0, NVIDIA A10G, 16 %, 5 %, 2041 MiB, 23028 MiB
2026/02/25 17:47:11.808, 1, NVIDIA A10G, 16 %, 5 %, 2037 MiB, 23028 MiB
2026/02/25 17:47:11.808, 2, NVIDIA A10G, 21 %, 8 %, 1729 MiB, 23028 MiB
2026/02/25 17:47:11.808, 3, NVIDIA A10G, 21 %, 7 %, 1949 MiB, 23028 MiB
2026/02/25 17:47:12.808, 0, NVIDIA A10G, 17 %, 5 %, 2041 MiB, 23028 MiB
2026/02/25 17:47:12.809, 1, NVIDIA A10G, 20 %, 7 %, 2037 MiB, 23028 MiB
2026/02/25 17:47:12.809, 2, NVIDIA A10G, 22 %, 8 %, 1729 MiB, 23028 MiB
2026/02/25 17:47:12.809, 3, NVIDIA A10G, 21 %, 7 %, 1949 MiB, 23028 MiB
2026/02/25 17:47:13.809, 0, NVIDIA A10G, 19 %, 6 %, 2041 MiB, 23028 MiB
2026/02/25 17:47:13.809, 1, NVIDIA A10G, 20 %, 7 %, 2037 MiB, 23028 MiB
2026/02/25 17:47:13.809, 2, NVIDIA A10G, 18 %, 6 %, 1729 MiB, 23028 MiB
2026/02/25 17:47:13.809, 3, NVIDIA A10G, 20 %, 7 %, 1949 MiB, 23028 MiB
2026/02/25 17:47:14.809, 0, NVIDIA A10G, 19 %, 6 %, 2041 MiB, 23028 MiB
2026/02/25 17:47:14.809, 1, NVIDIA A10G, 0 %, 0 %, 2037 MiB, 23028 MiB
2026/02/25 17:47:14.809, 2, NVIDIA A10G, 0 %, 0 %, 1729 MiB, 23028 MiB
2026/02/25 17:47:14.810, 3, NVIDIA A10G, 19 %, 7 %, 1949 MiB, 23028 MiB
2026/02/25 17:47:15.810, 0, NVIDIA A10G, 21 %, 7 %, 2041 MiB, 23028 MiB
2026/02/25 17:47:15.810, 1, NVIDIA A10G, 0 %, 0 %, 2037 MiB, 23028 MiB
2026/02/25 17:47:15.810, 2, NVIDIA A10G, 0 %, 0 %, 1729 MiB, 23028 MiB
2026/02/25 17:47:15.810, 3, NVIDIA A10G, 20 %, 7 %, 1949 MiB, 23028 MiB
2026/02/25 17:47:16.810, 0, NVIDIA A10G, 18 %, 6 %, 2041 MiB, 23028 MiB
2026/02/25 17:47:16.810, 1, NVIDIA A10G, 0 %, 0 %, 2037 MiB, 23028 MiB
2026/02/25 17:47:16.810, 2, NVIDIA A10G, 0 %, 0 %, 1729 MiB, 23028 MiB
2026/02/25 17:47:16.810, 3, NVIDIA A10G, 18 %, 6 %, 1949 MiB, 23028 MiB
2026/02/25 17:47:17.811, 0, NVIDIA A10G, 18 %, 6 %, 2041 MiB, 23028 MiB
2026/02/25 17:47:17.811, 1, NVIDIA A10G, 0 %, 0 %, 2037 MiB, 23028 MiB
2026/02/25 17:47:17.811, 2, NVIDIA A10G, 0 %, 0 %, 1729 MiB, 23028 MiB
2026/02/25 17:47:17.811, 3, NVIDIA A10G, 16 %, 5 %, 1949 MiB, 23028 MiB
2026/02/25 17:47:18.811, 0, NVIDIA A10G, 0 %, 0 %, 2041 MiB, 23028 MiB
2026/02/25 17:47:18.811, 1, NVIDIA A10G, 0 %, 0 %, 2037 MiB, 23028 MiB
2026/02/25 17:47:18.811, 2, NVIDIA A10G, 0 %, 0 %, 1729 MiB, 23028 MiB
2026/02/25 17:47:18.811, 3, NVIDIA A10G, 0 %, 0 %, 1949 MiB, 23028 MiB
2026/02/25 17:47:19.812, 0, NVIDIA A10G, 0 %, 0 %, 2041 MiB, 23028 MiB
2026/02/25 17:47:19.812, 1, NVIDIA A10G, 52 %, 33 %, 2037 MiB, 23028 MiB
2026/02/25 17:47:19.812, 2, NVIDIA A10G, 20 %, 7 %, 1729 MiB, 23028 MiB
2026/02/25 17:47:19.812, 3, NVIDIA A10G, 0 %, 0 %, 1949 MiB, 23028 MiB
2026/02/25 17:47:20.812, 0, NVIDIA A10G, 0 %, 0 %, 2041 MiB, 23028 MiB
2026/02/25 17:47:20.812, 1, NVIDIA A10G, 18 %, 6 %, 2037 MiB, 23028 MiB
2026/02/25 17:47:20.812, 2, NVIDIA A10G, 21 %, 7 %, 1729 MiB, 23028 MiB
2026/02/25 17:47:20.812, 3, NVIDIA A10G, 0 %, 0 %, 1949 MiB, 23028 MiB
2026/02/25 17:47:21.812, 0, NVIDIA A10G, 0 %, 0 %, 2041 MiB, 23028 MiB
2026/02/25 17:47:21.813, 1, NVIDIA A10G, 18 %, 6 %, 2037 MiB, 23028 MiB
2026/02/25 17:47:21.813, 2, NVIDIA A10G, 22 %, 8 %, 1729 MiB, 23028 MiB
2026/02/25 17:47:21.813, 3, NVIDIA A10G, 0 %, 0 %, 1949 MiB, 23028 MiB
2026/02/25 17:47:22.813, 0, NVIDIA A10G, 0 %, 0 %, 2041 MiB, 23028 MiB
2026/02/25 17:47:22.813, 1, NVIDIA A10G, 20 %, 6 %, 2037 MiB, 23028 MiB
2026/02/25 17:47:22.813, 2, NVIDIA A10G, 15 %, 5 %, 1729 MiB, 23028 MiB
2026/02/25 17:47:22.813, 3, NVIDIA A10G, 0 %, 0 %, 1949 MiB, 23028 MiB
2026/02/25 17:47:23.813, 0, NVIDIA A10G, 0 %, 0 %, 2041 MiB, 23028 MiB
2026/02/25 17:47:23.813, 1, NVIDIA A10G, 19 %, 6 %, 2037 MiB, 23028 MiB
2026/02/25 17:47:23.814, 2, NVIDIA A10G, 22 %, 8 %, 1729 MiB, 23028 MiB
2026/02/25 17:47:23.814, 3, NVIDIA A10G, 19 %, 7 %, 1949 MiB, 23028 MiB
2026/02/25 17:47:24.814, 0, NVIDIA A10G, 0 %, 0 %, 2041 MiB, 23028 MiB
2026/02/25 17:47:24.814, 1, NVIDIA A10G, 18 %, 6 %, 2037 MiB, 23028 MiB
2026/02/25 17:47:24.814, 2, NVIDIA A10G, 21 %, 7 %, 1729 MiB, 23028 MiB
2026/02/25 17:47:24.814, 3, NVIDIA A10G, 21 %, 8 %, 1949 MiB, 23028 MiB
2026/02/25 17:47:25.814, 0, NVIDIA A10G, 18 %, 6 %, 2041 MiB, 23028 MiB
2026/02/25 17:47:25.814, 1, NVIDIA A10G, 19 %, 7 %, 2037 MiB, 23028 MiB
2026/02/25 17:47:25.814, 2, NVIDIA A10G, 0 %, 0 %, 1729 MiB, 23028 MiB
2026/02/25 17:47:25.814, 3, NVIDIA A10G, 21 %, 8 %, 1949 MiB, 23028 MiB
2026/02/25 17:47:26.815, 0, NVIDIA A10G, 18 %, 6 %, 2041 MiB, 23028 MiB
2026/02/25 17:47:26.815, 1, NVIDIA A10G, 16 %, 6 %, 2037 MiB, 23028 MiB
2026/02/25 17:47:26.815, 2, NVIDIA A10G, 0 %, 0 %, 1729 MiB, 23028 MiB
2026/02/25 17:47:26.815, 3, NVIDIA A10G, 15 %, 5 %, 1949 MiB, 23028 MiB
2026/02/25 17:47:27.815, 0, NVIDIA A10G, 17 %, 6 %, 2041 MiB, 23028 MiB
2026/02/25 17:47:27.815, 1, NVIDIA A10G, 0 %, 0 %, 2037 MiB, 23028 MiB
2026/02/25 17:47:27.815, 2, NVIDIA A10G, 0 %, 0 %, 1729 MiB, 23028 MiB
2026/02/25 17:47:27.815, 3, NVIDIA A10G, 22 %, 8 %, 1949 MiB, 23028 MiB
2026/02/25 17:47:28.815, 0, NVIDIA A10G, 21 %, 6 %, 2041 MiB, 23028 MiB
2026/02/25 17:47:28.815, 1, NVIDIA A10G, 0 %, 0 %, 2037 MiB, 23028 MiB
2026/02/25 17:47:28.815, 2, NVIDIA A10G, 0 %, 0 %, 1729 MiB, 23028 MiB
2026/02/25 17:47:28.816, 3, NVIDIA A10G, 0 %, 0 %, 1949 MiB, 23028 MiB
2026/02/25 17:47:29.816, 0, NVIDIA A10G, 23 %, 8 %, 2041 MiB, 23028 MiB
2026/02/25 17:47:29.816, 1, NVIDIA A10G, 0 %, 0 %, 2037 MiB, 23028 MiB
2026/02/25 17:47:29.816, 2, NVIDIA A10G, 0 %, 0 %, 1729 MiB, 23028 MiB
2026/02/25 17:47:29.816, 3, NVIDIA A10G, 0 %, 0 %, 1949 MiB, 23028 MiB
2026/02/25 17:47:30.816, 0, NVIDIA A10G, 21 %, 7 %, 2041 MiB, 23028 MiB
2026/02/25 17:47:30.816, 1, NVIDIA A10G, 0 %, 0 %, 2037 MiB, 23028 MiB
2026/02/25 17:47:30.816, 2, NVIDIA A10G, 0 %, 0 %, 1729 MiB, 23028 MiB
2026/02/25 17:47:30.816, 3, NVIDIA A10G, 0 %, 0 %, 1949 MiB, 23028 MiB
2026/02/25 17:47:31.816, 0, NVIDIA A10G, 22 %, 7 %, 2041 MiB, 23028 MiB
2026/02/25 17:47:31.817, 1, NVIDIA A10G, 0 %, 0 %, 2037 MiB, 23028 MiB
2026/02/25 17:47:31.817, 2, NVIDIA A10G, 0 %, 0 %, 1729 MiB, 23028 MiB
2026/02/25 17:47:31.817, 3, NVIDIA A10G, 0 %, 0 %, 1949 MiB, 23028 MiB
2026/02/25 17:47:32.817, 0, NVIDIA A10G, 0 %, 0 %, 2041 MiB, 23028 MiB
2026/02/25 17:47:32.817, 1, NVIDIA A10G, 0 %, 0 %, 2037 MiB, 23028 MiB
2026/02/25 17:47:32.817, 2, NVIDIA A10G, 0 %, 0 %, 1729 MiB, 23028 MiB
2026/02/25 17:47:32.817, 3, NVIDIA A10G, 0 %, 0 %, 1949 MiB, 23028 MiB
2026/02/25 17:47:33.817, 0, NVIDIA A10G, 0 %, 0 %, 2041 MiB, 23028 MiB
2026/02/25 17:47:33.817, 1, NVIDIA A10G, 0 %, 0 %, 2037 MiB, 23028 MiB
2026/02/25 17:47:33.817, 2, NVIDIA A10G, 0 %, 0 %, 1729 MiB, 23028 MiB
2026/02/25 17:47:33.817, 3, NVIDIA A10G, 0 %, 0 %, 1949 MiB, 23028 MiB
2026/02/25 17:47:34.817, 0, NVIDIA A10G, 0 %, 0 %, 2041 MiB, 23028 MiB
2026/02/25 17:47:34.818, 1, NVIDIA A10G, 0 %, 0 %, 2037 MiB, 23028 MiB
2026/02/25 17:47:34.818, 2, NVIDIA A10G, 100 %, 73 %, 1729 MiB, 23028 MiB
2026/02/25 17:47:34.818, 3, NVIDIA A10G, 0 %, 0 %, 1949 MiB, 23028 MiB
2026/02/25 17:47:35.818, 0, NVIDIA A10G, 0 %, 0 %, 2041 MiB, 23028 MiB
2026/02/25 17:47:35.818, 1, NVIDIA A10G, 18 %, 6 %, 2037 MiB, 23028 MiB
2026/02/25 17:47:35.818, 2, NVIDIA A10G, 12 %, 4 %, 1729 MiB, 23028 MiB
2026/02/25 17:47:35.818, 3, NVIDIA A10G, 19 %, 6 %, 1949 MiB, 23028 MiB
2026/02/25 17:47:36.818, 0, NVIDIA A10G, 0 %, 0 %, 2041 MiB, 23028 MiB
2026/02/25 17:47:36.818, 1, NVIDIA A10G, 19 %, 6 %, 2037 MiB, 23028 MiB
2026/02/25 17:47:36.819, 2, NVIDIA A10G, 19 %, 7 %, 1729 MiB, 23028 MiB
2026/02/25 17:47:36.819, 3, NVIDIA A10G, 21 %, 7 %, 1949 MiB, 23028 MiB
2026/02/25 17:47:37.819, 0, NVIDIA A10G, 0 %, 0 %, 2041 MiB, 23028 MiB
2026/02/25 17:47:37.819, 1, NVIDIA A10G, 16 %, 6 %, 2037 MiB, 23028 MiB
2026/02/25 17:47:37.819, 2, NVIDIA A10G, 21 %, 8 %, 1729 MiB, 23028 MiB
2026/02/25 17:47:37.819, 3, NVIDIA A10G, 20 %, 7 %, 1949 MiB, 23028 MiB
2026/02/25 17:47:38.819, 0, NVIDIA A10G, 0 %, 0 %, 2041 MiB, 23028 MiB
2026/02/25 17:47:38.819, 1, NVIDIA A10G, 20 %, 6 %, 2037 MiB, 23028 MiB
2026/02/25 17:47:38.819, 2, NVIDIA A10G, 16 %, 6 %, 1729 MiB, 23028 MiB
2026/02/25 17:47:38.819, 3, NVIDIA A10G, 22 %, 8 %, 1949 MiB, 23028 MiB
2026/02/25 17:47:39.820, 0, NVIDIA A10G, 0 %, 0 %, 2041 MiB, 23028 MiB
2026/02/25 17:47:39.820, 1, NVIDIA A10G, 20 %, 7 %, 2037 MiB, 23028 MiB
2026/02/25 17:47:39.820, 2, NVIDIA A10G, 20 %, 7 %, 1729 MiB, 23028 MiB
2026/02/25 17:47:39.820, 3, NVIDIA A10G, 19 %, 7 %, 1949 MiB, 23028 MiB
2026/02/25 17:47:40.820, 0, NVIDIA A10G, 0 %, 0 %, 2041 MiB, 23028 MiB
2026/02/25 17:47:40.820, 1, NVIDIA A10G, 22 %, 8 %, 2037 MiB, 23028 MiB
2026/02/25 17:47:40.820, 2, NVIDIA A10G, 18 %, 6 %, 1729 MiB, 23028 MiB
2026/02/25 17:47:40.820, 3, NVIDIA A10G, 19 %, 7 %, 1949 MiB, 23028 MiB
2026/02/25 17:47:41.820, 0, NVIDIA A10G, 0 %, 0 %, 2041 MiB, 23028 MiB
2026/02/25 17:47:41.821, 1, NVIDIA A10G, 17 %, 5 %, 2037 MiB, 23028 MiB
2026/02/25 17:47:41.821, 2, NVIDIA A10G, 19 %, 7 %, 1729 MiB, 23028 MiB
2026/02/25 17:47:41.821, 3, NVIDIA A10G, 21 %, 7 %, 1949 MiB, 23028 MiB
2026/02/25 17:47:42.821, 0, NVIDIA A10G, 0 %, 0 %, 2041 MiB, 23028 MiB
2026/02/25 17:47:42.821, 1, NVIDIA A10G, 20 %, 7 %, 2037 MiB, 23028 MiB
2026/02/25 17:47:42.821, 2, NVIDIA A10G, 20 %, 7 %, 1729 MiB, 23028 MiB
2026/02/25 17:47:42.821, 3, NVIDIA A10G, 19 %, 7 %, 1949 MiB, 23028 MiB
2026/02/25 17:47:43.821, 0, NVIDIA A10G, 0 %, 0 %, 2041 MiB, 23028 MiB
2026/02/25 17:47:43.821, 1, NVIDIA A10G, 19 %, 6 %, 2037 MiB, 23028 MiB
2026/02/25 17:47:43.821, 2, NVIDIA A10G, 20 %, 7 %, 1729 MiB, 23028 MiB
2026/02/25 17:47:43.821, 3, NVIDIA A10G, 0 %, 0 %, 1949 MiB, 23028 MiB
2026/02/25 17:47:44.822, 0, NVIDIA A10G, 91 %, 64 %, 2041 MiB, 23028 MiB
2026/02/25 17:47:44.822, 1, NVIDIA A10G, 19 %, 6 %, 2037 MiB, 23028 MiB
2026/02/25 17:47:44.822, 2, NVIDIA A10G, 20 %, 7 %, 1729 MiB, 23028 MiB
2026/02/25 17:47:44.822, 3, NVIDIA A10G, 0 %, 0 %, 1949 MiB, 23028 MiB
2026/02/25 17:47:45.822, 0, NVIDIA A10G, 0 %, 0 %, 2041 MiB, 23028 MiB
2026/02/25 17:47:45.822, 1, NVIDIA A10G, 21 %, 8 %, 2037 MiB, 23028 MiB
2026/02/25 17:47:45.822, 2, NVIDIA A10G, 22 %, 8 %, 1729 MiB, 23028 MiB
2026/02/25 17:47:45.822, 3, NVIDIA A10G, 18 %, 6 %, 1949 MiB, 23028 MiB
2026/02/25 17:47:46.822, 0, NVIDIA A10G, 19 %, 7 %, 2041 MiB, 23028 MiB
2026/02/25 17:47:46.822, 1, NVIDIA A10G, 0 %, 0 %, 2037 MiB, 23028 MiB
2026/02/25 17:47:46.823, 2, NVIDIA A10G, 18 %, 6 %, 1729 MiB, 23028 MiB
2026/02/25 17:47:46.823, 3, NVIDIA A10G, 18 %, 6 %, 1949 MiB, 23028 MiB
2026/02/25 17:47:47.823, 0, NVIDIA A10G, 15 %, 5 %, 2041 MiB, 23028 MiB
2026/02/25 17:47:47.823, 1, NVIDIA A10G, 0 %, 0 %, 2037 MiB, 23028 MiB
2026/02/25 17:47:47.823, 2, NVIDIA A10G, 21 %, 8 %, 1729 MiB, 23028 MiB
2026/02/25 17:47:47.823, 3, NVIDIA A10G, 0 %, 0 %, 1949 MiB, 23028 MiB
2026/02/25 17:47:48.823, 0, NVIDIA A10G, 19 %, 7 %, 2041 MiB, 23028 MiB
2026/02/25 17:47:48.823, 1, NVIDIA A10G, 0 %, 0 %, 2037 MiB, 23028 MiB
2026/02/25 17:47:48.823, 2, NVIDIA A10G, 0 %, 0 %, 1729 MiB, 23028 MiB
2026/02/25 17:47:48.823, 3, NVIDIA A10G, 0 %, 0 %, 1949 MiB, 23028 MiB
2026/02/25 17:47:49.823, 0, NVIDIA A10G, 22 %, 7 %, 2041 MiB, 23028 MiB
2026/02/25 17:47:49.824, 1, NVIDIA A10G, 0 %, 0 %, 2037 MiB, 23028 MiB
2026/02/25 17:47:49.824, 2, NVIDIA A10G, 0 %, 0 %, 1729 MiB, 23028 MiB
2026/02/25 17:47:49.824, 3, NVIDIA A10G, 0 %, 0 %, 1949 MiB, 23028 MiB
2026/02/25 17:47:50.824, 0, NVIDIA A10G, 15 %, 4 %, 2041 MiB, 23028 MiB
2026/02/25 17:47:50.824, 1, NVIDIA A10G, 0 %, 0 %, 2037 MiB, 23028 MiB
2026/02/25 17:47:50.824, 2, NVIDIA A10G, 0 %, 0 %, 1729 MiB, 23028 MiB
2026/02/25 17:47:50.824, 3, NVIDIA A10G, 0 %, 0 %, 1949 MiB, 23028 MiB
2026/02/25 17:47:51.824, 0, NVIDIA A10G, 22 %, 7 %, 2041 MiB, 23028 MiB
2026/02/25 17:47:51.824, 1, NVIDIA A10G, 0 %, 0 %, 2037 MiB, 23028 MiB
2026/02/25 17:47:51.825, 2, NVIDIA A10G, 0 %, 0 %, 1729 MiB, 23028 MiB
2026/02/25 17:47:51.825, 3, NVIDIA A10G, 0 %, 0 %, 1949 MiB, 23028 MiB
2026/02/25 17:47:52.825, 0, NVIDIA A10G, 21 %, 7 %, 2041 MiB, 23028 MiB
2026/02/25 17:47:52.825, 1, NVIDIA A10G, 0 %, 0 %, 2037 MiB, 23028 MiB
2026/02/25 17:47:52.825, 2, NVIDIA A10G, 0 %, 0 %, 1729 MiB, 23028 MiB
2026/02/25 17:47:52.825, 3, NVIDIA A10G, 0 %, 0 %, 1949 MiB, 23028 MiB
2026/02/25 17:47:53.825, 0, NVIDIA A10G, 16 %, 5 %, 2041 MiB, 23028 MiB
2026/02/25 17:47:53.825, 1, NVIDIA A10G, 0 %, 0 %, 2037 MiB, 23028 MiB
2026/02/25 17:47:53.825, 2, NVIDIA A10G, 22 %, 8 %, 1729 MiB, 23028 MiB
2026/02/25 17:47:53.825, 3, NVIDIA A10G, 86 %, 55 %, 1949 MiB, 23028 MiB
2026/02/25 17:47:54.826, 0, NVIDIA A10G, 18 %, 6 %, 2041 MiB, 23028 MiB
2026/02/25 17:47:54.826, 1, NVIDIA A10G, 0 %, 0 %, 2037 MiB, 23028 MiB
2026/02/25 17:47:54.826, 2, NVIDIA A10G, 19 %, 6 %, 1729 MiB, 23028 MiB
2026/02/25 17:47:54.826, 3, NVIDIA A10G, 19 %, 7 %, 1949 MiB, 23028 MiB
2026/02/25 17:47:55.826, 0, NVIDIA A10G, 18 %, 6 %, 2041 MiB, 23028 MiB
2026/02/25 17:47:55.826, 1, NVIDIA A10G, 0 %, 0 %, 2037 MiB, 23028 MiB
2026/02/25 17:47:55.826, 2, NVIDIA A10G, 20 %, 6 %, 1729 MiB, 23028 MiB
2026/02/25 17:47:55.826, 3, NVIDIA A10G, 21 %, 7 %, 1949 MiB, 23028 MiB
2026/02/25 17:47:56.826, 0, NVIDIA A10G, 18 %, 6 %, 2041 MiB, 23028 MiB
2026/02/25 17:47:56.827, 1, NVIDIA A10G, 18 %, 5 %, 2037 MiB, 23028 MiB
2026/02/25 17:47:56.827, 2, NVIDIA A10G, 18 %, 6 %, 1729 MiB, 23028 MiB
2026/02/25 17:47:56.827, 3, NVIDIA A10G, 19 %, 7 %, 1949 MiB, 23028 MiB
2026/02/25 17:47:57.827, 0, NVIDIA A10G, 15 %, 5 %, 2041 MiB, 23028 MiB
2026/02/25 17:47:57.827, 1, NVIDIA A10G, 17 %, 5 %, 2037 MiB, 23028 MiB
2026/02/25 17:47:57.827, 2, NVIDIA A10G, 17 %, 6 %, 1729 MiB, 23028 MiB
2026/02/25 17:47:57.827, 3, NVIDIA A10G, 17 %, 6 %, 1949 MiB, 23028 MiB
2026/02/25 17:47:58.827, 0, NVIDIA A10G, 22 %, 8 %, 2041 MiB, 23028 MiB
2026/02/25 17:47:58.827, 1, NVIDIA A10G, 18 %, 6 %, 2037 MiB, 23028 MiB
2026/02/25 17:47:58.827, 2, NVIDIA A10G, 0 %, 0 %, 1729 MiB, 23028 MiB
2026/02/25 17:47:58.828, 3, NVIDIA A10G, 18 %, 6 %, 1949 MiB, 23028 MiB
2026/02/25 17:47:59.828, 0, NVIDIA A10G, 20 %, 7 %, 2041 MiB, 23028 MiB
2026/02/25 17:47:59.828, 1, NVIDIA A10G, 18 %, 6 %, 2037 MiB, 23028 MiB
2026/02/25 17:47:59.828, 2, NVIDIA A10G, 0 %, 0 %, 1729 MiB, 23028 MiB
2026/02/25 17:47:59.828, 3, NVIDIA A10G, 22 %, 7 %, 1949 MiB, 23028 MiB
2026/02/25 17:48:00.828, 0, NVIDIA A10G, 21 %, 7 %, 2041 MiB, 23028 MiB
2026/02/25 17:48:00.828, 1, NVIDIA A10G, 19 %, 6 %, 2037 MiB, 23028 MiB
2026/02/25 17:48:00.828, 2, NVIDIA A10G, 0 %, 0 %, 1729 MiB, 23028 MiB
2026/02/25 17:48:00.828, 3, NVIDIA A10G, 19 %, 6 %, 1949 MiB, 23028 MiB
2026/02/25 17:48:01.829, 0, NVIDIA A10G, 11 %, 4 %, 2041 MiB, 23028 MiB
2026/02/25 17:48:01.829, 1, NVIDIA A10G, 16 %, 5 %, 2037 MiB, 23028 MiB
2026/02/25 17:48:01.829, 2, NVIDIA A10G, 0 %, 0 %, 1729 MiB, 23028 MiB
2026/02/25 17:48:01.829, 3, NVIDIA A10G, 18 %, 7 %, 1949 MiB, 23028 MiB
2026/02/25 17:48:02.829, 0, NVIDIA A10G, 0 %, 0 %, 2041 MiB, 23028 MiB
2026/02/25 17:48:02.829, 1, NVIDIA A10G, 20 %, 6 %, 2037 MiB, 23028 MiB
2026/02/25 17:48:02.829, 2, NVIDIA A10G, 0 %, 0 %, 1729 MiB, 23028 MiB
2026/02/25 17:48:02.829, 3, NVIDIA A10G, 0 %, 0 %, 1949 MiB, 23028 MiB
2026/02/25 17:48:03.829, 0, NVIDIA A10G, 0 %, 0 %, 2041 MiB, 23028 MiB
2026/02/25 17:48:03.829, 1, NVIDIA A10G, 19 %, 6 %, 2037 MiB, 23028 MiB
2026/02/25 17:48:03.829, 2, NVIDIA A10G, 0 %, 0 %, 1729 MiB, 23028 MiB
2026/02/25 17:48:03.830, 3, NVIDIA A10G, 0 %, 0 %, 1949 MiB, 23028 MiB
2026/02/25 17:48:04.830, 0, NVIDIA A10G, 0 %, 0 %, 2041 MiB, 23028 MiB
2026/02/25 17:48:04.830, 1, NVIDIA A10G, 22 %, 7 %, 2037 MiB, 23028 MiB
2026/02/25 17:48:04.830, 2, NVIDIA A10G, 0 %, 0 %, 1729 MiB, 23028 MiB
2026/02/25 17:48:04.830, 3, NVIDIA A10G, 0 %, 0 %, 1949 MiB, 23028 MiB
2026/02/25 17:48:05.830, 0, NVIDIA A10G, 20 %, 6 %, 2041 MiB, 23028 MiB
2026/02/25 17:48:05.830, 1, NVIDIA A10G, 18 %, 6 %, 2037 MiB, 23028 MiB
2026/02/25 17:48:05.830, 2, NVIDIA A10G, 80 %, 53 %, 1729 MiB, 23028 MiB
2026/02/25 17:48:05.830, 3, NVIDIA A10G, 0 %, 0 %, 1949 MiB, 23028 MiB
2026/02/25 17:48:06.830, 0, NVIDIA A10G, 20 %, 7 %, 2041 MiB, 23028 MiB
2026/02/25 17:48:06.831, 1, NVIDIA A10G, 18 %, 6 %, 2037 MiB, 23028 MiB
2026/02/25 17:48:06.831, 2, NVIDIA A10G, 20 %, 7 %, 1729 MiB, 23028 MiB
2026/02/25 17:48:06.831, 3, NVIDIA A10G, 0 %, 0 %, 1949 MiB, 23028 MiB
2026/02/25 17:48:07.831, 0, NVIDIA A10G, 21 %, 7 %, 2041 MiB, 23028 MiB
2026/02/25 17:48:07.831, 1, NVIDIA A10G, 20 %, 6 %, 2037 MiB, 23028 MiB
2026/02/25 17:48:07.831, 2, NVIDIA A10G, 21 %, 7 %, 1729 MiB, 23028 MiB
2026/02/25 17:48:07.831, 3, NVIDIA A10G, 0 %, 0 %, 1949 MiB, 23028 MiB
2026/02/25 17:48:08.831, 0, NVIDIA A10G, 20 %, 7 %, 2041 MiB, 23028 MiB
2026/02/25 17:48:08.831, 1, NVIDIA A10G, 12 %, 4 %, 2037 MiB, 23028 MiB
2026/02/25 17:48:08.831, 2, NVIDIA A10G, 19 %, 6 %, 1729 MiB, 23028 MiB
2026/02/25 17:48:08.832, 3, NVIDIA A10G, 0 %, 0 %, 1949 MiB, 23028 MiB
2026/02/25 17:48:09.832, 0, NVIDIA A10G, 20 %, 7 %, 2041 MiB, 23028 MiB
2026/02/25 17:48:09.832, 1, NVIDIA A10G, 0 %, 0 %, 2037 MiB, 23028 MiB
2026/02/25 17:48:09.832, 2, NVIDIA A10G, 17 %, 6 %, 1729 MiB, 23028 MiB
2026/02/25 17:48:09.832, 3, NVIDIA A10G, 18 %, 6 %, 1949 MiB, 23028 MiB
2026/02/25 17:48:10.832, 0, NVIDIA A10G, 0 %, 0 %, 2041 MiB, 23028 MiB
2026/02/25 17:48:10.832, 1, NVIDIA A10G, 0 %, 0 %, 2037 MiB, 23028 MiB
2026/02/25 17:48:10.832, 2, NVIDIA A10G, 17 %, 6 %, 1729 MiB, 23028 MiB
2026/02/25 17:48:10.832, 3, NVIDIA A10G, 18 %, 6 %, 1949 MiB, 23028 MiB
2026/02/25 17:48:11.833, 0, NVIDIA A10G, 0 %, 0 %, 2041 MiB, 23028 MiB
2026/02/25 17:48:11.833, 1, NVIDIA A10G, 0 %, 0 %, 2037 MiB, 23028 MiB
2026/02/25 17:48:11.833, 2, NVIDIA A10G, 21 %, 7 %, 1729 MiB, 23028 MiB
2026/02/25 17:48:11.833, 3, NVIDIA A10G, 20 %, 7 %, 1949 MiB, 23028 MiB
2026/02/25 17:48:12.833, 0, NVIDIA A10G, 0 %, 0 %, 2041 MiB, 23028 MiB
2026/02/25 17:48:12.833, 1, NVIDIA A10G, 0 %, 0 %, 2037 MiB, 23028 MiB
2026/02/25 17:48:12.833, 2, NVIDIA A10G, 21 %, 7 %, 1729 MiB, 23028 MiB
2026/02/25 17:48:12.833, 3, NVIDIA A10G, 22 %, 7 %, 1949 MiB, 23028 MiB
2026/02/25 17:48:13.833, 0, NVIDIA A10G, 0 %, 0 %, 2041 MiB, 23028 MiB
2026/02/25 17:48:13.834, 1, NVIDIA A10G, 0 %, 0 %, 2037 MiB, 23028 MiB
2026/02/25 17:48:13.834, 2, NVIDIA A10G, 20 %, 7 %, 1729 MiB, 23028 MiB
2026/02/25 17:48:13.834, 3, NVIDIA A10G, 20 %, 7 %, 1949 MiB, 23028 MiB
2026/02/25 17:48:14.834, 0, NVIDIA A10G, 0 %, 0 %, 2041 MiB, 23028 MiB
2026/02/25 17:48:14.834, 1, NVIDIA A10G, 0 %, 0 %, 2037 MiB, 23028 MiB
2026/02/25 17:48:14.834, 2, NVIDIA A10G, 0 %, 0 %, 1729 MiB, 23028 MiB
2026/02/25 17:48:14.834, 3, NVIDIA A10G, 21 %, 8 %, 1949 MiB, 23028 MiB
2026/02/25 17:48:15.834, 0, NVIDIA A10G, 20 %, 7 %, 2041 MiB, 23028 MiB
2026/02/25 17:48:15.834, 1, NVIDIA A10G, 0 %, 0 %, 2037 MiB, 23028 MiB
2026/02/25 17:48:15.835, 2, NVIDIA A10G, 0 %, 0 %, 1729 MiB, 23028 MiB
2026/02/25 17:48:15.835, 3, NVIDIA A10G, 13 %, 4 %, 1949 MiB, 23028 MiB
2026/02/25 17:48:16.835, 0, NVIDIA A10G, 22 %, 7 %, 2041 MiB, 23028 MiB
2026/02/25 17:48:16.835, 1, NVIDIA A10G, 16 %, 6 %, 2037 MiB, 23028 MiB
2026/02/25 17:48:16.835, 2, NVIDIA A10G, 0 %, 0 %, 1729 MiB, 23028 MiB
2026/02/25 17:48:16.835, 3, NVIDIA A10G, 0 %, 0 %, 1949 MiB, 23028 MiB
2026/02/25 17:48:17.835, 0, NVIDIA A10G, 22 %, 8 %, 2041 MiB, 23028 MiB
2026/02/25 17:48:17.835, 1, NVIDIA A10G, 22 %, 8 %, 2037 MiB, 23028 MiB
2026/02/25 17:48:17.835, 2, NVIDIA A10G, 0 %, 0 %, 1729 MiB, 23028 MiB
2026/02/25 17:48:17.835, 3, NVIDIA A10G, 0 %, 0 %, 1949 MiB, 23028 MiB
2026/02/25 17:48:18.835, 0, NVIDIA A10G, 16 %, 5 %, 2041 MiB, 23028 MiB
2026/02/25 17:48:18.835, 1, NVIDIA A10G, 20 %, 7 %, 2037 MiB, 23028 MiB
2026/02/25 17:48:18.836, 2, NVIDIA A10G, 0 %, 0 %, 1729 MiB, 23028 MiB
2026/02/25 17:48:18.836, 3, NVIDIA A10G, 0 %, 0 %, 1949 MiB, 23028 MiB
2026/02/25 17:48:19.836, 0, NVIDIA A10G, 21 %, 8 %, 2041 MiB, 23028 MiB
2026/02/25 17:48:19.836, 1, NVIDIA A10G, 17 %, 5 %, 2037 MiB, 23028 MiB
2026/02/25 17:48:19.836, 2, NVIDIA A10G, 0 %, 0 %, 1729 MiB, 23028 MiB
2026/02/25 17:48:19.836, 3, NVIDIA A10G, 100 %, 70 %, 1949 MiB, 23028 MiB
2026/02/25 17:48:20.836, 0, NVIDIA A10G, 13 %, 4 %, 2041 MiB, 23028 MiB
2026/02/25 17:48:20.836, 1, NVIDIA A10G, 19 %, 6 %, 2037 MiB, 23028 MiB
2026/02/25 17:48:20.836, 2, NVIDIA A10G, 0 %, 0 %, 1729 MiB, 23028 MiB
2026/02/25 17:48:20.836, 3, NVIDIA A10G, 18 %, 6 %, 1949 MiB, 23028 MiB
2026/02/25 17:48:21.837, 0, NVIDIA A10G, 0 %, 0 %, 2041 MiB, 23028 MiB
2026/02/25 17:48:21.837, 1, NVIDIA A10G, 21 %, 7 %, 2037 MiB, 23028 MiB
2026/02/25 17:48:21.837, 2, NVIDIA A10G, 0 %, 0 %, 1729 MiB, 23028 MiB
2026/02/25 17:48:21.837, 3, NVIDIA A10G, 20 %, 7 %, 1949 MiB, 23028 MiB
2026/02/25 17:48:22.837, 0, NVIDIA A10G, 0 %, 0 %, 2041 MiB, 23028 MiB
2026/02/25 17:48:22.837, 1, NVIDIA A10G, 21 %, 7 %, 2037 MiB, 23028 MiB
2026/02/25 17:48:22.837, 2, NVIDIA A10G, 0 %, 0 %, 1729 MiB, 23028 MiB
2026/02/25 17:48:22.837, 3, NVIDIA A10G, 17 %, 6 %, 1949 MiB, 23028 MiB
2026/02/25 17:48:23.837, 0, NVIDIA A10G, 0 %, 0 %, 2041 MiB, 23028 MiB
2026/02/25 17:48:23.837, 1, NVIDIA A10G, 21 %, 7 %, 2037 MiB, 23028 MiB
2026/02/25 17:48:23.837, 2, NVIDIA A10G, 0 %, 0 %, 1729 MiB, 23028 MiB
2026/02/25 17:48:23.837, 3, NVIDIA A10G, 22 %, 8 %, 1949 MiB, 23028 MiB
2026/02/25 17:48:24.838, 0, NVIDIA A10G, 0 %, 0 %, 2041 MiB, 23028 MiB
2026/02/25 17:48:24.838, 1, NVIDIA A10G, 9 %, 3 %, 2037 MiB, 23028 MiB
2026/02/25 17:48:24.838, 2, NVIDIA A10G, 0 %, 0 %, 1729 MiB, 23028 MiB
2026/02/25 17:48:24.838, 3, NVIDIA A10G, 1 %, 0 %, 1949 MiB, 23028 MiB
2026/02/25 17:48:25.838, 0, NVIDIA A10G, 0 %, 0 %, 2041 MiB, 23028 MiB
2026/02/25 17:48:25.838, 1, NVIDIA A10G, 0 %, 0 %, 2037 MiB, 23028 MiB
2026/02/25 17:48:25.838, 2, NVIDIA A10G, 0 %, 0 %, 1729 MiB, 23028 MiB
2026/02/25 17:48:25.838, 3, NVIDIA A10G, 0 %, 0 %, 1949 MiB, 23028 MiB
2026/02/25 17:48:26.838, 0, NVIDIA A10G, 0 %, 0 %, 2041 MiB, 23028 MiB
2026/02/25 17:48:26.838, 1, NVIDIA A10G, 0 %, 0 %, 2037 MiB, 23028 MiB
2026/02/25 17:48:26.839, 2, NVIDIA A10G, 19 %, 6 %, 1729 MiB, 23028 MiB
2026/02/25 17:48:26.839, 3, NVIDIA A10G, 0 %, 0 %, 1949 MiB, 23028 MiB
2026/02/25 17:48:27.839, 0, NVIDIA A10G, 0 %, 0 %, 2041 MiB, 23028 MiB
2026/02/25 17:48:27.839, 1, NVIDIA A10G, 0 %, 0 %, 2037 MiB, 23028 MiB
2026/02/25 17:48:27.839, 2, NVIDIA A10G, 20 %, 7 %, 1729 MiB, 23028 MiB
2026/02/25 17:48:27.839, 3, NVIDIA A10G, 0 %, 0 %, 1949 MiB, 23028 MiB
2026/02/25 17:48:28.839, 0, NVIDIA A10G, 0 %, 0 %, 2041 MiB, 23028 MiB
2026/02/25 17:48:28.839, 1, NVIDIA A10G, 20 %, 7 %, 2037 MiB, 23028 MiB
2026/02/25 17:48:28.839, 2, NVIDIA A10G, 18 %, 6 %, 1729 MiB, 23028 MiB
2026/02/25 17:48:28.839, 3, NVIDIA A10G, 0 %, 0 %, 1949 MiB, 23028 MiB
2026/02/25 17:48:29.840, 0, NVIDIA A10G, 0 %, 0 %, 2041 MiB, 23028 MiB
2026/02/25 17:48:29.840, 1, NVIDIA A10G, 22 %, 7 %, 2037 MiB, 23028 MiB
2026/02/25 17:48:29.840, 2, NVIDIA A10G, 20 %, 6 %, 1729 MiB, 23028 MiB
2026/02/25 17:48:29.840, 3, NVIDIA A10G, 0 %, 0 %, 1949 MiB, 23028 MiB
2026/02/25 17:48:30.840, 0, NVIDIA A10G, 0 %, 0 %, 2041 MiB, 23028 MiB
2026/02/25 17:48:30.840, 1, NVIDIA A10G, 20 %, 7 %, 2037 MiB, 23028 MiB
2026/02/25 17:48:30.840, 2, NVIDIA A10G, 20 %, 7 %, 1729 MiB, 23028 MiB
2026/02/25 17:48:30.840, 3, NVIDIA A10G, 0 %, 0 %, 1949 MiB, 23028 MiB
2026/02/25 17:48:31.840, 0, NVIDIA A10G, 21 %, 7 %, 2041 MiB, 23028 MiB
2026/02/25 17:48:31.840, 1, NVIDIA A10G, 21 %, 7 %, 2037 MiB, 23028 MiB
2026/02/25 17:48:31.840, 2, NVIDIA A10G, 21 %, 7 %, 1729 MiB, 23028 MiB
2026/02/25 17:48:31.841, 3, NVIDIA A10G, 0 %, 0 %, 1949 MiB, 23028 MiB
2026/02/25 17:48:32.841, 0, NVIDIA A10G, 23 %, 7 %, 2041 MiB, 23028 MiB
2026/02/25 17:48:32.841, 1, NVIDIA A10G, 0 %, 0 %, 2037 MiB, 23028 MiB
2026/02/25 17:48:32.841, 2, NVIDIA A10G, 17 %, 6 %, 1729 MiB, 23028 MiB
2026/02/25 17:48:32.841, 3, NVIDIA A10G, 0 %, 0 %, 1949 MiB, 23028 MiB
2026/02/25 17:48:33.841, 0, NVIDIA A10G, 21 %, 7 %, 2041 MiB, 23028 MiB
2026/02/25 17:48:33.841, 1, NVIDIA A10G, 0 %, 0 %, 2037 MiB, 23028 MiB
2026/02/25 17:48:33.841, 2, NVIDIA A10G, 22 %, 8 %, 1729 MiB, 23028 MiB
2026/02/25 17:48:33.841, 3, NVIDIA A10G, 0 %, 0 %, 1949 MiB, 23028 MiB
2026/02/25 17:48:34.841, 0, NVIDIA A10G, 22 %, 8 %, 2041 MiB, 23028 MiB
2026/02/25 17:48:34.842, 1, NVIDIA A10G, 0 %, 0 %, 2037 MiB, 23028 MiB
2026/02/25 17:48:34.842, 2, NVIDIA A10G, 21 %, 7 %, 1729 MiB, 23028 MiB
2026/02/25 17:48:34.842, 3, NVIDIA A10G, 0 %, 0 %, 1949 MiB, 23028 MiB
2026/02/25 17:48:35.842, 0, NVIDIA A10G, 22 %, 8 %, 2041 MiB, 23028 MiB
2026/02/25 17:48:35.842, 1, NVIDIA A10G, 0 %, 0 %, 2037 MiB, 23028 MiB
2026/02/25 17:48:35.842, 2, NVIDIA A10G, 22 %, 7 %, 1729 MiB, 23028 MiB
2026/02/25 17:48:35.842, 3, NVIDIA A10G, 0 %, 0 %, 1949 MiB, 23028 MiB
2026/02/25 17:48:36.842, 0, NVIDIA A10G, 21 %, 7 %, 2041 MiB, 23028 MiB
2026/02/25 17:48:36.842, 1, NVIDIA A10G, 0 %, 0 %, 2037 MiB, 23028 MiB
2026/02/25 17:48:36.842, 2, NVIDIA A10G, 14 %, 5 %, 1729 MiB, 23028 MiB
2026/02/25 17:48:36.843, 3, NVIDIA A10G, 0 %, 0 %, 1949 MiB, 23028 MiB
2026/02/25 17:48:37.843, 0, NVIDIA A10G, 24 %, 9 %, 2041 MiB, 23028 MiB
2026/02/25 17:48:37.843, 1, NVIDIA A10G, 0 %, 0 %, 2037 MiB, 23028 MiB
2026/02/25 17:48:37.843, 2, NVIDIA A10G, 0 %, 0 %, 1729 MiB, 23028 MiB
2026/02/25 17:48:37.843, 3, NVIDIA A10G, 0 %, 0 %, 1949 MiB, 23028 MiB
2026/02/25 17:48:38.844, 0, NVIDIA A10G, 17 %, 5 %, 2041 MiB, 23028 MiB
2026/02/25 17:48:38.844, 1, NVIDIA A10G, 0 %, 0 %, 2037 MiB, 23028 MiB
2026/02/25 17:48:38.844, 2, NVIDIA A10G, 0 %, 0 %, 1729 MiB, 23028 MiB
2026/02/25 17:48:38.844, 3, NVIDIA A10G, 0 %, 0 %, 1949 MiB, 23028 MiB
2026/02/25 17:48:39.845, 0, NVIDIA A10G, 23 %, 8 %, 2041 MiB, 23028 MiB
2026/02/25 17:48:39.845, 1, NVIDIA A10G, 0 %, 0 %, 2037 MiB, 23028 MiB
2026/02/25 17:48:39.845, 2, NVIDIA A10G, 0 %, 0 %, 1729 MiB, 23028 MiB
2026/02/25 17:48:39.845, 3, NVIDIA A10G, 21 %, 7 %, 1949 MiB, 23028 MiB
2026/02/25 17:48:40.845, 0, NVIDIA A10G, 0 %, 0 %, 2041 MiB, 23028 MiB
2026/02/25 17:48:40.845, 1, NVIDIA A10G, 0 %, 0 %, 2037 MiB, 23028 MiB
2026/02/25 17:48:40.845, 2, NVIDIA A10G, 0 %, 0 %, 1729 MiB, 23028 MiB
2026/02/25 17:48:40.845, 3, NVIDIA A10G, 23 %, 9 %, 1949 MiB, 23028 MiB
2026/02/25 17:48:41.845, 0, NVIDIA A10G, 0 %, 0 %, 2041 MiB, 23028 MiB
2026/02/25 17:48:41.845, 1, NVIDIA A10G, 0 %, 0 %, 2037 MiB, 23028 MiB
2026/02/25 17:48:41.845, 2, NVIDIA A10G, 0 %, 0 %, 1729 MiB, 23028 MiB
2026/02/25 17:48:41.845, 3, NVIDIA A10G, 21 %, 8 %, 1949 MiB, 23028 MiB
2026/02/25 17:48:42.846, 0, NVIDIA A10G, 0 %, 0 %, 2041 MiB, 23028 MiB
2026/02/25 17:48:42.846, 1, NVIDIA A10G, 92 %, 61 %, 2037 MiB, 23028 MiB
2026/02/25 17:48:42.846, 2, NVIDIA A10G, 0 %, 0 %, 1729 MiB, 23028 MiB
2026/02/25 17:48:42.846, 3, NVIDIA A10G, 22 %, 7 %, 1949 MiB, 23028 MiB
2026/02/25 17:48:43.846, 0, NVIDIA A10G, 0 %, 0 %, 2041 MiB, 23028 MiB
2026/02/25 17:48:43.846, 1, NVIDIA A10G, 1 %, 0 %, 2037 MiB, 23028 MiB
2026/02/25 17:48:43.846, 2, NVIDIA A10G, 21 %, 7 %, 1729 MiB, 23028 MiB
2026/02/25 17:48:43.846, 3, NVIDIA A10G, 19 %, 7 %, 1949 MiB, 23028 MiB
2026/02/25 17:48:44.846, 0, NVIDIA A10G, 0 %, 0 %, 2041 MiB, 23028 MiB
2026/02/25 17:48:44.847, 1, NVIDIA A10G, 20 %, 7 %, 2037 MiB, 23028 MiB
2026/02/25 17:48:44.847, 2, NVIDIA A10G, 18 %, 6 %, 1729 MiB, 23028 MiB
2026/02/25 17:48:44.847, 3, NVIDIA A10G, 20 %, 7 %, 1949 MiB, 23028 MiB
2026/02/25 17:48:45.847, 0, NVIDIA A10G, 0 %, 0 %, 2041 MiB, 23028 MiB
2026/02/25 17:48:45.847, 1, NVIDIA A10G, 20 %, 7 %, 2037 MiB, 23028 MiB
2026/02/25 17:48:45.847, 2, NVIDIA A10G, 20 %, 7 %, 1729 MiB, 23028 MiB
2026/02/25 17:48:45.847, 3, NVIDIA A10G, 18 %, 6 %, 1949 MiB, 23028 MiB
2026/02/25 17:48:46.847, 0, NVIDIA A10G, 0 %, 0 %, 2041 MiB, 23028 MiB
2026/02/25 17:48:46.847, 1, NVIDIA A10G, 19 %, 6 %, 2037 MiB, 23028 MiB
2026/02/25 17:48:46.847, 2, NVIDIA A10G, 15 %, 5 %, 1729 MiB, 23028 MiB
2026/02/25 17:48:46.848, 3, NVIDIA A10G, 22 %, 8 %, 1949 MiB, 23028 MiB
2026/02/25 17:48:47.848, 0, NVIDIA A10G, 0 %, 0 %, 2041 MiB, 23028 MiB
2026/02/25 17:48:47.848, 1, NVIDIA A10G, 18 %, 6 %, 2037 MiB, 23028 MiB
2026/02/25 17:48:47.848, 2, NVIDIA A10G, 21 %, 7 %, 1729 MiB, 23028 MiB
2026/02/25 17:48:47.848, 3, NVIDIA A10G, 20 %, 7 %, 1949 MiB, 23028 MiB
2026/02/25 17:48:48.848, 0, NVIDIA A10G, 0 %, 0 %, 2041 MiB, 23028 MiB
2026/02/25 17:48:48.848, 1, NVIDIA A10G, 16 %, 4 %, 2037 MiB, 23028 MiB
2026/02/25 17:48:48.848, 2, NVIDIA A10G, 20 %, 6 %, 1729 MiB, 23028 MiB
2026/02/25 17:48:48.848, 3, NVIDIA A10G, 21 %, 8 %, 1949 MiB, 23028 MiB
2026/02/25 17:48:49.849, 0, NVIDIA A10G, 0 %, 0 %, 2041 MiB, 23028 MiB
2026/02/25 17:48:49.849, 1, NVIDIA A10G, 16 %, 5 %, 2037 MiB, 23028 MiB
2026/02/25 17:48:49.849, 2, NVIDIA A10G, 20 %, 7 %, 1729 MiB, 23028 MiB
2026/02/25 17:48:49.849, 3, NVIDIA A10G, 20 %, 7 %, 1949 MiB, 23028 MiB
2026/02/25 17:48:50.849, 0, NVIDIA A10G, 0 %, 0 %, 2041 MiB, 23028 MiB
2026/02/25 17:48:50.849, 1, NVIDIA A10G, 20 %, 6 %, 2037 MiB, 23028 MiB
2026/02/25 17:48:50.849, 2, NVIDIA A10G, 0 %, 0 %, 1729 MiB, 23028 MiB
2026/02/25 17:48:50.849, 3, NVIDIA A10G, 22 %, 8 %, 1949 MiB, 23028 MiB
2026/02/25 17:48:51.849, 0, NVIDIA A10G, 0 %, 0 %, 2041 MiB, 23028 MiB
2026/02/25 17:48:51.850, 1, NVIDIA A10G, 17 %, 5 %, 2037 MiB, 23028 MiB
2026/02/25 17:48:51.850, 2, NVIDIA A10G, 22 %, 7 %, 1729 MiB, 23028 MiB
2026/02/25 17:48:51.850, 3, NVIDIA A10G, 20 %, 7 %, 1949 MiB, 23028 MiB
2026/02/25 17:48:52.850, 0, NVIDIA A10G, 0 %, 0 %, 2041 MiB, 23028 MiB
2026/02/25 17:48:52.850, 1, NVIDIA A10G, 20 %, 6 %, 2037 MiB, 23028 MiB
2026/02/25 17:48:52.850, 2, NVIDIA A10G, 0 %, 0 %, 1729 MiB, 23028 MiB
2026/02/25 17:48:52.850, 3, NVIDIA A10G, 0 %, 0 %, 1949 MiB, 23028 MiB
2026/02/25 17:48:53.850, 0, NVIDIA A10G, 0 %, 0 %, 2041 MiB, 23028 MiB
2026/02/25 17:48:53.850, 1, NVIDIA A10G, 20 %, 7 %, 2037 MiB, 23028 MiB
2026/02/25 17:48:53.850, 2, NVIDIA A10G, 0 %, 0 %, 1729 MiB, 23028 MiB
2026/02/25 17:48:53.851, 3, NVIDIA A10G, 0 %, 0 %, 1949 MiB, 23028 MiB
2026/02/25 17:48:54.851, 0, NVIDIA A10G, 44 %, 28 %, 2041 MiB, 23028 MiB
2026/02/25 17:48:54.851, 1, NVIDIA A10G, 22 %, 7 %, 2037 MiB, 23028 MiB
2026/02/25 17:48:54.851, 2, NVIDIA A10G, 0 %, 0 %, 1729 MiB, 23028 MiB
2026/02/25 17:48:54.851, 3, NVIDIA A10G, 0 %, 0 %, 1949 MiB, 23028 MiB
2026/02/25 17:48:55.851, 0, NVIDIA A10G, 2 %, 0 %, 2041 MiB, 23028 MiB
2026/02/25 17:48:55.851, 1, NVIDIA A10G, 21 %, 7 %, 2037 MiB, 23028 MiB
2026/02/25 17:48:55.851, 2, NVIDIA A10G, 0 %, 0 %, 1729 MiB, 23028 MiB
2026/02/25 17:48:55.851, 3, NVIDIA A10G, 0 %, 0 %, 1949 MiB, 23028 MiB
2026/02/25 17:48:56.851, 0, NVIDIA A10G, 14 %, 4 %, 2041 MiB, 23028 MiB
2026/02/25 17:48:56.852, 1, NVIDIA A10G, 14 %, 4 %, 2037 MiB, 23028 MiB
2026/02/25 17:48:56.852, 2, NVIDIA A10G, 17 %, 6 %, 1729 MiB, 23028 MiB
2026/02/25 17:48:56.852, 3, NVIDIA A10G, 0 %, 0 %, 1949 MiB, 23028 MiB
2026/02/25 17:48:57.852, 0, NVIDIA A10G, 18 %, 7 %, 2041 MiB, 23028 MiB
2026/02/25 17:48:57.852, 1, NVIDIA A10G, 0 %, 0 %, 2037 MiB, 23028 MiB
2026/02/25 17:48:57.852, 2, NVIDIA A10G, 22 %, 8 %, 1729 MiB, 23028 MiB
2026/02/25 17:48:57.852, 3, NVIDIA A10G, 0 %, 0 %, 1949 MiB, 23028 MiB
2026/02/25 17:48:58.852, 0, NVIDIA A10G, 16 %, 5 %, 2041 MiB, 23028 MiB
2026/02/25 17:48:58.853, 1, NVIDIA A10G, 0 %, 0 %, 2037 MiB, 23028 MiB
2026/02/25 17:48:58.853, 2, NVIDIA A10G, 21 %, 7 %, 1729 MiB, 23028 MiB
2026/02/25 17:48:58.853, 3, NVIDIA A10G, 0 %, 0 %, 1949 MiB, 23028 MiB
2026/02/25 17:48:59.853, 0, NVIDIA A10G, 17 %, 5 %, 2041 MiB, 23028 MiB
2026/02/25 17:48:59.853, 1, NVIDIA A10G, 0 %, 0 %, 2037 MiB, 23028 MiB
2026/02/25 17:48:59.853, 2, NVIDIA A10G, 18 %, 7 %, 1729 MiB, 23028 MiB
2026/02/25 17:48:59.853, 3, NVIDIA A10G, 0 %, 0 %, 1949 MiB, 23028 MiB
2026/02/25 17:49:00.853, 0, NVIDIA A10G, 22 %, 8 %, 2041 MiB, 23028 MiB
2026/02/25 17:49:00.853, 1, NVIDIA A10G, 0 %, 0 %, 2037 MiB, 23028 MiB
2026/02/25 17:49:00.854, 2, NVIDIA A10G, 0 %, 0 %, 1729 MiB, 23028 MiB
2026/02/25 17:49:00.854, 3, NVIDIA A10G, 0 %, 0 %, 1949 MiB, 23028 MiB
2026/02/25 17:49:01.854, 0, NVIDIA A10G, 20 %, 7 %, 2041 MiB, 23028 MiB
2026/02/25 17:49:01.854, 1, NVIDIA A10G, 0 %, 0 %, 2037 MiB, 23028 MiB
2026/02/25 17:49:01.854, 2, NVIDIA A10G, 0 %, 0 %, 1729 MiB, 23028 MiB
2026/02/25 17:49:01.854, 3, NVIDIA A10G, 20 %, 7 %, 1949 MiB, 23028 MiB
2026/02/25 17:49:02.854, 0, NVIDIA A10G, 21 %, 7 %, 2041 MiB, 23028 MiB
2026/02/25 17:49:02.855, 1, NVIDIA A10G, 0 %, 0 %, 2037 MiB, 23028 MiB
2026/02/25 17:49:02.855, 2, NVIDIA A10G, 0 %, 0 %, 1729 MiB, 23028 MiB
2026/02/25 17:49:02.855, 3, NVIDIA A10G, 23 %, 8 %, 1949 MiB, 23028 MiB
2026/02/25 17:49:03.855, 0, NVIDIA A10G, 19 %, 6 %, 2041 MiB, 23028 MiB
2026/02/25 17:49:03.855, 1, NVIDIA A10G, 0 %, 0 %, 2037 MiB, 23028 MiB
2026/02/25 17:49:03.855, 2, NVIDIA A10G, 0 %, 0 %, 1729 MiB, 23028 MiB
2026/02/25 17:49:03.855, 3, NVIDIA A10G, 20 %, 7 %, 1949 MiB, 23028 MiB
2026/02/25 17:49:04.855, 0, NVIDIA A10G, 18 %, 5 %, 2041 MiB, 23028 MiB
2026/02/25 17:49:04.855, 1, NVIDIA A10G, 23 %, 8 %, 2037 MiB, 23028 MiB
2026/02/25 17:49:04.855, 2, NVIDIA A10G, 0 %, 0 %, 1729 MiB, 23028 MiB
2026/02/25 17:49:04.856, 3, NVIDIA A10G, 22 %, 7 %, 1949 MiB, 23028 MiB
2026/02/25 17:49:05.856, 0, NVIDIA A10G, 18 %, 6 %, 2041 MiB, 23028 MiB
2026/02/25 17:49:05.856, 1, NVIDIA A10G, 17 %, 5 %, 2037 MiB, 23028 MiB
2026/02/25 17:49:05.856, 2, NVIDIA A10G, 0 %, 0 %, 1729 MiB, 23028 MiB
2026/02/25 17:49:05.856, 3, NVIDIA A10G, 18 %, 6 %, 1949 MiB, 23028 MiB
2026/02/25 17:49:06.856, 0, NVIDIA A10G, 20 %, 7 %, 2041 MiB, 23028 MiB
2026/02/25 17:49:06.856, 1, NVIDIA A10G, 21 %, 7 %, 2037 MiB, 23028 MiB
2026/02/25 17:49:06.856, 2, NVIDIA A10G, 0 %, 0 %, 1729 MiB, 23028 MiB
2026/02/25 17:49:06.856, 3, NVIDIA A10G, 20 %, 7 %, 1949 MiB, 23028 MiB
2026/02/25 17:49:07.856, 0, NVIDIA A10G, 19 %, 6 %, 2041 MiB, 23028 MiB
2026/02/25 17:49:07.857, 1, NVIDIA A10G, 20 %, 7 %, 2037 MiB, 23028 MiB
2026/02/25 17:49:07.857, 2, NVIDIA A10G, 0 %, 0 %, 1729 MiB, 23028 MiB
2026/02/25 17:49:07.857, 3, NVIDIA A10G, 20 %, 7 %, 1949 MiB, 23028 MiB
2026/02/25 17:49:08.857, 0, NVIDIA A10G, 16 %, 5 %, 2041 MiB, 23028 MiB
2026/02/25 17:49:08.857, 1, NVIDIA A10G, 21 %, 7 %, 2037 MiB, 23028 MiB
2026/02/25 17:49:08.857, 2, NVIDIA A10G, 0 %, 0 %, 1729 MiB, 23028 MiB
2026/02/25 17:49:08.857, 3, NVIDIA A10G, 22 %, 8 %, 1949 MiB, 23028 MiB
2026/02/25 17:49:09.857, 0, NVIDIA A10G, 21 %, 7 %, 2041 MiB, 23028 MiB
2026/02/25 17:49:09.857, 1, NVIDIA A10G, 20 %, 7 %, 2037 MiB, 23028 MiB
2026/02/25 17:49:09.858, 2, NVIDIA A10G, 92 %, 62 %, 1729 MiB, 23028 MiB
2026/02/25 17:49:09.858, 3, NVIDIA A10G, 21 %, 8 %, 1949 MiB, 23028 MiB
2026/02/25 17:49:10.858, 0, NVIDIA A10G, 17 %, 5 %, 2041 MiB, 23028 MiB
2026/02/25 17:49:10.858, 1, NVIDIA A10G, 18 %, 6 %, 2037 MiB, 23028 MiB
2026/02/25 17:49:10.858, 2, NVIDIA A10G, 19 %, 7 %, 1729 MiB, 23028 MiB
2026/02/25 17:49:10.858, 3, NVIDIA A10G, 19 %, 6 %, 1949 MiB, 23028 MiB
2026/02/25 17:49:11.858, 0, NVIDIA A10G, 19 %, 6 %, 2041 MiB, 23028 MiB
2026/02/25 17:49:11.858, 1, NVIDIA A10G, 19 %, 6 %, 2037 MiB, 23028 MiB
2026/02/25 17:49:11.858, 2, NVIDIA A10G, 18 %, 6 %, 1729 MiB, 23028 MiB
2026/02/25 17:49:11.858, 3, NVIDIA A10G, 0 %, 0 %, 1949 MiB, 23028 MiB
2026/02/25 17:49:12.859, 0, NVIDIA A10G, 18 %, 6 %, 2041 MiB, 23028 MiB
2026/02/25 17:49:12.859, 1, NVIDIA A10G, 14 %, 4 %, 2037 MiB, 23028 MiB
2026/02/25 17:49:12.859, 2, NVIDIA A10G, 21 %, 8 %, 1729 MiB, 23028 MiB
2026/02/25 17:49:12.859, 3, NVIDIA A10G, 0 %, 0 %, 1949 MiB, 23028 MiB
2026/02/25 17:49:13.859, 0, NVIDIA A10G, 9 %, 3 %, 2041 MiB, 23028 MiB
2026/02/25 17:49:13.859, 1, NVIDIA A10G, 0 %, 0 %, 2037 MiB, 23028 MiB
2026/02/25 17:49:13.859, 2, NVIDIA A10G, 23 %, 8 %, 1729 MiB, 23028 MiB
2026/02/25 17:49:13.859, 3, NVIDIA A10G, 0 %, 0 %, 1949 MiB, 23028 MiB
2026/02/25 17:49:14.859, 0, NVIDIA A10G, 0 %, 0 %, 2041 MiB, 23028 MiB
2026/02/25 17:49:14.859, 1, NVIDIA A10G, 0 %, 0 %, 2037 MiB, 23028 MiB
2026/02/25 17:49:14.859, 2, NVIDIA A10G, 22 %, 7 %, 1729 MiB, 23028 MiB
2026/02/25 17:49:14.860, 3, NVIDIA A10G, 0 %, 0 %, 1949 MiB, 23028 MiB
2026/02/25 17:49:15.860, 0, NVIDIA A10G, 0 %, 0 %, 2041 MiB, 23028 MiB
2026/02/25 17:49:15.860, 1, NVIDIA A10G, 0 %, 0 %, 2037 MiB, 23028 MiB
2026/02/25 17:49:15.860, 2, NVIDIA A10G, 22 %, 8 %, 1729 MiB, 23028 MiB
2026/02/25 17:49:15.860, 3, NVIDIA A10G, 0 %, 0 %, 1949 MiB, 23028 MiB
2026/02/25 17:49:16.860, 0, NVIDIA A10G, 0 %, 0 %, 2041 MiB, 23028 MiB
2026/02/25 17:49:16.860, 1, NVIDIA A10G, 0 %, 0 %, 2037 MiB, 23028 MiB
2026/02/25 17:49:16.860, 2, NVIDIA A10G, 22 %, 8 %, 1729 MiB, 23028 MiB
2026/02/25 17:49:16.860, 3, NVIDIA A10G, 0 %, 0 %, 1949 MiB, 23028 MiB
2026/02/25 17:49:17.860, 0, NVIDIA A10G, 83 %, 58 %, 2041 MiB, 23028 MiB
2026/02/25 17:49:17.860, 1, NVIDIA A10G, 0 %, 0 %, 2037 MiB, 23028 MiB
2026/02/25 17:49:17.860, 2, NVIDIA A10G, 22 %, 8 %, 1729 MiB, 23028 MiB
2026/02/25 17:49:17.860, 3, NVIDIA A10G, 0 %, 0 %, 1949 MiB, 23028 MiB
2026/02/25 17:49:18.861, 0, NVIDIA A10G, 20 %, 7 %, 2041 MiB, 23028 MiB
2026/02/25 17:49:18.861, 1, NVIDIA A10G, 0 %, 0 %, 2037 MiB, 23028 MiB
2026/02/25 17:49:18.861, 2, NVIDIA A10G, 21 %, 7 %, 1729 MiB, 23028 MiB
2026/02/25 17:49:18.861, 3, NVIDIA A10G, 0 %, 0 %, 1949 MiB, 23028 MiB
2026/02/25 17:49:19.861, 0, NVIDIA A10G, 20 %, 7 %, 2041 MiB, 23028 MiB
2026/02/25 17:49:19.861, 1, NVIDIA A10G, 0 %, 0 %, 2037 MiB, 23028 MiB
2026/02/25 17:49:19.861, 2, NVIDIA A10G, 20 %, 7 %, 1729 MiB, 23028 MiB
2026/02/25 17:49:19.861, 3, NVIDIA A10G, 18 %, 6 %, 1949 MiB, 23028 MiB
2026/02/25 17:49:20.861, 0, NVIDIA A10G, 21 %, 8 %, 2041 MiB, 23028 MiB
2026/02/25 17:49:20.861, 1, NVIDIA A10G, 0 %, 0 %, 2037 MiB, 23028 MiB
2026/02/25 17:49:20.861, 2, NVIDIA A10G, 21 %, 8 %, 1729 MiB, 23028 MiB
2026/02/25 17:49:20.862, 3, NVIDIA A10G, 20 %, 7 %, 1949 MiB, 23028 MiB
2026/02/25 17:49:21.862, 0, NVIDIA A10G, 16 %, 6 %, 2041 MiB, 23028 MiB
2026/02/25 17:49:21.862, 1, NVIDIA A10G, 15 %, 5 %, 2037 MiB, 23028 MiB
2026/02/25 17:49:21.862, 2, NVIDIA A10G, 0 %, 0 %, 1729 MiB, 23028 MiB
2026/02/25 17:49:21.862, 3, NVIDIA A10G, 18 %, 6 %, 1949 MiB, 23028 MiB
2026/02/25 17:49:22.862, 0, NVIDIA A10G, 8 %, 3 %, 2041 MiB, 23028 MiB
2026/02/25 17:49:22.862, 1, NVIDIA A10G, 19 %, 6 %, 2037 MiB, 23028 MiB
2026/02/25 17:49:22.862, 2, NVIDIA A10G, 0 %, 0 %, 1729 MiB, 23028 MiB
2026/02/25 17:49:22.862, 3, NVIDIA A10G, 18 %, 5 %, 1949 MiB, 23028 MiB
2026/02/25 17:49:23.863, 0, NVIDIA A10G, 0 %, 0 %, 2041 MiB, 23028 MiB
2026/02/25 17:49:23.863, 1, NVIDIA A10G, 19 %, 6 %, 2037 MiB, 23028 MiB
2026/02/25 17:49:23.863, 2, NVIDIA A10G, 0 %, 0 %, 1729 MiB, 23028 MiB
2026/02/25 17:49:23.863, 3, NVIDIA A10G, 21 %, 7 %, 1949 MiB, 23028 MiB
2026/02/25 17:49:24.863, 0, NVIDIA A10G, 0 %, 0 %, 2041 MiB, 23028 MiB
2026/02/25 17:49:24.863, 1, NVIDIA A10G, 20 %, 7 %, 2037 MiB, 23028 MiB
2026/02/25 17:49:24.863, 2, NVIDIA A10G, 0 %, 0 %, 1729 MiB, 23028 MiB
2026/02/25 17:49:24.863, 3, NVIDIA A10G, 17 %, 6 %, 1949 MiB, 23028 MiB
2026/02/25 17:49:25.864, 0, NVIDIA A10G, 0 %, 0 %, 2041 MiB, 23028 MiB
2026/02/25 17:49:25.864, 1, NVIDIA A10G, 20 %, 7 %, 2037 MiB, 23028 MiB
2026/02/25 17:49:25.864, 2, NVIDIA A10G, 0 %, 0 %, 1729 MiB, 23028 MiB
2026/02/25 17:49:25.864, 3, NVIDIA A10G, 18 %, 6 %, 1949 MiB, 23028 MiB
2026/02/25 17:49:26.864, 0, NVIDIA A10G, 0 %, 0 %, 2041 MiB, 23028 MiB
2026/02/25 17:49:26.864, 1, NVIDIA A10G, 15 %, 5 %, 2037 MiB, 23028 MiB
2026/02/25 17:49:26.864, 2, NVIDIA A10G, 0 %, 0 %, 1729 MiB, 23028 MiB
2026/02/25 17:49:26.864, 3, NVIDIA A10G, 20 %, 7 %, 1949 MiB, 23028 MiB
2026/02/25 17:49:27.864, 0, NVIDIA A10G, 0 %, 0 %, 2041 MiB, 23028 MiB
2026/02/25 17:49:27.864, 1, NVIDIA A10G, 21 %, 7 %, 2037 MiB, 23028 MiB
2026/02/25 17:49:27.865, 2, NVIDIA A10G, 0 %, 0 %, 1729 MiB, 23028 MiB
2026/02/25 17:49:27.865, 3, NVIDIA A10G, 20 %, 6 %, 1949 MiB, 23028 MiB
2026/02/25 17:49:28.865, 0, NVIDIA A10G, 0 %, 0 %, 2041 MiB, 23028 MiB
2026/02/25 17:49:28.865, 1, NVIDIA A10G, 19 %, 6 %, 2037 MiB, 23028 MiB
2026/02/25 17:49:28.865, 2, NVIDIA A10G, 0 %, 0 %, 1729 MiB, 23028 MiB
2026/02/25 17:49:28.865, 3, NVIDIA A10G, 0 %, 0 %, 1949 MiB, 23028 MiB
2026/02/25 17:49:29.865, 0, NVIDIA A10G, 22 %, 7 %, 2041 MiB, 23028 MiB
2026/02/25 17:49:29.865, 1, NVIDIA A10G, 11 %, 3 %, 2037 MiB, 23028 MiB
2026/02/25 17:49:29.865, 2, NVIDIA A10G, 0 %, 0 %, 1729 MiB, 23028 MiB
2026/02/25 17:49:29.865, 3, NVIDIA A10G, 0 %, 0 %, 1949 MiB, 23028 MiB
2026/02/25 17:49:30.866, 0, NVIDIA A10G, 21 %, 7 %, 2041 MiB, 23028 MiB
2026/02/25 17:49:30.866, 1, NVIDIA A10G, 0 %, 0 %, 2037 MiB, 23028 MiB
2026/02/25 17:49:30.866, 2, NVIDIA A10G, 0 %, 0 %, 1729 MiB, 23028 MiB
2026/02/25 17:49:30.866, 3, NVIDIA A10G, 0 %, 0 %, 1949 MiB, 23028 MiB
2026/02/25 17:49:31.866, 0, NVIDIA A10G, 18 %, 6 %, 2041 MiB, 23028 MiB
2026/02/25 17:49:31.866, 1, NVIDIA A10G, 0 %, 0 %, 2037 MiB, 23028 MiB
2026/02/25 17:49:31.866, 2, NVIDIA A10G, 0 %, 0 %, 1729 MiB, 23028 MiB
2026/02/25 17:49:31.866, 3, NVIDIA A10G, 0 %, 0 %, 1949 MiB, 23028 MiB
2026/02/25 17:49:32.867, 0, NVIDIA A10G, 21 %, 7 %, 2041 MiB, 23028 MiB
2026/02/25 17:49:32.867, 1, NVIDIA A10G, 0 %, 0 %, 2037 MiB, 23028 MiB
2026/02/25 17:49:32.867, 2, NVIDIA A10G, 21 %, 7 %, 1729 MiB, 23028 MiB
2026/02/25 17:49:32.867, 3, NVIDIA A10G, 0 %, 0 %, 1949 MiB, 23028 MiB
2026/02/25 17:49:33.867, 0, NVIDIA A10G, 18 %, 6 %, 2041 MiB, 23028 MiB
2026/02/25 17:49:33.867, 1, NVIDIA A10G, 0 %, 0 %, 2037 MiB, 23028 MiB
2026/02/25 17:49:33.867, 2, NVIDIA A10G, 20 %, 7 %, 1729 MiB, 23028 MiB
2026/02/25 17:49:33.867, 3, NVIDIA A10G, 17 %, 6 %, 1949 MiB, 23028 MiB
2026/02/25 17:49:34.867, 0, NVIDIA A10G, 20 %, 6 %, 2041 MiB, 23028 MiB
2026/02/25 17:49:34.867, 1, NVIDIA A10G, 0 %, 0 %, 2037 MiB, 23028 MiB
2026/02/25 17:49:34.868, 2, NVIDIA A10G, 20 %, 7 %, 1729 MiB, 23028 MiB
2026/02/25 17:49:34.868, 3, NVIDIA A10G, 19 %, 6 %, 1949 MiB, 23028 MiB
2026/02/25 17:49:35.868, 0, NVIDIA A10G, 20 %, 6 %, 2041 MiB, 23028 MiB
2026/02/25 17:49:35.868, 1, NVIDIA A10G, 0 %, 0 %, 2037 MiB, 23028 MiB
2026/02/25 17:49:35.868, 2, NVIDIA A10G, 17 %, 6 %, 1729 MiB, 23028 MiB
2026/02/25 17:49:35.868, 3, NVIDIA A10G, 19 %, 6 %, 1949 MiB, 23028 MiB
2026/02/25 17:49:36.868, 0, NVIDIA A10G, 0 %, 0 %, 2041 MiB, 23028 MiB
2026/02/25 17:49:36.868, 1, NVIDIA A10G, 21 %, 7 %, 2037 MiB, 23028 MiB
2026/02/25 17:49:36.868, 2, NVIDIA A10G, 20 %, 7 %, 1729 MiB, 23028 MiB
2026/02/25 17:49:36.868, 3, NVIDIA A10G, 17 %, 5 %, 1949 MiB, 23028 MiB
2026/02/25 17:49:37.869, 0, NVIDIA A10G, 0 %, 0 %, 2041 MiB, 23028 MiB
2026/02/25 17:49:37.869, 1, NVIDIA A10G, 21 %, 8 %, 2037 MiB, 23028 MiB
2026/02/25 17:49:37.869, 2, NVIDIA A10G, 20 %, 7 %, 1729 MiB, 23028 MiB
2026/02/25 17:49:37.869, 3, NVIDIA A10G, 19 %, 7 %, 1949 MiB, 23028 MiB
2026/02/25 17:49:38.869, 0, NVIDIA A10G, 0 %, 0 %, 2041 MiB, 23028 MiB
2026/02/25 17:49:38.869, 1, NVIDIA A10G, 20 %, 7 %, 2037 MiB, 23028 MiB
2026/02/25 17:49:38.869, 2, NVIDIA A10G, 21 %, 8 %, 1729 MiB, 23028 MiB
2026/02/25 17:49:38.869, 3, NVIDIA A10G, 19 %, 6 %, 1949 MiB, 23028 MiB
2026/02/25 17:49:39.869, 0, NVIDIA A10G, 0 %, 0 %, 2041 MiB, 23028 MiB
2026/02/25 17:49:39.869, 1, NVIDIA A10G, 22 %, 8 %, 2037 MiB, 23028 MiB
2026/02/25 17:49:39.870, 2, NVIDIA A10G, 22 %, 7 %, 1729 MiB, 23028 MiB
2026/02/25 17:49:39.870, 3, NVIDIA A10G, 0 %, 0 %, 1949 MiB, 23028 MiB
2026/02/25 17:49:40.870, 0, NVIDIA A10G, 0 %, 0 %, 2041 MiB, 23028 MiB
2026/02/25 17:49:40.870, 1, NVIDIA A10G, 21 %, 7 %, 2037 MiB, 23028 MiB
2026/02/25 17:49:40.870, 2, NVIDIA A10G, 21 %, 7 %, 1729 MiB, 23028 MiB
2026/02/25 17:49:40.870, 3, NVIDIA A10G, 0 %, 0 %, 1949 MiB, 23028 MiB
2026/02/25 17:49:41.870, 0, NVIDIA A10G, 0 %, 0 %, 2041 MiB, 23028 MiB
2026/02/25 17:49:41.870, 1, NVIDIA A10G, 19 %, 6 %, 2037 MiB, 23028 MiB
2026/02/25 17:49:41.870, 2, NVIDIA A10G, 19 %, 6 %, 1729 MiB, 23028 MiB
2026/02/25 17:49:41.870, 3, NVIDIA A10G, 0 %, 0 %, 1949 MiB, 23028 MiB
2026/02/25 17:49:42.870, 0, NVIDIA A10G, 0 %, 0 %, 2041 MiB, 23028 MiB
2026/02/25 17:49:42.871, 1, NVIDIA A10G, 0 %, 0 %, 2037 MiB, 23028 MiB
2026/02/25 17:49:42.871, 2, NVIDIA A10G, 5 %, 2 %, 1729 MiB, 23028 MiB
2026/02/25 17:49:42.871, 3, NVIDIA A10G, 0 %, 0 %, 1949 MiB, 23028 MiB
2026/02/25 17:49:43.871, 0, NVIDIA A10G, 0 %, 0 %, 2041 MiB, 23028 MiB
2026/02/25 17:49:43.871, 1, NVIDIA A10G, 0 %, 0 %, 2037 MiB, 23028 MiB
2026/02/25 17:49:43.871, 2, NVIDIA A10G, 22 %, 8 %, 1729 MiB, 23028 MiB
2026/02/25 17:49:43.871, 3, NVIDIA A10G, 0 %, 0 %, 1949 MiB, 23028 MiB
2026/02/25 17:49:44.871, 0, NVIDIA A10G, 0 %, 0 %, 2041 MiB, 23028 MiB
2026/02/25 17:49:44.872, 1, NVIDIA A10G, 0 %, 0 %, 2037 MiB, 23028 MiB
2026/02/25 17:49:44.872, 2, NVIDIA A10G, 0 %, 0 %, 1729 MiB, 23028 MiB
2026/02/25 17:49:44.872, 3, NVIDIA A10G, 0 %, 0 %, 1949 MiB, 23028 MiB
2026/02/25 17:49:45.872, 0, NVIDIA A10G, 0 %, 0 %, 2041 MiB, 23028 MiB
2026/02/25 17:49:45.872, 1, NVIDIA A10G, 0 %, 0 %, 2037 MiB, 23028 MiB
2026/02/25 17:49:45.872, 2, NVIDIA A10G, 0 %, 0 %, 1729 MiB, 23028 MiB
2026/02/25 17:49:45.872, 3, NVIDIA A10G, 0 %, 0 %, 1949 MiB, 23028 MiB
2026/02/25 17:49:46.872, 0, NVIDIA A10G, 76 %, 50 %, 2041 MiB, 23028 MiB
2026/02/25 17:49:46.872, 1, NVIDIA A10G, 0 %, 0 %, 2037 MiB, 23028 MiB
2026/02/25 17:49:46.873, 2, NVIDIA A10G, 0 %, 0 %, 1729 MiB, 23028 MiB
2026/02/25 17:49:46.873, 3, NVIDIA A10G, 0 %, 0 %, 1949 MiB, 23028 MiB
2026/02/25 17:49:47.873, 0, NVIDIA A10G, 20 %, 7 %, 2041 MiB, 23028 MiB
2026/02/25 17:49:47.873, 1, NVIDIA A10G, 0 %, 0 %, 2037 MiB, 23028 MiB
2026/02/25 17:49:47.873, 2, NVIDIA A10G, 0 %, 0 %, 1729 MiB, 23028 MiB
2026/02/25 17:49:47.873, 3, NVIDIA A10G, 0 %, 0 %, 1949 MiB, 23028 MiB
2026/02/25 17:49:48.873, 0, NVIDIA A10G, 18 %, 6 %, 2041 MiB, 23028 MiB
2026/02/25 17:49:48.873, 1, NVIDIA A10G, 0 %, 0 %, 2037 MiB, 23028 MiB
2026/02/25 17:49:48.873, 2, NVIDIA A10G, 0 %, 0 %, 1729 MiB, 23028 MiB
2026/02/25 17:49:48.874, 3, NVIDIA A10G, 19 %, 7 %, 1949 MiB, 23028 MiB
2026/02/25 17:49:49.874, 0, NVIDIA A10G, 19 %, 6 %, 2041 MiB, 23028 MiB
2026/02/25 17:49:49.874, 1, NVIDIA A10G, 0 %, 0 %, 2037 MiB, 23028 MiB
2026/02/25 17:49:49.874, 2, NVIDIA A10G, 0 %, 0 %, 1729 MiB, 23028 MiB
2026/02/25 17:49:49.874, 3, NVIDIA A10G, 20 %, 6 %, 1949 MiB, 23028 MiB
2026/02/25 17:49:50.874, 0, NVIDIA A10G, 19 %, 7 %, 2041 MiB, 23028 MiB
2026/02/25 17:49:50.874, 1, NVIDIA A10G, 0 %, 0 %, 2037 MiB, 23028 MiB
2026/02/25 17:49:50.874, 2, NVIDIA A10G, 0 %, 0 %, 1729 MiB, 23028 MiB
2026/02/25 17:49:50.874, 3, NVIDIA A10G, 21 %, 7 %, 1949 MiB, 23028 MiB
2026/02/25 17:49:51.875, 0, NVIDIA A10G, 19 %, 6 %, 2041 MiB, 23028 MiB
2026/02/25 17:49:51.875, 1, NVIDIA A10G, 0 %, 0 %, 2037 MiB, 23028 MiB
2026/02/25 17:49:51.875, 2, NVIDIA A10G, 0 %, 0 %, 1729 MiB, 23028 MiB
2026/02/25 17:49:51.875, 3, NVIDIA A10G, 22 %, 8 %, 1949 MiB, 23028 MiB
2026/02/25 17:49:52.875, 0, NVIDIA A10G, 21 %, 7 %, 2041 MiB, 23028 MiB
2026/02/25 17:49:52.875, 1, NVIDIA A10G, 87 %, 60 %, 2037 MiB, 23028 MiB
2026/02/25 17:49:52.875, 2, NVIDIA A10G, 0 %, 0 %, 1729 MiB, 23028 MiB
2026/02/25 17:49:52.875, 3, NVIDIA A10G, 20 %, 8 %, 1949 MiB, 23028 MiB
2026/02/25 17:49:53.875, 0, NVIDIA A10G, 18 %, 6 %, 2041 MiB, 23028 MiB
2026/02/25 17:49:53.876, 1, NVIDIA A10G, 20 %, 7 %, 2037 MiB, 23028 MiB
2026/02/25 17:49:53.876, 2, NVIDIA A10G, 0 %, 0 %, 1729 MiB, 23028 MiB
2026/02/25 17:49:53.876, 3, NVIDIA A10G, 19 %, 6 %, 1949 MiB, 23028 MiB
2026/02/25 17:49:54.876, 0, NVIDIA A10G, 17 %, 6 %, 2041 MiB, 23028 MiB
2026/02/25 17:49:54.876, 1, NVIDIA A10G, 19 %, 6 %, 2037 MiB, 23028 MiB
2026/02/25 17:49:54.876, 2, NVIDIA A10G, 91 %, 64 %, 1729 MiB, 23028 MiB
2026/02/25 17:49:54.876, 3, NVIDIA A10G, 19 %, 6 %, 1949 MiB, 23028 MiB
2026/02/25 17:49:55.876, 0, NVIDIA A10G, 20 %, 7 %, 2041 MiB, 23028 MiB
2026/02/25 17:49:55.876, 1, NVIDIA A10G, 18 %, 6 %, 2037 MiB, 23028 MiB
2026/02/25 17:49:55.876, 2, NVIDIA A10G, 22 %, 8 %, 1729 MiB, 23028 MiB
2026/02/25 17:49:55.876, 3, NVIDIA A10G, 18 %, 7 %, 1949 MiB, 23028 MiB
2026/02/25 17:49:56.877, 0, NVIDIA A10G, 17 %, 5 %, 2041 MiB, 23028 MiB
2026/02/25 17:49:56.877, 1, NVIDIA A10G, 21 %, 7 %, 2037 MiB, 23028 MiB
2026/02/25 17:49:56.877, 2, NVIDIA A10G, 21 %, 8 %, 1729 MiB, 23028 MiB
2026/02/25 17:49:56.877, 3, NVIDIA A10G, 19 %, 7 %, 1949 MiB, 23028 MiB
2026/02/25 17:49:57.877, 0, NVIDIA A10G, 17 %, 5 %, 2041 MiB, 23028 MiB
2026/02/25 17:49:57.878, 1, NVIDIA A10G, 19 %, 7 %, 2037 MiB, 23028 MiB
2026/02/25 17:49:57.878, 2, NVIDIA A10G, 19 %, 7 %, 1729 MiB, 23028 MiB
2026/02/25 17:49:57.878, 3, NVIDIA A10G, 20 %, 7 %, 1949 MiB, 23028 MiB
2026/02/25 17:49:58.878, 0, NVIDIA A10G, 20 %, 7 %, 2041 MiB, 23028 MiB
2026/02/25 17:49:58.878, 1, NVIDIA A10G, 21 %, 7 %, 2037 MiB, 23028 MiB
2026/02/25 17:49:58.878, 2, NVIDIA A10G, 18 %, 6 %, 1729 MiB, 23028 MiB
2026/02/25 17:49:58.878, 3, NVIDIA A10G, 0 %, 0 %, 1949 MiB, 23028 MiB
2026/02/25 17:49:59.878, 0, NVIDIA A10G, 18 %, 6 %, 2041 MiB, 23028 MiB
2026/02/25 17:49:59.878, 1, NVIDIA A10G, 18 %, 6 %, 2037 MiB, 23028 MiB
2026/02/25 17:49:59.879, 2, NVIDIA A10G, 19 %, 7 %, 1729 MiB, 23028 MiB
2026/02/25 17:49:59.879, 3, NVIDIA A10G, 0 %, 0 %, 1949 MiB, 23028 MiB
2026/02/25 17:50:00.879, 0, NVIDIA A10G, 12 %, 4 %, 2041 MiB, 23028 MiB
2026/02/25 17:50:00.879, 1, NVIDIA A10G, 18 %, 6 %, 2037 MiB, 23028 MiB
2026/02/25 17:50:00.879, 2, NVIDIA A10G, 15 %, 5 %, 1729 MiB, 23028 MiB
2026/02/25 17:50:00.879, 3, NVIDIA A10G, 0 %, 0 %, 1949 MiB, 23028 MiB
2026/02/25 17:50:01.879, 0, NVIDIA A10G, 0 %, 0 %, 2041 MiB, 23028 MiB
2026/02/25 17:50:01.879, 1, NVIDIA A10G, 22 %, 8 %, 2037 MiB, 23028 MiB
2026/02/25 17:50:01.879, 2, NVIDIA A10G, 21 %, 7 %, 1729 MiB, 23028 MiB
2026/02/25 17:50:01.879, 3, NVIDIA A10G, 0 %, 0 %, 1949 MiB, 23028 MiB
2026/02/25 17:50:02.880, 0, NVIDIA A10G, 0 %, 0 %, 2041 MiB, 23028 MiB
2026/02/25 17:50:02.880, 1, NVIDIA A10G, 19 %, 7 %, 2037 MiB, 23028 MiB
2026/02/25 17:50:02.880, 2, NVIDIA A10G, 20 %, 7 %, 1729 MiB, 23028 MiB
2026/02/25 17:50:02.880, 3, NVIDIA A10G, 0 %, 0 %, 1949 MiB, 23028 MiB
2026/02/25 17:50:03.880, 0, NVIDIA A10G, 0 %, 0 %, 2041 MiB, 23028 MiB
2026/02/25 17:50:03.880, 1, NVIDIA A10G, 18 %, 6 %, 2037 MiB, 23028 MiB
2026/02/25 17:50:03.880, 2, NVIDIA A10G, 20 %, 7 %, 1729 MiB, 23028 MiB
2026/02/25 17:50:03.880, 3, NVIDIA A10G, 0 %, 0 %, 1949 MiB, 23028 MiB
2026/02/25 17:50:04.880, 0, NVIDIA A10G, 0 %, 0 %, 2041 MiB, 23028 MiB
2026/02/25 17:50:04.880, 1, NVIDIA A10G, 0 %, 0 %, 2037 MiB, 23028 MiB
2026/02/25 17:50:04.881, 2, NVIDIA A10G, 22 %, 8 %, 1729 MiB, 23028 MiB
2026/02/25 17:50:04.881, 3, NVIDIA A10G, 0 %, 0 %, 1949 MiB, 23028 MiB
2026/02/25 17:50:05.881, 0, NVIDIA A10G, 0 %, 0 %, 2041 MiB, 23028 MiB
2026/02/25 17:50:05.881, 1, NVIDIA A10G, 0 %, 0 %, 2037 MiB, 23028 MiB
2026/02/25 17:50:05.881, 2, NVIDIA A10G, 24 %, 9 %, 1729 MiB, 23028 MiB
2026/02/25 17:50:05.881, 3, NVIDIA A10G, 0 %, 0 %, 1949 MiB, 23028 MiB
2026/02/25 17:50:06.881, 0, NVIDIA A10G, 0 %, 0 %, 2041 MiB, 23028 MiB
2026/02/25 17:50:06.881, 1, NVIDIA A10G, 0 %, 0 %, 2037 MiB, 23028 MiB
2026/02/25 17:50:06.881, 2, NVIDIA A10G, 22 %, 8 %, 1729 MiB, 23028 MiB
2026/02/25 17:50:06.881, 3, NVIDIA A10G, 0 %, 0 %, 1949 MiB, 23028 MiB
2026/02/25 17:50:07.881, 0, NVIDIA A10G, 0 %, 0 %, 2041 MiB, 23028 MiB
2026/02/25 17:50:07.881, 1, NVIDIA A10G, 8 %, 3 %, 2037 MiB, 23028 MiB
2026/02/25 17:50:07.882, 2, NVIDIA A10G, 0 %, 0 %, 1729 MiB, 23028 MiB
2026/02/25 17:50:07.882, 3, NVIDIA A10G, 100 %, 61 %, 1949 MiB, 23028 MiB
2026/02/25 17:50:08.882, 0, NVIDIA A10G, 17 %, 5 %, 2041 MiB, 23028 MiB
2026/02/25 17:50:08.882, 1, NVIDIA A10G, 20 %, 6 %, 2037 MiB, 23028 MiB
2026/02/25 17:50:08.882, 2, NVIDIA A10G, 0 %, 0 %, 1729 MiB, 23028 MiB
2026/02/25 17:50:08.882, 3, NVIDIA A10G, 16 %, 6 %, 1949 MiB, 23028 MiB
2026/02/25 17:50:09.882, 0, NVIDIA A10G, 21 %, 8 %, 2041 MiB, 23028 MiB
2026/02/25 17:50:09.882, 1, NVIDIA A10G, 18 %, 6 %, 2037 MiB, 23028 MiB
2026/02/25 17:50:09.882, 2, NVIDIA A10G, 0 %, 0 %, 1729 MiB, 23028 MiB
2026/02/25 17:50:09.882, 3, NVIDIA A10G, 21 %, 8 %, 1949 MiB, 23028 MiB
2026/02/25 17:50:10.882, 0, NVIDIA A10G, 22 %, 7 %, 2041 MiB, 23028 MiB
2026/02/25 17:50:10.883, 1, NVIDIA A10G, 21 %, 7 %, 2037 MiB, 23028 MiB
2026/02/25 17:50:10.883, 2, NVIDIA A10G, 0 %, 0 %, 1729 MiB, 23028 MiB
2026/02/25 17:50:10.883, 3, NVIDIA A10G, 22 %, 7 %, 1949 MiB, 23028 MiB
2026/02/25 17:50:11.883, 0, NVIDIA A10G, 18 %, 6 %, 2041 MiB, 23028 MiB
2026/02/25 17:50:11.883, 1, NVIDIA A10G, 19 %, 6 %, 2037 MiB, 23028 MiB
2026/02/25 17:50:11.883, 2, NVIDIA A10G, 0 %, 0 %, 1729 MiB, 23028 MiB
2026/02/25 17:50:11.883, 3, NVIDIA A10G, 19 %, 6 %, 1949 MiB, 23028 MiB
2026/02/25 17:50:12.883, 0, NVIDIA A10G, 20 %, 6 %, 2041 MiB, 23028 MiB
2026/02/25 17:50:12.883, 1, NVIDIA A10G, 0 %, 0 %, 2037 MiB, 23028 MiB
2026/02/25 17:50:12.884, 2, NVIDIA A10G, 0 %, 0 %, 1729 MiB, 23028 MiB
2026/02/25 17:50:12.884, 3, NVIDIA A10G, 22 %, 7 %, 1949 MiB, 23028 MiB
2026/02/25 17:50:13.884, 0, NVIDIA A10G, 23 %, 8 %, 2041 MiB, 23028 MiB
2026/02/25 17:50:13.884, 1, NVIDIA A10G, 0 %, 0 %, 2037 MiB, 23028 MiB
2026/02/25 17:50:13.884, 2, NVIDIA A10G, 0 %, 0 %, 1729 MiB, 23028 MiB
2026/02/25 17:50:13.884, 3, NVIDIA A10G, 18 %, 6 %, 1949 MiB, 23028 MiB
2026/02/25 17:50:14.884, 0, NVIDIA A10G, 23 %, 8 %, 2041 MiB, 23028 MiB
2026/02/25 17:50:14.884, 1, NVIDIA A10G, 0 %, 0 %, 2037 MiB, 23028 MiB
2026/02/25 17:50:14.884, 2, NVIDIA A10G, 0 %, 0 %, 1729 MiB, 23028 MiB
2026/02/25 17:50:14.884, 3, NVIDIA A10G, 21 %, 7 %, 1949 MiB, 23028 MiB
2026/02/25 17:50:15.885, 0, NVIDIA A10G, 11 %, 3 %, 2041 MiB, 23028 MiB
2026/02/25 17:50:15.885, 1, NVIDIA A10G, 0 %, 0 %, 2037 MiB, 23028 MiB
2026/02/25 17:50:15.885, 2, NVIDIA A10G, 0 %, 0 %, 1729 MiB, 23028 MiB
2026/02/25 17:50:15.885, 3, NVIDIA A10G, 21 %, 7 %, 1949 MiB, 23028 MiB
2026/02/25 17:50:16.885, 0, NVIDIA A10G, 0 %, 0 %, 2041 MiB, 23028 MiB
2026/02/25 17:50:16.885, 1, NVIDIA A10G, 0 %, 0 %, 2037 MiB, 23028 MiB
2026/02/25 17:50:16.885, 2, NVIDIA A10G, 0 %, 0 %, 1729 MiB, 23028 MiB
2026/02/25 17:50:16.885, 3, NVIDIA A10G, 20 %, 7 %, 1949 MiB, 23028 MiB
2026/02/25 17:50:17.885, 0, NVIDIA A10G, 0 %, 0 %, 2041 MiB, 23028 MiB
2026/02/25 17:50:17.885, 1, NVIDIA A10G, 0 %, 0 %, 2037 MiB, 23028 MiB
2026/02/25 17:50:17.885, 2, NVIDIA A10G, 0 %, 0 %, 1729 MiB, 23028 MiB
2026/02/25 17:50:17.885, 3, NVIDIA A10G, 23 %, 8 %, 1949 MiB, 23028 MiB
2026/02/25 17:50:18.886, 0, NVIDIA A10G, 0 %, 0 %, 2041 MiB, 23028 MiB
2026/02/25 17:50:18.886, 1, NVIDIA A10G, 0 %, 0 %, 2037 MiB, 23028 MiB
2026/02/25 17:50:18.886, 2, NVIDIA A10G, 23 %, 8 %, 1729 MiB, 23028 MiB
2026/02/25 17:50:18.886, 3, NVIDIA A10G, 19 %, 6 %, 1949 MiB, 23028 MiB
2026/02/25 17:50:19.886, 0, NVIDIA A10G, 0 %, 0 %, 2041 MiB, 23028 MiB
2026/02/25 17:50:19.886, 1, NVIDIA A10G, 0 %, 0 %, 2037 MiB, 23028 MiB
2026/02/25 17:50:19.886, 2, NVIDIA A10G, 20 %, 7 %, 1729 MiB, 23028 MiB
2026/02/25 17:50:19.886, 3, NVIDIA A10G, 19 %, 6 %, 1949 MiB, 23028 MiB
2026/02/25 17:50:20.886, 0, NVIDIA A10G, 0 %, 0 %, 2041 MiB, 23028 MiB
2026/02/25 17:50:20.886, 1, NVIDIA A10G, 43 %, 25 %, 2037 MiB, 23028 MiB
2026/02/25 17:50:20.887, 2, NVIDIA A10G, 21 %, 8 %, 1729 MiB, 23028 MiB
2026/02/25 17:50:20.887, 3, NVIDIA A10G, 0 %, 0 %, 1949 MiB, 23028 MiB
2026/02/25 17:50:21.887, 0, NVIDIA A10G, 0 %, 0 %, 2041 MiB, 23028 MiB
2026/02/25 17:50:21.887, 1, NVIDIA A10G, 19 %, 6 %, 2037 MiB, 23028 MiB
2026/02/25 17:50:21.887, 2, NVIDIA A10G, 19 %, 6 %, 1729 MiB, 23028 MiB
2026/02/25 17:50:21.887, 3, NVIDIA A10G, 0 %, 0 %, 1949 MiB, 23028 MiB
2026/02/25 17:50:22.887, 0, NVIDIA A10G, 0 %, 0 %, 2041 MiB, 23028 MiB
2026/02/25 17:50:22.887, 1, NVIDIA A10G, 20 %, 6 %, 2037 MiB, 23028 MiB
2026/02/25 17:50:22.887, 2, NVIDIA A10G, 20 %, 7 %, 1729 MiB, 23028 MiB
2026/02/25 17:50:22.887, 3, NVIDIA A10G, 0 %, 0 %, 1949 MiB, 23028 MiB
2026/02/25 17:50:23.887, 0, NVIDIA A10G, 0 %, 0 %, 2041 MiB, 23028 MiB
2026/02/25 17:50:23.888, 1, NVIDIA A10G, 20 %, 6 %, 2037 MiB, 23028 MiB
2026/02/25 17:50:23.888, 2, NVIDIA A10G, 22 %, 8 %, 1729 MiB, 23028 MiB
2026/02/25 17:50:23.888, 3, NVIDIA A10G, 0 %, 0 %, 1949 MiB, 23028 MiB
2026/02/25 17:50:24.888, 0, NVIDIA A10G, 0 %, 0 %, 2041 MiB, 23028 MiB
2026/02/25 17:50:24.888, 1, NVIDIA A10G, 21 %, 7 %, 2037 MiB, 23028 MiB
2026/02/25 17:50:24.888, 2, NVIDIA A10G, 21 %, 7 %, 1729 MiB, 23028 MiB
2026/02/25 17:50:24.888, 3, NVIDIA A10G, 0 %, 0 %, 1949 MiB, 23028 MiB
2026/02/25 17:50:25.888, 0, NVIDIA A10G, 17 %, 11 %, 2041 MiB, 23028 MiB
2026/02/25 17:50:25.888, 1, NVIDIA A10G, 20 %, 7 %, 2037 MiB, 23028 MiB
2026/02/25 17:50:25.888, 2, NVIDIA A10G, 18 %, 6 %, 1729 MiB, 23028 MiB
2026/02/25 17:50:25.888, 3, NVIDIA A10G, 0 %, 0 %, 1949 MiB, 23028 MiB
2026/02/25 17:50:26.889, 0, NVIDIA A10G, 19 %, 6 %, 2041 MiB, 23028 MiB
2026/02/25 17:50:26.889, 1, NVIDIA A10G, 19 %, 6 %, 2037 MiB, 23028 MiB
2026/02/25 17:50:26.889, 2, NVIDIA A10G, 18 %, 6 %, 1729 MiB, 23028 MiB
2026/02/25 17:50:26.889, 3, NVIDIA A10G, 19 %, 10 %, 1949 MiB, 23028 MiB
2026/02/25 17:50:27.889, 0, NVIDIA A10G, 19 %, 7 %, 2041 MiB, 23028 MiB
2026/02/25 17:50:27.889, 1, NVIDIA A10G, 17 %, 6 %, 2037 MiB, 23028 MiB
2026/02/25 17:50:27.889, 2, NVIDIA A10G, 16 %, 5 %, 1729 MiB, 23028 MiB
2026/02/25 17:50:27.889, 3, NVIDIA A10G, 18 %, 6 %, 1949 MiB, 23028 MiB
2026/02/25 17:50:28.889, 0, NVIDIA A10G, 19 %, 6 %, 2041 MiB, 23028 MiB
2026/02/25 17:50:28.890, 1, NVIDIA A10G, 20 %, 7 %, 2037 MiB, 23028 MiB
2026/02/25 17:50:28.890, 2, NVIDIA A10G, 17 %, 6 %, 1729 MiB, 23028 MiB
2026/02/25 17:50:28.890, 3, NVIDIA A10G, 17 %, 6 %, 1949 MiB, 23028 MiB
2026/02/25 17:50:29.890, 0, NVIDIA A10G, 19 %, 6 %, 2041 MiB, 23028 MiB
2026/02/25 17:50:29.890, 1, NVIDIA A10G, 19 %, 7 %, 2037 MiB, 23028 MiB
2026/02/25 17:50:29.890, 2, NVIDIA A10G, 12 %, 4 %, 1729 MiB, 23028 MiB
2026/02/25 17:50:29.890, 3, NVIDIA A10G, 20 %, 7 %, 1949 MiB, 23028 MiB
2026/02/25 17:50:30.890, 0, NVIDIA A10G, 21 %, 7 %, 2041 MiB, 23028 MiB
2026/02/25 17:50:30.890, 1, NVIDIA A10G, 0 %, 0 %, 2037 MiB, 23028 MiB
2026/02/25 17:50:30.890, 2, NVIDIA A10G, 0 %, 0 %, 1729 MiB, 23028 MiB
2026/02/25 17:50:30.891, 3, NVIDIA A10G, 22 %, 8 %, 1949 MiB, 23028 MiB
2026/02/25 17:50:31.891, 0, NVIDIA A10G, 19 %, 7 %, 2041 MiB, 23028 MiB
2026/02/25 17:50:31.891, 1, NVIDIA A10G, 0 %, 0 %, 2037 MiB, 23028 MiB
2026/02/25 17:50:31.891, 2, NVIDIA A10G, 0 %, 0 %, 1729 MiB, 23028 MiB
2026/02/25 17:50:31.891, 3, NVIDIA A10G, 18 %, 6 %, 1949 MiB, 23028 MiB
2026/02/25 17:50:32.891, 0, NVIDIA A10G, 20 %, 7 %, 2041 MiB, 23028 MiB
2026/02/25 17:50:32.891, 1, NVIDIA A10G, 0 %, 0 %, 2037 MiB, 23028 MiB
2026/02/25 17:50:32.891, 2, NVIDIA A10G, 0 %, 0 %, 1729 MiB, 23028 MiB
2026/02/25 17:50:32.891, 3, NVIDIA A10G, 18 %, 6 %, 1949 MiB, 23028 MiB
2026/02/25 17:50:33.891, 0, NVIDIA A10G, 23 %, 8 %, 2041 MiB, 23028 MiB
2026/02/25 17:50:33.892, 1, NVIDIA A10G, 0 %, 0 %, 2037 MiB, 23028 MiB
2026/02/25 17:50:33.892, 2, NVIDIA A10G, 0 %, 0 %, 1729 MiB, 23028 MiB
2026/02/25 17:50:33.892, 3, NVIDIA A10G, 18 %, 6 %, 1949 MiB, 23028 MiB
2026/02/25 17:50:34.892, 0, NVIDIA A10G, 23 %, 8 %, 2041 MiB, 23028 MiB
2026/02/25 17:50:34.892, 1, NVIDIA A10G, 0 %, 0 %, 2037 MiB, 23028 MiB
2026/02/25 17:50:34.893, 2, NVIDIA A10G, 61 %, 41 %, 1729 MiB, 23028 MiB
2026/02/25 17:50:34.893, 3, NVIDIA A10G, 21 %, 7 %, 1949 MiB, 23028 MiB
2026/02/25 17:50:35.894, 0, NVIDIA A10G, 19 %, 6 %, 2041 MiB, 23028 MiB
2026/02/25 17:50:35.894, 1, NVIDIA A10G, 0 %, 0 %, 2037 MiB, 23028 MiB
2026/02/25 17:50:35.894, 2, NVIDIA A10G, 20 %, 7 %, 1729 MiB, 23028 MiB
2026/02/25 17:50:35.894, 3, NVIDIA A10G, 0 %, 0 %, 1949 MiB, 23028 MiB
2026/02/25 17:50:36.894, 0, NVIDIA A10G, 20 %, 7 %, 2041 MiB, 23028 MiB
2026/02/25 17:50:36.894, 1, NVIDIA A10G, 0 %, 0 %, 2037 MiB, 23028 MiB
2026/02/25 17:50:36.894, 2, NVIDIA A10G, 19 %, 6 %, 1729 MiB, 23028 MiB
2026/02/25 17:50:36.894, 3, NVIDIA A10G, 0 %, 0 %, 1949 MiB, 23028 MiB
2026/02/25 17:50:37.894, 0, NVIDIA A10G, 14 %, 4 %, 2041 MiB, 23028 MiB
2026/02/25 17:50:37.895, 1, NVIDIA A10G, 18 %, 6 %, 2037 MiB, 23028 MiB
2026/02/25 17:50:37.895, 2, NVIDIA A10G, 19 %, 7 %, 1729 MiB, 23028 MiB
2026/02/25 17:50:37.895, 3, NVIDIA A10G, 0 %, 0 %, 1949 MiB, 23028 MiB
2026/02/25 17:50:38.895, 0, NVIDIA A10G, 0 %, 0 %, 2041 MiB, 23028 MiB
2026/02/25 17:50:38.895, 1, NVIDIA A10G, 19 %, 6 %, 2037 MiB, 23028 MiB
2026/02/25 17:50:38.895, 2, NVIDIA A10G, 19 %, 6 %, 1729 MiB, 23028 MiB
2026/02/25 17:50:38.895, 3, NVIDIA A10G, 0 %, 0 %, 1949 MiB, 23028 MiB
2026/02/25 17:50:39.895, 0, NVIDIA A10G, 0 %, 0 %, 2041 MiB, 23028 MiB
2026/02/25 17:50:39.895, 1, NVIDIA A10G, 20 %, 6 %, 2037 MiB, 23028 MiB
2026/02/25 17:50:39.895, 2, NVIDIA A10G, 25 %, 9 %, 1729 MiB, 23028 MiB
2026/02/25 17:50:39.895, 3, NVIDIA A10G, 10 %, 3 %, 1949 MiB, 23028 MiB
2026/02/25 17:50:40.896, 0, NVIDIA A10G, 0 %, 0 %, 2041 MiB, 23028 MiB
2026/02/25 17:50:40.896, 1, NVIDIA A10G, 21 %, 7 %, 2037 MiB, 23028 MiB
2026/02/25 17:50:40.896, 2, NVIDIA A10G, 0 %, 0 %, 1729 MiB, 23028 MiB
2026/02/25 17:50:40.896, 3, NVIDIA A10G, 16 %, 5 %, 1949 MiB, 23028 MiB
2026/02/25 17:50:41.896, 0, NVIDIA A10G, 0 %, 0 %, 2041 MiB, 23028 MiB
2026/02/25 17:50:41.896, 1, NVIDIA A10G, 21 %, 7 %, 2037 MiB, 23028 MiB
2026/02/25 17:50:41.896, 2, NVIDIA A10G, 0 %, 0 %, 1729 MiB, 23028 MiB
2026/02/25 17:50:41.896, 3, NVIDIA A10G, 15 %, 5 %, 1949 MiB, 23028 MiB
2026/02/25 17:50:42.896, 0, NVIDIA A10G, 0 %, 0 %, 2041 MiB, 23028 MiB
2026/02/25 17:50:42.896, 1, NVIDIA A10G, 20 %, 7 %, 2037 MiB, 23028 MiB
2026/02/25 17:50:42.896, 2, NVIDIA A10G, 0 %, 0 %, 1729 MiB, 23028 MiB
2026/02/25 17:50:42.896, 3, NVIDIA A10G, 19 %, 6 %, 1949 MiB, 23028 MiB
2026/02/25 17:50:43.897, 0, NVIDIA A10G, 0 %, 0 %, 2041 MiB, 23028 MiB
2026/02/25 17:50:43.897, 1, NVIDIA A10G, 19 %, 6 %, 2037 MiB, 23028 MiB
2026/02/25 17:50:43.897, 2, NVIDIA A10G, 0 %, 0 %, 1729 MiB, 23028 MiB
2026/02/25 17:50:43.897, 3, NVIDIA A10G, 19 %, 6 %, 1949 MiB, 23028 MiB
2026/02/25 17:50:44.897, 0, NVIDIA A10G, 13 %, 4 %, 2041 MiB, 23028 MiB
2026/02/25 17:50:44.897, 1, NVIDIA A10G, 0 %, 0 %, 2037 MiB, 23028 MiB
2026/02/25 17:50:44.897, 2, NVIDIA A10G, 0 %, 0 %, 1729 MiB, 23028 MiB
2026/02/25 17:50:44.897, 3, NVIDIA A10G, 4 %, 1 %, 1949 MiB, 23028 MiB
2026/02/25 17:50:45.897, 0, NVIDIA A10G, 22 %, 8 %, 2041 MiB, 23028 MiB
2026/02/25 17:50:45.897, 1, NVIDIA A10G, 0 %, 0 %, 2037 MiB, 23028 MiB
2026/02/25 17:50:45.897, 2, NVIDIA A10G, 0 %, 0 %, 1729 MiB, 23028 MiB
2026/02/25 17:50:45.897, 3, NVIDIA A10G, 0 %, 0 %, 1949 MiB, 23028 MiB
2026/02/25 17:50:46.897, 0, NVIDIA A10G, 22 %, 8 %, 2041 MiB, 23028 MiB
2026/02/25 17:50:46.898, 1, NVIDIA A10G, 0 %, 0 %, 2037 MiB, 23028 MiB
2026/02/25 17:50:46.898, 2, NVIDIA A10G, 0 %, 0 %, 1729 MiB, 23028 MiB
2026/02/25 17:50:46.898, 3, NVIDIA A10G, 0 %, 0 %, 1949 MiB, 23028 MiB
2026/02/25 17:50:47.898, 0, NVIDIA A10G, 22 %, 8 %, 2041 MiB, 23028 MiB
2026/02/25 17:50:47.898, 1, NVIDIA A10G, 0 %, 0 %, 2037 MiB, 23028 MiB
2026/02/25 17:50:47.898, 2, NVIDIA A10G, 0 %, 0 %, 1729 MiB, 23028 MiB
2026/02/25 17:50:47.898, 3, NVIDIA A10G, 0 %, 0 %, 1949 MiB, 23028 MiB
2026/02/25 17:50:48.898, 0, NVIDIA A10G, 23 %, 8 %, 2041 MiB, 23028 MiB
2026/02/25 17:50:48.898, 1, NVIDIA A10G, 0 %, 0 %, 2037 MiB, 23028 MiB
2026/02/25 17:50:48.898, 2, NVIDIA A10G, 0 %, 0 %, 1729 MiB, 23028 MiB
2026/02/25 17:50:48.898, 3, NVIDIA A10G, 0 %, 0 %, 1949 MiB, 23028 MiB
2026/02/25 17:50:49.898, 0, NVIDIA A10G, 18 %, 7 %, 2041 MiB, 23028 MiB
2026/02/25 17:50:49.898, 1, NVIDIA A10G, 0 %, 0 %, 2037 MiB, 23028 MiB
2026/02/25 17:50:49.898, 2, NVIDIA A10G, 21 %, 8 %, 1729 MiB, 23028 MiB
2026/02/25 17:50:49.899, 3, NVIDIA A10G, 0 %, 0 %, 1949 MiB, 23028 MiB
2026/02/25 17:50:50.899, 0, NVIDIA A10G, 20 %, 7 %, 2041 MiB, 23028 MiB
2026/02/25 17:50:50.899, 1, NVIDIA A10G, 0 %, 0 %, 2037 MiB, 23028 MiB
2026/02/25 17:50:50.899, 2, NVIDIA A10G, 21 %, 7 %, 1729 MiB, 23028 MiB
2026/02/25 17:50:50.899, 3, NVIDIA A10G, 0 %, 0 %, 1949 MiB, 23028 MiB
2026/02/25 17:50:51.899, 0, NVIDIA A10G, 0 %, 0 %, 2041 MiB, 23028 MiB
2026/02/25 17:50:51.899, 1, NVIDIA A10G, 0 %, 0 %, 2037 MiB, 23028 MiB
2026/02/25 17:50:51.899, 2, NVIDIA A10G, 21 %, 8 %, 1729 MiB, 23028 MiB
2026/02/25 17:50:51.899, 3, NVIDIA A10G, 0 %, 0 %, 1949 MiB, 23028 MiB
2026/02/25 17:50:52.899, 0, NVIDIA A10G, 0 %, 0 %, 2041 MiB, 23028 MiB
2026/02/25 17:50:52.899, 1, NVIDIA A10G, 0 %, 0 %, 2037 MiB, 23028 MiB
2026/02/25 17:50:52.900, 2, NVIDIA A10G, 23 %, 8 %, 1729 MiB, 23028 MiB
2026/02/25 17:50:52.900, 3, NVIDIA A10G, 0 %, 0 %, 1949 MiB, 23028 MiB
2026/02/25 17:50:53.900, 0, NVIDIA A10G, 0 %, 0 %, 2041 MiB, 23028 MiB
2026/02/25 17:50:53.900, 1, NVIDIA A10G, 0 %, 0 %, 2037 MiB, 23028 MiB
2026/02/25 17:50:53.900, 2, NVIDIA A10G, 21 %, 7 %, 1729 MiB, 23028 MiB
2026/02/25 17:50:53.900, 3, NVIDIA A10G, 0 %, 0 %, 1949 MiB, 23028 MiB
2026/02/25 17:50:54.900, 0, NVIDIA A10G, 22 %, 8 %, 2041 MiB, 23028 MiB
2026/02/25 17:50:54.900, 1, NVIDIA A10G, 0 %, 0 %, 2037 MiB, 23028 MiB
2026/02/25 17:50:54.900, 2, NVIDIA A10G, 20 %, 7 %, 1729 MiB, 23028 MiB
2026/02/25 17:50:54.900, 3, NVIDIA A10G, 0 %, 0 %, 1949 MiB, 23028 MiB
2026/02/25 17:50:55.900, 0, NVIDIA A10G, 21 %, 7 %, 2041 MiB, 23028 MiB
2026/02/25 17:50:55.901, 1, NVIDIA A10G, 0 %, 0 %, 2037 MiB, 23028 MiB
2026/02/25 17:50:55.901, 2, NVIDIA A10G, 21 %, 8 %, 1729 MiB, 23028 MiB
2026/02/25 17:50:55.901, 3, NVIDIA A10G, 13 %, 9 %, 1949 MiB, 23028 MiB
2026/02/25 17:50:56.901, 0, NVIDIA A10G, 19 %, 6 %, 2041 MiB, 23028 MiB
2026/02/25 17:50:56.901, 1, NVIDIA A10G, 0 %, 0 %, 2037 MiB, 23028 MiB
2026/02/25 17:50:56.901, 2, NVIDIA A10G, 0 %, 0 %, 1729 MiB, 23028 MiB
2026/02/25 17:50:56.901, 3, NVIDIA A10G, 0 %, 0 %, 1949 MiB, 23028 MiB
2026/02/25 17:50:57.901, 0, NVIDIA A10G, 19 %, 6 %, 2041 MiB, 23028 MiB
2026/02/25 17:50:57.901, 1, NVIDIA A10G, 0 %, 0 %, 2037 MiB, 23028 MiB
2026/02/25 17:50:57.902, 2, NVIDIA A10G, 0 %, 0 %, 1729 MiB, 23028 MiB
2026/02/25 17:50:57.902, 3, NVIDIA A10G, 17 %, 6 %, 1949 MiB, 23028 MiB
2026/02/25 17:50:58.902, 0, NVIDIA A10G, 0 %, 0 %, 2041 MiB, 23028 MiB
2026/02/25 17:50:58.902, 1, NVIDIA A10G, 13 %, 9 %, 2037 MiB, 23028 MiB
2026/02/25 17:50:58.902, 2, NVIDIA A10G, 0 %, 0 %, 1729 MiB, 23028 MiB
2026/02/25 17:50:58.902, 3, NVIDIA A10G, 19 %, 6 %, 1949 MiB, 23028 MiB
2026/02/25 17:50:59.902, 0, NVIDIA A10G, 0 %, 0 %, 2041 MiB, 23028 MiB
2026/02/25 17:50:59.902, 1, NVIDIA A10G, 20 %, 6 %, 2037 MiB, 23028 MiB
2026/02/25 17:50:59.902, 2, NVIDIA A10G, 0 %, 0 %, 1729 MiB, 23028 MiB
2026/02/25 17:50:59.902, 3, NVIDIA A10G, 16 %, 6 %, 1949 MiB, 23028 MiB
2026/02/25 17:51:00.903, 0, NVIDIA A10G, 0 %, 0 %, 2041 MiB, 23028 MiB
2026/02/25 17:51:00.903, 1, NVIDIA A10G, 22 %, 8 %, 2037 MiB, 23028 MiB
2026/02/25 17:51:00.903, 2, NVIDIA A10G, 0 %, 0 %, 1729 MiB, 23028 MiB
2026/02/25 17:51:00.903, 3, NVIDIA A10G, 20 %, 7 %, 1949 MiB, 23028 MiB
2026/02/25 17:51:01.903, 0, NVIDIA A10G, 0 %, 0 %, 2041 MiB, 23028 MiB
2026/02/25 17:51:01.903, 1, NVIDIA A10G, 21 %, 7 %, 2037 MiB, 23028 MiB
2026/02/25 17:51:01.903, 2, NVIDIA A10G, 100 %, 72 %, 1729 MiB, 23028 MiB
2026/02/25 17:51:01.903, 3, NVIDIA A10G, 21 %, 7 %, 1949 MiB, 23028 MiB
2026/02/25 17:51:02.903, 0, NVIDIA A10G, 0 %, 0 %, 2041 MiB, 23028 MiB
2026/02/25 17:51:02.904, 1, NVIDIA A10G, 18 %, 6 %, 2037 MiB, 23028 MiB
2026/02/25 17:51:02.904, 2, NVIDIA A10G, 19 %, 7 %, 1729 MiB, 23028 MiB
2026/02/25 17:51:02.904, 3, NVIDIA A10G, 20 %, 6 %, 1949 MiB, 23028 MiB
2026/02/25 17:51:03.904, 0, NVIDIA A10G, 0 %, 0 %, 2041 MiB, 23028 MiB
2026/02/25 17:51:03.904, 1, NVIDIA A10G, 18 %, 6 %, 2037 MiB, 23028 MiB
2026/02/25 17:51:03.904, 2, NVIDIA A10G, 19 %, 6 %, 1729 MiB, 23028 MiB
2026/02/25 17:51:03.904, 3, NVIDIA A10G, 20 %, 6 %, 1949 MiB, 23028 MiB
2026/02/25 17:51:04.904, 0, NVIDIA A10G, 0 %, 0 %, 2041 MiB, 23028 MiB
2026/02/25 17:51:04.904, 1, NVIDIA A10G, 20 %, 7 %, 2037 MiB, 23028 MiB
2026/02/25 17:51:04.904, 2, NVIDIA A10G, 16 %, 5 %, 1729 MiB, 23028 MiB
2026/02/25 17:51:04.904, 3, NVIDIA A10G, 20 %, 6 %, 1949 MiB, 23028 MiB
2026/02/25 17:51:05.905, 0, NVIDIA A10G, 16 %, 5 %, 2041 MiB, 23028 MiB
2026/02/25 17:51:05.905, 1, NVIDIA A10G, 20 %, 7 %, 2037 MiB, 23028 MiB
2026/02/25 17:51:05.905, 2, NVIDIA A10G, 19 %, 7 %, 1729 MiB, 23028 MiB
2026/02/25 17:51:05.905, 3, NVIDIA A10G, 18 %, 6 %, 1949 MiB, 23028 MiB
2026/02/25 17:51:06.905, 0, NVIDIA A10G, 17 %, 6 %, 2041 MiB, 23028 MiB
2026/02/25 17:51:06.905, 1, NVIDIA A10G, 21 %, 7 %, 2037 MiB, 23028 MiB
2026/02/25 17:51:06.905, 2, NVIDIA A10G, 19 %, 7 %, 1729 MiB, 23028 MiB
2026/02/25 17:51:06.905, 3, NVIDIA A10G, 20 %, 7 %, 1949 MiB, 23028 MiB
2026/02/25 17:51:07.905, 0, NVIDIA A10G, 19 %, 7 %, 2041 MiB, 23028 MiB
2026/02/25 17:51:07.905, 1, NVIDIA A10G, 17 %, 5 %, 2037 MiB, 23028 MiB
2026/02/25 17:51:07.906, 2, NVIDIA A10G, 18 %, 6 %, 1729 MiB, 23028 MiB
2026/02/25 17:51:07.906, 3, NVIDIA A10G, 19 %, 6 %, 1949 MiB, 23028 MiB
2026/02/25 17:51:08.906, 0, NVIDIA A10G, 18 %, 6 %, 2041 MiB, 23028 MiB
2026/02/25 17:51:08.906, 1, NVIDIA A10G, 20 %, 7 %, 2037 MiB, 23028 MiB
2026/02/25 17:51:08.906, 2, NVIDIA A10G, 17 %, 5 %, 1729 MiB, 23028 MiB
2026/02/25 17:51:08.906, 3, NVIDIA A10G, 20 %, 7 %, 1949 MiB, 23028 MiB
2026/02/25 17:51:09.906, 0, NVIDIA A10G, 19 %, 6 %, 2041 MiB, 23028 MiB
2026/02/25 17:51:09.906, 1, NVIDIA A10G, 19 %, 6 %, 2037 MiB, 23028 MiB
2026/02/25 17:51:09.906, 2, NVIDIA A10G, 16 %, 5 %, 1729 MiB, 23028 MiB
2026/02/25 17:51:09.907, 3, NVIDIA A10G, 20 %, 7 %, 1949 MiB, 23028 MiB
2026/02/25 17:51:10.907, 0, NVIDIA A10G, 18 %, 6 %, 2041 MiB, 23028 MiB
2026/02/25 17:51:10.907, 1, NVIDIA A10G, 21 %, 7 %, 2037 MiB, 23028 MiB
2026/02/25 17:51:10.907, 2, NVIDIA A10G, 10 %, 3 %, 1729 MiB, 23028 MiB
2026/02/25 17:51:10.907, 3, NVIDIA A10G, 0 %, 0 %, 1949 MiB, 23028 MiB
2026/02/25 17:51:11.907, 0, NVIDIA A10G, 20 %, 7 %, 2041 MiB, 23028 MiB
2026/02/25 17:51:11.907, 1, NVIDIA A10G, 21 %, 7 %, 2037 MiB, 23028 MiB
2026/02/25 17:51:11.907, 2, NVIDIA A10G, 0 %, 0 %, 1729 MiB, 23028 MiB
2026/02/25 17:51:11.907, 3, NVIDIA A10G, 0 %, 0 %, 1949 MiB, 23028 MiB
2026/02/25 17:51:12.907, 0, NVIDIA A10G, 19 %, 6 %, 2041 MiB, 23028 MiB
2026/02/25 17:51:12.908, 1, NVIDIA A10G, 20 %, 7 %, 2037 MiB, 23028 MiB
2026/02/25 17:51:12.908, 2, NVIDIA A10G, 0 %, 0 %, 1729 MiB, 23028 MiB
2026/02/25 17:51:12.908, 3, NVIDIA A10G, 0 %, 0 %, 1949 MiB, 23028 MiB
2026/02/25 17:51:13.908, 0, NVIDIA A10G, 13 %, 4 %, 2041 MiB, 23028 MiB
2026/02/25 17:51:13.908, 1, NVIDIA A10G, 21 %, 7 %, 2037 MiB, 23028 MiB
2026/02/25 17:51:13.908, 2, NVIDIA A10G, 0 %, 0 %, 1729 MiB, 23028 MiB
2026/02/25 17:51:13.908, 3, NVIDIA A10G, 0 %, 0 %, 1949 MiB, 23028 MiB
2026/02/25 17:51:14.908, 0, NVIDIA A10G, 0 %, 0 %, 2041 MiB, 23028 MiB
2026/02/25 17:51:14.908, 1, NVIDIA A10G, 19 %, 6 %, 2037 MiB, 23028 MiB
2026/02/25 17:51:14.909, 2, NVIDIA A10G, 0 %, 0 %, 1729 MiB, 23028 MiB
2026/02/25 17:51:14.909, 3, NVIDIA A10G, 0 %, 0 %, 1949 MiB, 23028 MiB
2026/02/25 17:51:15.909, 0, NVIDIA A10G, 0 %, 0 %, 2041 MiB, 23028 MiB
2026/02/25 17:51:15.909, 1, NVIDIA A10G, 0 %, 0 %, 2037 MiB, 23028 MiB
2026/02/25 17:51:15.909, 2, NVIDIA A10G, 0 %, 0 %, 1729 MiB, 23028 MiB
2026/02/25 17:51:15.909, 3, NVIDIA A10G, 0 %, 0 %, 1949 MiB, 23028 MiB
2026/02/25 17:51:16.909, 0, NVIDIA A10G, 0 %, 0 %, 2041 MiB, 23028 MiB
2026/02/25 17:51:16.910, 1, NVIDIA A10G, 0 %, 0 %, 2037 MiB, 23028 MiB
2026/02/25 17:51:16.910, 2, NVIDIA A10G, 0 %, 0 %, 1729 MiB, 23028 MiB
2026/02/25 17:51:16.910, 3, NVIDIA A10G, 20 %, 7 %, 1949 MiB, 23028 MiB
2026/02/25 17:51:17.910, 0, NVIDIA A10G, 0 %, 0 %, 2041 MiB, 23028 MiB
2026/02/25 17:51:17.910, 1, NVIDIA A10G, 0 %, 0 %, 2037 MiB, 23028 MiB
2026/02/25 17:51:17.910, 2, NVIDIA A10G, 0 %, 0 %, 1729 MiB, 23028 MiB
2026/02/25 17:51:17.910, 3, NVIDIA A10G, 22 %, 7 %, 1949 MiB, 23028 MiB
2026/02/25 17:51:18.910, 0, NVIDIA A10G, 0 %, 0 %, 2041 MiB, 23028 MiB
2026/02/25 17:51:18.910, 1, NVIDIA A10G, 0 %, 0 %, 2037 MiB, 23028 MiB
2026/02/25 17:51:18.910, 2, NVIDIA A10G, 26 %, 19 %, 1729 MiB, 23028 MiB
2026/02/25 17:51:18.910, 3, NVIDIA A10G, 19 %, 6 %, 1949 MiB, 23028 MiB
2026/02/25 17:51:19.911, 0, NVIDIA A10G, 0 %, 0 %, 2041 MiB, 23028 MiB
2026/02/25 17:51:19.911, 1, NVIDIA A10G, 0 %, 0 %, 2037 MiB, 23028 MiB
2026/02/25 17:51:19.911, 2, NVIDIA A10G, 19 %, 6 %, 1729 MiB, 23028 MiB
2026/02/25 17:51:19.911, 3, NVIDIA A10G, 20 %, 7 %, 1949 MiB, 23028 MiB
2026/02/25 17:51:20.911, 0, NVIDIA A10G, 0 %, 0 %, 2041 MiB, 23028 MiB
2026/02/25 17:51:20.911, 1, NVIDIA A10G, 21 %, 7 %, 2037 MiB, 23028 MiB
2026/02/25 17:51:20.911, 2, NVIDIA A10G, 20 %, 7 %, 1729 MiB, 23028 MiB
2026/02/25 17:51:20.911, 3, NVIDIA A10G, 21 %, 7 %, 1949 MiB, 23028 MiB
2026/02/25 17:51:21.911, 0, NVIDIA A10G, 0 %, 0 %, 2041 MiB, 23028 MiB
2026/02/25 17:51:21.911, 1, NVIDIA A10G, 21 %, 7 %, 2037 MiB, 23028 MiB
2026/02/25 17:51:21.911, 2, NVIDIA A10G, 20 %, 7 %, 1729 MiB, 23028 MiB
2026/02/25 17:51:21.912, 3, NVIDIA A10G, 16 %, 5 %, 1949 MiB, 23028 MiB
2026/02/25 17:51:22.912, 0, NVIDIA A10G, 0 %, 0 %, 2041 MiB, 23028 MiB
2026/02/25 17:51:22.912, 1, NVIDIA A10G, 18 %, 6 %, 2037 MiB, 23028 MiB
2026/02/25 17:51:22.912, 2, NVIDIA A10G, 17 %, 6 %, 1729 MiB, 23028 MiB
2026/02/25 17:51:22.912, 3, NVIDIA A10G, 19 %, 6 %, 1949 MiB, 23028 MiB
2026/02/25 17:51:23.912, 0, NVIDIA A10G, 0 %, 0 %, 2041 MiB, 23028 MiB
2026/02/25 17:51:23.912, 1, NVIDIA A10G, 18 %, 6 %, 2037 MiB, 23028 MiB
2026/02/25 17:51:23.912, 2, NVIDIA A10G, 21 %, 7 %, 1729 MiB, 23028 MiB
2026/02/25 17:51:23.912, 3, NVIDIA A10G, 0 %, 0 %, 1949 MiB, 23028 MiB
2026/02/25 17:51:24.912, 0, NVIDIA A10G, 0 %, 0 %, 2041 MiB, 23028 MiB
2026/02/25 17:51:24.912, 1, NVIDIA A10G, 17 %, 6 %, 2037 MiB, 23028 MiB
2026/02/25 17:51:24.912, 2, NVIDIA A10G, 19 %, 6 %, 1729 MiB, 23028 MiB
2026/02/25 17:51:24.913, 3, NVIDIA A10G, 0 %, 0 %, 1949 MiB, 23028 MiB
2026/02/25 17:51:25.913, 0, NVIDIA A10G, 0 %, 0 %, 2041 MiB, 23028 MiB
2026/02/25 17:51:25.913, 1, NVIDIA A10G, 0 %, 0 %, 2037 MiB, 23028 MiB
2026/02/25 17:51:25.913, 2, NVIDIA A10G, 22 %, 7 %, 1729 MiB, 23028 MiB
2026/02/25 17:51:25.913, 3, NVIDIA A10G, 0 %, 0 %, 1949 MiB, 23028 MiB
2026/02/25 17:51:26.913, 0, NVIDIA A10G, 0 %, 0 %, 2041 MiB, 23028 MiB
2026/02/25 17:51:26.913, 1, NVIDIA A10G, 0 %, 0 %, 2037 MiB, 23028 MiB
2026/02/25 17:51:26.913, 2, NVIDIA A10G, 21 %, 7 %, 1729 MiB, 23028 MiB
2026/02/25 17:51:26.913, 3, NVIDIA A10G, 67 %, 46 %, 1949 MiB, 23028 MiB
2026/02/25 17:51:27.913, 0, NVIDIA A10G, 19 %, 7 %, 2041 MiB, 23028 MiB
2026/02/25 17:51:27.914, 1, NVIDIA A10G, 0 %, 0 %, 2037 MiB, 23028 MiB
2026/02/25 17:51:27.914, 2, NVIDIA A10G, 21 %, 8 %, 1729 MiB, 23028 MiB
2026/02/25 17:51:27.914, 3, NVIDIA A10G, 20 %, 7 %, 1949 MiB, 23028 MiB
2026/02/25 17:51:28.914, 0, NVIDIA A10G, 15 %, 5 %, 2041 MiB, 23028 MiB
2026/02/25 17:51:28.914, 1, NVIDIA A10G, 0 %, 0 %, 2037 MiB, 23028 MiB
2026/02/25 17:51:28.914, 2, NVIDIA A10G, 12 %, 4 %, 1729 MiB, 23028 MiB
2026/02/25 17:51:28.914, 3, NVIDIA A10G, 20 %, 6 %, 1949 MiB, 23028 MiB
2026/02/25 17:51:29.914, 0, NVIDIA A10G, 18 %, 6 %, 2041 MiB, 23028 MiB
2026/02/25 17:51:29.914, 1, NVIDIA A10G, 0 %, 0 %, 2037 MiB, 23028 MiB
2026/02/25 17:51:29.914, 2, NVIDIA A10G, 0 %, 0 %, 1729 MiB, 23028 MiB
2026/02/25 17:51:29.915, 3, NVIDIA A10G, 19 %, 6 %, 1949 MiB, 23028 MiB
2026/02/25 17:51:30.915, 0, NVIDIA A10G, 19 %, 6 %, 2041 MiB, 23028 MiB
2026/02/25 17:51:30.915, 1, NVIDIA A10G, 0 %, 0 %, 2037 MiB, 23028 MiB
2026/02/25 17:51:30.915, 2, NVIDIA A10G, 0 %, 0 %, 1729 MiB, 23028 MiB
2026/02/25 17:51:30.915, 3, NVIDIA A10G, 7 %, 2 %, 1949 MiB, 23028 MiB
2026/02/25 17:51:31.915, 0, NVIDIA A10G, 20 %, 6 %, 2041 MiB, 23028 MiB
2026/02/25 17:51:31.915, 1, NVIDIA A10G, 0 %, 0 %, 2037 MiB, 23028 MiB
2026/02/25 17:51:31.915, 2, NVIDIA A10G, 0 %, 0 %, 1729 MiB, 23028 MiB
2026/02/25 17:51:31.915, 3, NVIDIA A10G, 0 %, 0 %, 1949 MiB, 23028 MiB
2026/02/25 17:51:32.915, 0, NVIDIA A10G, 20 %, 7 %, 2041 MiB, 23028 MiB
2026/02/25 17:51:32.916, 1, NVIDIA A10G, 0 %, 0 %, 2037 MiB, 23028 MiB
2026/02/25 17:51:32.916, 2, NVIDIA A10G, 0 %, 0 %, 1729 MiB, 23028 MiB
2026/02/25 17:51:32.916, 3, NVIDIA A10G, 0 %, 0 %, 1949 MiB, 23028 MiB
2026/02/25 17:51:33.916, 0, NVIDIA A10G, 19 %, 6 %, 2041 MiB, 23028 MiB
2026/02/25 17:51:33.916, 1, NVIDIA A10G, 20 %, 6 %, 2037 MiB, 23028 MiB
2026/02/25 17:51:33.916, 2, NVIDIA A10G, 0 %, 0 %, 1729 MiB, 23028 MiB
2026/02/25 17:51:33.916, 3, NVIDIA A10G, 0 %, 0 %, 1949 MiB, 23028 MiB
2026/02/25 17:51:34.916, 0, NVIDIA A10G, 23 %, 8 %, 2041 MiB, 23028 MiB
2026/02/25 17:51:34.916, 1, NVIDIA A10G, 21 %, 7 %, 2037 MiB, 23028 MiB
2026/02/25 17:51:34.916, 2, NVIDIA A10G, 0 %, 0 %, 1729 MiB, 23028 MiB
2026/02/25 17:51:34.916, 3, NVIDIA A10G, 0 %, 0 %, 1949 MiB, 23028 MiB
2026/02/25 17:51:35.917, 0, NVIDIA A10G, 20 %, 6 %, 2041 MiB, 23028 MiB
2026/02/25 17:51:35.917, 1, NVIDIA A10G, 21 %, 8 %, 2037 MiB, 23028 MiB
2026/02/25 17:51:35.917, 2, NVIDIA A10G, 0 %, 0 %, 1729 MiB, 23028 MiB
2026/02/25 17:51:35.917, 3, NVIDIA A10G, 0 %, 0 %, 1949 MiB, 23028 MiB
2026/02/25 17:51:36.917, 0, NVIDIA A10G, 18 %, 6 %, 2041 MiB, 23028 MiB
2026/02/25 17:51:36.917, 1, NVIDIA A10G, 21 %, 8 %, 2037 MiB, 23028 MiB
2026/02/25 17:51:36.917, 2, NVIDIA A10G, 20 %, 6 %, 1729 MiB, 23028 MiB
2026/02/25 17:51:36.917, 3, NVIDIA A10G, 0 %, 0 %, 1949 MiB, 23028 MiB
2026/02/25 17:51:37.917, 0, NVIDIA A10G, 22 %, 8 %, 2041 MiB, 23028 MiB
2026/02/25 17:51:37.917, 1, NVIDIA A10G, 20 %, 7 %, 2037 MiB, 23028 MiB
2026/02/25 17:51:37.918, 2, NVIDIA A10G, 20 %, 7 %, 1729 MiB, 23028 MiB
2026/02/25 17:51:37.918, 3, NVIDIA A10G, 0 %, 0 %, 1949 MiB, 23028 MiB
2026/02/25 17:51:38.918, 0, NVIDIA A10G, 19 %, 7 %, 2041 MiB, 23028 MiB
2026/02/25 17:51:38.918, 1, NVIDIA A10G, 20 %, 7 %, 2037 MiB, 23028 MiB
2026/02/25 17:51:38.918, 2, NVIDIA A10G, 20 %, 7 %, 1729 MiB, 23028 MiB
2026/02/25 17:51:38.918, 3, NVIDIA A10G, 0 %, 0 %, 1949 MiB, 23028 MiB
2026/02/25 17:51:39.918, 0, NVIDIA A10G, 18 %, 6 %, 2041 MiB, 23028 MiB
2026/02/25 17:51:39.919, 1, NVIDIA A10G, 19 %, 7 %, 2037 MiB, 23028 MiB
2026/02/25 17:51:39.919, 2, NVIDIA A10G, 20 %, 7 %, 1729 MiB, 23028 MiB
2026/02/25 17:51:39.919, 3, NVIDIA A10G, 0 %, 0 %, 1949 MiB, 23028 MiB
2026/02/25 17:51:40.919, 0, NVIDIA A10G, 0 %, 0 %, 2041 MiB, 23028 MiB
2026/02/25 17:51:40.919, 1, NVIDIA A10G, 18 %, 6 %, 2037 MiB, 23028 MiB
2026/02/25 17:51:40.919, 2, NVIDIA A10G, 22 %, 8 %, 1729 MiB, 23028 MiB
2026/02/25 17:51:40.919, 3, NVIDIA A10G, 0 %, 0 %, 1949 MiB, 23028 MiB
2026/02/25 17:51:41.919, 0, NVIDIA A10G, 0 %, 0 %, 2041 MiB, 23028 MiB
2026/02/25 17:51:41.919, 1, NVIDIA A10G, 19 %, 6 %, 2037 MiB, 23028 MiB
2026/02/25 17:51:41.919, 2, NVIDIA A10G, 23 %, 9 %, 1729 MiB, 23028 MiB
2026/02/25 17:51:41.919, 3, NVIDIA A10G, 0 %, 0 %, 1949 MiB, 23028 MiB
2026/02/25 17:51:42.920, 0, NVIDIA A10G, 0 %, 0 %, 2041 MiB, 23028 MiB
2026/02/25 17:51:42.920, 1, NVIDIA A10G, 7 %, 2 %, 2037 MiB, 23028 MiB
2026/02/25 17:51:42.920, 2, NVIDIA A10G, 19 %, 6 %, 1729 MiB, 23028 MiB
2026/02/25 17:51:42.920, 3, NVIDIA A10G, 4 %, 1 %, 1949 MiB, 23028 MiB
2026/02/25 17:51:43.920, 0, NVIDIA A10G, 0 %, 0 %, 2041 MiB, 23028 MiB
2026/02/25 17:51:43.920, 1, NVIDIA A10G, 0 %, 0 %, 2037 MiB, 23028 MiB
2026/02/25 17:51:43.920, 2, NVIDIA A10G, 0 %, 0 %, 1729 MiB, 23028 MiB
2026/02/25 17:51:43.920, 3, NVIDIA A10G, 24 %, 9 %, 1949 MiB, 23028 MiB
2026/02/25 17:51:44.920, 0, NVIDIA A10G, 0 %, 0 %, 2041 MiB, 23028 MiB
2026/02/25 17:51:44.921, 1, NVIDIA A10G, 0 %, 0 %, 2037 MiB, 23028 MiB
2026/02/25 17:51:44.921, 2, NVIDIA A10G, 0 %, 0 %, 1729 MiB, 23028 MiB
2026/02/25 17:51:44.921, 3, NVIDIA A10G, 17 %, 6 %, 1949 MiB, 23028 MiB
2026/02/25 17:51:45.921, 0, NVIDIA A10G, 0 %, 0 %, 2041 MiB, 23028 MiB
2026/02/25 17:51:45.921, 1, NVIDIA A10G, 0 %, 0 %, 2037 MiB, 23028 MiB
2026/02/25 17:51:45.921, 2, NVIDIA A10G, 0 %, 0 %, 1729 MiB, 23028 MiB
2026/02/25 17:51:45.921, 3, NVIDIA A10G, 18 %, 7 %, 1949 MiB, 23028 MiB
2026/02/25 17:51:46.921, 0, NVIDIA A10G, 0 %, 0 %, 2041 MiB, 23028 MiB
2026/02/25 17:51:46.921, 1, NVIDIA A10G, 0 %, 0 %, 2037 MiB, 23028 MiB
2026/02/25 17:51:46.921, 2, NVIDIA A10G, 0 %, 0 %, 1729 MiB, 23028 MiB
2026/02/25 17:51:46.921, 3, NVIDIA A10G, 21 %, 7 %, 1949 MiB, 23028 MiB
2026/02/25 17:51:47.921, 0, NVIDIA A10G, 0 %, 0 %, 2041 MiB, 23028 MiB
2026/02/25 17:51:47.921, 1, NVIDIA A10G, 0 %, 0 %, 2037 MiB, 23028 MiB
2026/02/25 17:51:47.922, 2, NVIDIA A10G, 0 %, 0 %, 1729 MiB, 23028 MiB
2026/02/25 17:51:47.922, 3, NVIDIA A10G, 20 %, 7 %, 1949 MiB, 23028 MiB
2026/02/25 17:51:48.922, 0, NVIDIA A10G, 0 %, 0 %, 2043 MiB, 23028 MiB
2026/02/25 17:51:48.922, 1, NVIDIA A10G, 0 %, 0 %, 2037 MiB, 23028 MiB
2026/02/25 17:51:48.922, 2, NVIDIA A10G, 0 %, 0 %, 1729 MiB, 23028 MiB
2026/02/25 17:51:48.922, 3, NVIDIA A10G, 21 %, 7 %, 1949 MiB, 23028 MiB
2026/02/25 17:51:49.922, 0, NVIDIA A10G, 18 %, 6 %, 2043 MiB, 23028 MiB
2026/02/25 17:51:49.922, 1, NVIDIA A10G, 0 %, 0 %, 2037 MiB, 23028 MiB
2026/02/25 17:51:49.922, 2, NVIDIA A10G, 0 %, 0 %, 1729 MiB, 23028 MiB
2026/02/25 17:51:49.922, 3, NVIDIA A10G, 22 %, 8 %, 1949 MiB, 23028 MiB
2026/02/25 17:51:50.922, 0, NVIDIA A10G, 19 %, 6 %, 2043 MiB, 23028 MiB
2026/02/25 17:51:50.922, 1, NVIDIA A10G, 0 %, 0 %, 2037 MiB, 23028 MiB
2026/02/25 17:51:50.923, 2, NVIDIA A10G, 0 %, 0 %, 1729 MiB, 23028 MiB
2026/02/25 17:51:50.923, 3, NVIDIA A10G, 21 %, 8 %, 1949 MiB, 23028 MiB
2026/02/25 17:51:51.923, 0, NVIDIA A10G, 14 %, 4 %, 2043 MiB, 23028 MiB
2026/02/25 17:51:51.923, 1, NVIDIA A10G, 0 %, 0 %, 2037 MiB, 23028 MiB
2026/02/25 17:51:51.923, 2, NVIDIA A10G, 22 %, 8 %, 1729 MiB, 23028 MiB
2026/02/25 17:51:51.923, 3, NVIDIA A10G, 22 %, 9 %, 1949 MiB, 23028 MiB
2026/02/25 17:51:52.923, 0, NVIDIA A10G, 21 %, 7 %, 2043 MiB, 23028 MiB
2026/02/25 17:51:52.923, 1, NVIDIA A10G, 0 %, 0 %, 2037 MiB, 23028 MiB
2026/02/25 17:51:52.923, 2, NVIDIA A10G, 18 %, 7 %, 1729 MiB, 23028 MiB
2026/02/25 17:51:52.923, 3, NVIDIA A10G, 19 %, 6 %, 1949 MiB, 23028 MiB
2026/02/25 17:51:53.924, 0, NVIDIA A10G, 16 %, 5 %, 2043 MiB, 23028 MiB
2026/02/25 17:51:53.924, 1, NVIDIA A10G, 23 %, 13 %, 2037 MiB, 23028 MiB
2026/02/25 17:51:53.924, 2, NVIDIA A10G, 22 %, 8 %, 1729 MiB, 23028 MiB
2026/02/25 17:51:53.924, 3, NVIDIA A10G, 19 %, 7 %, 1949 MiB, 23028 MiB
2026/02/25 17:51:54.924, 0, NVIDIA A10G, 17 %, 6 %, 2043 MiB, 23028 MiB
2026/02/25 17:51:54.924, 1, NVIDIA A10G, 18 %, 6 %, 2037 MiB, 23028 MiB
2026/02/25 17:51:54.924, 2, NVIDIA A10G, 20 %, 6 %, 1729 MiB, 23028 MiB
2026/02/25 17:51:54.924, 3, NVIDIA A10G, 18 %, 6 %, 1949 MiB, 23028 MiB
2026/02/25 17:51:55.924, 0, NVIDIA A10G, 15 %, 5 %, 2043 MiB, 23028 MiB
2026/02/25 17:51:55.924, 1, NVIDIA A10G, 16 %, 5 %, 2037 MiB, 23028 MiB
2026/02/25 17:51:55.924, 2, NVIDIA A10G, 22 %, 8 %, 1729 MiB, 23028 MiB
2026/02/25 17:51:55.924, 3, NVIDIA A10G, 0 %, 0 %, 1949 MiB, 23028 MiB
2026/02/25 17:51:56.925, 0, NVIDIA A10G, 19 %, 6 %, 2043 MiB, 23028 MiB
2026/02/25 17:51:56.925, 1, NVIDIA A10G, 17 %, 5 %, 2037 MiB, 23028 MiB
2026/02/25 17:51:56.925, 2, NVIDIA A10G, 17 %, 6 %, 1729 MiB, 23028 MiB
2026/02/25 17:51:56.925, 3, NVIDIA A10G, 0 %, 0 %, 1949 MiB, 23028 MiB
2026/02/25 17:51:57.925, 0, NVIDIA A10G, 18 %, 6 %, 2043 MiB, 23028 MiB
2026/02/25 17:51:57.925, 1, NVIDIA A10G, 14 %, 4 %, 2037 MiB, 23028 MiB
2026/02/25 17:51:57.925, 2, NVIDIA A10G, 21 %, 7 %, 1729 MiB, 23028 MiB
2026/02/25 17:51:57.925, 3, NVIDIA A10G, 0 %, 0 %, 1949 MiB, 23028 MiB
2026/02/25 17:51:58.925, 0, NVIDIA A10G, 18 %, 6 %, 2043 MiB, 23028 MiB
2026/02/25 17:51:58.925, 1, NVIDIA A10G, 19 %, 6 %, 2037 MiB, 23028 MiB
2026/02/25 17:51:58.926, 2, NVIDIA A10G, 21 %, 7 %, 1729 MiB, 23028 MiB
2026/02/25 17:51:58.926, 3, NVIDIA A10G, 0 %, 0 %, 1949 MiB, 23028 MiB
2026/02/25 17:51:59.926, 0, NVIDIA A10G, 14 %, 4 %, 2043 MiB, 23028 MiB
2026/02/25 17:51:59.926, 1, NVIDIA A10G, 19 %, 6 %, 2037 MiB, 23028 MiB
2026/02/25 17:51:59.926, 2, NVIDIA A10G, 0 %, 0 %, 1729 MiB, 23028 MiB
2026/02/25 17:51:59.926, 3, NVIDIA A10G, 0 %, 0 %, 1949 MiB, 23028 MiB
2026/02/25 17:52:00.927, 0, NVIDIA A10G, 0 %, 0 %, 2043 MiB, 23028 MiB
2026/02/25 17:52:00.927, 1, NVIDIA A10G, 18 %, 6 %, 2037 MiB, 23028 MiB
2026/02/25 17:52:00.927, 2, NVIDIA A10G, 0 %, 0 %, 1729 MiB, 23028 MiB
2026/02/25 17:52:00.927, 3, NVIDIA A10G, 0 %, 0 %, 1949 MiB, 23028 MiB
2026/02/25 17:52:01.927, 0, NVIDIA A10G, 0 %, 0 %, 2043 MiB, 23028 MiB
2026/02/25 17:52:01.927, 1, NVIDIA A10G, 21 %, 7 %, 2037 MiB, 23028 MiB
2026/02/25 17:52:01.927, 2, NVIDIA A10G, 0 %, 0 %, 1729 MiB, 23028 MiB
2026/02/25 17:52:01.927, 3, NVIDIA A10G, 0 %, 0 %, 1949 MiB, 23028 MiB
2026/02/25 17:52:02.927, 0, NVIDIA A10G, 0 %, 0 %, 2043 MiB, 23028 MiB
2026/02/25 17:52:02.927, 1, NVIDIA A10G, 19 %, 6 %, 2037 MiB, 23028 MiB
2026/02/25 17:52:02.927, 2, NVIDIA A10G, 0 %, 0 %, 1729 MiB, 23028 MiB
2026/02/25 17:52:02.928, 3, NVIDIA A10G, 85 %, 53 %, 1949 MiB, 23028 MiB
2026/02/25 17:52:03.928, 0, NVIDIA A10G, 0 %, 0 %, 2043 MiB, 23028 MiB
2026/02/25 17:52:03.928, 1, NVIDIA A10G, 21 %, 8 %, 2037 MiB, 23028 MiB
2026/02/25 17:52:03.928, 2, NVIDIA A10G, 0 %, 0 %, 1729 MiB, 23028 MiB
2026/02/25 17:52:03.928, 3, NVIDIA A10G, 21 %, 8 %, 1949 MiB, 23028 MiB
2026/02/25 17:52:04.928, 0, NVIDIA A10G, 0 %, 0 %, 2043 MiB, 23028 MiB
2026/02/25 17:52:04.928, 1, NVIDIA A10G, 20 %, 7 %, 2037 MiB, 23028 MiB
2026/02/25 17:52:04.928, 2, NVIDIA A10G, 0 %, 0 %, 1729 MiB, 23028 MiB
2026/02/25 17:52:04.928, 3, NVIDIA A10G, 21 %, 7 %, 1949 MiB, 23028 MiB
2026/02/25 17:52:05.929, 0, NVIDIA A10G, 0 %, 0 %, 2043 MiB, 23028 MiB
2026/02/25 17:52:05.929, 1, NVIDIA A10G, 21 %, 7 %, 2037 MiB, 23028 MiB
2026/02/25 17:52:05.929, 2, NVIDIA A10G, 0 %, 0 %, 1729 MiB, 23028 MiB
2026/02/25 17:52:05.929, 3, NVIDIA A10G, 20 %, 7 %, 1949 MiB, 23028 MiB
2026/02/25 17:52:06.929, 0, NVIDIA A10G, 0 %, 0 %, 2043 MiB, 23028 MiB
2026/02/25 17:52:06.930, 1, NVIDIA A10G, 20 %, 6 %, 2037 MiB, 23028 MiB
2026/02/25 17:52:06.930, 2, NVIDIA A10G, 16 %, 6 %, 1729 MiB, 23028 MiB
2026/02/25 17:52:06.930, 3, NVIDIA A10G, 21 %, 7 %, 1949 MiB, 23028 MiB
2026/02/25 17:52:07.931, 0, NVIDIA A10G, 0 %, 0 %, 2043 MiB, 23028 MiB
2026/02/25 17:52:07.931, 1, NVIDIA A10G, 18 %, 6 %, 2037 MiB, 23028 MiB
2026/02/25 17:52:07.931, 2, NVIDIA A10G, 18 %, 6 %, 1729 MiB, 23028 MiB
2026/02/25 17:52:07.931, 3, NVIDIA A10G, 20 %, 7 %, 1949 MiB, 23028 MiB
2026/02/25 17:52:08.931, 0, NVIDIA A10G, 0 %, 0 %, 2043 MiB, 23028 MiB
2026/02/25 17:52:08.931, 1, NVIDIA A10G, 0 %, 0 %, 2037 MiB, 23028 MiB
2026/02/25 17:52:08.931, 2, NVIDIA A10G, 22 %, 8 %, 1729 MiB, 23028 MiB
2026/02/25 17:52:08.931, 3, NVIDIA A10G, 22 %, 8 %, 1949 MiB, 23028 MiB
2026/02/25 17:52:09.931, 0, NVIDIA A10G, 0 %, 0 %, 2043 MiB, 23028 MiB
2026/02/25 17:52:09.932, 1, NVIDIA A10G, 0 %, 0 %, 2037 MiB, 23028 MiB
2026/02/25 17:52:09.932, 2, NVIDIA A10G, 21 %, 8 %, 1729 MiB, 23028 MiB
2026/02/25 17:52:09.932, 3, NVIDIA A10G, 17 %, 6 %, 1949 MiB, 23028 MiB
2026/02/25 17:52:10.932, 0, NVIDIA A10G, 0 %, 0 %, 2043 MiB, 23028 MiB
2026/02/25 17:52:10.932, 1, NVIDIA A10G, 0 %, 0 %, 2037 MiB, 23028 MiB
2026/02/25 17:52:10.932, 2, NVIDIA A10G, 22 %, 8 %, 1729 MiB, 23028 MiB
2026/02/25 17:52:10.932, 3, NVIDIA A10G, 9 %, 3 %, 1949 MiB, 23028 MiB
2026/02/25 17:52:11.932, 0, NVIDIA A10G, 0 %, 0 %, 2043 MiB, 23028 MiB
2026/02/25 17:52:11.932, 1, NVIDIA A10G, 0 %, 0 %, 2037 MiB, 23028 MiB
2026/02/25 17:52:11.932, 2, NVIDIA A10G, 21 %, 7 %, 1729 MiB, 23028 MiB
2026/02/25 17:52:11.933, 3, NVIDIA A10G, 0 %, 0 %, 1949 MiB, 23028 MiB
2026/02/25 17:52:12.933, 0, NVIDIA A10G, 0 %, 0 %, 2043 MiB, 23028 MiB
2026/02/25 17:52:12.933, 1, NVIDIA A10G, 0 %, 0 %, 2037 MiB, 23028 MiB
2026/02/25 17:52:12.933, 2, NVIDIA A10G, 20 %, 7 %, 1729 MiB, 23028 MiB
2026/02/25 17:52:12.933, 3, NVIDIA A10G, 0 %, 0 %, 1949 MiB, 23028 MiB
2026/02/25 17:52:13.933, 0, NVIDIA A10G, 19 %, 7 %, 2043 MiB, 23028 MiB
2026/02/25 17:52:13.933, 1, NVIDIA A10G, 0 %, 0 %, 2037 MiB, 23028 MiB
2026/02/25 17:52:13.933, 2, NVIDIA A10G, 19 %, 6 %, 1729 MiB, 23028 MiB
2026/02/25 17:52:13.933, 3, NVIDIA A10G, 0 %, 0 %, 1949 MiB, 23028 MiB
2026/02/25 17:52:14.933, 0, NVIDIA A10G, 17 %, 6 %, 2043 MiB, 23028 MiB
2026/02/25 17:52:14.933, 1, NVIDIA A10G, 0 %, 0 %, 2037 MiB, 23028 MiB
2026/02/25 17:52:14.934, 2, NVIDIA A10G, 0 %, 0 %, 1729 MiB, 23028 MiB
2026/02/25 17:52:14.934, 3, NVIDIA A10G, 0 %, 0 %, 1949 MiB, 23028 MiB
2026/02/25 17:52:15.934, 0, NVIDIA A10G, 19 %, 7 %, 2043 MiB, 23028 MiB
2026/02/25 17:52:15.934, 1, NVIDIA A10G, 0 %, 0 %, 2037 MiB, 23028 MiB
2026/02/25 17:52:15.934, 2, NVIDIA A10G, 0 %, 0 %, 1729 MiB, 23028 MiB
2026/02/25 17:52:15.934, 3, NVIDIA A10G, 0 %, 0 %, 1949 MiB, 23028 MiB
2026/02/25 17:52:16.934, 0, NVIDIA A10G, 19 %, 6 %, 2043 MiB, 23028 MiB
2026/02/25 17:52:16.934, 1, NVIDIA A10G, 0 %, 0 %, 2037 MiB, 23028 MiB
2026/02/25 17:52:16.934, 2, NVIDIA A10G, 0 %, 0 %, 1729 MiB, 23028 MiB
2026/02/25 17:52:16.934, 3, NVIDIA A10G, 5 %, 3 %, 1949 MiB, 23028 MiB
2026/02/25 17:52:17.934, 0, NVIDIA A10G, 22 %, 7 %, 2043 MiB, 23028 MiB
2026/02/25 17:52:17.934, 1, NVIDIA A10G, 0 %, 0 %, 2037 MiB, 23028 MiB
2026/02/25 17:52:17.934, 2, NVIDIA A10G, 0 %, 0 %, 1729 MiB, 23028 MiB
2026/02/25 17:52:17.934, 3, NVIDIA A10G, 22 %, 8 %, 1949 MiB, 23028 MiB
2026/02/25 17:52:18.935, 0, NVIDIA A10G, 18 %, 6 %, 2043 MiB, 23028 MiB
2026/02/25 17:52:18.935, 1, NVIDIA A10G, 0 %, 0 %, 2037 MiB, 23028 MiB
2026/02/25 17:52:18.935, 2, NVIDIA A10G, 0 %, 0 %, 1729 MiB, 23028 MiB
2026/02/25 17:52:18.935, 3, NVIDIA A10G, 22 %, 7 %, 1949 MiB, 23028 MiB
2026/02/25 17:52:19.935, 0, NVIDIA A10G, 18 %, 6 %, 2043 MiB, 23028 MiB
2026/02/25 17:52:19.935, 1, NVIDIA A10G, 0 %, 0 %, 2037 MiB, 23028 MiB
2026/02/25 17:52:19.935, 2, NVIDIA A10G, 18 %, 6 %, 1729 MiB, 23028 MiB
2026/02/25 17:52:19.935, 3, NVIDIA A10G, 22 %, 8 %, 1949 MiB, 23028 MiB
2026/02/25 17:52:20.935, 0, NVIDIA A10G, 19 %, 7 %, 2043 MiB, 23028 MiB
2026/02/25 17:52:20.935, 1, NVIDIA A10G, 0 %, 0 %, 2037 MiB, 23028 MiB
2026/02/25 17:52:20.936, 2, NVIDIA A10G, 22 %, 9 %, 1729 MiB, 23028 MiB
2026/02/25 17:52:20.936, 3, NVIDIA A10G, 20 %, 7 %, 1949 MiB, 23028 MiB
2026/02/25 17:52:21.936, 0, NVIDIA A10G, 19 %, 7 %, 2043 MiB, 23028 MiB
2026/02/25 17:52:21.936, 1, NVIDIA A10G, 0 %, 0 %, 2037 MiB, 23028 MiB
2026/02/25 17:52:21.936, 2, NVIDIA A10G, 19 %, 7 %, 1729 MiB, 23028 MiB
2026/02/25 17:52:21.936, 3, NVIDIA A10G, 18 %, 6 %, 1949 MiB, 23028 MiB
2026/02/25 17:52:22.936, 0, NVIDIA A10G, 21 %, 7 %, 2043 MiB, 23028 MiB
2026/02/25 17:52:22.936, 1, NVIDIA A10G, 83 %, 54 %, 2037 MiB, 23028 MiB
2026/02/25 17:52:22.936, 2, NVIDIA A10G, 20 %, 7 %, 1729 MiB, 23028 MiB
2026/02/25 17:52:22.936, 3, NVIDIA A10G, 21 %, 8 %, 1949 MiB, 23028 MiB
2026/02/25 17:52:23.937, 0, NVIDIA A10G, 19 %, 6 %, 2043 MiB, 23028 MiB
2026/02/25 17:52:23.937, 1, NVIDIA A10G, 0 %, 0 %, 2037 MiB, 23028 MiB
2026/02/25 17:52:23.937, 2, NVIDIA A10G, 20 %, 7 %, 1729 MiB, 23028 MiB
2026/02/25 17:52:23.937, 3, NVIDIA A10G, 22 %, 8 %, 1949 MiB, 23028 MiB
2026/02/25 17:52:24.937, 0, NVIDIA A10G, 16 %, 5 %, 2043 MiB, 23028 MiB
2026/02/25 17:52:24.937, 1, NVIDIA A10G, 22 %, 8 %, 2037 MiB, 23028 MiB
2026/02/25 17:52:24.937, 2, NVIDIA A10G, 17 %, 6 %, 1729 MiB, 23028 MiB
2026/02/25 17:52:24.937, 3, NVIDIA A10G, 0 %, 0 %, 1949 MiB, 23028 MiB
2026/02/25 17:52:25.937, 0, NVIDIA A10G, 18 %, 6 %, 2043 MiB, 23028 MiB
2026/02/25 17:52:25.937, 1, NVIDIA A10G, 21 %, 8 %, 2037 MiB, 23028 MiB
2026/02/25 17:52:25.938, 2, NVIDIA A10G, 0 %, 0 %, 1729 MiB, 23028 MiB
2026/02/25 17:52:25.938, 3, NVIDIA A10G, 0 %, 0 %, 1949 MiB, 23028 MiB
2026/02/25 17:52:26.938, 0, NVIDIA A10G, 21 %, 7 %, 2043 MiB, 23028 MiB
2026/02/25 17:52:26.938, 1, NVIDIA A10G, 23 %, 8 %, 2037 MiB, 23028 MiB
2026/02/25 17:52:26.938, 2, NVIDIA A10G, 0 %, 0 %, 1729 MiB, 23028 MiB
2026/02/25 17:52:26.938, 3, NVIDIA A10G, 0 %, 0 %, 1949 MiB, 23028 MiB
2026/02/25 17:52:27.938, 0, NVIDIA A10G, 0 %, 0 %, 2043 MiB, 23028 MiB
2026/02/25 17:52:27.938, 1, NVIDIA A10G, 23 %, 8 %, 2037 MiB, 23028 MiB
2026/02/25 17:52:27.938, 2, NVIDIA A10G, 0 %, 0 %, 1729 MiB, 23028 MiB
2026/02/25 17:52:27.938, 3, NVIDIA A10G, 0 %, 0 %, 1949 MiB, 23028 MiB
2026/02/25 17:52:28.939, 0, NVIDIA A10G, 0 %, 0 %, 2043 MiB, 23028 MiB
2026/02/25 17:52:28.939, 1, NVIDIA A10G, 21 %, 7 %, 2037 MiB, 23028 MiB
2026/02/25 17:52:28.939, 2, NVIDIA A10G, 0 %, 0 %, 1729 MiB, 23028 MiB
2026/02/25 17:52:28.939, 3, NVIDIA A10G, 100 %, 69 %, 1949 MiB, 23028 MiB
2026/02/25 17:52:29.939, 0, NVIDIA A10G, 0 %, 0 %, 2043 MiB, 23028 MiB
2026/02/25 17:52:29.939, 1, NVIDIA A10G, 20 %, 7 %, 2037 MiB, 23028 MiB
2026/02/25 17:52:29.939, 2, NVIDIA A10G, 0 %, 0 %, 1729 MiB, 23028 MiB
2026/02/25 17:52:29.939, 3, NVIDIA A10G, 22 %, 8 %, 1949 MiB, 23028 MiB
2026/02/25 17:52:30.939, 0, NVIDIA A10G, 0 %, 0 %, 2043 MiB, 23028 MiB
2026/02/25 17:52:30.939, 1, NVIDIA A10G, 21 %, 7 %, 2037 MiB, 23028 MiB
2026/02/25 17:52:30.940, 2, NVIDIA A10G, 0 %, 0 %, 1729 MiB, 23028 MiB
2026/02/25 17:52:30.940, 3, NVIDIA A10G, 20 %, 7 %, 1949 MiB, 23028 MiB
2026/02/25 17:52:31.940, 0, NVIDIA A10G, 0 %, 0 %, 2043 MiB, 23028 MiB
2026/02/25 17:52:31.940, 1, NVIDIA A10G, 20 %, 7 %, 2037 MiB, 23028 MiB
2026/02/25 17:52:31.940, 2, NVIDIA A10G, 0 %, 0 %, 1729 MiB, 23028 MiB
2026/02/25 17:52:31.940, 3, NVIDIA A10G, 21 %, 7 %, 1949 MiB, 23028 MiB
2026/02/25 17:52:32.940, 0, NVIDIA A10G, 0 %, 0 %, 2043 MiB, 23028 MiB
2026/02/25 17:52:32.940, 1, NVIDIA A10G, 21 %, 8 %, 2037 MiB, 23028 MiB
2026/02/25 17:52:32.940, 2, NVIDIA A10G, 0 %, 0 %, 1729 MiB, 23028 MiB
2026/02/25 17:52:32.940, 3, NVIDIA A10G, 20 %, 7 %, 1949 MiB, 23028 MiB
2026/02/25 17:52:33.941, 0, NVIDIA A10G, 22 %, 8 %, 2043 MiB, 23028 MiB
2026/02/25 17:52:33.941, 1, NVIDIA A10G, 19 %, 7 %, 2037 MiB, 23028 MiB
2026/02/25 17:52:33.941, 2, NVIDIA A10G, 0 %, 0 %, 1729 MiB, 23028 MiB
2026/02/25 17:52:33.941, 3, NVIDIA A10G, 0 %, 0 %, 1949 MiB, 23028 MiB
2026/02/25 17:52:34.941, 0, NVIDIA A10G, 22 %, 8 %, 2043 MiB, 23028 MiB
2026/02/25 17:52:34.941, 1, NVIDIA A10G, 19 %, 7 %, 2037 MiB, 23028 MiB
2026/02/25 17:52:34.941, 2, NVIDIA A10G, 0 %, 0 %, 1729 MiB, 23028 MiB
2026/02/25 17:52:34.941, 3, NVIDIA A10G, 0 %, 0 %, 1949 MiB, 23028 MiB
2026/02/25 17:52:35.942, 0, NVIDIA A10G, 21 %, 7 %, 2043 MiB, 23028 MiB
2026/02/25 17:52:35.942, 1, NVIDIA A10G, 20 %, 7 %, 2037 MiB, 23028 MiB
2026/02/25 17:52:35.942, 2, NVIDIA A10G, 81 %, 53 %, 1729 MiB, 23028 MiB
2026/02/25 17:52:35.942, 3, NVIDIA A10G, 0 %, 0 %, 1949 MiB, 23028 MiB
2026/02/25 17:52:36.942, 0, NVIDIA A10G, 19 %, 7 %, 2043 MiB, 23028 MiB
2026/02/25 17:52:36.943, 1, NVIDIA A10G, 19 %, 6 %, 2037 MiB, 23028 MiB
2026/02/25 17:52:36.943, 2, NVIDIA A10G, 21 %, 7 %, 1729 MiB, 23028 MiB
2026/02/25 17:52:36.943, 3, NVIDIA A10G, 0 %, 0 %, 1949 MiB, 23028 MiB
2026/02/25 17:52:37.944, 0, NVIDIA A10G, 18 %, 7 %, 2043 MiB, 23028 MiB
2026/02/25 17:52:37.944, 1, NVIDIA A10G, 15 %, 5 %, 2037 MiB, 23028 MiB
2026/02/25 17:52:37.944, 2, NVIDIA A10G, 17 %, 6 %, 1729 MiB, 23028 MiB
2026/02/25 17:52:37.944, 3, NVIDIA A10G, 0 %, 0 %, 1949 MiB, 23028 MiB
2026/02/25 17:52:38.944, 0, NVIDIA A10G, 18 %, 6 %, 2043 MiB, 23028 MiB
2026/02/25 17:52:38.944, 1, NVIDIA A10G, 17 %, 6 %, 2037 MiB, 23028 MiB
2026/02/25 17:52:38.944, 2, NVIDIA A10G, 18 %, 6 %, 1729 MiB, 23028 MiB
2026/02/25 17:52:38.944, 3, NVIDIA A10G, 0 %, 0 %, 1949 MiB, 23028 MiB
2026/02/25 17:52:39.944, 0, NVIDIA A10G, 16 %, 5 %, 2043 MiB, 23028 MiB
2026/02/25 17:52:39.944, 1, NVIDIA A10G, 19 %, 6 %, 2037 MiB, 23028 MiB
2026/02/25 17:52:39.944, 2, NVIDIA A10G, 20 %, 6 %, 1729 MiB, 23028 MiB
2026/02/25 17:52:39.944, 3, NVIDIA A10G, 77 %, 51 %, 1949 MiB, 23028 MiB
2026/02/25 17:52:40.945, 0, NVIDIA A10G, 22 %, 8 %, 2043 MiB, 23028 MiB
2026/02/25 17:52:40.945, 1, NVIDIA A10G, 0 %, 0 %, 2037 MiB, 23028 MiB
2026/02/25 17:52:40.945, 2, NVIDIA A10G, 20 %, 7 %, 1729 MiB, 23028 MiB
2026/02/25 17:52:40.945, 3, NVIDIA A10G, 21 %, 8 %, 1949 MiB, 23028 MiB
2026/02/25 17:52:41.945, 0, NVIDIA A10G, 0 %, 0 %, 2043 MiB, 23028 MiB
2026/02/25 17:52:41.945, 1, NVIDIA A10G, 0 %, 0 %, 2037 MiB, 23028 MiB
2026/02/25 17:52:41.945, 2, NVIDIA A10G, 21 %, 7 %, 1729 MiB, 23028 MiB
2026/02/25 17:52:41.945, 3, NVIDIA A10G, 22 %, 7 %, 1949 MiB, 23028 MiB
2026/02/25 17:52:42.945, 0, NVIDIA A10G, 0 %, 0 %, 2043 MiB, 23028 MiB
2026/02/25 17:52:42.945, 1, NVIDIA A10G, 0 %, 0 %, 2037 MiB, 23028 MiB
2026/02/25 17:52:42.945, 2, NVIDIA A10G, 18 %, 7 %, 1729 MiB, 23028 MiB
2026/02/25 17:52:42.946, 3, NVIDIA A10G, 22 %, 8 %, 1949 MiB, 23028 MiB
2026/02/25 17:52:43.946, 0, NVIDIA A10G, 0 %, 0 %, 2043 MiB, 23028 MiB
2026/02/25 17:52:43.946, 1, NVIDIA A10G, 0 %, 0 %, 2037 MiB, 23028 MiB
2026/02/25 17:52:43.946, 2, NVIDIA A10G, 18 %, 6 %, 1729 MiB, 23028 MiB
2026/02/25 17:52:43.946, 3, NVIDIA A10G, 20 %, 7 %, 1949 MiB, 23028 MiB
2026/02/25 17:52:44.946, 0, NVIDIA A10G, 0 %, 0 %, 2043 MiB, 23028 MiB
2026/02/25 17:52:44.946, 1, NVIDIA A10G, 0 %, 0 %, 2037 MiB, 23028 MiB
2026/02/25 17:52:44.946, 2, NVIDIA A10G, 21 %, 7 %, 1729 MiB, 23028 MiB
2026/02/25 17:52:44.946, 3, NVIDIA A10G, 17 %, 6 %, 1949 MiB, 23028 MiB
2026/02/25 17:52:45.947, 0, NVIDIA A10G, 0 %, 0 %, 2043 MiB, 23028 MiB
2026/02/25 17:52:45.947, 1, NVIDIA A10G, 0 %, 0 %, 2037 MiB, 23028 MiB
2026/02/25 17:52:45.947, 2, NVIDIA A10G, 19 %, 6 %, 1729 MiB, 23028 MiB
2026/02/25 17:52:45.947, 3, NVIDIA A10G, 17 %, 6 %, 1949 MiB, 23028 MiB
2026/02/25 17:52:46.947, 0, NVIDIA A10G, 0 %, 0 %, 2043 MiB, 23028 MiB
2026/02/25 17:52:46.947, 1, NVIDIA A10G, 0 %, 0 %, 2037 MiB, 23028 MiB
2026/02/25 17:52:46.947, 2, NVIDIA A10G, 19 %, 7 %, 1729 MiB, 23028 MiB
2026/02/25 17:52:46.947, 3, NVIDIA A10G, 20 %, 7 %, 1949 MiB, 23028 MiB
2026/02/25 17:52:47.947, 0, NVIDIA A10G, 0 %, 0 %, 2043 MiB, 23028 MiB
2026/02/25 17:52:47.947, 1, NVIDIA A10G, 0 %, 0 %, 2037 MiB, 23028 MiB
2026/02/25 17:52:47.947, 2, NVIDIA A10G, 17 %, 6 %, 1729 MiB, 23028 MiB
2026/02/25 17:52:47.947, 3, NVIDIA A10G, 0 %, 0 %, 1949 MiB, 23028 MiB
2026/02/25 17:52:48.948, 0, NVIDIA A10G, 21 %, 7 %, 2043 MiB, 23028 MiB
2026/02/25 17:52:48.948, 1, NVIDIA A10G, 0 %, 0 %, 2037 MiB, 23028 MiB
2026/02/25 17:52:48.948, 2, NVIDIA A10G, 0 %, 0 %, 1729 MiB, 23028 MiB
2026/02/25 17:52:48.948, 3, NVIDIA A10G, 0 %, 0 %, 1949 MiB, 23028 MiB
2026/02/25 17:52:49.948, 0, NVIDIA A10G, 16 %, 5 %, 2043 MiB, 23028 MiB
2026/02/25 17:52:49.948, 1, NVIDIA A10G, 67 %, 44 %, 2037 MiB, 23028 MiB
2026/02/25 17:52:49.948, 2, NVIDIA A10G, 0 %, 0 %, 1729 MiB, 23028 MiB
2026/02/25 17:52:49.948, 3, NVIDIA A10G, 0 %, 0 %, 1949 MiB, 23028 MiB
2026/02/25 17:52:50.949, 0, NVIDIA A10G, 20 %, 7 %, 2043 MiB, 23028 MiB
2026/02/25 17:52:50.949, 1, NVIDIA A10G, 20 %, 7 %, 2037 MiB, 23028 MiB
2026/02/25 17:52:50.949, 2, NVIDIA A10G, 0 %, 0 %, 1729 MiB, 23028 MiB
2026/02/25 17:52:50.949, 3, NVIDIA A10G, 0 %, 0 %, 1949 MiB, 23028 MiB
2026/02/25 17:52:51.949, 0, NVIDIA A10G, 21 %, 7 %, 2043 MiB, 23028 MiB
2026/02/25 17:52:51.949, 1, NVIDIA A10G, 22 %, 8 %, 2037 MiB, 23028 MiB
2026/02/25 17:52:51.949, 2, NVIDIA A10G, 0 %, 0 %, 1729 MiB, 23028 MiB
2026/02/25 17:52:51.949, 3, NVIDIA A10G, 0 %, 0 %, 1949 MiB, 23028 MiB
2026/02/25 17:52:52.949, 0, NVIDIA A10G, 20 %, 6 %, 2043 MiB, 23028 MiB
2026/02/25 17:52:52.949, 1, NVIDIA A10G, 18 %, 6 %, 2037 MiB, 23028 MiB
2026/02/25 17:52:52.950, 2, NVIDIA A10G, 9 %, 3 %, 1729 MiB, 23028 MiB
2026/02/25 17:52:52.950, 3, NVIDIA A10G, 0 %, 0 %, 1949 MiB, 23028 MiB
2026/02/25 17:52:53.950, 0, NVIDIA A10G, 20 %, 7 %, 2043 MiB, 23028 MiB
2026/02/25 17:52:53.950, 1, NVIDIA A10G, 19 %, 6 %, 2037 MiB, 23028 MiB
2026/02/25 17:52:53.950, 2, NVIDIA A10G, 17 %, 6 %, 1729 MiB, 23028 MiB
2026/02/25 17:52:53.950, 3, NVIDIA A10G, 0 %, 0 %, 1949 MiB, 23028 MiB
2026/02/25 17:52:54.950, 0, NVIDIA A10G, 19 %, 6 %, 2043 MiB, 23028 MiB
2026/02/25 17:52:54.950, 1, NVIDIA A10G, 19 %, 6 %, 2037 MiB, 23028 MiB
2026/02/25 17:52:54.950, 2, NVIDIA A10G, 19 %, 6 %, 1729 MiB, 23028 MiB
2026/02/25 17:52:54.950, 3, NVIDIA A10G, 0 %, 0 %, 1949 MiB, 23028 MiB
2026/02/25 17:52:55.951, 0, NVIDIA A10G, 13 %, 4 %, 2043 MiB, 23028 MiB
2026/02/25 17:52:55.951, 1, NVIDIA A10G, 21 %, 7 %, 2037 MiB, 23028 MiB
2026/02/25 17:52:55.951, 2, NVIDIA A10G, 20 %, 7 %, 1729 MiB, 23028 MiB
2026/02/25 17:52:55.951, 3, NVIDIA A10G, 0 %, 0 %, 1949 MiB, 23028 MiB
2026/02/25 17:52:56.951, 0, NVIDIA A10G, 0 %, 0 %, 2043 MiB, 23028 MiB
2026/02/25 17:52:56.951, 1, NVIDIA A10G, 22 %, 8 %, 2037 MiB, 23028 MiB
2026/02/25 17:52:56.951, 2, NVIDIA A10G, 19 %, 7 %, 1729 MiB, 23028 MiB
2026/02/25 17:52:56.951, 3, NVIDIA A10G, 0 %, 0 %, 1949 MiB, 23028 MiB
2026/02/25 17:52:57.951, 0, NVIDIA A10G, 0 %, 0 %, 2043 MiB, 23028 MiB
2026/02/25 17:52:57.951, 1, NVIDIA A10G, 19 %, 6 %, 2037 MiB, 23028 MiB
2026/02/25 17:52:57.952, 2, NVIDIA A10G, 17 %, 5 %, 1729 MiB, 23028 MiB
2026/02/25 17:52:57.952, 3, NVIDIA A10G, 0 %, 0 %, 1949 MiB, 23028 MiB
2026/02/25 17:52:58.952, 0, NVIDIA A10G, 0 %, 0 %, 2043 MiB, 23028 MiB
2026/02/25 17:52:58.952, 1, NVIDIA A10G, 21 %, 8 %, 2037 MiB, 23028 MiB
2026/02/25 17:52:58.952, 2, NVIDIA A10G, 18 %, 6 %, 1729 MiB, 23028 MiB
2026/02/25 17:52:58.952, 3, NVIDIA A10G, 78 %, 51 %, 1949 MiB, 23028 MiB
2026/02/25 17:52:59.952, 0, NVIDIA A10G, 0 %, 0 %, 2043 MiB, 23028 MiB
2026/02/25 17:52:59.952, 1, NVIDIA A10G, 20 %, 7 %, 2037 MiB, 23028 MiB
2026/02/25 17:52:59.952, 2, NVIDIA A10G, 0 %, 0 %, 1729 MiB, 23028 MiB
2026/02/25 17:52:59.952, 3, NVIDIA A10G, 20 %, 8 %, 1949 MiB, 23028 MiB
2026/02/25 17:53:00.953, 0, NVIDIA A10G, 0 %, 0 %, 2043 MiB, 23028 MiB
2026/02/25 17:53:00.953, 1, NVIDIA A10G, 0 %, 0 %, 2037 MiB, 23028 MiB
2026/02/25 17:53:00.953, 2, NVIDIA A10G, 0 %, 0 %, 1729 MiB, 23028 MiB
2026/02/25 17:53:00.953, 3, NVIDIA A10G, 20 %, 7 %, 1949 MiB, 23028 MiB
2026/02/25 17:53:01.953, 0, NVIDIA A10G, 0 %, 0 %, 2043 MiB, 23028 MiB
2026/02/25 17:53:01.953, 1, NVIDIA A10G, 0 %, 0 %, 2037 MiB, 23028 MiB
2026/02/25 17:53:01.953, 2, NVIDIA A10G, 0 %, 0 %, 1729 MiB, 23028 MiB
2026/02/25 17:53:01.953, 3, NVIDIA A10G, 21 %, 7 %, 1949 MiB, 23028 MiB
2026/02/25 17:53:02.953, 0, NVIDIA A10G, 0 %, 0 %, 2043 MiB, 23028 MiB
2026/02/25 17:53:02.954, 1, NVIDIA A10G, 0 %, 0 %, 2037 MiB, 23028 MiB
2026/02/25 17:53:02.954, 2, NVIDIA A10G, 0 %, 0 %, 1729 MiB, 23028 MiB
2026/02/25 17:53:02.954, 3, NVIDIA A10G, 22 %, 8 %, 1949 MiB, 23028 MiB
2026/02/25 17:53:03.954, 0, NVIDIA A10G, 0 %, 0 %, 2043 MiB, 23028 MiB
2026/02/25 17:53:03.954, 1, NVIDIA A10G, 0 %, 0 %, 2037 MiB, 23028 MiB
2026/02/25 17:53:03.954, 2, NVIDIA A10G, 0 %, 0 %, 1729 MiB, 23028 MiB
2026/02/25 17:53:03.954, 3, NVIDIA A10G, 19 %, 6 %, 1949 MiB, 23028 MiB
2026/02/25 17:53:04.954, 0, NVIDIA A10G, 92 %, 61 %, 2043 MiB, 23028 MiB
2026/02/25 17:53:04.954, 1, NVIDIA A10G, 0 %, 0 %, 2037 MiB, 23028 MiB
2026/02/25 17:53:04.954, 2, NVIDIA A10G, 17 %, 6 %, 1729 MiB, 23028 MiB
2026/02/25 17:53:04.955, 3, NVIDIA A10G, 21 %, 7 %, 1949 MiB, 23028 MiB
2026/02/25 17:53:05.955, 0, NVIDIA A10G, 19 %, 7 %, 2043 MiB, 23028 MiB
2026/02/25 17:53:05.955, 1, NVIDIA A10G, 0 %, 0 %, 2037 MiB, 23028 MiB
2026/02/25 17:53:05.955, 2, NVIDIA A10G, 18 %, 7 %, 1729 MiB, 23028 MiB
2026/02/25 17:53:05.955, 3, NVIDIA A10G, 16 %, 6 %, 1949 MiB, 23028 MiB
2026/02/25 17:53:06.955, 0, NVIDIA A10G, 21 %, 8 %, 2043 MiB, 23028 MiB
2026/02/25 17:53:06.957, 1, NVIDIA A10G, 0 %, 0 %, 2037 MiB, 23028 MiB
2026/02/25 17:53:06.957, 2, NVIDIA A10G, 22 %, 7 %, 1729 MiB, 23028 MiB
2026/02/25 17:53:06.957, 3, NVIDIA A10G, 20 %, 7 %, 1949 MiB, 23028 MiB
2026/02/25 17:53:07.957, 0, NVIDIA A10G, 20 %, 7 %, 2043 MiB, 23028 MiB
2026/02/25 17:53:07.957, 1, NVIDIA A10G, 0 %, 0 %, 2037 MiB, 23028 MiB
2026/02/25 17:53:07.957, 2, NVIDIA A10G, 17 %, 5 %, 1729 MiB, 23028 MiB
2026/02/25 17:53:07.957, 3, NVIDIA A10G, 19 %, 6 %, 1949 MiB, 23028 MiB
2026/02/25 17:53:08.957, 0, NVIDIA A10G, 21 %, 7 %, 2043 MiB, 23028 MiB
2026/02/25 17:53:08.958, 1, NVIDIA A10G, 0 %, 0 %, 2037 MiB, 23028 MiB
2026/02/25 17:53:08.958, 2, NVIDIA A10G, 17 %, 5 %, 1729 MiB, 23028 MiB
2026/02/25 17:53:08.958, 3, NVIDIA A10G, 17 %, 5 %, 1949 MiB, 23028 MiB
2026/02/25 17:53:09.958, 0, NVIDIA A10G, 19 %, 6 %, 2043 MiB, 23028 MiB
2026/02/25 17:53:09.958, 1, NVIDIA A10G, 0 %, 0 %, 2037 MiB, 23028 MiB
2026/02/25 17:53:09.958, 2, NVIDIA A10G, 18 %, 6 %, 1729 MiB, 23028 MiB
2026/02/25 17:53:09.958, 3, NVIDIA A10G, 21 %, 8 %, 1949 MiB, 23028 MiB
2026/02/25 17:53:10.958, 0, NVIDIA A10G, 17 %, 6 %, 2043 MiB, 23028 MiB
2026/02/25 17:53:10.958, 1, NVIDIA A10G, 20 %, 7 %, 2037 MiB, 23028 MiB
2026/02/25 17:53:10.958, 2, NVIDIA A10G, 0 %, 0 %, 1729 MiB, 23028 MiB
2026/02/25 17:53:10.958, 3, NVIDIA A10G, 23 %, 8 %, 1949 MiB, 23028 MiB
2026/02/25 17:53:11.959, 0, NVIDIA A10G, 18 %, 6 %, 2043 MiB, 23028 MiB
2026/02/25 17:53:11.959, 1, NVIDIA A10G, 18 %, 6 %, 2037 MiB, 23028 MiB
2026/02/25 17:53:11.959, 2, NVIDIA A10G, 0 %, 0 %, 1729 MiB, 23028 MiB
2026/02/25 17:53:11.959, 3, NVIDIA A10G, 18 %, 6 %, 1949 MiB, 23028 MiB
2026/02/25 17:53:12.959, 0, NVIDIA A10G, 17 %, 6 %, 2043 MiB, 23028 MiB
2026/02/25 17:53:12.959, 1, NVIDIA A10G, 19 %, 7 %, 2037 MiB, 23028 MiB
2026/02/25 17:53:12.959, 2, NVIDIA A10G, 0 %, 0 %, 1729 MiB, 23028 MiB
2026/02/25 17:53:12.959, 3, NVIDIA A10G, 1 %, 0 %, 1949 MiB, 23028 MiB
2026/02/25 17:53:13.959, 0, NVIDIA A10G, 18 %, 6 %, 2043 MiB, 23028 MiB
2026/02/25 17:53:13.959, 1, NVIDIA A10G, 19 %, 6 %, 2037 MiB, 23028 MiB
2026/02/25 17:53:13.960, 2, NVIDIA A10G, 0 %, 0 %, 1729 MiB, 23028 MiB
2026/02/25 17:53:13.960, 3, NVIDIA A10G, 0 %, 0 %, 1949 MiB, 23028 MiB
2026/02/25 17:53:14.960, 0, NVIDIA A10G, 26 %, 11 %, 2043 MiB, 23028 MiB
2026/02/25 17:53:14.960, 1, NVIDIA A10G, 19 %, 6 %, 2037 MiB, 23028 MiB
2026/02/25 17:53:14.960, 2, NVIDIA A10G, 0 %, 0 %, 1729 MiB, 23028 MiB
2026/02/25 17:53:14.960, 3, NVIDIA A10G, 0 %, 0 %, 1949 MiB, 23028 MiB
2026/02/25 17:53:15.960, 0, NVIDIA A10G, 13 %, 4 %, 2043 MiB, 23028 MiB
2026/02/25 17:53:15.960, 1, NVIDIA A10G, 20 %, 7 %, 2037 MiB, 23028 MiB
2026/02/25 17:53:15.960, 2, NVIDIA A10G, 0 %, 0 %, 1729 MiB, 23028 MiB
2026/02/25 17:53:15.960, 3, NVIDIA A10G, 0 %, 0 %, 1949 MiB, 23028 MiB
2026/02/25 17:53:16.960, 0, NVIDIA A10G, 0 %, 0 %, 2043 MiB, 23028 MiB
2026/02/25 17:53:16.961, 1, NVIDIA A10G, 20 %, 7 %, 2037 MiB, 23028 MiB
2026/02/25 17:53:16.961, 2, NVIDIA A10G, 0 %, 0 %, 1729 MiB, 23028 MiB
2026/02/25 17:53:16.961, 3, NVIDIA A10G, 0 %, 0 %, 1949 MiB, 23028 MiB
2026/02/25 17:53:17.961, 0, NVIDIA A10G, 0 %, 0 %, 2043 MiB, 23028 MiB
2026/02/25 17:53:17.961, 1, NVIDIA A10G, 17 %, 5 %, 2037 MiB, 23028 MiB
2026/02/25 17:53:17.961, 2, NVIDIA A10G, 0 %, 0 %, 1729 MiB, 23028 MiB
2026/02/25 17:53:17.961, 3, NVIDIA A10G, 0 %, 0 %, 1949 MiB, 23028 MiB
2026/02/25 17:53:18.961, 0, NVIDIA A10G, 0 %, 0 %, 2043 MiB, 23028 MiB
2026/02/25 17:53:18.961, 1, NVIDIA A10G, 16 %, 5 %, 2037 MiB, 23028 MiB
2026/02/25 17:53:18.961, 2, NVIDIA A10G, 0 %, 0 %, 1729 MiB, 23028 MiB
2026/02/25 17:53:18.961, 3, NVIDIA A10G, 0 %, 0 %, 1949 MiB, 23028 MiB
2026/02/25 17:53:19.962, 0, NVIDIA A10G, 0 %, 0 %, 2043 MiB, 23028 MiB
2026/02/25 17:53:19.962, 1, NVIDIA A10G, 20 %, 7 %, 2037 MiB, 23028 MiB
2026/02/25 17:53:19.962, 2, NVIDIA A10G, 20 %, 6 %, 1729 MiB, 23028 MiB
2026/02/25 17:53:19.962, 3, NVIDIA A10G, 0 %, 0 %, 1949 MiB, 23028 MiB
2026/02/25 17:53:20.962, 0, NVIDIA A10G, 0 %, 0 %, 2043 MiB, 23028 MiB
2026/02/25 17:53:20.962, 1, NVIDIA A10G, 0 %, 0 %, 2037 MiB, 23028 MiB
2026/02/25 17:53:20.962, 2, NVIDIA A10G, 23 %, 8 %, 1729 MiB, 23028 MiB
2026/02/25 17:53:20.962, 3, NVIDIA A10G, 0 %, 0 %, 1949 MiB, 23028 MiB
2026/02/25 17:53:21.962, 0, NVIDIA A10G, 79 %, 51 %, 2043 MiB, 23028 MiB
2026/02/25 17:53:21.963, 1, NVIDIA A10G, 0 %, 0 %, 2037 MiB, 23028 MiB
2026/02/25 17:53:21.963, 2, NVIDIA A10G, 21 %, 7 %, 1729 MiB, 23028 MiB
2026/02/25 17:53:21.963, 3, NVIDIA A10G, 0 %, 0 %, 1949 MiB, 23028 MiB
2026/02/25 17:53:22.963, 0, NVIDIA A10G, 19 %, 6 %, 2043 MiB, 23028 MiB
2026/02/25 17:53:22.963, 1, NVIDIA A10G, 0 %, 0 %, 2037 MiB, 23028 MiB
2026/02/25 17:53:22.963, 2, NVIDIA A10G, 18 %, 5 %, 1729 MiB, 23028 MiB
2026/02/25 17:53:22.963, 3, NVIDIA A10G, 0 %, 0 %, 1949 MiB, 23028 MiB
2026/02/25 17:53:23.963, 0, NVIDIA A10G, 22 %, 8 %, 2043 MiB, 23028 MiB
2026/02/25 17:53:23.963, 1, NVIDIA A10G, 0 %, 0 %, 2037 MiB, 23028 MiB
2026/02/25 17:53:23.963, 2, NVIDIA A10G, 18 %, 6 %, 1729 MiB, 23028 MiB
2026/02/25 17:53:23.964, 3, NVIDIA A10G, 0 %, 0 %, 1949 MiB, 23028 MiB
2026/02/25 17:53:24.964, 0, NVIDIA A10G, 22 %, 8 %, 2043 MiB, 23028 MiB
2026/02/25 17:53:24.964, 1, NVIDIA A10G, 0 %, 0 %, 2037 MiB, 23028 MiB
2026/02/25 17:53:24.964, 2, NVIDIA A10G, 21 %, 7 %, 1729 MiB, 23028 MiB
2026/02/25 17:53:24.964, 3, NVIDIA A10G, 18 %, 11 %, 1949 MiB, 23028 MiB
2026/02/25 17:53:25.964, 0, NVIDIA A10G, 21 %, 7 %, 2043 MiB, 23028 MiB
2026/02/25 17:53:25.964, 1, NVIDIA A10G, 0 %, 0 %, 2037 MiB, 23028 MiB
2026/02/25 17:53:25.964, 2, NVIDIA A10G, 21 %, 8 %, 1729 MiB, 23028 MiB
2026/02/25 17:53:25.964, 3, NVIDIA A10G, 21 %, 8 %, 1949 MiB, 23028 MiB
2026/02/25 17:53:26.964, 0, NVIDIA A10G, 20 %, 7 %, 2043 MiB, 23028 MiB
2026/02/25 17:53:26.965, 1, NVIDIA A10G, 0 %, 0 %, 2037 MiB, 23028 MiB
2026/02/25 17:53:26.965, 2, NVIDIA A10G, 19 %, 6 %, 1729 MiB, 23028 MiB
2026/02/25 17:53:26.965, 3, NVIDIA A10G, 21 %, 8 %, 1949 MiB, 23028 MiB
2026/02/25 17:53:27.965, 0, NVIDIA A10G, 19 %, 7 %, 2043 MiB, 23028 MiB
2026/02/25 17:53:27.965, 1, NVIDIA A10G, 0 %, 0 %, 2037 MiB, 23028 MiB
2026/02/25 17:53:27.965, 2, NVIDIA A10G, 20 %, 6 %, 1729 MiB, 23028 MiB
2026/02/25 17:53:27.965, 3, NVIDIA A10G, 19 %, 6 %, 1949 MiB, 23028 MiB
2026/02/25 17:53:28.965, 0, NVIDIA A10G, 14 %, 4 %, 2043 MiB, 23028 MiB
2026/02/25 17:53:28.965, 1, NVIDIA A10G, 0 %, 0 %, 2037 MiB, 23028 MiB
2026/02/25 17:53:28.965, 2, NVIDIA A10G, 0 %, 0 %, 1729 MiB, 23028 MiB
2026/02/25 17:53:28.965, 3, NVIDIA A10G, 19 %, 6 %, 1949 MiB, 23028 MiB
2026/02/25 17:53:29.966, 0, NVIDIA A10G, 0 %, 0 %, 2043 MiB, 23028 MiB
2026/02/25 17:53:29.966, 1, NVIDIA A10G, 0 %, 0 %, 2037 MiB, 23028 MiB
2026/02/25 17:53:29.966, 2, NVIDIA A10G, 0 %, 0 %, 1729 MiB, 23028 MiB
2026/02/25 17:53:29.966, 3, NVIDIA A10G, 23 %, 9 %, 1949 MiB, 23028 MiB
2026/02/25 17:53:30.966, 0, NVIDIA A10G, 0 %, 0 %, 2043 MiB, 23028 MiB
2026/02/25 17:53:30.966, 1, NVIDIA A10G, 0 %, 0 %, 2037 MiB, 23028 MiB
2026/02/25 17:53:30.966, 2, NVIDIA A10G, 0 %, 0 %, 1729 MiB, 23028 MiB
2026/02/25 17:53:30.966, 3, NVIDIA A10G, 24 %, 9 %, 1949 MiB, 23028 MiB
2026/02/25 17:53:31.966, 0, NVIDIA A10G, 0 %, 0 %, 2043 MiB, 23028 MiB
2026/02/25 17:53:31.967, 1, NVIDIA A10G, 0 %, 0 %, 2037 MiB, 23028 MiB
2026/02/25 17:53:31.967, 2, NVIDIA A10G, 0 %, 0 %, 1729 MiB, 23028 MiB
2026/02/25 17:53:31.967, 3, NVIDIA A10G, 22 %, 8 %, 1949 MiB, 23028 MiB
2026/02/25 17:53:32.967, 0, NVIDIA A10G, 0 %, 0 %, 2043 MiB, 23028 MiB
2026/02/25 17:53:32.967, 1, NVIDIA A10G, 21 %, 7 %, 2037 MiB, 23028 MiB
2026/02/25 17:53:32.967, 2, NVIDIA A10G, 0 %, 0 %, 1729 MiB, 23028 MiB
2026/02/25 17:53:32.967, 3, NVIDIA A10G, 23 %, 8 %, 1949 MiB, 23028 MiB
2026/02/25 17:53:33.967, 0, NVIDIA A10G, 99 %, 77 %, 2043 MiB, 23028 MiB
2026/02/25 17:53:33.968, 1, NVIDIA A10G, 20 %, 7 %, 2037 MiB, 23028 MiB
2026/02/25 17:53:33.968, 2, NVIDIA A10G, 0 %, 0 %, 1729 MiB, 23028 MiB
2026/02/25 17:53:33.968, 3, NVIDIA A10G, 19 %, 7 %, 1949 MiB, 23028 MiB
2026/02/25 17:53:34.968, 0, NVIDIA A10G, 17 %, 6 %, 2043 MiB, 23028 MiB
2026/02/25 17:53:34.968, 1, NVIDIA A10G, 19 %, 6 %, 2037 MiB, 23028 MiB
2026/02/25 17:53:34.968, 2, NVIDIA A10G, 0 %, 0 %, 1729 MiB, 23028 MiB
2026/02/25 17:53:34.968, 3, NVIDIA A10G, 17 %, 6 %, 1949 MiB, 23028 MiB
2026/02/25 17:53:35.968, 0, NVIDIA A10G, 20 %, 7 %, 2043 MiB, 23028 MiB
2026/02/25 17:53:35.968, 1, NVIDIA A10G, 19 %, 7 %, 2037 MiB, 23028 MiB
2026/02/25 17:53:35.969, 2, NVIDIA A10G, 0 %, 0 %, 1729 MiB, 23028 MiB
2026/02/25 17:53:35.969, 3, NVIDIA A10G, 21 %, 8 %, 1949 MiB, 23028 MiB
2026/02/25 17:53:36.969, 0, NVIDIA A10G, 19 %, 6 %, 2043 MiB, 23028 MiB
2026/02/25 17:53:36.969, 1, NVIDIA A10G, 20 %, 7 %, 2037 MiB, 23028 MiB
2026/02/25 17:53:36.970, 2, NVIDIA A10G, 0 %, 0 %, 1729 MiB, 23028 MiB
2026/02/25 17:53:36.970, 3, NVIDIA A10G, 22 %, 8 %, 1949 MiB, 23028 MiB
2026/02/25 17:53:37.970, 0, NVIDIA A10G, 21 %, 7 %, 2043 MiB, 23028 MiB
2026/02/25 17:53:37.970, 1, NVIDIA A10G, 20 %, 7 %, 2037 MiB, 23028 MiB
2026/02/25 17:53:37.971, 2, NVIDIA A10G, 0 %, 0 %, 1729 MiB, 23028 MiB
2026/02/25 17:53:37.971, 3, NVIDIA A10G, 11 %, 3 %, 1949 MiB, 23028 MiB
2026/02/25 17:53:38.971, 0, NVIDIA A10G, 16 %, 5 %, 2043 MiB, 23028 MiB
2026/02/25 17:53:38.971, 1, NVIDIA A10G, 17 %, 6 %, 2037 MiB, 23028 MiB
2026/02/25 17:53:38.971, 2, NVIDIA A10G, 0 %, 0 %, 1729 MiB, 23028 MiB
2026/02/25 17:53:38.971, 3, NVIDIA A10G, 0 %, 0 %, 1949 MiB, 23028 MiB
2026/02/25 17:53:39.971, 0, NVIDIA A10G, 19 %, 6 %, 2043 MiB, 23028 MiB
2026/02/25 17:53:39.971, 1, NVIDIA A10G, 22 %, 8 %, 2037 MiB, 23028 MiB
2026/02/25 17:53:39.971, 2, NVIDIA A10G, 0 %, 0 %, 1729 MiB, 23028 MiB
2026/02/25 17:53:39.971, 3, NVIDIA A10G, 0 %, 0 %, 1949 MiB, 23028 MiB
2026/02/25 17:53:40.971, 0, NVIDIA A10G, 0 %, 0 %, 2043 MiB, 23028 MiB
2026/02/25 17:53:40.972, 1, NVIDIA A10G, 21 %, 7 %, 2037 MiB, 23028 MiB
2026/02/25 17:53:40.972, 2, NVIDIA A10G, 19 %, 7 %, 1729 MiB, 23028 MiB
2026/02/25 17:53:40.972, 3, NVIDIA A10G, 0 %, 0 %, 1949 MiB, 23028 MiB
2026/02/25 17:53:41.972, 0, NVIDIA A10G, 0 %, 0 %, 2043 MiB, 23028 MiB
2026/02/25 17:53:41.972, 1, NVIDIA A10G, 24 %, 10 %, 2037 MiB, 23028 MiB
2026/02/25 17:53:41.972, 2, NVIDIA A10G, 18 %, 6 %, 1729 MiB, 23028 MiB
2026/02/25 17:53:41.972, 3, NVIDIA A10G, 0 %, 0 %, 1949 MiB, 23028 MiB
2026/02/25 17:53:42.972, 0, NVIDIA A10G, 0 %, 0 %, 2043 MiB, 23028 MiB
2026/02/25 17:53:42.972, 1, NVIDIA A10G, 21 %, 7 %, 2037 MiB, 23028 MiB
2026/02/25 17:53:42.972, 2, NVIDIA A10G, 21 %, 7 %, 1729 MiB, 23028 MiB
2026/02/25 17:53:42.972, 3, NVIDIA A10G, 0 %, 0 %, 1949 MiB, 23028 MiB
2026/02/25 17:53:43.972, 0, NVIDIA A10G, 0 %, 0 %, 2043 MiB, 23028 MiB
2026/02/25 17:53:43.973, 1, NVIDIA A10G, 0 %, 0 %, 2037 MiB, 23028 MiB
2026/02/25 17:53:43.973, 2, NVIDIA A10G, 20 %, 7 %, 1729 MiB, 23028 MiB
2026/02/25 17:53:43.973, 3, NVIDIA A10G, 0 %, 0 %, 1949 MiB, 23028 MiB
2026/02/25 17:53:44.973, 0, NVIDIA A10G, 0 %, 0 %, 2043 MiB, 23028 MiB
2026/02/25 17:53:44.973, 1, NVIDIA A10G, 0 %, 0 %, 2037 MiB, 23028 MiB
2026/02/25 17:53:44.973, 2, NVIDIA A10G, 20 %, 6 %, 1729 MiB, 23028 MiB
2026/02/25 17:53:44.973, 3, NVIDIA A10G, 0 %, 0 %, 1949 MiB, 23028 MiB
2026/02/25 17:53:45.973, 0, NVIDIA A10G, 0 %, 0 %, 2043 MiB, 23028 MiB
2026/02/25 17:53:45.973, 1, NVIDIA A10G, 0 %, 0 %, 2037 MiB, 23028 MiB
2026/02/25 17:53:45.973, 2, NVIDIA A10G, 20 %, 7 %, 1729 MiB, 23028 MiB
2026/02/25 17:53:45.973, 3, NVIDIA A10G, 0 %, 0 %, 1949 MiB, 23028 MiB
2026/02/25 17:53:46.974, 0, NVIDIA A10G, 81 %, 53 %, 2043 MiB, 23028 MiB
2026/02/25 17:53:46.974, 1, NVIDIA A10G, 59 %, 38 %, 2037 MiB, 23028 MiB
2026/02/25 17:53:46.974, 2, NVIDIA A10G, 22 %, 8 %, 1729 MiB, 23028 MiB
2026/02/25 17:53:46.974, 3, NVIDIA A10G, 0 %, 0 %, 1949 MiB, 23028 MiB
2026/02/25 17:53:47.974, 0, NVIDIA A10G, 19 %, 7 %, 2043 MiB, 23028 MiB
2026/02/25 17:53:47.974, 1, NVIDIA A10G, 17 %, 5 %, 2037 MiB, 23028 MiB
2026/02/25 17:53:47.974, 2, NVIDIA A10G, 19 %, 6 %, 1729 MiB, 23028 MiB
2026/02/25 17:53:47.974, 3, NVIDIA A10G, 18 %, 7 %, 1949 MiB, 23028 MiB
2026/02/25 17:53:48.974, 0, NVIDIA A10G, 19 %, 6 %, 2043 MiB, 23028 MiB
2026/02/25 17:53:48.975, 1, NVIDIA A10G, 18 %, 6 %, 2037 MiB, 23028 MiB
2026/02/25 17:53:48.975, 2, NVIDIA A10G, 20 %, 7 %, 1729 MiB, 23028 MiB
2026/02/25 17:53:48.975, 3, NVIDIA A10G, 18 %, 6 %, 1949 MiB, 23028 MiB
2026/02/25 17:53:49.975, 0, NVIDIA A10G, 17 %, 6 %, 2043 MiB, 23028 MiB
2026/02/25 17:53:49.975, 1, NVIDIA A10G, 20 %, 6 %, 2037 MiB, 23028 MiB
2026/02/25 17:53:49.975, 2, NVIDIA A10G, 18 %, 6 %, 1729 MiB, 23028 MiB
2026/02/25 17:53:49.975, 3, NVIDIA A10G, 18 %, 6 %, 1949 MiB, 23028 MiB
2026/02/25 17:53:50.975, 0, NVIDIA A10G, 16 %, 5 %, 2043 MiB, 23028 MiB
2026/02/25 17:53:50.975, 1, NVIDIA A10G, 19 %, 6 %, 2037 MiB, 23028 MiB
2026/02/25 17:53:50.975, 2, NVIDIA A10G, 18 %, 6 %, 1729 MiB, 23028 MiB
2026/02/25 17:53:50.975, 3, NVIDIA A10G, 19 %, 7 %, 1949 MiB, 23028 MiB
2026/02/25 17:53:51.976, 0, NVIDIA A10G, 16 %, 5 %, 2043 MiB, 23028 MiB
2026/02/25 17:53:51.976, 1, NVIDIA A10G, 19 %, 6 %, 2037 MiB, 23028 MiB
2026/02/25 17:53:51.976, 2, NVIDIA A10G, 17 %, 6 %, 1729 MiB, 23028 MiB
2026/02/25 17:53:51.976, 3, NVIDIA A10G, 17 %, 6 %, 1949 MiB, 23028 MiB
2026/02/25 17:53:52.976, 0, NVIDIA A10G, 20 %, 6 %, 2043 MiB, 23028 MiB
2026/02/25 17:53:52.976, 1, NVIDIA A10G, 0 %, 0 %, 2037 MiB, 23028 MiB
2026/02/25 17:53:52.976, 2, NVIDIA A10G, 12 %, 4 %, 1729 MiB, 23028 MiB
2026/02/25 17:53:52.976, 3, NVIDIA A10G, 22 %, 8 %, 1949 MiB, 23028 MiB
2026/02/25 17:53:53.976, 0, NVIDIA A10G, 19 %, 6 %, 2043 MiB, 23028 MiB
2026/02/25 17:53:53.976, 1, NVIDIA A10G, 0 %, 0 %, 2037 MiB, 23028 MiB
2026/02/25 17:53:53.976, 2, NVIDIA A10G, 0 %, 0 %, 1729 MiB, 23028 MiB
2026/02/25 17:53:53.977, 3, NVIDIA A10G, 20 %, 7 %, 1949 MiB, 23028 MiB
2026/02/25 17:53:54.977, 0, NVIDIA A10G, 18 %, 6 %, 2043 MiB, 23028 MiB
2026/02/25 17:53:54.977, 1, NVIDIA A10G, 0 %, 0 %, 2037 MiB, 23028 MiB
2026/02/25 17:53:54.977, 2, NVIDIA A10G, 19 %, 7 %, 1729 MiB, 23028 MiB
2026/02/25 17:53:54.977, 3, NVIDIA A10G, 21 %, 8 %, 1949 MiB, 23028 MiB
2026/02/25 17:53:55.977, 0, NVIDIA A10G, 1 %, 0 %, 2043 MiB, 23028 MiB
2026/02/25 17:53:55.977, 1, NVIDIA A10G, 0 %, 0 %, 2037 MiB, 23028 MiB
2026/02/25 17:53:55.977, 2, NVIDIA A10G, 0 %, 0 %, 1729 MiB, 23028 MiB
2026/02/25 17:53:55.977, 3, NVIDIA A10G, 20 %, 7 %, 1949 MiB, 23028 MiB
2026/02/25 17:53:56.977, 0, NVIDIA A10G, 0 %, 0 %, 2043 MiB, 23028 MiB
2026/02/25 17:53:56.978, 1, NVIDIA A10G, 0 %, 0 %, 2037 MiB, 23028 MiB
2026/02/25 17:53:56.978, 2, NVIDIA A10G, 0 %, 0 %, 1729 MiB, 23028 MiB
2026/02/25 17:53:56.978, 3, NVIDIA A10G, 21 %, 7 %, 1949 MiB, 23028 MiB
2026/02/25 17:53:57.978, 0, NVIDIA A10G, 0 %, 0 %, 2043 MiB, 23028 MiB
2026/02/25 17:53:57.978, 1, NVIDIA A10G, 19 %, 6 %, 2037 MiB, 23028 MiB
2026/02/25 17:53:57.978, 2, NVIDIA A10G, 0 %, 0 %, 1729 MiB, 23028 MiB
2026/02/25 17:53:57.978, 3, NVIDIA A10G, 22 %, 8 %, 1949 MiB, 23028 MiB
2026/02/25 17:53:58.978, 0, NVIDIA A10G, 0 %, 0 %, 2043 MiB, 23028 MiB
2026/02/25 17:53:58.978, 1, NVIDIA A10G, 21 %, 7 %, 2037 MiB, 23028 MiB
2026/02/25 17:53:58.979, 2, NVIDIA A10G, 0 %, 0 %, 1729 MiB, 23028 MiB
2026/02/25 17:53:58.979, 3, NVIDIA A10G, 0 %, 0 %, 1949 MiB, 23028 MiB
2026/02/25 17:53:59.979, 0, NVIDIA A10G, 0 %, 0 %, 2043 MiB, 23028 MiB
2026/02/25 17:53:59.979, 1, NVIDIA A10G, 19 %, 6 %, 2037 MiB, 23028 MiB
2026/02/25 17:53:59.979, 2, NVIDIA A10G, 0 %, 0 %, 1729 MiB, 23028 MiB
2026/02/25 17:53:59.979, 3, NVIDIA A10G, 0 %, 0 %, 1949 MiB, 23028 MiB
2026/02/25 17:54:00.979, 0, NVIDIA A10G, 71 %, 44 %, 2043 MiB, 23028 MiB
2026/02/25 17:54:00.979, 1, NVIDIA A10G, 20 %, 7 %, 2037 MiB, 23028 MiB
2026/02/25 17:54:00.979, 2, NVIDIA A10G, 0 %, 0 %, 1729 MiB, 23028 MiB
2026/02/25 17:54:00.980, 3, NVIDIA A10G, 0 %, 0 %, 1949 MiB, 23028 MiB
2026/02/25 17:54:01.980, 0, NVIDIA A10G, 23 %, 8 %, 2043 MiB, 23028 MiB
2026/02/25 17:54:01.980, 1, NVIDIA A10G, 0 %, 0 %, 2037 MiB, 23028 MiB
2026/02/25 17:54:01.980, 2, NVIDIA A10G, 0 %, 0 %, 1729 MiB, 23028 MiB
2026/02/25 17:54:01.980, 3, NVIDIA A10G, 0 %, 0 %, 1949 MiB, 23028 MiB
2026/02/25 17:54:02.980, 0, NVIDIA A10G, 20 %, 7 %, 2043 MiB, 23028 MiB
2026/02/25 17:54:02.980, 1, NVIDIA A10G, 0 %, 0 %, 2037 MiB, 23028 MiB
2026/02/25 17:54:02.980, 2, NVIDIA A10G, 0 %, 0 %, 1729 MiB, 23028 MiB
2026/02/25 17:54:02.980, 3, NVIDIA A10G, 0 %, 0 %, 1949 MiB, 23028 MiB
2026/02/25 17:54:03.980, 0, NVIDIA A10G, 23 %, 7 %, 2043 MiB, 23028 MiB
2026/02/25 17:54:03.981, 1, NVIDIA A10G, 0 %, 0 %, 2037 MiB, 23028 MiB
2026/02/25 17:54:03.981, 2, NVIDIA A10G, 0 %, 0 %, 1729 MiB, 23028 MiB
2026/02/25 17:54:03.981, 3, NVIDIA A10G, 0 %, 0 %, 1949 MiB, 23028 MiB
2026/02/25 17:54:04.981, 0, NVIDIA A10G, 21 %, 7 %, 2043 MiB, 23028 MiB
2026/02/25 17:54:04.981, 1, NVIDIA A10G, 0 %, 0 %, 2037 MiB, 23028 MiB
2026/02/25 17:54:04.981, 2, NVIDIA A10G, 0 %, 0 %, 1729 MiB, 23028 MiB
2026/02/25 17:54:04.981, 3, NVIDIA A10G, 31 %, 19 %, 1949 MiB, 23028 MiB
2026/02/25 17:54:05.981, 0, NVIDIA A10G, 20 %, 7 %, 2043 MiB, 23028 MiB
2026/02/25 17:54:05.981, 1, NVIDIA A10G, 0 %, 0 %, 2037 MiB, 23028 MiB
2026/02/25 17:54:05.982, 2, NVIDIA A10G, 0 %, 0 %, 1729 MiB, 23028 MiB
2026/02/25 17:54:05.982, 3, NVIDIA A10G, 20 %, 7 %, 1949 MiB, 23028 MiB
2026/02/25 17:54:06.982, 0, NVIDIA A10G, 22 %, 8 %, 2043 MiB, 23028 MiB
2026/02/25 17:54:06.982, 1, NVIDIA A10G, 81 %, 50 %, 2037 MiB, 23028 MiB
2026/02/25 17:54:06.983, 2, NVIDIA A10G, 0 %, 0 %, 1729 MiB, 23028 MiB
2026/02/25 17:54:06.983, 3, NVIDIA A10G, 22 %, 8 %, 1949 MiB, 23028 MiB
2026/02/25 17:54:07.983, 0, NVIDIA A10G, 0 %, 0 %, 2043 MiB, 23028 MiB
2026/02/25 17:54:07.983, 1, NVIDIA A10G, 18 %, 5 %, 2037 MiB, 23028 MiB
2026/02/25 17:54:07.983, 2, NVIDIA A10G, 0 %, 0 %, 1729 MiB, 23028 MiB
2026/02/25 17:54:07.984, 3, NVIDIA A10G, 22 %, 8 %, 1949 MiB, 23028 MiB
2026/02/25 17:54:08.984, 0, NVIDIA A10G, 15 %, 5 %, 2043 MiB, 23028 MiB
2026/02/25 17:54:08.984, 1, NVIDIA A10G, 15 %, 5 %, 2037 MiB, 23028 MiB
2026/02/25 17:54:08.984, 2, NVIDIA A10G, 18 %, 6 %, 1729 MiB, 23028 MiB
2026/02/25 17:54:08.984, 3, NVIDIA A10G, 15 %, 5 %, 1949 MiB, 23028 MiB
2026/02/25 17:54:09.984, 0, NVIDIA A10G, 21 %, 8 %, 2043 MiB, 23028 MiB
2026/02/25 17:54:09.984, 1, NVIDIA A10G, 15 %, 4 %, 2037 MiB, 23028 MiB
2026/02/25 17:54:09.984, 2, NVIDIA A10G, 19 %, 7 %, 1729 MiB, 23028 MiB
2026/02/25 17:54:09.984, 3, NVIDIA A10G, 18 %, 6 %, 1949 MiB, 23028 MiB
2026/02/25 17:54:10.984, 0, NVIDIA A10G, 0 %, 0 %, 2043 MiB, 23028 MiB
2026/02/25 17:54:10.984, 1, NVIDIA A10G, 19 %, 6 %, 2037 MiB, 23028 MiB
2026/02/25 17:54:10.984, 2, NVIDIA A10G, 20 %, 7 %, 1729 MiB, 23028 MiB
2026/02/25 17:54:10.985, 3, NVIDIA A10G, 21 %, 8 %, 1949 MiB, 23028 MiB
2026/02/25 17:54:11.985, 0, NVIDIA A10G, 0 %, 0 %, 2043 MiB, 23028 MiB
2026/02/25 17:54:11.985, 1, NVIDIA A10G, 18 %, 6 %, 2037 MiB, 23028 MiB
2026/02/25 17:54:11.985, 2, NVIDIA A10G, 19 %, 6 %, 1729 MiB, 23028 MiB
2026/02/25 17:54:11.985, 3, NVIDIA A10G, 20 %, 7 %, 1949 MiB, 23028 MiB
2026/02/25 17:54:12.985, 0, NVIDIA A10G, 0 %, 0 %, 2043 MiB, 23028 MiB
2026/02/25 17:54:12.985, 1, NVIDIA A10G, 17 %, 6 %, 2037 MiB, 23028 MiB
2026/02/25 17:54:12.985, 2, NVIDIA A10G, 16 %, 5 %, 1729 MiB, 23028 MiB
2026/02/25 17:54:12.985, 3, NVIDIA A10G, 0 %, 0 %, 1949 MiB, 23028 MiB
2026/02/25 17:54:13.985, 0, NVIDIA A10G, 80 %, 49 %, 2043 MiB, 23028 MiB
2026/02/25 17:54:13.985, 1, NVIDIA A10G, 1 %, 0 %, 2037 MiB, 23028 MiB
2026/02/25 17:54:13.986, 2, NVIDIA A10G, 19 %, 7 %, 1729 MiB, 23028 MiB
2026/02/25 17:54:13.986, 3, NVIDIA A10G, 0 %, 0 %, 1949 MiB, 23028 MiB
2026/02/25 17:54:14.986, 0, NVIDIA A10G, 20 %, 7 %, 2043 MiB, 23028 MiB
2026/02/25 17:54:14.986, 1, NVIDIA A10G, 0 %, 0 %, 2037 MiB, 23028 MiB
2026/02/25 17:54:14.986, 2, NVIDIA A10G, 18 %, 6 %, 1729 MiB, 23028 MiB
2026/02/25 17:54:14.986, 3, NVIDIA A10G, 0 %, 0 %, 1949 MiB, 23028 MiB
2026/02/25 17:54:15.986, 0, NVIDIA A10G, 20 %, 7 %, 2043 MiB, 23028 MiB
2026/02/25 17:54:15.986, 1, NVIDIA A10G, 0 %, 0 %, 2037 MiB, 23028 MiB
2026/02/25 17:54:15.986, 2, NVIDIA A10G, 16 %, 5 %, 1729 MiB, 23028 MiB
2026/02/25 17:54:15.986, 3, NVIDIA A10G, 0 %, 0 %, 1949 MiB, 23028 MiB
2026/02/25 17:54:16.987, 0, NVIDIA A10G, 20 %, 7 %, 2043 MiB, 23028 MiB
2026/02/25 17:54:16.987, 1, NVIDIA A10G, 0 %, 0 %, 2037 MiB, 23028 MiB
2026/02/25 17:54:16.987, 2, NVIDIA A10G, 21 %, 7 %, 1729 MiB, 23028 MiB
2026/02/25 17:54:16.987, 3, NVIDIA A10G, 0 %, 0 %, 1949 MiB, 23028 MiB
2026/02/25 17:54:17.987, 0, NVIDIA A10G, 20 %, 6 %, 2043 MiB, 23028 MiB
2026/02/25 17:54:17.987, 1, NVIDIA A10G, 0 %, 0 %, 2037 MiB, 23028 MiB
2026/02/25 17:54:17.987, 2, NVIDIA A10G, 19 %, 7 %, 1729 MiB, 23028 MiB
2026/02/25 17:54:17.987, 3, NVIDIA A10G, 0 %, 0 %, 1949 MiB, 23028 MiB
2026/02/25 17:54:18.987, 0, NVIDIA A10G, 0 %, 0 %, 2043 MiB, 23028 MiB
2026/02/25 17:54:18.987, 1, NVIDIA A10G, 0 %, 0 %, 2037 MiB, 23028 MiB
2026/02/25 17:54:18.987, 2, NVIDIA A10G, 23 %, 8 %, 1729 MiB, 23028 MiB
2026/02/25 17:54:18.987, 3, NVIDIA A10G, 0 %, 0 %, 1949 MiB, 23028 MiB
2026/02/25 17:54:19.988, 0, NVIDIA A10G, 0 %, 0 %, 2043 MiB, 23028 MiB
2026/02/25 17:54:19.988, 1, NVIDIA A10G, 0 %, 0 %, 2037 MiB, 23028 MiB
2026/02/25 17:54:19.988, 2, NVIDIA A10G, 23 %, 8 %, 1729 MiB, 23028 MiB
2026/02/25 17:54:19.988, 3, NVIDIA A10G, 0 %, 0 %, 1949 MiB, 23028 MiB
2026/02/25 17:54:20.988, 0, NVIDIA A10G, 0 %, 0 %, 2043 MiB, 23028 MiB
2026/02/25 17:54:20.988, 1, NVIDIA A10G, 0 %, 0 %, 2037 MiB, 23028 MiB
2026/02/25 17:54:20.988, 2, NVIDIA A10G, 20 %, 7 %, 1729 MiB, 23028 MiB
2026/02/25 17:54:20.988, 3, NVIDIA A10G, 0 %, 0 %, 1949 MiB, 23028 MiB
2026/02/25 17:54:21.988, 0, NVIDIA A10G, 0 %, 0 %, 2043 MiB, 23028 MiB
2026/02/25 17:54:21.988, 1, NVIDIA A10G, 0 %, 0 %, 2037 MiB, 23028 MiB
2026/02/25 17:54:21.988, 2, NVIDIA A10G, 24 %, 9 %, 1729 MiB, 23028 MiB
2026/02/25 17:54:21.988, 3, NVIDIA A10G, 0 %, 0 %, 1949 MiB, 23028 MiB
2026/02/25 17:54:22.989, 0, NVIDIA A10G, 0 %, 0 %, 2043 MiB, 23028 MiB
2026/02/25 17:54:22.989, 1, NVIDIA A10G, 0 %, 0 %, 2037 MiB, 23028 MiB
2026/02/25 17:54:22.989, 2, NVIDIA A10G, 20 %, 7 %, 1729 MiB, 23028 MiB
2026/02/25 17:54:22.989, 3, NVIDIA A10G, 100 %, 70 %, 1949 MiB, 23028 MiB
2026/02/25 17:54:23.989, 0, NVIDIA A10G, 0 %, 0 %, 2043 MiB, 23028 MiB
2026/02/25 17:54:23.989, 1, NVIDIA A10G, 77 %, 50 %, 2037 MiB, 23028 MiB
2026/02/25 17:54:23.989, 2, NVIDIA A10G, 0 %, 0 %, 1729 MiB, 23028 MiB
2026/02/25 17:54:23.989, 3, NVIDIA A10G, 0 %, 0 %, 1949 MiB, 23028 MiB
2026/02/25 17:54:24.989, 0, NVIDIA A10G, 0 %, 0 %, 2043 MiB, 23028 MiB
2026/02/25 17:54:24.989, 1, NVIDIA A10G, 15 %, 5 %, 2037 MiB, 23028 MiB
2026/02/25 17:54:24.989, 2, NVIDIA A10G, 0 %, 0 %, 1729 MiB, 23028 MiB
2026/02/25 17:54:24.990, 3, NVIDIA A10G, 21 %, 7 %, 1949 MiB, 23028 MiB
2026/02/25 17:54:25.990, 0, NVIDIA A10G, 0 %, 0 %, 2043 MiB, 23028 MiB
2026/02/25 17:54:25.990, 1, NVIDIA A10G, 15 %, 5 %, 2037 MiB, 23028 MiB
2026/02/25 17:54:25.990, 2, NVIDIA A10G, 0 %, 0 %, 1729 MiB, 23028 MiB
2026/02/25 17:54:25.990, 3, NVIDIA A10G, 17 %, 6 %, 1949 MiB, 23028 MiB
2026/02/25 17:54:26.990, 0, NVIDIA A10G, 0 %, 0 %, 2043 MiB, 23028 MiB
2026/02/25 17:54:26.990, 1, NVIDIA A10G, 19 %, 6 %, 2037 MiB, 23028 MiB
2026/02/25 17:54:26.990, 2, NVIDIA A10G, 0 %, 0 %, 1729 MiB, 23028 MiB
2026/02/25 17:54:26.990, 3, NVIDIA A10G, 19 %, 6 %, 1949 MiB, 23028 MiB
2026/02/25 17:54:27.990, 0, NVIDIA A10G, 12 %, 7 %, 2045 MiB, 23028 MiB
2026/02/25 17:54:27.990, 1, NVIDIA A10G, 21 %, 7 %, 2037 MiB, 23028 MiB
2026/02/25 17:54:27.990, 2, NVIDIA A10G, 0 %, 0 %, 1729 MiB, 23028 MiB
2026/02/25 17:54:27.991, 3, NVIDIA A10G, 20 %, 6 %, 1949 MiB, 23028 MiB
2026/02/25 17:54:28.991, 0, NVIDIA A10G, 20 %, 7 %, 2045 MiB, 23028 MiB
2026/02/25 17:54:28.991, 1, NVIDIA A10G, 20 %, 7 %, 2037 MiB, 23028 MiB
2026/02/25 17:54:28.991, 2, NVIDIA A10G, 19 %, 6 %, 1729 MiB, 23028 MiB
2026/02/25 17:54:28.991, 3, NVIDIA A10G, 20 %, 7 %, 1949 MiB, 23028 MiB
2026/02/25 17:54:29.991, 0, NVIDIA A10G, 16 %, 5 %, 2045 MiB, 23028 MiB
2026/02/25 17:54:29.991, 1, NVIDIA A10G, 21 %, 7 %, 2037 MiB, 23028 MiB
2026/02/25 17:54:29.991, 2, NVIDIA A10G, 19 %, 6 %, 1729 MiB, 23028 MiB
2026/02/25 17:54:29.991, 3, NVIDIA A10G, 18 %, 6 %, 1949 MiB, 23028 MiB
2026/02/25 17:54:30.992, 0, NVIDIA A10G, 19 %, 7 %, 2045 MiB, 23028 MiB
2026/02/25 17:54:30.992, 1, NVIDIA A10G, 14 %, 5 %, 2037 MiB, 23028 MiB
2026/02/25 17:54:30.992, 2, NVIDIA A10G, 18 %, 6 %, 1729 MiB, 23028 MiB
2026/02/25 17:54:30.992, 3, NVIDIA A10G, 16 %, 5 %, 1949 MiB, 23028 MiB
2026/02/25 17:54:31.992, 0, NVIDIA A10G, 18 %, 6 %, 2045 MiB, 23028 MiB
2026/02/25 17:54:31.992, 1, NVIDIA A10G, 18 %, 6 %, 2037 MiB, 23028 MiB
2026/02/25 17:54:31.992, 2, NVIDIA A10G, 17 %, 6 %, 1729 MiB, 23028 MiB
2026/02/25 17:54:31.992, 3, NVIDIA A10G, 19 %, 6 %, 1949 MiB, 23028 MiB
2026/02/25 17:54:32.992, 0, NVIDIA A10G, 18 %, 7 %, 2045 MiB, 23028 MiB
2026/02/25 17:54:32.993, 1, NVIDIA A10G, 17 %, 5 %, 2037 MiB, 23028 MiB
2026/02/25 17:54:32.993, 2, NVIDIA A10G, 18 %, 7 %, 1729 MiB, 23028 MiB
2026/02/25 17:54:32.993, 3, NVIDIA A10G, 18 %, 6 %, 1949 MiB, 23028 MiB
2026/02/25 17:54:33.993, 0, NVIDIA A10G, 21 %, 7 %, 2045 MiB, 23028 MiB
2026/02/25 17:54:33.993, 1, NVIDIA A10G, 19 %, 6 %, 2037 MiB, 23028 MiB
2026/02/25 17:54:33.993, 2, NVIDIA A10G, 0 %, 0 %, 1729 MiB, 23028 MiB
2026/02/25 17:54:33.993, 3, NVIDIA A10G, 14 %, 4 %, 1949 MiB, 23028 MiB
2026/02/25 17:54:34.993, 0, NVIDIA A10G, 22 %, 8 %, 2045 MiB, 23028 MiB
2026/02/25 17:54:34.993, 1, NVIDIA A10G, 15 %, 5 %, 2037 MiB, 23028 MiB
2026/02/25 17:54:34.993, 2, NVIDIA A10G, 0 %, 0 %, 1729 MiB, 23028 MiB
2026/02/25 17:54:34.993, 3, NVIDIA A10G, 14 %, 5 %, 1949 MiB, 23028 MiB
2026/02/25 17:54:35.994, 0, NVIDIA A10G, 19 %, 7 %, 2045 MiB, 23028 MiB
2026/02/25 17:54:35.994, 1, NVIDIA A10G, 18 %, 6 %, 2037 MiB, 23028 MiB
2026/02/25 17:54:35.994, 2, NVIDIA A10G, 0 %, 0 %, 0 MiB, 23028 MiB
2026/02/25 17:54:35.994, 3, NVIDIA A10G, 21 %, 7 %, 1949 MiB, 23028 MiB
2026/02/25 17:54:36.994, 0, NVIDIA A10G, 19 %, 7 %, 2045 MiB, 23028 MiB
2026/02/25 17:54:36.995, 1, NVIDIA A10G, 18 %, 6 %, 2037 MiB, 23028 MiB
2026/02/25 17:54:36.995, 2, NVIDIA A10G, 0 %, 0 %, 0 MiB, 23028 MiB
2026/02/25 17:54:36.996, 3, NVIDIA A10G, 18 %, 6 %, 1949 MiB, 23028 MiB
2026/02/25 17:54:37.996, 0, NVIDIA A10G, 18 %, 6 %, 2045 MiB, 23028 MiB
2026/02/25 17:54:37.996, 1, NVIDIA A10G, 18 %, 6 %, 2037 MiB, 23028 MiB
2026/02/25 17:54:37.996, 2, NVIDIA A10G, 0 %, 0 %, 0 MiB, 23028 MiB
2026/02/25 17:54:37.996, 3, NVIDIA A10G, 20 %, 7 %, 1949 MiB, 23028 MiB
2026/02/25 17:54:38.996, 0, NVIDIA A10G, 20 %, 6 %, 2045 MiB, 23028 MiB
2026/02/25 17:54:38.996, 1, NVIDIA A10G, 17 %, 5 %, 2037 MiB, 23028 MiB
2026/02/25 17:54:38.996, 2, NVIDIA A10G, 0 %, 0 %, 0 MiB, 23028 MiB
2026/02/25 17:54:38.996, 3, NVIDIA A10G, 10 %, 3 %, 1949 MiB, 23028 MiB
2026/02/25 17:54:39.997, 0, NVIDIA A10G, 22 %, 7 %, 2045 MiB, 23028 MiB
2026/02/25 17:54:39.997, 1, NVIDIA A10G, 0 %, 0 %, 2037 MiB, 23028 MiB
2026/02/25 17:54:39.997, 2, NVIDIA A10G, 0 %, 0 %, 0 MiB, 23028 MiB
2026/02/25 17:54:39.997, 3, NVIDIA A10G, 0 %, 0 %, 1949 MiB, 23028 MiB
2026/02/25 17:54:40.997, 0, NVIDIA A10G, 12 %, 4 %, 2045 MiB, 23028 MiB
2026/02/25 17:54:40.997, 1, NVIDIA A10G, 0 %, 0 %, 2037 MiB, 23028 MiB
2026/02/25 17:54:40.997, 2, NVIDIA A10G, 0 %, 0 %, 0 MiB, 23028 MiB
2026/02/25 17:54:40.997, 3, NVIDIA A10G, 0 %, 0 %, 1949 MiB, 23028 MiB
2026/02/25 17:54:41.997, 0, NVIDIA A10G, 0 %, 0 %, 2045 MiB, 23028 MiB
2026/02/25 17:54:41.998, 1, NVIDIA A10G, 0 %, 0 %, 2037 MiB, 23028 MiB
2026/02/25 17:54:41.998, 2, NVIDIA A10G, 0 %, 0 %, 0 MiB, 23028 MiB
2026/02/25 17:54:41.998, 3, NVIDIA A10G, 0 %, 0 %, 1949 MiB, 23028 MiB
2026/02/25 17:54:42.998, 0, NVIDIA A10G, 0 %, 0 %, 2045 MiB, 23028 MiB
2026/02/25 17:54:42.998, 1, NVIDIA A10G, 0 %, 0 %, 2037 MiB, 23028 MiB
2026/02/25 17:54:42.998, 2, NVIDIA A10G, 0 %, 0 %, 0 MiB, 23028 MiB
2026/02/25 17:54:42.998, 3, NVIDIA A10G, 0 %, 0 %, 1949 MiB, 23028 MiB
2026/02/25 17:54:43.998, 0, NVIDIA A10G, 0 %, 0 %, 2045 MiB, 23028 MiB
2026/02/25 17:54:43.998, 1, NVIDIA A10G, 0 %, 0 %, 2037 MiB, 23028 MiB
2026/02/25 17:54:43.998, 2, NVIDIA A10G, 0 %, 0 %, 0 MiB, 23028 MiB
2026/02/25 17:54:43.998, 3, NVIDIA A10G, 0 %, 0 %, 1949 MiB, 23028 MiB
2026/02/25 17:54:44.999, 0, NVIDIA A10G, 0 %, 0 %, 2045 MiB, 23028 MiB
2026/02/25 17:54:44.999, 1, NVIDIA A10G, 0 %, 0 %, 2037 MiB, 23028 MiB
2026/02/25 17:54:44.999, 2, NVIDIA A10G, 0 %, 0 %, 0 MiB, 23028 MiB
2026/02/25 17:54:44.999, 3, NVIDIA A10G, 0 %, 0 %, 1949 MiB, 23028 MiB
2026/02/25 17:54:45.999, 0, NVIDIA A10G, 0 %, 0 %, 2045 MiB, 23028 MiB
2026/02/25 17:54:45.999, 1, NVIDIA A10G, 0 %, 0 %, 2037 MiB, 23028 MiB
2026/02/25 17:54:45.999, 2, NVIDIA A10G, 0 %, 0 %, 0 MiB, 23028 MiB
2026/02/25 17:54:45.999, 3, NVIDIA A10G, 0 %, 0 %, 1949 MiB, 23028 MiB
2026/02/25 17:54:46.999, 0, NVIDIA A10G, 0 %, 0 %, 2045 MiB, 23028 MiB
2026/02/25 17:54:46.999, 1, NVIDIA A10G, 29 %, 16 %, 2037 MiB, 23028 MiB
2026/02/25 17:54:46.999, 2, NVIDIA A10G, 0 %, 0 %, 0 MiB, 23028 MiB
2026/02/25 17:54:47.000, 3, NVIDIA A10G, 0 %, 0 %, 1949 MiB, 23028 MiB
2026/02/25 17:54:48.000, 0, NVIDIA A10G, 0 %, 0 %, 2045 MiB, 23028 MiB
2026/02/25 17:54:48.000, 1, NVIDIA A10G, 19 %, 6 %, 2037 MiB, 23028 MiB
2026/02/25 17:54:48.000, 2, NVIDIA A10G, 0 %, 0 %, 0 MiB, 23028 MiB
2026/02/25 17:54:48.000, 3, NVIDIA A10G, 0 %, 0 %, 1949 MiB, 23028 MiB
2026/02/25 17:54:49.000, 0, NVIDIA A10G, 0 %, 0 %, 2045 MiB, 23028 MiB
2026/02/25 17:54:49.000, 1, NVIDIA A10G, 22 %, 7 %, 2037 MiB, 23028 MiB
2026/02/25 17:54:49.000, 2, NVIDIA A10G, 0 %, 0 %, 0 MiB, 23028 MiB
2026/02/25 17:54:49.000, 3, NVIDIA A10G, 0 %, 0 %, 1949 MiB, 23028 MiB
2026/02/25 17:54:50.000, 0, NVIDIA A10G, 0 %, 0 %, 2045 MiB, 23028 MiB
2026/02/25 17:54:50.001, 1, NVIDIA A10G, 20 %, 6 %, 2037 MiB, 23028 MiB
2026/02/25 17:54:50.001, 2, NVIDIA A10G, 0 %, 0 %, 0 MiB, 23028 MiB
2026/02/25 17:54:50.001, 3, NVIDIA A10G, 0 %, 0 %, 1949 MiB, 23028 MiB
2026/02/25 17:54:51.001, 0, NVIDIA A10G, 22 %, 8 %, 2045 MiB, 23028 MiB
2026/02/25 17:54:51.001, 1, NVIDIA A10G, 19 %, 6 %, 2037 MiB, 23028 MiB
2026/02/25 17:54:51.001, 2, NVIDIA A10G, 0 %, 0 %, 0 MiB, 23028 MiB
2026/02/25 17:54:51.001, 3, NVIDIA A10G, 0 %, 0 %, 1949 MiB, 23028 MiB
2026/02/25 17:54:52.001, 0, NVIDIA A10G, 20 %, 7 %, 2045 MiB, 23028 MiB
2026/02/25 17:54:52.002, 1, NVIDIA A10G, 20 %, 7 %, 2037 MiB, 23028 MiB
2026/02/25 17:54:52.002, 2, NVIDIA A10G, 0 %, 0 %, 0 MiB, 23028 MiB
2026/02/25 17:54:52.002, 3, NVIDIA A10G, 0 %, 0 %, 1949 MiB, 23028 MiB
2026/02/25 17:54:53.002, 0, NVIDIA A10G, 22 %, 8 %, 2045 MiB, 23028 MiB
2026/02/25 17:54:53.002, 1, NVIDIA A10G, 20 %, 7 %, 2037 MiB, 23028 MiB
2026/02/25 17:54:53.002, 2, NVIDIA A10G, 0 %, 0 %, 0 MiB, 23028 MiB
2026/02/25 17:54:53.002, 3, NVIDIA A10G, 0 %, 0 %, 1949 MiB, 23028 MiB
2026/02/25 17:54:54.002, 0, NVIDIA A10G, 20 %, 7 %, 2045 MiB, 23028 MiB
2026/02/25 17:54:54.002, 1, NVIDIA A10G, 16 %, 5 %, 2037 MiB, 23028 MiB
2026/02/25 17:54:54.002, 2, NVIDIA A10G, 0 %, 0 %, 0 MiB, 23028 MiB
2026/02/25 17:54:54.002, 3, NVIDIA A10G, 0 %, 0 %, 1949 MiB, 23028 MiB
2026/02/25 17:54:55.003, 0, NVIDIA A10G, 21 %, 8 %, 2045 MiB, 23028 MiB
2026/02/25 17:54:55.003, 1, NVIDIA A10G, 18 %, 6 %, 2037 MiB, 23028 MiB
2026/02/25 17:54:55.003, 2, NVIDIA A10G, 0 %, 0 %, 0 MiB, 23028 MiB
2026/02/25 17:54:55.003, 3, NVIDIA A10G, 0 %, 0 %, 1949 MiB, 23028 MiB
2026/02/25 17:54:56.003, 0, NVIDIA A10G, 22 %, 8 %, 2045 MiB, 23028 MiB
2026/02/25 17:54:56.003, 1, NVIDIA A10G, 16 %, 5 %, 2037 MiB, 23028 MiB
2026/02/25 17:54:56.003, 2, NVIDIA A10G, 0 %, 0 %, 0 MiB, 23028 MiB
2026/02/25 17:54:56.003, 3, NVIDIA A10G, 0 %, 0 %, 1949 MiB, 23028 MiB
2026/02/25 17:54:57.003, 0, NVIDIA A10G, 23 %, 8 %, 2045 MiB, 23028 MiB
2026/02/25 17:54:57.003, 1, NVIDIA A10G, 16 %, 5 %, 2037 MiB, 23028 MiB
2026/02/25 17:54:57.003, 2, NVIDIA A10G, 0 %, 0 %, 0 MiB, 23028 MiB
2026/02/25 17:54:57.004, 3, NVIDIA A10G, 82 %, 55 %, 1949 MiB, 23028 MiB
2026/02/25 17:54:58.004, 0, NVIDIA A10G, 22 %, 9 %, 2045 MiB, 23028 MiB
2026/02/25 17:54:58.004, 1, NVIDIA A10G, 13 %, 4 %, 2037 MiB, 23028 MiB
2026/02/25 17:54:58.004, 2, NVIDIA A10G, 0 %, 0 %, 0 MiB, 23028 MiB
2026/02/25 17:54:58.004, 3, NVIDIA A10G, 0 %, 0 %, 1949 MiB, 23028 MiB
2026/02/25 17:54:59.004, 0, NVIDIA A10G, 20 %, 7 %, 2045 MiB, 23028 MiB
2026/02/25 17:54:59.004, 1, NVIDIA A10G, 0 %, 0 %, 2037 MiB, 23028 MiB
2026/02/25 17:54:59.004, 2, NVIDIA A10G, 0 %, 0 %, 0 MiB, 23028 MiB
2026/02/25 17:54:59.004, 3, NVIDIA A10G, 23 %, 9 %, 1949 MiB, 23028 MiB
2026/02/25 17:55:00.004, 0, NVIDIA A10G, 19 %, 7 %, 2045 MiB, 23028 MiB
2026/02/25 17:55:00.005, 1, NVIDIA A10G, 0 %, 0 %, 2037 MiB, 23028 MiB
2026/02/25 17:55:00.005, 2, NVIDIA A10G, 0 %, 0 %, 0 MiB, 23028 MiB
2026/02/25 17:55:00.005, 3, NVIDIA A10G, 21 %, 7 %, 1949 MiB, 23028 MiB
2026/02/25 17:55:01.005, 0, NVIDIA A10G, 0 %, 0 %, 2045 MiB, 23028 MiB
2026/02/25 17:55:01.005, 1, NVIDIA A10G, 0 %, 0 %, 2037 MiB, 23028 MiB
2026/02/25 17:55:01.005, 2, NVIDIA A10G, 0 %, 0 %, 0 MiB, 23028 MiB
2026/02/25 17:55:01.005, 3, NVIDIA A10G, 21 %, 7 %, 1949 MiB, 23028 MiB
2026/02/25 17:55:02.005, 0, NVIDIA A10G, 0 %, 0 %, 2045 MiB, 23028 MiB
2026/02/25 17:55:02.005, 1, NVIDIA A10G, 0 %, 0 %, 2037 MiB, 23028 MiB
2026/02/25 17:55:02.005, 2, NVIDIA A10G, 0 %, 0 %, 0 MiB, 23028 MiB
2026/02/25 17:55:02.005, 3, NVIDIA A10G, 23 %, 8 %, 1949 MiB, 23028 MiB
2026/02/25 17:55:03.006, 0, NVIDIA A10G, 0 %, 0 %, 2045 MiB, 23028 MiB
2026/02/25 17:55:03.006, 1, NVIDIA A10G, 0 %, 0 %, 2037 MiB, 23028 MiB
2026/02/25 17:55:03.006, 2, NVIDIA A10G, 0 %, 0 %, 0 MiB, 23028 MiB
2026/02/25 17:55:03.006, 3, NVIDIA A10G, 23 %, 8 %, 1949 MiB, 23028 MiB
2026/02/25 17:55:04.006, 0, NVIDIA A10G, 0 %, 0 %, 2045 MiB, 23028 MiB
2026/02/25 17:55:04.006, 1, NVIDIA A10G, 0 %, 0 %, 2037 MiB, 23028 MiB
2026/02/25 17:55:04.006, 2, NVIDIA A10G, 0 %, 0 %, 0 MiB, 23028 MiB
2026/02/25 17:55:04.006, 3, NVIDIA A10G, 22 %, 8 %, 1949 MiB, 23028 MiB
2026/02/25 17:55:05.006, 0, NVIDIA A10G, 0 %, 0 %, 2045 MiB, 23028 MiB
2026/02/25 17:55:05.006, 1, NVIDIA A10G, 0 %, 0 %, 2037 MiB, 23028 MiB
2026/02/25 17:55:05.007, 2, NVIDIA A10G, 0 %, 0 %, 0 MiB, 23028 MiB
2026/02/25 17:55:05.007, 3, NVIDIA A10G, 22 %, 7 %, 1949 MiB, 23028 MiB
2026/02/25 17:55:06.007, 0, NVIDIA A10G, 0 %, 0 %, 2045 MiB, 23028 MiB
2026/02/25 17:55:06.007, 1, NVIDIA A10G, 0 %, 0 %, 2037 MiB, 23028 MiB
2026/02/25 17:55:06.007, 2, NVIDIA A10G, 0 %, 0 %, 0 MiB, 23028 MiB
2026/02/25 17:55:06.007, 3, NVIDIA A10G, 22 %, 8 %, 1949 MiB, 23028 MiB
2026/02/25 17:55:07.007, 0, NVIDIA A10G, 0 %, 0 %, 2045 MiB, 23028 MiB
2026/02/25 17:55:07.007, 1, NVIDIA A10G, 0 %, 0 %, 2037 MiB, 23028 MiB
2026/02/25 17:55:07.007, 2, NVIDIA A10G, 0 %, 0 %, 0 MiB, 23028 MiB
2026/02/25 17:55:07.007, 3, NVIDIA A10G, 23 %, 8 %, 1949 MiB, 23028 MiB
2026/02/25 17:55:08.008, 0, NVIDIA A10G, 0 %, 0 %, 2045 MiB, 23028 MiB
2026/02/25 17:55:08.008, 1, NVIDIA A10G, 0 %, 0 %, 2037 MiB, 23028 MiB
2026/02/25 17:55:08.008, 2, NVIDIA A10G, 0 %, 0 %, 0 MiB, 23028 MiB
2026/02/25 17:55:08.008, 3, NVIDIA A10G, 21 %, 8 %, 1949 MiB, 23028 MiB
2026/02/25 17:55:09.008, 0, NVIDIA A10G, 0 %, 0 %, 2045 MiB, 23028 MiB
2026/02/25 17:55:09.008, 1, NVIDIA A10G, 0 %, 0 %, 2037 MiB, 23028 MiB
2026/02/25 17:55:09.008, 2, NVIDIA A10G, 0 %, 0 %, 0 MiB, 23028 MiB
2026/02/25 17:55:09.008, 3, NVIDIA A10G, 24 %, 9 %, 1949 MiB, 23028 MiB
2026/02/25 17:55:10.008, 0, NVIDIA A10G, 0 %, 0 %, 2045 MiB, 23028 MiB
2026/02/25 17:55:10.008, 1, NVIDIA A10G, 0 %, 0 %, 2037 MiB, 23028 MiB
2026/02/25 17:55:10.009, 2, NVIDIA A10G, 0 %, 0 %, 0 MiB, 23028 MiB
2026/02/25 17:55:10.009, 3, NVIDIA A10G, 22 %, 8 %, 1949 MiB, 23028 MiB
2026/02/25 17:55:11.009, 0, NVIDIA A10G, 0 %, 0 %, 2045 MiB, 23028 MiB
2026/02/25 17:55:11.009, 1, NVIDIA A10G, 0 %, 0 %, 2037 MiB, 23028 MiB
2026/02/25 17:55:11.009, 2, NVIDIA A10G, 0 %, 0 %, 0 MiB, 23028 MiB
2026/02/25 17:55:11.009, 3, NVIDIA A10G, 21 %, 7 %, 1949 MiB, 23028 MiB
2026/02/25 17:55:12.009, 0, NVIDIA A10G, 4 %, 1 %, 2045 MiB, 23028 MiB
2026/02/25 17:55:12.009, 1, NVIDIA A10G, 0 %, 0 %, 2037 MiB, 23028 MiB
2026/02/25 17:55:12.009, 2, NVIDIA A10G, 0 %, 0 %, 0 MiB, 23028 MiB
2026/02/25 17:55:12.009, 3, NVIDIA A10G, 21 %, 7 %, 1949 MiB, 23028 MiB
2026/02/25 17:55:13.010, 0, NVIDIA A10G, 22 %, 8 %, 2045 MiB, 23028 MiB
2026/02/25 17:55:13.010, 1, NVIDIA A10G, 0 %, 0 %, 2037 MiB, 23028 MiB
2026/02/25 17:55:13.010, 2, NVIDIA A10G, 0 %, 0 %, 0 MiB, 23028 MiB
2026/02/25 17:55:13.010, 3, NVIDIA A10G, 21 %, 7 %, 1949 MiB, 23028 MiB
2026/02/25 17:55:14.010, 0, NVIDIA A10G, 19 %, 7 %, 2045 MiB, 23028 MiB
2026/02/25 17:55:14.010, 1, NVIDIA A10G, 0 %, 0 %, 2037 MiB, 23028 MiB
2026/02/25 17:55:14.010, 2, NVIDIA A10G, 0 %, 0 %, 0 MiB, 23028 MiB
2026/02/25 17:55:14.010, 3, NVIDIA A10G, 22 %, 8 %, 1949 MiB, 23028 MiB
2026/02/25 17:55:15.011, 0, NVIDIA A10G, 22 %, 9 %, 2045 MiB, 23028 MiB
2026/02/25 17:55:15.011, 1, NVIDIA A10G, 89 %, 58 %, 2037 MiB, 23028 MiB
2026/02/25 17:55:15.011, 2, NVIDIA A10G, 0 %, 0 %, 0 MiB, 23028 MiB
2026/02/25 17:55:15.011, 3, NVIDIA A10G, 19 %, 6 %, 1949 MiB, 23028 MiB
2026/02/25 17:55:16.011, 0, NVIDIA A10G, 19 %, 7 %, 2045 MiB, 23028 MiB
2026/02/25 17:55:16.011, 1, NVIDIA A10G, 0 %, 0 %, 2037 MiB, 23028 MiB
2026/02/25 17:55:16.011, 2, NVIDIA A10G, 0 %, 0 %, 0 MiB, 23028 MiB
2026/02/25 17:55:16.011, 3, NVIDIA A10G, 20 %, 7 %, 1949 MiB, 23028 MiB
2026/02/25 17:55:17.012, 0, NVIDIA A10G, 22 %, 8 %, 2045 MiB, 23028 MiB
2026/02/25 17:55:17.012, 1, NVIDIA A10G, 18 %, 6 %, 2037 MiB, 23028 MiB
2026/02/25 17:55:17.012, 2, NVIDIA A10G, 0 %, 0 %, 0 MiB, 23028 MiB
2026/02/25 17:55:17.012, 3, NVIDIA A10G, 0 %, 0 %, 1949 MiB, 23028 MiB
2026/02/25 17:55:18.012, 0, NVIDIA A10G, 21 %, 8 %, 2045 MiB, 23028 MiB
2026/02/25 17:55:18.012, 1, NVIDIA A10G, 21 %, 7 %, 2037 MiB, 23028 MiB
2026/02/25 17:55:18.012, 2, NVIDIA A10G, 0 %, 0 %, 0 MiB, 23028 MiB
2026/02/25 17:55:18.012, 3, NVIDIA A10G, 0 %, 0 %, 1949 MiB, 23028 MiB
2026/02/25 17:55:19.012, 0, NVIDIA A10G, 23 %, 9 %, 2045 MiB, 23028 MiB
2026/02/25 17:55:19.012, 1, NVIDIA A10G, 20 %, 6 %, 2037 MiB, 23028 MiB
2026/02/25 17:55:19.013, 2, NVIDIA A10G, 0 %, 0 %, 0 MiB, 23028 MiB
2026/02/25 17:55:19.013, 3, NVIDIA A10G, 0 %, 0 %, 1949 MiB, 23028 MiB
2026/02/25 17:55:20.013, 0, NVIDIA A10G, 21 %, 8 %, 2045 MiB, 23028 MiB
2026/02/25 17:55:20.013, 1, NVIDIA A10G, 21 %, 7 %, 2037 MiB, 23028 MiB
2026/02/25 17:55:20.013, 2, NVIDIA A10G, 0 %, 0 %, 0 MiB, 23028 MiB
2026/02/25 17:55:20.013, 3, NVIDIA A10G, 21 %, 7 %, 1949 MiB, 23028 MiB
2026/02/25 17:55:21.013, 0, NVIDIA A10G, 22 %, 9 %, 2045 MiB, 23028 MiB
2026/02/25 17:55:21.013, 1, NVIDIA A10G, 19 %, 6 %, 2037 MiB, 23028 MiB
2026/02/25 17:55:21.013, 2, NVIDIA A10G, 0 %, 0 %, 0 MiB, 23028 MiB
2026/02/25 17:55:21.014, 3, NVIDIA A10G, 20 %, 8 %, 1949 MiB, 23028 MiB
2026/02/25 17:55:22.014, 0, NVIDIA A10G, 21 %, 8 %, 2045 MiB, 23028 MiB
2026/02/25 17:55:22.014, 1, NVIDIA A10G, 21 %, 7 %, 2037 MiB, 23028 MiB
2026/02/25 17:55:22.014, 2, NVIDIA A10G, 0 %, 0 %, 0 MiB, 23028 MiB
2026/02/25 17:55:22.014, 3, NVIDIA A10G, 0 %, 0 %, 1949 MiB, 23028 MiB
2026/02/25 17:55:23.014, 0, NVIDIA A10G, 0 %, 0 %, 2045 MiB, 23028 MiB
2026/02/25 17:55:23.014, 1, NVIDIA A10G, 24 %, 8 %, 2037 MiB, 23028 MiB
2026/02/25 17:55:23.014, 2, NVIDIA A10G, 0 %, 0 %, 0 MiB, 23028 MiB
2026/02/25 17:55:23.014, 3, NVIDIA A10G, 0 %, 0 %, 1949 MiB, 23028 MiB
2026/02/25 17:55:24.014, 0, NVIDIA A10G, 0 %, 0 %, 2045 MiB, 23028 MiB
2026/02/25 17:55:24.015, 1, NVIDIA A10G, 19 %, 6 %, 2037 MiB, 23028 MiB
2026/02/25 17:55:24.015, 2, NVIDIA A10G, 0 %, 0 %, 0 MiB, 23028 MiB
2026/02/25 17:55:24.015, 3, NVIDIA A10G, 0 %, 0 %, 0 MiB, 23028 MiB
2026/02/25 17:55:25.015, 0, NVIDIA A10G, 0 %, 0 %, 2045 MiB, 23028 MiB
2026/02/25 17:55:25.015, 1, NVIDIA A10G, 22 %, 8 %, 2037 MiB, 23028 MiB
2026/02/25 17:55:25.015, 2, NVIDIA A10G, 0 %, 0 %, 0 MiB, 23028 MiB
2026/02/25 17:55:25.015, 3, NVIDIA A10G, 0 %, 0 %, 0 MiB, 23028 MiB
2026/02/25 17:55:26.015, 0, NVIDIA A10G, 0 %, 0 %, 2045 MiB, 23028 MiB
2026/02/25 17:55:26.015, 1, NVIDIA A10G, 23 %, 8 %, 2037 MiB, 23028 MiB
2026/02/25 17:55:26.015, 2, NVIDIA A10G, 0 %, 0 %, 0 MiB, 23028 MiB
2026/02/25 17:55:26.015, 3, NVIDIA A10G, 0 %, 0 %, 0 MiB, 23028 MiB
2026/02/25 17:55:27.016, 0, NVIDIA A10G, 0 %, 0 %, 2045 MiB, 23028 MiB
2026/02/25 17:55:27.016, 1, NVIDIA A10G, 21 %, 7 %, 2037 MiB, 23028 MiB
2026/02/25 17:55:27.016, 2, NVIDIA A10G, 0 %, 0 %, 0 MiB, 23028 MiB
2026/02/25 17:55:27.016, 3, NVIDIA A10G, 0 %, 0 %, 0 MiB, 23028 MiB
2026/02/25 17:55:28.016, 0, NVIDIA A10G, 0 %, 0 %, 2045 MiB, 23028 MiB
2026/02/25 17:55:28.016, 1, NVIDIA A10G, 22 %, 7 %, 2037 MiB, 23028 MiB
2026/02/25 17:55:28.016, 2, NVIDIA A10G, 0 %, 0 %, 0 MiB, 23028 MiB
2026/02/25 17:55:28.016, 3, NVIDIA A10G, 0 %, 0 %, 0 MiB, 23028 MiB
2026/02/25 17:55:29.016, 0, NVIDIA A10G, 0 %, 0 %, 2045 MiB, 23028 MiB
2026/02/25 17:55:29.016, 1, NVIDIA A10G, 21 %, 7 %, 2037 MiB, 23028 MiB
2026/02/25 17:55:29.016, 2, NVIDIA A10G, 0 %, 0 %, 0 MiB, 23028 MiB
2026/02/25 17:55:29.016, 3, NVIDIA A10G, 0 %, 0 %, 0 MiB, 23028 MiB
2026/02/25 17:55:30.017, 0, NVIDIA A10G, 0 %, 0 %, 2045 MiB, 23028 MiB
2026/02/25 17:55:30.017, 1, NVIDIA A10G, 23 %, 7 %, 2037 MiB, 23028 MiB
2026/02/25 17:55:30.017, 2, NVIDIA A10G, 0 %, 0 %, 0 MiB, 23028 MiB
2026/02/25 17:55:30.017, 3, NVIDIA A10G, 0 %, 0 %, 0 MiB, 23028 MiB
2026/02/25 17:55:31.017, 0, NVIDIA A10G, 0 %, 0 %, 2045 MiB, 23028 MiB
2026/02/25 17:55:31.017, 1, NVIDIA A10G, 23 %, 8 %, 2037 MiB, 23028 MiB
2026/02/25 17:55:31.017, 2, NVIDIA A10G, 0 %, 0 %, 0 MiB, 23028 MiB
2026/02/25 17:55:31.017, 3, NVIDIA A10G, 0 %, 0 %, 0 MiB, 23028 MiB
2026/02/25 17:55:32.017, 0, NVIDIA A10G, 0 %, 0 %, 2045 MiB, 23028 MiB
2026/02/25 17:55:32.017, 1, NVIDIA A10G, 23 %, 8 %, 2037 MiB, 23028 MiB
2026/02/25 17:55:32.017, 2, NVIDIA A10G, 0 %, 0 %, 0 MiB, 23028 MiB
2026/02/25 17:55:32.017, 3, NVIDIA A10G, 0 %, 0 %, 0 MiB, 23028 MiB
2026/02/25 17:55:33.017, 0, NVIDIA A10G, 0 %, 0 %, 2045 MiB, 23028 MiB
2026/02/25 17:55:33.017, 1, NVIDIA A10G, 22 %, 7 %, 2037 MiB, 23028 MiB
2026/02/25 17:55:33.018, 2, NVIDIA A10G, 0 %, 0 %, 0 MiB, 23028 MiB
2026/02/25 17:55:33.018, 3, NVIDIA A10G, 0 %, 0 %, 0 MiB, 23028 MiB
2026/02/25 17:55:34.018, 0, NVIDIA A10G, 0 %, 0 %, 2045 MiB, 23028 MiB
2026/02/25 17:55:34.018, 1, NVIDIA A10G, 23 %, 8 %, 2037 MiB, 23028 MiB
2026/02/25 17:55:34.018, 2, NVIDIA A10G, 0 %, 0 %, 0 MiB, 23028 MiB
2026/02/25 17:55:34.018, 3, NVIDIA A10G, 0 %, 0 %, 0 MiB, 23028 MiB
2026/02/25 17:55:35.018, 0, NVIDIA A10G, 0 %, 0 %, 2045 MiB, 23028 MiB
2026/02/25 17:55:35.018, 1, NVIDIA A10G, 14 %, 5 %, 2037 MiB, 23028 MiB
2026/02/25 17:55:35.018, 2, NVIDIA A10G, 0 %, 0 %, 0 MiB, 23028 MiB
2026/02/25 17:55:35.018, 3, NVIDIA A10G, 0 %, 0 %, 0 MiB, 23028 MiB
2026/02/25 17:55:36.018, 0, NVIDIA A10G, 84 %, 55 %, 2045 MiB, 23028 MiB
2026/02/25 17:55:36.018, 1, NVIDIA A10G, 0 %, 0 %, 2037 MiB, 23028 MiB
2026/02/25 17:55:36.018, 2, NVIDIA A10G, 0 %, 0 %, 0 MiB, 23028 MiB
2026/02/25 17:55:36.018, 3, NVIDIA A10G, 0 %, 0 %, 0 MiB, 23028 MiB
2026/02/25 17:55:37.019, 0, NVIDIA A10G, 23 %, 9 %, 2045 MiB, 23028 MiB
2026/02/25 17:55:37.019, 1, NVIDIA A10G, 0 %, 0 %, 2037 MiB, 23028 MiB
2026/02/25 17:55:37.019, 2, NVIDIA A10G, 0 %, 0 %, 0 MiB, 23028 MiB
2026/02/25 17:55:37.019, 3, NVIDIA A10G, 0 %, 0 %, 0 MiB, 23028 MiB
2026/02/25 17:55:38.019, 0, NVIDIA A10G, 24 %, 9 %, 2045 MiB, 23028 MiB
2026/02/25 17:55:38.019, 1, NVIDIA A10G, 0 %, 0 %, 0 MiB, 23028 MiB
2026/02/25 17:55:38.019, 2, NVIDIA A10G, 0 %, 0 %, 0 MiB, 23028 MiB
2026/02/25 17:55:38.019, 3, NVIDIA A10G, 0 %, 0 %, 0 MiB, 23028 MiB
2026/02/25 17:55:39.019, 0, NVIDIA A10G, 24 %, 9 %, 2045 MiB, 23028 MiB
2026/02/25 17:55:39.019, 1, NVIDIA A10G, 0 %, 0 %, 0 MiB, 23028 MiB
2026/02/25 17:55:39.019, 2, NVIDIA A10G, 0 %, 0 %, 0 MiB, 23028 MiB
2026/02/25 17:55:39.020, 3, NVIDIA A10G, 0 %, 0 %, 0 MiB, 23028 MiB
2026/02/25 17:55:40.020, 0, NVIDIA A10G, 24 %, 9 %, 2045 MiB, 23028 MiB
2026/02/25 17:55:40.020, 1, NVIDIA A10G, 0 %, 0 %, 0 MiB, 23028 MiB
2026/02/25 17:55:40.020, 2, NVIDIA A10G, 0 %, 0 %, 0 MiB, 23028 MiB
2026/02/25 17:55:40.020, 3, NVIDIA A10G, 0 %, 0 %, 0 MiB, 23028 MiB
2026/02/25 17:55:41.020, 0, NVIDIA A10G, 24 %, 9 %, 2045 MiB, 23028 MiB
2026/02/25 17:55:41.020, 1, NVIDIA A10G, 0 %, 0 %, 0 MiB, 23028 MiB
2026/02/25 17:55:41.020, 2, NVIDIA A10G, 0 %, 0 %, 0 MiB, 23028 MiB
2026/02/25 17:55:41.020, 3, NVIDIA A10G, 0 %, 0 %, 0 MiB, 23028 MiB
2026/02/25 17:55:42.020, 0, NVIDIA A10G, 22 %, 8 %, 2045 MiB, 23028 MiB
2026/02/25 17:55:42.020, 1, NVIDIA A10G, 0 %, 0 %, 0 MiB, 23028 MiB
2026/02/25 17:55:42.020, 2, NVIDIA A10G, 0 %, 0 %, 0 MiB, 23028 MiB
2026/02/25 17:55:42.020, 3, NVIDIA A10G, 0 %, 0 %, 0 MiB, 23028 MiB
2026/02/25 17:55:43.021, 0, NVIDIA A10G, 24 %, 9 %, 2045 MiB, 23028 MiB
2026/02/25 17:55:43.021, 1, NVIDIA A10G, 0 %, 0 %, 0 MiB, 23028 MiB
2026/02/25 17:55:43.021, 2, NVIDIA A10G, 0 %, 0 %, 0 MiB, 23028 MiB
2026/02/25 17:55:43.021, 3, NVIDIA A10G, 0 %, 0 %, 0 MiB, 23028 MiB
2026/02/25 17:55:44.021, 0, NVIDIA A10G, 24 %, 9 %, 2045 MiB, 23028 MiB
2026/02/25 17:55:44.021, 1, NVIDIA A10G, 0 %, 0 %, 0 MiB, 23028 MiB
2026/02/25 17:55:44.021, 2, NVIDIA A10G, 0 %, 0 %, 0 MiB, 23028 MiB
2026/02/25 17:55:44.022, 3, NVIDIA A10G, 0 %, 0 %, 0 MiB, 23028 MiB
2026/02/25 17:55:45.022, 0, NVIDIA A10G, 24 %, 9 %, 2045 MiB, 23028 MiB
2026/02/25 17:55:45.022, 1, NVIDIA A10G, 0 %, 0 %, 0 MiB, 23028 MiB
2026/02/25 17:55:45.022, 2, NVIDIA A10G, 0 %, 0 %, 0 MiB, 23028 MiB
2026/02/25 17:55:45.022, 3, NVIDIA A10G, 0 %, 0 %, 0 MiB, 23028 MiB
2026/02/25 17:55:46.022, 0, NVIDIA A10G, 24 %, 9 %, 2045 MiB, 23028 MiB
2026/02/25 17:55:46.022, 1, NVIDIA A10G, 0 %, 0 %, 0 MiB, 23028 MiB
2026/02/25 17:55:46.022, 2, NVIDIA A10G, 0 %, 0 %, 0 MiB, 23028 MiB
2026/02/25 17:55:46.022, 3, NVIDIA A10G, 0 %, 0 %, 0 MiB, 23028 MiB
2026/02/25 17:55:47.023, 0, NVIDIA A10G, 22 %, 8 %, 2045 MiB, 23028 MiB
2026/02/25 17:55:47.023, 1, NVIDIA A10G, 0 %, 0 %, 0 MiB, 23028 MiB
2026/02/25 17:55:47.023, 2, NVIDIA A10G, 0 %, 0 %, 0 MiB, 23028 MiB
2026/02/25 17:55:47.023, 3, NVIDIA A10G, 0 %, 0 %, 0 MiB, 23028 MiB
2026/02/25 17:55:48.023, 0, NVIDIA A10G, 24 %, 9 %, 2045 MiB, 23028 MiB
2026/02/25 17:55:48.023, 1, NVIDIA A10G, 0 %, 0 %, 0 MiB, 23028 MiB
2026/02/25 17:55:48.023, 2, NVIDIA A10G, 0 %, 0 %, 0 MiB, 23028 MiB
2026/02/25 17:55:48.023, 3, NVIDIA A10G, 0 %, 0 %, 0 MiB, 23028 MiB
2026/02/25 17:55:49.023, 0, NVIDIA A10G, 24 %, 9 %, 2045 MiB, 23028 MiB
2026/02/25 17:55:49.023, 1, NVIDIA A10G, 0 %, 0 %, 0 MiB, 23028 MiB
2026/02/25 17:55:49.023, 2, NVIDIA A10G, 0 %, 0 %, 0 MiB, 23028 MiB
2026/02/25 17:55:49.023, 3, NVIDIA A10G, 0 %, 0 %, 0 MiB, 23028 MiB
2026/02/25 17:55:50.023, 0, NVIDIA A10G, 0 %, 0 %, 2045 MiB, 23028 MiB
2026/02/25 17:55:50.024, 1, NVIDIA A10G, 0 %, 0 %, 0 MiB, 23028 MiB
2026/02/25 17:55:50.024, 2, NVIDIA A10G, 0 %, 0 %, 0 MiB, 23028 MiB
2026/02/25 17:55:50.024, 3, NVIDIA A10G, 0 %, 0 %, 0 MiB, 23028 MiB
2026/02/25 17:55:51.024, 0, NVIDIA A10G, 0 %, 0 %, 2045 MiB, 23028 MiB
2026/02/25 17:55:51.024, 1, NVIDIA A10G, 0 %, 0 %, 0 MiB, 23028 MiB
2026/02/25 17:55:51.024, 2, NVIDIA A10G, 0 %, 0 %, 0 MiB, 23028 MiB
2026/02/25 17:55:51.024, 3, NVIDIA A10G, 0 %, 0 %, 0 MiB, 23028 MiB
