timestamp, index, name, utilization.gpu [%], utilization.memory [%], memory.used [MiB], memory.total [MiB]
2026/02/25 16:48:57.533, 0, NVIDIA A10G, 0 %, 0 %, 0 MiB, 23028 MiB
2026/02/25 16:48:57.535, 1, NVIDIA A10G, 2 %, 0 %, 0 MiB, 23028 MiB
2026/02/25 16:48:57.540, 2, NVIDIA A10G, 2 %, 0 %, 0 MiB, 23028 MiB
2026/02/25 16:48:57.543, 3, NVIDIA A10G, 0 %, 0 %, 0 MiB, 23028 MiB
2026/02/25 16:48:58.546, 0, NVIDIA A10G, 0 %, 0 %, 3 MiB, 23028 MiB
2026/02/25 16:48:58.547, 1, NVIDIA A10G, 0 %, 0 %, 3 MiB, 23028 MiB
2026/02/25 16:48:58.547, 2, NVIDIA A10G, 0 %, 0 %, 0 MiB, 23028 MiB
2026/02/25 16:48:58.547, 3, NVIDIA A10G, 0 %, 0 %, 0 MiB, 23028 MiB
2026/02/25 16:48:59.547, 0, NVIDIA A10G, 0 %, 0 %, 3 MiB, 23028 MiB
2026/02/25 16:48:59.547, 1, NVIDIA A10G, 0 %, 0 %, 3 MiB, 23028 MiB
2026/02/25 16:48:59.547, 2, NVIDIA A10G, 0 %, 0 %, 0 MiB, 23028 MiB
2026/02/25 16:48:59.547, 3, NVIDIA A10G, 0 %, 0 %, 0 MiB, 23028 MiB
2026/02/25 16:49:00.547, 0, NVIDIA A10G, 0 %, 0 %, 3 MiB, 23028 MiB
2026/02/25 16:49:00.547, 1, NVIDIA A10G, 0 %, 0 %, 3 MiB, 23028 MiB
2026/02/25 16:49:00.547, 2, NVIDIA A10G, 0 %, 0 %, 0 MiB, 23028 MiB
2026/02/25 16:49:00.548, 3, NVIDIA A10G, 0 %, 0 %, 0 MiB, 23028 MiB
2026/02/25 16:49:01.548, 0, NVIDIA A10G, 0 %, 0 %, 3 MiB, 23028 MiB
2026/02/25 16:49:01.548, 1, NVIDIA A10G, 0 %, 0 %, 3 MiB, 23028 MiB
2026/02/25 16:49:01.548, 2, NVIDIA A10G, 0 %, 0 %, 0 MiB, 23028 MiB
2026/02/25 16:49:01.548, 3, NVIDIA A10G, 0 %, 0 %, 0 MiB, 23028 MiB
2026/02/25 16:49:02.548, 0, NVIDIA A10G, 0 %, 0 %, 3 MiB, 23028 MiB
2026/02/25 16:49:02.548, 1, NVIDIA A10G, 0 %, 0 %, 3 MiB, 23028 MiB
2026/02/25 16:49:02.548, 2, NVIDIA A10G, 0 %, 0 %, 0 MiB, 23028 MiB
2026/02/25 16:49:02.548, 3, NVIDIA A10G, 0 %, 0 %, 0 MiB, 23028 MiB
2026/02/25 16:49:03.548, 0, NVIDIA A10G, 0 %, 0 %, 3 MiB, 23028 MiB
2026/02/25 16:49:03.549, 1, NVIDIA A10G, 0 %, 0 %, 3 MiB, 23028 MiB
2026/02/25 16:49:03.549, 2, NVIDIA A10G, 0 %, 0 %, 0 MiB, 23028 MiB
2026/02/25 16:49:03.549, 3, NVIDIA A10G, 0 %, 0 %, 0 MiB, 23028 MiB
2026/02/25 16:49:04.549, 0, NVIDIA A10G, 0 %, 0 %, 3 MiB, 23028 MiB
2026/02/25 16:49:04.549, 1, NVIDIA A10G, 0 %, 0 %, 3 MiB, 23028 MiB
2026/02/25 16:49:04.549, 2, NVIDIA A10G, 0 %, 0 %, 0 MiB, 23028 MiB
2026/02/25 16:49:04.549, 3, NVIDIA A10G, 0 %, 0 %, 0 MiB, 23028 MiB
2026/02/25 16:49:05.549, 0, NVIDIA A10G, 0 %, 0 %, 3 MiB, 23028 MiB
2026/02/25 16:49:05.549, 1, NVIDIA A10G, 0 %, 0 %, 3 MiB, 23028 MiB
2026/02/25 16:49:05.549, 2, NVIDIA A10G, 0 %, 0 %, 0 MiB, 23028 MiB
2026/02/25 16:49:05.549, 3, NVIDIA A10G, 0 %, 0 %, 0 MiB, 23028 MiB
2026/02/25 16:49:06.549, 0, NVIDIA A10G, 0 %, 0 %, 3 MiB, 23028 MiB
2026/02/25 16:49:06.549, 1, NVIDIA A10G, 0 %, 0 %, 3 MiB, 23028 MiB
2026/02/25 16:49:06.550, 2, NVIDIA A10G, 0 %, 0 %, 0 MiB, 23028 MiB
2026/02/25 16:49:06.550, 3, NVIDIA A10G, 0 %, 0 %, 0 MiB, 23028 MiB
2026/02/25 16:49:07.550, 0, NVIDIA A10G, 0 %, 0 %, 3 MiB, 23028 MiB
2026/02/25 16:49:07.550, 1, NVIDIA A10G, 0 %, 0 %, 3 MiB, 23028 MiB
2026/02/25 16:49:07.550, 2, NVIDIA A10G, 0 %, 0 %, 0 MiB, 23028 MiB
2026/02/25 16:49:07.550, 3, NVIDIA A10G, 0 %, 0 %, 0 MiB, 23028 MiB
2026/02/25 16:49:08.550, 0, NVIDIA A10G, 0 %, 0 %, 3 MiB, 23028 MiB
2026/02/25 16:49:08.550, 1, NVIDIA A10G, 0 %, 0 %, 3 MiB, 23028 MiB
2026/02/25 16:49:08.550, 2, NVIDIA A10G, 0 %, 0 %, 0 MiB, 23028 MiB
2026/02/25 16:49:08.550, 3, NVIDIA A10G, 0 %, 0 %, 0 MiB, 23028 MiB
2026/02/25 16:49:09.550, 0, NVIDIA A10G, 0 %, 0 %, 3 MiB, 23028 MiB
2026/02/25 16:49:09.550, 1, NVIDIA A10G, 0 %, 0 %, 3 MiB, 23028 MiB
2026/02/25 16:49:09.550, 2, NVIDIA A10G, 0 %, 0 %, 0 MiB, 23028 MiB
2026/02/25 16:49:09.551, 3, NVIDIA A10G, 0 %, 0 %, 0 MiB, 23028 MiB
2026/02/25 16:49:10.551, 0, NVIDIA A10G, 0 %, 0 %, 3 MiB, 23028 MiB
2026/02/25 16:49:10.551, 1, NVIDIA A10G, 0 %, 0 %, 3 MiB, 23028 MiB
2026/02/25 16:49:10.551, 2, NVIDIA A10G, 0 %, 0 %, 0 MiB, 23028 MiB
2026/02/25 16:49:10.551, 3, NVIDIA A10G, 0 %, 0 %, 0 MiB, 23028 MiB
2026/02/25 16:49:11.551, 0, NVIDIA A10G, 0 %, 0 %, 3 MiB, 23028 MiB
2026/02/25 16:49:11.551, 1, NVIDIA A10G, 0 %, 0 %, 3 MiB, 23028 MiB
2026/02/25 16:49:11.551, 2, NVIDIA A10G, 0 %, 0 %, 0 MiB, 23028 MiB
2026/02/25 16:49:11.551, 3, NVIDIA A10G, 0 %, 0 %, 0 MiB, 23028 MiB
2026/02/25 16:49:12.551, 0, NVIDIA A10G, 0 %, 0 %, 399 MiB, 23028 MiB
2026/02/25 16:49:12.551, 1, NVIDIA A10G, 3 %, 0 %, 399 MiB, 23028 MiB
2026/02/25 16:49:12.552, 2, NVIDIA A10G, 0 %, 0 %, 0 MiB, 23028 MiB
2026/02/25 16:49:12.552, 3, NVIDIA A10G, 0 %, 0 %, 0 MiB, 23028 MiB
2026/02/25 16:49:13.552, 0, NVIDIA A10G, 0 %, 0 %, 399 MiB, 23028 MiB
2026/02/25 16:49:13.552, 1, NVIDIA A10G, 0 %, 0 %, 399 MiB, 23028 MiB
2026/02/25 16:49:13.552, 2, NVIDIA A10G, 0 %, 0 %, 0 MiB, 23028 MiB
2026/02/25 16:49:13.552, 3, NVIDIA A10G, 0 %, 0 %, 0 MiB, 23028 MiB
2026/02/25 16:49:14.552, 0, NVIDIA A10G, 0 %, 0 %, 503 MiB, 23028 MiB
2026/02/25 16:49:14.552, 1, NVIDIA A10G, 0 %, 0 %, 503 MiB, 23028 MiB
2026/02/25 16:49:14.552, 2, NVIDIA A10G, 0 %, 0 %, 0 MiB, 23028 MiB
2026/02/25 16:49:14.552, 3, NVIDIA A10G, 0 %, 0 %, 0 MiB, 23028 MiB
2026/02/25 16:49:15.552, 0, NVIDIA A10G, 0 %, 0 %, 503 MiB, 23028 MiB
2026/02/25 16:49:15.552, 1, NVIDIA A10G, 0 %, 0 %, 503 MiB, 23028 MiB
2026/02/25 16:49:15.553, 2, NVIDIA A10G, 0 %, 0 %, 0 MiB, 23028 MiB
2026/02/25 16:49:15.553, 3, NVIDIA A10G, 0 %, 0 %, 0 MiB, 23028 MiB
2026/02/25 16:49:16.553, 0, NVIDIA A10G, 0 %, 0 %, 503 MiB, 23028 MiB
2026/02/25 16:49:16.553, 1, NVIDIA A10G, 0 %, 0 %, 503 MiB, 23028 MiB
2026/02/25 16:49:16.553, 2, NVIDIA A10G, 0 %, 0 %, 0 MiB, 23028 MiB
2026/02/25 16:49:16.553, 3, NVIDIA A10G, 0 %, 0 %, 0 MiB, 23028 MiB
2026/02/25 16:49:17.553, 0, NVIDIA A10G, 0 %, 0 %, 503 MiB, 23028 MiB
2026/02/25 16:49:17.553, 1, NVIDIA A10G, 0 %, 0 %, 503 MiB, 23028 MiB
2026/02/25 16:49:17.553, 2, NVIDIA A10G, 0 %, 0 %, 0 MiB, 23028 MiB
2026/02/25 16:49:17.553, 3, NVIDIA A10G, 0 %, 0 %, 0 MiB, 23028 MiB
2026/02/25 16:49:18.553, 0, NVIDIA A10G, 0 %, 0 %, 503 MiB, 23028 MiB
2026/02/25 16:49:18.553, 1, NVIDIA A10G, 0 %, 0 %, 503 MiB, 23028 MiB
2026/02/25 16:49:18.553, 2, NVIDIA A10G, 0 %, 0 %, 0 MiB, 23028 MiB
2026/02/25 16:49:18.553, 3, NVIDIA A10G, 0 %, 0 %, 0 MiB, 23028 MiB
2026/02/25 16:49:19.553, 0, NVIDIA A10G, 0 %, 0 %, 503 MiB, 23028 MiB
2026/02/25 16:49:19.553, 1, NVIDIA A10G, 0 %, 0 %, 503 MiB, 23028 MiB
2026/02/25 16:49:19.554, 2, NVIDIA A10G, 0 %, 0 %, 0 MiB, 23028 MiB
2026/02/25 16:49:19.554, 3, NVIDIA A10G, 0 %, 0 %, 0 MiB, 23028 MiB
2026/02/25 16:49:20.554, 0, NVIDIA A10G, 0 %, 0 %, 1247 MiB, 23028 MiB
2026/02/25 16:49:20.554, 1, NVIDIA A10G, 0 %, 0 %, 503 MiB, 23028 MiB
2026/02/25 16:49:20.554, 2, NVIDIA A10G, 0 %, 0 %, 0 MiB, 23028 MiB
2026/02/25 16:49:20.554, 3, NVIDIA A10G, 0 %, 0 %, 0 MiB, 23028 MiB
2026/02/25 16:49:21.554, 0, NVIDIA A10G, 0 %, 0 %, 1247 MiB, 23028 MiB
2026/02/25 16:49:21.554, 1, NVIDIA A10G, 23 %, 1 %, 1453 MiB, 23028 MiB
2026/02/25 16:49:21.554, 2, NVIDIA A10G, 0 %, 0 %, 0 MiB, 23028 MiB
2026/02/25 16:49:21.554, 3, NVIDIA A10G, 0 %, 0 %, 0 MiB, 23028 MiB
2026/02/25 16:49:22.554, 0, NVIDIA A10G, 0 %, 0 %, 1247 MiB, 23028 MiB
2026/02/25 16:49:22.554, 1, NVIDIA A10G, 0 %, 0 %, 1455 MiB, 23028 MiB
2026/02/25 16:49:22.554, 2, NVIDIA A10G, 0 %, 0 %, 0 MiB, 23028 MiB
2026/02/25 16:49:22.554, 3, NVIDIA A10G, 0 %, 0 %, 0 MiB, 23028 MiB
2026/02/25 16:49:23.554, 0, NVIDIA A10G, 0 %, 0 %, 1247 MiB, 23028 MiB
2026/02/25 16:49:23.555, 1, NVIDIA A10G, 0 %, 0 %, 1455 MiB, 23028 MiB
2026/02/25 16:49:23.555, 2, NVIDIA A10G, 0 %, 0 %, 0 MiB, 23028 MiB
2026/02/25 16:49:23.555, 3, NVIDIA A10G, 0 %, 0 %, 0 MiB, 23028 MiB
2026/02/25 16:49:24.555, 0, NVIDIA A10G, 0 %, 0 %, 1247 MiB, 23028 MiB
2026/02/25 16:49:24.555, 1, NVIDIA A10G, 0 %, 0 %, 1455 MiB, 23028 MiB
2026/02/25 16:49:24.555, 2, NVIDIA A10G, 0 %, 0 %, 0 MiB, 23028 MiB
2026/02/25 16:49:24.555, 3, NVIDIA A10G, 0 %, 0 %, 0 MiB, 23028 MiB
2026/02/25 16:49:25.555, 0, NVIDIA A10G, 0 %, 0 %, 1247 MiB, 23028 MiB
2026/02/25 16:49:25.555, 1, NVIDIA A10G, 0 %, 0 %, 1455 MiB, 23028 MiB
2026/02/25 16:49:25.555, 2, NVIDIA A10G, 0 %, 0 %, 0 MiB, 23028 MiB
2026/02/25 16:49:25.555, 3, NVIDIA A10G, 0 %, 0 %, 0 MiB, 23028 MiB
2026/02/25 16:49:26.555, 0, NVIDIA A10G, 0 %, 0 %, 1247 MiB, 23028 MiB
2026/02/25 16:49:26.555, 1, NVIDIA A10G, 0 %, 0 %, 1455 MiB, 23028 MiB
2026/02/25 16:49:26.556, 2, NVIDIA A10G, 0 %, 0 %, 0 MiB, 23028 MiB
2026/02/25 16:49:26.556, 3, NVIDIA A10G, 0 %, 0 %, 0 MiB, 23028 MiB
2026/02/25 16:49:27.556, 0, NVIDIA A10G, 19 %, 6 %, 1247 MiB, 23028 MiB
2026/02/25 16:49:27.556, 1, NVIDIA A10G, 0 %, 0 %, 1455 MiB, 23028 MiB
2026/02/25 16:49:27.556, 2, NVIDIA A10G, 0 %, 0 %, 0 MiB, 23028 MiB
2026/02/25 16:49:27.556, 3, NVIDIA A10G, 0 %, 0 %, 0 MiB, 23028 MiB
2026/02/25 16:49:28.556, 0, NVIDIA A10G, 20 %, 6 %, 1247 MiB, 23028 MiB
2026/02/25 16:49:28.556, 1, NVIDIA A10G, 0 %, 0 %, 1455 MiB, 23028 MiB
2026/02/25 16:49:28.556, 2, NVIDIA A10G, 0 %, 0 %, 0 MiB, 23028 MiB
2026/02/25 16:49:28.556, 3, NVIDIA A10G, 0 %, 0 %, 0 MiB, 23028 MiB
2026/02/25 16:49:29.556, 0, NVIDIA A10G, 20 %, 6 %, 1247 MiB, 23028 MiB
2026/02/25 16:49:29.557, 1, NVIDIA A10G, 20 %, 6 %, 1455 MiB, 23028 MiB
2026/02/25 16:49:29.557, 2, NVIDIA A10G, 0 %, 0 %, 0 MiB, 23028 MiB
2026/02/25 16:49:29.557, 3, NVIDIA A10G, 0 %, 0 %, 0 MiB, 23028 MiB
2026/02/25 16:49:30.557, 0, NVIDIA A10G, 19 %, 6 %, 1247 MiB, 23028 MiB
2026/02/25 16:49:30.557, 1, NVIDIA A10G, 21 %, 7 %, 1455 MiB, 23028 MiB
2026/02/25 16:49:30.557, 2, NVIDIA A10G, 0 %, 0 %, 0 MiB, 23028 MiB
2026/02/25 16:49:30.557, 3, NVIDIA A10G, 0 %, 0 %, 0 MiB, 23028 MiB
2026/02/25 16:49:31.557, 0, NVIDIA A10G, 20 %, 7 %, 1247 MiB, 23028 MiB
2026/02/25 16:49:31.557, 1, NVIDIA A10G, 20 %, 7 %, 1455 MiB, 23028 MiB
2026/02/25 16:49:31.557, 2, NVIDIA A10G, 0 %, 0 %, 0 MiB, 23028 MiB
2026/02/25 16:49:31.557, 3, NVIDIA A10G, 0 %, 0 %, 0 MiB, 23028 MiB
2026/02/25 16:49:32.558, 0, NVIDIA A10G, 20 %, 7 %, 1247 MiB, 23028 MiB
2026/02/25 16:49:32.558, 1, NVIDIA A10G, 22 %, 7 %, 1455 MiB, 23028 MiB
2026/02/25 16:49:32.558, 2, NVIDIA A10G, 0 %, 0 %, 0 MiB, 23028 MiB
2026/02/25 16:49:32.558, 3, NVIDIA A10G, 0 %, 0 %, 0 MiB, 23028 MiB
2026/02/25 16:49:33.558, 0, NVIDIA A10G, 0 %, 0 %, 1247 MiB, 23028 MiB
2026/02/25 16:49:33.558, 1, NVIDIA A10G, 20 %, 6 %, 1455 MiB, 23028 MiB
2026/02/25 16:49:33.558, 2, NVIDIA A10G, 0 %, 0 %, 0 MiB, 23028 MiB
2026/02/25 16:49:33.558, 3, NVIDIA A10G, 0 %, 0 %, 0 MiB, 23028 MiB
2026/02/25 16:49:34.558, 0, NVIDIA A10G, 0 %, 0 %, 1247 MiB, 23028 MiB
2026/02/25 16:49:34.558, 1, NVIDIA A10G, 21 %, 7 %, 1455 MiB, 23028 MiB
2026/02/25 16:49:34.559, 2, NVIDIA A10G, 0 %, 0 %, 0 MiB, 23028 MiB
2026/02/25 16:49:34.559, 3, NVIDIA A10G, 0 %, 0 %, 0 MiB, 23028 MiB
2026/02/25 16:49:35.559, 0, NVIDIA A10G, 0 %, 0 %, 1247 MiB, 23028 MiB
2026/02/25 16:49:35.559, 1, NVIDIA A10G, 23 %, 8 %, 1455 MiB, 23028 MiB
2026/02/25 16:49:35.559, 2, NVIDIA A10G, 0 %, 0 %, 0 MiB, 23028 MiB
2026/02/25 16:49:35.559, 3, NVIDIA A10G, 0 %, 0 %, 0 MiB, 23028 MiB
2026/02/25 16:49:36.559, 0, NVIDIA A10G, 0 %, 0 %, 1247 MiB, 23028 MiB
2026/02/25 16:49:36.559, 1, NVIDIA A10G, 24 %, 9 %, 1455 MiB, 23028 MiB
2026/02/25 16:49:36.559, 2, NVIDIA A10G, 0 %, 0 %, 0 MiB, 23028 MiB
2026/02/25 16:49:36.559, 3, NVIDIA A10G, 0 %, 0 %, 0 MiB, 23028 MiB
2026/02/25 16:49:37.560, 0, NVIDIA A10G, 0 %, 0 %, 1247 MiB, 23028 MiB
2026/02/25 16:49:37.560, 1, NVIDIA A10G, 0 %, 0 %, 1455 MiB, 23028 MiB
2026/02/25 16:49:37.560, 2, NVIDIA A10G, 0 %, 0 %, 0 MiB, 23028 MiB
2026/02/25 16:49:37.560, 3, NVIDIA A10G, 0 %, 0 %, 0 MiB, 23028 MiB
2026/02/25 16:49:38.560, 0, NVIDIA A10G, 0 %, 0 %, 1247 MiB, 23028 MiB
2026/02/25 16:49:38.560, 1, NVIDIA A10G, 0 %, 0 %, 1455 MiB, 23028 MiB
2026/02/25 16:49:38.560, 2, NVIDIA A10G, 0 %, 0 %, 0 MiB, 23028 MiB
2026/02/25 16:49:38.560, 3, NVIDIA A10G, 0 %, 0 %, 0 MiB, 23028 MiB
2026/02/25 16:49:39.560, 0, NVIDIA A10G, 0 %, 0 %, 1247 MiB, 23028 MiB
2026/02/25 16:49:39.560, 1, NVIDIA A10G, 0 %, 0 %, 1455 MiB, 23028 MiB
2026/02/25 16:49:39.560, 2, NVIDIA A10G, 0 %, 0 %, 0 MiB, 23028 MiB
2026/02/25 16:49:39.560, 3, NVIDIA A10G, 0 %, 0 %, 0 MiB, 23028 MiB
2026/02/25 16:49:40.561, 0, NVIDIA A10G, 0 %, 0 %, 1247 MiB, 23028 MiB
2026/02/25 16:49:40.561, 1, NVIDIA A10G, 0 %, 0 %, 1455 MiB, 23028 MiB
2026/02/25 16:49:40.561, 2, NVIDIA A10G, 0 %, 0 %, 0 MiB, 23028 MiB
2026/02/25 16:49:40.561, 3, NVIDIA A10G, 0 %, 0 %, 0 MiB, 23028 MiB
2026/02/25 16:49:41.561, 0, NVIDIA A10G, 0 %, 0 %, 1775 MiB, 23028 MiB
2026/02/25 16:49:41.561, 1, NVIDIA A10G, 0 %, 0 %, 1455 MiB, 23028 MiB
2026/02/25 16:49:41.561, 2, NVIDIA A10G, 0 %, 0 %, 0 MiB, 23028 MiB
2026/02/25 16:49:41.561, 3, NVIDIA A10G, 0 %, 0 %, 0 MiB, 23028 MiB
2026/02/25 16:49:42.562, 0, NVIDIA A10G, 23 %, 8 %, 1775 MiB, 23028 MiB
2026/02/25 16:49:42.562, 1, NVIDIA A10G, 0 %, 0 %, 1455 MiB, 23028 MiB
2026/02/25 16:49:42.562, 2, NVIDIA A10G, 0 %, 0 %, 0 MiB, 23028 MiB
2026/02/25 16:49:42.562, 3, NVIDIA A10G, 0 %, 0 %, 0 MiB, 23028 MiB
2026/02/25 16:49:43.562, 0, NVIDIA A10G, 21 %, 8 %, 1775 MiB, 23028 MiB
2026/02/25 16:49:43.562, 1, NVIDIA A10G, 21 %, 7 %, 2025 MiB, 23028 MiB
2026/02/25 16:49:43.562, 2, NVIDIA A10G, 0 %, 0 %, 0 MiB, 23028 MiB
2026/02/25 16:49:43.562, 3, NVIDIA A10G, 0 %, 0 %, 0 MiB, 23028 MiB
2026/02/25 16:49:44.562, 0, NVIDIA A10G, 21 %, 6 %, 1775 MiB, 23028 MiB
2026/02/25 16:49:44.562, 1, NVIDIA A10G, 21 %, 7 %, 2025 MiB, 23028 MiB
2026/02/25 16:49:44.563, 2, NVIDIA A10G, 0 %, 0 %, 0 MiB, 23028 MiB
2026/02/25 16:49:44.563, 3, NVIDIA A10G, 0 %, 0 %, 0 MiB, 23028 MiB
2026/02/25 16:49:45.563, 0, NVIDIA A10G, 23 %, 8 %, 1775 MiB, 23028 MiB
2026/02/25 16:49:45.563, 1, NVIDIA A10G, 21 %, 7 %, 2025 MiB, 23028 MiB
2026/02/25 16:49:45.563, 2, NVIDIA A10G, 0 %, 0 %, 0 MiB, 23028 MiB
2026/02/25 16:49:45.563, 3, NVIDIA A10G, 0 %, 0 %, 0 MiB, 23028 MiB
2026/02/25 16:49:46.563, 0, NVIDIA A10G, 21 %, 7 %, 1775 MiB, 23028 MiB
2026/02/25 16:49:46.563, 1, NVIDIA A10G, 22 %, 8 %, 2025 MiB, 23028 MiB
2026/02/25 16:49:46.563, 2, NVIDIA A10G, 0 %, 0 %, 0 MiB, 23028 MiB
2026/02/25 16:49:46.563, 3, NVIDIA A10G, 0 %, 0 %, 0 MiB, 23028 MiB
2026/02/25 16:49:47.563, 0, NVIDIA A10G, 21 %, 7 %, 1775 MiB, 23028 MiB
2026/02/25 16:49:47.563, 1, NVIDIA A10G, 19 %, 6 %, 2025 MiB, 23028 MiB
2026/02/25 16:49:47.563, 2, NVIDIA A10G, 0 %, 0 %, 0 MiB, 23028 MiB
2026/02/25 16:49:47.564, 3, NVIDIA A10G, 0 %, 0 %, 0 MiB, 23028 MiB
2026/02/25 16:49:48.564, 0, NVIDIA A10G, 21 %, 7 %, 1777 MiB, 23028 MiB
2026/02/25 16:49:48.564, 1, NVIDIA A10G, 21 %, 7 %, 2025 MiB, 23028 MiB
2026/02/25 16:49:48.564, 2, NVIDIA A10G, 0 %, 0 %, 0 MiB, 23028 MiB
2026/02/25 16:49:48.564, 3, NVIDIA A10G, 0 %, 0 %, 0 MiB, 23028 MiB
2026/02/25 16:49:49.564, 0, NVIDIA A10G, 14 %, 4 %, 1777 MiB, 23028 MiB
2026/02/25 16:49:49.564, 1, NVIDIA A10G, 21 %, 7 %, 2025 MiB, 23028 MiB
2026/02/25 16:49:49.564, 2, NVIDIA A10G, 0 %, 0 %, 0 MiB, 23028 MiB
2026/02/25 16:49:49.564, 3, NVIDIA A10G, 0 %, 0 %, 0 MiB, 23028 MiB
2026/02/25 16:49:50.564, 0, NVIDIA A10G, 0 %, 0 %, 1777 MiB, 23028 MiB
2026/02/25 16:49:50.564, 1, NVIDIA A10G, 0 %, 0 %, 2025 MiB, 23028 MiB
2026/02/25 16:49:50.564, 2, NVIDIA A10G, 0 %, 0 %, 0 MiB, 23028 MiB
2026/02/25 16:49:50.564, 3, NVIDIA A10G, 0 %, 0 %, 0 MiB, 23028 MiB
2026/02/25 16:49:51.564, 0, NVIDIA A10G, 0 %, 0 %, 1777 MiB, 23028 MiB
2026/02/25 16:49:51.565, 1, NVIDIA A10G, 0 %, 0 %, 2025 MiB, 23028 MiB
2026/02/25 16:49:51.565, 2, NVIDIA A10G, 0 %, 0 %, 0 MiB, 23028 MiB
2026/02/25 16:49:51.565, 3, NVIDIA A10G, 0 %, 0 %, 0 MiB, 23028 MiB
2026/02/25 16:49:52.565, 0, NVIDIA A10G, 0 %, 0 %, 1777 MiB, 23028 MiB
2026/02/25 16:49:52.565, 1, NVIDIA A10G, 0 %, 0 %, 2025 MiB, 23028 MiB
2026/02/25 16:49:52.565, 2, NVIDIA A10G, 0 %, 0 %, 0 MiB, 23028 MiB
2026/02/25 16:49:52.565, 3, NVIDIA A10G, 0 %, 0 %, 0 MiB, 23028 MiB
2026/02/25 16:49:53.565, 0, NVIDIA A10G, 0 %, 0 %, 1777 MiB, 23028 MiB
2026/02/25 16:49:53.565, 1, NVIDIA A10G, 0 %, 0 %, 2025 MiB, 23028 MiB
2026/02/25 16:49:53.565, 2, NVIDIA A10G, 0 %, 0 %, 0 MiB, 23028 MiB
2026/02/25 16:49:53.565, 3, NVIDIA A10G, 0 %, 0 %, 0 MiB, 23028 MiB
2026/02/25 16:49:54.565, 0, NVIDIA A10G, 0 %, 0 %, 1777 MiB, 23028 MiB
2026/02/25 16:49:54.565, 1, NVIDIA A10G, 0 %, 0 %, 2025 MiB, 23028 MiB
2026/02/25 16:49:54.565, 2, NVIDIA A10G, 0 %, 0 %, 0 MiB, 23028 MiB
2026/02/25 16:49:54.565, 3, NVIDIA A10G, 0 %, 0 %, 0 MiB, 23028 MiB
2026/02/25 16:49:55.565, 0, NVIDIA A10G, 0 %, 0 %, 1777 MiB, 23028 MiB
2026/02/25 16:49:55.566, 1, NVIDIA A10G, 0 %, 0 %, 2025 MiB, 23028 MiB
2026/02/25 16:49:55.566, 2, NVIDIA A10G, 0 %, 0 %, 0 MiB, 23028 MiB
2026/02/25 16:49:55.566, 3, NVIDIA A10G, 0 %, 0 %, 0 MiB, 23028 MiB
2026/02/25 16:49:56.566, 0, NVIDIA A10G, 0 %, 0 %, 1777 MiB, 23028 MiB
2026/02/25 16:49:56.566, 1, NVIDIA A10G, 0 %, 0 %, 2025 MiB, 23028 MiB
2026/02/25 16:49:56.566, 2, NVIDIA A10G, 0 %, 0 %, 0 MiB, 23028 MiB
2026/02/25 16:49:56.566, 3, NVIDIA A10G, 0 %, 0 %, 0 MiB, 23028 MiB
2026/02/25 16:49:57.566, 0, NVIDIA A10G, 0 %, 0 %, 1777 MiB, 23028 MiB
2026/02/25 16:49:57.566, 1, NVIDIA A10G, 0 %, 0 %, 2025 MiB, 23028 MiB
2026/02/25 16:49:57.566, 2, NVIDIA A10G, 0 %, 0 %, 0 MiB, 23028 MiB
2026/02/25 16:49:57.566, 3, NVIDIA A10G, 0 %, 0 %, 0 MiB, 23028 MiB
2026/02/25 16:49:58.566, 0, NVIDIA A10G, 0 %, 0 %, 1777 MiB, 23028 MiB
2026/02/25 16:49:58.566, 1, NVIDIA A10G, 0 %, 0 %, 2025 MiB, 23028 MiB
2026/02/25 16:49:58.566, 2, NVIDIA A10G, 0 %, 0 %, 0 MiB, 23028 MiB
2026/02/25 16:49:58.567, 3, NVIDIA A10G, 0 %, 0 %, 0 MiB, 23028 MiB
2026/02/25 16:49:59.567, 0, NVIDIA A10G, 20 %, 7 %, 1777 MiB, 23028 MiB
2026/02/25 16:49:59.567, 1, NVIDIA A10G, 18 %, 5 %, 2025 MiB, 23028 MiB
2026/02/25 16:49:59.567, 2, NVIDIA A10G, 0 %, 0 %, 0 MiB, 23028 MiB
2026/02/25 16:49:59.567, 3, NVIDIA A10G, 0 %, 0 %, 0 MiB, 23028 MiB
2026/02/25 16:50:00.567, 0, NVIDIA A10G, 19 %, 6 %, 1777 MiB, 23028 MiB
2026/02/25 16:50:00.567, 1, NVIDIA A10G, 23 %, 7 %, 2025 MiB, 23028 MiB
2026/02/25 16:50:00.567, 2, NVIDIA A10G, 0 %, 0 %, 0 MiB, 23028 MiB
2026/02/25 16:50:00.567, 3, NVIDIA A10G, 0 %, 0 %, 0 MiB, 23028 MiB
2026/02/25 16:50:01.567, 0, NVIDIA A10G, 21 %, 7 %, 1777 MiB, 23028 MiB
2026/02/25 16:50:01.567, 1, NVIDIA A10G, 16 %, 5 %, 2025 MiB, 23028 MiB
2026/02/25 16:50:01.568, 2, NVIDIA A10G, 0 %, 0 %, 0 MiB, 23028 MiB
2026/02/25 16:50:01.568, 3, NVIDIA A10G, 0 %, 0 %, 0 MiB, 23028 MiB
2026/02/25 16:50:02.568, 0, NVIDIA A10G, 22 %, 7 %, 1777 MiB, 23028 MiB
2026/02/25 16:50:02.568, 1, NVIDIA A10G, 19 %, 6 %, 2025 MiB, 23028 MiB
2026/02/25 16:50:02.568, 2, NVIDIA A10G, 0 %, 0 %, 0 MiB, 23028 MiB
2026/02/25 16:50:02.568, 3, NVIDIA A10G, 0 %, 0 %, 0 MiB, 23028 MiB
2026/02/25 16:50:03.568, 0, NVIDIA A10G, 21 %, 8 %, 1777 MiB, 23028 MiB
2026/02/25 16:50:03.568, 1, NVIDIA A10G, 20 %, 6 %, 2025 MiB, 23028 MiB
2026/02/25 16:50:03.568, 2, NVIDIA A10G, 0 %, 0 %, 0 MiB, 23028 MiB
2026/02/25 16:50:03.568, 3, NVIDIA A10G, 0 %, 0 %, 0 MiB, 23028 MiB
2026/02/25 16:50:04.569, 0, NVIDIA A10G, 21 %, 7 %, 1777 MiB, 23028 MiB
2026/02/25 16:50:04.569, 1, NVIDIA A10G, 20 %, 6 %, 2025 MiB, 23028 MiB
2026/02/25 16:50:04.569, 2, NVIDIA A10G, 0 %, 0 %, 0 MiB, 23028 MiB
2026/02/25 16:50:04.569, 3, NVIDIA A10G, 0 %, 0 %, 0 MiB, 23028 MiB
2026/02/25 16:50:05.569, 0, NVIDIA A10G, 21 %, 7 %, 1777 MiB, 23028 MiB
2026/02/25 16:50:05.569, 1, NVIDIA A10G, 19 %, 6 %, 2025 MiB, 23028 MiB
2026/02/25 16:50:05.569, 2, NVIDIA A10G, 0 %, 0 %, 0 MiB, 23028 MiB
2026/02/25 16:50:05.569, 3, NVIDIA A10G, 0 %, 0 %, 0 MiB, 23028 MiB
2026/02/25 16:50:06.570, 0, NVIDIA A10G, 19 %, 6 %, 1777 MiB, 23028 MiB
2026/02/25 16:50:06.570, 1, NVIDIA A10G, 20 %, 6 %, 2025 MiB, 23028 MiB
2026/02/25 16:50:06.570, 2, NVIDIA A10G, 0 %, 0 %, 0 MiB, 23028 MiB
2026/02/25 16:50:06.570, 3, NVIDIA A10G, 0 %, 0 %, 0 MiB, 23028 MiB
2026/02/25 16:50:07.570, 0, NVIDIA A10G, 20 %, 6 %, 1777 MiB, 23028 MiB
2026/02/25 16:50:07.570, 1, NVIDIA A10G, 19 %, 6 %, 2025 MiB, 23028 MiB
2026/02/25 16:50:07.570, 2, NVIDIA A10G, 0 %, 0 %, 0 MiB, 23028 MiB
2026/02/25 16:50:07.570, 3, NVIDIA A10G, 0 %, 0 %, 0 MiB, 23028 MiB
2026/02/25 16:50:08.570, 0, NVIDIA A10G, 21 %, 7 %, 1777 MiB, 23028 MiB
2026/02/25 16:50:08.570, 1, NVIDIA A10G, 20 %, 7 %, 2025 MiB, 23028 MiB
2026/02/25 16:50:08.571, 2, NVIDIA A10G, 0 %, 0 %, 0 MiB, 23028 MiB
2026/02/25 16:50:08.571, 3, NVIDIA A10G, 0 %, 0 %, 0 MiB, 23028 MiB
2026/02/25 16:50:09.571, 0, NVIDIA A10G, 7 %, 2 %, 1777 MiB, 23028 MiB
2026/02/25 16:50:09.571, 1, NVIDIA A10G, 20 %, 6 %, 2025 MiB, 23028 MiB
2026/02/25 16:50:09.571, 2, NVIDIA A10G, 0 %, 0 %, 0 MiB, 23028 MiB
2026/02/25 16:50:09.571, 3, NVIDIA A10G, 0 %, 0 %, 0 MiB, 23028 MiB
2026/02/25 16:50:10.571, 0, NVIDIA A10G, 0 %, 0 %, 1777 MiB, 23028 MiB
2026/02/25 16:50:10.571, 1, NVIDIA A10G, 0 %, 0 %, 2025 MiB, 23028 MiB
2026/02/25 16:50:10.571, 2, NVIDIA A10G, 0 %, 0 %, 0 MiB, 23028 MiB
2026/02/25 16:50:10.571, 3, NVIDIA A10G, 0 %, 0 %, 0 MiB, 23028 MiB
2026/02/25 16:50:11.571, 0, NVIDIA A10G, 0 %, 0 %, 1777 MiB, 23028 MiB
2026/02/25 16:50:11.572, 1, NVIDIA A10G, 0 %, 0 %, 2025 MiB, 23028 MiB
2026/02/25 16:50:11.572, 2, NVIDIA A10G, 0 %, 0 %, 0 MiB, 23028 MiB
2026/02/25 16:50:11.572, 3, NVIDIA A10G, 0 %, 0 %, 0 MiB, 23028 MiB
2026/02/25 16:50:12.572, 0, NVIDIA A10G, 62 %, 37 %, 1777 MiB, 23028 MiB
2026/02/25 16:50:12.572, 1, NVIDIA A10G, 0 %, 0 %, 2025 MiB, 23028 MiB
2026/02/25 16:50:12.572, 2, NVIDIA A10G, 0 %, 0 %, 0 MiB, 23028 MiB
2026/02/25 16:50:12.572, 3, NVIDIA A10G, 0 %, 0 %, 0 MiB, 23028 MiB
2026/02/25 16:50:13.572, 0, NVIDIA A10G, 22 %, 7 %, 1777 MiB, 23028 MiB
2026/02/25 16:50:13.572, 1, NVIDIA A10G, 20 %, 7 %, 2025 MiB, 23028 MiB
2026/02/25 16:50:13.572, 2, NVIDIA A10G, 0 %, 0 %, 0 MiB, 23028 MiB
2026/02/25 16:50:13.572, 3, NVIDIA A10G, 0 %, 0 %, 0 MiB, 23028 MiB
2026/02/25 16:50:14.573, 0, NVIDIA A10G, 21 %, 7 %, 1777 MiB, 23028 MiB
2026/02/25 16:50:14.573, 1, NVIDIA A10G, 21 %, 7 %, 2025 MiB, 23028 MiB
2026/02/25 16:50:14.573, 2, NVIDIA A10G, 0 %, 0 %, 0 MiB, 23028 MiB
2026/02/25 16:50:14.573, 3, NVIDIA A10G, 0 %, 0 %, 0 MiB, 23028 MiB
2026/02/25 16:50:15.573, 0, NVIDIA A10G, 19 %, 6 %, 1777 MiB, 23028 MiB
2026/02/25 16:50:15.573, 1, NVIDIA A10G, 21 %, 6 %, 2025 MiB, 23028 MiB
2026/02/25 16:50:15.573, 2, NVIDIA A10G, 0 %, 0 %, 0 MiB, 23028 MiB
2026/02/25 16:50:15.573, 3, NVIDIA A10G, 0 %, 0 %, 0 MiB, 23028 MiB
2026/02/25 16:50:16.573, 0, NVIDIA A10G, 0 %, 0 %, 1777 MiB, 23028 MiB
2026/02/25 16:50:16.574, 1, NVIDIA A10G, 0 %, 0 %, 2025 MiB, 23028 MiB
2026/02/25 16:50:16.574, 2, NVIDIA A10G, 0 %, 0 %, 0 MiB, 23028 MiB
2026/02/25 16:50:16.574, 3, NVIDIA A10G, 0 %, 0 %, 0 MiB, 23028 MiB
2026/02/25 16:50:17.574, 0, NVIDIA A10G, 0 %, 0 %, 1777 MiB, 23028 MiB
2026/02/25 16:50:17.574, 1, NVIDIA A10G, 0 %, 0 %, 2025 MiB, 23028 MiB
2026/02/25 16:50:17.574, 2, NVIDIA A10G, 0 %, 0 %, 0 MiB, 23028 MiB
2026/02/25 16:50:17.574, 3, NVIDIA A10G, 0 %, 0 %, 0 MiB, 23028 MiB
2026/02/25 16:50:18.574, 0, NVIDIA A10G, 0 %, 0 %, 1777 MiB, 23028 MiB
2026/02/25 16:50:18.574, 1, NVIDIA A10G, 0 %, 0 %, 2025 MiB, 23028 MiB
2026/02/25 16:50:18.574, 2, NVIDIA A10G, 0 %, 0 %, 0 MiB, 23028 MiB
2026/02/25 16:50:18.574, 3, NVIDIA A10G, 0 %, 0 %, 0 MiB, 23028 MiB
2026/02/25 16:50:19.575, 0, NVIDIA A10G, 0 %, 0 %, 1777 MiB, 23028 MiB
2026/02/25 16:50:19.575, 1, NVIDIA A10G, 0 %, 0 %, 2025 MiB, 23028 MiB
2026/02/25 16:50:19.575, 2, NVIDIA A10G, 0 %, 0 %, 0 MiB, 23028 MiB
2026/02/25 16:50:19.575, 3, NVIDIA A10G, 0 %, 0 %, 0 MiB, 23028 MiB
2026/02/25 16:50:20.575, 0, NVIDIA A10G, 0 %, 0 %, 1777 MiB, 23028 MiB
2026/02/25 16:50:20.575, 1, NVIDIA A10G, 0 %, 0 %, 2025 MiB, 23028 MiB
2026/02/25 16:50:20.575, 2, NVIDIA A10G, 0 %, 0 %, 0 MiB, 23028 MiB
2026/02/25 16:50:20.575, 3, NVIDIA A10G, 0 %, 0 %, 0 MiB, 23028 MiB
2026/02/25 16:50:21.575, 0, NVIDIA A10G, 0 %, 0 %, 1777 MiB, 23028 MiB
2026/02/25 16:50:21.575, 1, NVIDIA A10G, 0 %, 0 %, 2025 MiB, 23028 MiB
2026/02/25 16:50:21.575, 2, NVIDIA A10G, 0 %, 0 %, 0 MiB, 23028 MiB
2026/02/25 16:50:21.576, 3, NVIDIA A10G, 0 %, 0 %, 0 MiB, 23028 MiB
2026/02/25 16:50:22.576, 0, NVIDIA A10G, 0 %, 0 %, 1777 MiB, 23028 MiB
2026/02/25 16:50:22.576, 1, NVIDIA A10G, 0 %, 0 %, 2025 MiB, 23028 MiB
2026/02/25 16:50:22.576, 2, NVIDIA A10G, 0 %, 0 %, 0 MiB, 23028 MiB
2026/02/25 16:50:22.576, 3, NVIDIA A10G, 0 %, 0 %, 0 MiB, 23028 MiB
2026/02/25 16:50:23.576, 0, NVIDIA A10G, 100 %, 67 %, 1777 MiB, 23028 MiB
2026/02/25 16:50:23.576, 1, NVIDIA A10G, 0 %, 0 %, 2025 MiB, 23028 MiB
2026/02/25 16:50:23.576, 2, NVIDIA A10G, 0 %, 0 %, 0 MiB, 23028 MiB
2026/02/25 16:50:23.576, 3, NVIDIA A10G, 0 %, 0 %, 0 MiB, 23028 MiB
2026/02/25 16:50:24.576, 0, NVIDIA A10G, 23 %, 9 %, 1777 MiB, 23028 MiB
2026/02/25 16:50:24.576, 1, NVIDIA A10G, 80 %, 53 %, 2029 MiB, 23028 MiB
2026/02/25 16:50:24.576, 2, NVIDIA A10G, 0 %, 0 %, 0 MiB, 23028 MiB
2026/02/25 16:50:24.576, 3, NVIDIA A10G, 0 %, 0 %, 0 MiB, 23028 MiB
2026/02/25 16:50:25.577, 0, NVIDIA A10G, 21 %, 7 %, 1777 MiB, 23028 MiB
2026/02/25 16:50:25.577, 1, NVIDIA A10G, 18 %, 6 %, 2029 MiB, 23028 MiB
2026/02/25 16:50:25.577, 2, NVIDIA A10G, 0 %, 0 %, 0 MiB, 23028 MiB
2026/02/25 16:50:25.577, 3, NVIDIA A10G, 0 %, 0 %, 0 MiB, 23028 MiB
2026/02/25 16:50:26.577, 0, NVIDIA A10G, 22 %, 8 %, 1777 MiB, 23028 MiB
2026/02/25 16:50:26.577, 1, NVIDIA A10G, 20 %, 7 %, 2029 MiB, 23028 MiB
2026/02/25 16:50:26.577, 2, NVIDIA A10G, 0 %, 0 %, 0 MiB, 23028 MiB
2026/02/25 16:50:26.577, 3, NVIDIA A10G, 0 %, 0 %, 0 MiB, 23028 MiB
2026/02/25 16:50:27.577, 0, NVIDIA A10G, 19 %, 7 %, 1777 MiB, 23028 MiB
2026/02/25 16:50:27.577, 1, NVIDIA A10G, 21 %, 7 %, 2029 MiB, 23028 MiB
2026/02/25 16:50:27.577, 2, NVIDIA A10G, 0 %, 0 %, 0 MiB, 23028 MiB
2026/02/25 16:50:27.577, 3, NVIDIA A10G, 0 %, 0 %, 0 MiB, 23028 MiB
2026/02/25 16:50:28.578, 0, NVIDIA A10G, 21 %, 8 %, 1777 MiB, 23028 MiB
2026/02/25 16:50:28.578, 1, NVIDIA A10G, 22 %, 8 %, 2029 MiB, 23028 MiB
2026/02/25 16:50:28.578, 2, NVIDIA A10G, 0 %, 0 %, 0 MiB, 23028 MiB
2026/02/25 16:50:28.578, 3, NVIDIA A10G, 0 %, 0 %, 0 MiB, 23028 MiB
2026/02/25 16:50:29.578, 0, NVIDIA A10G, 22 %, 8 %, 1777 MiB, 23028 MiB
2026/02/25 16:50:29.578, 1, NVIDIA A10G, 20 %, 7 %, 2029 MiB, 23028 MiB
2026/02/25 16:50:29.578, 2, NVIDIA A10G, 0 %, 0 %, 0 MiB, 23028 MiB
2026/02/25 16:50:29.578, 3, NVIDIA A10G, 0 %, 0 %, 0 MiB, 23028 MiB
2026/02/25 16:50:30.578, 0, NVIDIA A10G, 23 %, 8 %, 1777 MiB, 23028 MiB
2026/02/25 16:50:30.578, 1, NVIDIA A10G, 22 %, 7 %, 2029 MiB, 23028 MiB
2026/02/25 16:50:30.579, 2, NVIDIA A10G, 0 %, 0 %, 0 MiB, 23028 MiB
2026/02/25 16:50:30.579, 3, NVIDIA A10G, 0 %, 0 %, 0 MiB, 23028 MiB
2026/02/25 16:50:31.579, 0, NVIDIA A10G, 18 %, 6 %, 1777 MiB, 23028 MiB
2026/02/25 16:50:31.579, 1, NVIDIA A10G, 20 %, 7 %, 2029 MiB, 23028 MiB
2026/02/25 16:50:31.579, 2, NVIDIA A10G, 0 %, 0 %, 0 MiB, 23028 MiB
2026/02/25 16:50:31.579, 3, NVIDIA A10G, 0 %, 0 %, 0 MiB, 23028 MiB
2026/02/25 16:50:32.579, 0, NVIDIA A10G, 0 %, 0 %, 1777 MiB, 23028 MiB
2026/02/25 16:50:32.579, 1, NVIDIA A10G, 22 %, 7 %, 2029 MiB, 23028 MiB
2026/02/25 16:50:32.579, 2, NVIDIA A10G, 0 %, 0 %, 0 MiB, 23028 MiB
2026/02/25 16:50:32.579, 3, NVIDIA A10G, 0 %, 0 %, 0 MiB, 23028 MiB
2026/02/25 16:50:33.579, 0, NVIDIA A10G, 0 %, 0 %, 1777 MiB, 23028 MiB
2026/02/25 16:50:33.579, 1, NVIDIA A10G, 21 %, 7 %, 2029 MiB, 23028 MiB
2026/02/25 16:50:33.580, 2, NVIDIA A10G, 0 %, 0 %, 0 MiB, 23028 MiB
2026/02/25 16:50:33.580, 3, NVIDIA A10G, 0 %, 0 %, 0 MiB, 23028 MiB
2026/02/25 16:50:34.580, 0, NVIDIA A10G, 0 %, 0 %, 1777 MiB, 23028 MiB
2026/02/25 16:50:34.580, 1, NVIDIA A10G, 0 %, 0 %, 2029 MiB, 23028 MiB
2026/02/25 16:50:34.580, 2, NVIDIA A10G, 0 %, 0 %, 0 MiB, 23028 MiB
2026/02/25 16:50:34.580, 3, NVIDIA A10G, 0 %, 0 %, 0 MiB, 23028 MiB
2026/02/25 16:50:35.580, 0, NVIDIA A10G, 0 %, 0 %, 1777 MiB, 23028 MiB
2026/02/25 16:50:35.580, 1, NVIDIA A10G, 0 %, 0 %, 2029 MiB, 23028 MiB
2026/02/25 16:50:35.580, 2, NVIDIA A10G, 0 %, 0 %, 0 MiB, 23028 MiB
2026/02/25 16:50:35.580, 3, NVIDIA A10G, 0 %, 0 %, 0 MiB, 23028 MiB
2026/02/25 16:50:36.580, 0, NVIDIA A10G, 0 %, 0 %, 1777 MiB, 23028 MiB
2026/02/25 16:50:36.580, 1, NVIDIA A10G, 0 %, 0 %, 2029 MiB, 23028 MiB
2026/02/25 16:50:36.581, 2, NVIDIA A10G, 0 %, 0 %, 0 MiB, 23028 MiB
2026/02/25 16:50:36.581, 3, NVIDIA A10G, 0 %, 0 %, 0 MiB, 23028 MiB
2026/02/25 16:50:37.581, 0, NVIDIA A10G, 0 %, 0 %, 1777 MiB, 23028 MiB
2026/02/25 16:50:37.581, 1, NVIDIA A10G, 0 %, 0 %, 2029 MiB, 23028 MiB
2026/02/25 16:50:37.581, 2, NVIDIA A10G, 0 %, 0 %, 0 MiB, 23028 MiB
2026/02/25 16:50:37.581, 3, NVIDIA A10G, 0 %, 0 %, 0 MiB, 23028 MiB
2026/02/25 16:50:38.581, 0, NVIDIA A10G, 0 %, 0 %, 1777 MiB, 23028 MiB
2026/02/25 16:50:38.581, 1, NVIDIA A10G, 0 %, 0 %, 2029 MiB, 23028 MiB
2026/02/25 16:50:38.581, 2, NVIDIA A10G, 0 %, 0 %, 0 MiB, 23028 MiB
2026/02/25 16:50:38.581, 3, NVIDIA A10G, 0 %, 0 %, 0 MiB, 23028 MiB
2026/02/25 16:50:39.581, 0, NVIDIA A10G, 0 %, 0 %, 1777 MiB, 23028 MiB
2026/02/25 16:50:39.582, 1, NVIDIA A10G, 0 %, 0 %, 2029 MiB, 23028 MiB
2026/02/25 16:50:39.582, 2, NVIDIA A10G, 0 %, 0 %, 0 MiB, 23028 MiB
2026/02/25 16:50:39.582, 3, NVIDIA A10G, 0 %, 0 %, 0 MiB, 23028 MiB
2026/02/25 16:50:40.582, 0, NVIDIA A10G, 0 %, 0 %, 1777 MiB, 23028 MiB
2026/02/25 16:50:40.582, 1, NVIDIA A10G, 0 %, 0 %, 2029 MiB, 23028 MiB
2026/02/25 16:50:40.582, 2, NVIDIA A10G, 0 %, 0 %, 0 MiB, 23028 MiB
2026/02/25 16:50:40.582, 3, NVIDIA A10G, 0 %, 0 %, 0 MiB, 23028 MiB
2026/02/25 16:50:41.582, 0, NVIDIA A10G, 0 %, 0 %, 1777 MiB, 23028 MiB
2026/02/25 16:50:41.582, 1, NVIDIA A10G, 0 %, 0 %, 2029 MiB, 23028 MiB
2026/02/25 16:50:41.583, 2, NVIDIA A10G, 0 %, 0 %, 0 MiB, 23028 MiB
2026/02/25 16:50:41.583, 3, NVIDIA A10G, 0 %, 0 %, 0 MiB, 23028 MiB
2026/02/25 16:50:42.583, 0, NVIDIA A10G, 0 %, 0 %, 1777 MiB, 23028 MiB
2026/02/25 16:50:42.583, 1, NVIDIA A10G, 0 %, 0 %, 2029 MiB, 23028 MiB
2026/02/25 16:50:42.583, 2, NVIDIA A10G, 0 %, 0 %, 0 MiB, 23028 MiB
2026/02/25 16:50:42.583, 3, NVIDIA A10G, 0 %, 0 %, 0 MiB, 23028 MiB
2026/02/25 16:50:43.583, 0, NVIDIA A10G, 0 %, 0 %, 1777 MiB, 23028 MiB
2026/02/25 16:50:43.583, 1, NVIDIA A10G, 0 %, 0 %, 2029 MiB, 23028 MiB
2026/02/25 16:50:43.583, 2, NVIDIA A10G, 0 %, 0 %, 0 MiB, 23028 MiB
2026/02/25 16:50:43.583, 3, NVIDIA A10G, 0 %, 0 %, 0 MiB, 23028 MiB
2026/02/25 16:50:44.583, 0, NVIDIA A10G, 0 %, 0 %, 1777 MiB, 23028 MiB
2026/02/25 16:50:44.583, 1, NVIDIA A10G, 0 %, 0 %, 2413 MiB, 23028 MiB
2026/02/25 16:50:44.583, 2, NVIDIA A10G, 0 %, 0 %, 0 MiB, 23028 MiB
2026/02/25 16:50:44.584, 3, NVIDIA A10G, 0 %, 0 %, 0 MiB, 23028 MiB
2026/02/25 16:50:45.584, 0, NVIDIA A10G, 0 %, 0 %, 1777 MiB, 23028 MiB
2026/02/25 16:50:45.584, 1, NVIDIA A10G, 27 %, 11 %, 2413 MiB, 23028 MiB
2026/02/25 16:50:45.584, 2, NVIDIA A10G, 0 %, 0 %, 0 MiB, 23028 MiB
2026/02/25 16:50:45.584, 3, NVIDIA A10G, 0 %, 0 %, 0 MiB, 23028 MiB
2026/02/25 16:50:46.584, 0, NVIDIA A10G, 22 %, 8 %, 1777 MiB, 23028 MiB
2026/02/25 16:50:46.584, 1, NVIDIA A10G, 21 %, 7 %, 2413 MiB, 23028 MiB
2026/02/25 16:50:46.584, 2, NVIDIA A10G, 0 %, 0 %, 0 MiB, 23028 MiB
2026/02/25 16:50:46.584, 3, NVIDIA A10G, 0 %, 0 %, 0 MiB, 23028 MiB
2026/02/25 16:50:47.584, 0, NVIDIA A10G, 20 %, 7 %, 1777 MiB, 23028 MiB
2026/02/25 16:50:47.584, 1, NVIDIA A10G, 21 %, 7 %, 2413 MiB, 23028 MiB
2026/02/25 16:50:47.585, 2, NVIDIA A10G, 0 %, 0 %, 0 MiB, 23028 MiB
2026/02/25 16:50:47.585, 3, NVIDIA A10G, 0 %, 0 %, 0 MiB, 23028 MiB
2026/02/25 16:50:48.585, 0, NVIDIA A10G, 22 %, 7 %, 1777 MiB, 23028 MiB
2026/02/25 16:50:48.585, 1, NVIDIA A10G, 21 %, 6 %, 2413 MiB, 23028 MiB
2026/02/25 16:50:48.585, 2, NVIDIA A10G, 0 %, 0 %, 0 MiB, 23028 MiB
2026/02/25 16:50:48.585, 3, NVIDIA A10G, 0 %, 0 %, 0 MiB, 23028 MiB
2026/02/25 16:50:49.585, 0, NVIDIA A10G, 21 %, 7 %, 1777 MiB, 23028 MiB
2026/02/25 16:50:49.585, 1, NVIDIA A10G, 21 %, 7 %, 2413 MiB, 23028 MiB
2026/02/25 16:50:49.585, 2, NVIDIA A10G, 0 %, 0 %, 0 MiB, 23028 MiB
2026/02/25 16:50:49.585, 3, NVIDIA A10G, 0 %, 0 %, 0 MiB, 23028 MiB
2026/02/25 16:50:50.585, 0, NVIDIA A10G, 19 %, 6 %, 1777 MiB, 23028 MiB
2026/02/25 16:50:50.586, 1, NVIDIA A10G, 20 %, 7 %, 2413 MiB, 23028 MiB
2026/02/25 16:50:50.586, 2, NVIDIA A10G, 0 %, 0 %, 0 MiB, 23028 MiB
2026/02/25 16:50:50.586, 3, NVIDIA A10G, 0 %, 0 %, 0 MiB, 23028 MiB
2026/02/25 16:50:51.586, 0, NVIDIA A10G, 21 %, 7 %, 1777 MiB, 23028 MiB
2026/02/25 16:50:51.586, 1, NVIDIA A10G, 20 %, 7 %, 2413 MiB, 23028 MiB
2026/02/25 16:50:51.586, 2, NVIDIA A10G, 0 %, 0 %, 0 MiB, 23028 MiB
2026/02/25 16:50:51.586, 3, NVIDIA A10G, 0 %, 0 %, 0 MiB, 23028 MiB
2026/02/25 16:50:52.586, 0, NVIDIA A10G, 21 %, 7 %, 1777 MiB, 23028 MiB
2026/02/25 16:50:52.586, 1, NVIDIA A10G, 21 %, 8 %, 2413 MiB, 23028 MiB
2026/02/25 16:50:52.586, 2, NVIDIA A10G, 0 %, 0 %, 0 MiB, 23028 MiB
2026/02/25 16:50:52.586, 3, NVIDIA A10G, 0 %, 0 %, 0 MiB, 23028 MiB
2026/02/25 16:50:53.587, 0, NVIDIA A10G, 20 %, 6 %, 1777 MiB, 23028 MiB
2026/02/25 16:50:53.587, 1, NVIDIA A10G, 20 %, 7 %, 2413 MiB, 23028 MiB
2026/02/25 16:50:53.587, 2, NVIDIA A10G, 0 %, 0 %, 0 MiB, 23028 MiB
2026/02/25 16:50:53.587, 3, NVIDIA A10G, 0 %, 0 %, 0 MiB, 23028 MiB
2026/02/25 16:50:54.587, 0, NVIDIA A10G, 21 %, 7 %, 1777 MiB, 23028 MiB
2026/02/25 16:50:54.587, 1, NVIDIA A10G, 20 %, 7 %, 2413 MiB, 23028 MiB
2026/02/25 16:50:54.587, 2, NVIDIA A10G, 0 %, 0 %, 0 MiB, 23028 MiB
2026/02/25 16:50:54.587, 3, NVIDIA A10G, 0 %, 0 %, 0 MiB, 23028 MiB
2026/02/25 16:50:55.587, 0, NVIDIA A10G, 18 %, 6 %, 1777 MiB, 23028 MiB
2026/02/25 16:50:55.587, 1, NVIDIA A10G, 22 %, 8 %, 2413 MiB, 23028 MiB
2026/02/25 16:50:55.588, 2, NVIDIA A10G, 0 %, 0 %, 0 MiB, 23028 MiB
2026/02/25 16:50:55.588, 3, NVIDIA A10G, 0 %, 0 %, 0 MiB, 23028 MiB
2026/02/25 16:50:56.588, 0, NVIDIA A10G, 22 %, 7 %, 1777 MiB, 23028 MiB
2026/02/25 16:50:56.588, 1, NVIDIA A10G, 0 %, 0 %, 2413 MiB, 23028 MiB
2026/02/25 16:50:56.588, 2, NVIDIA A10G, 0 %, 0 %, 0 MiB, 23028 MiB
2026/02/25 16:50:56.588, 3, NVIDIA A10G, 0 %, 0 %, 0 MiB, 23028 MiB
2026/02/25 16:50:57.588, 0, NVIDIA A10G, 23 %, 8 %, 1777 MiB, 23028 MiB
2026/02/25 16:50:57.588, 1, NVIDIA A10G, 0 %, 0 %, 2413 MiB, 23028 MiB
2026/02/25 16:50:57.588, 2, NVIDIA A10G, 0 %, 0 %, 0 MiB, 23028 MiB
2026/02/25 16:50:57.588, 3, NVIDIA A10G, 0 %, 0 %, 0 MiB, 23028 MiB
2026/02/25 16:50:58.588, 0, NVIDIA A10G, 23 %, 7 %, 1777 MiB, 23028 MiB
2026/02/25 16:50:58.588, 1, NVIDIA A10G, 0 %, 0 %, 2413 MiB, 23028 MiB
2026/02/25 16:50:58.588, 2, NVIDIA A10G, 0 %, 0 %, 0 MiB, 23028 MiB
2026/02/25 16:50:58.588, 3, NVIDIA A10G, 0 %, 0 %, 0 MiB, 23028 MiB
2026/02/25 16:50:59.589, 0, NVIDIA A10G, 22 %, 7 %, 1777 MiB, 23028 MiB
2026/02/25 16:50:59.589, 1, NVIDIA A10G, 0 %, 0 %, 2413 MiB, 23028 MiB
2026/02/25 16:50:59.589, 2, NVIDIA A10G, 0 %, 0 %, 0 MiB, 23028 MiB
2026/02/25 16:50:59.589, 3, NVIDIA A10G, 0 %, 0 %, 0 MiB, 23028 MiB
2026/02/25 16:51:00.589, 0, NVIDIA A10G, 23 %, 8 %, 1777 MiB, 23028 MiB
2026/02/25 16:51:00.589, 1, NVIDIA A10G, 0 %, 0 %, 2413 MiB, 23028 MiB
2026/02/25 16:51:00.589, 2, NVIDIA A10G, 0 %, 0 %, 0 MiB, 23028 MiB
2026/02/25 16:51:00.589, 3, NVIDIA A10G, 0 %, 0 %, 0 MiB, 23028 MiB
2026/02/25 16:51:01.589, 0, NVIDIA A10G, 23 %, 8 %, 1777 MiB, 23028 MiB
2026/02/25 16:51:01.589, 1, NVIDIA A10G, 0 %, 0 %, 2413 MiB, 23028 MiB
2026/02/25 16:51:01.589, 2, NVIDIA A10G, 0 %, 0 %, 0 MiB, 23028 MiB
2026/02/25 16:51:01.589, 3, NVIDIA A10G, 0 %, 0 %, 0 MiB, 23028 MiB
2026/02/25 16:51:02.590, 0, NVIDIA A10G, 0 %, 0 %, 1777 MiB, 23028 MiB
2026/02/25 16:51:02.590, 1, NVIDIA A10G, 0 %, 0 %, 2413 MiB, 23028 MiB
2026/02/25 16:51:02.590, 2, NVIDIA A10G, 0 %, 0 %, 0 MiB, 23028 MiB
2026/02/25 16:51:02.590, 3, NVIDIA A10G, 0 %, 0 %, 0 MiB, 23028 MiB
2026/02/25 16:51:03.590, 0, NVIDIA A10G, 0 %, 0 %, 1777 MiB, 23028 MiB
2026/02/25 16:51:03.590, 1, NVIDIA A10G, 0 %, 0 %, 2413 MiB, 23028 MiB
2026/02/25 16:51:03.590, 2, NVIDIA A10G, 0 %, 0 %, 0 MiB, 23028 MiB
2026/02/25 16:51:03.590, 3, NVIDIA A10G, 0 %, 0 %, 0 MiB, 23028 MiB
2026/02/25 16:51:04.590, 0, NVIDIA A10G, 0 %, 0 %, 1777 MiB, 23028 MiB
2026/02/25 16:51:04.590, 1, NVIDIA A10G, 100 %, 70 %, 2413 MiB, 23028 MiB
2026/02/25 16:51:04.590, 2, NVIDIA A10G, 0 %, 0 %, 0 MiB, 23028 MiB
2026/02/25 16:51:04.590, 3, NVIDIA A10G, 0 %, 0 %, 0 MiB, 23028 MiB
2026/02/25 16:51:05.591, 0, NVIDIA A10G, 0 %, 0 %, 1777 MiB, 23028 MiB
2026/02/25 16:51:05.591, 1, NVIDIA A10G, 21 %, 7 %, 2413 MiB, 23028 MiB
2026/02/25 16:51:05.591, 2, NVIDIA A10G, 0 %, 0 %, 0 MiB, 23028 MiB
2026/02/25 16:51:05.591, 3, NVIDIA A10G, 0 %, 0 %, 0 MiB, 23028 MiB
2026/02/25 16:51:06.591, 0, NVIDIA A10G, 0 %, 0 %, 1777 MiB, 23028 MiB
2026/02/25 16:51:06.591, 1, NVIDIA A10G, 24 %, 9 %, 2413 MiB, 23028 MiB
2026/02/25 16:51:06.591, 2, NVIDIA A10G, 0 %, 0 %, 0 MiB, 23028 MiB
2026/02/25 16:51:06.591, 3, NVIDIA A10G, 0 %, 0 %, 0 MiB, 23028 MiB
2026/02/25 16:51:07.592, 0, NVIDIA A10G, 0 %, 0 %, 1777 MiB, 23028 MiB
2026/02/25 16:51:07.592, 1, NVIDIA A10G, 22 %, 8 %, 2413 MiB, 23028 MiB
2026/02/25 16:51:07.592, 2, NVIDIA A10G, 0 %, 0 %, 0 MiB, 23028 MiB
2026/02/25 16:51:07.592, 3, NVIDIA A10G, 0 %, 0 %, 0 MiB, 23028 MiB
2026/02/25 16:51:08.592, 0, NVIDIA A10G, 0 %, 0 %, 1777 MiB, 23028 MiB
2026/02/25 16:51:08.592, 1, NVIDIA A10G, 22 %, 7 %, 2413 MiB, 23028 MiB
2026/02/25 16:51:08.592, 2, NVIDIA A10G, 0 %, 0 %, 0 MiB, 23028 MiB
2026/02/25 16:51:08.592, 3, NVIDIA A10G, 0 %, 0 %, 0 MiB, 23028 MiB
2026/02/25 16:51:09.592, 0, NVIDIA A10G, 0 %, 0 %, 1777 MiB, 23028 MiB
2026/02/25 16:51:09.592, 1, NVIDIA A10G, 21 %, 7 %, 2413 MiB, 23028 MiB
2026/02/25 16:51:09.592, 2, NVIDIA A10G, 0 %, 0 %, 0 MiB, 23028 MiB
2026/02/25 16:51:09.593, 3, NVIDIA A10G, 0 %, 0 %, 0 MiB, 23028 MiB
2026/02/25 16:51:10.593, 0, NVIDIA A10G, 0 %, 0 %, 1777 MiB, 23028 MiB
2026/02/25 16:51:10.593, 1, NVIDIA A10G, 22 %, 8 %, 2413 MiB, 23028 MiB
2026/02/25 16:51:10.593, 2, NVIDIA A10G, 0 %, 0 %, 0 MiB, 23028 MiB
2026/02/25 16:51:10.593, 3, NVIDIA A10G, 0 %, 0 %, 0 MiB, 23028 MiB
2026/02/25 16:51:11.593, 0, NVIDIA A10G, 72 %, 46 %, 1777 MiB, 23028 MiB
2026/02/25 16:51:11.593, 1, NVIDIA A10G, 20 %, 7 %, 2413 MiB, 23028 MiB
2026/02/25 16:51:11.593, 2, NVIDIA A10G, 0 %, 0 %, 0 MiB, 23028 MiB
2026/02/25 16:51:11.593, 3, NVIDIA A10G, 0 %, 0 %, 0 MiB, 23028 MiB
2026/02/25 16:51:12.593, 0, NVIDIA A10G, 23 %, 9 %, 1777 MiB, 23028 MiB
2026/02/25 16:51:12.593, 1, NVIDIA A10G, 22 %, 8 %, 2413 MiB, 23028 MiB
2026/02/25 16:51:12.593, 2, NVIDIA A10G, 0 %, 0 %, 0 MiB, 23028 MiB
2026/02/25 16:51:12.593, 3, NVIDIA A10G, 0 %, 0 %, 0 MiB, 23028 MiB
2026/02/25 16:51:13.594, 0, NVIDIA A10G, 18 %, 6 %, 1777 MiB, 23028 MiB
2026/02/25 16:51:13.594, 1, NVIDIA A10G, 19 %, 6 %, 2413 MiB, 23028 MiB
2026/02/25 16:51:13.594, 2, NVIDIA A10G, 0 %, 0 %, 0 MiB, 23028 MiB
2026/02/25 16:51:13.594, 3, NVIDIA A10G, 0 %, 0 %, 0 MiB, 23028 MiB
2026/02/25 16:51:14.594, 0, NVIDIA A10G, 23 %, 9 %, 1777 MiB, 23028 MiB
2026/02/25 16:51:14.594, 1, NVIDIA A10G, 8 %, 3 %, 2413 MiB, 23028 MiB
2026/02/25 16:51:14.594, 2, NVIDIA A10G, 0 %, 0 %, 0 MiB, 23028 MiB
2026/02/25 16:51:14.594, 3, NVIDIA A10G, 0 %, 0 %, 0 MiB, 23028 MiB
2026/02/25 16:51:15.594, 0, NVIDIA A10G, 21 %, 8 %, 1777 MiB, 23028 MiB
2026/02/25 16:51:15.594, 1, NVIDIA A10G, 0 %, 0 %, 2413 MiB, 23028 MiB
2026/02/25 16:51:15.594, 2, NVIDIA A10G, 0 %, 0 %, 0 MiB, 23028 MiB
2026/02/25 16:51:15.594, 3, NVIDIA A10G, 0 %, 0 %, 0 MiB, 23028 MiB
2026/02/25 16:51:16.595, 0, NVIDIA A10G, 22 %, 8 %, 1777 MiB, 23028 MiB
2026/02/25 16:51:16.595, 1, NVIDIA A10G, 0 %, 0 %, 2413 MiB, 23028 MiB
2026/02/25 16:51:16.595, 2, NVIDIA A10G, 0 %, 0 %, 0 MiB, 23028 MiB
2026/02/25 16:51:16.595, 3, NVIDIA A10G, 0 %, 0 %, 0 MiB, 23028 MiB
2026/02/25 16:51:17.595, 0, NVIDIA A10G, 23 %, 9 %, 1777 MiB, 23028 MiB
2026/02/25 16:51:17.595, 1, NVIDIA A10G, 0 %, 0 %, 2413 MiB, 23028 MiB
2026/02/25 16:51:17.595, 2, NVIDIA A10G, 0 %, 0 %, 0 MiB, 23028 MiB
2026/02/25 16:51:17.595, 3, NVIDIA A10G, 0 %, 0 %, 0 MiB, 23028 MiB
2026/02/25 16:51:18.595, 0, NVIDIA A10G, 21 %, 7 %, 1777 MiB, 23028 MiB
2026/02/25 16:51:18.595, 1, NVIDIA A10G, 29 %, 17 %, 2413 MiB, 23028 MiB
2026/02/25 16:51:18.595, 2, NVIDIA A10G, 0 %, 0 %, 0 MiB, 23028 MiB
2026/02/25 16:51:18.595, 3, NVIDIA A10G, 0 %, 0 %, 0 MiB, 23028 MiB
2026/02/25 16:51:19.595, 0, NVIDIA A10G, 23 %, 8 %, 1777 MiB, 23028 MiB
2026/02/25 16:51:19.596, 1, NVIDIA A10G, 20 %, 7 %, 2413 MiB, 23028 MiB
2026/02/25 16:51:19.596, 2, NVIDIA A10G, 0 %, 0 %, 0 MiB, 23028 MiB
2026/02/25 16:51:19.596, 3, NVIDIA A10G, 0 %, 0 %, 0 MiB, 23028 MiB
2026/02/25 16:51:20.596, 0, NVIDIA A10G, 22 %, 8 %, 1777 MiB, 23028 MiB
2026/02/25 16:51:20.596, 1, NVIDIA A10G, 22 %, 8 %, 2413 MiB, 23028 MiB
2026/02/25 16:51:20.596, 2, NVIDIA A10G, 0 %, 0 %, 0 MiB, 23028 MiB
2026/02/25 16:51:20.596, 3, NVIDIA A10G, 0 %, 0 %, 0 MiB, 23028 MiB
2026/02/25 16:51:21.596, 0, NVIDIA A10G, 14 %, 5 %, 1777 MiB, 23028 MiB
2026/02/25 16:51:21.596, 1, NVIDIA A10G, 21 %, 7 %, 2413 MiB, 23028 MiB
2026/02/25 16:51:21.596, 2, NVIDIA A10G, 0 %, 0 %, 0 MiB, 23028 MiB
2026/02/25 16:51:21.596, 3, NVIDIA A10G, 0 %, 0 %, 0 MiB, 23028 MiB
2026/02/25 16:51:22.597, 0, NVIDIA A10G, 0 %, 0 %, 1777 MiB, 23028 MiB
2026/02/25 16:51:22.597, 1, NVIDIA A10G, 21 %, 7 %, 2413 MiB, 23028 MiB
2026/02/25 16:51:22.597, 2, NVIDIA A10G, 0 %, 0 %, 0 MiB, 23028 MiB
2026/02/25 16:51:22.597, 3, NVIDIA A10G, 0 %, 0 %, 0 MiB, 23028 MiB
2026/02/25 16:51:23.597, 0, NVIDIA A10G, 0 %, 0 %, 1777 MiB, 23028 MiB
2026/02/25 16:51:23.597, 1, NVIDIA A10G, 0 %, 0 %, 2413 MiB, 23028 MiB
2026/02/25 16:51:23.597, 2, NVIDIA A10G, 0 %, 0 %, 0 MiB, 23028 MiB
2026/02/25 16:51:23.597, 3, NVIDIA A10G, 0 %, 0 %, 0 MiB, 23028 MiB
2026/02/25 16:51:24.597, 0, NVIDIA A10G, 0 %, 0 %, 1777 MiB, 23028 MiB
2026/02/25 16:51:24.597, 1, NVIDIA A10G, 0 %, 0 %, 2413 MiB, 23028 MiB
2026/02/25 16:51:24.597, 2, NVIDIA A10G, 0 %, 0 %, 0 MiB, 23028 MiB
2026/02/25 16:51:24.598, 3, NVIDIA A10G, 0 %, 0 %, 0 MiB, 23028 MiB
2026/02/25 16:51:25.598, 0, NVIDIA A10G, 0 %, 0 %, 1777 MiB, 23028 MiB
2026/02/25 16:51:25.598, 1, NVIDIA A10G, 0 %, 0 %, 2413 MiB, 23028 MiB
2026/02/25 16:51:25.598, 2, NVIDIA A10G, 0 %, 0 %, 0 MiB, 23028 MiB
2026/02/25 16:51:25.598, 3, NVIDIA A10G, 0 %, 0 %, 0 MiB, 23028 MiB
2026/02/25 16:51:26.598, 0, NVIDIA A10G, 100 %, 64 %, 1777 MiB, 23028 MiB
2026/02/25 16:51:26.598, 1, NVIDIA A10G, 0 %, 0 %, 2413 MiB, 23028 MiB
2026/02/25 16:51:26.598, 2, NVIDIA A10G, 0 %, 0 %, 0 MiB, 23028 MiB
2026/02/25 16:51:26.598, 3, NVIDIA A10G, 0 %, 0 %, 0 MiB, 23028 MiB
2026/02/25 16:51:27.598, 0, NVIDIA A10G, 21 %, 7 %, 1777 MiB, 23028 MiB
2026/02/25 16:51:27.598, 1, NVIDIA A10G, 0 %, 0 %, 2413 MiB, 23028 MiB
2026/02/25 16:51:27.599, 2, NVIDIA A10G, 0 %, 0 %, 0 MiB, 23028 MiB
2026/02/25 16:51:27.599, 3, NVIDIA A10G, 0 %, 0 %, 0 MiB, 23028 MiB
2026/02/25 16:51:28.599, 0, NVIDIA A10G, 22 %, 7 %, 1777 MiB, 23028 MiB
2026/02/25 16:51:28.599, 1, NVIDIA A10G, 0 %, 0 %, 2413 MiB, 23028 MiB
2026/02/25 16:51:28.599, 2, NVIDIA A10G, 0 %, 0 %, 0 MiB, 23028 MiB
2026/02/25 16:51:28.599, 3, NVIDIA A10G, 0 %, 0 %, 0 MiB, 23028 MiB
2026/02/25 16:51:29.599, 0, NVIDIA A10G, 20 %, 6 %, 1777 MiB, 23028 MiB
2026/02/25 16:51:29.599, 1, NVIDIA A10G, 0 %, 0 %, 2413 MiB, 23028 MiB
2026/02/25 16:51:29.599, 2, NVIDIA A10G, 0 %, 0 %, 0 MiB, 23028 MiB
2026/02/25 16:51:29.599, 3, NVIDIA A10G, 0 %, 0 %, 0 MiB, 23028 MiB
2026/02/25 16:51:30.599, 0, NVIDIA A10G, 20 %, 7 %, 1777 MiB, 23028 MiB
2026/02/25 16:51:30.599, 1, NVIDIA A10G, 22 %, 7 %, 2413 MiB, 23028 MiB
2026/02/25 16:51:30.599, 2, NVIDIA A10G, 0 %, 0 %, 0 MiB, 23028 MiB
2026/02/25 16:51:30.599, 3, NVIDIA A10G, 0 %, 0 %, 0 MiB, 23028 MiB
2026/02/25 16:51:31.600, 0, NVIDIA A10G, 18 %, 6 %, 1777 MiB, 23028 MiB
2026/02/25 16:51:31.600, 1, NVIDIA A10G, 21 %, 7 %, 2413 MiB, 23028 MiB
2026/02/25 16:51:31.600, 2, NVIDIA A10G, 0 %, 0 %, 0 MiB, 23028 MiB
2026/02/25 16:51:31.600, 3, NVIDIA A10G, 0 %, 0 %, 0 MiB, 23028 MiB
2026/02/25 16:51:32.600, 0, NVIDIA A10G, 19 %, 6 %, 1777 MiB, 23028 MiB
2026/02/25 16:51:32.600, 1, NVIDIA A10G, 19 %, 6 %, 2413 MiB, 23028 MiB
2026/02/25 16:51:32.600, 2, NVIDIA A10G, 0 %, 0 %, 0 MiB, 23028 MiB
2026/02/25 16:51:32.600, 3, NVIDIA A10G, 0 %, 0 %, 0 MiB, 23028 MiB
2026/02/25 16:51:33.600, 0, NVIDIA A10G, 14 %, 4 %, 1777 MiB, 23028 MiB
2026/02/25 16:51:33.600, 1, NVIDIA A10G, 21 %, 7 %, 2413 MiB, 23028 MiB
2026/02/25 16:51:33.601, 2, NVIDIA A10G, 0 %, 0 %, 0 MiB, 23028 MiB
2026/02/25 16:51:33.601, 3, NVIDIA A10G, 0 %, 0 %, 0 MiB, 23028 MiB
2026/02/25 16:51:34.601, 0, NVIDIA A10G, 0 %, 0 %, 1777 MiB, 23028 MiB
2026/02/25 16:51:34.601, 1, NVIDIA A10G, 21 %, 7 %, 2413 MiB, 23028 MiB
2026/02/25 16:51:34.601, 2, NVIDIA A10G, 0 %, 0 %, 0 MiB, 23028 MiB
2026/02/25 16:51:34.601, 3, NVIDIA A10G, 0 %, 0 %, 0 MiB, 23028 MiB
2026/02/25 16:51:35.601, 0, NVIDIA A10G, 0 %, 0 %, 1777 MiB, 23028 MiB
2026/02/25 16:51:35.601, 1, NVIDIA A10G, 22 %, 7 %, 2413 MiB, 23028 MiB
2026/02/25 16:51:35.601, 2, NVIDIA A10G, 0 %, 0 %, 0 MiB, 23028 MiB
2026/02/25 16:51:35.601, 3, NVIDIA A10G, 0 %, 0 %, 0 MiB, 23028 MiB
2026/02/25 16:51:36.601, 0, NVIDIA A10G, 0 %, 0 %, 1777 MiB, 23028 MiB
2026/02/25 16:51:36.602, 1, NVIDIA A10G, 22 %, 7 %, 2413 MiB, 23028 MiB
2026/02/25 16:51:36.602, 2, NVIDIA A10G, 0 %, 0 %, 0 MiB, 23028 MiB
2026/02/25 16:51:36.602, 3, NVIDIA A10G, 0 %, 0 %, 0 MiB, 23028 MiB
2026/02/25 16:51:37.602, 0, NVIDIA A10G, 0 %, 0 %, 1777 MiB, 23028 MiB
2026/02/25 16:51:37.602, 1, NVIDIA A10G, 0 %, 0 %, 2413 MiB, 23028 MiB
2026/02/25 16:51:37.602, 2, NVIDIA A10G, 0 %, 0 %, 0 MiB, 23028 MiB
2026/02/25 16:51:37.602, 3, NVIDIA A10G, 0 %, 0 %, 0 MiB, 23028 MiB
2026/02/25 16:51:38.602, 0, NVIDIA A10G, 47 %, 29 %, 1777 MiB, 23028 MiB
2026/02/25 16:51:38.602, 1, NVIDIA A10G, 0 %, 0 %, 2413 MiB, 23028 MiB
2026/02/25 16:51:38.603, 2, NVIDIA A10G, 0 %, 0 %, 0 MiB, 23028 MiB
2026/02/25 16:51:38.603, 3, NVIDIA A10G, 0 %, 0 %, 0 MiB, 23028 MiB
2026/02/25 16:51:39.603, 0, NVIDIA A10G, 20 %, 7 %, 1777 MiB, 23028 MiB
2026/02/25 16:51:39.603, 1, NVIDIA A10G, 0 %, 0 %, 2413 MiB, 23028 MiB
2026/02/25 16:51:39.603, 2, NVIDIA A10G, 0 %, 0 %, 0 MiB, 23028 MiB
2026/02/25 16:51:39.603, 3, NVIDIA A10G, 0 %, 0 %, 0 MiB, 23028 MiB
2026/02/25 16:51:40.603, 0, NVIDIA A10G, 22 %, 8 %, 1777 MiB, 23028 MiB
2026/02/25 16:51:40.603, 1, NVIDIA A10G, 0 %, 0 %, 2413 MiB, 23028 MiB
2026/02/25 16:51:40.603, 2, NVIDIA A10G, 0 %, 0 %, 0 MiB, 23028 MiB
2026/02/25 16:51:40.603, 3, NVIDIA A10G, 0 %, 0 %, 0 MiB, 23028 MiB
2026/02/25 16:51:41.603, 0, NVIDIA A10G, 21 %, 7 %, 1777 MiB, 23028 MiB
2026/02/25 16:51:41.604, 1, NVIDIA A10G, 0 %, 0 %, 2413 MiB, 23028 MiB
2026/02/25 16:51:41.604, 2, NVIDIA A10G, 0 %, 0 %, 0 MiB, 23028 MiB
2026/02/25 16:51:41.604, 3, NVIDIA A10G, 0 %, 0 %, 0 MiB, 23028 MiB
2026/02/25 16:51:42.604, 0, NVIDIA A10G, 20 %, 7 %, 1777 MiB, 23028 MiB
2026/02/25 16:51:42.604, 1, NVIDIA A10G, 0 %, 0 %, 2413 MiB, 23028 MiB
2026/02/25 16:51:42.604, 2, NVIDIA A10G, 0 %, 0 %, 0 MiB, 23028 MiB
2026/02/25 16:51:42.604, 3, NVIDIA A10G, 0 %, 0 %, 0 MiB, 23028 MiB
2026/02/25 16:51:43.604, 0, NVIDIA A10G, 21 %, 7 %, 1777 MiB, 23028 MiB
2026/02/25 16:51:43.604, 1, NVIDIA A10G, 0 %, 0 %, 2413 MiB, 23028 MiB
2026/02/25 16:51:43.605, 2, NVIDIA A10G, 0 %, 0 %, 0 MiB, 23028 MiB
2026/02/25 16:51:43.605, 3, NVIDIA A10G, 0 %, 0 %, 0 MiB, 23028 MiB
2026/02/25 16:51:44.605, 0, NVIDIA A10G, 21 %, 7 %, 1777 MiB, 23028 MiB
2026/02/25 16:51:44.605, 1, NVIDIA A10G, 0 %, 0 %, 2413 MiB, 23028 MiB
2026/02/25 16:51:44.605, 2, NVIDIA A10G, 0 %, 0 %, 0 MiB, 23028 MiB
2026/02/25 16:51:44.605, 3, NVIDIA A10G, 0 %, 0 %, 0 MiB, 23028 MiB
2026/02/25 16:51:45.605, 0, NVIDIA A10G, 0 %, 0 %, 1777 MiB, 23028 MiB
2026/02/25 16:51:45.605, 1, NVIDIA A10G, 0 %, 0 %, 2413 MiB, 23028 MiB
2026/02/25 16:51:45.605, 2, NVIDIA A10G, 0 %, 0 %, 0 MiB, 23028 MiB
2026/02/25 16:51:45.605, 3, NVIDIA A10G, 0 %, 0 %, 0 MiB, 23028 MiB
2026/02/25 16:51:46.606, 0, NVIDIA A10G, 0 %, 0 %, 1777 MiB, 23028 MiB
2026/02/25 16:51:46.606, 1, NVIDIA A10G, 0 %, 0 %, 2413 MiB, 23028 MiB
2026/02/25 16:51:46.606, 2, NVIDIA A10G, 0 %, 0 %, 0 MiB, 23028 MiB
2026/02/25 16:51:46.606, 3, NVIDIA A10G, 0 %, 0 %, 0 MiB, 23028 MiB
2026/02/25 16:51:47.606, 0, NVIDIA A10G, 0 %, 0 %, 1777 MiB, 23028 MiB
2026/02/25 16:51:47.606, 1, NVIDIA A10G, 0 %, 0 %, 2413 MiB, 23028 MiB
2026/02/25 16:51:47.606, 2, NVIDIA A10G, 0 %, 0 %, 0 MiB, 23028 MiB
2026/02/25 16:51:47.606, 3, NVIDIA A10G, 0 %, 0 %, 0 MiB, 23028 MiB
2026/02/25 16:51:48.606, 0, NVIDIA A10G, 0 %, 0 %, 1777 MiB, 23028 MiB
2026/02/25 16:51:48.606, 1, NVIDIA A10G, 92 %, 61 %, 2413 MiB, 23028 MiB
2026/02/25 16:51:48.606, 2, NVIDIA A10G, 0 %, 0 %, 0 MiB, 23028 MiB
2026/02/25 16:51:48.606, 3, NVIDIA A10G, 0 %, 0 %, 0 MiB, 23028 MiB
2026/02/25 16:51:49.607, 0, NVIDIA A10G, 0 %, 0 %, 1777 MiB, 23028 MiB
2026/02/25 16:51:49.607, 1, NVIDIA A10G, 5 %, 2 %, 2413 MiB, 23028 MiB
2026/02/25 16:51:49.607, 2, NVIDIA A10G, 0 %, 0 %, 0 MiB, 23028 MiB
2026/02/25 16:51:49.607, 3, NVIDIA A10G, 0 %, 0 %, 0 MiB, 23028 MiB
2026/02/25 16:51:50.607, 0, NVIDIA A10G, 0 %, 0 %, 1777 MiB, 23028 MiB
2026/02/25 16:51:50.607, 1, NVIDIA A10G, 23 %, 8 %, 2413 MiB, 23028 MiB
2026/02/25 16:51:50.607, 2, NVIDIA A10G, 0 %, 0 %, 0 MiB, 23028 MiB
2026/02/25 16:51:50.607, 3, NVIDIA A10G, 0 %, 0 %, 0 MiB, 23028 MiB
2026/02/25 16:51:51.607, 0, NVIDIA A10G, 0 %, 0 %, 1777 MiB, 23028 MiB
2026/02/25 16:51:51.607, 1, NVIDIA A10G, 21 %, 7 %, 2413 MiB, 23028 MiB
2026/02/25 16:51:51.607, 2, NVIDIA A10G, 0 %, 0 %, 0 MiB, 23028 MiB
2026/02/25 16:51:51.607, 3, NVIDIA A10G, 0 %, 0 %, 0 MiB, 23028 MiB
2026/02/25 16:51:52.608, 0, NVIDIA A10G, 0 %, 0 %, 1777 MiB, 23028 MiB
2026/02/25 16:51:52.608, 1, NVIDIA A10G, 23 %, 8 %, 2413 MiB, 23028 MiB
2026/02/25 16:51:52.608, 2, NVIDIA A10G, 0 %, 0 %, 0 MiB, 23028 MiB
2026/02/25 16:51:52.608, 3, NVIDIA A10G, 0 %, 0 %, 0 MiB, 23028 MiB
2026/02/25 16:51:53.608, 0, NVIDIA A10G, 0 %, 0 %, 1777 MiB, 23028 MiB
2026/02/25 16:51:53.608, 1, NVIDIA A10G, 21 %, 7 %, 2413 MiB, 23028 MiB
2026/02/25 16:51:53.608, 2, NVIDIA A10G, 0 %, 0 %, 0 MiB, 23028 MiB
2026/02/25 16:51:53.608, 3, NVIDIA A10G, 0 %, 0 %, 0 MiB, 23028 MiB
2026/02/25 16:51:54.608, 0, NVIDIA A10G, 0 %, 0 %, 1777 MiB, 23028 MiB
2026/02/25 16:51:54.608, 1, NVIDIA A10G, 23 %, 8 %, 2413 MiB, 23028 MiB
2026/02/25 16:51:54.609, 2, NVIDIA A10G, 0 %, 0 %, 0 MiB, 23028 MiB
2026/02/25 16:51:54.609, 3, NVIDIA A10G, 0 %, 0 %, 0 MiB, 23028 MiB
2026/02/25 16:51:55.609, 0, NVIDIA A10G, 0 %, 0 %, 1777 MiB, 23028 MiB
2026/02/25 16:51:55.609, 1, NVIDIA A10G, 24 %, 8 %, 2413 MiB, 23028 MiB
2026/02/25 16:51:55.609, 2, NVIDIA A10G, 0 %, 0 %, 0 MiB, 23028 MiB
2026/02/25 16:51:55.609, 3, NVIDIA A10G, 0 %, 0 %, 0 MiB, 23028 MiB
2026/02/25 16:51:56.609, 0, NVIDIA A10G, 0 %, 0 %, 1777 MiB, 23028 MiB
2026/02/25 16:51:56.609, 1, NVIDIA A10G, 21 %, 7 %, 2413 MiB, 23028 MiB
2026/02/25 16:51:56.609, 2, NVIDIA A10G, 0 %, 0 %, 0 MiB, 23028 MiB
2026/02/25 16:51:56.609, 3, NVIDIA A10G, 0 %, 0 %, 0 MiB, 23028 MiB
2026/02/25 16:51:57.609, 0, NVIDIA A10G, 20 %, 7 %, 1777 MiB, 23028 MiB
2026/02/25 16:51:57.609, 1, NVIDIA A10G, 22 %, 7 %, 2413 MiB, 23028 MiB
2026/02/25 16:51:57.610, 2, NVIDIA A10G, 0 %, 0 %, 0 MiB, 23028 MiB
2026/02/25 16:51:57.610, 3, NVIDIA A10G, 0 %, 0 %, 0 MiB, 23028 MiB
2026/02/25 16:51:58.610, 0, NVIDIA A10G, 22 %, 8 %, 1777 MiB, 23028 MiB
2026/02/25 16:51:58.610, 1, NVIDIA A10G, 20 %, 7 %, 2413 MiB, 23028 MiB
2026/02/25 16:51:58.610, 2, NVIDIA A10G, 0 %, 0 %, 0 MiB, 23028 MiB
2026/02/25 16:51:58.610, 3, NVIDIA A10G, 0 %, 0 %, 0 MiB, 23028 MiB
2026/02/25 16:51:59.610, 0, NVIDIA A10G, 20 %, 7 %, 1777 MiB, 23028 MiB
2026/02/25 16:51:59.610, 1, NVIDIA A10G, 22 %, 8 %, 2413 MiB, 23028 MiB
2026/02/25 16:51:59.610, 2, NVIDIA A10G, 0 %, 0 %, 0 MiB, 23028 MiB
2026/02/25 16:51:59.610, 3, NVIDIA A10G, 0 %, 0 %, 0 MiB, 23028 MiB
2026/02/25 16:52:00.610, 0, NVIDIA A10G, 19 %, 6 %, 1777 MiB, 23028 MiB
2026/02/25 16:52:00.611, 1, NVIDIA A10G, 21 %, 7 %, 2413 MiB, 23028 MiB
2026/02/25 16:52:00.611, 2, NVIDIA A10G, 0 %, 0 %, 0 MiB, 23028 MiB
2026/02/25 16:52:00.611, 3, NVIDIA A10G, 0 %, 0 %, 0 MiB, 23028 MiB
2026/02/25 16:52:01.611, 0, NVIDIA A10G, 21 %, 7 %, 1777 MiB, 23028 MiB
2026/02/25 16:52:01.611, 1, NVIDIA A10G, 22 %, 8 %, 2413 MiB, 23028 MiB
2026/02/25 16:52:01.611, 2, NVIDIA A10G, 0 %, 0 %, 0 MiB, 23028 MiB
2026/02/25 16:52:01.611, 3, NVIDIA A10G, 0 %, 0 %, 0 MiB, 23028 MiB
2026/02/25 16:52:02.611, 0, NVIDIA A10G, 22 %, 8 %, 1777 MiB, 23028 MiB
2026/02/25 16:52:02.611, 1, NVIDIA A10G, 0 %, 0 %, 2413 MiB, 23028 MiB
2026/02/25 16:52:02.611, 2, NVIDIA A10G, 0 %, 0 %, 0 MiB, 23028 MiB
2026/02/25 16:52:02.611, 3, NVIDIA A10G, 0 %, 0 %, 0 MiB, 23028 MiB
2026/02/25 16:52:03.611, 0, NVIDIA A10G, 23 %, 8 %, 1777 MiB, 23028 MiB
2026/02/25 16:52:03.611, 1, NVIDIA A10G, 0 %, 0 %, 2413 MiB, 23028 MiB
2026/02/25 16:52:03.611, 2, NVIDIA A10G, 0 %, 0 %, 0 MiB, 23028 MiB
2026/02/25 16:52:03.611, 3, NVIDIA A10G, 0 %, 0 %, 0 MiB, 23028 MiB
2026/02/25 16:52:04.612, 0, NVIDIA A10G, 20 %, 7 %, 1777 MiB, 23028 MiB
2026/02/25 16:52:04.612, 1, NVIDIA A10G, 0 %, 0 %, 2413 MiB, 23028 MiB
2026/02/25 16:52:04.612, 2, NVIDIA A10G, 0 %, 0 %, 0 MiB, 23028 MiB
2026/02/25 16:52:04.612, 3, NVIDIA A10G, 0 %, 0 %, 0 MiB, 23028 MiB
2026/02/25 16:52:05.612, 0, NVIDIA A10G, 22 %, 8 %, 1777 MiB, 23028 MiB
2026/02/25 16:52:05.612, 1, NVIDIA A10G, 2 %, 0 %, 2413 MiB, 23028 MiB
2026/02/25 16:52:05.612, 2, NVIDIA A10G, 0 %, 0 %, 0 MiB, 23028 MiB
2026/02/25 16:52:05.612, 3, NVIDIA A10G, 0 %, 0 %, 0 MiB, 23028 MiB
2026/02/25 16:52:06.612, 0, NVIDIA A10G, 20 %, 6 %, 1777 MiB, 23028 MiB
2026/02/25 16:52:06.612, 1, NVIDIA A10G, 18 %, 6 %, 2413 MiB, 23028 MiB
2026/02/25 16:52:06.612, 2, NVIDIA A10G, 0 %, 0 %, 0 MiB, 23028 MiB
2026/02/25 16:52:06.612, 3, NVIDIA A10G, 0 %, 0 %, 0 MiB, 23028 MiB
2026/02/25 16:52:07.613, 0, NVIDIA A10G, 19 %, 6 %, 1777 MiB, 23028 MiB
2026/02/25 16:52:07.613, 1, NVIDIA A10G, 21 %, 7 %, 2413 MiB, 23028 MiB
2026/02/25 16:52:07.613, 2, NVIDIA A10G, 0 %, 0 %, 0 MiB, 23028 MiB
2026/02/25 16:52:07.613, 3, NVIDIA A10G, 0 %, 0 %, 0 MiB, 23028 MiB
2026/02/25 16:52:08.613, 0, NVIDIA A10G, 20 %, 7 %, 1777 MiB, 23028 MiB
2026/02/25 16:52:08.614, 1, NVIDIA A10G, 22 %, 7 %, 2413 MiB, 23028 MiB
2026/02/25 16:52:08.614, 2, NVIDIA A10G, 0 %, 0 %, 0 MiB, 23028 MiB
2026/02/25 16:52:08.614, 3, NVIDIA A10G, 0 %, 0 %, 0 MiB, 23028 MiB
2026/02/25 16:52:09.614, 0, NVIDIA A10G, 21 %, 7 %, 1777 MiB, 23028 MiB
2026/02/25 16:52:09.614, 1, NVIDIA A10G, 0 %, 0 %, 2413 MiB, 23028 MiB
2026/02/25 16:52:09.614, 2, NVIDIA A10G, 0 %, 0 %, 0 MiB, 23028 MiB
2026/02/25 16:52:09.614, 3, NVIDIA A10G, 0 %, 0 %, 0 MiB, 23028 MiB
2026/02/25 16:52:10.614, 0, NVIDIA A10G, 0 %, 0 %, 1777 MiB, 23028 MiB
2026/02/25 16:52:10.614, 1, NVIDIA A10G, 0 %, 0 %, 2413 MiB, 23028 MiB
2026/02/25 16:52:10.614, 2, NVIDIA A10G, 0 %, 0 %, 0 MiB, 23028 MiB
2026/02/25 16:52:10.614, 3, NVIDIA A10G, 0 %, 0 %, 0 MiB, 23028 MiB
2026/02/25 16:52:11.614, 0, NVIDIA A10G, 0 %, 0 %, 1777 MiB, 23028 MiB
2026/02/25 16:52:11.615, 1, NVIDIA A10G, 0 %, 0 %, 2413 MiB, 23028 MiB
2026/02/25 16:52:11.615, 2, NVIDIA A10G, 0 %, 0 %, 0 MiB, 23028 MiB
2026/02/25 16:52:11.615, 3, NVIDIA A10G, 0 %, 0 %, 0 MiB, 23028 MiB
2026/02/25 16:52:12.615, 0, NVIDIA A10G, 0 %, 0 %, 1777 MiB, 23028 MiB
2026/02/25 16:52:12.615, 1, NVIDIA A10G, 0 %, 0 %, 2413 MiB, 23028 MiB
2026/02/25 16:52:12.615, 2, NVIDIA A10G, 0 %, 0 %, 0 MiB, 23028 MiB
2026/02/25 16:52:12.615, 3, NVIDIA A10G, 0 %, 0 %, 0 MiB, 23028 MiB
2026/02/25 16:52:13.615, 0, NVIDIA A10G, 0 %, 0 %, 1777 MiB, 23028 MiB
2026/02/25 16:52:13.615, 1, NVIDIA A10G, 0 %, 0 %, 2413 MiB, 23028 MiB
2026/02/25 16:52:13.615, 2, NVIDIA A10G, 0 %, 0 %, 0 MiB, 23028 MiB
2026/02/25 16:52:13.615, 3, NVIDIA A10G, 0 %, 0 %, 0 MiB, 23028 MiB
2026/02/25 16:52:14.615, 0, NVIDIA A10G, 0 %, 0 %, 1777 MiB, 23028 MiB
2026/02/25 16:52:14.615, 1, NVIDIA A10G, 0 %, 0 %, 2413 MiB, 23028 MiB
2026/02/25 16:52:14.615, 2, NVIDIA A10G, 0 %, 0 %, 0 MiB, 23028 MiB
2026/02/25 16:52:14.615, 3, NVIDIA A10G, 0 %, 0 %, 0 MiB, 23028 MiB
2026/02/25 16:52:15.615, 0, NVIDIA A10G, 0 %, 0 %, 1777 MiB, 23028 MiB
2026/02/25 16:52:15.616, 1, NVIDIA A10G, 0 %, 0 %, 2413 MiB, 23028 MiB
2026/02/25 16:52:15.616, 2, NVIDIA A10G, 0 %, 0 %, 0 MiB, 23028 MiB
2026/02/25 16:52:15.616, 3, NVIDIA A10G, 0 %, 0 %, 0 MiB, 23028 MiB
2026/02/25 16:52:16.616, 0, NVIDIA A10G, 0 %, 0 %, 1777 MiB, 23028 MiB
2026/02/25 16:52:16.616, 1, NVIDIA A10G, 0 %, 0 %, 2413 MiB, 23028 MiB
2026/02/25 16:52:16.616, 2, NVIDIA A10G, 0 %, 0 %, 0 MiB, 23028 MiB
2026/02/25 16:52:16.616, 3, NVIDIA A10G, 0 %, 0 %, 0 MiB, 23028 MiB
2026/02/25 16:52:17.616, 0, NVIDIA A10G, 0 %, 0 %, 1777 MiB, 23028 MiB
2026/02/25 16:52:17.616, 1, NVIDIA A10G, 0 %, 0 %, 2413 MiB, 23028 MiB
2026/02/25 16:52:17.616, 2, NVIDIA A10G, 0 %, 0 %, 0 MiB, 23028 MiB
2026/02/25 16:52:17.616, 3, NVIDIA A10G, 0 %, 0 %, 0 MiB, 23028 MiB
2026/02/25 16:52:18.617, 0, NVIDIA A10G, 86 %, 56 %, 1777 MiB, 23028 MiB
2026/02/25 16:52:18.617, 1, NVIDIA A10G, 0 %, 0 %, 2413 MiB, 23028 MiB
2026/02/25 16:52:18.617, 2, NVIDIA A10G, 0 %, 0 %, 0 MiB, 23028 MiB
2026/02/25 16:52:18.617, 3, NVIDIA A10G, 0 %, 0 %, 0 MiB, 23028 MiB
2026/02/25 16:52:19.617, 0, NVIDIA A10G, 22 %, 8 %, 1777 MiB, 23028 MiB
2026/02/25 16:52:19.617, 1, NVIDIA A10G, 0 %, 0 %, 2413 MiB, 23028 MiB
2026/02/25 16:52:19.617, 2, NVIDIA A10G, 0 %, 0 %, 0 MiB, 23028 MiB
2026/02/25 16:52:19.617, 3, NVIDIA A10G, 0 %, 0 %, 0 MiB, 23028 MiB
2026/02/25 16:52:20.617, 0, NVIDIA A10G, 24 %, 8 %, 1777 MiB, 23028 MiB
2026/02/25 16:52:20.617, 1, NVIDIA A10G, 0 %, 0 %, 2413 MiB, 23028 MiB
2026/02/25 16:52:20.617, 2, NVIDIA A10G, 0 %, 0 %, 0 MiB, 23028 MiB
2026/02/25 16:52:20.617, 3, NVIDIA A10G, 0 %, 0 %, 0 MiB, 23028 MiB
2026/02/25 16:52:21.617, 0, NVIDIA A10G, 18 %, 6 %, 1777 MiB, 23028 MiB
2026/02/25 16:52:21.618, 1, NVIDIA A10G, 21 %, 8 %, 2413 MiB, 23028 MiB
2026/02/25 16:52:21.618, 2, NVIDIA A10G, 0 %, 0 %, 0 MiB, 23028 MiB
2026/02/25 16:52:21.618, 3, NVIDIA A10G, 0 %, 0 %, 0 MiB, 23028 MiB
2026/02/25 16:52:22.618, 0, NVIDIA A10G, 23 %, 9 %, 1777 MiB, 23028 MiB
2026/02/25 16:52:22.618, 1, NVIDIA A10G, 18 %, 6 %, 2413 MiB, 23028 MiB
2026/02/25 16:52:22.618, 2, NVIDIA A10G, 0 %, 0 %, 0 MiB, 23028 MiB
2026/02/25 16:52:22.618, 3, NVIDIA A10G, 0 %, 0 %, 0 MiB, 23028 MiB
2026/02/25 16:52:23.618, 0, NVIDIA A10G, 20 %, 7 %, 1777 MiB, 23028 MiB
2026/02/25 16:52:23.618, 1, NVIDIA A10G, 21 %, 7 %, 2413 MiB, 23028 MiB
2026/02/25 16:52:23.618, 2, NVIDIA A10G, 0 %, 0 %, 0 MiB, 23028 MiB
2026/02/25 16:52:23.618, 3, NVIDIA A10G, 0 %, 0 %, 0 MiB, 23028 MiB
2026/02/25 16:52:24.618, 0, NVIDIA A10G, 20 %, 7 %, 1777 MiB, 23028 MiB
2026/02/25 16:52:24.618, 1, NVIDIA A10G, 21 %, 7 %, 2413 MiB, 23028 MiB
2026/02/25 16:52:24.618, 2, NVIDIA A10G, 0 %, 0 %, 0 MiB, 23028 MiB
2026/02/25 16:52:24.618, 3, NVIDIA A10G, 0 %, 0 %, 0 MiB, 23028 MiB
2026/02/25 16:52:25.619, 0, NVIDIA A10G, 20 %, 7 %, 1777 MiB, 23028 MiB
2026/02/25 16:52:25.619, 1, NVIDIA A10G, 23 %, 8 %, 2413 MiB, 23028 MiB
2026/02/25 16:52:25.619, 2, NVIDIA A10G, 0 %, 0 %, 0 MiB, 23028 MiB
2026/02/25 16:52:25.619, 3, NVIDIA A10G, 0 %, 0 %, 0 MiB, 23028 MiB
2026/02/25 16:52:26.619, 0, NVIDIA A10G, 19 %, 7 %, 1777 MiB, 23028 MiB
2026/02/25 16:52:26.619, 1, NVIDIA A10G, 19 %, 7 %, 2413 MiB, 23028 MiB
2026/02/25 16:52:26.619, 2, NVIDIA A10G, 0 %, 0 %, 0 MiB, 23028 MiB
2026/02/25 16:52:26.619, 3, NVIDIA A10G, 0 %, 0 %, 0 MiB, 23028 MiB
2026/02/25 16:52:27.619, 0, NVIDIA A10G, 21 %, 7 %, 1777 MiB, 23028 MiB
2026/02/25 16:52:27.619, 1, NVIDIA A10G, 21 %, 7 %, 2413 MiB, 23028 MiB
2026/02/25 16:52:27.620, 2, NVIDIA A10G, 0 %, 0 %, 0 MiB, 23028 MiB
2026/02/25 16:52:27.620, 3, NVIDIA A10G, 0 %, 0 %, 0 MiB, 23028 MiB
2026/02/25 16:52:28.620, 0, NVIDIA A10G, 0 %, 0 %, 1777 MiB, 23028 MiB
2026/02/25 16:52:28.620, 1, NVIDIA A10G, 22 %, 8 %, 2413 MiB, 23028 MiB
2026/02/25 16:52:28.620, 2, NVIDIA A10G, 0 %, 0 %, 0 MiB, 23028 MiB
2026/02/25 16:52:28.620, 3, NVIDIA A10G, 0 %, 0 %, 0 MiB, 23028 MiB
2026/02/25 16:52:29.620, 0, NVIDIA A10G, 0 %, 0 %, 1777 MiB, 23028 MiB
2026/02/25 16:52:29.620, 1, NVIDIA A10G, 22 %, 8 %, 2413 MiB, 23028 MiB
2026/02/25 16:52:29.620, 2, NVIDIA A10G, 0 %, 0 %, 0 MiB, 23028 MiB
2026/02/25 16:52:29.620, 3, NVIDIA A10G, 0 %, 0 %, 0 MiB, 23028 MiB
2026/02/25 16:52:30.620, 0, NVIDIA A10G, 0 %, 0 %, 1777 MiB, 23028 MiB
2026/02/25 16:52:30.621, 1, NVIDIA A10G, 23 %, 8 %, 2413 MiB, 23028 MiB
2026/02/25 16:52:30.621, 2, NVIDIA A10G, 0 %, 0 %, 0 MiB, 23028 MiB
2026/02/25 16:52:30.621, 3, NVIDIA A10G, 0 %, 0 %, 0 MiB, 23028 MiB
2026/02/25 16:52:31.621, 0, NVIDIA A10G, 0 %, 0 %, 1777 MiB, 23028 MiB
2026/02/25 16:52:31.621, 1, NVIDIA A10G, 24 %, 8 %, 2413 MiB, 23028 MiB
2026/02/25 16:52:31.621, 2, NVIDIA A10G, 0 %, 0 %, 0 MiB, 23028 MiB
2026/02/25 16:52:31.621, 3, NVIDIA A10G, 0 %, 0 %, 0 MiB, 23028 MiB
2026/02/25 16:52:32.621, 0, NVIDIA A10G, 0 %, 0 %, 1777 MiB, 23028 MiB
2026/02/25 16:52:32.621, 1, NVIDIA A10G, 0 %, 0 %, 2413 MiB, 23028 MiB
2026/02/25 16:52:32.621, 2, NVIDIA A10G, 0 %, 0 %, 0 MiB, 23028 MiB
2026/02/25 16:52:32.622, 3, NVIDIA A10G, 0 %, 0 %, 0 MiB, 23028 MiB
2026/02/25 16:52:33.622, 0, NVIDIA A10G, 0 %, 0 %, 1777 MiB, 23028 MiB
2026/02/25 16:52:33.622, 1, NVIDIA A10G, 0 %, 0 %, 2413 MiB, 23028 MiB
2026/02/25 16:52:33.622, 2, NVIDIA A10G, 0 %, 0 %, 0 MiB, 23028 MiB
2026/02/25 16:52:33.622, 3, NVIDIA A10G, 0 %, 0 %, 0 MiB, 23028 MiB
2026/02/25 16:52:34.622, 0, NVIDIA A10G, 0 %, 0 %, 1777 MiB, 23028 MiB
2026/02/25 16:52:34.622, 1, NVIDIA A10G, 0 %, 0 %, 2413 MiB, 23028 MiB
2026/02/25 16:52:34.622, 2, NVIDIA A10G, 0 %, 0 %, 0 MiB, 23028 MiB
2026/02/25 16:52:34.622, 3, NVIDIA A10G, 0 %, 0 %, 0 MiB, 23028 MiB
2026/02/25 16:52:35.622, 0, NVIDIA A10G, 22 %, 7 %, 1777 MiB, 23028 MiB
2026/02/25 16:52:35.622, 1, NVIDIA A10G, 0 %, 0 %, 2413 MiB, 23028 MiB
2026/02/25 16:52:35.622, 2, NVIDIA A10G, 0 %, 0 %, 0 MiB, 23028 MiB
2026/02/25 16:52:35.622, 3, NVIDIA A10G, 0 %, 0 %, 0 MiB, 23028 MiB
2026/02/25 16:52:36.622, 0, NVIDIA A10G, 21 %, 7 %, 1777 MiB, 23028 MiB
2026/02/25 16:52:36.623, 1, NVIDIA A10G, 0 %, 0 %, 2413 MiB, 23028 MiB
2026/02/25 16:52:36.623, 2, NVIDIA A10G, 0 %, 0 %, 0 MiB, 23028 MiB
2026/02/25 16:52:36.623, 3, NVIDIA A10G, 0 %, 0 %, 0 MiB, 23028 MiB
2026/02/25 16:52:37.623, 0, NVIDIA A10G, 20 %, 7 %, 1777 MiB, 23028 MiB
2026/02/25 16:52:37.623, 1, NVIDIA A10G, 8 %, 3 %, 2413 MiB, 23028 MiB
2026/02/25 16:52:37.623, 2, NVIDIA A10G, 0 %, 0 %, 0 MiB, 23028 MiB
2026/02/25 16:52:37.623, 3, NVIDIA A10G, 0 %, 0 %, 0 MiB, 23028 MiB
2026/02/25 16:52:38.623, 0, NVIDIA A10G, 21 %, 7 %, 1777 MiB, 23028 MiB
2026/02/25 16:52:38.623, 1, NVIDIA A10G, 19 %, 6 %, 2413 MiB, 23028 MiB
2026/02/25 16:52:38.623, 2, NVIDIA A10G, 0 %, 0 %, 0 MiB, 23028 MiB
2026/02/25 16:52:38.623, 3, NVIDIA A10G, 0 %, 0 %, 0 MiB, 23028 MiB
2026/02/25 16:52:39.623, 0, NVIDIA A10G, 21 %, 7 %, 1777 MiB, 23028 MiB
2026/02/25 16:52:39.624, 1, NVIDIA A10G, 17 %, 5 %, 2413 MiB, 23028 MiB
2026/02/25 16:52:39.624, 2, NVIDIA A10G, 0 %, 0 %, 0 MiB, 23028 MiB
2026/02/25 16:52:39.624, 3, NVIDIA A10G, 0 %, 0 %, 0 MiB, 23028 MiB
2026/02/25 16:52:40.624, 0, NVIDIA A10G, 19 %, 6 %, 1777 MiB, 23028 MiB
2026/02/25 16:52:40.624, 1, NVIDIA A10G, 21 %, 7 %, 2413 MiB, 23028 MiB
2026/02/25 16:52:40.624, 2, NVIDIA A10G, 0 %, 0 %, 0 MiB, 23028 MiB
2026/02/25 16:52:40.624, 3, NVIDIA A10G, 0 %, 0 %, 0 MiB, 23028 MiB
2026/02/25 16:52:41.624, 0, NVIDIA A10G, 20 %, 7 %, 1777 MiB, 23028 MiB
2026/02/25 16:52:41.624, 1, NVIDIA A10G, 17 %, 5 %, 2413 MiB, 23028 MiB
2026/02/25 16:52:41.624, 2, NVIDIA A10G, 0 %, 0 %, 0 MiB, 23028 MiB
2026/02/25 16:52:41.625, 3, NVIDIA A10G, 0 %, 0 %, 0 MiB, 23028 MiB
2026/02/25 16:52:42.625, 0, NVIDIA A10G, 0 %, 0 %, 1777 MiB, 23028 MiB
2026/02/25 16:52:42.625, 1, NVIDIA A10G, 18 %, 5 %, 2413 MiB, 23028 MiB
2026/02/25 16:52:42.625, 2, NVIDIA A10G, 0 %, 0 %, 0 MiB, 23028 MiB
2026/02/25 16:52:42.625, 3, NVIDIA A10G, 0 %, 0 %, 0 MiB, 23028 MiB
2026/02/25 16:52:43.625, 0, NVIDIA A10G, 0 %, 0 %, 1777 MiB, 23028 MiB
2026/02/25 16:52:43.625, 1, NVIDIA A10G, 14 %, 5 %, 2413 MiB, 23028 MiB
2026/02/25 16:52:43.625, 2, NVIDIA A10G, 0 %, 0 %, 0 MiB, 23028 MiB
2026/02/25 16:52:43.625, 3, NVIDIA A10G, 0 %, 0 %, 0 MiB, 23028 MiB
2026/02/25 16:52:44.625, 0, NVIDIA A10G, 0 %, 0 %, 1777 MiB, 23028 MiB
2026/02/25 16:52:44.626, 1, NVIDIA A10G, 0 %, 0 %, 2413 MiB, 23028 MiB
2026/02/25 16:52:44.626, 2, NVIDIA A10G, 0 %, 0 %, 0 MiB, 23028 MiB
2026/02/25 16:52:44.626, 3, NVIDIA A10G, 0 %, 0 %, 0 MiB, 23028 MiB
2026/02/25 16:52:45.626, 0, NVIDIA A10G, 0 %, 0 %, 1777 MiB, 23028 MiB
2026/02/25 16:52:45.626, 1, NVIDIA A10G, 0 %, 0 %, 2413 MiB, 23028 MiB
2026/02/25 16:52:45.626, 2, NVIDIA A10G, 0 %, 0 %, 0 MiB, 23028 MiB
2026/02/25 16:52:45.626, 3, NVIDIA A10G, 0 %, 0 %, 0 MiB, 23028 MiB
2026/02/25 16:52:46.626, 0, NVIDIA A10G, 0 %, 0 %, 1777 MiB, 23028 MiB
2026/02/25 16:52:46.626, 1, NVIDIA A10G, 88 %, 57 %, 2415 MiB, 23028 MiB
2026/02/25 16:52:46.626, 2, NVIDIA A10G, 0 %, 0 %, 0 MiB, 23028 MiB
2026/02/25 16:52:46.626, 3, NVIDIA A10G, 0 %, 0 %, 0 MiB, 23028 MiB
2026/02/25 16:52:47.627, 0, NVIDIA A10G, 0 %, 0 %, 1777 MiB, 23028 MiB
2026/02/25 16:52:47.627, 1, NVIDIA A10G, 20 %, 7 %, 2415 MiB, 23028 MiB
2026/02/25 16:52:47.627, 2, NVIDIA A10G, 0 %, 0 %, 0 MiB, 23028 MiB
2026/02/25 16:52:47.627, 3, NVIDIA A10G, 0 %, 0 %, 0 MiB, 23028 MiB
2026/02/25 16:52:48.627, 0, NVIDIA A10G, 0 %, 0 %, 1777 MiB, 23028 MiB
2026/02/25 16:52:48.627, 1, NVIDIA A10G, 21 %, 7 %, 2415 MiB, 23028 MiB
2026/02/25 16:52:48.627, 2, NVIDIA A10G, 0 %, 0 %, 0 MiB, 23028 MiB
2026/02/25 16:52:48.627, 3, NVIDIA A10G, 0 %, 0 %, 0 MiB, 23028 MiB
2026/02/25 16:52:49.627, 0, NVIDIA A10G, 0 %, 0 %, 1777 MiB, 23028 MiB
2026/02/25 16:52:49.627, 1, NVIDIA A10G, 19 %, 6 %, 2415 MiB, 23028 MiB
2026/02/25 16:52:49.628, 2, NVIDIA A10G, 0 %, 0 %, 0 MiB, 23028 MiB
2026/02/25 16:52:49.628, 3, NVIDIA A10G, 0 %, 0 %, 0 MiB, 23028 MiB
2026/02/25 16:52:50.628, 0, NVIDIA A10G, 65 %, 43 %, 1777 MiB, 23028 MiB
2026/02/25 16:52:50.628, 1, NVIDIA A10G, 19 %, 6 %, 2415 MiB, 23028 MiB
2026/02/25 16:52:50.628, 2, NVIDIA A10G, 0 %, 0 %, 0 MiB, 23028 MiB
2026/02/25 16:52:50.628, 3, NVIDIA A10G, 0 %, 0 %, 0 MiB, 23028 MiB
2026/02/25 16:52:51.628, 0, NVIDIA A10G, 22 %, 7 %, 1777 MiB, 23028 MiB
2026/02/25 16:52:51.628, 1, NVIDIA A10G, 0 %, 0 %, 2415 MiB, 23028 MiB
2026/02/25 16:52:51.628, 2, NVIDIA A10G, 0 %, 0 %, 0 MiB, 23028 MiB
2026/02/25 16:52:51.628, 3, NVIDIA A10G, 0 %, 0 %, 0 MiB, 23028 MiB
2026/02/25 16:52:52.628, 0, NVIDIA A10G, 21 %, 7 %, 1777 MiB, 23028 MiB
2026/02/25 16:52:52.629, 1, NVIDIA A10G, 0 %, 0 %, 2415 MiB, 23028 MiB
2026/02/25 16:52:52.629, 2, NVIDIA A10G, 0 %, 0 %, 0 MiB, 23028 MiB
2026/02/25 16:52:52.629, 3, NVIDIA A10G, 0 %, 0 %, 0 MiB, 23028 MiB
2026/02/25 16:52:53.629, 0, NVIDIA A10G, 21 %, 7 %, 1777 MiB, 23028 MiB
2026/02/25 16:52:53.629, 1, NVIDIA A10G, 0 %, 0 %, 2415 MiB, 23028 MiB
2026/02/25 16:52:53.629, 2, NVIDIA A10G, 0 %, 0 %, 0 MiB, 23028 MiB
2026/02/25 16:52:53.629, 3, NVIDIA A10G, 0 %, 0 %, 0 MiB, 23028 MiB
2026/02/25 16:52:54.629, 0, NVIDIA A10G, 22 %, 8 %, 1777 MiB, 23028 MiB
2026/02/25 16:52:54.629, 1, NVIDIA A10G, 0 %, 0 %, 2415 MiB, 23028 MiB
2026/02/25 16:52:54.629, 2, NVIDIA A10G, 0 %, 0 %, 0 MiB, 23028 MiB
2026/02/25 16:52:54.629, 3, NVIDIA A10G, 0 %, 0 %, 0 MiB, 23028 MiB
2026/02/25 16:52:55.629, 0, NVIDIA A10G, 20 %, 7 %, 1777 MiB, 23028 MiB
2026/02/25 16:52:55.629, 1, NVIDIA A10G, 0 %, 0 %, 2415 MiB, 23028 MiB
2026/02/25 16:52:55.630, 2, NVIDIA A10G, 0 %, 0 %, 0 MiB, 23028 MiB
2026/02/25 16:52:55.630, 3, NVIDIA A10G, 0 %, 0 %, 0 MiB, 23028 MiB
2026/02/25 16:52:56.630, 0, NVIDIA A10G, 22 %, 7 %, 1777 MiB, 23028 MiB
2026/02/25 16:52:56.630, 1, NVIDIA A10G, 0 %, 0 %, 2415 MiB, 23028 MiB
2026/02/25 16:52:56.630, 2, NVIDIA A10G, 0 %, 0 %, 0 MiB, 23028 MiB
2026/02/25 16:52:56.630, 3, NVIDIA A10G, 0 %, 0 %, 0 MiB, 23028 MiB
2026/02/25 16:52:57.630, 0, NVIDIA A10G, 19 %, 6 %, 1777 MiB, 23028 MiB
2026/02/25 16:52:57.630, 1, NVIDIA A10G, 0 %, 0 %, 2415 MiB, 23028 MiB
2026/02/25 16:52:57.630, 2, NVIDIA A10G, 0 %, 0 %, 0 MiB, 23028 MiB
2026/02/25 16:52:57.630, 3, NVIDIA A10G, 0 %, 0 %, 0 MiB, 23028 MiB
2026/02/25 16:52:58.630, 0, NVIDIA A10G, 23 %, 8 %, 1777 MiB, 23028 MiB
2026/02/25 16:52:58.630, 1, NVIDIA A10G, 80 %, 53 %, 2415 MiB, 23028 MiB
2026/02/25 16:52:58.630, 2, NVIDIA A10G, 0 %, 0 %, 0 MiB, 23028 MiB
2026/02/25 16:52:58.630, 3, NVIDIA A10G, 0 %, 0 %, 0 MiB, 23028 MiB
2026/02/25 16:52:59.631, 0, NVIDIA A10G, 19 %, 6 %, 1777 MiB, 23028 MiB
2026/02/25 16:52:59.631, 1, NVIDIA A10G, 22 %, 8 %, 2415 MiB, 23028 MiB
2026/02/25 16:52:59.631, 2, NVIDIA A10G, 0 %, 0 %, 0 MiB, 23028 MiB
2026/02/25 16:52:59.631, 3, NVIDIA A10G, 0 %, 0 %, 0 MiB, 23028 MiB
2026/02/25 16:53:00.631, 0, NVIDIA A10G, 20 %, 7 %, 1777 MiB, 23028 MiB
2026/02/25 16:53:00.631, 1, NVIDIA A10G, 22 %, 8 %, 2415 MiB, 23028 MiB
2026/02/25 16:53:00.631, 2, NVIDIA A10G, 0 %, 0 %, 0 MiB, 23028 MiB
2026/02/25 16:53:00.631, 3, NVIDIA A10G, 0 %, 0 %, 0 MiB, 23028 MiB
2026/02/25 16:53:01.631, 0, NVIDIA A10G, 0 %, 0 %, 1777 MiB, 23028 MiB
2026/02/25 16:53:01.631, 1, NVIDIA A10G, 21 %, 7 %, 2415 MiB, 23028 MiB
2026/02/25 16:53:01.631, 2, NVIDIA A10G, 0 %, 0 %, 0 MiB, 23028 MiB
2026/02/25 16:53:01.631, 3, NVIDIA A10G, 0 %, 0 %, 0 MiB, 23028 MiB
2026/02/25 16:53:02.632, 0, NVIDIA A10G, 0 %, 0 %, 1777 MiB, 23028 MiB
2026/02/25 16:53:02.632, 1, NVIDIA A10G, 20 %, 6 %, 2415 MiB, 23028 MiB
2026/02/25 16:53:02.632, 2, NVIDIA A10G, 0 %, 0 %, 0 MiB, 23028 MiB
2026/02/25 16:53:02.632, 3, NVIDIA A10G, 0 %, 0 %, 0 MiB, 23028 MiB
2026/02/25 16:53:03.632, 0, NVIDIA A10G, 0 %, 0 %, 1777 MiB, 23028 MiB
2026/02/25 16:53:03.632, 1, NVIDIA A10G, 18 %, 6 %, 2415 MiB, 23028 MiB
2026/02/25 16:53:03.632, 2, NVIDIA A10G, 0 %, 0 %, 0 MiB, 23028 MiB
2026/02/25 16:53:03.632, 3, NVIDIA A10G, 0 %, 0 %, 0 MiB, 23028 MiB
2026/02/25 16:53:04.632, 0, NVIDIA A10G, 0 %, 0 %, 1777 MiB, 23028 MiB
2026/02/25 16:53:04.632, 1, NVIDIA A10G, 23 %, 8 %, 2415 MiB, 23028 MiB
2026/02/25 16:53:04.633, 2, NVIDIA A10G, 0 %, 0 %, 0 MiB, 23028 MiB
2026/02/25 16:53:04.633, 3, NVIDIA A10G, 0 %, 0 %, 0 MiB, 23028 MiB
2026/02/25 16:53:05.633, 0, NVIDIA A10G, 0 %, 0 %, 1777 MiB, 23028 MiB
2026/02/25 16:53:05.633, 1, NVIDIA A10G, 23 %, 8 %, 2415 MiB, 23028 MiB
2026/02/25 16:53:05.633, 2, NVIDIA A10G, 0 %, 0 %, 0 MiB, 23028 MiB
2026/02/25 16:53:05.633, 3, NVIDIA A10G, 0 %, 0 %, 0 MiB, 23028 MiB
2026/02/25 16:53:06.633, 0, NVIDIA A10G, 0 %, 0 %, 1777 MiB, 23028 MiB
2026/02/25 16:53:06.633, 1, NVIDIA A10G, 24 %, 8 %, 2415 MiB, 23028 MiB
2026/02/25 16:53:06.633, 2, NVIDIA A10G, 0 %, 0 %, 0 MiB, 23028 MiB
2026/02/25 16:53:06.633, 3, NVIDIA A10G, 0 %, 0 %, 0 MiB, 23028 MiB
2026/02/25 16:53:07.634, 0, NVIDIA A10G, 21 %, 7 %, 1777 MiB, 23028 MiB
2026/02/25 16:53:07.634, 1, NVIDIA A10G, 24 %, 8 %, 2415 MiB, 23028 MiB
2026/02/25 16:53:07.634, 2, NVIDIA A10G, 0 %, 0 %, 0 MiB, 23028 MiB
2026/02/25 16:53:07.634, 3, NVIDIA A10G, 0 %, 0 %, 0 MiB, 23028 MiB
2026/02/25 16:53:08.634, 0, NVIDIA A10G, 22 %, 8 %, 1777 MiB, 23028 MiB
2026/02/25 16:53:08.634, 1, NVIDIA A10G, 0 %, 0 %, 2415 MiB, 23028 MiB
2026/02/25 16:53:08.634, 2, NVIDIA A10G, 0 %, 0 %, 0 MiB, 23028 MiB
2026/02/25 16:53:08.634, 3, NVIDIA A10G, 0 %, 0 %, 0 MiB, 23028 MiB
2026/02/25 16:53:09.634, 0, NVIDIA A10G, 21 %, 7 %, 1777 MiB, 23028 MiB
2026/02/25 16:53:09.634, 1, NVIDIA A10G, 0 %, 0 %, 2415 MiB, 23028 MiB
2026/02/25 16:53:09.635, 2, NVIDIA A10G, 0 %, 0 %, 0 MiB, 23028 MiB
2026/02/25 16:53:09.635, 3, NVIDIA A10G, 0 %, 0 %, 0 MiB, 23028 MiB
2026/02/25 16:53:10.635, 0, NVIDIA A10G, 22 %, 7 %, 1777 MiB, 23028 MiB
2026/02/25 16:53:10.635, 1, NVIDIA A10G, 0 %, 0 %, 2415 MiB, 23028 MiB
2026/02/25 16:53:10.635, 2, NVIDIA A10G, 0 %, 0 %, 0 MiB, 23028 MiB
2026/02/25 16:53:10.635, 3, NVIDIA A10G, 0 %, 0 %, 0 MiB, 23028 MiB
2026/02/25 16:53:11.635, 0, NVIDIA A10G, 23 %, 8 %, 1777 MiB, 23028 MiB
2026/02/25 16:53:11.635, 1, NVIDIA A10G, 0 %, 0 %, 2415 MiB, 23028 MiB
2026/02/25 16:53:11.635, 2, NVIDIA A10G, 0 %, 0 %, 0 MiB, 23028 MiB
2026/02/25 16:53:11.635, 3, NVIDIA A10G, 0 %, 0 %, 0 MiB, 23028 MiB
2026/02/25 16:53:12.636, 0, NVIDIA A10G, 22 %, 7 %, 1777 MiB, 23028 MiB
2026/02/25 16:53:12.636, 1, NVIDIA A10G, 0 %, 0 %, 2415 MiB, 23028 MiB
2026/02/25 16:53:12.636, 2, NVIDIA A10G, 0 %, 0 %, 0 MiB, 23028 MiB
2026/02/25 16:53:12.636, 3, NVIDIA A10G, 0 %, 0 %, 0 MiB, 23028 MiB
2026/02/25 16:53:13.636, 0, NVIDIA A10G, 22 %, 7 %, 1777 MiB, 23028 MiB
2026/02/25 16:53:13.636, 1, NVIDIA A10G, 0 %, 0 %, 2415 MiB, 23028 MiB
2026/02/25 16:53:13.636, 2, NVIDIA A10G, 0 %, 0 %, 0 MiB, 23028 MiB
2026/02/25 16:53:13.636, 3, NVIDIA A10G, 0 %, 0 %, 0 MiB, 23028 MiB
2026/02/25 16:53:14.636, 0, NVIDIA A10G, 0 %, 0 %, 1777 MiB, 23028 MiB
2026/02/25 16:53:14.637, 1, NVIDIA A10G, 0 %, 0 %, 2415 MiB, 23028 MiB
2026/02/25 16:53:14.637, 2, NVIDIA A10G, 0 %, 0 %, 0 MiB, 23028 MiB
2026/02/25 16:53:14.637, 3, NVIDIA A10G, 0 %, 0 %, 0 MiB, 23028 MiB
2026/02/25 16:53:15.637, 0, NVIDIA A10G, 0 %, 0 %, 1777 MiB, 23028 MiB
2026/02/25 16:53:15.637, 1, NVIDIA A10G, 0 %, 0 %, 2415 MiB, 23028 MiB
2026/02/25 16:53:15.637, 2, NVIDIA A10G, 0 %, 0 %, 0 MiB, 23028 MiB
2026/02/25 16:53:15.637, 3, NVIDIA A10G, 0 %, 0 %, 0 MiB, 23028 MiB
2026/02/25 16:53:16.637, 0, NVIDIA A10G, 0 %, 0 %, 1777 MiB, 23028 MiB
2026/02/25 16:53:16.637, 1, NVIDIA A10G, 0 %, 0 %, 2415 MiB, 23028 MiB
2026/02/25 16:53:16.637, 2, NVIDIA A10G, 0 %, 0 %, 0 MiB, 23028 MiB
2026/02/25 16:53:16.637, 3, NVIDIA A10G, 0 %, 0 %, 0 MiB, 23028 MiB
2026/02/25 16:53:17.638, 0, NVIDIA A10G, 0 %, 0 %, 1777 MiB, 23028 MiB
2026/02/25 16:53:17.638, 1, NVIDIA A10G, 0 %, 0 %, 2415 MiB, 23028 MiB
2026/02/25 16:53:17.638, 2, NVIDIA A10G, 0 %, 0 %, 0 MiB, 23028 MiB
2026/02/25 16:53:17.638, 3, NVIDIA A10G, 0 %, 0 %, 0 MiB, 23028 MiB
2026/02/25 16:53:18.638, 0, NVIDIA A10G, 0 %, 0 %, 1777 MiB, 23028 MiB
2026/02/25 16:53:18.638, 1, NVIDIA A10G, 0 %, 0 %, 2415 MiB, 23028 MiB
2026/02/25 16:53:18.638, 2, NVIDIA A10G, 0 %, 0 %, 0 MiB, 23028 MiB
2026/02/25 16:53:18.638, 3, NVIDIA A10G, 0 %, 0 %, 0 MiB, 23028 MiB
2026/02/25 16:53:19.638, 0, NVIDIA A10G, 0 %, 0 %, 1777 MiB, 23028 MiB
2026/02/25 16:53:19.638, 1, NVIDIA A10G, 20 %, 6 %, 2415 MiB, 23028 MiB
2026/02/25 16:53:19.638, 2, NVIDIA A10G, 0 %, 0 %, 0 MiB, 23028 MiB
2026/02/25 16:53:19.638, 3, NVIDIA A10G, 0 %, 0 %, 0 MiB, 23028 MiB
2026/02/25 16:53:20.639, 0, NVIDIA A10G, 0 %, 0 %, 1777 MiB, 23028 MiB
2026/02/25 16:53:20.639, 1, NVIDIA A10G, 21 %, 7 %, 2415 MiB, 23028 MiB
2026/02/25 16:53:20.639, 2, NVIDIA A10G, 0 %, 0 %, 0 MiB, 23028 MiB
2026/02/25 16:53:20.639, 3, NVIDIA A10G, 0 %, 0 %, 0 MiB, 23028 MiB
2026/02/25 16:53:21.639, 0, NVIDIA A10G, 0 %, 0 %, 1777 MiB, 23028 MiB
2026/02/25 16:53:21.639, 1, NVIDIA A10G, 21 %, 7 %, 2415 MiB, 23028 MiB
2026/02/25 16:53:21.639, 2, NVIDIA A10G, 0 %, 0 %, 0 MiB, 23028 MiB
2026/02/25 16:53:21.639, 3, NVIDIA A10G, 0 %, 0 %, 0 MiB, 23028 MiB
2026/02/25 16:53:22.639, 0, NVIDIA A10G, 0 %, 0 %, 1777 MiB, 23028 MiB
2026/02/25 16:53:22.639, 1, NVIDIA A10G, 22 %, 7 %, 2415 MiB, 23028 MiB
2026/02/25 16:53:22.639, 2, NVIDIA A10G, 0 %, 0 %, 0 MiB, 23028 MiB
2026/02/25 16:53:22.639, 3, NVIDIA A10G, 0 %, 0 %, 0 MiB, 23028 MiB
2026/02/25 16:53:23.640, 0, NVIDIA A10G, 18 %, 6 %, 1777 MiB, 23028 MiB
2026/02/25 16:53:23.640, 1, NVIDIA A10G, 21 %, 7 %, 2415 MiB, 23028 MiB
2026/02/25 16:53:23.640, 2, NVIDIA A10G, 0 %, 0 %, 0 MiB, 23028 MiB
2026/02/25 16:53:23.640, 3, NVIDIA A10G, 0 %, 0 %, 0 MiB, 23028 MiB
2026/02/25 16:53:24.640, 0, NVIDIA A10G, 21 %, 7 %, 1777 MiB, 23028 MiB
2026/02/25 16:53:24.640, 1, NVIDIA A10G, 21 %, 7 %, 2415 MiB, 23028 MiB
2026/02/25 16:53:24.640, 2, NVIDIA A10G, 0 %, 0 %, 0 MiB, 23028 MiB
2026/02/25 16:53:24.640, 3, NVIDIA A10G, 0 %, 0 %, 0 MiB, 23028 MiB
2026/02/25 16:53:25.641, 0, NVIDIA A10G, 20 %, 7 %, 1777 MiB, 23028 MiB
2026/02/25 16:53:25.641, 1, NVIDIA A10G, 21 %, 7 %, 2415 MiB, 23028 MiB
2026/02/25 16:53:25.641, 2, NVIDIA A10G, 0 %, 0 %, 0 MiB, 23028 MiB
2026/02/25 16:53:25.641, 3, NVIDIA A10G, 0 %, 0 %, 0 MiB, 23028 MiB
2026/02/25 16:53:26.641, 0, NVIDIA A10G, 21 %, 6 %, 1777 MiB, 23028 MiB
2026/02/25 16:53:26.641, 1, NVIDIA A10G, 22 %, 7 %, 2415 MiB, 23028 MiB
2026/02/25 16:53:26.641, 2, NVIDIA A10G, 0 %, 0 %, 0 MiB, 23028 MiB
2026/02/25 16:53:26.641, 3, NVIDIA A10G, 0 %, 0 %, 0 MiB, 23028 MiB
2026/02/25 16:53:27.641, 0, NVIDIA A10G, 20 %, 6 %, 1777 MiB, 23028 MiB
2026/02/25 16:53:27.641, 1, NVIDIA A10G, 21 %, 7 %, 2415 MiB, 23028 MiB
2026/02/25 16:53:27.642, 2, NVIDIA A10G, 0 %, 0 %, 0 MiB, 23028 MiB
2026/02/25 16:53:27.642, 3, NVIDIA A10G, 0 %, 0 %, 0 MiB, 23028 MiB
2026/02/25 16:53:28.642, 0, NVIDIA A10G, 20 %, 7 %, 1777 MiB, 23028 MiB
2026/02/25 16:53:28.642, 1, NVIDIA A10G, 21 %, 7 %, 2415 MiB, 23028 MiB
2026/02/25 16:53:28.642, 2, NVIDIA A10G, 0 %, 0 %, 0 MiB, 23028 MiB
2026/02/25 16:53:28.642, 3, NVIDIA A10G, 0 %, 0 %, 0 MiB, 23028 MiB
2026/02/25 16:53:29.642, 0, NVIDIA A10G, 21 %, 7 %, 1777 MiB, 23028 MiB
2026/02/25 16:53:29.642, 1, NVIDIA A10G, 13 %, 4 %, 2415 MiB, 23028 MiB
2026/02/25 16:53:29.642, 2, NVIDIA A10G, 0 %, 0 %, 0 MiB, 23028 MiB
2026/02/25 16:53:29.642, 3, NVIDIA A10G, 0 %, 0 %, 0 MiB, 23028 MiB
2026/02/25 16:53:30.642, 0, NVIDIA A10G, 21 %, 7 %, 1777 MiB, 23028 MiB
2026/02/25 16:53:30.643, 1, NVIDIA A10G, 0 %, 0 %, 2415 MiB, 23028 MiB
2026/02/25 16:53:30.643, 2, NVIDIA A10G, 0 %, 0 %, 0 MiB, 23028 MiB
2026/02/25 16:53:30.643, 3, NVIDIA A10G, 0 %, 0 %, 0 MiB, 23028 MiB
2026/02/25 16:53:31.643, 0, NVIDIA A10G, 20 %, 6 %, 1777 MiB, 23028 MiB
2026/02/25 16:53:31.643, 1, NVIDIA A10G, 0 %, 0 %, 2415 MiB, 23028 MiB
2026/02/25 16:53:31.643, 2, NVIDIA A10G, 0 %, 0 %, 0 MiB, 23028 MiB
2026/02/25 16:53:31.643, 3, NVIDIA A10G, 0 %, 0 %, 0 MiB, 23028 MiB
2026/02/25 16:53:32.643, 0, NVIDIA A10G, 22 %, 8 %, 1777 MiB, 23028 MiB
2026/02/25 16:53:32.643, 1, NVIDIA A10G, 0 %, 0 %, 2415 MiB, 23028 MiB
2026/02/25 16:53:32.643, 2, NVIDIA A10G, 0 %, 0 %, 0 MiB, 23028 MiB
2026/02/25 16:53:32.643, 3, NVIDIA A10G, 0 %, 0 %, 0 MiB, 23028 MiB
2026/02/25 16:53:33.643, 0, NVIDIA A10G, 0 %, 0 %, 1777 MiB, 23028 MiB
2026/02/25 16:53:33.643, 1, NVIDIA A10G, 0 %, 0 %, 2415 MiB, 23028 MiB
2026/02/25 16:53:33.644, 2, NVIDIA A10G, 0 %, 0 %, 0 MiB, 23028 MiB
2026/02/25 16:53:33.644, 3, NVIDIA A10G, 0 %, 0 %, 0 MiB, 23028 MiB
2026/02/25 16:53:34.644, 0, NVIDIA A10G, 0 %, 0 %, 1777 MiB, 23028 MiB
2026/02/25 16:53:34.644, 1, NVIDIA A10G, 0 %, 0 %, 2415 MiB, 23028 MiB
2026/02/25 16:53:34.644, 2, NVIDIA A10G, 0 %, 0 %, 0 MiB, 23028 MiB
2026/02/25 16:53:34.644, 3, NVIDIA A10G, 0 %, 0 %, 0 MiB, 23028 MiB
2026/02/25 16:53:35.644, 0, NVIDIA A10G, 0 %, 0 %, 1777 MiB, 23028 MiB
2026/02/25 16:53:35.644, 1, NVIDIA A10G, 0 %, 0 %, 2415 MiB, 23028 MiB
2026/02/25 16:53:35.644, 2, NVIDIA A10G, 0 %, 0 %, 0 MiB, 23028 MiB
2026/02/25 16:53:35.644, 3, NVIDIA A10G, 0 %, 0 %, 0 MiB, 23028 MiB
2026/02/25 16:53:36.644, 0, NVIDIA A10G, 0 %, 0 %, 1777 MiB, 23028 MiB
2026/02/25 16:53:36.644, 1, NVIDIA A10G, 0 %, 0 %, 2415 MiB, 23028 MiB
2026/02/25 16:53:36.644, 2, NVIDIA A10G, 0 %, 0 %, 0 MiB, 23028 MiB
2026/02/25 16:53:36.644, 3, NVIDIA A10G, 0 %, 0 %, 0 MiB, 23028 MiB
2026/02/25 16:53:37.645, 0, NVIDIA A10G, 0 %, 0 %, 1777 MiB, 23028 MiB
2026/02/25 16:53:37.645, 1, NVIDIA A10G, 15 %, 5 %, 2415 MiB, 23028 MiB
2026/02/25 16:53:37.645, 2, NVIDIA A10G, 0 %, 0 %, 0 MiB, 23028 MiB
2026/02/25 16:53:37.645, 3, NVIDIA A10G, 0 %, 0 %, 0 MiB, 23028 MiB
2026/02/25 16:53:38.645, 0, NVIDIA A10G, 0 %, 0 %, 1777 MiB, 23028 MiB
2026/02/25 16:53:38.646, 1, NVIDIA A10G, 21 %, 8 %, 2415 MiB, 23028 MiB
2026/02/25 16:53:38.646, 2, NVIDIA A10G, 0 %, 0 %, 0 MiB, 23028 MiB
2026/02/25 16:53:38.646, 3, NVIDIA A10G, 0 %, 0 %, 0 MiB, 23028 MiB
2026/02/25 16:53:39.646, 0, NVIDIA A10G, 9 %, 3 %, 1777 MiB, 23028 MiB
2026/02/25 16:53:39.646, 1, NVIDIA A10G, 22 %, 8 %, 2415 MiB, 23028 MiB
2026/02/25 16:53:39.646, 2, NVIDIA A10G, 0 %, 0 %, 0 MiB, 23028 MiB
2026/02/25 16:53:39.647, 3, NVIDIA A10G, 0 %, 0 %, 0 MiB, 23028 MiB
2026/02/25 16:53:40.647, 0, NVIDIA A10G, 21 %, 7 %, 1777 MiB, 23028 MiB
2026/02/25 16:53:40.647, 1, NVIDIA A10G, 22 %, 8 %, 2415 MiB, 23028 MiB
2026/02/25 16:53:40.647, 2, NVIDIA A10G, 0 %, 0 %, 0 MiB, 23028 MiB
2026/02/25 16:53:40.647, 3, NVIDIA A10G, 0 %, 0 %, 0 MiB, 23028 MiB
2026/02/25 16:53:41.647, 0, NVIDIA A10G, 16 %, 5 %, 1777 MiB, 23028 MiB
2026/02/25 16:53:41.647, 1, NVIDIA A10G, 17 %, 6 %, 2415 MiB, 23028 MiB
2026/02/25 16:53:41.647, 2, NVIDIA A10G, 0 %, 0 %, 0 MiB, 23028 MiB
2026/02/25 16:53:41.647, 3, NVIDIA A10G, 0 %, 0 %, 0 MiB, 23028 MiB
2026/02/25 16:53:42.647, 0, NVIDIA A10G, 16 %, 5 %, 1777 MiB, 23028 MiB
2026/02/25 16:53:42.648, 1, NVIDIA A10G, 22 %, 8 %, 2415 MiB, 23028 MiB
2026/02/25 16:53:42.648, 2, NVIDIA A10G, 0 %, 0 %, 0 MiB, 23028 MiB
2026/02/25 16:53:42.648, 3, NVIDIA A10G, 0 %, 0 %, 0 MiB, 23028 MiB
2026/02/25 16:53:43.648, 0, NVIDIA A10G, 20 %, 7 %, 1777 MiB, 23028 MiB
2026/02/25 16:53:43.648, 1, NVIDIA A10G, 23 %, 8 %, 2415 MiB, 23028 MiB
2026/02/25 16:53:43.648, 2, NVIDIA A10G, 0 %, 0 %, 0 MiB, 23028 MiB
2026/02/25 16:53:43.648, 3, NVIDIA A10G, 0 %, 0 %, 0 MiB, 23028 MiB
2026/02/25 16:53:44.648, 0, NVIDIA A10G, 18 %, 6 %, 1777 MiB, 23028 MiB
2026/02/25 16:53:44.648, 1, NVIDIA A10G, 23 %, 8 %, 2415 MiB, 23028 MiB
2026/02/25 16:53:44.649, 2, NVIDIA A10G, 0 %, 0 %, 0 MiB, 23028 MiB
2026/02/25 16:53:44.649, 3, NVIDIA A10G, 0 %, 0 %, 0 MiB, 23028 MiB
2026/02/25 16:53:45.649, 0, NVIDIA A10G, 21 %, 7 %, 1777 MiB, 23028 MiB
2026/02/25 16:53:45.649, 1, NVIDIA A10G, 0 %, 0 %, 2415 MiB, 23028 MiB
2026/02/25 16:53:45.649, 2, NVIDIA A10G, 0 %, 0 %, 0 MiB, 23028 MiB
2026/02/25 16:53:45.649, 3, NVIDIA A10G, 0 %, 0 %, 0 MiB, 23028 MiB
2026/02/25 16:53:46.649, 0, NVIDIA A10G, 22 %, 8 %, 1777 MiB, 23028 MiB
2026/02/25 16:53:46.649, 1, NVIDIA A10G, 0 %, 0 %, 2415 MiB, 23028 MiB
2026/02/25 16:53:46.649, 2, NVIDIA A10G, 0 %, 0 %, 0 MiB, 23028 MiB
2026/02/25 16:53:46.649, 3, NVIDIA A10G, 0 %, 0 %, 0 MiB, 23028 MiB
2026/02/25 16:53:47.650, 0, NVIDIA A10G, 0 %, 0 %, 1777 MiB, 23028 MiB
2026/02/25 16:53:47.650, 1, NVIDIA A10G, 0 %, 0 %, 2415 MiB, 23028 MiB
2026/02/25 16:53:47.650, 2, NVIDIA A10G, 0 %, 0 %, 0 MiB, 23028 MiB
2026/02/25 16:53:47.650, 3, NVIDIA A10G, 0 %, 0 %, 0 MiB, 23028 MiB
2026/02/25 16:53:48.650, 0, NVIDIA A10G, 0 %, 0 %, 1777 MiB, 23028 MiB
2026/02/25 16:53:48.650, 1, NVIDIA A10G, 0 %, 0 %, 2415 MiB, 23028 MiB
2026/02/25 16:53:48.650, 2, NVIDIA A10G, 0 %, 0 %, 0 MiB, 23028 MiB
2026/02/25 16:53:48.650, 3, NVIDIA A10G, 0 %, 0 %, 0 MiB, 23028 MiB
2026/02/25 16:53:49.650, 0, NVIDIA A10G, 0 %, 0 %, 1777 MiB, 23028 MiB
2026/02/25 16:53:49.651, 1, NVIDIA A10G, 0 %, 0 %, 2415 MiB, 23028 MiB
2026/02/25 16:53:49.651, 2, NVIDIA A10G, 0 %, 0 %, 0 MiB, 23028 MiB
2026/02/25 16:53:49.651, 3, NVIDIA A10G, 0 %, 0 %, 0 MiB, 23028 MiB
2026/02/25 16:53:50.651, 0, NVIDIA A10G, 0 %, 0 %, 1777 MiB, 23028 MiB
2026/02/25 16:53:50.651, 1, NVIDIA A10G, 0 %, 0 %, 2415 MiB, 23028 MiB
2026/02/25 16:53:50.651, 2, NVIDIA A10G, 0 %, 0 %, 0 MiB, 23028 MiB
2026/02/25 16:53:50.651, 3, NVIDIA A10G, 0 %, 0 %, 0 MiB, 23028 MiB
2026/02/25 16:53:51.652, 0, NVIDIA A10G, 0 %, 0 %, 1777 MiB, 23028 MiB
2026/02/25 16:53:51.652, 1, NVIDIA A10G, 0 %, 0 %, 2415 MiB, 23028 MiB
2026/02/25 16:53:51.653, 2, NVIDIA A10G, 0 %, 0 %, 0 MiB, 23028 MiB
2026/02/25 16:53:51.653, 3, NVIDIA A10G, 0 %, 0 %, 0 MiB, 23028 MiB
2026/02/25 16:53:52.653, 0, NVIDIA A10G, 0 %, 0 %, 1777 MiB, 23028 MiB
2026/02/25 16:53:52.653, 1, NVIDIA A10G, 12 %, 4 %, 2415 MiB, 23028 MiB
2026/02/25 16:53:52.653, 2, NVIDIA A10G, 0 %, 0 %, 0 MiB, 23028 MiB
2026/02/25 16:53:52.653, 3, NVIDIA A10G, 0 %, 0 %, 0 MiB, 23028 MiB
2026/02/25 16:53:53.653, 0, NVIDIA A10G, 0 %, 0 %, 1777 MiB, 23028 MiB
2026/02/25 16:53:53.653, 1, NVIDIA A10G, 21 %, 7 %, 2415 MiB, 23028 MiB
2026/02/25 16:53:53.653, 2, NVIDIA A10G, 0 %, 0 %, 0 MiB, 23028 MiB
2026/02/25 16:53:53.653, 3, NVIDIA A10G, 0 %, 0 %, 0 MiB, 23028 MiB
2026/02/25 16:53:54.653, 0, NVIDIA A10G, 0 %, 0 %, 1777 MiB, 23028 MiB
2026/02/25 16:53:54.653, 1, NVIDIA A10G, 22 %, 7 %, 2415 MiB, 23028 MiB
2026/02/25 16:53:54.653, 2, NVIDIA A10G, 0 %, 0 %, 0 MiB, 23028 MiB
2026/02/25 16:53:54.653, 3, NVIDIA A10G, 0 %, 0 %, 0 MiB, 23028 MiB
2026/02/25 16:53:55.654, 0, NVIDIA A10G, 0 %, 0 %, 1777 MiB, 23028 MiB
2026/02/25 16:53:55.654, 1, NVIDIA A10G, 19 %, 6 %, 2415 MiB, 23028 MiB
2026/02/25 16:53:55.654, 2, NVIDIA A10G, 0 %, 0 %, 0 MiB, 23028 MiB
2026/02/25 16:53:55.654, 3, NVIDIA A10G, 0 %, 0 %, 0 MiB, 23028 MiB
2026/02/25 16:53:56.654, 0, NVIDIA A10G, 0 %, 0 %, 1777 MiB, 23028 MiB
2026/02/25 16:53:56.654, 1, NVIDIA A10G, 23 %, 8 %, 2415 MiB, 23028 MiB
2026/02/25 16:53:56.654, 2, NVIDIA A10G, 0 %, 0 %, 0 MiB, 23028 MiB
2026/02/25 16:53:56.654, 3, NVIDIA A10G, 0 %, 0 %, 0 MiB, 23028 MiB
2026/02/25 16:53:57.654, 0, NVIDIA A10G, 0 %, 0 %, 1777 MiB, 23028 MiB
2026/02/25 16:53:57.654, 1, NVIDIA A10G, 23 %, 7 %, 2415 MiB, 23028 MiB
2026/02/25 16:53:57.654, 2, NVIDIA A10G, 0 %, 0 %, 0 MiB, 23028 MiB
2026/02/25 16:53:57.655, 3, NVIDIA A10G, 0 %, 0 %, 0 MiB, 23028 MiB
2026/02/25 16:53:58.655, 0, NVIDIA A10G, 0 %, 0 %, 1777 MiB, 23028 MiB
2026/02/25 16:53:58.655, 1, NVIDIA A10G, 23 %, 8 %, 2415 MiB, 23028 MiB
2026/02/25 16:53:58.655, 2, NVIDIA A10G, 0 %, 0 %, 0 MiB, 23028 MiB
2026/02/25 16:53:58.655, 3, NVIDIA A10G, 0 %, 0 %, 0 MiB, 23028 MiB
2026/02/25 16:53:59.655, 0, NVIDIA A10G, 79 %, 52 %, 1777 MiB, 23028 MiB
2026/02/25 16:53:59.655, 1, NVIDIA A10G, 20 %, 7 %, 2415 MiB, 23028 MiB
2026/02/25 16:53:59.655, 2, NVIDIA A10G, 0 %, 0 %, 0 MiB, 23028 MiB
2026/02/25 16:53:59.655, 3, NVIDIA A10G, 0 %, 0 %, 0 MiB, 23028 MiB
2026/02/25 16:54:00.655, 0, NVIDIA A10G, 0 %, 0 %, 1777 MiB, 23028 MiB
2026/02/25 16:54:00.655, 1, NVIDIA A10G, 14 %, 4 %, 2415 MiB, 23028 MiB
2026/02/25 16:54:00.655, 2, NVIDIA A10G, 0 %, 0 %, 0 MiB, 23028 MiB
2026/02/25 16:54:00.655, 3, NVIDIA A10G, 0 %, 0 %, 0 MiB, 23028 MiB
2026/02/25 16:54:01.655, 0, NVIDIA A10G, 18 %, 6 %, 1777 MiB, 23028 MiB
2026/02/25 16:54:01.656, 1, NVIDIA A10G, 0 %, 0 %, 2415 MiB, 23028 MiB
2026/02/25 16:54:01.656, 2, NVIDIA A10G, 0 %, 0 %, 0 MiB, 23028 MiB
2026/02/25 16:54:01.656, 3, NVIDIA A10G, 0 %, 0 %, 0 MiB, 23028 MiB
2026/02/25 16:54:02.656, 0, NVIDIA A10G, 18 %, 7 %, 1777 MiB, 23028 MiB
2026/02/25 16:54:02.656, 1, NVIDIA A10G, 0 %, 0 %, 2415 MiB, 23028 MiB
2026/02/25 16:54:02.656, 2, NVIDIA A10G, 0 %, 0 %, 0 MiB, 23028 MiB
2026/02/25 16:54:02.656, 3, NVIDIA A10G, 0 %, 0 %, 0 MiB, 23028 MiB
2026/02/25 16:54:03.656, 0, NVIDIA A10G, 19 %, 6 %, 1777 MiB, 23028 MiB
2026/02/25 16:54:03.656, 1, NVIDIA A10G, 0 %, 0 %, 2415 MiB, 23028 MiB
2026/02/25 16:54:03.656, 2, NVIDIA A10G, 0 %, 0 %, 0 MiB, 23028 MiB
2026/02/25 16:54:03.656, 3, NVIDIA A10G, 0 %, 0 %, 0 MiB, 23028 MiB
2026/02/25 16:54:04.657, 0, NVIDIA A10G, 19 %, 6 %, 1777 MiB, 23028 MiB
2026/02/25 16:54:04.657, 1, NVIDIA A10G, 0 %, 0 %, 2415 MiB, 23028 MiB
2026/02/25 16:54:04.657, 2, NVIDIA A10G, 0 %, 0 %, 0 MiB, 23028 MiB
2026/02/25 16:54:04.657, 3, NVIDIA A10G, 0 %, 0 %, 0 MiB, 23028 MiB
2026/02/25 16:54:05.657, 0, NVIDIA A10G, 20 %, 6 %, 1777 MiB, 23028 MiB
2026/02/25 16:54:05.657, 1, NVIDIA A10G, 0 %, 0 %, 2415 MiB, 23028 MiB
2026/02/25 16:54:05.657, 2, NVIDIA A10G, 0 %, 0 %, 0 MiB, 23028 MiB
2026/02/25 16:54:05.657, 3, NVIDIA A10G, 0 %, 0 %, 0 MiB, 23028 MiB
2026/02/25 16:54:06.657, 0, NVIDIA A10G, 24 %, 8 %, 1777 MiB, 23028 MiB
2026/02/25 16:54:06.657, 1, NVIDIA A10G, 0 %, 0 %, 2415 MiB, 23028 MiB
2026/02/25 16:54:06.658, 2, NVIDIA A10G, 0 %, 0 %, 0 MiB, 23028 MiB
2026/02/25 16:54:06.658, 3, NVIDIA A10G, 0 %, 0 %, 0 MiB, 23028 MiB
2026/02/25 16:54:07.658, 0, NVIDIA A10G, 21 %, 7 %, 1777 MiB, 23028 MiB
2026/02/25 16:54:07.658, 1, NVIDIA A10G, 0 %, 0 %, 2415 MiB, 23028 MiB
2026/02/25 16:54:07.658, 2, NVIDIA A10G, 0 %, 0 %, 0 MiB, 23028 MiB
2026/02/25 16:54:07.658, 3, NVIDIA A10G, 0 %, 0 %, 0 MiB, 23028 MiB
2026/02/25 16:54:08.658, 0, NVIDIA A10G, 22 %, 8 %, 1777 MiB, 23028 MiB
2026/02/25 16:54:08.658, 1, NVIDIA A10G, 0 %, 0 %, 2415 MiB, 23028 MiB
2026/02/25 16:54:08.658, 2, NVIDIA A10G, 0 %, 0 %, 0 MiB, 23028 MiB
2026/02/25 16:54:08.658, 3, NVIDIA A10G, 0 %, 0 %, 0 MiB, 23028 MiB
2026/02/25 16:54:09.658, 0, NVIDIA A10G, 18 %, 6 %, 1777 MiB, 23028 MiB
2026/02/25 16:54:09.659, 1, NVIDIA A10G, 20 %, 7 %, 2415 MiB, 23028 MiB
2026/02/25 16:54:09.659, 2, NVIDIA A10G, 0 %, 0 %, 0 MiB, 23028 MiB
2026/02/25 16:54:09.659, 3, NVIDIA A10G, 0 %, 0 %, 0 MiB, 23028 MiB
2026/02/25 16:54:10.659, 0, NVIDIA A10G, 19 %, 7 %, 1777 MiB, 23028 MiB
2026/02/25 16:54:10.659, 1, NVIDIA A10G, 17 %, 5 %, 2415 MiB, 23028 MiB
2026/02/25 16:54:10.659, 2, NVIDIA A10G, 0 %, 0 %, 0 MiB, 23028 MiB
2026/02/25 16:54:10.659, 3, NVIDIA A10G, 0 %, 0 %, 0 MiB, 23028 MiB
2026/02/25 16:54:11.659, 0, NVIDIA A10G, 22 %, 7 %, 1777 MiB, 23028 MiB
2026/02/25 16:54:11.659, 1, NVIDIA A10G, 17 %, 6 %, 2415 MiB, 23028 MiB
2026/02/25 16:54:11.659, 2, NVIDIA A10G, 0 %, 0 %, 0 MiB, 23028 MiB
2026/02/25 16:54:11.659, 3, NVIDIA A10G, 0 %, 0 %, 0 MiB, 23028 MiB
2026/02/25 16:54:12.659, 0, NVIDIA A10G, 19 %, 7 %, 1777 MiB, 23028 MiB
2026/02/25 16:54:12.660, 1, NVIDIA A10G, 21 %, 7 %, 2415 MiB, 23028 MiB
2026/02/25 16:54:12.660, 2, NVIDIA A10G, 0 %, 0 %, 0 MiB, 23028 MiB
2026/02/25 16:54:12.660, 3, NVIDIA A10G, 0 %, 0 %, 0 MiB, 23028 MiB
2026/02/25 16:54:13.660, 0, NVIDIA A10G, 21 %, 7 %, 1777 MiB, 23028 MiB
2026/02/25 16:54:13.660, 1, NVIDIA A10G, 21 %, 7 %, 2415 MiB, 23028 MiB
2026/02/25 16:54:13.660, 2, NVIDIA A10G, 0 %, 0 %, 0 MiB, 23028 MiB
2026/02/25 16:54:13.660, 3, NVIDIA A10G, 0 %, 0 %, 0 MiB, 23028 MiB
2026/02/25 16:54:14.660, 0, NVIDIA A10G, 23 %, 8 %, 1777 MiB, 23028 MiB
2026/02/25 16:54:14.660, 1, NVIDIA A10G, 20 %, 7 %, 2415 MiB, 23028 MiB
2026/02/25 16:54:14.660, 2, NVIDIA A10G, 0 %, 0 %, 0 MiB, 23028 MiB
2026/02/25 16:54:14.661, 3, NVIDIA A10G, 0 %, 0 %, 0 MiB, 23028 MiB
2026/02/25 16:54:15.661, 0, NVIDIA A10G, 22 %, 8 %, 1777 MiB, 23028 MiB
2026/02/25 16:54:15.661, 1, NVIDIA A10G, 21 %, 7 %, 2415 MiB, 23028 MiB
2026/02/25 16:54:15.661, 2, NVIDIA A10G, 0 %, 0 %, 0 MiB, 23028 MiB
2026/02/25 16:54:15.661, 3, NVIDIA A10G, 0 %, 0 %, 0 MiB, 23028 MiB
2026/02/25 16:54:16.661, 0, NVIDIA A10G, 0 %, 0 %, 1777 MiB, 23028 MiB
2026/02/25 16:54:16.661, 1, NVIDIA A10G, 0 %, 0 %, 2415 MiB, 23028 MiB
2026/02/25 16:54:16.661, 2, NVIDIA A10G, 0 %, 0 %, 0 MiB, 23028 MiB
2026/02/25 16:54:16.661, 3, NVIDIA A10G, 0 %, 0 %, 0 MiB, 23028 MiB
2026/02/25 16:54:17.661, 0, NVIDIA A10G, 0 %, 0 %, 1777 MiB, 23028 MiB
2026/02/25 16:54:17.661, 1, NVIDIA A10G, 0 %, 0 %, 2415 MiB, 23028 MiB
2026/02/25 16:54:17.662, 2, NVIDIA A10G, 0 %, 0 %, 0 MiB, 23028 MiB
2026/02/25 16:54:17.662, 3, NVIDIA A10G, 0 %, 0 %, 0 MiB, 23028 MiB
2026/02/25 16:54:18.662, 0, NVIDIA A10G, 0 %, 0 %, 1777 MiB, 23028 MiB
2026/02/25 16:54:18.662, 1, NVIDIA A10G, 0 %, 0 %, 2415 MiB, 23028 MiB
2026/02/25 16:54:18.662, 2, NVIDIA A10G, 0 %, 0 %, 0 MiB, 23028 MiB
2026/02/25 16:54:18.662, 3, NVIDIA A10G, 0 %, 0 %, 0 MiB, 23028 MiB
2026/02/25 16:54:19.662, 0, NVIDIA A10G, 0 %, 0 %, 1777 MiB, 23028 MiB
2026/02/25 16:54:19.662, 1, NVIDIA A10G, 0 %, 0 %, 2415 MiB, 23028 MiB
2026/02/25 16:54:19.662, 2, NVIDIA A10G, 0 %, 0 %, 0 MiB, 23028 MiB
2026/02/25 16:54:19.662, 3, NVIDIA A10G, 0 %, 0 %, 0 MiB, 23028 MiB
2026/02/25 16:54:20.662, 0, NVIDIA A10G, 0 %, 0 %, 1777 MiB, 23028 MiB
2026/02/25 16:54:20.663, 1, NVIDIA A10G, 0 %, 0 %, 2415 MiB, 23028 MiB
2026/02/25 16:54:20.663, 2, NVIDIA A10G, 0 %, 0 %, 0 MiB, 23028 MiB
2026/02/25 16:54:20.663, 3, NVIDIA A10G, 0 %, 0 %, 0 MiB, 23028 MiB
2026/02/25 16:54:21.663, 0, NVIDIA A10G, 70 %, 45 %, 1777 MiB, 23028 MiB
2026/02/25 16:54:21.663, 1, NVIDIA A10G, 0 %, 0 %, 2415 MiB, 23028 MiB
2026/02/25 16:54:21.663, 2, NVIDIA A10G, 0 %, 0 %, 0 MiB, 23028 MiB
2026/02/25 16:54:21.663, 3, NVIDIA A10G, 0 %, 0 %, 0 MiB, 23028 MiB
2026/02/25 16:54:22.663, 0, NVIDIA A10G, 21 %, 7 %, 1777 MiB, 23028 MiB
2026/02/25 16:54:22.663, 1, NVIDIA A10G, 0 %, 0 %, 2415 MiB, 23028 MiB
2026/02/25 16:54:22.663, 2, NVIDIA A10G, 0 %, 0 %, 0 MiB, 23028 MiB
2026/02/25 16:54:22.663, 3, NVIDIA A10G, 0 %, 0 %, 0 MiB, 23028 MiB
2026/02/25 16:54:23.663, 0, NVIDIA A10G, 23 %, 8 %, 1777 MiB, 23028 MiB
2026/02/25 16:54:23.663, 1, NVIDIA A10G, 0 %, 0 %, 2415 MiB, 23028 MiB
2026/02/25 16:54:23.664, 2, NVIDIA A10G, 0 %, 0 %, 0 MiB, 23028 MiB
2026/02/25 16:54:23.664, 3, NVIDIA A10G, 0 %, 0 %, 0 MiB, 23028 MiB
2026/02/25 16:54:24.664, 0, NVIDIA A10G, 22 %, 9 %, 1777 MiB, 23028 MiB
2026/02/25 16:54:24.664, 1, NVIDIA A10G, 0 %, 0 %, 2415 MiB, 23028 MiB
2026/02/25 16:54:24.664, 2, NVIDIA A10G, 0 %, 0 %, 0 MiB, 23028 MiB
2026/02/25 16:54:24.664, 3, NVIDIA A10G, 0 %, 0 %, 0 MiB, 23028 MiB
2026/02/25 16:54:25.664, 0, NVIDIA A10G, 19 %, 6 %, 1777 MiB, 23028 MiB
2026/02/25 16:54:25.664, 1, NVIDIA A10G, 0 %, 0 %, 2415 MiB, 23028 MiB
2026/02/25 16:54:25.664, 2, NVIDIA A10G, 0 %, 0 %, 0 MiB, 23028 MiB
2026/02/25 16:54:25.664, 3, NVIDIA A10G, 0 %, 0 %, 0 MiB, 23028 MiB
2026/02/25 16:54:26.664, 0, NVIDIA A10G, 20 %, 6 %, 1777 MiB, 23028 MiB
2026/02/25 16:54:26.664, 1, NVIDIA A10G, 22 %, 7 %, 2415 MiB, 23028 MiB
2026/02/25 16:54:26.664, 2, NVIDIA A10G, 0 %, 0 %, 0 MiB, 23028 MiB
2026/02/25 16:54:26.665, 3, NVIDIA A10G, 0 %, 0 %, 0 MiB, 23028 MiB
2026/02/25 16:54:27.665, 0, NVIDIA A10G, 21 %, 7 %, 1777 MiB, 23028 MiB
2026/02/25 16:54:27.665, 1, NVIDIA A10G, 21 %, 7 %, 2415 MiB, 23028 MiB
2026/02/25 16:54:27.665, 2, NVIDIA A10G, 0 %, 0 %, 0 MiB, 23028 MiB
2026/02/25 16:54:27.665, 3, NVIDIA A10G, 0 %, 0 %, 0 MiB, 23028 MiB
2026/02/25 16:54:28.665, 0, NVIDIA A10G, 22 %, 7 %, 1777 MiB, 23028 MiB
2026/02/25 16:54:28.665, 1, NVIDIA A10G, 19 %, 6 %, 2415 MiB, 23028 MiB
2026/02/25 16:54:28.665, 2, NVIDIA A10G, 0 %, 0 %, 0 MiB, 23028 MiB
2026/02/25 16:54:28.665, 3, NVIDIA A10G, 0 %, 0 %, 0 MiB, 23028 MiB
2026/02/25 16:54:29.665, 0, NVIDIA A10G, 0 %, 0 %, 1777 MiB, 23028 MiB
2026/02/25 16:54:29.666, 1, NVIDIA A10G, 21 %, 7 %, 2415 MiB, 23028 MiB
2026/02/25 16:54:29.666, 2, NVIDIA A10G, 0 %, 0 %, 0 MiB, 23028 MiB
2026/02/25 16:54:29.666, 3, NVIDIA A10G, 0 %, 0 %, 0 MiB, 23028 MiB
2026/02/25 16:54:30.666, 0, NVIDIA A10G, 100 %, 69 %, 1777 MiB, 23028 MiB
2026/02/25 16:54:30.666, 1, NVIDIA A10G, 21 %, 7 %, 2415 MiB, 23028 MiB
2026/02/25 16:54:30.666, 2, NVIDIA A10G, 0 %, 0 %, 0 MiB, 23028 MiB
2026/02/25 16:54:30.666, 3, NVIDIA A10G, 0 %, 0 %, 0 MiB, 23028 MiB
2026/02/25 16:54:31.666, 0, NVIDIA A10G, 21 %, 7 %, 1777 MiB, 23028 MiB
2026/02/25 16:54:31.666, 1, NVIDIA A10G, 21 %, 7 %, 2415 MiB, 23028 MiB
2026/02/25 16:54:31.666, 2, NVIDIA A10G, 0 %, 0 %, 0 MiB, 23028 MiB
2026/02/25 16:54:31.666, 3, NVIDIA A10G, 0 %, 0 %, 0 MiB, 23028 MiB
2026/02/25 16:54:32.666, 0, NVIDIA A10G, 15 %, 5 %, 1777 MiB, 23028 MiB
2026/02/25 16:54:32.667, 1, NVIDIA A10G, 21 %, 7 %, 2415 MiB, 23028 MiB
2026/02/25 16:54:32.667, 2, NVIDIA A10G, 0 %, 0 %, 0 MiB, 23028 MiB
2026/02/25 16:54:32.667, 3, NVIDIA A10G, 0 %, 0 %, 0 MiB, 23028 MiB
2026/02/25 16:54:33.667, 0, NVIDIA A10G, 0 %, 0 %, 1777 MiB, 23028 MiB
2026/02/25 16:54:33.667, 1, NVIDIA A10G, 17 %, 5 %, 2415 MiB, 23028 MiB
2026/02/25 16:54:33.667, 2, NVIDIA A10G, 0 %, 0 %, 0 MiB, 23028 MiB
2026/02/25 16:54:33.667, 3, NVIDIA A10G, 0 %, 0 %, 0 MiB, 23028 MiB
2026/02/25 16:54:34.667, 0, NVIDIA A10G, 0 %, 0 %, 1777 MiB, 23028 MiB
2026/02/25 16:54:34.667, 1, NVIDIA A10G, 21 %, 7 %, 2415 MiB, 23028 MiB
2026/02/25 16:54:34.668, 2, NVIDIA A10G, 0 %, 0 %, 0 MiB, 23028 MiB
2026/02/25 16:54:34.668, 3, NVIDIA A10G, 0 %, 0 %, 0 MiB, 23028 MiB
2026/02/25 16:54:35.668, 0, NVIDIA A10G, 0 %, 0 %, 1777 MiB, 23028 MiB
2026/02/25 16:54:35.668, 1, NVIDIA A10G, 22 %, 7 %, 2415 MiB, 23028 MiB
2026/02/25 16:54:35.668, 2, NVIDIA A10G, 0 %, 0 %, 0 MiB, 23028 MiB
2026/02/25 16:54:35.668, 3, NVIDIA A10G, 0 %, 0 %, 0 MiB, 23028 MiB
2026/02/25 16:54:36.668, 0, NVIDIA A10G, 0 %, 0 %, 1777 MiB, 23028 MiB
2026/02/25 16:54:36.668, 1, NVIDIA A10G, 22 %, 7 %, 2415 MiB, 23028 MiB
2026/02/25 16:54:36.668, 2, NVIDIA A10G, 0 %, 0 %, 0 MiB, 23028 MiB
2026/02/25 16:54:36.668, 3, NVIDIA A10G, 0 %, 0 %, 0 MiB, 23028 MiB
2026/02/25 16:54:37.669, 0, NVIDIA A10G, 0 %, 0 %, 1777 MiB, 23028 MiB
2026/02/25 16:54:37.669, 1, NVIDIA A10G, 15 %, 5 %, 2415 MiB, 23028 MiB
2026/02/25 16:54:37.669, 2, NVIDIA A10G, 0 %, 0 %, 0 MiB, 23028 MiB
2026/02/25 16:54:37.669, 3, NVIDIA A10G, 0 %, 0 %, 0 MiB, 23028 MiB
2026/02/25 16:54:38.669, 0, NVIDIA A10G, 0 %, 0 %, 1777 MiB, 23028 MiB
2026/02/25 16:54:38.669, 1, NVIDIA A10G, 0 %, 0 %, 2415 MiB, 23028 MiB
2026/02/25 16:54:38.669, 2, NVIDIA A10G, 0 %, 0 %, 0 MiB, 23028 MiB
2026/02/25 16:54:38.669, 3, NVIDIA A10G, 0 %, 0 %, 0 MiB, 23028 MiB
2026/02/25 16:54:39.669, 0, NVIDIA A10G, 0 %, 0 %, 1777 MiB, 23028 MiB
2026/02/25 16:54:39.669, 1, NVIDIA A10G, 0 %, 0 %, 2415 MiB, 23028 MiB
2026/02/25 16:54:39.669, 2, NVIDIA A10G, 0 %, 0 %, 0 MiB, 23028 MiB
2026/02/25 16:54:39.669, 3, NVIDIA A10G, 0 %, 0 %, 0 MiB, 23028 MiB
2026/02/25 16:54:40.670, 0, NVIDIA A10G, 78 %, 52 %, 1777 MiB, 23028 MiB
2026/02/25 16:54:40.670, 1, NVIDIA A10G, 21 %, 7 %, 2415 MiB, 23028 MiB
2026/02/25 16:54:40.670, 2, NVIDIA A10G, 0 %, 0 %, 0 MiB, 23028 MiB
2026/02/25 16:54:40.670, 3, NVIDIA A10G, 0 %, 0 %, 0 MiB, 23028 MiB
2026/02/25 16:54:41.670, 0, NVIDIA A10G, 19 %, 7 %, 1777 MiB, 23028 MiB
2026/02/25 16:54:41.670, 1, NVIDIA A10G, 20 %, 7 %, 2415 MiB, 23028 MiB
2026/02/25 16:54:41.670, 2, NVIDIA A10G, 0 %, 0 %, 0 MiB, 23028 MiB
2026/02/25 16:54:41.670, 3, NVIDIA A10G, 0 %, 0 %, 0 MiB, 23028 MiB
2026/02/25 16:54:42.670, 0, NVIDIA A10G, 22 %, 7 %, 1777 MiB, 23028 MiB
2026/02/25 16:54:42.671, 1, NVIDIA A10G, 21 %, 7 %, 2415 MiB, 23028 MiB
2026/02/25 16:54:42.671, 2, NVIDIA A10G, 0 %, 0 %, 0 MiB, 23028 MiB
2026/02/25 16:54:42.671, 3, NVIDIA A10G, 0 %, 0 %, 0 MiB, 23028 MiB
2026/02/25 16:54:43.671, 0, NVIDIA A10G, 21 %, 7 %, 1777 MiB, 23028 MiB
2026/02/25 16:54:43.671, 1, NVIDIA A10G, 0 %, 0 %, 2415 MiB, 23028 MiB
2026/02/25 16:54:43.671, 2, NVIDIA A10G, 0 %, 0 %, 0 MiB, 23028 MiB
2026/02/25 16:54:43.671, 3, NVIDIA A10G, 0 %, 0 %, 0 MiB, 23028 MiB
2026/02/25 16:54:44.671, 0, NVIDIA A10G, 21 %, 7 %, 1777 MiB, 23028 MiB
2026/02/25 16:54:44.671, 1, NVIDIA A10G, 0 %, 0 %, 2415 MiB, 23028 MiB
2026/02/25 16:54:44.671, 2, NVIDIA A10G, 0 %, 0 %, 0 MiB, 23028 MiB
2026/02/25 16:54:44.671, 3, NVIDIA A10G, 0 %, 0 %, 0 MiB, 23028 MiB
2026/02/25 16:54:45.671, 0, NVIDIA A10G, 20 %, 6 %, 1777 MiB, 23028 MiB
2026/02/25 16:54:45.671, 1, NVIDIA A10G, 0 %, 0 %, 2415 MiB, 23028 MiB
2026/02/25 16:54:45.672, 2, NVIDIA A10G, 0 %, 0 %, 0 MiB, 23028 MiB
2026/02/25 16:54:45.672, 3, NVIDIA A10G, 0 %, 0 %, 0 MiB, 23028 MiB
2026/02/25 16:54:46.672, 0, NVIDIA A10G, 21 %, 7 %, 1777 MiB, 23028 MiB
2026/02/25 16:54:46.672, 1, NVIDIA A10G, 0 %, 0 %, 2415 MiB, 23028 MiB
2026/02/25 16:54:46.672, 2, NVIDIA A10G, 0 %, 0 %, 0 MiB, 23028 MiB
2026/02/25 16:54:46.672, 3, NVIDIA A10G, 0 %, 0 %, 0 MiB, 23028 MiB
2026/02/25 16:54:47.672, 0, NVIDIA A10G, 22 %, 8 %, 1777 MiB, 23028 MiB
2026/02/25 16:54:47.672, 1, NVIDIA A10G, 0 %, 0 %, 2415 MiB, 23028 MiB
2026/02/25 16:54:47.672, 2, NVIDIA A10G, 0 %, 0 %, 0 MiB, 23028 MiB
2026/02/25 16:54:47.672, 3, NVIDIA A10G, 0 %, 0 %, 0 MiB, 23028 MiB
2026/02/25 16:54:48.672, 0, NVIDIA A10G, 19 %, 6 %, 1777 MiB, 23028 MiB
2026/02/25 16:54:48.672, 1, NVIDIA A10G, 0 %, 0 %, 2415 MiB, 23028 MiB
2026/02/25 16:54:48.672, 2, NVIDIA A10G, 0 %, 0 %, 0 MiB, 23028 MiB
2026/02/25 16:54:48.673, 3, NVIDIA A10G, 0 %, 0 %, 0 MiB, 23028 MiB
2026/02/25 16:54:49.673, 0, NVIDIA A10G, 21 %, 7 %, 1777 MiB, 23028 MiB
2026/02/25 16:54:49.673, 1, NVIDIA A10G, 0 %, 0 %, 2415 MiB, 23028 MiB
2026/02/25 16:54:49.673, 2, NVIDIA A10G, 0 %, 0 %, 0 MiB, 23028 MiB
2026/02/25 16:54:49.673, 3, NVIDIA A10G, 0 %, 0 %, 0 MiB, 23028 MiB
2026/02/25 16:54:50.673, 0, NVIDIA A10G, 19 %, 6 %, 1777 MiB, 23028 MiB
2026/02/25 16:54:50.673, 1, NVIDIA A10G, 0 %, 0 %, 2415 MiB, 23028 MiB
2026/02/25 16:54:50.673, 2, NVIDIA A10G, 0 %, 0 %, 0 MiB, 23028 MiB
2026/02/25 16:54:50.673, 3, NVIDIA A10G, 0 %, 0 %, 0 MiB, 23028 MiB
2026/02/25 16:54:51.673, 0, NVIDIA A10G, 14 %, 4 %, 1777 MiB, 23028 MiB
2026/02/25 16:54:51.673, 1, NVIDIA A10G, 0 %, 0 %, 2415 MiB, 23028 MiB
2026/02/25 16:54:51.673, 2, NVIDIA A10G, 0 %, 0 %, 0 MiB, 23028 MiB
2026/02/25 16:54:51.673, 3, NVIDIA A10G, 0 %, 0 %, 0 MiB, 23028 MiB
2026/02/25 16:54:52.674, 0, NVIDIA A10G, 0 %, 0 %, 1777 MiB, 23028 MiB
2026/02/25 16:54:52.674, 1, NVIDIA A10G, 0 %, 0 %, 2415 MiB, 23028 MiB
2026/02/25 16:54:52.674, 2, NVIDIA A10G, 0 %, 0 %, 0 MiB, 23028 MiB
2026/02/25 16:54:52.674, 3, NVIDIA A10G, 0 %, 0 %, 0 MiB, 23028 MiB
2026/02/25 16:54:53.674, 0, NVIDIA A10G, 0 %, 0 %, 1777 MiB, 23028 MiB
2026/02/25 16:54:53.674, 1, NVIDIA A10G, 0 %, 0 %, 2415 MiB, 23028 MiB
2026/02/25 16:54:53.674, 2, NVIDIA A10G, 0 %, 0 %, 0 MiB, 23028 MiB
2026/02/25 16:54:53.674, 3, NVIDIA A10G, 0 %, 0 %, 0 MiB, 23028 MiB
2026/02/25 16:54:54.674, 0, NVIDIA A10G, 0 %, 0 %, 1777 MiB, 23028 MiB
2026/02/25 16:54:54.674, 1, NVIDIA A10G, 85 %, 57 %, 2415 MiB, 23028 MiB
2026/02/25 16:54:54.674, 2, NVIDIA A10G, 0 %, 0 %, 0 MiB, 23028 MiB
2026/02/25 16:54:54.674, 3, NVIDIA A10G, 0 %, 0 %, 0 MiB, 23028 MiB
2026/02/25 16:54:55.675, 0, NVIDIA A10G, 0 %, 0 %, 1777 MiB, 23028 MiB
2026/02/25 16:54:55.675, 1, NVIDIA A10G, 0 %, 0 %, 2415 MiB, 23028 MiB
2026/02/25 16:54:55.675, 2, NVIDIA A10G, 0 %, 0 %, 0 MiB, 23028 MiB
2026/02/25 16:54:55.675, 3, NVIDIA A10G, 0 %, 0 %, 0 MiB, 23028 MiB
2026/02/25 16:54:56.675, 0, NVIDIA A10G, 0 %, 0 %, 1777 MiB, 23028 MiB
2026/02/25 16:54:56.675, 1, NVIDIA A10G, 22 %, 7 %, 2415 MiB, 23028 MiB
2026/02/25 16:54:56.675, 2, NVIDIA A10G, 0 %, 0 %, 0 MiB, 23028 MiB
2026/02/25 16:54:56.675, 3, NVIDIA A10G, 0 %, 0 %, 0 MiB, 23028 MiB
2026/02/25 16:54:57.675, 0, NVIDIA A10G, 0 %, 0 %, 1777 MiB, 23028 MiB
2026/02/25 16:54:57.675, 1, NVIDIA A10G, 19 %, 7 %, 2415 MiB, 23028 MiB
2026/02/25 16:54:57.675, 2, NVIDIA A10G, 0 %, 0 %, 0 MiB, 23028 MiB
2026/02/25 16:54:57.675, 3, NVIDIA A10G, 0 %, 0 %, 0 MiB, 23028 MiB
2026/02/25 16:54:58.676, 0, NVIDIA A10G, 20 %, 7 %, 1777 MiB, 23028 MiB
2026/02/25 16:54:58.676, 1, NVIDIA A10G, 20 %, 7 %, 2415 MiB, 23028 MiB
2026/02/25 16:54:58.676, 2, NVIDIA A10G, 0 %, 0 %, 0 MiB, 23028 MiB
2026/02/25 16:54:58.676, 3, NVIDIA A10G, 0 %, 0 %, 0 MiB, 23028 MiB
2026/02/25 16:54:59.676, 0, NVIDIA A10G, 19 %, 6 %, 1777 MiB, 23028 MiB
2026/02/25 16:54:59.676, 1, NVIDIA A10G, 22 %, 8 %, 2415 MiB, 23028 MiB
2026/02/25 16:54:59.676, 2, NVIDIA A10G, 0 %, 0 %, 0 MiB, 23028 MiB
2026/02/25 16:54:59.676, 3, NVIDIA A10G, 0 %, 0 %, 0 MiB, 23028 MiB
2026/02/25 16:55:00.676, 0, NVIDIA A10G, 19 %, 7 %, 1777 MiB, 23028 MiB
2026/02/25 16:55:00.676, 1, NVIDIA A10G, 20 %, 7 %, 2415 MiB, 23028 MiB
2026/02/25 16:55:00.676, 2, NVIDIA A10G, 0 %, 0 %, 0 MiB, 23028 MiB
2026/02/25 16:55:00.676, 3, NVIDIA A10G, 0 %, 0 %, 0 MiB, 23028 MiB
2026/02/25 16:55:01.677, 0, NVIDIA A10G, 22 %, 8 %, 1777 MiB, 23028 MiB
2026/02/25 16:55:01.677, 1, NVIDIA A10G, 22 %, 7 %, 2415 MiB, 23028 MiB
2026/02/25 16:55:01.677, 2, NVIDIA A10G, 0 %, 0 %, 0 MiB, 23028 MiB
2026/02/25 16:55:01.677, 3, NVIDIA A10G, 0 %, 0 %, 0 MiB, 23028 MiB
2026/02/25 16:55:02.677, 0, NVIDIA A10G, 21 %, 7 %, 1777 MiB, 23028 MiB
2026/02/25 16:55:02.677, 1, NVIDIA A10G, 22 %, 8 %, 2415 MiB, 23028 MiB
2026/02/25 16:55:02.677, 2, NVIDIA A10G, 0 %, 0 %, 0 MiB, 23028 MiB
2026/02/25 16:55:02.677, 3, NVIDIA A10G, 0 %, 0 %, 0 MiB, 23028 MiB
2026/02/25 16:55:03.677, 0, NVIDIA A10G, 22 %, 8 %, 1777 MiB, 23028 MiB
2026/02/25 16:55:03.678, 1, NVIDIA A10G, 19 %, 6 %, 2415 MiB, 23028 MiB
2026/02/25 16:55:03.678, 2, NVIDIA A10G, 0 %, 0 %, 0 MiB, 23028 MiB
2026/02/25 16:55:03.678, 3, NVIDIA A10G, 0 %, 0 %, 0 MiB, 23028 MiB
2026/02/25 16:55:04.678, 0, NVIDIA A10G, 21 %, 8 %, 1777 MiB, 23028 MiB
2026/02/25 16:55:04.678, 1, NVIDIA A10G, 21 %, 7 %, 2415 MiB, 23028 MiB
2026/02/25 16:55:04.678, 2, NVIDIA A10G, 0 %, 0 %, 0 MiB, 23028 MiB
2026/02/25 16:55:04.678, 3, NVIDIA A10G, 0 %, 0 %, 0 MiB, 23028 MiB
2026/02/25 16:55:05.678, 0, NVIDIA A10G, 8 %, 3 %, 1777 MiB, 23028 MiB
2026/02/25 16:55:05.678, 1, NVIDIA A10G, 20 %, 6 %, 2415 MiB, 23028 MiB
2026/02/25 16:55:05.678, 2, NVIDIA A10G, 0 %, 0 %, 0 MiB, 23028 MiB
2026/02/25 16:55:05.678, 3, NVIDIA A10G, 0 %, 0 %, 0 MiB, 23028 MiB
2026/02/25 16:55:06.679, 0, NVIDIA A10G, 0 %, 0 %, 1777 MiB, 23028 MiB
2026/02/25 16:55:06.679, 1, NVIDIA A10G, 23 %, 8 %, 2415 MiB, 23028 MiB
2026/02/25 16:55:06.679, 2, NVIDIA A10G, 0 %, 0 %, 0 MiB, 23028 MiB
2026/02/25 16:55:06.679, 3, NVIDIA A10G, 0 %, 0 %, 0 MiB, 23028 MiB
2026/02/25 16:55:07.679, 0, NVIDIA A10G, 0 %, 0 %, 1777 MiB, 23028 MiB
2026/02/25 16:55:07.679, 1, NVIDIA A10G, 23 %, 8 %, 2415 MiB, 23028 MiB
2026/02/25 16:55:07.679, 2, NVIDIA A10G, 0 %, 0 %, 0 MiB, 23028 MiB
2026/02/25 16:55:07.679, 3, NVIDIA A10G, 0 %, 0 %, 0 MiB, 23028 MiB
2026/02/25 16:55:08.679, 0, NVIDIA A10G, 0 %, 0 %, 1777 MiB, 23028 MiB
2026/02/25 16:55:08.679, 1, NVIDIA A10G, 21 %, 7 %, 2415 MiB, 23028 MiB
2026/02/25 16:55:08.679, 2, NVIDIA A10G, 0 %, 0 %, 0 MiB, 23028 MiB
2026/02/25 16:55:08.680, 3, NVIDIA A10G, 0 %, 0 %, 0 MiB, 23028 MiB
2026/02/25 16:55:09.680, 0, NVIDIA A10G, 0 %, 0 %, 1777 MiB, 23028 MiB
2026/02/25 16:55:09.680, 1, NVIDIA A10G, 22 %, 8 %, 2415 MiB, 23028 MiB
2026/02/25 16:55:09.680, 2, NVIDIA A10G, 0 %, 0 %, 0 MiB, 23028 MiB
2026/02/25 16:55:09.680, 3, NVIDIA A10G, 0 %, 0 %, 0 MiB, 23028 MiB
2026/02/25 16:55:10.680, 0, NVIDIA A10G, 0 %, 0 %, 1777 MiB, 23028 MiB
2026/02/25 16:55:10.680, 1, NVIDIA A10G, 14 %, 4 %, 2415 MiB, 23028 MiB
2026/02/25 16:55:10.680, 2, NVIDIA A10G, 0 %, 0 %, 0 MiB, 23028 MiB
2026/02/25 16:55:10.680, 3, NVIDIA A10G, 0 %, 0 %, 0 MiB, 23028 MiB
2026/02/25 16:55:11.681, 0, NVIDIA A10G, 93 %, 61 %, 1777 MiB, 23028 MiB
2026/02/25 16:55:11.681, 1, NVIDIA A10G, 0 %, 0 %, 2415 MiB, 23028 MiB
2026/02/25 16:55:11.681, 2, NVIDIA A10G, 0 %, 0 %, 0 MiB, 23028 MiB
2026/02/25 16:55:11.681, 3, NVIDIA A10G, 0 %, 0 %, 0 MiB, 23028 MiB
2026/02/25 16:55:12.681, 0, NVIDIA A10G, 23 %, 7 %, 1777 MiB, 23028 MiB
2026/02/25 16:55:12.681, 1, NVIDIA A10G, 0 %, 0 %, 2415 MiB, 23028 MiB
2026/02/25 16:55:12.681, 2, NVIDIA A10G, 0 %, 0 %, 0 MiB, 23028 MiB
2026/02/25 16:55:12.681, 3, NVIDIA A10G, 0 %, 0 %, 0 MiB, 23028 MiB
2026/02/25 16:55:13.681, 0, NVIDIA A10G, 22 %, 8 %, 1777 MiB, 23028 MiB
2026/02/25 16:55:13.682, 1, NVIDIA A10G, 0 %, 0 %, 2415 MiB, 23028 MiB
2026/02/25 16:55:13.682, 2, NVIDIA A10G, 0 %, 0 %, 0 MiB, 23028 MiB
2026/02/25 16:55:13.682, 3, NVIDIA A10G, 0 %, 0 %, 0 MiB, 23028 MiB
2026/02/25 16:55:14.682, 0, NVIDIA A10G, 22 %, 8 %, 1777 MiB, 23028 MiB
2026/02/25 16:55:14.682, 1, NVIDIA A10G, 0 %, 0 %, 2415 MiB, 23028 MiB
2026/02/25 16:55:14.682, 2, NVIDIA A10G, 0 %, 0 %, 0 MiB, 23028 MiB
2026/02/25 16:55:14.682, 3, NVIDIA A10G, 0 %, 0 %, 0 MiB, 23028 MiB
2026/02/25 16:55:15.682, 0, NVIDIA A10G, 22 %, 7 %, 1777 MiB, 23028 MiB
2026/02/25 16:55:15.682, 1, NVIDIA A10G, 0 %, 0 %, 2415 MiB, 23028 MiB
2026/02/25 16:55:15.682, 2, NVIDIA A10G, 0 %, 0 %, 0 MiB, 23028 MiB
2026/02/25 16:55:15.682, 3, NVIDIA A10G, 0 %, 0 %, 0 MiB, 23028 MiB
2026/02/25 16:55:16.682, 0, NVIDIA A10G, 23 %, 7 %, 1777 MiB, 23028 MiB
2026/02/25 16:55:16.682, 1, NVIDIA A10G, 22 %, 8 %, 2415 MiB, 23028 MiB
2026/02/25 16:55:16.682, 2, NVIDIA A10G, 0 %, 0 %, 0 MiB, 23028 MiB
2026/02/25 16:55:16.683, 3, NVIDIA A10G, 0 %, 0 %, 0 MiB, 23028 MiB
2026/02/25 16:55:17.683, 0, NVIDIA A10G, 21 %, 7 %, 1777 MiB, 23028 MiB
2026/02/25 16:55:17.683, 1, NVIDIA A10G, 21 %, 8 %, 2415 MiB, 23028 MiB
2026/02/25 16:55:17.683, 2, NVIDIA A10G, 0 %, 0 %, 0 MiB, 23028 MiB
2026/02/25 16:55:17.683, 3, NVIDIA A10G, 0 %, 0 %, 0 MiB, 23028 MiB
2026/02/25 16:55:18.684, 0, NVIDIA A10G, 23 %, 9 %, 1777 MiB, 23028 MiB
2026/02/25 16:55:18.684, 1, NVIDIA A10G, 19 %, 6 %, 2415 MiB, 23028 MiB
2026/02/25 16:55:18.684, 2, NVIDIA A10G, 0 %, 0 %, 0 MiB, 23028 MiB
2026/02/25 16:55:18.684, 3, NVIDIA A10G, 0 %, 0 %, 0 MiB, 23028 MiB
2026/02/25 16:55:19.684, 0, NVIDIA A10G, 16 %, 5 %, 1777 MiB, 23028 MiB
2026/02/25 16:55:19.684, 1, NVIDIA A10G, 20 %, 7 %, 2415 MiB, 23028 MiB
2026/02/25 16:55:19.684, 2, NVIDIA A10G, 0 %, 0 %, 0 MiB, 23028 MiB
2026/02/25 16:55:19.684, 3, NVIDIA A10G, 0 %, 0 %, 0 MiB, 23028 MiB
2026/02/25 16:55:20.684, 0, NVIDIA A10G, 0 %, 0 %, 1777 MiB, 23028 MiB
2026/02/25 16:55:20.684, 1, NVIDIA A10G, 22 %, 8 %, 2415 MiB, 23028 MiB
2026/02/25 16:55:20.684, 2, NVIDIA A10G, 0 %, 0 %, 0 MiB, 23028 MiB
2026/02/25 16:55:20.685, 3, NVIDIA A10G, 0 %, 0 %, 0 MiB, 23028 MiB
2026/02/25 16:55:21.685, 0, NVIDIA A10G, 0 %, 0 %, 1777 MiB, 23028 MiB
2026/02/25 16:55:21.685, 1, NVIDIA A10G, 22 %, 7 %, 2415 MiB, 23028 MiB
2026/02/25 16:55:21.685, 2, NVIDIA A10G, 0 %, 0 %, 0 MiB, 23028 MiB
2026/02/25 16:55:21.685, 3, NVIDIA A10G, 0 %, 0 %, 0 MiB, 23028 MiB
2026/02/25 16:55:22.685, 0, NVIDIA A10G, 0 %, 0 %, 1777 MiB, 23028 MiB
2026/02/25 16:55:22.685, 1, NVIDIA A10G, 0 %, 0 %, 2415 MiB, 23028 MiB
2026/02/25 16:55:22.685, 2, NVIDIA A10G, 0 %, 0 %, 0 MiB, 23028 MiB
2026/02/25 16:55:22.685, 3, NVIDIA A10G, 0 %, 0 %, 0 MiB, 23028 MiB
2026/02/25 16:55:23.685, 0, NVIDIA A10G, 0 %, 0 %, 1777 MiB, 23028 MiB
2026/02/25 16:55:23.685, 1, NVIDIA A10G, 0 %, 0 %, 2415 MiB, 23028 MiB
2026/02/25 16:55:23.686, 2, NVIDIA A10G, 0 %, 0 %, 0 MiB, 23028 MiB
2026/02/25 16:55:23.686, 3, NVIDIA A10G, 0 %, 0 %, 0 MiB, 23028 MiB
2026/02/25 16:55:24.686, 0, NVIDIA A10G, 0 %, 0 %, 1777 MiB, 23028 MiB
2026/02/25 16:55:24.686, 1, NVIDIA A10G, 0 %, 0 %, 2415 MiB, 23028 MiB
2026/02/25 16:55:24.686, 2, NVIDIA A10G, 0 %, 0 %, 0 MiB, 23028 MiB
2026/02/25 16:55:24.686, 3, NVIDIA A10G, 0 %, 0 %, 0 MiB, 23028 MiB
2026/02/25 16:55:25.686, 0, NVIDIA A10G, 0 %, 0 %, 1777 MiB, 23028 MiB
2026/02/25 16:55:25.686, 1, NVIDIA A10G, 0 %, 0 %, 2415 MiB, 23028 MiB
2026/02/25 16:55:25.686, 2, NVIDIA A10G, 0 %, 0 %, 0 MiB, 23028 MiB
2026/02/25 16:55:25.686, 3, NVIDIA A10G, 0 %, 0 %, 0 MiB, 23028 MiB
2026/02/25 16:55:26.686, 0, NVIDIA A10G, 15 %, 5 %, 1777 MiB, 23028 MiB
2026/02/25 16:55:26.686, 1, NVIDIA A10G, 0 %, 0 %, 2415 MiB, 23028 MiB
2026/02/25 16:55:26.686, 2, NVIDIA A10G, 0 %, 0 %, 0 MiB, 23028 MiB
2026/02/25 16:55:26.687, 3, NVIDIA A10G, 0 %, 0 %, 0 MiB, 23028 MiB
2026/02/25 16:55:27.687, 0, NVIDIA A10G, 21 %, 7 %, 1777 MiB, 23028 MiB
2026/02/25 16:55:27.687, 1, NVIDIA A10G, 0 %, 0 %, 2415 MiB, 23028 MiB
2026/02/25 16:55:27.687, 2, NVIDIA A10G, 0 %, 0 %, 0 MiB, 23028 MiB
2026/02/25 16:55:27.687, 3, NVIDIA A10G, 0 %, 0 %, 0 MiB, 23028 MiB
2026/02/25 16:55:28.687, 0, NVIDIA A10G, 24 %, 9 %, 1777 MiB, 23028 MiB
2026/02/25 16:55:28.687, 1, NVIDIA A10G, 0 %, 0 %, 2415 MiB, 23028 MiB
2026/02/25 16:55:28.687, 2, NVIDIA A10G, 0 %, 0 %, 0 MiB, 23028 MiB
2026/02/25 16:55:28.687, 3, NVIDIA A10G, 0 %, 0 %, 0 MiB, 23028 MiB
2026/02/25 16:55:29.687, 0, NVIDIA A10G, 25 %, 10 %, 1777 MiB, 23028 MiB
2026/02/25 16:55:29.687, 1, NVIDIA A10G, 0 %, 0 %, 2415 MiB, 23028 MiB
2026/02/25 16:55:29.688, 2, NVIDIA A10G, 0 %, 0 %, 0 MiB, 23028 MiB
2026/02/25 16:55:29.688, 3, NVIDIA A10G, 0 %, 0 %, 0 MiB, 23028 MiB
2026/02/25 16:55:30.688, 0, NVIDIA A10G, 22 %, 7 %, 1777 MiB, 23028 MiB
2026/02/25 16:55:30.688, 1, NVIDIA A10G, 0 %, 0 %, 2415 MiB, 23028 MiB
2026/02/25 16:55:30.688, 2, NVIDIA A10G, 0 %, 0 %, 0 MiB, 23028 MiB
2026/02/25 16:55:30.688, 3, NVIDIA A10G, 0 %, 0 %, 0 MiB, 23028 MiB
2026/02/25 16:55:31.688, 0, NVIDIA A10G, 20 %, 6 %, 1777 MiB, 23028 MiB
2026/02/25 16:55:31.688, 1, NVIDIA A10G, 21 %, 7 %, 2415 MiB, 23028 MiB
2026/02/25 16:55:31.688, 2, NVIDIA A10G, 0 %, 0 %, 0 MiB, 23028 MiB
2026/02/25 16:55:31.688, 3, NVIDIA A10G, 0 %, 0 %, 0 MiB, 23028 MiB
2026/02/25 16:55:32.689, 0, NVIDIA A10G, 21 %, 7 %, 1777 MiB, 23028 MiB
2026/02/25 16:55:32.689, 1, NVIDIA A10G, 22 %, 7 %, 2415 MiB, 23028 MiB
2026/02/25 16:55:32.689, 2, NVIDIA A10G, 0 %, 0 %, 0 MiB, 23028 MiB
2026/02/25 16:55:32.689, 3, NVIDIA A10G, 0 %, 0 %, 0 MiB, 23028 MiB
2026/02/25 16:55:33.689, 0, NVIDIA A10G, 22 %, 8 %, 1777 MiB, 23028 MiB
2026/02/25 16:55:33.689, 1, NVIDIA A10G, 20 %, 7 %, 2415 MiB, 23028 MiB
2026/02/25 16:55:33.689, 2, NVIDIA A10G, 0 %, 0 %, 0 MiB, 23028 MiB
2026/02/25 16:55:33.689, 3, NVIDIA A10G, 0 %, 0 %, 0 MiB, 23028 MiB
2026/02/25 16:55:34.689, 0, NVIDIA A10G, 0 %, 0 %, 1777 MiB, 23028 MiB
2026/02/25 16:55:34.689, 1, NVIDIA A10G, 22 %, 8 %, 2415 MiB, 23028 MiB
2026/02/25 16:55:34.689, 2, NVIDIA A10G, 0 %, 0 %, 0 MiB, 23028 MiB
2026/02/25 16:55:34.690, 3, NVIDIA A10G, 0 %, 0 %, 0 MiB, 23028 MiB
2026/02/25 16:55:35.690, 0, NVIDIA A10G, 0 %, 0 %, 1777 MiB, 23028 MiB
2026/02/25 16:55:35.690, 1, NVIDIA A10G, 23 %, 8 %, 2415 MiB, 23028 MiB
2026/02/25 16:55:35.690, 2, NVIDIA A10G, 0 %, 0 %, 0 MiB, 23028 MiB
2026/02/25 16:55:35.690, 3, NVIDIA A10G, 0 %, 0 %, 0 MiB, 23028 MiB
2026/02/25 16:55:36.690, 0, NVIDIA A10G, 0 %, 0 %, 1777 MiB, 23028 MiB
2026/02/25 16:55:36.690, 1, NVIDIA A10G, 22 %, 8 %, 2415 MiB, 23028 MiB
2026/02/25 16:55:36.690, 2, NVIDIA A10G, 0 %, 0 %, 0 MiB, 23028 MiB
2026/02/25 16:55:36.690, 3, NVIDIA A10G, 0 %, 0 %, 0 MiB, 23028 MiB
2026/02/25 16:55:37.690, 0, NVIDIA A10G, 0 %, 0 %, 1777 MiB, 23028 MiB
2026/02/25 16:55:37.690, 1, NVIDIA A10G, 23 %, 8 %, 2415 MiB, 23028 MiB
2026/02/25 16:55:37.690, 2, NVIDIA A10G, 0 %, 0 %, 0 MiB, 23028 MiB
2026/02/25 16:55:37.690, 3, NVIDIA A10G, 0 %, 0 %, 0 MiB, 23028 MiB
2026/02/25 16:55:38.691, 0, NVIDIA A10G, 0 %, 0 %, 1777 MiB, 23028 MiB
2026/02/25 16:55:38.691, 1, NVIDIA A10G, 16 %, 6 %, 2415 MiB, 23028 MiB
2026/02/25 16:55:38.691, 2, NVIDIA A10G, 0 %, 0 %, 0 MiB, 23028 MiB
2026/02/25 16:55:38.691, 3, NVIDIA A10G, 0 %, 0 %, 0 MiB, 23028 MiB
2026/02/25 16:55:39.691, 0, NVIDIA A10G, 21 %, 6 %, 1777 MiB, 23028 MiB
2026/02/25 16:55:39.691, 1, NVIDIA A10G, 0 %, 0 %, 2415 MiB, 23028 MiB
2026/02/25 16:55:39.691, 2, NVIDIA A10G, 0 %, 0 %, 0 MiB, 23028 MiB
2026/02/25 16:55:39.691, 3, NVIDIA A10G, 0 %, 0 %, 0 MiB, 23028 MiB
2026/02/25 16:55:40.691, 0, NVIDIA A10G, 22 %, 7 %, 1777 MiB, 23028 MiB
2026/02/25 16:55:40.691, 1, NVIDIA A10G, 0 %, 0 %, 2415 MiB, 23028 MiB
2026/02/25 16:55:40.691, 2, NVIDIA A10G, 0 %, 0 %, 0 MiB, 23028 MiB
2026/02/25 16:55:40.691, 3, NVIDIA A10G, 0 %, 0 %, 0 MiB, 23028 MiB
2026/02/25 16:55:41.691, 0, NVIDIA A10G, 22 %, 7 %, 1777 MiB, 23028 MiB
2026/02/25 16:55:41.692, 1, NVIDIA A10G, 0 %, 0 %, 2415 MiB, 23028 MiB
2026/02/25 16:55:41.692, 2, NVIDIA A10G, 0 %, 0 %, 0 MiB, 23028 MiB
2026/02/25 16:55:41.692, 3, NVIDIA A10G, 0 %, 0 %, 0 MiB, 23028 MiB
2026/02/25 16:55:42.692, 0, NVIDIA A10G, 21 %, 7 %, 1777 MiB, 23028 MiB
2026/02/25 16:55:42.692, 1, NVIDIA A10G, 0 %, 0 %, 2415 MiB, 23028 MiB
2026/02/25 16:55:42.692, 2, NVIDIA A10G, 0 %, 0 %, 0 MiB, 23028 MiB
2026/02/25 16:55:42.692, 3, NVIDIA A10G, 0 %, 0 %, 0 MiB, 23028 MiB
2026/02/25 16:55:43.692, 0, NVIDIA A10G, 23 %, 8 %, 1777 MiB, 23028 MiB
2026/02/25 16:55:43.692, 1, NVIDIA A10G, 0 %, 0 %, 2415 MiB, 23028 MiB
2026/02/25 16:55:43.692, 2, NVIDIA A10G, 0 %, 0 %, 0 MiB, 23028 MiB
2026/02/25 16:55:43.692, 3, NVIDIA A10G, 0 %, 0 %, 0 MiB, 23028 MiB
2026/02/25 16:55:44.692, 0, NVIDIA A10G, 22 %, 8 %, 1777 MiB, 23028 MiB
2026/02/25 16:55:44.693, 1, NVIDIA A10G, 0 %, 0 %, 2415 MiB, 23028 MiB
2026/02/25 16:55:44.693, 2, NVIDIA A10G, 0 %, 0 %, 0 MiB, 23028 MiB
2026/02/25 16:55:44.693, 3, NVIDIA A10G, 0 %, 0 %, 0 MiB, 23028 MiB
2026/02/25 16:55:45.693, 0, NVIDIA A10G, 21 %, 7 %, 1777 MiB, 23028 MiB
2026/02/25 16:55:45.693, 1, NVIDIA A10G, 0 %, 0 %, 2415 MiB, 23028 MiB
2026/02/25 16:55:45.693, 2, NVIDIA A10G, 0 %, 0 %, 0 MiB, 23028 MiB
2026/02/25 16:55:45.693, 3, NVIDIA A10G, 0 %, 0 %, 0 MiB, 23028 MiB
2026/02/25 16:55:46.693, 0, NVIDIA A10G, 0 %, 0 %, 1777 MiB, 23028 MiB
2026/02/25 16:55:46.693, 1, NVIDIA A10G, 0 %, 0 %, 2415 MiB, 23028 MiB
2026/02/25 16:55:46.693, 2, NVIDIA A10G, 0 %, 0 %, 0 MiB, 23028 MiB
2026/02/25 16:55:46.693, 3, NVIDIA A10G, 0 %, 0 %, 0 MiB, 23028 MiB
2026/02/25 16:55:47.693, 0, NVIDIA A10G, 0 %, 0 %, 1777 MiB, 23028 MiB
2026/02/25 16:55:47.693, 1, NVIDIA A10G, 0 %, 0 %, 2415 MiB, 23028 MiB
2026/02/25 16:55:47.694, 2, NVIDIA A10G, 0 %, 0 %, 0 MiB, 23028 MiB
2026/02/25 16:55:47.694, 3, NVIDIA A10G, 0 %, 0 %, 0 MiB, 23028 MiB
2026/02/25 16:55:48.694, 0, NVIDIA A10G, 0 %, 0 %, 1777 MiB, 23028 MiB
2026/02/25 16:55:48.694, 1, NVIDIA A10G, 0 %, 0 %, 2415 MiB, 23028 MiB
2026/02/25 16:55:48.694, 2, NVIDIA A10G, 0 %, 0 %, 0 MiB, 23028 MiB
2026/02/25 16:55:48.694, 3, NVIDIA A10G, 0 %, 0 %, 0 MiB, 23028 MiB
2026/02/25 16:55:49.694, 0, NVIDIA A10G, 0 %, 0 %, 1777 MiB, 23028 MiB
2026/02/25 16:55:49.694, 1, NVIDIA A10G, 22 %, 7 %, 2415 MiB, 23028 MiB
2026/02/25 16:55:49.694, 2, NVIDIA A10G, 0 %, 0 %, 0 MiB, 23028 MiB
2026/02/25 16:55:49.694, 3, NVIDIA A10G, 0 %, 0 %, 0 MiB, 23028 MiB
2026/02/25 16:55:50.694, 0, NVIDIA A10G, 0 %, 0 %, 1777 MiB, 23028 MiB
2026/02/25 16:55:50.694, 1, NVIDIA A10G, 24 %, 8 %, 2415 MiB, 23028 MiB
2026/02/25 16:55:50.694, 2, NVIDIA A10G, 0 %, 0 %, 0 MiB, 23028 MiB
2026/02/25 16:55:50.694, 3, NVIDIA A10G, 0 %, 0 %, 0 MiB, 23028 MiB
2026/02/25 16:55:51.695, 0, NVIDIA A10G, 0 %, 0 %, 1777 MiB, 23028 MiB
2026/02/25 16:55:51.695, 1, NVIDIA A10G, 22 %, 8 %, 2415 MiB, 23028 MiB
2026/02/25 16:55:51.695, 2, NVIDIA A10G, 0 %, 0 %, 0 MiB, 23028 MiB
2026/02/25 16:55:51.695, 3, NVIDIA A10G, 0 %, 0 %, 0 MiB, 23028 MiB
2026/02/25 16:55:52.695, 0, NVIDIA A10G, 0 %, 0 %, 1777 MiB, 23028 MiB
2026/02/25 16:55:52.695, 1, NVIDIA A10G, 22 %, 7 %, 2415 MiB, 23028 MiB
2026/02/25 16:55:52.695, 2, NVIDIA A10G, 0 %, 0 %, 0 MiB, 23028 MiB
2026/02/25 16:55:52.695, 3, NVIDIA A10G, 0 %, 0 %, 0 MiB, 23028 MiB
2026/02/25 16:55:53.695, 0, NVIDIA A10G, 0 %, 0 %, 1777 MiB, 23028 MiB
2026/02/25 16:55:53.695, 1, NVIDIA A10G, 23 %, 8 %, 2415 MiB, 23028 MiB
2026/02/25 16:55:53.695, 2, NVIDIA A10G, 0 %, 0 %, 0 MiB, 23028 MiB
2026/02/25 16:55:53.695, 3, NVIDIA A10G, 0 %, 0 %, 0 MiB, 23028 MiB
2026/02/25 16:55:54.695, 0, NVIDIA A10G, 0 %, 0 %, 1777 MiB, 23028 MiB
2026/02/25 16:55:54.696, 1, NVIDIA A10G, 21 %, 7 %, 2415 MiB, 23028 MiB
2026/02/25 16:55:54.696, 2, NVIDIA A10G, 0 %, 0 %, 0 MiB, 23028 MiB
2026/02/25 16:55:54.696, 3, NVIDIA A10G, 0 %, 0 %, 0 MiB, 23028 MiB
2026/02/25 16:55:55.696, 0, NVIDIA A10G, 92 %, 61 %, 1777 MiB, 23028 MiB
2026/02/25 16:55:55.696, 1, NVIDIA A10G, 21 %, 7 %, 2415 MiB, 23028 MiB
2026/02/25 16:55:55.696, 2, NVIDIA A10G, 0 %, 0 %, 0 MiB, 23028 MiB
2026/02/25 16:55:55.696, 3, NVIDIA A10G, 0 %, 0 %, 0 MiB, 23028 MiB
2026/02/25 16:55:56.696, 0, NVIDIA A10G, 22 %, 8 %, 1777 MiB, 23028 MiB
2026/02/25 16:55:56.696, 1, NVIDIA A10G, 21 %, 7 %, 2415 MiB, 23028 MiB
2026/02/25 16:55:56.696, 2, NVIDIA A10G, 0 %, 0 %, 0 MiB, 23028 MiB
2026/02/25 16:55:56.696, 3, NVIDIA A10G, 0 %, 0 %, 0 MiB, 23028 MiB
2026/02/25 16:55:57.696, 0, NVIDIA A10G, 23 %, 8 %, 1777 MiB, 23028 MiB
2026/02/25 16:55:57.697, 1, NVIDIA A10G, 21 %, 7 %, 2415 MiB, 23028 MiB
2026/02/25 16:55:57.697, 2, NVIDIA A10G, 0 %, 0 %, 0 MiB, 23028 MiB
2026/02/25 16:55:57.697, 3, NVIDIA A10G, 0 %, 0 %, 0 MiB, 23028 MiB
2026/02/25 16:55:58.697, 0, NVIDIA A10G, 24 %, 9 %, 1777 MiB, 23028 MiB
2026/02/25 16:55:58.697, 1, NVIDIA A10G, 0 %, 0 %, 2415 MiB, 23028 MiB
2026/02/25 16:55:58.697, 2, NVIDIA A10G, 0 %, 0 %, 0 MiB, 23028 MiB
2026/02/25 16:55:58.697, 3, NVIDIA A10G, 0 %, 0 %, 0 MiB, 23028 MiB
2026/02/25 16:55:59.697, 0, NVIDIA A10G, 23 %, 9 %, 1777 MiB, 23028 MiB
2026/02/25 16:55:59.697, 1, NVIDIA A10G, 0 %, 0 %, 2415 MiB, 23028 MiB
2026/02/25 16:55:59.697, 2, NVIDIA A10G, 0 %, 0 %, 0 MiB, 23028 MiB
2026/02/25 16:55:59.698, 3, NVIDIA A10G, 0 %, 0 %, 0 MiB, 23028 MiB
2026/02/25 16:56:00.698, 0, NVIDIA A10G, 23 %, 8 %, 1777 MiB, 23028 MiB
2026/02/25 16:56:00.698, 1, NVIDIA A10G, 0 %, 0 %, 2415 MiB, 23028 MiB
2026/02/25 16:56:00.698, 2, NVIDIA A10G, 0 %, 0 %, 0 MiB, 23028 MiB
2026/02/25 16:56:00.698, 3, NVIDIA A10G, 0 %, 0 %, 0 MiB, 23028 MiB
2026/02/25 16:56:01.698, 0, NVIDIA A10G, 23 %, 9 %, 1777 MiB, 23028 MiB
2026/02/25 16:56:01.698, 1, NVIDIA A10G, 22 %, 7 %, 2415 MiB, 23028 MiB
2026/02/25 16:56:01.698, 2, NVIDIA A10G, 0 %, 0 %, 0 MiB, 23028 MiB
2026/02/25 16:56:01.698, 3, NVIDIA A10G, 0 %, 0 %, 0 MiB, 23028 MiB
2026/02/25 16:56:02.698, 0, NVIDIA A10G, 22 %, 8 %, 1777 MiB, 23028 MiB
2026/02/25 16:56:02.699, 1, NVIDIA A10G, 22 %, 8 %, 2415 MiB, 23028 MiB
2026/02/25 16:56:02.699, 2, NVIDIA A10G, 0 %, 0 %, 0 MiB, 23028 MiB
2026/02/25 16:56:02.699, 3, NVIDIA A10G, 0 %, 0 %, 0 MiB, 23028 MiB
2026/02/25 16:56:03.699, 0, NVIDIA A10G, 22 %, 8 %, 1777 MiB, 23028 MiB
2026/02/25 16:56:03.699, 1, NVIDIA A10G, 0 %, 0 %, 2415 MiB, 23028 MiB
2026/02/25 16:56:03.699, 2, NVIDIA A10G, 0 %, 0 %, 0 MiB, 23028 MiB
2026/02/25 16:56:03.699, 3, NVIDIA A10G, 0 %, 0 %, 0 MiB, 23028 MiB
2026/02/25 16:56:04.699, 0, NVIDIA A10G, 23 %, 8 %, 1777 MiB, 23028 MiB
2026/02/25 16:56:04.699, 1, NVIDIA A10G, 0 %, 0 %, 2415 MiB, 23028 MiB
2026/02/25 16:56:04.699, 2, NVIDIA A10G, 0 %, 0 %, 0 MiB, 23028 MiB
2026/02/25 16:56:04.699, 3, NVIDIA A10G, 0 %, 0 %, 0 MiB, 23028 MiB
2026/02/25 16:56:05.699, 0, NVIDIA A10G, 3 %, 1 %, 1777 MiB, 23028 MiB
2026/02/25 16:56:05.699, 1, NVIDIA A10G, 0 %, 0 %, 2415 MiB, 23028 MiB
2026/02/25 16:56:05.700, 2, NVIDIA A10G, 0 %, 0 %, 0 MiB, 23028 MiB
2026/02/25 16:56:05.700, 3, NVIDIA A10G, 0 %, 0 %, 0 MiB, 23028 MiB
2026/02/25 16:56:06.700, 0, NVIDIA A10G, 0 %, 0 %, 1777 MiB, 23028 MiB
2026/02/25 16:56:06.700, 1, NVIDIA A10G, 0 %, 0 %, 2415 MiB, 23028 MiB
2026/02/25 16:56:06.700, 2, NVIDIA A10G, 0 %, 0 %, 0 MiB, 23028 MiB
2026/02/25 16:56:06.700, 3, NVIDIA A10G, 0 %, 0 %, 0 MiB, 23028 MiB
2026/02/25 16:56:07.700, 0, NVIDIA A10G, 0 %, 0 %, 1777 MiB, 23028 MiB
2026/02/25 16:56:07.700, 1, NVIDIA A10G, 0 %, 0 %, 2415 MiB, 23028 MiB
2026/02/25 16:56:07.700, 2, NVIDIA A10G, 0 %, 0 %, 0 MiB, 23028 MiB
2026/02/25 16:56:07.700, 3, NVIDIA A10G, 0 %, 0 %, 0 MiB, 23028 MiB
2026/02/25 16:56:08.700, 0, NVIDIA A10G, 0 %, 0 %, 1777 MiB, 23028 MiB
2026/02/25 16:56:08.700, 1, NVIDIA A10G, 0 %, 0 %, 2415 MiB, 23028 MiB
2026/02/25 16:56:08.700, 2, NVIDIA A10G, 0 %, 0 %, 0 MiB, 23028 MiB
2026/02/25 16:56:08.701, 3, NVIDIA A10G, 0 %, 0 %, 0 MiB, 23028 MiB
2026/02/25 16:56:09.701, 0, NVIDIA A10G, 2 %, 0 %, 1781 MiB, 23028 MiB
2026/02/25 16:56:09.701, 1, NVIDIA A10G, 0 %, 0 %, 2415 MiB, 23028 MiB
2026/02/25 16:56:09.701, 2, NVIDIA A10G, 0 %, 0 %, 0 MiB, 23028 MiB
2026/02/25 16:56:09.701, 3, NVIDIA A10G, 0 %, 0 %, 0 MiB, 23028 MiB
2026/02/25 16:56:10.701, 0, NVIDIA A10G, 20 %, 7 %, 1781 MiB, 23028 MiB
2026/02/25 16:56:10.701, 1, NVIDIA A10G, 31 %, 21 %, 2415 MiB, 23028 MiB
2026/02/25 16:56:10.701, 2, NVIDIA A10G, 0 %, 0 %, 0 MiB, 23028 MiB
2026/02/25 16:56:10.701, 3, NVIDIA A10G, 0 %, 0 %, 0 MiB, 23028 MiB
2026/02/25 16:56:11.701, 0, NVIDIA A10G, 21 %, 8 %, 1781 MiB, 23028 MiB
2026/02/25 16:56:11.701, 1, NVIDIA A10G, 23 %, 8 %, 2415 MiB, 23028 MiB
2026/02/25 16:56:11.701, 2, NVIDIA A10G, 0 %, 0 %, 0 MiB, 23028 MiB
2026/02/25 16:56:11.701, 3, NVIDIA A10G, 0 %, 0 %, 0 MiB, 23028 MiB
2026/02/25 16:56:12.702, 0, NVIDIA A10G, 22 %, 8 %, 1781 MiB, 23028 MiB
2026/02/25 16:56:12.702, 1, NVIDIA A10G, 22 %, 7 %, 2415 MiB, 23028 MiB
2026/02/25 16:56:12.702, 2, NVIDIA A10G, 0 %, 0 %, 0 MiB, 23028 MiB
2026/02/25 16:56:12.702, 3, NVIDIA A10G, 0 %, 0 %, 0 MiB, 23028 MiB
2026/02/25 16:56:13.702, 0, NVIDIA A10G, 22 %, 8 %, 1781 MiB, 23028 MiB
2026/02/25 16:56:13.702, 1, NVIDIA A10G, 21 %, 7 %, 2415 MiB, 23028 MiB
2026/02/25 16:56:13.702, 2, NVIDIA A10G, 0 %, 0 %, 0 MiB, 23028 MiB
2026/02/25 16:56:13.702, 3, NVIDIA A10G, 0 %, 0 %, 0 MiB, 23028 MiB
2026/02/25 16:56:14.702, 0, NVIDIA A10G, 0 %, 0 %, 1781 MiB, 23028 MiB
2026/02/25 16:56:14.702, 1, NVIDIA A10G, 22 %, 8 %, 2415 MiB, 23028 MiB
2026/02/25 16:56:14.702, 2, NVIDIA A10G, 0 %, 0 %, 0 MiB, 23028 MiB
2026/02/25 16:56:14.703, 3, NVIDIA A10G, 0 %, 0 %, 0 MiB, 23028 MiB
2026/02/25 16:56:15.703, 0, NVIDIA A10G, 0 %, 0 %, 1781 MiB, 23028 MiB
2026/02/25 16:56:15.703, 1, NVIDIA A10G, 22 %, 7 %, 2415 MiB, 23028 MiB
2026/02/25 16:56:15.703, 2, NVIDIA A10G, 0 %, 0 %, 0 MiB, 23028 MiB
2026/02/25 16:56:15.703, 3, NVIDIA A10G, 0 %, 0 %, 0 MiB, 23028 MiB
2026/02/25 16:56:16.703, 0, NVIDIA A10G, 0 %, 0 %, 1781 MiB, 23028 MiB
2026/02/25 16:56:16.703, 1, NVIDIA A10G, 22 %, 7 %, 2415 MiB, 23028 MiB
2026/02/25 16:56:16.703, 2, NVIDIA A10G, 0 %, 0 %, 0 MiB, 23028 MiB
2026/02/25 16:56:16.703, 3, NVIDIA A10G, 0 %, 0 %, 0 MiB, 23028 MiB
2026/02/25 16:56:17.703, 0, NVIDIA A10G, 0 %, 0 %, 1781 MiB, 23028 MiB
2026/02/25 16:56:17.704, 1, NVIDIA A10G, 22 %, 8 %, 2415 MiB, 23028 MiB
2026/02/25 16:56:17.704, 2, NVIDIA A10G, 0 %, 0 %, 0 MiB, 23028 MiB
2026/02/25 16:56:17.704, 3, NVIDIA A10G, 0 %, 0 %, 0 MiB, 23028 MiB
2026/02/25 16:56:18.704, 0, NVIDIA A10G, 0 %, 0 %, 1781 MiB, 23028 MiB
2026/02/25 16:56:18.704, 1, NVIDIA A10G, 22 %, 7 %, 2415 MiB, 23028 MiB
2026/02/25 16:56:18.704, 2, NVIDIA A10G, 0 %, 0 %, 0 MiB, 23028 MiB
2026/02/25 16:56:18.704, 3, NVIDIA A10G, 0 %, 0 %, 0 MiB, 23028 MiB
2026/02/25 16:56:19.704, 0, NVIDIA A10G, 0 %, 0 %, 1781 MiB, 23028 MiB
2026/02/25 16:56:19.704, 1, NVIDIA A10G, 0 %, 0 %, 2415 MiB, 23028 MiB
2026/02/25 16:56:19.704, 2, NVIDIA A10G, 0 %, 0 %, 0 MiB, 23028 MiB
2026/02/25 16:56:19.704, 3, NVIDIA A10G, 0 %, 0 %, 0 MiB, 23028 MiB
2026/02/25 16:56:20.705, 0, NVIDIA A10G, 0 %, 0 %, 1781 MiB, 23028 MiB
2026/02/25 16:56:20.705, 1, NVIDIA A10G, 0 %, 0 %, 2415 MiB, 23028 MiB
2026/02/25 16:56:20.705, 2, NVIDIA A10G, 0 %, 0 %, 0 MiB, 23028 MiB
2026/02/25 16:56:20.705, 3, NVIDIA A10G, 0 %, 0 %, 0 MiB, 23028 MiB
2026/02/25 16:56:21.705, 0, NVIDIA A10G, 0 %, 0 %, 1781 MiB, 23028 MiB
2026/02/25 16:56:21.705, 1, NVIDIA A10G, 0 %, 0 %, 2415 MiB, 23028 MiB
2026/02/25 16:56:21.705, 2, NVIDIA A10G, 0 %, 0 %, 0 MiB, 23028 MiB
2026/02/25 16:56:21.705, 3, NVIDIA A10G, 0 %, 0 %, 0 MiB, 23028 MiB
2026/02/25 16:56:22.705, 0, NVIDIA A10G, 0 %, 0 %, 1781 MiB, 23028 MiB
2026/02/25 16:56:22.705, 1, NVIDIA A10G, 0 %, 0 %, 2415 MiB, 23028 MiB
2026/02/25 16:56:22.705, 2, NVIDIA A10G, 0 %, 0 %, 0 MiB, 23028 MiB
2026/02/25 16:56:22.705, 3, NVIDIA A10G, 0 %, 0 %, 0 MiB, 23028 MiB
2026/02/25 16:56:23.706, 0, NVIDIA A10G, 80 %, 55 %, 1781 MiB, 23028 MiB
2026/02/25 16:56:23.706, 1, NVIDIA A10G, 0 %, 0 %, 2415 MiB, 23028 MiB
2026/02/25 16:56:23.706, 2, NVIDIA A10G, 0 %, 0 %, 0 MiB, 23028 MiB
2026/02/25 16:56:23.706, 3, NVIDIA A10G, 0 %, 0 %, 0 MiB, 23028 MiB
2026/02/25 16:56:24.706, 0, NVIDIA A10G, 22 %, 8 %, 1781 MiB, 23028 MiB
2026/02/25 16:56:24.707, 1, NVIDIA A10G, 0 %, 0 %, 2415 MiB, 23028 MiB
2026/02/25 16:56:24.707, 2, NVIDIA A10G, 0 %, 0 %, 0 MiB, 23028 MiB
2026/02/25 16:56:24.707, 3, NVIDIA A10G, 0 %, 0 %, 0 MiB, 23028 MiB
2026/02/25 16:56:25.707, 0, NVIDIA A10G, 21 %, 7 %, 1781 MiB, 23028 MiB
2026/02/25 16:56:25.707, 1, NVIDIA A10G, 0 %, 0 %, 2415 MiB, 23028 MiB
2026/02/25 16:56:25.707, 2, NVIDIA A10G, 0 %, 0 %, 0 MiB, 23028 MiB
2026/02/25 16:56:25.707, 3, NVIDIA A10G, 0 %, 0 %, 0 MiB, 23028 MiB
2026/02/25 16:56:26.708, 0, NVIDIA A10G, 23 %, 7 %, 1781 MiB, 23028 MiB
2026/02/25 16:56:26.708, 1, NVIDIA A10G, 0 %, 0 %, 2415 MiB, 23028 MiB
2026/02/25 16:56:26.708, 2, NVIDIA A10G, 0 %, 0 %, 0 MiB, 23028 MiB
2026/02/25 16:56:26.708, 3, NVIDIA A10G, 0 %, 0 %, 0 MiB, 23028 MiB
2026/02/25 16:56:27.708, 0, NVIDIA A10G, 22 %, 7 %, 1781 MiB, 23028 MiB
2026/02/25 16:56:27.708, 1, NVIDIA A10G, 0 %, 0 %, 2415 MiB, 23028 MiB
2026/02/25 16:56:27.708, 2, NVIDIA A10G, 0 %, 0 %, 0 MiB, 23028 MiB
2026/02/25 16:56:27.708, 3, NVIDIA A10G, 0 %, 0 %, 0 MiB, 23028 MiB
2026/02/25 16:56:28.708, 0, NVIDIA A10G, 21 %, 7 %, 1781 MiB, 23028 MiB
2026/02/25 16:56:28.708, 1, NVIDIA A10G, 0 %, 0 %, 2415 MiB, 23028 MiB
2026/02/25 16:56:28.708, 2, NVIDIA A10G, 0 %, 0 %, 0 MiB, 23028 MiB
2026/02/25 16:56:28.708, 3, NVIDIA A10G, 0 %, 0 %, 0 MiB, 23028 MiB
2026/02/25 16:56:29.708, 0, NVIDIA A10G, 21 %, 7 %, 1781 MiB, 23028 MiB
2026/02/25 16:56:29.708, 1, NVIDIA A10G, 0 %, 0 %, 2415 MiB, 23028 MiB
2026/02/25 16:56:29.709, 2, NVIDIA A10G, 0 %, 0 %, 0 MiB, 23028 MiB
2026/02/25 16:56:29.709, 3, NVIDIA A10G, 0 %, 0 %, 0 MiB, 23028 MiB
2026/02/25 16:56:30.709, 0, NVIDIA A10G, 23 %, 8 %, 1781 MiB, 23028 MiB
2026/02/25 16:56:30.709, 1, NVIDIA A10G, 85 %, 56 %, 2415 MiB, 23028 MiB
2026/02/25 16:56:30.709, 2, NVIDIA A10G, 0 %, 0 %, 0 MiB, 23028 MiB
2026/02/25 16:56:30.709, 3, NVIDIA A10G, 0 %, 0 %, 0 MiB, 23028 MiB
2026/02/25 16:56:31.709, 0, NVIDIA A10G, 20 %, 6 %, 1781 MiB, 23028 MiB
2026/02/25 16:56:31.709, 1, NVIDIA A10G, 21 %, 6 %, 2415 MiB, 23028 MiB
2026/02/25 16:56:31.709, 2, NVIDIA A10G, 0 %, 0 %, 0 MiB, 23028 MiB
2026/02/25 16:56:31.709, 3, NVIDIA A10G, 0 %, 0 %, 0 MiB, 23028 MiB
2026/02/25 16:56:32.709, 0, NVIDIA A10G, 21 %, 7 %, 1781 MiB, 23028 MiB
2026/02/25 16:56:32.709, 1, NVIDIA A10G, 20 %, 7 %, 2415 MiB, 23028 MiB
2026/02/25 16:56:32.709, 2, NVIDIA A10G, 0 %, 0 %, 0 MiB, 23028 MiB
2026/02/25 16:56:32.709, 3, NVIDIA A10G, 0 %, 0 %, 0 MiB, 23028 MiB
2026/02/25 16:56:33.710, 0, NVIDIA A10G, 20 %, 7 %, 1781 MiB, 23028 MiB
2026/02/25 16:56:33.710, 1, NVIDIA A10G, 22 %, 7 %, 2415 MiB, 23028 MiB
2026/02/25 16:56:33.710, 2, NVIDIA A10G, 0 %, 0 %, 0 MiB, 23028 MiB
2026/02/25 16:56:33.710, 3, NVIDIA A10G, 0 %, 0 %, 0 MiB, 23028 MiB
2026/02/25 16:56:34.710, 0, NVIDIA A10G, 18 %, 6 %, 1781 MiB, 23028 MiB
2026/02/25 16:56:34.710, 1, NVIDIA A10G, 22 %, 8 %, 2415 MiB, 23028 MiB
2026/02/25 16:56:34.710, 2, NVIDIA A10G, 0 %, 0 %, 0 MiB, 23028 MiB
2026/02/25 16:56:34.710, 3, NVIDIA A10G, 0 %, 0 %, 0 MiB, 23028 MiB
2026/02/25 16:56:35.710, 0, NVIDIA A10G, 19 %, 6 %, 1781 MiB, 23028 MiB
2026/02/25 16:56:35.710, 1, NVIDIA A10G, 20 %, 6 %, 2415 MiB, 23028 MiB
2026/02/25 16:56:35.710, 2, NVIDIA A10G, 0 %, 0 %, 0 MiB, 23028 MiB
2026/02/25 16:56:35.711, 3, NVIDIA A10G, 0 %, 0 %, 0 MiB, 23028 MiB
2026/02/25 16:56:36.711, 0, NVIDIA A10G, 20 %, 6 %, 1781 MiB, 23028 MiB
2026/02/25 16:56:36.711, 1, NVIDIA A10G, 20 %, 7 %, 2415 MiB, 23028 MiB
2026/02/25 16:56:36.711, 2, NVIDIA A10G, 0 %, 0 %, 0 MiB, 23028 MiB
2026/02/25 16:56:36.711, 3, NVIDIA A10G, 0 %, 0 %, 0 MiB, 23028 MiB
2026/02/25 16:56:37.711, 0, NVIDIA A10G, 0 %, 0 %, 1781 MiB, 23028 MiB
2026/02/25 16:56:37.711, 1, NVIDIA A10G, 20 %, 7 %, 2415 MiB, 23028 MiB
2026/02/25 16:56:37.711, 2, NVIDIA A10G, 0 %, 0 %, 0 MiB, 23028 MiB
2026/02/25 16:56:37.711, 3, NVIDIA A10G, 0 %, 0 %, 0 MiB, 23028 MiB
2026/02/25 16:56:38.711, 0, NVIDIA A10G, 0 %, 0 %, 1781 MiB, 23028 MiB
2026/02/25 16:56:38.711, 1, NVIDIA A10G, 23 %, 8 %, 2415 MiB, 23028 MiB
2026/02/25 16:56:38.712, 2, NVIDIA A10G, 0 %, 0 %, 0 MiB, 23028 MiB
2026/02/25 16:56:38.712, 3, NVIDIA A10G, 0 %, 0 %, 0 MiB, 23028 MiB
2026/02/25 16:56:39.712, 0, NVIDIA A10G, 0 %, 0 %, 1781 MiB, 23028 MiB
2026/02/25 16:56:39.712, 1, NVIDIA A10G, 21 %, 7 %, 2415 MiB, 23028 MiB
2026/02/25 16:56:39.712, 2, NVIDIA A10G, 0 %, 0 %, 0 MiB, 23028 MiB
2026/02/25 16:56:39.712, 3, NVIDIA A10G, 0 %, 0 %, 0 MiB, 23028 MiB
2026/02/25 16:56:40.712, 0, NVIDIA A10G, 0 %, 0 %, 1781 MiB, 23028 MiB
2026/02/25 16:56:40.712, 1, NVIDIA A10G, 23 %, 8 %, 2415 MiB, 23028 MiB
2026/02/25 16:56:40.712, 2, NVIDIA A10G, 0 %, 0 %, 0 MiB, 23028 MiB
2026/02/25 16:56:40.712, 3, NVIDIA A10G, 0 %, 0 %, 0 MiB, 23028 MiB
2026/02/25 16:56:41.712, 0, NVIDIA A10G, 0 %, 0 %, 1781 MiB, 23028 MiB
2026/02/25 16:56:41.712, 1, NVIDIA A10G, 23 %, 8 %, 2415 MiB, 23028 MiB
2026/02/25 16:56:41.712, 2, NVIDIA A10G, 0 %, 0 %, 0 MiB, 23028 MiB
2026/02/25 16:56:41.713, 3, NVIDIA A10G, 0 %, 0 %, 0 MiB, 23028 MiB
2026/02/25 16:56:42.713, 0, NVIDIA A10G, 91 %, 61 %, 1781 MiB, 23028 MiB
2026/02/25 16:56:42.713, 1, NVIDIA A10G, 22 %, 8 %, 2415 MiB, 23028 MiB
2026/02/25 16:56:42.713, 2, NVIDIA A10G, 0 %, 0 %, 0 MiB, 23028 MiB
2026/02/25 16:56:42.713, 3, NVIDIA A10G, 0 %, 0 %, 0 MiB, 23028 MiB
2026/02/25 16:56:43.713, 0, NVIDIA A10G, 21 %, 7 %, 1781 MiB, 23028 MiB
2026/02/25 16:56:43.713, 1, NVIDIA A10G, 0 %, 0 %, 2415 MiB, 23028 MiB
2026/02/25 16:56:43.713, 2, NVIDIA A10G, 0 %, 0 %, 0 MiB, 23028 MiB
2026/02/25 16:56:43.713, 3, NVIDIA A10G, 0 %, 0 %, 0 MiB, 23028 MiB
2026/02/25 16:56:44.713, 0, NVIDIA A10G, 21 %, 7 %, 1781 MiB, 23028 MiB
2026/02/25 16:56:44.713, 1, NVIDIA A10G, 0 %, 0 %, 2415 MiB, 23028 MiB
2026/02/25 16:56:44.713, 2, NVIDIA A10G, 0 %, 0 %, 0 MiB, 23028 MiB
2026/02/25 16:56:44.713, 3, NVIDIA A10G, 0 %, 0 %, 0 MiB, 23028 MiB
2026/02/25 16:56:45.714, 0, NVIDIA A10G, 22 %, 8 %, 1781 MiB, 23028 MiB
2026/02/25 16:56:45.714, 1, NVIDIA A10G, 0 %, 0 %, 2415 MiB, 23028 MiB
2026/02/25 16:56:45.714, 2, NVIDIA A10G, 0 %, 0 %, 0 MiB, 23028 MiB
2026/02/25 16:56:45.714, 3, NVIDIA A10G, 0 %, 0 %, 0 MiB, 23028 MiB
2026/02/25 16:56:46.714, 0, NVIDIA A10G, 21 %, 7 %, 1781 MiB, 23028 MiB
2026/02/25 16:56:46.714, 1, NVIDIA A10G, 0 %, 0 %, 2415 MiB, 23028 MiB
2026/02/25 16:56:46.714, 2, NVIDIA A10G, 0 %, 0 %, 0 MiB, 23028 MiB
2026/02/25 16:56:46.714, 3, NVIDIA A10G, 0 %, 0 %, 0 MiB, 23028 MiB
2026/02/25 16:56:47.714, 0, NVIDIA A10G, 22 %, 7 %, 1781 MiB, 23028 MiB
2026/02/25 16:56:47.714, 1, NVIDIA A10G, 0 %, 0 %, 2415 MiB, 23028 MiB
2026/02/25 16:56:47.714, 2, NVIDIA A10G, 0 %, 0 %, 0 MiB, 23028 MiB
2026/02/25 16:56:47.714, 3, NVIDIA A10G, 0 %, 0 %, 0 MiB, 23028 MiB
2026/02/25 16:56:48.715, 0, NVIDIA A10G, 23 %, 8 %, 1781 MiB, 23028 MiB
2026/02/25 16:56:48.715, 1, NVIDIA A10G, 0 %, 0 %, 2415 MiB, 23028 MiB
2026/02/25 16:56:48.715, 2, NVIDIA A10G, 0 %, 0 %, 0 MiB, 23028 MiB
2026/02/25 16:56:48.715, 3, NVIDIA A10G, 0 %, 0 %, 0 MiB, 23028 MiB
2026/02/25 16:56:49.715, 0, NVIDIA A10G, 0 %, 0 %, 1781 MiB, 23028 MiB
2026/02/25 16:56:49.715, 1, NVIDIA A10G, 0 %, 0 %, 2415 MiB, 23028 MiB
2026/02/25 16:56:49.715, 2, NVIDIA A10G, 0 %, 0 %, 0 MiB, 23028 MiB
2026/02/25 16:56:49.715, 3, NVIDIA A10G, 0 %, 0 %, 0 MiB, 23028 MiB
2026/02/25 16:56:50.715, 0, NVIDIA A10G, 0 %, 0 %, 1781 MiB, 23028 MiB
2026/02/25 16:56:50.715, 1, NVIDIA A10G, 0 %, 0 %, 2415 MiB, 23028 MiB
2026/02/25 16:56:50.715, 2, NVIDIA A10G, 0 %, 0 %, 0 MiB, 23028 MiB
2026/02/25 16:56:50.715, 3, NVIDIA A10G, 0 %, 0 %, 0 MiB, 23028 MiB
2026/02/25 16:56:51.716, 0, NVIDIA A10G, 0 %, 0 %, 1781 MiB, 23028 MiB
2026/02/25 16:56:51.716, 1, NVIDIA A10G, 3 %, 1 %, 2415 MiB, 23028 MiB
2026/02/25 16:56:51.716, 2, NVIDIA A10G, 0 %, 0 %, 0 MiB, 23028 MiB
2026/02/25 16:56:51.716, 3, NVIDIA A10G, 0 %, 0 %, 0 MiB, 23028 MiB
2026/02/25 16:56:52.716, 0, NVIDIA A10G, 0 %, 0 %, 1781 MiB, 23028 MiB
2026/02/25 16:56:52.716, 1, NVIDIA A10G, 22 %, 8 %, 2415 MiB, 23028 MiB
2026/02/25 16:56:52.716, 2, NVIDIA A10G, 0 %, 0 %, 0 MiB, 23028 MiB
2026/02/25 16:56:52.716, 3, NVIDIA A10G, 0 %, 0 %, 0 MiB, 23028 MiB
2026/02/25 16:56:53.716, 0, NVIDIA A10G, 0 %, 0 %, 1781 MiB, 23028 MiB
2026/02/25 16:56:53.717, 1, NVIDIA A10G, 22 %, 8 %, 2415 MiB, 23028 MiB
2026/02/25 16:56:53.717, 2, NVIDIA A10G, 0 %, 0 %, 0 MiB, 23028 MiB
2026/02/25 16:56:53.717, 3, NVIDIA A10G, 0 %, 0 %, 0 MiB, 23028 MiB
2026/02/25 16:56:54.717, 0, NVIDIA A10G, 67 %, 43 %, 1781 MiB, 23028 MiB
2026/02/25 16:56:54.718, 1, NVIDIA A10G, 20 %, 7 %, 2415 MiB, 23028 MiB
2026/02/25 16:56:54.718, 2, NVIDIA A10G, 0 %, 0 %, 0 MiB, 23028 MiB
2026/02/25 16:56:54.718, 3, NVIDIA A10G, 0 %, 0 %, 0 MiB, 23028 MiB
2026/02/25 16:56:55.718, 0, NVIDIA A10G, 20 %, 7 %, 1781 MiB, 23028 MiB
2026/02/25 16:56:55.718, 1, NVIDIA A10G, 23 %, 8 %, 2415 MiB, 23028 MiB
2026/02/25 16:56:55.719, 2, NVIDIA A10G, 0 %, 0 %, 0 MiB, 23028 MiB
2026/02/25 16:56:55.719, 3, NVIDIA A10G, 0 %, 0 %, 0 MiB, 23028 MiB
2026/02/25 16:56:56.719, 0, NVIDIA A10G, 21 %, 7 %, 1781 MiB, 23028 MiB
2026/02/25 16:56:56.719, 1, NVIDIA A10G, 21 %, 6 %, 2415 MiB, 23028 MiB
2026/02/25 16:56:56.719, 2, NVIDIA A10G, 0 %, 0 %, 0 MiB, 23028 MiB
2026/02/25 16:56:56.719, 3, NVIDIA A10G, 0 %, 0 %, 0 MiB, 23028 MiB
2026/02/25 16:56:57.719, 0, NVIDIA A10G, 21 %, 7 %, 1781 MiB, 23028 MiB
2026/02/25 16:56:57.719, 1, NVIDIA A10G, 21 %, 7 %, 2415 MiB, 23028 MiB
2026/02/25 16:56:57.719, 2, NVIDIA A10G, 0 %, 0 %, 0 MiB, 23028 MiB
2026/02/25 16:56:57.720, 3, NVIDIA A10G, 0 %, 0 %, 0 MiB, 23028 MiB
2026/02/25 16:56:58.720, 0, NVIDIA A10G, 22 %, 8 %, 1781 MiB, 23028 MiB
2026/02/25 16:56:58.720, 1, NVIDIA A10G, 23 %, 8 %, 2415 MiB, 23028 MiB
2026/02/25 16:56:58.720, 2, NVIDIA A10G, 0 %, 0 %, 0 MiB, 23028 MiB
2026/02/25 16:56:58.720, 3, NVIDIA A10G, 0 %, 0 %, 0 MiB, 23028 MiB
2026/02/25 16:56:59.720, 0, NVIDIA A10G, 19 %, 6 %, 1781 MiB, 23028 MiB
2026/02/25 16:56:59.720, 1, NVIDIA A10G, 23 %, 8 %, 2415 MiB, 23028 MiB
2026/02/25 16:56:59.720, 2, NVIDIA A10G, 0 %, 0 %, 0 MiB, 23028 MiB
2026/02/25 16:56:59.720, 3, NVIDIA A10G, 0 %, 0 %, 0 MiB, 23028 MiB
2026/02/25 16:57:00.721, 0, NVIDIA A10G, 22 %, 7 %, 1781 MiB, 23028 MiB
2026/02/25 16:57:00.721, 1, NVIDIA A10G, 0 %, 0 %, 2415 MiB, 23028 MiB
2026/02/25 16:57:00.721, 2, NVIDIA A10G, 0 %, 0 %, 0 MiB, 23028 MiB
2026/02/25 16:57:00.721, 3, NVIDIA A10G, 0 %, 0 %, 0 MiB, 23028 MiB
2026/02/25 16:57:01.721, 0, NVIDIA A10G, 15 %, 4 %, 1781 MiB, 23028 MiB
2026/02/25 16:57:01.721, 1, NVIDIA A10G, 0 %, 0 %, 2415 MiB, 23028 MiB
2026/02/25 16:57:01.721, 2, NVIDIA A10G, 0 %, 0 %, 0 MiB, 23028 MiB
2026/02/25 16:57:01.721, 3, NVIDIA A10G, 0 %, 0 %, 0 MiB, 23028 MiB
2026/02/25 16:57:02.721, 0, NVIDIA A10G, 0 %, 0 %, 1781 MiB, 23028 MiB
2026/02/25 16:57:02.722, 1, NVIDIA A10G, 0 %, 0 %, 2415 MiB, 23028 MiB
2026/02/25 16:57:02.722, 2, NVIDIA A10G, 0 %, 0 %, 0 MiB, 23028 MiB
2026/02/25 16:57:02.722, 3, NVIDIA A10G, 0 %, 0 %, 0 MiB, 23028 MiB
2026/02/25 16:57:03.722, 0, NVIDIA A10G, 0 %, 0 %, 1781 MiB, 23028 MiB
2026/02/25 16:57:03.722, 1, NVIDIA A10G, 0 %, 0 %, 2415 MiB, 23028 MiB
2026/02/25 16:57:03.722, 2, NVIDIA A10G, 0 %, 0 %, 0 MiB, 23028 MiB
2026/02/25 16:57:03.722, 3, NVIDIA A10G, 0 %, 0 %, 0 MiB, 23028 MiB
2026/02/25 16:57:04.722, 0, NVIDIA A10G, 0 %, 0 %, 1781 MiB, 23028 MiB
2026/02/25 16:57:04.722, 1, NVIDIA A10G, 0 %, 0 %, 2415 MiB, 23028 MiB
2026/02/25 16:57:04.722, 2, NVIDIA A10G, 0 %, 0 %, 0 MiB, 23028 MiB
2026/02/25 16:57:04.722, 3, NVIDIA A10G, 0 %, 0 %, 0 MiB, 23028 MiB
2026/02/25 16:57:05.722, 0, NVIDIA A10G, 0 %, 0 %, 1781 MiB, 23028 MiB
2026/02/25 16:57:05.722, 1, NVIDIA A10G, 0 %, 0 %, 2415 MiB, 23028 MiB
2026/02/25 16:57:05.722, 2, NVIDIA A10G, 0 %, 0 %, 0 MiB, 23028 MiB
2026/02/25 16:57:05.722, 3, NVIDIA A10G, 0 %, 0 %, 0 MiB, 23028 MiB
2026/02/25 16:57:06.723, 0, NVIDIA A10G, 0 %, 0 %, 1781 MiB, 23028 MiB
2026/02/25 16:57:06.723, 1, NVIDIA A10G, 0 %, 0 %, 2415 MiB, 23028 MiB
2026/02/25 16:57:06.723, 2, NVIDIA A10G, 0 %, 0 %, 0 MiB, 23028 MiB
2026/02/25 16:57:06.723, 3, NVIDIA A10G, 0 %, 0 %, 0 MiB, 23028 MiB
2026/02/25 16:57:07.723, 0, NVIDIA A10G, 0 %, 0 %, 1781 MiB, 23028 MiB
2026/02/25 16:57:07.723, 1, NVIDIA A10G, 0 %, 0 %, 2415 MiB, 23028 MiB
2026/02/25 16:57:07.723, 2, NVIDIA A10G, 0 %, 0 %, 0 MiB, 23028 MiB
2026/02/25 16:57:07.723, 3, NVIDIA A10G, 0 %, 0 %, 0 MiB, 23028 MiB
2026/02/25 16:57:08.723, 0, NVIDIA A10G, 0 %, 0 %, 1781 MiB, 23028 MiB
2026/02/25 16:57:08.723, 1, NVIDIA A10G, 0 %, 0 %, 2415 MiB, 23028 MiB
2026/02/25 16:57:08.723, 2, NVIDIA A10G, 0 %, 0 %, 0 MiB, 23028 MiB
2026/02/25 16:57:08.723, 3, NVIDIA A10G, 0 %, 0 %, 0 MiB, 23028 MiB
2026/02/25 16:57:09.723, 0, NVIDIA A10G, 0 %, 0 %, 1781 MiB, 23028 MiB
2026/02/25 16:57:09.724, 1, NVIDIA A10G, 0 %, 0 %, 2415 MiB, 23028 MiB
2026/02/25 16:57:09.724, 2, NVIDIA A10G, 0 %, 0 %, 0 MiB, 23028 MiB
2026/02/25 16:57:09.724, 3, NVIDIA A10G, 0 %, 0 %, 0 MiB, 23028 MiB
2026/02/25 16:57:10.724, 0, NVIDIA A10G, 0 %, 0 %, 1781 MiB, 23028 MiB
2026/02/25 16:57:10.724, 1, NVIDIA A10G, 0 %, 0 %, 2415 MiB, 23028 MiB
2026/02/25 16:57:10.724, 2, NVIDIA A10G, 0 %, 0 %, 0 MiB, 23028 MiB
2026/02/25 16:57:10.724, 3, NVIDIA A10G, 0 %, 0 %, 0 MiB, 23028 MiB
2026/02/25 16:57:11.724, 0, NVIDIA A10G, 23 %, 8 %, 1781 MiB, 23028 MiB
2026/02/25 16:57:11.724, 1, NVIDIA A10G, 0 %, 0 %, 2415 MiB, 23028 MiB
2026/02/25 16:57:11.724, 2, NVIDIA A10G, 0 %, 0 %, 0 MiB, 23028 MiB
2026/02/25 16:57:11.724, 3, NVIDIA A10G, 0 %, 0 %, 0 MiB, 23028 MiB
2026/02/25 16:57:12.725, 0, NVIDIA A10G, 20 %, 7 %, 1781 MiB, 23028 MiB
2026/02/25 16:57:12.725, 1, NVIDIA A10G, 87 %, 56 %, 2415 MiB, 23028 MiB
2026/02/25 16:57:12.725, 2, NVIDIA A10G, 0 %, 0 %, 0 MiB, 23028 MiB
2026/02/25 16:57:12.725, 3, NVIDIA A10G, 0 %, 0 %, 0 MiB, 23028 MiB
2026/02/25 16:57:13.725, 0, NVIDIA A10G, 21 %, 7 %, 1781 MiB, 23028 MiB
2026/02/25 16:57:13.725, 1, NVIDIA A10G, 21 %, 7 %, 2415 MiB, 23028 MiB
2026/02/25 16:57:13.725, 2, NVIDIA A10G, 0 %, 0 %, 0 MiB, 23028 MiB
2026/02/25 16:57:13.725, 3, NVIDIA A10G, 0 %, 0 %, 0 MiB, 23028 MiB
2026/02/25 16:57:14.725, 0, NVIDIA A10G, 22 %, 8 %, 1781 MiB, 23028 MiB
2026/02/25 16:57:14.725, 1, NVIDIA A10G, 20 %, 7 %, 2415 MiB, 23028 MiB
2026/02/25 16:57:14.725, 2, NVIDIA A10G, 0 %, 0 %, 0 MiB, 23028 MiB
2026/02/25 16:57:14.725, 3, NVIDIA A10G, 0 %, 0 %, 0 MiB, 23028 MiB
2026/02/25 16:57:15.726, 0, NVIDIA A10G, 19 %, 6 %, 1781 MiB, 23028 MiB
2026/02/25 16:57:15.726, 1, NVIDIA A10G, 20 %, 6 %, 2415 MiB, 23028 MiB
2026/02/25 16:57:15.726, 2, NVIDIA A10G, 0 %, 0 %, 0 MiB, 23028 MiB
2026/02/25 16:57:15.726, 3, NVIDIA A10G, 0 %, 0 %, 0 MiB, 23028 MiB
2026/02/25 16:57:16.726, 0, NVIDIA A10G, 23 %, 8 %, 1781 MiB, 23028 MiB
2026/02/25 16:57:16.726, 1, NVIDIA A10G, 22 %, 8 %, 2415 MiB, 23028 MiB
2026/02/25 16:57:16.726, 2, NVIDIA A10G, 0 %, 0 %, 0 MiB, 23028 MiB
2026/02/25 16:57:16.726, 3, NVIDIA A10G, 0 %, 0 %, 0 MiB, 23028 MiB
2026/02/25 16:57:17.726, 0, NVIDIA A10G, 18 %, 6 %, 1781 MiB, 23028 MiB
2026/02/25 16:57:17.726, 1, NVIDIA A10G, 23 %, 8 %, 2415 MiB, 23028 MiB
2026/02/25 16:57:17.726, 2, NVIDIA A10G, 0 %, 0 %, 0 MiB, 23028 MiB
2026/02/25 16:57:17.726, 3, NVIDIA A10G, 0 %, 0 %, 0 MiB, 23028 MiB
2026/02/25 16:57:18.727, 0, NVIDIA A10G, 20 %, 7 %, 1781 MiB, 23028 MiB
2026/02/25 16:57:18.727, 1, NVIDIA A10G, 22 %, 8 %, 2415 MiB, 23028 MiB
2026/02/25 16:57:18.727, 2, NVIDIA A10G, 0 %, 0 %, 0 MiB, 23028 MiB
2026/02/25 16:57:18.727, 3, NVIDIA A10G, 0 %, 0 %, 0 MiB, 23028 MiB
2026/02/25 16:57:19.727, 0, NVIDIA A10G, 18 %, 6 %, 1781 MiB, 23028 MiB
2026/02/25 16:57:19.727, 1, NVIDIA A10G, 23 %, 8 %, 2415 MiB, 23028 MiB
2026/02/25 16:57:19.727, 2, NVIDIA A10G, 0 %, 0 %, 0 MiB, 23028 MiB
2026/02/25 16:57:19.727, 3, NVIDIA A10G, 0 %, 0 %, 0 MiB, 23028 MiB
2026/02/25 16:57:20.727, 0, NVIDIA A10G, 14 %, 5 %, 1781 MiB, 23028 MiB
2026/02/25 16:57:20.727, 1, NVIDIA A10G, 21 %, 7 %, 2415 MiB, 23028 MiB
2026/02/25 16:57:20.727, 2, NVIDIA A10G, 0 %, 0 %, 0 MiB, 23028 MiB
2026/02/25 16:57:20.728, 3, NVIDIA A10G, 0 %, 0 %, 0 MiB, 23028 MiB
2026/02/25 16:57:21.728, 0, NVIDIA A10G, 0 %, 0 %, 1781 MiB, 23028 MiB
2026/02/25 16:57:21.728, 1, NVIDIA A10G, 20 %, 7 %, 2415 MiB, 23028 MiB
2026/02/25 16:57:21.728, 2, NVIDIA A10G, 0 %, 0 %, 0 MiB, 23028 MiB
2026/02/25 16:57:21.728, 3, NVIDIA A10G, 0 %, 0 %, 0 MiB, 23028 MiB
2026/02/25 16:57:22.728, 0, NVIDIA A10G, 0 %, 0 %, 1781 MiB, 23028 MiB
2026/02/25 16:57:22.728, 1, NVIDIA A10G, 22 %, 8 %, 2415 MiB, 23028 MiB
2026/02/25 16:57:22.728, 2, NVIDIA A10G, 0 %, 0 %, 0 MiB, 23028 MiB
2026/02/25 16:57:22.728, 3, NVIDIA A10G, 0 %, 0 %, 0 MiB, 23028 MiB
2026/02/25 16:57:23.728, 0, NVIDIA A10G, 0 %, 0 %, 1781 MiB, 23028 MiB
2026/02/25 16:57:23.729, 1, NVIDIA A10G, 22 %, 8 %, 2415 MiB, 23028 MiB
2026/02/25 16:57:23.729, 2, NVIDIA A10G, 0 %, 0 %, 0 MiB, 23028 MiB
2026/02/25 16:57:23.729, 3, NVIDIA A10G, 0 %, 0 %, 0 MiB, 23028 MiB
2026/02/25 16:57:24.729, 0, NVIDIA A10G, 0 %, 0 %, 1781 MiB, 23028 MiB
2026/02/25 16:57:24.729, 1, NVIDIA A10G, 0 %, 0 %, 2415 MiB, 23028 MiB
2026/02/25 16:57:24.730, 2, NVIDIA A10G, 0 %, 0 %, 0 MiB, 23028 MiB
2026/02/25 16:57:24.730, 3, NVIDIA A10G, 0 %, 0 %, 0 MiB, 23028 MiB
2026/02/25 16:57:25.730, 0, NVIDIA A10G, 0 %, 0 %, 1781 MiB, 23028 MiB
2026/02/25 16:57:25.731, 1, NVIDIA A10G, 0 %, 0 %, 2415 MiB, 23028 MiB
2026/02/25 16:57:25.731, 2, NVIDIA A10G, 0 %, 0 %, 0 MiB, 23028 MiB
2026/02/25 16:57:25.731, 3, NVIDIA A10G, 0 %, 0 %, 0 MiB, 23028 MiB
2026/02/25 16:57:26.731, 0, NVIDIA A10G, 0 %, 0 %, 1781 MiB, 23028 MiB
2026/02/25 16:57:26.731, 1, NVIDIA A10G, 0 %, 0 %, 2415 MiB, 23028 MiB
2026/02/25 16:57:26.731, 2, NVIDIA A10G, 0 %, 0 %, 0 MiB, 23028 MiB
2026/02/25 16:57:26.731, 3, NVIDIA A10G, 0 %, 0 %, 0 MiB, 23028 MiB
2026/02/25 16:57:27.731, 0, NVIDIA A10G, 0 %, 0 %, 1781 MiB, 23028 MiB
2026/02/25 16:57:27.731, 1, NVIDIA A10G, 0 %, 0 %, 2415 MiB, 23028 MiB
2026/02/25 16:57:27.731, 2, NVIDIA A10G, 0 %, 0 %, 0 MiB, 23028 MiB
2026/02/25 16:57:27.731, 3, NVIDIA A10G, 0 %, 0 %, 0 MiB, 23028 MiB
2026/02/25 16:57:28.732, 0, NVIDIA A10G, 0 %, 0 %, 1781 MiB, 23028 MiB
2026/02/25 16:57:28.732, 1, NVIDIA A10G, 0 %, 0 %, 2415 MiB, 23028 MiB
2026/02/25 16:57:28.732, 2, NVIDIA A10G, 0 %, 0 %, 0 MiB, 23028 MiB
2026/02/25 16:57:28.732, 3, NVIDIA A10G, 0 %, 0 %, 0 MiB, 23028 MiB
2026/02/25 16:57:29.732, 0, NVIDIA A10G, 0 %, 0 %, 1781 MiB, 23028 MiB
2026/02/25 16:57:29.732, 1, NVIDIA A10G, 0 %, 0 %, 2415 MiB, 23028 MiB
2026/02/25 16:57:29.732, 2, NVIDIA A10G, 0 %, 0 %, 0 MiB, 23028 MiB
2026/02/25 16:57:29.732, 3, NVIDIA A10G, 0 %, 0 %, 0 MiB, 23028 MiB
2026/02/25 16:57:30.732, 0, NVIDIA A10G, 4 %, 2 %, 1781 MiB, 23028 MiB
2026/02/25 16:57:30.732, 1, NVIDIA A10G, 0 %, 0 %, 2415 MiB, 23028 MiB
2026/02/25 16:57:30.732, 2, NVIDIA A10G, 0 %, 0 %, 0 MiB, 23028 MiB
2026/02/25 16:57:30.733, 3, NVIDIA A10G, 0 %, 0 %, 0 MiB, 23028 MiB
2026/02/25 16:57:31.733, 0, NVIDIA A10G, 23 %, 8 %, 1781 MiB, 23028 MiB
2026/02/25 16:57:31.733, 1, NVIDIA A10G, 0 %, 0 %, 2415 MiB, 23028 MiB
2026/02/25 16:57:31.733, 2, NVIDIA A10G, 0 %, 0 %, 0 MiB, 23028 MiB
2026/02/25 16:57:31.733, 3, NVIDIA A10G, 0 %, 0 %, 0 MiB, 23028 MiB
2026/02/25 16:57:32.733, 0, NVIDIA A10G, 23 %, 8 %, 1781 MiB, 23028 MiB
2026/02/25 16:57:32.733, 1, NVIDIA A10G, 0 %, 0 %, 2415 MiB, 23028 MiB
2026/02/25 16:57:32.733, 2, NVIDIA A10G, 0 %, 0 %, 0 MiB, 23028 MiB
2026/02/25 16:57:32.733, 3, NVIDIA A10G, 0 %, 0 %, 0 MiB, 23028 MiB
2026/02/25 16:57:33.733, 0, NVIDIA A10G, 23 %, 8 %, 1781 MiB, 23028 MiB
2026/02/25 16:57:33.733, 1, NVIDIA A10G, 0 %, 0 %, 2415 MiB, 23028 MiB
2026/02/25 16:57:33.733, 2, NVIDIA A10G, 0 %, 0 %, 0 MiB, 23028 MiB
2026/02/25 16:57:33.733, 3, NVIDIA A10G, 0 %, 0 %, 0 MiB, 23028 MiB
2026/02/25 16:57:34.734, 0, NVIDIA A10G, 22 %, 8 %, 1781 MiB, 23028 MiB
2026/02/25 16:57:34.734, 1, NVIDIA A10G, 0 %, 0 %, 2415 MiB, 23028 MiB
2026/02/25 16:57:34.734, 2, NVIDIA A10G, 0 %, 0 %, 0 MiB, 23028 MiB
2026/02/25 16:57:34.734, 3, NVIDIA A10G, 0 %, 0 %, 0 MiB, 23028 MiB
2026/02/25 16:57:35.734, 0, NVIDIA A10G, 21 %, 7 %, 1781 MiB, 23028 MiB
2026/02/25 16:57:35.734, 1, NVIDIA A10G, 21 %, 7 %, 2415 MiB, 23028 MiB
2026/02/25 16:57:35.734, 2, NVIDIA A10G, 0 %, 0 %, 0 MiB, 23028 MiB
2026/02/25 16:57:35.734, 3, NVIDIA A10G, 0 %, 0 %, 0 MiB, 23028 MiB
2026/02/25 16:57:36.734, 0, NVIDIA A10G, 19 %, 7 %, 1781 MiB, 23028 MiB
2026/02/25 16:57:36.734, 1, NVIDIA A10G, 20 %, 6 %, 2415 MiB, 23028 MiB
2026/02/25 16:57:36.734, 2, NVIDIA A10G, 0 %, 0 %, 0 MiB, 23028 MiB
2026/02/25 16:57:36.734, 3, NVIDIA A10G, 0 %, 0 %, 0 MiB, 23028 MiB
2026/02/25 16:57:37.735, 0, NVIDIA A10G, 21 %, 7 %, 1781 MiB, 23028 MiB
2026/02/25 16:57:37.735, 1, NVIDIA A10G, 18 %, 6 %, 2415 MiB, 23028 MiB
2026/02/25 16:57:37.735, 2, NVIDIA A10G, 0 %, 0 %, 0 MiB, 23028 MiB
2026/02/25 16:57:37.735, 3, NVIDIA A10G, 0 %, 0 %, 0 MiB, 23028 MiB
2026/02/25 16:57:38.735, 0, NVIDIA A10G, 22 %, 8 %, 1781 MiB, 23028 MiB
2026/02/25 16:57:38.735, 1, NVIDIA A10G, 18 %, 6 %, 2415 MiB, 23028 MiB
2026/02/25 16:57:38.735, 2, NVIDIA A10G, 0 %, 0 %, 0 MiB, 23028 MiB
2026/02/25 16:57:38.735, 3, NVIDIA A10G, 0 %, 0 %, 0 MiB, 23028 MiB
2026/02/25 16:57:39.735, 0, NVIDIA A10G, 22 %, 8 %, 1781 MiB, 23028 MiB
2026/02/25 16:57:39.735, 1, NVIDIA A10G, 22 %, 7 %, 2415 MiB, 23028 MiB
2026/02/25 16:57:39.735, 2, NVIDIA A10G, 0 %, 0 %, 0 MiB, 23028 MiB
2026/02/25 16:57:39.735, 3, NVIDIA A10G, 0 %, 0 %, 0 MiB, 23028 MiB
2026/02/25 16:57:40.736, 0, NVIDIA A10G, 22 %, 8 %, 1781 MiB, 23028 MiB
2026/02/25 16:57:40.736, 1, NVIDIA A10G, 22 %, 7 %, 2415 MiB, 23028 MiB
2026/02/25 16:57:40.736, 2, NVIDIA A10G, 0 %, 0 %, 0 MiB, 23028 MiB
2026/02/25 16:57:40.736, 3, NVIDIA A10G, 0 %, 0 %, 0 MiB, 23028 MiB
2026/02/25 16:57:41.736, 0, NVIDIA A10G, 0 %, 0 %, 1781 MiB, 23028 MiB
2026/02/25 16:57:41.736, 1, NVIDIA A10G, 20 %, 7 %, 2415 MiB, 23028 MiB
2026/02/25 16:57:41.736, 2, NVIDIA A10G, 0 %, 0 %, 0 MiB, 23028 MiB
2026/02/25 16:57:41.736, 3, NVIDIA A10G, 0 %, 0 %, 0 MiB, 23028 MiB
2026/02/25 16:57:42.736, 0, NVIDIA A10G, 0 %, 0 %, 1781 MiB, 23028 MiB
2026/02/25 16:57:42.736, 1, NVIDIA A10G, 23 %, 8 %, 2415 MiB, 23028 MiB
2026/02/25 16:57:42.737, 2, NVIDIA A10G, 0 %, 0 %, 0 MiB, 23028 MiB
2026/02/25 16:57:42.737, 3, NVIDIA A10G, 0 %, 0 %, 0 MiB, 23028 MiB
2026/02/25 16:57:43.737, 0, NVIDIA A10G, 0 %, 0 %, 1781 MiB, 23028 MiB
2026/02/25 16:57:43.737, 1, NVIDIA A10G, 23 %, 8 %, 2415 MiB, 23028 MiB
2026/02/25 16:57:43.737, 2, NVIDIA A10G, 0 %, 0 %, 0 MiB, 23028 MiB
2026/02/25 16:57:43.737, 3, NVIDIA A10G, 0 %, 0 %, 0 MiB, 23028 MiB
2026/02/25 16:57:44.737, 0, NVIDIA A10G, 0 %, 0 %, 1781 MiB, 23028 MiB
2026/02/25 16:57:44.737, 1, NVIDIA A10G, 22 %, 7 %, 2415 MiB, 23028 MiB
2026/02/25 16:57:44.737, 2, NVIDIA A10G, 0 %, 0 %, 0 MiB, 23028 MiB
2026/02/25 16:57:44.737, 3, NVIDIA A10G, 0 %, 0 %, 0 MiB, 23028 MiB
2026/02/25 16:57:45.737, 0, NVIDIA A10G, 0 %, 0 %, 1781 MiB, 23028 MiB
2026/02/25 16:57:45.737, 1, NVIDIA A10G, 22 %, 7 %, 2415 MiB, 23028 MiB
2026/02/25 16:57:45.738, 2, NVIDIA A10G, 0 %, 0 %, 0 MiB, 23028 MiB
2026/02/25 16:57:45.738, 3, NVIDIA A10G, 0 %, 0 %, 0 MiB, 23028 MiB
2026/02/25 16:57:46.738, 0, NVIDIA A10G, 20 %, 7 %, 1781 MiB, 23028 MiB
2026/02/25 16:57:46.738, 1, NVIDIA A10G, 15 %, 5 %, 2415 MiB, 23028 MiB
2026/02/25 16:57:46.738, 2, NVIDIA A10G, 0 %, 0 %, 0 MiB, 23028 MiB
2026/02/25 16:57:46.738, 3, NVIDIA A10G, 0 %, 0 %, 0 MiB, 23028 MiB
2026/02/25 16:57:47.738, 0, NVIDIA A10G, 22 %, 8 %, 1781 MiB, 23028 MiB
2026/02/25 16:57:47.738, 1, NVIDIA A10G, 0 %, 0 %, 2415 MiB, 23028 MiB
2026/02/25 16:57:47.738, 2, NVIDIA A10G, 0 %, 0 %, 0 MiB, 23028 MiB
2026/02/25 16:57:47.738, 3, NVIDIA A10G, 0 %, 0 %, 0 MiB, 23028 MiB
2026/02/25 16:57:48.738, 0, NVIDIA A10G, 23 %, 8 %, 1781 MiB, 23028 MiB
2026/02/25 16:57:48.738, 1, NVIDIA A10G, 0 %, 0 %, 2415 MiB, 23028 MiB
2026/02/25 16:57:48.738, 2, NVIDIA A10G, 0 %, 0 %, 0 MiB, 23028 MiB
2026/02/25 16:57:48.738, 3, NVIDIA A10G, 0 %, 0 %, 0 MiB, 23028 MiB
2026/02/25 16:57:49.739, 0, NVIDIA A10G, 23 %, 7 %, 1781 MiB, 23028 MiB
2026/02/25 16:57:49.739, 1, NVIDIA A10G, 0 %, 0 %, 2415 MiB, 23028 MiB
2026/02/25 16:57:49.739, 2, NVIDIA A10G, 0 %, 0 %, 0 MiB, 23028 MiB
2026/02/25 16:57:49.739, 3, NVIDIA A10G, 0 %, 0 %, 0 MiB, 23028 MiB
2026/02/25 16:57:50.739, 0, NVIDIA A10G, 1 %, 0 %, 1781 MiB, 23028 MiB
2026/02/25 16:57:50.739, 1, NVIDIA A10G, 0 %, 0 %, 2415 MiB, 23028 MiB
2026/02/25 16:57:50.739, 2, NVIDIA A10G, 0 %, 0 %, 0 MiB, 23028 MiB
2026/02/25 16:57:50.739, 3, NVIDIA A10G, 0 %, 0 %, 0 MiB, 23028 MiB
2026/02/25 16:57:51.739, 0, NVIDIA A10G, 0 %, 0 %, 1781 MiB, 23028 MiB
2026/02/25 16:57:51.739, 1, NVIDIA A10G, 0 %, 0 %, 2415 MiB, 23028 MiB
2026/02/25 16:57:51.739, 2, NVIDIA A10G, 0 %, 0 %, 0 MiB, 23028 MiB
2026/02/25 16:57:51.739, 3, NVIDIA A10G, 0 %, 0 %, 0 MiB, 23028 MiB
2026/02/25 16:57:52.740, 0, NVIDIA A10G, 0 %, 0 %, 1781 MiB, 23028 MiB
2026/02/25 16:57:52.740, 1, NVIDIA A10G, 15 %, 5 %, 2415 MiB, 23028 MiB
2026/02/25 16:57:52.740, 2, NVIDIA A10G, 0 %, 0 %, 0 MiB, 23028 MiB
2026/02/25 16:57:52.740, 3, NVIDIA A10G, 0 %, 0 %, 0 MiB, 23028 MiB
2026/02/25 16:57:53.740, 0, NVIDIA A10G, 0 %, 0 %, 1781 MiB, 23028 MiB
2026/02/25 16:57:53.740, 1, NVIDIA A10G, 22 %, 7 %, 2415 MiB, 23028 MiB
2026/02/25 16:57:53.740, 2, NVIDIA A10G, 0 %, 0 %, 0 MiB, 23028 MiB
2026/02/25 16:57:53.740, 3, NVIDIA A10G, 0 %, 0 %, 0 MiB, 23028 MiB
2026/02/25 16:57:54.740, 0, NVIDIA A10G, 0 %, 0 %, 1781 MiB, 23028 MiB
2026/02/25 16:57:54.742, 1, NVIDIA A10G, 22 %, 7 %, 2415 MiB, 23028 MiB
2026/02/25 16:57:54.742, 2, NVIDIA A10G, 0 %, 0 %, 0 MiB, 23028 MiB
2026/02/25 16:57:54.742, 3, NVIDIA A10G, 0 %, 0 %, 0 MiB, 23028 MiB
2026/02/25 16:57:55.742, 0, NVIDIA A10G, 0 %, 0 %, 1781 MiB, 23028 MiB
2026/02/25 16:57:55.742, 1, NVIDIA A10G, 21 %, 7 %, 2415 MiB, 23028 MiB
2026/02/25 16:57:55.742, 2, NVIDIA A10G, 0 %, 0 %, 0 MiB, 23028 MiB
2026/02/25 16:57:55.742, 3, NVIDIA A10G, 0 %, 0 %, 0 MiB, 23028 MiB
2026/02/25 16:57:56.742, 0, NVIDIA A10G, 0 %, 0 %, 1781 MiB, 23028 MiB
2026/02/25 16:57:56.743, 1, NVIDIA A10G, 22 %, 8 %, 2415 MiB, 23028 MiB
2026/02/25 16:57:56.743, 2, NVIDIA A10G, 0 %, 0 %, 0 MiB, 23028 MiB
2026/02/25 16:57:56.743, 3, NVIDIA A10G, 0 %, 0 %, 0 MiB, 23028 MiB
2026/02/25 16:57:57.743, 0, NVIDIA A10G, 34 %, 22 %, 1781 MiB, 23028 MiB
2026/02/25 16:57:57.743, 1, NVIDIA A10G, 22 %, 7 %, 2415 MiB, 23028 MiB
2026/02/25 16:57:57.743, 2, NVIDIA A10G, 0 %, 0 %, 0 MiB, 23028 MiB
2026/02/25 16:57:57.743, 3, NVIDIA A10G, 0 %, 0 %, 0 MiB, 23028 MiB
2026/02/25 16:57:58.743, 0, NVIDIA A10G, 21 %, 8 %, 1781 MiB, 23028 MiB
2026/02/25 16:57:58.743, 1, NVIDIA A10G, 0 %, 0 %, 2415 MiB, 23028 MiB
2026/02/25 16:57:58.743, 2, NVIDIA A10G, 0 %, 0 %, 0 MiB, 23028 MiB
2026/02/25 16:57:58.743, 3, NVIDIA A10G, 0 %, 0 %, 0 MiB, 23028 MiB
2026/02/25 16:57:59.744, 0, NVIDIA A10G, 23 %, 8 %, 1781 MiB, 23028 MiB
2026/02/25 16:57:59.744, 1, NVIDIA A10G, 0 %, 0 %, 2415 MiB, 23028 MiB
2026/02/25 16:57:59.744, 2, NVIDIA A10G, 0 %, 0 %, 0 MiB, 23028 MiB
2026/02/25 16:57:59.744, 3, NVIDIA A10G, 0 %, 0 %, 0 MiB, 23028 MiB
2026/02/25 16:58:00.744, 0, NVIDIA A10G, 22 %, 8 %, 1781 MiB, 23028 MiB
2026/02/25 16:58:00.744, 1, NVIDIA A10G, 0 %, 0 %, 2415 MiB, 23028 MiB
2026/02/25 16:58:00.744, 2, NVIDIA A10G, 0 %, 0 %, 0 MiB, 23028 MiB
2026/02/25 16:58:00.744, 3, NVIDIA A10G, 0 %, 0 %, 0 MiB, 23028 MiB
2026/02/25 16:58:01.744, 0, NVIDIA A10G, 23 %, 8 %, 1781 MiB, 23028 MiB
2026/02/25 16:58:01.744, 1, NVIDIA A10G, 0 %, 0 %, 2415 MiB, 23028 MiB
2026/02/25 16:58:01.744, 2, NVIDIA A10G, 0 %, 0 %, 0 MiB, 23028 MiB
2026/02/25 16:58:01.744, 3, NVIDIA A10G, 0 %, 0 %, 0 MiB, 23028 MiB
2026/02/25 16:58:02.744, 0, NVIDIA A10G, 21 %, 7 %, 1781 MiB, 23028 MiB
2026/02/25 16:58:02.745, 1, NVIDIA A10G, 0 %, 0 %, 2415 MiB, 23028 MiB
2026/02/25 16:58:02.745, 2, NVIDIA A10G, 0 %, 0 %, 0 MiB, 23028 MiB
2026/02/25 16:58:02.745, 3, NVIDIA A10G, 0 %, 0 %, 0 MiB, 23028 MiB
2026/02/25 16:58:03.745, 0, NVIDIA A10G, 23 %, 8 %, 1781 MiB, 23028 MiB
2026/02/25 16:58:03.745, 1, NVIDIA A10G, 0 %, 0 %, 2415 MiB, 23028 MiB
2026/02/25 16:58:03.745, 2, NVIDIA A10G, 0 %, 0 %, 0 MiB, 23028 MiB
2026/02/25 16:58:03.745, 3, NVIDIA A10G, 0 %, 0 %, 0 MiB, 23028 MiB
2026/02/25 16:58:04.745, 0, NVIDIA A10G, 23 %, 8 %, 1781 MiB, 23028 MiB
2026/02/25 16:58:04.745, 1, NVIDIA A10G, 0 %, 0 %, 2415 MiB, 23028 MiB
2026/02/25 16:58:04.745, 2, NVIDIA A10G, 0 %, 0 %, 0 MiB, 23028 MiB
2026/02/25 16:58:04.745, 3, NVIDIA A10G, 0 %, 0 %, 0 MiB, 23028 MiB
2026/02/25 16:58:05.746, 0, NVIDIA A10G, 0 %, 0 %, 1781 MiB, 23028 MiB
2026/02/25 16:58:05.746, 1, NVIDIA A10G, 21 %, 7 %, 2415 MiB, 23028 MiB
2026/02/25 16:58:05.746, 2, NVIDIA A10G, 0 %, 0 %, 0 MiB, 23028 MiB
2026/02/25 16:58:05.746, 3, NVIDIA A10G, 0 %, 0 %, 0 MiB, 23028 MiB
2026/02/25 16:58:06.746, 0, NVIDIA A10G, 0 %, 0 %, 1781 MiB, 23028 MiB
2026/02/25 16:58:06.746, 1, NVIDIA A10G, 22 %, 8 %, 2415 MiB, 23028 MiB
2026/02/25 16:58:06.746, 2, NVIDIA A10G, 0 %, 0 %, 0 MiB, 23028 MiB
2026/02/25 16:58:06.746, 3, NVIDIA A10G, 0 %, 0 %, 0 MiB, 23028 MiB
2026/02/25 16:58:07.746, 0, NVIDIA A10G, 0 %, 0 %, 1781 MiB, 23028 MiB
2026/02/25 16:58:07.747, 1, NVIDIA A10G, 22 %, 7 %, 2415 MiB, 23028 MiB
2026/02/25 16:58:07.747, 2, NVIDIA A10G, 0 %, 0 %, 0 MiB, 23028 MiB
2026/02/25 16:58:07.747, 3, NVIDIA A10G, 0 %, 0 %, 0 MiB, 23028 MiB
2026/02/25 16:58:08.747, 0, NVIDIA A10G, 0 %, 0 %, 1781 MiB, 23028 MiB
2026/02/25 16:58:08.747, 1, NVIDIA A10G, 23 %, 8 %, 2415 MiB, 23028 MiB
2026/02/25 16:58:08.747, 2, NVIDIA A10G, 0 %, 0 %, 0 MiB, 23028 MiB
2026/02/25 16:58:08.747, 3, NVIDIA A10G, 0 %, 0 %, 0 MiB, 23028 MiB
2026/02/25 16:58:09.747, 0, NVIDIA A10G, 0 %, 0 %, 1781 MiB, 23028 MiB
2026/02/25 16:58:09.747, 1, NVIDIA A10G, 21 %, 7 %, 2415 MiB, 23028 MiB
2026/02/25 16:58:09.747, 2, NVIDIA A10G, 0 %, 0 %, 0 MiB, 23028 MiB
2026/02/25 16:58:09.748, 3, NVIDIA A10G, 0 %, 0 %, 0 MiB, 23028 MiB
2026/02/25 16:58:10.748, 0, NVIDIA A10G, 0 %, 0 %, 1781 MiB, 23028 MiB
2026/02/25 16:58:10.748, 1, NVIDIA A10G, 21 %, 7 %, 2415 MiB, 23028 MiB
2026/02/25 16:58:10.748, 2, NVIDIA A10G, 0 %, 0 %, 0 MiB, 23028 MiB
2026/02/25 16:58:10.748, 3, NVIDIA A10G, 0 %, 0 %, 0 MiB, 23028 MiB
2026/02/25 16:58:11.748, 0, NVIDIA A10G, 0 %, 0 %, 1781 MiB, 23028 MiB
2026/02/25 16:58:11.748, 1, NVIDIA A10G, 22 %, 7 %, 2415 MiB, 23028 MiB
2026/02/25 16:58:11.748, 2, NVIDIA A10G, 0 %, 0 %, 0 MiB, 23028 MiB
2026/02/25 16:58:11.748, 3, NVIDIA A10G, 0 %, 0 %, 0 MiB, 23028 MiB
2026/02/25 16:58:12.748, 0, NVIDIA A10G, 0 %, 0 %, 1781 MiB, 23028 MiB
2026/02/25 16:58:12.748, 1, NVIDIA A10G, 0 %, 0 %, 2415 MiB, 23028 MiB
2026/02/25 16:58:12.749, 2, NVIDIA A10G, 0 %, 0 %, 0 MiB, 23028 MiB
2026/02/25 16:58:12.749, 3, NVIDIA A10G, 0 %, 0 %, 0 MiB, 23028 MiB
2026/02/25 16:58:13.749, 0, NVIDIA A10G, 0 %, 0 %, 1781 MiB, 23028 MiB
2026/02/25 16:58:13.749, 1, NVIDIA A10G, 0 %, 0 %, 2415 MiB, 23028 MiB
2026/02/25 16:58:13.749, 2, NVIDIA A10G, 0 %, 0 %, 0 MiB, 23028 MiB
2026/02/25 16:58:13.749, 3, NVIDIA A10G, 0 %, 0 %, 0 MiB, 23028 MiB
2026/02/25 16:58:14.749, 0, NVIDIA A10G, 0 %, 0 %, 1781 MiB, 23028 MiB
2026/02/25 16:58:14.749, 1, NVIDIA A10G, 0 %, 0 %, 2415 MiB, 23028 MiB
2026/02/25 16:58:14.749, 2, NVIDIA A10G, 0 %, 0 %, 0 MiB, 23028 MiB
2026/02/25 16:58:14.749, 3, NVIDIA A10G, 0 %, 0 %, 0 MiB, 23028 MiB
2026/02/25 16:58:15.749, 0, NVIDIA A10G, 100 %, 63 %, 1781 MiB, 23028 MiB
2026/02/25 16:58:15.749, 1, NVIDIA A10G, 0 %, 0 %, 2415 MiB, 23028 MiB
2026/02/25 16:58:15.749, 2, NVIDIA A10G, 0 %, 0 %, 0 MiB, 23028 MiB
2026/02/25 16:58:15.749, 3, NVIDIA A10G, 0 %, 0 %, 0 MiB, 23028 MiB
2026/02/25 16:58:16.750, 0, NVIDIA A10G, 0 %, 0 %, 1781 MiB, 23028 MiB
2026/02/25 16:58:16.750, 1, NVIDIA A10G, 0 %, 0 %, 2415 MiB, 23028 MiB
2026/02/25 16:58:16.750, 2, NVIDIA A10G, 0 %, 0 %, 0 MiB, 23028 MiB
2026/02/25 16:58:16.750, 3, NVIDIA A10G, 0 %, 0 %, 0 MiB, 23028 MiB
2026/02/25 16:58:17.750, 0, NVIDIA A10G, 22 %, 7 %, 1781 MiB, 23028 MiB
2026/02/25 16:58:17.750, 1, NVIDIA A10G, 0 %, 0 %, 2415 MiB, 23028 MiB
2026/02/25 16:58:17.750, 2, NVIDIA A10G, 0 %, 0 %, 0 MiB, 23028 MiB
2026/02/25 16:58:17.750, 3, NVIDIA A10G, 0 %, 0 %, 0 MiB, 23028 MiB
2026/02/25 16:58:18.750, 0, NVIDIA A10G, 22 %, 7 %, 1781 MiB, 23028 MiB
2026/02/25 16:58:18.750, 1, NVIDIA A10G, 0 %, 0 %, 2415 MiB, 23028 MiB
2026/02/25 16:58:18.750, 2, NVIDIA A10G, 0 %, 0 %, 0 MiB, 23028 MiB
2026/02/25 16:58:18.750, 3, NVIDIA A10G, 0 %, 0 %, 0 MiB, 23028 MiB
2026/02/25 16:58:19.750, 0, NVIDIA A10G, 21 %, 7 %, 1781 MiB, 23028 MiB
2026/02/25 16:58:19.751, 1, NVIDIA A10G, 0 %, 0 %, 2415 MiB, 23028 MiB
2026/02/25 16:58:19.751, 2, NVIDIA A10G, 0 %, 0 %, 0 MiB, 23028 MiB
2026/02/25 16:58:19.751, 3, NVIDIA A10G, 0 %, 0 %, 0 MiB, 23028 MiB
2026/02/25 16:58:20.751, 0, NVIDIA A10G, 21 %, 7 %, 1781 MiB, 23028 MiB
2026/02/25 16:58:20.751, 1, NVIDIA A10G, 0 %, 0 %, 2415 MiB, 23028 MiB
2026/02/25 16:58:20.751, 2, NVIDIA A10G, 0 %, 0 %, 0 MiB, 23028 MiB
2026/02/25 16:58:20.751, 3, NVIDIA A10G, 0 %, 0 %, 0 MiB, 23028 MiB
2026/02/25 16:58:21.751, 0, NVIDIA A10G, 24 %, 9 %, 1781 MiB, 23028 MiB
2026/02/25 16:58:21.751, 1, NVIDIA A10G, 0 %, 0 %, 2415 MiB, 23028 MiB
2026/02/25 16:58:21.751, 2, NVIDIA A10G, 0 %, 0 %, 0 MiB, 23028 MiB
2026/02/25 16:58:21.751, 3, NVIDIA A10G, 0 %, 0 %, 0 MiB, 23028 MiB
2026/02/25 16:58:22.752, 0, NVIDIA A10G, 20 %, 7 %, 1781 MiB, 23028 MiB
2026/02/25 16:58:22.752, 1, NVIDIA A10G, 0 %, 0 %, 2415 MiB, 23028 MiB
2026/02/25 16:58:22.752, 2, NVIDIA A10G, 0 %, 0 %, 0 MiB, 23028 MiB
2026/02/25 16:58:22.752, 3, NVIDIA A10G, 0 %, 0 %, 0 MiB, 23028 MiB
2026/02/25 16:58:23.752, 0, NVIDIA A10G, 22 %, 8 %, 1781 MiB, 23028 MiB
2026/02/25 16:58:23.752, 1, NVIDIA A10G, 0 %, 0 %, 2415 MiB, 23028 MiB
2026/02/25 16:58:23.752, 2, NVIDIA A10G, 0 %, 0 %, 0 MiB, 23028 MiB
2026/02/25 16:58:23.752, 3, NVIDIA A10G, 0 %, 0 %, 0 MiB, 23028 MiB
2026/02/25 16:58:24.752, 0, NVIDIA A10G, 22 %, 7 %, 1781 MiB, 23028 MiB
2026/02/25 16:58:24.753, 1, NVIDIA A10G, 0 %, 0 %, 2415 MiB, 23028 MiB
2026/02/25 16:58:24.753, 2, NVIDIA A10G, 0 %, 0 %, 0 MiB, 23028 MiB
2026/02/25 16:58:24.753, 3, NVIDIA A10G, 0 %, 0 %, 0 MiB, 23028 MiB
2026/02/25 16:58:25.753, 0, NVIDIA A10G, 19 %, 7 %, 1781 MiB, 23028 MiB
2026/02/25 16:58:25.753, 1, NVIDIA A10G, 21 %, 8 %, 2415 MiB, 23028 MiB
2026/02/25 16:58:25.753, 2, NVIDIA A10G, 0 %, 0 %, 0 MiB, 23028 MiB
2026/02/25 16:58:25.753, 3, NVIDIA A10G, 0 %, 0 %, 0 MiB, 23028 MiB
2026/02/25 16:58:26.753, 0, NVIDIA A10G, 22 %, 7 %, 1781 MiB, 23028 MiB
2026/02/25 16:58:26.753, 1, NVIDIA A10G, 22 %, 8 %, 2415 MiB, 23028 MiB
2026/02/25 16:58:26.754, 2, NVIDIA A10G, 0 %, 0 %, 0 MiB, 23028 MiB
2026/02/25 16:58:26.754, 3, NVIDIA A10G, 0 %, 0 %, 0 MiB, 23028 MiB
2026/02/25 16:58:27.754, 0, NVIDIA A10G, 21 %, 7 %, 1781 MiB, 23028 MiB
2026/02/25 16:58:27.754, 1, NVIDIA A10G, 22 %, 8 %, 2415 MiB, 23028 MiB
2026/02/25 16:58:27.754, 2, NVIDIA A10G, 0 %, 0 %, 0 MiB, 23028 MiB
2026/02/25 16:58:27.754, 3, NVIDIA A10G, 0 %, 0 %, 0 MiB, 23028 MiB
2026/02/25 16:58:28.754, 0, NVIDIA A10G, 21 %, 7 %, 1781 MiB, 23028 MiB
2026/02/25 16:58:28.754, 1, NVIDIA A10G, 22 %, 7 %, 2415 MiB, 23028 MiB
2026/02/25 16:58:28.754, 2, NVIDIA A10G, 0 %, 0 %, 0 MiB, 23028 MiB
2026/02/25 16:58:28.755, 3, NVIDIA A10G, 0 %, 0 %, 0 MiB, 23028 MiB
2026/02/25 16:58:29.755, 0, NVIDIA A10G, 0 %, 0 %, 1781 MiB, 23028 MiB
2026/02/25 16:58:29.755, 1, NVIDIA A10G, 22 %, 7 %, 2415 MiB, 23028 MiB
2026/02/25 16:58:29.755, 2, NVIDIA A10G, 0 %, 0 %, 0 MiB, 23028 MiB
2026/02/25 16:58:29.755, 3, NVIDIA A10G, 0 %, 0 %, 0 MiB, 23028 MiB
2026/02/25 16:58:30.755, 0, NVIDIA A10G, 0 %, 0 %, 1781 MiB, 23028 MiB
2026/02/25 16:58:30.755, 1, NVIDIA A10G, 23 %, 8 %, 2415 MiB, 23028 MiB
2026/02/25 16:58:30.755, 2, NVIDIA A10G, 0 %, 0 %, 0 MiB, 23028 MiB
2026/02/25 16:58:30.755, 3, NVIDIA A10G, 0 %, 0 %, 0 MiB, 23028 MiB
2026/02/25 16:58:31.755, 0, NVIDIA A10G, 0 %, 0 %, 1781 MiB, 23028 MiB
2026/02/25 16:58:31.755, 1, NVIDIA A10G, 23 %, 9 %, 2415 MiB, 23028 MiB
2026/02/25 16:58:31.755, 2, NVIDIA A10G, 0 %, 0 %, 0 MiB, 23028 MiB
2026/02/25 16:58:31.755, 3, NVIDIA A10G, 0 %, 0 %, 0 MiB, 23028 MiB
2026/02/25 16:58:32.756, 0, NVIDIA A10G, 0 %, 0 %, 1781 MiB, 23028 MiB
2026/02/25 16:58:32.756, 1, NVIDIA A10G, 23 %, 8 %, 2415 MiB, 23028 MiB
2026/02/25 16:58:32.756, 2, NVIDIA A10G, 0 %, 0 %, 0 MiB, 23028 MiB
2026/02/25 16:58:32.756, 3, NVIDIA A10G, 0 %, 0 %, 0 MiB, 23028 MiB
2026/02/25 16:58:33.756, 0, NVIDIA A10G, 0 %, 0 %, 1781 MiB, 23028 MiB
2026/02/25 16:58:33.756, 1, NVIDIA A10G, 22 %, 7 %, 2415 MiB, 23028 MiB
2026/02/25 16:58:33.756, 2, NVIDIA A10G, 0 %, 0 %, 0 MiB, 23028 MiB
2026/02/25 16:58:33.756, 3, NVIDIA A10G, 0 %, 0 %, 0 MiB, 23028 MiB
2026/02/25 16:58:34.757, 0, NVIDIA A10G, 0 %, 0 %, 1781 MiB, 23028 MiB
2026/02/25 16:58:34.757, 1, NVIDIA A10G, 23 %, 8 %, 2415 MiB, 23028 MiB
2026/02/25 16:58:34.757, 2, NVIDIA A10G, 0 %, 0 %, 0 MiB, 23028 MiB
2026/02/25 16:58:34.757, 3, NVIDIA A10G, 0 %, 0 %, 0 MiB, 23028 MiB
2026/02/25 16:58:35.757, 0, NVIDIA A10G, 0 %, 0 %, 1781 MiB, 23028 MiB
2026/02/25 16:58:35.757, 1, NVIDIA A10G, 21 %, 7 %, 2415 MiB, 23028 MiB
2026/02/25 16:58:35.757, 2, NVIDIA A10G, 0 %, 0 %, 0 MiB, 23028 MiB
2026/02/25 16:58:35.757, 3, NVIDIA A10G, 0 %, 0 %, 0 MiB, 23028 MiB
2026/02/25 16:58:36.757, 0, NVIDIA A10G, 0 %, 0 %, 1781 MiB, 23028 MiB
2026/02/25 16:58:36.757, 1, NVIDIA A10G, 20 %, 6 %, 2415 MiB, 23028 MiB
2026/02/25 16:58:36.757, 2, NVIDIA A10G, 0 %, 0 %, 0 MiB, 23028 MiB
2026/02/25 16:58:36.757, 3, NVIDIA A10G, 0 %, 0 %, 0 MiB, 23028 MiB
2026/02/25 16:58:37.758, 0, NVIDIA A10G, 90 %, 56 %, 1781 MiB, 23028 MiB
2026/02/25 16:58:37.758, 1, NVIDIA A10G, 22 %, 8 %, 2415 MiB, 23028 MiB
2026/02/25 16:58:37.758, 2, NVIDIA A10G, 0 %, 0 %, 0 MiB, 23028 MiB
2026/02/25 16:58:37.758, 3, NVIDIA A10G, 0 %, 0 %, 0 MiB, 23028 MiB
2026/02/25 16:58:38.758, 0, NVIDIA A10G, 22 %, 8 %, 1781 MiB, 23028 MiB
2026/02/25 16:58:38.758, 1, NVIDIA A10G, 13 %, 4 %, 2415 MiB, 23028 MiB
2026/02/25 16:58:38.758, 2, NVIDIA A10G, 0 %, 0 %, 0 MiB, 23028 MiB
2026/02/25 16:58:38.758, 3, NVIDIA A10G, 0 %, 0 %, 0 MiB, 23028 MiB
2026/02/25 16:58:39.758, 0, NVIDIA A10G, 22 %, 7 %, 1781 MiB, 23028 MiB
2026/02/25 16:58:39.758, 1, NVIDIA A10G, 0 %, 0 %, 2415 MiB, 23028 MiB
2026/02/25 16:58:39.758, 2, NVIDIA A10G, 0 %, 0 %, 0 MiB, 23028 MiB
2026/02/25 16:58:39.758, 3, NVIDIA A10G, 0 %, 0 %, 0 MiB, 23028 MiB
2026/02/25 16:58:40.758, 0, NVIDIA A10G, 20 %, 6 %, 1781 MiB, 23028 MiB
2026/02/25 16:58:40.759, 1, NVIDIA A10G, 0 %, 0 %, 2415 MiB, 23028 MiB
2026/02/25 16:58:40.759, 2, NVIDIA A10G, 0 %, 0 %, 0 MiB, 23028 MiB
2026/02/25 16:58:40.759, 3, NVIDIA A10G, 0 %, 0 %, 0 MiB, 23028 MiB
2026/02/25 16:58:41.759, 0, NVIDIA A10G, 20 %, 6 %, 1781 MiB, 23028 MiB
2026/02/25 16:58:41.759, 1, NVIDIA A10G, 0 %, 0 %, 2415 MiB, 23028 MiB
2026/02/25 16:58:41.759, 2, NVIDIA A10G, 0 %, 0 %, 0 MiB, 23028 MiB
2026/02/25 16:58:41.759, 3, NVIDIA A10G, 0 %, 0 %, 0 MiB, 23028 MiB
2026/02/25 16:58:42.759, 0, NVIDIA A10G, 22 %, 8 %, 1781 MiB, 23028 MiB
2026/02/25 16:58:42.759, 1, NVIDIA A10G, 0 %, 0 %, 2415 MiB, 23028 MiB
2026/02/25 16:58:42.759, 2, NVIDIA A10G, 0 %, 0 %, 0 MiB, 23028 MiB
2026/02/25 16:58:42.759, 3, NVIDIA A10G, 0 %, 0 %, 0 MiB, 23028 MiB
2026/02/25 16:58:43.759, 0, NVIDIA A10G, 23 %, 8 %, 1781 MiB, 23028 MiB
2026/02/25 16:58:43.759, 1, NVIDIA A10G, 0 %, 0 %, 2415 MiB, 23028 MiB
2026/02/25 16:58:43.760, 2, NVIDIA A10G, 0 %, 0 %, 0 MiB, 23028 MiB
2026/02/25 16:58:43.760, 3, NVIDIA A10G, 0 %, 0 %, 0 MiB, 23028 MiB
2026/02/25 16:58:44.760, 0, NVIDIA A10G, 21 %, 7 %, 1781 MiB, 23028 MiB
2026/02/25 16:58:44.760, 1, NVIDIA A10G, 100 %, 72 %, 2415 MiB, 23028 MiB
2026/02/25 16:58:44.760, 2, NVIDIA A10G, 0 %, 0 %, 0 MiB, 23028 MiB
2026/02/25 16:58:44.760, 3, NVIDIA A10G, 0 %, 0 %, 0 MiB, 23028 MiB
2026/02/25 16:58:45.760, 0, NVIDIA A10G, 21 %, 7 %, 1781 MiB, 23028 MiB
2026/02/25 16:58:45.760, 1, NVIDIA A10G, 19 %, 6 %, 2415 MiB, 23028 MiB
2026/02/25 16:58:45.760, 2, NVIDIA A10G, 0 %, 0 %, 0 MiB, 23028 MiB
2026/02/25 16:58:45.760, 3, NVIDIA A10G, 0 %, 0 %, 0 MiB, 23028 MiB
2026/02/25 16:58:46.760, 0, NVIDIA A10G, 19 %, 7 %, 1781 MiB, 23028 MiB
2026/02/25 16:58:46.761, 1, NVIDIA A10G, 20 %, 6 %, 2415 MiB, 23028 MiB
2026/02/25 16:58:46.761, 2, NVIDIA A10G, 0 %, 0 %, 0 MiB, 23028 MiB
2026/02/25 16:58:46.761, 3, NVIDIA A10G, 0 %, 0 %, 0 MiB, 23028 MiB
2026/02/25 16:58:47.761, 0, NVIDIA A10G, 20 %, 7 %, 1781 MiB, 23028 MiB
2026/02/25 16:58:47.761, 1, NVIDIA A10G, 22 %, 8 %, 2415 MiB, 23028 MiB
2026/02/25 16:58:47.761, 2, NVIDIA A10G, 0 %, 0 %, 0 MiB, 23028 MiB
2026/02/25 16:58:47.761, 3, NVIDIA A10G, 0 %, 0 %, 0 MiB, 23028 MiB
2026/02/25 16:58:48.761, 0, NVIDIA A10G, 17 %, 6 %, 1781 MiB, 23028 MiB
2026/02/25 16:58:48.761, 1, NVIDIA A10G, 21 %, 8 %, 2415 MiB, 23028 MiB
2026/02/25 16:58:48.761, 2, NVIDIA A10G, 0 %, 0 %, 0 MiB, 23028 MiB
2026/02/25 16:58:48.761, 3, NVIDIA A10G, 0 %, 0 %, 0 MiB, 23028 MiB
2026/02/25 16:58:49.762, 0, NVIDIA A10G, 0 %, 0 %, 1781 MiB, 23028 MiB
2026/02/25 16:58:49.762, 1, NVIDIA A10G, 22 %, 8 %, 2415 MiB, 23028 MiB
2026/02/25 16:58:49.762, 2, NVIDIA A10G, 0 %, 0 %, 0 MiB, 23028 MiB
2026/02/25 16:58:49.762, 3, NVIDIA A10G, 0 %, 0 %, 0 MiB, 23028 MiB
2026/02/25 16:58:50.762, 0, NVIDIA A10G, 0 %, 0 %, 1781 MiB, 23028 MiB
2026/02/25 16:58:50.762, 1, NVIDIA A10G, 22 %, 8 %, 2415 MiB, 23028 MiB
2026/02/25 16:58:50.762, 2, NVIDIA A10G, 0 %, 0 %, 0 MiB, 23028 MiB
2026/02/25 16:58:50.762, 3, NVIDIA A10G, 0 %, 0 %, 0 MiB, 23028 MiB
2026/02/25 16:58:51.762, 0, NVIDIA A10G, 0 %, 0 %, 1781 MiB, 23028 MiB
2026/02/25 16:58:51.762, 1, NVIDIA A10G, 0 %, 0 %, 2415 MiB, 23028 MiB
2026/02/25 16:58:51.763, 2, NVIDIA A10G, 0 %, 0 %, 0 MiB, 23028 MiB
2026/02/25 16:58:51.763, 3, NVIDIA A10G, 0 %, 0 %, 0 MiB, 23028 MiB
2026/02/25 16:58:52.763, 0, NVIDIA A10G, 0 %, 0 %, 1781 MiB, 23028 MiB
2026/02/25 16:58:52.763, 1, NVIDIA A10G, 0 %, 0 %, 2415 MiB, 23028 MiB
2026/02/25 16:58:52.763, 2, NVIDIA A10G, 0 %, 0 %, 0 MiB, 23028 MiB
2026/02/25 16:58:52.763, 3, NVIDIA A10G, 0 %, 0 %, 0 MiB, 23028 MiB
2026/02/25 16:58:53.763, 0, NVIDIA A10G, 0 %, 0 %, 1781 MiB, 23028 MiB
2026/02/25 16:58:53.763, 1, NVIDIA A10G, 0 %, 0 %, 2415 MiB, 23028 MiB
2026/02/25 16:58:53.763, 2, NVIDIA A10G, 0 %, 0 %, 0 MiB, 23028 MiB
2026/02/25 16:58:53.763, 3, NVIDIA A10G, 0 %, 0 %, 0 MiB, 23028 MiB
2026/02/25 16:58:54.763, 0, NVIDIA A10G, 0 %, 0 %, 1781 MiB, 23028 MiB
2026/02/25 16:58:54.763, 1, NVIDIA A10G, 0 %, 0 %, 2415 MiB, 23028 MiB
2026/02/25 16:58:54.763, 2, NVIDIA A10G, 0 %, 0 %, 0 MiB, 23028 MiB
2026/02/25 16:58:54.763, 3, NVIDIA A10G, 0 %, 0 %, 0 MiB, 23028 MiB
2026/02/25 16:58:55.764, 0, NVIDIA A10G, 0 %, 0 %, 1781 MiB, 23028 MiB
2026/02/25 16:58:55.764, 1, NVIDIA A10G, 20 %, 7 %, 2415 MiB, 23028 MiB
2026/02/25 16:58:55.764, 2, NVIDIA A10G, 0 %, 0 %, 0 MiB, 23028 MiB
2026/02/25 16:58:55.764, 3, NVIDIA A10G, 0 %, 0 %, 0 MiB, 23028 MiB
2026/02/25 16:58:56.764, 0, NVIDIA A10G, 0 %, 0 %, 1781 MiB, 23028 MiB
2026/02/25 16:58:56.764, 1, NVIDIA A10G, 21 %, 7 %, 2415 MiB, 23028 MiB
2026/02/25 16:58:56.764, 2, NVIDIA A10G, 0 %, 0 %, 0 MiB, 23028 MiB
2026/02/25 16:58:56.764, 3, NVIDIA A10G, 0 %, 0 %, 0 MiB, 23028 MiB
2026/02/25 16:58:57.764, 0, NVIDIA A10G, 0 %, 0 %, 1781 MiB, 23028 MiB
2026/02/25 16:58:57.765, 1, NVIDIA A10G, 23 %, 7 %, 2415 MiB, 23028 MiB
2026/02/25 16:58:57.765, 2, NVIDIA A10G, 0 %, 0 %, 0 MiB, 23028 MiB
2026/02/25 16:58:57.765, 3, NVIDIA A10G, 0 %, 0 %, 0 MiB, 23028 MiB
2026/02/25 16:58:58.765, 0, NVIDIA A10G, 17 %, 10 %, 1781 MiB, 23028 MiB
2026/02/25 16:58:58.765, 1, NVIDIA A10G, 23 %, 8 %, 2415 MiB, 23028 MiB
2026/02/25 16:58:58.765, 2, NVIDIA A10G, 0 %, 0 %, 0 MiB, 23028 MiB
2026/02/25 16:58:58.765, 3, NVIDIA A10G, 0 %, 0 %, 0 MiB, 23028 MiB
2026/02/25 16:58:59.765, 0, NVIDIA A10G, 21 %, 7 %, 1781 MiB, 23028 MiB
2026/02/25 16:58:59.766, 1, NVIDIA A10G, 21 %, 7 %, 2415 MiB, 23028 MiB
2026/02/25 16:58:59.766, 2, NVIDIA A10G, 0 %, 0 %, 0 MiB, 23028 MiB
2026/02/25 16:58:59.766, 3, NVIDIA A10G, 0 %, 0 %, 0 MiB, 23028 MiB
2026/02/25 16:59:00.766, 0, NVIDIA A10G, 22 %, 7 %, 1781 MiB, 23028 MiB
2026/02/25 16:59:00.766, 1, NVIDIA A10G, 0 %, 0 %, 2415 MiB, 23028 MiB
2026/02/25 16:59:00.766, 2, NVIDIA A10G, 0 %, 0 %, 0 MiB, 23028 MiB
2026/02/25 16:59:00.766, 3, NVIDIA A10G, 0 %, 0 %, 0 MiB, 23028 MiB
2026/02/25 16:59:01.766, 0, NVIDIA A10G, 23 %, 8 %, 1781 MiB, 23028 MiB
2026/02/25 16:59:01.766, 1, NVIDIA A10G, 0 %, 0 %, 2415 MiB, 23028 MiB
2026/02/25 16:59:01.766, 2, NVIDIA A10G, 0 %, 0 %, 0 MiB, 23028 MiB
2026/02/25 16:59:01.766, 3, NVIDIA A10G, 0 %, 0 %, 0 MiB, 23028 MiB
2026/02/25 16:59:02.766, 0, NVIDIA A10G, 22 %, 8 %, 1781 MiB, 23028 MiB
2026/02/25 16:59:02.766, 1, NVIDIA A10G, 0 %, 0 %, 2415 MiB, 23028 MiB
2026/02/25 16:59:02.767, 2, NVIDIA A10G, 0 %, 0 %, 0 MiB, 23028 MiB
2026/02/25 16:59:02.767, 3, NVIDIA A10G, 0 %, 0 %, 0 MiB, 23028 MiB
2026/02/25 16:59:03.767, 0, NVIDIA A10G, 23 %, 8 %, 1781 MiB, 23028 MiB
2026/02/25 16:59:03.767, 1, NVIDIA A10G, 0 %, 0 %, 2415 MiB, 23028 MiB
2026/02/25 16:59:03.767, 2, NVIDIA A10G, 0 %, 0 %, 0 MiB, 23028 MiB
2026/02/25 16:59:03.767, 3, NVIDIA A10G, 0 %, 0 %, 0 MiB, 23028 MiB
2026/02/25 16:59:04.767, 0, NVIDIA A10G, 22 %, 8 %, 1781 MiB, 23028 MiB
2026/02/25 16:59:04.767, 1, NVIDIA A10G, 0 %, 0 %, 2415 MiB, 23028 MiB
2026/02/25 16:59:04.767, 2, NVIDIA A10G, 0 %, 0 %, 0 MiB, 23028 MiB
2026/02/25 16:59:04.767, 3, NVIDIA A10G, 0 %, 0 %, 0 MiB, 23028 MiB
2026/02/25 16:59:05.767, 0, NVIDIA A10G, 20 %, 7 %, 1781 MiB, 23028 MiB
2026/02/25 16:59:05.768, 1, NVIDIA A10G, 0 %, 0 %, 2415 MiB, 23028 MiB
2026/02/25 16:59:05.768, 2, NVIDIA A10G, 0 %, 0 %, 0 MiB, 23028 MiB
2026/02/25 16:59:05.768, 3, NVIDIA A10G, 0 %, 0 %, 0 MiB, 23028 MiB
2026/02/25 16:59:06.768, 0, NVIDIA A10G, 24 %, 9 %, 1781 MiB, 23028 MiB
2026/02/25 16:59:06.768, 1, NVIDIA A10G, 0 %, 0 %, 2415 MiB, 23028 MiB
2026/02/25 16:59:06.768, 2, NVIDIA A10G, 0 %, 0 %, 0 MiB, 23028 MiB
2026/02/25 16:59:06.768, 3, NVIDIA A10G, 0 %, 0 %, 0 MiB, 23028 MiB
2026/02/25 16:59:07.768, 0, NVIDIA A10G, 21 %, 7 %, 1781 MiB, 23028 MiB
2026/02/25 16:59:07.768, 1, NVIDIA A10G, 0 %, 0 %, 2415 MiB, 23028 MiB
2026/02/25 16:59:07.768, 2, NVIDIA A10G, 0 %, 0 %, 0 MiB, 23028 MiB
2026/02/25 16:59:07.768, 3, NVIDIA A10G, 0 %, 0 %, 0 MiB, 23028 MiB
2026/02/25 16:59:08.768, 0, NVIDIA A10G, 14 %, 4 %, 1781 MiB, 23028 MiB
2026/02/25 16:59:08.768, 1, NVIDIA A10G, 0 %, 0 %, 2415 MiB, 23028 MiB
2026/02/25 16:59:08.768, 2, NVIDIA A10G, 0 %, 0 %, 0 MiB, 23028 MiB
2026/02/25 16:59:08.769, 3, NVIDIA A10G, 0 %, 0 %, 0 MiB, 23028 MiB
2026/02/25 16:59:09.769, 0, NVIDIA A10G, 0 %, 0 %, 1781 MiB, 23028 MiB
2026/02/25 16:59:09.769, 1, NVIDIA A10G, 0 %, 0 %, 2415 MiB, 23028 MiB
2026/02/25 16:59:09.769, 2, NVIDIA A10G, 0 %, 0 %, 0 MiB, 23028 MiB
2026/02/25 16:59:09.769, 3, NVIDIA A10G, 0 %, 0 %, 0 MiB, 23028 MiB
2026/02/25 16:59:10.769, 0, NVIDIA A10G, 0 %, 0 %, 1781 MiB, 23028 MiB
2026/02/25 16:59:10.769, 1, NVIDIA A10G, 23 %, 7 %, 2415 MiB, 23028 MiB
2026/02/25 16:59:10.769, 2, NVIDIA A10G, 0 %, 0 %, 0 MiB, 23028 MiB
2026/02/25 16:59:10.769, 3, NVIDIA A10G, 0 %, 0 %, 0 MiB, 23028 MiB
2026/02/25 16:59:11.769, 0, NVIDIA A10G, 0 %, 0 %, 1781 MiB, 23028 MiB
2026/02/25 16:59:11.770, 1, NVIDIA A10G, 23 %, 8 %, 2415 MiB, 23028 MiB
2026/02/25 16:59:11.770, 2, NVIDIA A10G, 0 %, 0 %, 0 MiB, 23028 MiB
2026/02/25 16:59:11.770, 3, NVIDIA A10G, 0 %, 0 %, 0 MiB, 23028 MiB
2026/02/25 16:59:12.770, 0, NVIDIA A10G, 0 %, 0 %, 1781 MiB, 23028 MiB
2026/02/25 16:59:12.770, 1, NVIDIA A10G, 23 %, 8 %, 2415 MiB, 23028 MiB
2026/02/25 16:59:12.770, 2, NVIDIA A10G, 0 %, 0 %, 0 MiB, 23028 MiB
2026/02/25 16:59:12.770, 3, NVIDIA A10G, 0 %, 0 %, 0 MiB, 23028 MiB
2026/02/25 16:59:13.770, 0, NVIDIA A10G, 0 %, 0 %, 1781 MiB, 23028 MiB
2026/02/25 16:59:13.770, 1, NVIDIA A10G, 24 %, 9 %, 2415 MiB, 23028 MiB
2026/02/25 16:59:13.770, 2, NVIDIA A10G, 0 %, 0 %, 0 MiB, 23028 MiB
2026/02/25 16:59:13.770, 3, NVIDIA A10G, 0 %, 0 %, 0 MiB, 23028 MiB
2026/02/25 16:59:14.770, 0, NVIDIA A10G, 0 %, 0 %, 1781 MiB, 23028 MiB
2026/02/25 16:59:14.770, 1, NVIDIA A10G, 21 %, 7 %, 2415 MiB, 23028 MiB
2026/02/25 16:59:14.770, 2, NVIDIA A10G, 0 %, 0 %, 0 MiB, 23028 MiB
2026/02/25 16:59:14.770, 3, NVIDIA A10G, 0 %, 0 %, 0 MiB, 23028 MiB
2026/02/25 16:59:15.771, 0, NVIDIA A10G, 0 %, 0 %, 1781 MiB, 23028 MiB
2026/02/25 16:59:15.771, 1, NVIDIA A10G, 24 %, 9 %, 2415 MiB, 23028 MiB
2026/02/25 16:59:15.771, 2, NVIDIA A10G, 0 %, 0 %, 0 MiB, 23028 MiB
2026/02/25 16:59:15.771, 3, NVIDIA A10G, 0 %, 0 %, 0 MiB, 23028 MiB
2026/02/25 16:59:16.771, 0, NVIDIA A10G, 0 %, 0 %, 1781 MiB, 23028 MiB
2026/02/25 16:59:16.771, 1, NVIDIA A10G, 23 %, 8 %, 2415 MiB, 23028 MiB
2026/02/25 16:59:16.771, 2, NVIDIA A10G, 0 %, 0 %, 0 MiB, 23028 MiB
2026/02/25 16:59:16.771, 3, NVIDIA A10G, 0 %, 0 %, 0 MiB, 23028 MiB
2026/02/25 16:59:17.771, 0, NVIDIA A10G, 82 %, 53 %, 1781 MiB, 23028 MiB
2026/02/25 16:59:17.771, 1, NVIDIA A10G, 21 %, 7 %, 2415 MiB, 23028 MiB
2026/02/25 16:59:17.771, 2, NVIDIA A10G, 0 %, 0 %, 0 MiB, 23028 MiB
2026/02/25 16:59:17.771, 3, NVIDIA A10G, 0 %, 0 %, 0 MiB, 23028 MiB
2026/02/25 16:59:18.771, 0, NVIDIA A10G, 18 %, 6 %, 1781 MiB, 23028 MiB
2026/02/25 16:59:18.772, 1, NVIDIA A10G, 12 %, 4 %, 2415 MiB, 23028 MiB
2026/02/25 16:59:18.772, 2, NVIDIA A10G, 0 %, 0 %, 0 MiB, 23028 MiB
2026/02/25 16:59:18.772, 3, NVIDIA A10G, 0 %, 0 %, 0 MiB, 23028 MiB
2026/02/25 16:59:19.772, 0, NVIDIA A10G, 23 %, 9 %, 1781 MiB, 23028 MiB
2026/02/25 16:59:19.772, 1, NVIDIA A10G, 0 %, 0 %, 2415 MiB, 23028 MiB
2026/02/25 16:59:19.772, 2, NVIDIA A10G, 0 %, 0 %, 0 MiB, 23028 MiB
2026/02/25 16:59:19.772, 3, NVIDIA A10G, 0 %, 0 %, 0 MiB, 23028 MiB
2026/02/25 16:59:20.772, 0, NVIDIA A10G, 23 %, 8 %, 1781 MiB, 23028 MiB
2026/02/25 16:59:20.772, 1, NVIDIA A10G, 0 %, 0 %, 2415 MiB, 23028 MiB
2026/02/25 16:59:20.772, 2, NVIDIA A10G, 0 %, 0 %, 0 MiB, 23028 MiB
2026/02/25 16:59:20.772, 3, NVIDIA A10G, 0 %, 0 %, 0 MiB, 23028 MiB
2026/02/25 16:59:21.773, 0, NVIDIA A10G, 22 %, 7 %, 1781 MiB, 23028 MiB
2026/02/25 16:59:21.773, 1, NVIDIA A10G, 0 %, 0 %, 2415 MiB, 23028 MiB
2026/02/25 16:59:21.773, 2, NVIDIA A10G, 0 %, 0 %, 0 MiB, 23028 MiB
2026/02/25 16:59:21.773, 3, NVIDIA A10G, 0 %, 0 %, 0 MiB, 23028 MiB
2026/02/25 16:59:22.773, 0, NVIDIA A10G, 22 %, 7 %, 1781 MiB, 23028 MiB
2026/02/25 16:59:22.773, 1, NVIDIA A10G, 0 %, 0 %, 2415 MiB, 23028 MiB
2026/02/25 16:59:22.773, 2, NVIDIA A10G, 0 %, 0 %, 0 MiB, 23028 MiB
2026/02/25 16:59:22.773, 3, NVIDIA A10G, 0 %, 0 %, 0 MiB, 23028 MiB
2026/02/25 16:59:23.773, 0, NVIDIA A10G, 23 %, 8 %, 1781 MiB, 23028 MiB
2026/02/25 16:59:23.773, 1, NVIDIA A10G, 0 %, 0 %, 2415 MiB, 23028 MiB
2026/02/25 16:59:23.773, 2, NVIDIA A10G, 0 %, 0 %, 0 MiB, 23028 MiB
2026/02/25 16:59:23.774, 3, NVIDIA A10G, 0 %, 0 %, 0 MiB, 23028 MiB
2026/02/25 16:59:24.774, 0, NVIDIA A10G, 21 %, 8 %, 1781 MiB, 23028 MiB
2026/02/25 16:59:24.774, 1, NVIDIA A10G, 0 %, 0 %, 2415 MiB, 23028 MiB
2026/02/25 16:59:24.774, 2, NVIDIA A10G, 0 %, 0 %, 0 MiB, 23028 MiB
2026/02/25 16:59:24.774, 3, NVIDIA A10G, 0 %, 0 %, 0 MiB, 23028 MiB
2026/02/25 16:59:25.774, 0, NVIDIA A10G, 23 %, 8 %, 1781 MiB, 23028 MiB
2026/02/25 16:59:25.774, 1, NVIDIA A10G, 0 %, 0 %, 2415 MiB, 23028 MiB
2026/02/25 16:59:25.774, 2, NVIDIA A10G, 0 %, 0 %, 0 MiB, 23028 MiB
2026/02/25 16:59:25.774, 3, NVIDIA A10G, 0 %, 0 %, 0 MiB, 23028 MiB
2026/02/25 16:59:26.774, 0, NVIDIA A10G, 22 %, 8 %, 1781 MiB, 23028 MiB
2026/02/25 16:59:26.775, 1, NVIDIA A10G, 0 %, 0 %, 2415 MiB, 23028 MiB
2026/02/25 16:59:26.775, 2, NVIDIA A10G, 0 %, 0 %, 0 MiB, 23028 MiB
2026/02/25 16:59:26.775, 3, NVIDIA A10G, 0 %, 0 %, 0 MiB, 23028 MiB
2026/02/25 16:59:27.775, 0, NVIDIA A10G, 4 %, 1 %, 1781 MiB, 23028 MiB
2026/02/25 16:59:27.775, 1, NVIDIA A10G, 18 %, 6 %, 2415 MiB, 23028 MiB
2026/02/25 16:59:27.775, 2, NVIDIA A10G, 0 %, 0 %, 0 MiB, 23028 MiB
2026/02/25 16:59:27.775, 3, NVIDIA A10G, 0 %, 0 %, 0 MiB, 23028 MiB
2026/02/25 16:59:28.775, 0, NVIDIA A10G, 0 %, 0 %, 1781 MiB, 23028 MiB
2026/02/25 16:59:28.775, 1, NVIDIA A10G, 23 %, 9 %, 2415 MiB, 23028 MiB
2026/02/25 16:59:28.775, 2, NVIDIA A10G, 0 %, 0 %, 0 MiB, 23028 MiB
2026/02/25 16:59:28.776, 3, NVIDIA A10G, 0 %, 0 %, 0 MiB, 23028 MiB
2026/02/25 16:59:29.776, 0, NVIDIA A10G, 0 %, 0 %, 1781 MiB, 23028 MiB
2026/02/25 16:59:29.776, 1, NVIDIA A10G, 22 %, 7 %, 2415 MiB, 23028 MiB
2026/02/25 16:59:29.776, 2, NVIDIA A10G, 0 %, 0 %, 0 MiB, 23028 MiB
2026/02/25 16:59:29.776, 3, NVIDIA A10G, 0 %, 0 %, 0 MiB, 23028 MiB
2026/02/25 16:59:30.776, 0, NVIDIA A10G, 0 %, 0 %, 1781 MiB, 23028 MiB
2026/02/25 16:59:30.776, 1, NVIDIA A10G, 24 %, 9 %, 2415 MiB, 23028 MiB
2026/02/25 16:59:30.776, 2, NVIDIA A10G, 0 %, 0 %, 0 MiB, 23028 MiB
2026/02/25 16:59:30.776, 3, NVIDIA A10G, 0 %, 0 %, 0 MiB, 23028 MiB
2026/02/25 16:59:31.776, 0, NVIDIA A10G, 0 %, 0 %, 1781 MiB, 23028 MiB
2026/02/25 16:59:31.776, 1, NVIDIA A10G, 23 %, 8 %, 2415 MiB, 23028 MiB
2026/02/25 16:59:31.776, 2, NVIDIA A10G, 0 %, 0 %, 0 MiB, 23028 MiB
2026/02/25 16:59:31.777, 3, NVIDIA A10G, 0 %, 0 %, 0 MiB, 23028 MiB
2026/02/25 16:59:32.777, 0, NVIDIA A10G, 0 %, 0 %, 1781 MiB, 23028 MiB
2026/02/25 16:59:32.777, 1, NVIDIA A10G, 22 %, 7 %, 2415 MiB, 23028 MiB
2026/02/25 16:59:32.777, 2, NVIDIA A10G, 0 %, 0 %, 0 MiB, 23028 MiB
2026/02/25 16:59:32.777, 3, NVIDIA A10G, 0 %, 0 %, 0 MiB, 23028 MiB
2026/02/25 16:59:33.777, 0, NVIDIA A10G, 0 %, 0 %, 1781 MiB, 23028 MiB
2026/02/25 16:59:33.777, 1, NVIDIA A10G, 23 %, 8 %, 2415 MiB, 23028 MiB
2026/02/25 16:59:33.777, 2, NVIDIA A10G, 0 %, 0 %, 0 MiB, 23028 MiB
2026/02/25 16:59:33.777, 3, NVIDIA A10G, 0 %, 0 %, 0 MiB, 23028 MiB
2026/02/25 16:59:34.777, 0, NVIDIA A10G, 0 %, 0 %, 1781 MiB, 23028 MiB
2026/02/25 16:59:34.777, 1, NVIDIA A10G, 22 %, 7 %, 2415 MiB, 23028 MiB
2026/02/25 16:59:34.777, 2, NVIDIA A10G, 0 %, 0 %, 0 MiB, 23028 MiB
2026/02/25 16:59:34.777, 3, NVIDIA A10G, 0 %, 0 %, 0 MiB, 23028 MiB
2026/02/25 16:59:35.778, 0, NVIDIA A10G, 0 %, 0 %, 1781 MiB, 23028 MiB
2026/02/25 16:59:35.778, 1, NVIDIA A10G, 24 %, 8 %, 2415 MiB, 23028 MiB
2026/02/25 16:59:35.778, 2, NVIDIA A10G, 0 %, 0 %, 0 MiB, 23028 MiB
2026/02/25 16:59:35.778, 3, NVIDIA A10G, 0 %, 0 %, 0 MiB, 23028 MiB
2026/02/25 16:59:36.778, 0, NVIDIA A10G, 19 %, 6 %, 1781 MiB, 23028 MiB
2026/02/25 16:59:36.778, 1, NVIDIA A10G, 3 %, 1 %, 2415 MiB, 23028 MiB
2026/02/25 16:59:36.778, 2, NVIDIA A10G, 0 %, 0 %, 0 MiB, 23028 MiB
2026/02/25 16:59:36.778, 3, NVIDIA A10G, 0 %, 0 %, 0 MiB, 23028 MiB
2026/02/25 16:59:37.778, 0, NVIDIA A10G, 17 %, 6 %, 1781 MiB, 23028 MiB
2026/02/25 16:59:37.778, 1, NVIDIA A10G, 0 %, 0 %, 2415 MiB, 23028 MiB
2026/02/25 16:59:37.778, 2, NVIDIA A10G, 0 %, 0 %, 0 MiB, 23028 MiB
2026/02/25 16:59:37.778, 3, NVIDIA A10G, 0 %, 0 %, 0 MiB, 23028 MiB
2026/02/25 16:59:38.778, 0, NVIDIA A10G, 21 %, 7 %, 1781 MiB, 23028 MiB
2026/02/25 16:59:38.779, 1, NVIDIA A10G, 0 %, 0 %, 2415 MiB, 23028 MiB
2026/02/25 16:59:38.779, 2, NVIDIA A10G, 0 %, 0 %, 0 MiB, 23028 MiB
2026/02/25 16:59:38.779, 3, NVIDIA A10G, 0 %, 0 %, 0 MiB, 23028 MiB
2026/02/25 16:59:39.779, 0, NVIDIA A10G, 20 %, 7 %, 1781 MiB, 23028 MiB
2026/02/25 16:59:39.779, 1, NVIDIA A10G, 0 %, 0 %, 2415 MiB, 23028 MiB
2026/02/25 16:59:39.779, 2, NVIDIA A10G, 0 %, 0 %, 0 MiB, 23028 MiB
2026/02/25 16:59:39.779, 3, NVIDIA A10G, 0 %, 0 %, 0 MiB, 23028 MiB
2026/02/25 16:59:40.779, 0, NVIDIA A10G, 22 %, 8 %, 1781 MiB, 23028 MiB
2026/02/25 16:59:40.779, 1, NVIDIA A10G, 0 %, 0 %, 2415 MiB, 23028 MiB
2026/02/25 16:59:40.779, 2, NVIDIA A10G, 0 %, 0 %, 0 MiB, 23028 MiB
2026/02/25 16:59:40.779, 3, NVIDIA A10G, 0 %, 0 %, 0 MiB, 23028 MiB
2026/02/25 16:59:41.780, 0, NVIDIA A10G, 18 %, 6 %, 1781 MiB, 23028 MiB
2026/02/25 16:59:41.780, 1, NVIDIA A10G, 0 %, 0 %, 2415 MiB, 23028 MiB
2026/02/25 16:59:41.780, 2, NVIDIA A10G, 0 %, 0 %, 0 MiB, 23028 MiB
2026/02/25 16:59:41.780, 3, NVIDIA A10G, 0 %, 0 %, 0 MiB, 23028 MiB
2026/02/25 16:59:42.780, 0, NVIDIA A10G, 22 %, 7 %, 1781 MiB, 23028 MiB
2026/02/25 16:59:42.780, 1, NVIDIA A10G, 0 %, 0 %, 2415 MiB, 23028 MiB
2026/02/25 16:59:42.780, 2, NVIDIA A10G, 0 %, 0 %, 0 MiB, 23028 MiB
2026/02/25 16:59:42.780, 3, NVIDIA A10G, 0 %, 0 %, 0 MiB, 23028 MiB
2026/02/25 16:59:43.780, 0, NVIDIA A10G, 21 %, 7 %, 1781 MiB, 23028 MiB
2026/02/25 16:59:43.780, 1, NVIDIA A10G, 0 %, 0 %, 2415 MiB, 23028 MiB
2026/02/25 16:59:43.780, 2, NVIDIA A10G, 0 %, 0 %, 0 MiB, 23028 MiB
2026/02/25 16:59:43.780, 3, NVIDIA A10G, 0 %, 0 %, 0 MiB, 23028 MiB
2026/02/25 16:59:44.780, 0, NVIDIA A10G, 22 %, 8 %, 1781 MiB, 23028 MiB
2026/02/25 16:59:44.781, 1, NVIDIA A10G, 0 %, 0 %, 2415 MiB, 23028 MiB
2026/02/25 16:59:44.781, 2, NVIDIA A10G, 0 %, 0 %, 0 MiB, 23028 MiB
2026/02/25 16:59:44.781, 3, NVIDIA A10G, 0 %, 0 %, 0 MiB, 23028 MiB
2026/02/25 16:59:45.781, 0, NVIDIA A10G, 12 %, 4 %, 1781 MiB, 23028 MiB
2026/02/25 16:59:45.781, 1, NVIDIA A10G, 22 %, 7 %, 2415 MiB, 23028 MiB
2026/02/25 16:59:45.781, 2, NVIDIA A10G, 0 %, 0 %, 0 MiB, 23028 MiB
2026/02/25 16:59:45.781, 3, NVIDIA A10G, 0 %, 0 %, 0 MiB, 23028 MiB
2026/02/25 16:59:46.781, 0, NVIDIA A10G, 0 %, 0 %, 1781 MiB, 23028 MiB
2026/02/25 16:59:46.781, 1, NVIDIA A10G, 21 %, 6 %, 2415 MiB, 23028 MiB
2026/02/25 16:59:46.781, 2, NVIDIA A10G, 0 %, 0 %, 0 MiB, 23028 MiB
2026/02/25 16:59:46.781, 3, NVIDIA A10G, 0 %, 0 %, 0 MiB, 23028 MiB
2026/02/25 16:59:47.781, 0, NVIDIA A10G, 0 %, 0 %, 1781 MiB, 23028 MiB
2026/02/25 16:59:47.781, 1, NVIDIA A10G, 21 %, 6 %, 2415 MiB, 23028 MiB
2026/02/25 16:59:47.782, 2, NVIDIA A10G, 0 %, 0 %, 0 MiB, 23028 MiB
2026/02/25 16:59:47.782, 3, NVIDIA A10G, 0 %, 0 %, 0 MiB, 23028 MiB
2026/02/25 16:59:48.782, 0, NVIDIA A10G, 0 %, 0 %, 1781 MiB, 23028 MiB
2026/02/25 16:59:48.782, 1, NVIDIA A10G, 23 %, 8 %, 2415 MiB, 23028 MiB
2026/02/25 16:59:48.782, 2, NVIDIA A10G, 0 %, 0 %, 0 MiB, 23028 MiB
2026/02/25 16:59:48.782, 3, NVIDIA A10G, 0 %, 0 %, 0 MiB, 23028 MiB
2026/02/25 16:59:49.782, 0, NVIDIA A10G, 0 %, 0 %, 1781 MiB, 23028 MiB
2026/02/25 16:59:49.782, 1, NVIDIA A10G, 21 %, 6 %, 2415 MiB, 23028 MiB
2026/02/25 16:59:49.782, 2, NVIDIA A10G, 0 %, 0 %, 0 MiB, 23028 MiB
2026/02/25 16:59:49.782, 3, NVIDIA A10G, 0 %, 0 %, 0 MiB, 23028 MiB
2026/02/25 16:59:50.782, 0, NVIDIA A10G, 0 %, 0 %, 1781 MiB, 23028 MiB
2026/02/25 16:59:50.782, 1, NVIDIA A10G, 22 %, 7 %, 2415 MiB, 23028 MiB
2026/02/25 16:59:50.782, 2, NVIDIA A10G, 0 %, 0 %, 0 MiB, 23028 MiB
2026/02/25 16:59:50.783, 3, NVIDIA A10G, 0 %, 0 %, 0 MiB, 23028 MiB
2026/02/25 16:59:51.783, 0, NVIDIA A10G, 0 %, 0 %, 1781 MiB, 23028 MiB
2026/02/25 16:59:51.783, 1, NVIDIA A10G, 22 %, 7 %, 2415 MiB, 23028 MiB
2026/02/25 16:59:51.783, 2, NVIDIA A10G, 0 %, 0 %, 0 MiB, 23028 MiB
2026/02/25 16:59:51.783, 3, NVIDIA A10G, 0 %, 0 %, 0 MiB, 23028 MiB
2026/02/25 16:59:52.783, 0, NVIDIA A10G, 0 %, 0 %, 1781 MiB, 23028 MiB
2026/02/25 16:59:52.783, 1, NVIDIA A10G, 24 %, 8 %, 2415 MiB, 23028 MiB
2026/02/25 16:59:52.783, 2, NVIDIA A10G, 0 %, 0 %, 0 MiB, 23028 MiB
2026/02/25 16:59:52.783, 3, NVIDIA A10G, 0 %, 0 %, 0 MiB, 23028 MiB
2026/02/25 16:59:53.783, 0, NVIDIA A10G, 0 %, 0 %, 1781 MiB, 23028 MiB
2026/02/25 16:59:53.783, 1, NVIDIA A10G, 0 %, 0 %, 2415 MiB, 23028 MiB
2026/02/25 16:59:53.783, 2, NVIDIA A10G, 0 %, 0 %, 0 MiB, 23028 MiB
2026/02/25 16:59:53.783, 3, NVIDIA A10G, 0 %, 0 %, 0 MiB, 23028 MiB
2026/02/25 16:59:54.784, 0, NVIDIA A10G, 0 %, 0 %, 1781 MiB, 23028 MiB
2026/02/25 16:59:54.784, 1, NVIDIA A10G, 0 %, 0 %, 2415 MiB, 23028 MiB
2026/02/25 16:59:54.784, 2, NVIDIA A10G, 0 %, 0 %, 0 MiB, 23028 MiB
2026/02/25 16:59:54.784, 3, NVIDIA A10G, 0 %, 0 %, 0 MiB, 23028 MiB
2026/02/25 16:59:55.784, 0, NVIDIA A10G, 0 %, 0 %, 1781 MiB, 23028 MiB
2026/02/25 16:59:55.784, 1, NVIDIA A10G, 0 %, 0 %, 2415 MiB, 23028 MiB
2026/02/25 16:59:55.784, 2, NVIDIA A10G, 0 %, 0 %, 0 MiB, 23028 MiB
2026/02/25 16:59:55.784, 3, NVIDIA A10G, 0 %, 0 %, 0 MiB, 23028 MiB
2026/02/25 16:59:56.784, 0, NVIDIA A10G, 0 %, 0 %, 1781 MiB, 23028 MiB
2026/02/25 16:59:56.784, 1, NVIDIA A10G, 0 %, 0 %, 2415 MiB, 23028 MiB
2026/02/25 16:59:56.784, 2, NVIDIA A10G, 0 %, 0 %, 0 MiB, 23028 MiB
2026/02/25 16:59:56.784, 3, NVIDIA A10G, 0 %, 0 %, 0 MiB, 23028 MiB
2026/02/25 16:59:57.785, 0, NVIDIA A10G, 0 %, 0 %, 1781 MiB, 23028 MiB
2026/02/25 16:59:57.785, 1, NVIDIA A10G, 0 %, 0 %, 2415 MiB, 23028 MiB
2026/02/25 16:59:57.785, 2, NVIDIA A10G, 0 %, 0 %, 0 MiB, 23028 MiB
2026/02/25 16:59:57.785, 3, NVIDIA A10G, 0 %, 0 %, 0 MiB, 23028 MiB
2026/02/25 16:59:58.785, 0, NVIDIA A10G, 0 %, 0 %, 1781 MiB, 23028 MiB
2026/02/25 16:59:58.785, 1, NVIDIA A10G, 20 %, 11 %, 2415 MiB, 23028 MiB
2026/02/25 16:59:58.785, 2, NVIDIA A10G, 0 %, 0 %, 0 MiB, 23028 MiB
2026/02/25 16:59:58.785, 3, NVIDIA A10G, 0 %, 0 %, 0 MiB, 23028 MiB
2026/02/25 16:59:59.785, 0, NVIDIA A10G, 81 %, 54 %, 1781 MiB, 23028 MiB
2026/02/25 16:59:59.785, 1, NVIDIA A10G, 21 %, 7 %, 2415 MiB, 23028 MiB
2026/02/25 16:59:59.785, 2, NVIDIA A10G, 0 %, 0 %, 0 MiB, 23028 MiB
2026/02/25 16:59:59.786, 3, NVIDIA A10G, 0 %, 0 %, 0 MiB, 23028 MiB
2026/02/25 17:00:00.786, 0, NVIDIA A10G, 21 %, 8 %, 1781 MiB, 23028 MiB
2026/02/25 17:00:00.786, 1, NVIDIA A10G, 20 %, 7 %, 2415 MiB, 23028 MiB
2026/02/25 17:00:00.786, 2, NVIDIA A10G, 0 %, 0 %, 0 MiB, 23028 MiB
2026/02/25 17:00:00.786, 3, NVIDIA A10G, 0 %, 0 %, 0 MiB, 23028 MiB
2026/02/25 17:00:01.786, 0, NVIDIA A10G, 24 %, 9 %, 1781 MiB, 23028 MiB
2026/02/25 17:00:01.786, 1, NVIDIA A10G, 24 %, 8 %, 2415 MiB, 23028 MiB
2026/02/25 17:00:01.786, 2, NVIDIA A10G, 0 %, 0 %, 0 MiB, 23028 MiB
2026/02/25 17:00:01.786, 3, NVIDIA A10G, 0 %, 0 %, 0 MiB, 23028 MiB
2026/02/25 17:00:02.786, 0, NVIDIA A10G, 22 %, 7 %, 1781 MiB, 23028 MiB
2026/02/25 17:00:02.786, 1, NVIDIA A10G, 22 %, 8 %, 2415 MiB, 23028 MiB
2026/02/25 17:00:02.786, 2, NVIDIA A10G, 0 %, 0 %, 0 MiB, 23028 MiB
2026/02/25 17:00:02.786, 3, NVIDIA A10G, 0 %, 0 %, 0 MiB, 23028 MiB
2026/02/25 17:00:03.787, 0, NVIDIA A10G, 22 %, 8 %, 1781 MiB, 23028 MiB
2026/02/25 17:00:03.787, 1, NVIDIA A10G, 24 %, 9 %, 2415 MiB, 23028 MiB
2026/02/25 17:00:03.787, 2, NVIDIA A10G, 0 %, 0 %, 0 MiB, 23028 MiB
2026/02/25 17:00:03.787, 3, NVIDIA A10G, 0 %, 0 %, 0 MiB, 23028 MiB
2026/02/25 17:00:04.787, 0, NVIDIA A10G, 22 %, 7 %, 1781 MiB, 23028 MiB
2026/02/25 17:00:04.787, 1, NVIDIA A10G, 0 %, 0 %, 2415 MiB, 23028 MiB
2026/02/25 17:00:04.787, 2, NVIDIA A10G, 0 %, 0 %, 0 MiB, 23028 MiB
2026/02/25 17:00:04.787, 3, NVIDIA A10G, 0 %, 0 %, 0 MiB, 23028 MiB
2026/02/25 17:00:05.787, 0, NVIDIA A10G, 19 %, 6 %, 1781 MiB, 23028 MiB
2026/02/25 17:00:05.787, 1, NVIDIA A10G, 0 %, 0 %, 2415 MiB, 23028 MiB
2026/02/25 17:00:05.787, 2, NVIDIA A10G, 0 %, 0 %, 0 MiB, 23028 MiB
2026/02/25 17:00:05.788, 3, NVIDIA A10G, 0 %, 0 %, 0 MiB, 23028 MiB
2026/02/25 17:00:06.788, 0, NVIDIA A10G, 22 %, 7 %, 1781 MiB, 23028 MiB
2026/02/25 17:00:06.788, 1, NVIDIA A10G, 0 %, 0 %, 2415 MiB, 23028 MiB
2026/02/25 17:00:06.788, 2, NVIDIA A10G, 0 %, 0 %, 0 MiB, 23028 MiB
2026/02/25 17:00:06.788, 3, NVIDIA A10G, 0 %, 0 %, 0 MiB, 23028 MiB
2026/02/25 17:00:07.788, 0, NVIDIA A10G, 22 %, 8 %, 1781 MiB, 23028 MiB
2026/02/25 17:00:07.788, 1, NVIDIA A10G, 0 %, 0 %, 2415 MiB, 23028 MiB
2026/02/25 17:00:07.788, 2, NVIDIA A10G, 0 %, 0 %, 0 MiB, 23028 MiB
2026/02/25 17:00:07.788, 3, NVIDIA A10G, 0 %, 0 %, 0 MiB, 23028 MiB
2026/02/25 17:00:08.789, 0, NVIDIA A10G, 21 %, 7 %, 1781 MiB, 23028 MiB
2026/02/25 17:00:08.789, 1, NVIDIA A10G, 23 %, 8 %, 2415 MiB, 23028 MiB
2026/02/25 17:00:08.789, 2, NVIDIA A10G, 0 %, 0 %, 0 MiB, 23028 MiB
2026/02/25 17:00:08.789, 3, NVIDIA A10G, 0 %, 0 %, 0 MiB, 23028 MiB
2026/02/25 17:00:09.789, 0, NVIDIA A10G, 23 %, 9 %, 1781 MiB, 23028 MiB
2026/02/25 17:00:09.789, 1, NVIDIA A10G, 21 %, 7 %, 2415 MiB, 23028 MiB
2026/02/25 17:00:09.789, 2, NVIDIA A10G, 0 %, 0 %, 0 MiB, 23028 MiB
2026/02/25 17:00:09.789, 3, NVIDIA A10G, 0 %, 0 %, 0 MiB, 23028 MiB
2026/02/25 17:00:10.789, 0, NVIDIA A10G, 20 %, 7 %, 1781 MiB, 23028 MiB
2026/02/25 17:00:10.789, 1, NVIDIA A10G, 21 %, 7 %, 2415 MiB, 23028 MiB
2026/02/25 17:00:10.790, 2, NVIDIA A10G, 0 %, 0 %, 0 MiB, 23028 MiB
2026/02/25 17:00:10.790, 3, NVIDIA A10G, 0 %, 0 %, 0 MiB, 23028 MiB
2026/02/25 17:00:11.790, 0, NVIDIA A10G, 19 %, 6 %, 1781 MiB, 23028 MiB
2026/02/25 17:00:11.790, 1, NVIDIA A10G, 19 %, 6 %, 2415 MiB, 23028 MiB
2026/02/25 17:00:11.790, 2, NVIDIA A10G, 0 %, 0 %, 0 MiB, 23028 MiB
2026/02/25 17:00:11.790, 3, NVIDIA A10G, 0 %, 0 %, 0 MiB, 23028 MiB
2026/02/25 17:00:12.790, 0, NVIDIA A10G, 20 %, 7 %, 1781 MiB, 23028 MiB
2026/02/25 17:00:12.790, 1, NVIDIA A10G, 23 %, 8 %, 2415 MiB, 23028 MiB
2026/02/25 17:00:12.790, 2, NVIDIA A10G, 0 %, 0 %, 0 MiB, 23028 MiB
2026/02/25 17:00:12.790, 3, NVIDIA A10G, 0 %, 0 %, 0 MiB, 23028 MiB
2026/02/25 17:00:13.790, 0, NVIDIA A10G, 20 %, 6 %, 1781 MiB, 23028 MiB
2026/02/25 17:00:13.791, 1, NVIDIA A10G, 0 %, 0 %, 2415 MiB, 23028 MiB
2026/02/25 17:00:13.791, 2, NVIDIA A10G, 0 %, 0 %, 0 MiB, 23028 MiB
2026/02/25 17:00:13.791, 3, NVIDIA A10G, 0 %, 0 %, 0 MiB, 23028 MiB
2026/02/25 17:00:14.791, 0, NVIDIA A10G, 21 %, 7 %, 1781 MiB, 23028 MiB
2026/02/25 17:00:14.791, 1, NVIDIA A10G, 0 %, 0 %, 2415 MiB, 23028 MiB
2026/02/25 17:00:14.791, 2, NVIDIA A10G, 0 %, 0 %, 0 MiB, 23028 MiB
2026/02/25 17:00:14.791, 3, NVIDIA A10G, 0 %, 0 %, 0 MiB, 23028 MiB
2026/02/25 17:00:15.791, 0, NVIDIA A10G, 0 %, 0 %, 1781 MiB, 23028 MiB
2026/02/25 17:00:15.791, 1, NVIDIA A10G, 0 %, 0 %, 2415 MiB, 23028 MiB
2026/02/25 17:00:15.791, 2, NVIDIA A10G, 0 %, 0 %, 0 MiB, 23028 MiB
2026/02/25 17:00:15.791, 3, NVIDIA A10G, 0 %, 0 %, 0 MiB, 23028 MiB
2026/02/25 17:00:16.791, 0, NVIDIA A10G, 0 %, 0 %, 1781 MiB, 23028 MiB
2026/02/25 17:00:16.792, 1, NVIDIA A10G, 0 %, 0 %, 2415 MiB, 23028 MiB
2026/02/25 17:00:16.792, 2, NVIDIA A10G, 0 %, 0 %, 0 MiB, 23028 MiB
2026/02/25 17:00:16.792, 3, NVIDIA A10G, 0 %, 0 %, 0 MiB, 23028 MiB
2026/02/25 17:00:17.792, 0, NVIDIA A10G, 0 %, 0 %, 1781 MiB, 23028 MiB
2026/02/25 17:00:17.792, 1, NVIDIA A10G, 0 %, 0 %, 2415 MiB, 23028 MiB
2026/02/25 17:00:17.792, 2, NVIDIA A10G, 0 %, 0 %, 0 MiB, 23028 MiB
2026/02/25 17:00:17.792, 3, NVIDIA A10G, 0 %, 0 %, 0 MiB, 23028 MiB
2026/02/25 17:00:18.792, 0, NVIDIA A10G, 0 %, 0 %, 1781 MiB, 23028 MiB
2026/02/25 17:00:18.792, 1, NVIDIA A10G, 0 %, 0 %, 2415 MiB, 23028 MiB
2026/02/25 17:00:18.792, 2, NVIDIA A10G, 0 %, 0 %, 0 MiB, 23028 MiB
2026/02/25 17:00:18.793, 3, NVIDIA A10G, 0 %, 0 %, 0 MiB, 23028 MiB
2026/02/25 17:00:19.793, 0, NVIDIA A10G, 0 %, 0 %, 1781 MiB, 23028 MiB
2026/02/25 17:00:19.793, 1, NVIDIA A10G, 0 %, 0 %, 2415 MiB, 23028 MiB
2026/02/25 17:00:19.793, 2, NVIDIA A10G, 0 %, 0 %, 0 MiB, 23028 MiB
2026/02/25 17:00:19.793, 3, NVIDIA A10G, 0 %, 0 %, 0 MiB, 23028 MiB
2026/02/25 17:00:20.793, 0, NVIDIA A10G, 20 %, 6 %, 1781 MiB, 23028 MiB
2026/02/25 17:00:20.793, 1, NVIDIA A10G, 20 %, 7 %, 2415 MiB, 23028 MiB
2026/02/25 17:00:20.793, 2, NVIDIA A10G, 0 %, 0 %, 0 MiB, 23028 MiB
2026/02/25 17:00:20.793, 3, NVIDIA A10G, 0 %, 0 %, 0 MiB, 23028 MiB
2026/02/25 17:00:21.794, 0, NVIDIA A10G, 16 %, 5 %, 1781 MiB, 23028 MiB
2026/02/25 17:00:21.794, 1, NVIDIA A10G, 17 %, 6 %, 2415 MiB, 23028 MiB
2026/02/25 17:00:21.794, 2, NVIDIA A10G, 0 %, 0 %, 0 MiB, 23028 MiB
2026/02/25 17:00:21.794, 3, NVIDIA A10G, 0 %, 0 %, 0 MiB, 23028 MiB
2026/02/25 17:00:22.794, 0, NVIDIA A10G, 19 %, 6 %, 1781 MiB, 23028 MiB
2026/02/25 17:00:22.794, 1, NVIDIA A10G, 21 %, 7 %, 2415 MiB, 23028 MiB
2026/02/25 17:00:22.794, 2, NVIDIA A10G, 0 %, 0 %, 0 MiB, 23028 MiB
2026/02/25 17:00:22.794, 3, NVIDIA A10G, 0 %, 0 %, 0 MiB, 23028 MiB
2026/02/25 17:00:23.794, 0, NVIDIA A10G, 19 %, 6 %, 1781 MiB, 23028 MiB
2026/02/25 17:00:23.794, 1, NVIDIA A10G, 22 %, 8 %, 2415 MiB, 23028 MiB
2026/02/25 17:00:23.795, 2, NVIDIA A10G, 0 %, 0 %, 0 MiB, 23028 MiB
2026/02/25 17:00:23.795, 3, NVIDIA A10G, 0 %, 0 %, 0 MiB, 23028 MiB
2026/02/25 17:00:24.795, 0, NVIDIA A10G, 20 %, 7 %, 1781 MiB, 23028 MiB
2026/02/25 17:00:24.795, 1, NVIDIA A10G, 23 %, 8 %, 2415 MiB, 23028 MiB
2026/02/25 17:00:24.795, 2, NVIDIA A10G, 0 %, 0 %, 0 MiB, 23028 MiB
2026/02/25 17:00:24.795, 3, NVIDIA A10G, 0 %, 0 %, 0 MiB, 23028 MiB
2026/02/25 17:00:25.795, 0, NVIDIA A10G, 0 %, 0 %, 1781 MiB, 23028 MiB
2026/02/25 17:00:25.795, 1, NVIDIA A10G, 22 %, 8 %, 2415 MiB, 23028 MiB
2026/02/25 17:00:25.795, 2, NVIDIA A10G, 0 %, 0 %, 0 MiB, 23028 MiB
2026/02/25 17:00:25.795, 3, NVIDIA A10G, 0 %, 0 %, 0 MiB, 23028 MiB
2026/02/25 17:00:26.795, 0, NVIDIA A10G, 0 %, 0 %, 1781 MiB, 23028 MiB
2026/02/25 17:00:26.796, 1, NVIDIA A10G, 22 %, 7 %, 2415 MiB, 23028 MiB
2026/02/25 17:00:26.796, 2, NVIDIA A10G, 0 %, 0 %, 0 MiB, 23028 MiB
2026/02/25 17:00:26.796, 3, NVIDIA A10G, 0 %, 0 %, 0 MiB, 23028 MiB
2026/02/25 17:00:27.796, 0, NVIDIA A10G, 0 %, 0 %, 1781 MiB, 23028 MiB
2026/02/25 17:00:27.796, 1, NVIDIA A10G, 0 %, 0 %, 2415 MiB, 23028 MiB
2026/02/25 17:00:27.796, 2, NVIDIA A10G, 0 %, 0 %, 0 MiB, 23028 MiB
2026/02/25 17:00:27.796, 3, NVIDIA A10G, 0 %, 0 %, 0 MiB, 23028 MiB
2026/02/25 17:00:28.796, 0, NVIDIA A10G, 0 %, 0 %, 1781 MiB, 23028 MiB
2026/02/25 17:00:28.796, 1, NVIDIA A10G, 0 %, 0 %, 2415 MiB, 23028 MiB
2026/02/25 17:00:28.796, 2, NVIDIA A10G, 0 %, 0 %, 0 MiB, 23028 MiB
2026/02/25 17:00:28.796, 3, NVIDIA A10G, 0 %, 0 %, 0 MiB, 23028 MiB
2026/02/25 17:00:29.796, 0, NVIDIA A10G, 0 %, 0 %, 1781 MiB, 23028 MiB
2026/02/25 17:00:29.797, 1, NVIDIA A10G, 0 %, 0 %, 2415 MiB, 23028 MiB
2026/02/25 17:00:29.797, 2, NVIDIA A10G, 0 %, 0 %, 0 MiB, 23028 MiB
2026/02/25 17:00:29.797, 3, NVIDIA A10G, 0 %, 0 %, 0 MiB, 23028 MiB
2026/02/25 17:00:30.797, 0, NVIDIA A10G, 0 %, 0 %, 1781 MiB, 23028 MiB
2026/02/25 17:00:30.797, 1, NVIDIA A10G, 0 %, 0 %, 2415 MiB, 23028 MiB
2026/02/25 17:00:30.797, 2, NVIDIA A10G, 0 %, 0 %, 0 MiB, 23028 MiB
2026/02/25 17:00:30.797, 3, NVIDIA A10G, 0 %, 0 %, 0 MiB, 23028 MiB
2026/02/25 17:00:31.797, 0, NVIDIA A10G, 0 %, 0 %, 1781 MiB, 23028 MiB
2026/02/25 17:00:31.797, 1, NVIDIA A10G, 0 %, 0 %, 2415 MiB, 23028 MiB
2026/02/25 17:00:31.797, 2, NVIDIA A10G, 0 %, 0 %, 0 MiB, 23028 MiB
2026/02/25 17:00:31.797, 3, NVIDIA A10G, 0 %, 0 %, 0 MiB, 23028 MiB
2026/02/25 17:00:32.797, 0, NVIDIA A10G, 0 %, 0 %, 1781 MiB, 23028 MiB
2026/02/25 17:00:32.798, 1, NVIDIA A10G, 0 %, 0 %, 2415 MiB, 23028 MiB
2026/02/25 17:00:32.798, 2, NVIDIA A10G, 0 %, 0 %, 0 MiB, 23028 MiB
2026/02/25 17:00:32.798, 3, NVIDIA A10G, 0 %, 0 %, 0 MiB, 23028 MiB
2026/02/25 17:00:33.798, 0, NVIDIA A10G, 0 %, 0 %, 1781 MiB, 23028 MiB
2026/02/25 17:00:33.798, 1, NVIDIA A10G, 0 %, 0 %, 2415 MiB, 23028 MiB
2026/02/25 17:00:33.798, 2, NVIDIA A10G, 0 %, 0 %, 0 MiB, 23028 MiB
2026/02/25 17:00:33.798, 3, NVIDIA A10G, 0 %, 0 %, 0 MiB, 23028 MiB
2026/02/25 17:00:34.798, 0, NVIDIA A10G, 0 %, 0 %, 1781 MiB, 23028 MiB
2026/02/25 17:00:34.798, 1, NVIDIA A10G, 0 %, 0 %, 2415 MiB, 23028 MiB
2026/02/25 17:00:34.798, 2, NVIDIA A10G, 0 %, 0 %, 0 MiB, 23028 MiB
2026/02/25 17:00:34.798, 3, NVIDIA A10G, 0 %, 0 %, 0 MiB, 23028 MiB
2026/02/25 17:00:35.798, 0, NVIDIA A10G, 0 %, 0 %, 1781 MiB, 23028 MiB
2026/02/25 17:00:35.799, 1, NVIDIA A10G, 13 %, 4 %, 2415 MiB, 23028 MiB
2026/02/25 17:00:35.799, 2, NVIDIA A10G, 0 %, 0 %, 0 MiB, 23028 MiB
2026/02/25 17:00:35.799, 3, NVIDIA A10G, 0 %, 0 %, 0 MiB, 23028 MiB
2026/02/25 17:00:36.799, 0, NVIDIA A10G, 21 %, 7 %, 1781 MiB, 23028 MiB
2026/02/25 17:00:36.799, 1, NVIDIA A10G, 22 %, 8 %, 2415 MiB, 23028 MiB
2026/02/25 17:00:36.799, 2, NVIDIA A10G, 0 %, 0 %, 0 MiB, 23028 MiB
2026/02/25 17:00:36.799, 3, NVIDIA A10G, 0 %, 0 %, 0 MiB, 23028 MiB
2026/02/25 17:00:37.799, 0, NVIDIA A10G, 21 %, 7 %, 1781 MiB, 23028 MiB
2026/02/25 17:00:37.799, 1, NVIDIA A10G, 22 %, 8 %, 2415 MiB, 23028 MiB
2026/02/25 17:00:37.799, 2, NVIDIA A10G, 0 %, 0 %, 0 MiB, 23028 MiB
2026/02/25 17:00:37.800, 3, NVIDIA A10G, 0 %, 0 %, 0 MiB, 23028 MiB
2026/02/25 17:00:38.800, 0, NVIDIA A10G, 16 %, 5 %, 1781 MiB, 23028 MiB
2026/02/25 17:00:38.800, 1, NVIDIA A10G, 18 %, 5 %, 2415 MiB, 23028 MiB
2026/02/25 17:00:38.800, 2, NVIDIA A10G, 0 %, 0 %, 0 MiB, 23028 MiB
2026/02/25 17:00:38.800, 3, NVIDIA A10G, 0 %, 0 %, 0 MiB, 23028 MiB
2026/02/25 17:00:39.800, 0, NVIDIA A10G, 22 %, 8 %, 1781 MiB, 23028 MiB
2026/02/25 17:00:39.800, 1, NVIDIA A10G, 21 %, 7 %, 2415 MiB, 23028 MiB
2026/02/25 17:00:39.800, 2, NVIDIA A10G, 0 %, 0 %, 0 MiB, 23028 MiB
2026/02/25 17:00:39.800, 3, NVIDIA A10G, 0 %, 0 %, 0 MiB, 23028 MiB
2026/02/25 17:00:40.801, 0, NVIDIA A10G, 21 %, 7 %, 1781 MiB, 23028 MiB
2026/02/25 17:00:40.801, 1, NVIDIA A10G, 22 %, 7 %, 2415 MiB, 23028 MiB
2026/02/25 17:00:40.801, 2, NVIDIA A10G, 0 %, 0 %, 0 MiB, 23028 MiB
2026/02/25 17:00:40.801, 3, NVIDIA A10G, 0 %, 0 %, 0 MiB, 23028 MiB
2026/02/25 17:00:41.801, 0, NVIDIA A10G, 24 %, 9 %, 1781 MiB, 23028 MiB
2026/02/25 17:00:41.801, 1, NVIDIA A10G, 23 %, 8 %, 2415 MiB, 23028 MiB
2026/02/25 17:00:41.801, 2, NVIDIA A10G, 0 %, 0 %, 0 MiB, 23028 MiB
2026/02/25 17:00:41.801, 3, NVIDIA A10G, 0 %, 0 %, 0 MiB, 23028 MiB
2026/02/25 17:00:42.801, 0, NVIDIA A10G, 20 %, 7 %, 1781 MiB, 23028 MiB
2026/02/25 17:00:42.802, 1, NVIDIA A10G, 22 %, 8 %, 2415 MiB, 23028 MiB
2026/02/25 17:00:42.802, 2, NVIDIA A10G, 0 %, 0 %, 0 MiB, 23028 MiB
2026/02/25 17:00:42.802, 3, NVIDIA A10G, 0 %, 0 %, 0 MiB, 23028 MiB
2026/02/25 17:00:43.802, 0, NVIDIA A10G, 21 %, 8 %, 1781 MiB, 23028 MiB
2026/02/25 17:00:43.802, 1, NVIDIA A10G, 20 %, 7 %, 2415 MiB, 23028 MiB
2026/02/25 17:00:43.802, 2, NVIDIA A10G, 0 %, 0 %, 0 MiB, 23028 MiB
2026/02/25 17:00:43.802, 3, NVIDIA A10G, 0 %, 0 %, 0 MiB, 23028 MiB
2026/02/25 17:00:44.802, 0, NVIDIA A10G, 20 %, 7 %, 1781 MiB, 23028 MiB
2026/02/25 17:00:44.802, 1, NVIDIA A10G, 14 %, 4 %, 2415 MiB, 23028 MiB
2026/02/25 17:00:44.802, 2, NVIDIA A10G, 0 %, 0 %, 0 MiB, 23028 MiB
2026/02/25 17:00:44.802, 3, NVIDIA A10G, 0 %, 0 %, 0 MiB, 23028 MiB
2026/02/25 17:00:45.802, 0, NVIDIA A10G, 22 %, 8 %, 1781 MiB, 23028 MiB
2026/02/25 17:00:45.803, 1, NVIDIA A10G, 0 %, 0 %, 2415 MiB, 23028 MiB
2026/02/25 17:00:45.803, 2, NVIDIA A10G, 0 %, 0 %, 0 MiB, 23028 MiB
2026/02/25 17:00:45.803, 3, NVIDIA A10G, 0 %, 0 %, 0 MiB, 23028 MiB
2026/02/25 17:00:46.803, 0, NVIDIA A10G, 20 %, 7 %, 1781 MiB, 23028 MiB
2026/02/25 17:00:46.803, 1, NVIDIA A10G, 0 %, 0 %, 2415 MiB, 23028 MiB
2026/02/25 17:00:46.803, 2, NVIDIA A10G, 0 %, 0 %, 0 MiB, 23028 MiB
2026/02/25 17:00:46.803, 3, NVIDIA A10G, 0 %, 0 %, 0 MiB, 23028 MiB
2026/02/25 17:00:47.803, 0, NVIDIA A10G, 0 %, 0 %, 1781 MiB, 23028 MiB
2026/02/25 17:00:47.803, 1, NVIDIA A10G, 0 %, 0 %, 2415 MiB, 23028 MiB
2026/02/25 17:00:47.803, 2, NVIDIA A10G, 0 %, 0 %, 0 MiB, 23028 MiB
2026/02/25 17:00:47.803, 3, NVIDIA A10G, 0 %, 0 %, 0 MiB, 23028 MiB
2026/02/25 17:00:48.803, 0, NVIDIA A10G, 0 %, 0 %, 1781 MiB, 23028 MiB
2026/02/25 17:00:48.803, 1, NVIDIA A10G, 0 %, 0 %, 2415 MiB, 23028 MiB
2026/02/25 17:00:48.803, 2, NVIDIA A10G, 0 %, 0 %, 0 MiB, 23028 MiB
2026/02/25 17:00:48.803, 3, NVIDIA A10G, 0 %, 0 %, 0 MiB, 23028 MiB
2026/02/25 17:00:49.804, 0, NVIDIA A10G, 0 %, 0 %, 1781 MiB, 23028 MiB
2026/02/25 17:00:49.804, 1, NVIDIA A10G, 0 %, 0 %, 2415 MiB, 23028 MiB
2026/02/25 17:00:49.804, 2, NVIDIA A10G, 0 %, 0 %, 0 MiB, 23028 MiB
2026/02/25 17:00:49.804, 3, NVIDIA A10G, 0 %, 0 %, 0 MiB, 23028 MiB
2026/02/25 17:00:50.804, 0, NVIDIA A10G, 0 %, 0 %, 1781 MiB, 23028 MiB
2026/02/25 17:00:50.804, 1, NVIDIA A10G, 0 %, 0 %, 2415 MiB, 23028 MiB
2026/02/25 17:00:50.804, 2, NVIDIA A10G, 0 %, 0 %, 0 MiB, 23028 MiB
2026/02/25 17:00:50.804, 3, NVIDIA A10G, 0 %, 0 %, 0 MiB, 23028 MiB
2026/02/25 17:00:51.804, 0, NVIDIA A10G, 0 %, 0 %, 1781 MiB, 23028 MiB
2026/02/25 17:00:51.804, 1, NVIDIA A10G, 0 %, 0 %, 2415 MiB, 23028 MiB
2026/02/25 17:00:51.804, 2, NVIDIA A10G, 0 %, 0 %, 0 MiB, 23028 MiB
2026/02/25 17:00:51.805, 3, NVIDIA A10G, 0 %, 0 %, 0 MiB, 23028 MiB
2026/02/25 17:00:52.805, 0, NVIDIA A10G, 0 %, 0 %, 1781 MiB, 23028 MiB
2026/02/25 17:00:52.805, 1, NVIDIA A10G, 0 %, 0 %, 2415 MiB, 23028 MiB
2026/02/25 17:00:52.805, 2, NVIDIA A10G, 0 %, 0 %, 0 MiB, 23028 MiB
2026/02/25 17:00:52.805, 3, NVIDIA A10G, 0 %, 0 %, 0 MiB, 23028 MiB
2026/02/25 17:00:53.805, 0, NVIDIA A10G, 0 %, 0 %, 1781 MiB, 23028 MiB
2026/02/25 17:00:53.805, 1, NVIDIA A10G, 0 %, 0 %, 2415 MiB, 23028 MiB
2026/02/25 17:00:53.805, 2, NVIDIA A10G, 0 %, 0 %, 0 MiB, 23028 MiB
2026/02/25 17:00:53.805, 3, NVIDIA A10G, 0 %, 0 %, 0 MiB, 23028 MiB
2026/02/25 17:00:54.805, 0, NVIDIA A10G, 0 %, 0 %, 1781 MiB, 23028 MiB
2026/02/25 17:00:54.805, 1, NVIDIA A10G, 0 %, 0 %, 2415 MiB, 23028 MiB
2026/02/25 17:00:54.805, 2, NVIDIA A10G, 0 %, 0 %, 0 MiB, 23028 MiB
2026/02/25 17:00:54.805, 3, NVIDIA A10G, 0 %, 0 %, 0 MiB, 23028 MiB
2026/02/25 17:00:55.806, 0, NVIDIA A10G, 20 %, 7 %, 1781 MiB, 23028 MiB
2026/02/25 17:00:55.806, 1, NVIDIA A10G, 0 %, 0 %, 2415 MiB, 23028 MiB
2026/02/25 17:00:55.806, 2, NVIDIA A10G, 0 %, 0 %, 0 MiB, 23028 MiB
2026/02/25 17:00:55.806, 3, NVIDIA A10G, 0 %, 0 %, 0 MiB, 23028 MiB
2026/02/25 17:00:56.806, 0, NVIDIA A10G, 22 %, 8 %, 1781 MiB, 23028 MiB
2026/02/25 17:00:56.806, 1, NVIDIA A10G, 44 %, 28 %, 2415 MiB, 23028 MiB
2026/02/25 17:00:56.806, 2, NVIDIA A10G, 0 %, 0 %, 0 MiB, 23028 MiB
2026/02/25 17:00:56.806, 3, NVIDIA A10G, 0 %, 0 %, 0 MiB, 23028 MiB
2026/02/25 17:00:57.806, 0, NVIDIA A10G, 21 %, 7 %, 1781 MiB, 23028 MiB
2026/02/25 17:00:57.806, 1, NVIDIA A10G, 19 %, 6 %, 2415 MiB, 23028 MiB
2026/02/25 17:00:57.806, 2, NVIDIA A10G, 0 %, 0 %, 0 MiB, 23028 MiB
2026/02/25 17:00:57.806, 3, NVIDIA A10G, 0 %, 0 %, 0 MiB, 23028 MiB
2026/02/25 17:00:58.806, 0, NVIDIA A10G, 21 %, 7 %, 1781 MiB, 23028 MiB
2026/02/25 17:00:58.807, 1, NVIDIA A10G, 20 %, 6 %, 2415 MiB, 23028 MiB
2026/02/25 17:00:58.807, 2, NVIDIA A10G, 0 %, 0 %, 0 MiB, 23028 MiB
2026/02/25 17:00:58.807, 3, NVIDIA A10G, 0 %, 0 %, 0 MiB, 23028 MiB
2026/02/25 17:00:59.807, 0, NVIDIA A10G, 22 %, 8 %, 1781 MiB, 23028 MiB
2026/02/25 17:00:59.807, 1, NVIDIA A10G, 20 %, 6 %, 2415 MiB, 23028 MiB
2026/02/25 17:00:59.807, 2, NVIDIA A10G, 0 %, 0 %, 0 MiB, 23028 MiB
2026/02/25 17:00:59.807, 3, NVIDIA A10G, 0 %, 0 %, 0 MiB, 23028 MiB
2026/02/25 17:01:00.807, 0, NVIDIA A10G, 20 %, 7 %, 1781 MiB, 23028 MiB
2026/02/25 17:01:00.807, 1, NVIDIA A10G, 20 %, 7 %, 2415 MiB, 23028 MiB
2026/02/25 17:01:00.808, 2, NVIDIA A10G, 0 %, 0 %, 0 MiB, 23028 MiB
2026/02/25 17:01:00.808, 3, NVIDIA A10G, 0 %, 0 %, 0 MiB, 23028 MiB
2026/02/25 17:01:01.808, 0, NVIDIA A10G, 19 %, 6 %, 1781 MiB, 23028 MiB
2026/02/25 17:01:01.808, 1, NVIDIA A10G, 21 %, 7 %, 2415 MiB, 23028 MiB
2026/02/25 17:01:01.808, 2, NVIDIA A10G, 0 %, 0 %, 0 MiB, 23028 MiB
2026/02/25 17:01:01.808, 3, NVIDIA A10G, 0 %, 0 %, 0 MiB, 23028 MiB
2026/02/25 17:01:02.808, 0, NVIDIA A10G, 21 %, 8 %, 1781 MiB, 23028 MiB
2026/02/25 17:01:02.808, 1, NVIDIA A10G, 22 %, 7 %, 2415 MiB, 23028 MiB
2026/02/25 17:01:02.808, 2, NVIDIA A10G, 0 %, 0 %, 0 MiB, 23028 MiB
2026/02/25 17:01:02.808, 3, NVIDIA A10G, 0 %, 0 %, 0 MiB, 23028 MiB
2026/02/25 17:01:03.808, 0, NVIDIA A10G, 21 %, 7 %, 1781 MiB, 23028 MiB
2026/02/25 17:01:03.809, 1, NVIDIA A10G, 22 %, 7 %, 2415 MiB, 23028 MiB
2026/02/25 17:01:03.809, 2, NVIDIA A10G, 0 %, 0 %, 0 MiB, 23028 MiB
2026/02/25 17:01:03.809, 3, NVIDIA A10G, 0 %, 0 %, 0 MiB, 23028 MiB
2026/02/25 17:01:04.809, 0, NVIDIA A10G, 21 %, 7 %, 1781 MiB, 23028 MiB
2026/02/25 17:01:04.809, 1, NVIDIA A10G, 21 %, 7 %, 2415 MiB, 23028 MiB
2026/02/25 17:01:04.809, 2, NVIDIA A10G, 0 %, 0 %, 0 MiB, 23028 MiB
2026/02/25 17:01:04.809, 3, NVIDIA A10G, 0 %, 0 %, 0 MiB, 23028 MiB
2026/02/25 17:01:05.809, 0, NVIDIA A10G, 0 %, 0 %, 1781 MiB, 23028 MiB
2026/02/25 17:01:05.809, 1, NVIDIA A10G, 22 %, 7 %, 2415 MiB, 23028 MiB
2026/02/25 17:01:05.809, 2, NVIDIA A10G, 0 %, 0 %, 0 MiB, 23028 MiB
2026/02/25 17:01:05.809, 3, NVIDIA A10G, 0 %, 0 %, 0 MiB, 23028 MiB
2026/02/25 17:01:06.810, 0, NVIDIA A10G, 0 %, 0 %, 1781 MiB, 23028 MiB
2026/02/25 17:01:06.810, 1, NVIDIA A10G, 21 %, 7 %, 2415 MiB, 23028 MiB
2026/02/25 17:01:06.810, 2, NVIDIA A10G, 0 %, 0 %, 0 MiB, 23028 MiB
2026/02/25 17:01:06.810, 3, NVIDIA A10G, 0 %, 0 %, 0 MiB, 23028 MiB
2026/02/25 17:01:07.810, 0, NVIDIA A10G, 0 %, 0 %, 1781 MiB, 23028 MiB
2026/02/25 17:01:07.810, 1, NVIDIA A10G, 21 %, 7 %, 2415 MiB, 23028 MiB
2026/02/25 17:01:07.810, 2, NVIDIA A10G, 0 %, 0 %, 0 MiB, 23028 MiB
2026/02/25 17:01:07.810, 3, NVIDIA A10G, 0 %, 0 %, 0 MiB, 23028 MiB
2026/02/25 17:01:08.810, 0, NVIDIA A10G, 0 %, 0 %, 1781 MiB, 23028 MiB
2026/02/25 17:01:08.811, 1, NVIDIA A10G, 22 %, 8 %, 2415 MiB, 23028 MiB
2026/02/25 17:01:08.811, 2, NVIDIA A10G, 0 %, 0 %, 0 MiB, 23028 MiB
2026/02/25 17:01:08.811, 3, NVIDIA A10G, 0 %, 0 %, 0 MiB, 23028 MiB
2026/02/25 17:01:09.811, 0, NVIDIA A10G, 0 %, 0 %, 1781 MiB, 23028 MiB
2026/02/25 17:01:09.811, 1, NVIDIA A10G, 23 %, 8 %, 2415 MiB, 23028 MiB
2026/02/25 17:01:09.811, 2, NVIDIA A10G, 0 %, 0 %, 0 MiB, 23028 MiB
2026/02/25 17:01:09.811, 3, NVIDIA A10G, 0 %, 0 %, 0 MiB, 23028 MiB
2026/02/25 17:01:10.811, 0, NVIDIA A10G, 0 %, 0 %, 1781 MiB, 23028 MiB
2026/02/25 17:01:10.811, 1, NVIDIA A10G, 14 %, 4 %, 2415 MiB, 23028 MiB
2026/02/25 17:01:10.812, 2, NVIDIA A10G, 0 %, 0 %, 0 MiB, 23028 MiB
2026/02/25 17:01:10.812, 3, NVIDIA A10G, 0 %, 0 %, 0 MiB, 23028 MiB
2026/02/25 17:01:11.812, 0, NVIDIA A10G, 0 %, 0 %, 1781 MiB, 23028 MiB
2026/02/25 17:01:11.812, 1, NVIDIA A10G, 0 %, 0 %, 2415 MiB, 23028 MiB
2026/02/25 17:01:11.812, 2, NVIDIA A10G, 0 %, 0 %, 0 MiB, 23028 MiB
2026/02/25 17:01:11.812, 3, NVIDIA A10G, 0 %, 0 %, 0 MiB, 23028 MiB
2026/02/25 17:01:12.812, 0, NVIDIA A10G, 0 %, 0 %, 1781 MiB, 23028 MiB
2026/02/25 17:01:12.812, 1, NVIDIA A10G, 0 %, 0 %, 2415 MiB, 23028 MiB
2026/02/25 17:01:12.812, 2, NVIDIA A10G, 0 %, 0 %, 0 MiB, 23028 MiB
2026/02/25 17:01:12.812, 3, NVIDIA A10G, 0 %, 0 %, 0 MiB, 23028 MiB
2026/02/25 17:01:13.812, 0, NVIDIA A10G, 0 %, 0 %, 1781 MiB, 23028 MiB
2026/02/25 17:01:13.813, 1, NVIDIA A10G, 0 %, 0 %, 2415 MiB, 23028 MiB
2026/02/25 17:01:13.813, 2, NVIDIA A10G, 0 %, 0 %, 0 MiB, 23028 MiB
2026/02/25 17:01:13.813, 3, NVIDIA A10G, 0 %, 0 %, 0 MiB, 23028 MiB
2026/02/25 17:01:14.813, 0, NVIDIA A10G, 0 %, 0 %, 1781 MiB, 23028 MiB
2026/02/25 17:01:14.813, 1, NVIDIA A10G, 0 %, 0 %, 2415 MiB, 23028 MiB
2026/02/25 17:01:14.813, 2, NVIDIA A10G, 0 %, 0 %, 0 MiB, 23028 MiB
2026/02/25 17:01:14.813, 3, NVIDIA A10G, 0 %, 0 %, 0 MiB, 23028 MiB
2026/02/25 17:01:15.813, 0, NVIDIA A10G, 0 %, 0 %, 1781 MiB, 23028 MiB
2026/02/25 17:01:15.813, 1, NVIDIA A10G, 0 %, 0 %, 2415 MiB, 23028 MiB
2026/02/25 17:01:15.813, 2, NVIDIA A10G, 0 %, 0 %, 0 MiB, 23028 MiB
2026/02/25 17:01:15.814, 3, NVIDIA A10G, 0 %, 0 %, 0 MiB, 23028 MiB
2026/02/25 17:01:16.814, 0, NVIDIA A10G, 23 %, 8 %, 1781 MiB, 23028 MiB
2026/02/25 17:01:16.814, 1, NVIDIA A10G, 0 %, 0 %, 2415 MiB, 23028 MiB
2026/02/25 17:01:16.814, 2, NVIDIA A10G, 0 %, 0 %, 0 MiB, 23028 MiB
2026/02/25 17:01:16.814, 3, NVIDIA A10G, 0 %, 0 %, 0 MiB, 23028 MiB
2026/02/25 17:01:17.814, 0, NVIDIA A10G, 22 %, 8 %, 1781 MiB, 23028 MiB
2026/02/25 17:01:17.814, 1, NVIDIA A10G, 0 %, 0 %, 2415 MiB, 23028 MiB
2026/02/25 17:01:17.814, 2, NVIDIA A10G, 0 %, 0 %, 0 MiB, 23028 MiB
2026/02/25 17:01:17.814, 3, NVIDIA A10G, 0 %, 0 %, 0 MiB, 23028 MiB
2026/02/25 17:01:18.814, 0, NVIDIA A10G, 23 %, 9 %, 1781 MiB, 23028 MiB
2026/02/25 17:01:18.814, 1, NVIDIA A10G, 0 %, 0 %, 2415 MiB, 23028 MiB
2026/02/25 17:01:18.814, 2, NVIDIA A10G, 0 %, 0 %, 0 MiB, 23028 MiB
2026/02/25 17:01:18.814, 3, NVIDIA A10G, 0 %, 0 %, 0 MiB, 23028 MiB
2026/02/25 17:01:19.815, 0, NVIDIA A10G, 22 %, 8 %, 1781 MiB, 23028 MiB
2026/02/25 17:01:19.815, 1, NVIDIA A10G, 0 %, 0 %, 2415 MiB, 23028 MiB
2026/02/25 17:01:19.815, 2, NVIDIA A10G, 0 %, 0 %, 0 MiB, 23028 MiB
2026/02/25 17:01:19.815, 3, NVIDIA A10G, 0 %, 0 %, 0 MiB, 23028 MiB
2026/02/25 17:01:20.815, 0, NVIDIA A10G, 22 %, 7 %, 1781 MiB, 23028 MiB
2026/02/25 17:01:20.815, 1, NVIDIA A10G, 89 %, 59 %, 2415 MiB, 23028 MiB
2026/02/25 17:01:20.815, 2, NVIDIA A10G, 0 %, 0 %, 0 MiB, 23028 MiB
2026/02/25 17:01:20.815, 3, NVIDIA A10G, 0 %, 0 %, 0 MiB, 23028 MiB
2026/02/25 17:01:21.815, 0, NVIDIA A10G, 22 %, 7 %, 1781 MiB, 23028 MiB
2026/02/25 17:01:21.815, 1, NVIDIA A10G, 20 %, 6 %, 2415 MiB, 23028 MiB
2026/02/25 17:01:21.815, 2, NVIDIA A10G, 0 %, 0 %, 0 MiB, 23028 MiB
2026/02/25 17:01:21.815, 3, NVIDIA A10G, 0 %, 0 %, 0 MiB, 23028 MiB
2026/02/25 17:01:22.815, 0, NVIDIA A10G, 21 %, 7 %, 1781 MiB, 23028 MiB
2026/02/25 17:01:22.816, 1, NVIDIA A10G, 21 %, 7 %, 2415 MiB, 23028 MiB
2026/02/25 17:01:22.816, 2, NVIDIA A10G, 0 %, 0 %, 0 MiB, 23028 MiB
2026/02/25 17:01:22.816, 3, NVIDIA A10G, 0 %, 0 %, 0 MiB, 23028 MiB
2026/02/25 17:01:23.816, 0, NVIDIA A10G, 18 %, 6 %, 1781 MiB, 23028 MiB
2026/02/25 17:01:23.816, 1, NVIDIA A10G, 23 %, 8 %, 2415 MiB, 23028 MiB
2026/02/25 17:01:23.816, 2, NVIDIA A10G, 0 %, 0 %, 0 MiB, 23028 MiB
2026/02/25 17:01:23.816, 3, NVIDIA A10G, 0 %, 0 %, 0 MiB, 23028 MiB
2026/02/25 17:01:24.816, 0, NVIDIA A10G, 18 %, 6 %, 1781 MiB, 23028 MiB
2026/02/25 17:01:24.816, 1, NVIDIA A10G, 21 %, 7 %, 2415 MiB, 23028 MiB
2026/02/25 17:01:24.816, 2, NVIDIA A10G, 0 %, 0 %, 0 MiB, 23028 MiB
2026/02/25 17:01:24.816, 3, NVIDIA A10G, 0 %, 0 %, 0 MiB, 23028 MiB
2026/02/25 17:01:25.816, 0, NVIDIA A10G, 20 %, 7 %, 1781 MiB, 23028 MiB
2026/02/25 17:01:25.816, 1, NVIDIA A10G, 21 %, 7 %, 2415 MiB, 23028 MiB
2026/02/25 17:01:25.817, 2, NVIDIA A10G, 0 %, 0 %, 0 MiB, 23028 MiB
2026/02/25 17:01:25.817, 3, NVIDIA A10G, 0 %, 0 %, 0 MiB, 23028 MiB
2026/02/25 17:01:26.817, 0, NVIDIA A10G, 0 %, 0 %, 1781 MiB, 23028 MiB
2026/02/25 17:01:26.817, 1, NVIDIA A10G, 22 %, 7 %, 2415 MiB, 23028 MiB
2026/02/25 17:01:26.817, 2, NVIDIA A10G, 0 %, 0 %, 0 MiB, 23028 MiB
2026/02/25 17:01:26.817, 3, NVIDIA A10G, 0 %, 0 %, 0 MiB, 23028 MiB
2026/02/25 17:01:27.817, 0, NVIDIA A10G, 0 %, 0 %, 1781 MiB, 23028 MiB
2026/02/25 17:01:27.817, 1, NVIDIA A10G, 22 %, 7 %, 2415 MiB, 23028 MiB
2026/02/25 17:01:27.817, 2, NVIDIA A10G, 0 %, 0 %, 0 MiB, 23028 MiB
2026/02/25 17:01:27.817, 3, NVIDIA A10G, 0 %, 0 %, 0 MiB, 23028 MiB
2026/02/25 17:01:28.817, 0, NVIDIA A10G, 0 %, 0 %, 1781 MiB, 23028 MiB
2026/02/25 17:01:28.817, 1, NVIDIA A10G, 22 %, 7 %, 2415 MiB, 23028 MiB
2026/02/25 17:01:28.817, 2, NVIDIA A10G, 0 %, 0 %, 0 MiB, 23028 MiB
2026/02/25 17:01:28.818, 3, NVIDIA A10G, 0 %, 0 %, 0 MiB, 23028 MiB
2026/02/25 17:01:29.818, 0, NVIDIA A10G, 0 %, 0 %, 1781 MiB, 23028 MiB
2026/02/25 17:01:29.818, 1, NVIDIA A10G, 22 %, 8 %, 2415 MiB, 23028 MiB
2026/02/25 17:01:29.818, 2, NVIDIA A10G, 0 %, 0 %, 0 MiB, 23028 MiB
2026/02/25 17:01:29.818, 3, NVIDIA A10G, 0 %, 0 %, 0 MiB, 23028 MiB
2026/02/25 17:01:30.818, 0, NVIDIA A10G, 0 %, 0 %, 1781 MiB, 23028 MiB
2026/02/25 17:01:30.818, 1, NVIDIA A10G, 22 %, 7 %, 2415 MiB, 23028 MiB
2026/02/25 17:01:30.818, 2, NVIDIA A10G, 0 %, 0 %, 0 MiB, 23028 MiB
2026/02/25 17:01:30.818, 3, NVIDIA A10G, 0 %, 0 %, 0 MiB, 23028 MiB
2026/02/25 17:01:31.818, 0, NVIDIA A10G, 14 %, 5 %, 1781 MiB, 23028 MiB
2026/02/25 17:01:31.819, 1, NVIDIA A10G, 23 %, 8 %, 2415 MiB, 23028 MiB
2026/02/25 17:01:31.819, 2, NVIDIA A10G, 0 %, 0 %, 0 MiB, 23028 MiB
2026/02/25 17:01:31.819, 3, NVIDIA A10G, 0 %, 0 %, 0 MiB, 23028 MiB
2026/02/25 17:01:32.819, 0, NVIDIA A10G, 23 %, 8 %, 1781 MiB, 23028 MiB
2026/02/25 17:01:32.819, 1, NVIDIA A10G, 0 %, 0 %, 2415 MiB, 23028 MiB
2026/02/25 17:01:32.819, 2, NVIDIA A10G, 0 %, 0 %, 0 MiB, 23028 MiB
2026/02/25 17:01:32.819, 3, NVIDIA A10G, 0 %, 0 %, 0 MiB, 23028 MiB
2026/02/25 17:01:33.819, 0, NVIDIA A10G, 22 %, 7 %, 1781 MiB, 23028 MiB
2026/02/25 17:01:33.819, 1, NVIDIA A10G, 0 %, 0 %, 2415 MiB, 23028 MiB
2026/02/25 17:01:33.819, 2, NVIDIA A10G, 0 %, 0 %, 0 MiB, 23028 MiB
2026/02/25 17:01:33.819, 3, NVIDIA A10G, 0 %, 0 %, 0 MiB, 23028 MiB
2026/02/25 17:01:34.820, 0, NVIDIA A10G, 22 %, 7 %, 1781 MiB, 23028 MiB
2026/02/25 17:01:34.820, 1, NVIDIA A10G, 0 %, 0 %, 2415 MiB, 23028 MiB
2026/02/25 17:01:34.820, 2, NVIDIA A10G, 0 %, 0 %, 0 MiB, 23028 MiB
2026/02/25 17:01:34.820, 3, NVIDIA A10G, 0 %, 0 %, 0 MiB, 23028 MiB
2026/02/25 17:01:35.820, 0, NVIDIA A10G, 20 %, 7 %, 1781 MiB, 23028 MiB
2026/02/25 17:01:35.820, 1, NVIDIA A10G, 0 %, 0 %, 2415 MiB, 23028 MiB
2026/02/25 17:01:35.820, 2, NVIDIA A10G, 0 %, 0 %, 0 MiB, 23028 MiB
2026/02/25 17:01:35.820, 3, NVIDIA A10G, 0 %, 0 %, 0 MiB, 23028 MiB
2026/02/25 17:01:36.820, 0, NVIDIA A10G, 20 %, 7 %, 1781 MiB, 23028 MiB
2026/02/25 17:01:36.820, 1, NVIDIA A10G, 0 %, 0 %, 2415 MiB, 23028 MiB
2026/02/25 17:01:36.820, 2, NVIDIA A10G, 0 %, 0 %, 0 MiB, 23028 MiB
2026/02/25 17:01:36.820, 3, NVIDIA A10G, 0 %, 0 %, 0 MiB, 23028 MiB
2026/02/25 17:01:37.820, 0, NVIDIA A10G, 0 %, 0 %, 1781 MiB, 23028 MiB
2026/02/25 17:01:37.821, 1, NVIDIA A10G, 0 %, 0 %, 2415 MiB, 23028 MiB
2026/02/25 17:01:37.821, 2, NVIDIA A10G, 0 %, 0 %, 0 MiB, 23028 MiB
2026/02/25 17:01:37.821, 3, NVIDIA A10G, 0 %, 0 %, 0 MiB, 23028 MiB
2026/02/25 17:01:38.821, 0, NVIDIA A10G, 0 %, 0 %, 1781 MiB, 23028 MiB
2026/02/25 17:01:38.821, 1, NVIDIA A10G, 0 %, 0 %, 2415 MiB, 23028 MiB
2026/02/25 17:01:38.821, 2, NVIDIA A10G, 0 %, 0 %, 0 MiB, 23028 MiB
2026/02/25 17:01:38.821, 3, NVIDIA A10G, 0 %, 0 %, 0 MiB, 23028 MiB
2026/02/25 17:01:39.821, 0, NVIDIA A10G, 20 %, 7 %, 1781 MiB, 23028 MiB
2026/02/25 17:01:39.821, 1, NVIDIA A10G, 0 %, 0 %, 2415 MiB, 23028 MiB
2026/02/25 17:01:39.821, 2, NVIDIA A10G, 0 %, 0 %, 0 MiB, 23028 MiB
2026/02/25 17:01:39.822, 3, NVIDIA A10G, 0 %, 0 %, 0 MiB, 23028 MiB
2026/02/25 17:01:40.822, 0, NVIDIA A10G, 19 %, 6 %, 1781 MiB, 23028 MiB
2026/02/25 17:01:40.822, 1, NVIDIA A10G, 0 %, 0 %, 2415 MiB, 23028 MiB
2026/02/25 17:01:40.822, 2, NVIDIA A10G, 0 %, 0 %, 0 MiB, 23028 MiB
2026/02/25 17:01:40.822, 3, NVIDIA A10G, 0 %, 0 %, 0 MiB, 23028 MiB
2026/02/25 17:01:41.822, 0, NVIDIA A10G, 21 %, 7 %, 1781 MiB, 23028 MiB
2026/02/25 17:01:41.822, 1, NVIDIA A10G, 0 %, 0 %, 2415 MiB, 23028 MiB
2026/02/25 17:01:41.822, 2, NVIDIA A10G, 0 %, 0 %, 0 MiB, 23028 MiB
2026/02/25 17:01:41.822, 3, NVIDIA A10G, 0 %, 0 %, 0 MiB, 23028 MiB
2026/02/25 17:01:42.822, 0, NVIDIA A10G, 0 %, 0 %, 1781 MiB, 23028 MiB
2026/02/25 17:01:42.822, 1, NVIDIA A10G, 0 %, 0 %, 2415 MiB, 23028 MiB
2026/02/25 17:01:42.822, 2, NVIDIA A10G, 0 %, 0 %, 0 MiB, 23028 MiB
2026/02/25 17:01:42.822, 3, NVIDIA A10G, 0 %, 0 %, 0 MiB, 23028 MiB
2026/02/25 17:01:43.823, 0, NVIDIA A10G, 0 %, 0 %, 1781 MiB, 23028 MiB
2026/02/25 17:01:43.823, 1, NVIDIA A10G, 22 %, 7 %, 2415 MiB, 23028 MiB
2026/02/25 17:01:43.823, 2, NVIDIA A10G, 0 %, 0 %, 0 MiB, 23028 MiB
2026/02/25 17:01:43.823, 3, NVIDIA A10G, 0 %, 0 %, 0 MiB, 23028 MiB
2026/02/25 17:01:44.823, 0, NVIDIA A10G, 0 %, 0 %, 1781 MiB, 23028 MiB
2026/02/25 17:01:44.823, 1, NVIDIA A10G, 22 %, 7 %, 2415 MiB, 23028 MiB
2026/02/25 17:01:44.823, 2, NVIDIA A10G, 0 %, 0 %, 0 MiB, 23028 MiB
2026/02/25 17:01:44.823, 3, NVIDIA A10G, 0 %, 0 %, 0 MiB, 23028 MiB
2026/02/25 17:01:45.823, 0, NVIDIA A10G, 0 %, 0 %, 1781 MiB, 23028 MiB
2026/02/25 17:01:45.823, 1, NVIDIA A10G, 21 %, 7 %, 2415 MiB, 23028 MiB
2026/02/25 17:01:45.823, 2, NVIDIA A10G, 0 %, 0 %, 0 MiB, 23028 MiB
2026/02/25 17:01:45.823, 3, NVIDIA A10G, 0 %, 0 %, 0 MiB, 23028 MiB
2026/02/25 17:01:46.824, 0, NVIDIA A10G, 0 %, 0 %, 1781 MiB, 23028 MiB
2026/02/25 17:01:46.824, 1, NVIDIA A10G, 22 %, 7 %, 2415 MiB, 23028 MiB
2026/02/25 17:01:46.824, 2, NVIDIA A10G, 0 %, 0 %, 0 MiB, 23028 MiB
2026/02/25 17:01:46.824, 3, NVIDIA A10G, 0 %, 0 %, 0 MiB, 23028 MiB
2026/02/25 17:01:47.824, 0, NVIDIA A10G, 0 %, 0 %, 1781 MiB, 23028 MiB
2026/02/25 17:01:47.824, 1, NVIDIA A10G, 21 %, 7 %, 2415 MiB, 23028 MiB
2026/02/25 17:01:47.824, 2, NVIDIA A10G, 0 %, 0 %, 0 MiB, 23028 MiB
2026/02/25 17:01:47.824, 3, NVIDIA A10G, 0 %, 0 %, 0 MiB, 23028 MiB
2026/02/25 17:01:48.824, 0, NVIDIA A10G, 0 %, 0 %, 1781 MiB, 23028 MiB
2026/02/25 17:01:48.824, 1, NVIDIA A10G, 22 %, 7 %, 2415 MiB, 23028 MiB
2026/02/25 17:01:48.824, 2, NVIDIA A10G, 0 %, 0 %, 0 MiB, 23028 MiB
2026/02/25 17:01:48.824, 3, NVIDIA A10G, 0 %, 0 %, 0 MiB, 23028 MiB
2026/02/25 17:01:49.825, 0, NVIDIA A10G, 0 %, 0 %, 1781 MiB, 23028 MiB
2026/02/25 17:01:49.825, 1, NVIDIA A10G, 21 %, 7 %, 2415 MiB, 23028 MiB
2026/02/25 17:01:49.825, 2, NVIDIA A10G, 0 %, 0 %, 0 MiB, 23028 MiB
2026/02/25 17:01:49.825, 3, NVIDIA A10G, 0 %, 0 %, 0 MiB, 23028 MiB
2026/02/25 17:01:50.825, 0, NVIDIA A10G, 0 %, 0 %, 1781 MiB, 23028 MiB
2026/02/25 17:01:50.825, 1, NVIDIA A10G, 21 %, 7 %, 2415 MiB, 23028 MiB
2026/02/25 17:01:50.825, 2, NVIDIA A10G, 0 %, 0 %, 0 MiB, 23028 MiB
2026/02/25 17:01:50.825, 3, NVIDIA A10G, 0 %, 0 %, 0 MiB, 23028 MiB
2026/02/25 17:01:51.825, 0, NVIDIA A10G, 0 %, 0 %, 1781 MiB, 23028 MiB
2026/02/25 17:01:51.825, 1, NVIDIA A10G, 21 %, 7 %, 2415 MiB, 23028 MiB
2026/02/25 17:01:51.826, 2, NVIDIA A10G, 0 %, 0 %, 0 MiB, 23028 MiB
2026/02/25 17:01:51.826, 3, NVIDIA A10G, 0 %, 0 %, 0 MiB, 23028 MiB
2026/02/25 17:01:52.826, 0, NVIDIA A10G, 0 %, 0 %, 1781 MiB, 23028 MiB
2026/02/25 17:01:52.826, 1, NVIDIA A10G, 20 %, 6 %, 2415 MiB, 23028 MiB
2026/02/25 17:01:52.826, 2, NVIDIA A10G, 0 %, 0 %, 0 MiB, 23028 MiB
2026/02/25 17:01:52.826, 3, NVIDIA A10G, 0 %, 0 %, 0 MiB, 23028 MiB
2026/02/25 17:01:53.826, 0, NVIDIA A10G, 0 %, 0 %, 1781 MiB, 23028 MiB
2026/02/25 17:01:53.826, 1, NVIDIA A10G, 0 %, 0 %, 2415 MiB, 23028 MiB
2026/02/25 17:01:53.826, 2, NVIDIA A10G, 0 %, 0 %, 0 MiB, 23028 MiB
2026/02/25 17:01:53.826, 3, NVIDIA A10G, 0 %, 0 %, 0 MiB, 23028 MiB
2026/02/25 17:01:54.827, 0, NVIDIA A10G, 0 %, 0 %, 1781 MiB, 23028 MiB
2026/02/25 17:01:54.827, 1, NVIDIA A10G, 0 %, 0 %, 2415 MiB, 23028 MiB
2026/02/25 17:01:54.827, 2, NVIDIA A10G, 0 %, 0 %, 0 MiB, 23028 MiB
2026/02/25 17:01:54.827, 3, NVIDIA A10G, 0 %, 0 %, 0 MiB, 23028 MiB
2026/02/25 17:01:55.827, 0, NVIDIA A10G, 0 %, 0 %, 1781 MiB, 23028 MiB
2026/02/25 17:01:55.827, 1, NVIDIA A10G, 0 %, 0 %, 2415 MiB, 23028 MiB
2026/02/25 17:01:55.827, 2, NVIDIA A10G, 0 %, 0 %, 0 MiB, 23028 MiB
2026/02/25 17:01:55.827, 3, NVIDIA A10G, 0 %, 0 %, 0 MiB, 23028 MiB
2026/02/25 17:01:56.827, 0, NVIDIA A10G, 22 %, 8 %, 1781 MiB, 23028 MiB
2026/02/25 17:01:56.827, 1, NVIDIA A10G, 0 %, 0 %, 2415 MiB, 23028 MiB
2026/02/25 17:01:56.827, 2, NVIDIA A10G, 0 %, 0 %, 0 MiB, 23028 MiB
2026/02/25 17:01:56.827, 3, NVIDIA A10G, 0 %, 0 %, 0 MiB, 23028 MiB
2026/02/25 17:01:57.828, 0, NVIDIA A10G, 22 %, 8 %, 1781 MiB, 23028 MiB
2026/02/25 17:01:57.828, 1, NVIDIA A10G, 0 %, 0 %, 2415 MiB, 23028 MiB
2026/02/25 17:01:57.828, 2, NVIDIA A10G, 0 %, 0 %, 0 MiB, 23028 MiB
2026/02/25 17:01:57.828, 3, NVIDIA A10G, 0 %, 0 %, 0 MiB, 23028 MiB
2026/02/25 17:01:58.828, 0, NVIDIA A10G, 20 %, 7 %, 1781 MiB, 23028 MiB
2026/02/25 17:01:58.828, 1, NVIDIA A10G, 92 %, 62 %, 2415 MiB, 23028 MiB
2026/02/25 17:01:58.828, 2, NVIDIA A10G, 0 %, 0 %, 0 MiB, 23028 MiB
2026/02/25 17:01:58.828, 3, NVIDIA A10G, 0 %, 0 %, 0 MiB, 23028 MiB
2026/02/25 17:01:59.828, 0, NVIDIA A10G, 21 %, 7 %, 1781 MiB, 23028 MiB
2026/02/25 17:01:59.828, 1, NVIDIA A10G, 20 %, 7 %, 2415 MiB, 23028 MiB
2026/02/25 17:01:59.828, 2, NVIDIA A10G, 0 %, 0 %, 0 MiB, 23028 MiB
2026/02/25 17:01:59.828, 3, NVIDIA A10G, 0 %, 0 %, 0 MiB, 23028 MiB
2026/02/25 17:02:00.829, 0, NVIDIA A10G, 21 %, 8 %, 1781 MiB, 23028 MiB
2026/02/25 17:02:00.829, 1, NVIDIA A10G, 20 %, 7 %, 2415 MiB, 23028 MiB
2026/02/25 17:02:00.829, 2, NVIDIA A10G, 0 %, 0 %, 0 MiB, 23028 MiB
2026/02/25 17:02:00.829, 3, NVIDIA A10G, 0 %, 0 %, 0 MiB, 23028 MiB
2026/02/25 17:02:01.829, 0, NVIDIA A10G, 22 %, 8 %, 1781 MiB, 23028 MiB
2026/02/25 17:02:01.829, 1, NVIDIA A10G, 22 %, 7 %, 2415 MiB, 23028 MiB
2026/02/25 17:02:01.829, 2, NVIDIA A10G, 0 %, 0 %, 0 MiB, 23028 MiB
2026/02/25 17:02:01.829, 3, NVIDIA A10G, 0 %, 0 %, 0 MiB, 23028 MiB
2026/02/25 17:02:02.829, 0, NVIDIA A10G, 22 %, 8 %, 1781 MiB, 23028 MiB
2026/02/25 17:02:02.831, 1, NVIDIA A10G, 24 %, 9 %, 2415 MiB, 23028 MiB
2026/02/25 17:02:02.831, 2, NVIDIA A10G, 0 %, 0 %, 0 MiB, 23028 MiB
2026/02/25 17:02:02.831, 3, NVIDIA A10G, 0 %, 0 %, 0 MiB, 23028 MiB
2026/02/25 17:02:03.831, 0, NVIDIA A10G, 22 %, 8 %, 1781 MiB, 23028 MiB
2026/02/25 17:02:03.831, 1, NVIDIA A10G, 18 %, 6 %, 2415 MiB, 23028 MiB
2026/02/25 17:02:03.831, 2, NVIDIA A10G, 0 %, 0 %, 0 MiB, 23028 MiB
2026/02/25 17:02:03.831, 3, NVIDIA A10G, 0 %, 0 %, 0 MiB, 23028 MiB
2026/02/25 17:02:04.831, 0, NVIDIA A10G, 22 %, 8 %, 1781 MiB, 23028 MiB
2026/02/25 17:02:04.832, 1, NVIDIA A10G, 0 %, 0 %, 2415 MiB, 23028 MiB
2026/02/25 17:02:04.832, 2, NVIDIA A10G, 0 %, 0 %, 0 MiB, 23028 MiB
2026/02/25 17:02:04.832, 3, NVIDIA A10G, 0 %, 0 %, 0 MiB, 23028 MiB
2026/02/25 17:02:05.832, 0, NVIDIA A10G, 21 %, 8 %, 1781 MiB, 23028 MiB
2026/02/25 17:02:05.832, 1, NVIDIA A10G, 0 %, 0 %, 2415 MiB, 23028 MiB
2026/02/25 17:02:05.832, 2, NVIDIA A10G, 0 %, 0 %, 0 MiB, 23028 MiB
2026/02/25 17:02:05.832, 3, NVIDIA A10G, 0 %, 0 %, 0 MiB, 23028 MiB
2026/02/25 17:02:06.832, 0, NVIDIA A10G, 22 %, 8 %, 1781 MiB, 23028 MiB
2026/02/25 17:02:06.832, 1, NVIDIA A10G, 0 %, 0 %, 2415 MiB, 23028 MiB
2026/02/25 17:02:06.833, 2, NVIDIA A10G, 0 %, 0 %, 0 MiB, 23028 MiB
2026/02/25 17:02:06.833, 3, NVIDIA A10G, 0 %, 0 %, 0 MiB, 23028 MiB
2026/02/25 17:02:07.833, 0, NVIDIA A10G, 21 %, 7 %, 1781 MiB, 23028 MiB
2026/02/25 17:02:07.833, 1, NVIDIA A10G, 0 %, 0 %, 2415 MiB, 23028 MiB
2026/02/25 17:02:07.833, 2, NVIDIA A10G, 0 %, 0 %, 0 MiB, 23028 MiB
2026/02/25 17:02:07.833, 3, NVIDIA A10G, 0 %, 0 %, 0 MiB, 23028 MiB
2026/02/25 17:02:08.833, 0, NVIDIA A10G, 21 %, 7 %, 1781 MiB, 23028 MiB
2026/02/25 17:02:08.833, 1, NVIDIA A10G, 0 %, 0 %, 2415 MiB, 23028 MiB
2026/02/25 17:02:08.833, 2, NVIDIA A10G, 0 %, 0 %, 0 MiB, 23028 MiB
2026/02/25 17:02:08.834, 3, NVIDIA A10G, 0 %, 0 %, 0 MiB, 23028 MiB
2026/02/25 17:02:09.834, 0, NVIDIA A10G, 14 %, 4 %, 1781 MiB, 23028 MiB
2026/02/25 17:02:09.834, 1, NVIDIA A10G, 0 %, 0 %, 2415 MiB, 23028 MiB
2026/02/25 17:02:09.834, 2, NVIDIA A10G, 0 %, 0 %, 0 MiB, 23028 MiB
2026/02/25 17:02:09.834, 3, NVIDIA A10G, 0 %, 0 %, 0 MiB, 23028 MiB
2026/02/25 17:02:10.834, 0, NVIDIA A10G, 0 %, 0 %, 1781 MiB, 23028 MiB
2026/02/25 17:02:10.834, 1, NVIDIA A10G, 0 %, 0 %, 2415 MiB, 23028 MiB
2026/02/25 17:02:10.834, 2, NVIDIA A10G, 0 %, 0 %, 0 MiB, 23028 MiB
2026/02/25 17:02:10.834, 3, NVIDIA A10G, 0 %, 0 %, 0 MiB, 23028 MiB
2026/02/25 17:02:11.835, 0, NVIDIA A10G, 0 %, 0 %, 1781 MiB, 23028 MiB
2026/02/25 17:02:11.835, 1, NVIDIA A10G, 0 %, 0 %, 2415 MiB, 23028 MiB
2026/02/25 17:02:11.835, 2, NVIDIA A10G, 0 %, 0 %, 0 MiB, 23028 MiB
2026/02/25 17:02:11.835, 3, NVIDIA A10G, 0 %, 0 %, 0 MiB, 23028 MiB
2026/02/25 17:02:12.835, 0, NVIDIA A10G, 0 %, 0 %, 1781 MiB, 23028 MiB
2026/02/25 17:02:12.835, 1, NVIDIA A10G, 0 %, 0 %, 2415 MiB, 23028 MiB
2026/02/25 17:02:12.835, 2, NVIDIA A10G, 0 %, 0 %, 0 MiB, 23028 MiB
2026/02/25 17:02:12.835, 3, NVIDIA A10G, 0 %, 0 %, 0 MiB, 23028 MiB
2026/02/25 17:02:13.835, 0, NVIDIA A10G, 0 %, 0 %, 1781 MiB, 23028 MiB
2026/02/25 17:02:13.835, 1, NVIDIA A10G, 7 %, 2 %, 2415 MiB, 23028 MiB
2026/02/25 17:02:13.836, 2, NVIDIA A10G, 0 %, 0 %, 0 MiB, 23028 MiB
2026/02/25 17:02:13.836, 3, NVIDIA A10G, 0 %, 0 %, 0 MiB, 23028 MiB
2026/02/25 17:02:14.836, 0, NVIDIA A10G, 0 %, 0 %, 1781 MiB, 23028 MiB
2026/02/25 17:02:14.836, 1, NVIDIA A10G, 21 %, 7 %, 2415 MiB, 23028 MiB
2026/02/25 17:02:14.836, 2, NVIDIA A10G, 0 %, 0 %, 0 MiB, 23028 MiB
2026/02/25 17:02:14.836, 3, NVIDIA A10G, 0 %, 0 %, 0 MiB, 23028 MiB
2026/02/25 17:02:15.836, 0, NVIDIA A10G, 0 %, 0 %, 1781 MiB, 23028 MiB
2026/02/25 17:02:15.836, 1, NVIDIA A10G, 23 %, 7 %, 2415 MiB, 23028 MiB
2026/02/25 17:02:15.836, 2, NVIDIA A10G, 0 %, 0 %, 0 MiB, 23028 MiB
2026/02/25 17:02:15.836, 3, NVIDIA A10G, 0 %, 0 %, 0 MiB, 23028 MiB
2026/02/25 17:02:16.837, 0, NVIDIA A10G, 0 %, 0 %, 1781 MiB, 23028 MiB
2026/02/25 17:02:16.837, 1, NVIDIA A10G, 22 %, 7 %, 2415 MiB, 23028 MiB
2026/02/25 17:02:16.837, 2, NVIDIA A10G, 0 %, 0 %, 0 MiB, 23028 MiB
2026/02/25 17:02:16.837, 3, NVIDIA A10G, 0 %, 0 %, 0 MiB, 23028 MiB
2026/02/25 17:02:17.837, 0, NVIDIA A10G, 0 %, 0 %, 1781 MiB, 23028 MiB
2026/02/25 17:02:17.837, 1, NVIDIA A10G, 22 %, 8 %, 2415 MiB, 23028 MiB
2026/02/25 17:02:17.837, 2, NVIDIA A10G, 0 %, 0 %, 0 MiB, 23028 MiB
2026/02/25 17:02:17.837, 3, NVIDIA A10G, 0 %, 0 %, 0 MiB, 23028 MiB
2026/02/25 17:02:18.837, 0, NVIDIA A10G, 21 %, 7 %, 1781 MiB, 23028 MiB
2026/02/25 17:02:18.837, 1, NVIDIA A10G, 23 %, 8 %, 2415 MiB, 23028 MiB
2026/02/25 17:02:18.838, 2, NVIDIA A10G, 0 %, 0 %, 0 MiB, 23028 MiB
2026/02/25 17:02:18.838, 3, NVIDIA A10G, 0 %, 0 %, 0 MiB, 23028 MiB
2026/02/25 17:02:19.838, 0, NVIDIA A10G, 16 %, 5 %, 1781 MiB, 23028 MiB
2026/02/25 17:02:19.838, 1, NVIDIA A10G, 19 %, 6 %, 2415 MiB, 23028 MiB
2026/02/25 17:02:19.838, 2, NVIDIA A10G, 0 %, 0 %, 0 MiB, 23028 MiB
2026/02/25 17:02:19.838, 3, NVIDIA A10G, 0 %, 0 %, 0 MiB, 23028 MiB
2026/02/25 17:02:20.838, 0, NVIDIA A10G, 19 %, 6 %, 1781 MiB, 23028 MiB
2026/02/25 17:02:20.838, 1, NVIDIA A10G, 24 %, 8 %, 2415 MiB, 23028 MiB
2026/02/25 17:02:20.838, 2, NVIDIA A10G, 0 %, 0 %, 0 MiB, 23028 MiB
2026/02/25 17:02:20.838, 3, NVIDIA A10G, 0 %, 0 %, 0 MiB, 23028 MiB
2026/02/25 17:02:21.838, 0, NVIDIA A10G, 22 %, 8 %, 1781 MiB, 23028 MiB
2026/02/25 17:02:21.839, 1, NVIDIA A10G, 21 %, 7 %, 2415 MiB, 23028 MiB
2026/02/25 17:02:21.839, 2, NVIDIA A10G, 0 %, 0 %, 0 MiB, 23028 MiB
2026/02/25 17:02:21.839, 3, NVIDIA A10G, 0 %, 0 %, 0 MiB, 23028 MiB
2026/02/25 17:02:22.839, 0, NVIDIA A10G, 21 %, 7 %, 1781 MiB, 23028 MiB
2026/02/25 17:02:22.839, 1, NVIDIA A10G, 23 %, 8 %, 2415 MiB, 23028 MiB
2026/02/25 17:02:22.839, 2, NVIDIA A10G, 0 %, 0 %, 0 MiB, 23028 MiB
2026/02/25 17:02:22.839, 3, NVIDIA A10G, 0 %, 0 %, 0 MiB, 23028 MiB
2026/02/25 17:02:23.839, 0, NVIDIA A10G, 20 %, 6 %, 1781 MiB, 23028 MiB
2026/02/25 17:02:23.839, 1, NVIDIA A10G, 0 %, 0 %, 2415 MiB, 23028 MiB
2026/02/25 17:02:23.840, 2, NVIDIA A10G, 0 %, 0 %, 0 MiB, 23028 MiB
2026/02/25 17:02:23.840, 3, NVIDIA A10G, 0 %, 0 %, 0 MiB, 23028 MiB
2026/02/25 17:02:24.840, 0, NVIDIA A10G, 20 %, 7 %, 1781 MiB, 23028 MiB
2026/02/25 17:02:24.840, 1, NVIDIA A10G, 0 %, 0 %, 2415 MiB, 23028 MiB
2026/02/25 17:02:24.840, 2, NVIDIA A10G, 0 %, 0 %, 0 MiB, 23028 MiB
2026/02/25 17:02:24.840, 3, NVIDIA A10G, 0 %, 0 %, 0 MiB, 23028 MiB
2026/02/25 17:02:25.840, 0, NVIDIA A10G, 20 %, 6 %, 1781 MiB, 23028 MiB
2026/02/25 17:02:25.840, 1, NVIDIA A10G, 0 %, 0 %, 2415 MiB, 23028 MiB
2026/02/25 17:02:25.840, 2, NVIDIA A10G, 0 %, 0 %, 0 MiB, 23028 MiB
2026/02/25 17:02:25.840, 3, NVIDIA A10G, 0 %, 0 %, 0 MiB, 23028 MiB
2026/02/25 17:02:26.841, 0, NVIDIA A10G, 21 %, 7 %, 1781 MiB, 23028 MiB
2026/02/25 17:02:26.841, 1, NVIDIA A10G, 20 %, 6 %, 2415 MiB, 23028 MiB
2026/02/25 17:02:26.841, 2, NVIDIA A10G, 0 %, 0 %, 0 MiB, 23028 MiB
2026/02/25 17:02:26.841, 3, NVIDIA A10G, 0 %, 0 %, 0 MiB, 23028 MiB
2026/02/25 17:02:27.841, 0, NVIDIA A10G, 0 %, 0 %, 1781 MiB, 23028 MiB
2026/02/25 17:02:27.841, 1, NVIDIA A10G, 21 %, 7 %, 2415 MiB, 23028 MiB
2026/02/25 17:02:27.841, 2, NVIDIA A10G, 0 %, 0 %, 0 MiB, 23028 MiB
2026/02/25 17:02:27.841, 3, NVIDIA A10G, 0 %, 0 %, 0 MiB, 23028 MiB
2026/02/25 17:02:28.841, 0, NVIDIA A10G, 0 %, 0 %, 1781 MiB, 23028 MiB
2026/02/25 17:02:28.841, 1, NVIDIA A10G, 22 %, 7 %, 2415 MiB, 23028 MiB
2026/02/25 17:02:28.842, 2, NVIDIA A10G, 0 %, 0 %, 0 MiB, 23028 MiB
2026/02/25 17:02:28.842, 3, NVIDIA A10G, 0 %, 0 %, 0 MiB, 23028 MiB
2026/02/25 17:02:29.842, 0, NVIDIA A10G, 0 %, 0 %, 1781 MiB, 23028 MiB
2026/02/25 17:02:29.842, 1, NVIDIA A10G, 8 %, 2 %, 2415 MiB, 23028 MiB
2026/02/25 17:02:29.842, 2, NVIDIA A10G, 0 %, 0 %, 0 MiB, 23028 MiB
2026/02/25 17:02:29.842, 3, NVIDIA A10G, 0 %, 0 %, 0 MiB, 23028 MiB
2026/02/25 17:02:30.842, 0, NVIDIA A10G, 0 %, 0 %, 1781 MiB, 23028 MiB
2026/02/25 17:02:30.842, 1, NVIDIA A10G, 0 %, 0 %, 2415 MiB, 23028 MiB
2026/02/25 17:02:30.842, 2, NVIDIA A10G, 0 %, 0 %, 0 MiB, 23028 MiB
2026/02/25 17:02:30.842, 3, NVIDIA A10G, 0 %, 0 %, 0 MiB, 23028 MiB
2026/02/25 17:02:31.842, 0, NVIDIA A10G, 0 %, 0 %, 1781 MiB, 23028 MiB
2026/02/25 17:02:31.842, 1, NVIDIA A10G, 0 %, 0 %, 2415 MiB, 23028 MiB
2026/02/25 17:02:31.842, 2, NVIDIA A10G, 0 %, 0 %, 0 MiB, 23028 MiB
2026/02/25 17:02:31.843, 3, NVIDIA A10G, 0 %, 0 %, 0 MiB, 23028 MiB
2026/02/25 17:02:32.843, 0, NVIDIA A10G, 0 %, 0 %, 1781 MiB, 23028 MiB
2026/02/25 17:02:32.844, 1, NVIDIA A10G, 0 %, 0 %, 2415 MiB, 23028 MiB
2026/02/25 17:02:32.844, 2, NVIDIA A10G, 0 %, 0 %, 0 MiB, 23028 MiB
2026/02/25 17:02:32.844, 3, NVIDIA A10G, 0 %, 0 %, 0 MiB, 23028 MiB
2026/02/25 17:02:33.844, 0, NVIDIA A10G, 0 %, 0 %, 1781 MiB, 23028 MiB
2026/02/25 17:02:33.844, 1, NVIDIA A10G, 0 %, 0 %, 2415 MiB, 23028 MiB
2026/02/25 17:02:33.844, 2, NVIDIA A10G, 0 %, 0 %, 0 MiB, 23028 MiB
2026/02/25 17:02:33.844, 3, NVIDIA A10G, 0 %, 0 %, 0 MiB, 23028 MiB
2026/02/25 17:02:34.845, 0, NVIDIA A10G, 0 %, 0 %, 1781 MiB, 23028 MiB
2026/02/25 17:02:34.845, 1, NVIDIA A10G, 20 %, 6 %, 2415 MiB, 23028 MiB
2026/02/25 17:02:34.845, 2, NVIDIA A10G, 0 %, 0 %, 0 MiB, 23028 MiB
2026/02/25 17:02:34.845, 3, NVIDIA A10G, 0 %, 0 %, 0 MiB, 23028 MiB
2026/02/25 17:02:35.845, 0, NVIDIA A10G, 20 %, 7 %, 1781 MiB, 23028 MiB
2026/02/25 17:02:35.845, 1, NVIDIA A10G, 21 %, 7 %, 2415 MiB, 23028 MiB
2026/02/25 17:02:35.845, 2, NVIDIA A10G, 0 %, 0 %, 0 MiB, 23028 MiB
2026/02/25 17:02:35.845, 3, NVIDIA A10G, 0 %, 0 %, 0 MiB, 23028 MiB
2026/02/25 17:02:36.846, 0, NVIDIA A10G, 20 %, 6 %, 1781 MiB, 23028 MiB
2026/02/25 17:02:36.846, 1, NVIDIA A10G, 21 %, 7 %, 2415 MiB, 23028 MiB
2026/02/25 17:02:36.846, 2, NVIDIA A10G, 0 %, 0 %, 0 MiB, 23028 MiB
2026/02/25 17:02:36.846, 3, NVIDIA A10G, 0 %, 0 %, 0 MiB, 23028 MiB
2026/02/25 17:02:37.846, 0, NVIDIA A10G, 22 %, 7 %, 1781 MiB, 23028 MiB
2026/02/25 17:02:37.846, 1, NVIDIA A10G, 20 %, 7 %, 2415 MiB, 23028 MiB
2026/02/25 17:02:37.846, 2, NVIDIA A10G, 0 %, 0 %, 0 MiB, 23028 MiB
2026/02/25 17:02:37.846, 3, NVIDIA A10G, 0 %, 0 %, 0 MiB, 23028 MiB
2026/02/25 17:02:38.846, 0, NVIDIA A10G, 22 %, 8 %, 1781 MiB, 23028 MiB
2026/02/25 17:02:38.846, 1, NVIDIA A10G, 22 %, 7 %, 2415 MiB, 23028 MiB
2026/02/25 17:02:38.846, 2, NVIDIA A10G, 0 %, 0 %, 0 MiB, 23028 MiB
2026/02/25 17:02:38.846, 3, NVIDIA A10G, 0 %, 0 %, 0 MiB, 23028 MiB
2026/02/25 17:02:39.847, 0, NVIDIA A10G, 21 %, 7 %, 1781 MiB, 23028 MiB
2026/02/25 17:02:39.847, 1, NVIDIA A10G, 0 %, 0 %, 2415 MiB, 23028 MiB
2026/02/25 17:02:39.847, 2, NVIDIA A10G, 0 %, 0 %, 0 MiB, 23028 MiB
2026/02/25 17:02:39.847, 3, NVIDIA A10G, 0 %, 0 %, 0 MiB, 23028 MiB
2026/02/25 17:02:40.847, 0, NVIDIA A10G, 23 %, 8 %, 1781 MiB, 23028 MiB
2026/02/25 17:02:40.847, 1, NVIDIA A10G, 0 %, 0 %, 2415 MiB, 23028 MiB
2026/02/25 17:02:40.847, 2, NVIDIA A10G, 0 %, 0 %, 0 MiB, 23028 MiB
2026/02/25 17:02:40.847, 3, NVIDIA A10G, 0 %, 0 %, 0 MiB, 23028 MiB
2026/02/25 17:02:41.847, 0, NVIDIA A10G, 19 %, 6 %, 1781 MiB, 23028 MiB
2026/02/25 17:02:41.847, 1, NVIDIA A10G, 0 %, 0 %, 2415 MiB, 23028 MiB
2026/02/25 17:02:41.847, 2, NVIDIA A10G, 0 %, 0 %, 0 MiB, 23028 MiB
2026/02/25 17:02:41.848, 3, NVIDIA A10G, 0 %, 0 %, 0 MiB, 23028 MiB
2026/02/25 17:02:42.848, 0, NVIDIA A10G, 22 %, 8 %, 1781 MiB, 23028 MiB
2026/02/25 17:02:42.848, 1, NVIDIA A10G, 0 %, 0 %, 2415 MiB, 23028 MiB
2026/02/25 17:02:42.848, 2, NVIDIA A10G, 0 %, 0 %, 0 MiB, 23028 MiB
2026/02/25 17:02:42.848, 3, NVIDIA A10G, 0 %, 0 %, 0 MiB, 23028 MiB
2026/02/25 17:02:43.848, 0, NVIDIA A10G, 9 %, 3 %, 1781 MiB, 23028 MiB
2026/02/25 17:02:43.848, 1, NVIDIA A10G, 0 %, 0 %, 2415 MiB, 23028 MiB
2026/02/25 17:02:43.848, 2, NVIDIA A10G, 0 %, 0 %, 0 MiB, 23028 MiB
2026/02/25 17:02:43.848, 3, NVIDIA A10G, 0 %, 0 %, 0 MiB, 23028 MiB
2026/02/25 17:02:44.848, 0, NVIDIA A10G, 0 %, 0 %, 1781 MiB, 23028 MiB
2026/02/25 17:02:44.849, 1, NVIDIA A10G, 0 %, 0 %, 2415 MiB, 23028 MiB
2026/02/25 17:02:44.849, 2, NVIDIA A10G, 0 %, 0 %, 0 MiB, 23028 MiB
2026/02/25 17:02:44.849, 3, NVIDIA A10G, 0 %, 0 %, 0 MiB, 23028 MiB
2026/02/25 17:02:45.849, 0, NVIDIA A10G, 0 %, 0 %, 1781 MiB, 23028 MiB
2026/02/25 17:02:45.849, 1, NVIDIA A10G, 0 %, 0 %, 2415 MiB, 23028 MiB
2026/02/25 17:02:45.849, 2, NVIDIA A10G, 0 %, 0 %, 0 MiB, 23028 MiB
2026/02/25 17:02:45.849, 3, NVIDIA A10G, 0 %, 0 %, 0 MiB, 23028 MiB
2026/02/25 17:02:46.849, 0, NVIDIA A10G, 0 %, 0 %, 1781 MiB, 23028 MiB
2026/02/25 17:02:46.849, 1, NVIDIA A10G, 0 %, 0 %, 2415 MiB, 23028 MiB
2026/02/25 17:02:46.849, 2, NVIDIA A10G, 0 %, 0 %, 0 MiB, 23028 MiB
2026/02/25 17:02:46.849, 3, NVIDIA A10G, 0 %, 0 %, 0 MiB, 23028 MiB
2026/02/25 17:02:47.850, 0, NVIDIA A10G, 0 %, 0 %, 1781 MiB, 23028 MiB
2026/02/25 17:02:47.850, 1, NVIDIA A10G, 0 %, 0 %, 2415 MiB, 23028 MiB
2026/02/25 17:02:47.850, 2, NVIDIA A10G, 0 %, 0 %, 0 MiB, 23028 MiB
2026/02/25 17:02:47.850, 3, NVIDIA A10G, 0 %, 0 %, 0 MiB, 23028 MiB
2026/02/25 17:02:48.850, 0, NVIDIA A10G, 0 %, 0 %, 1781 MiB, 23028 MiB
2026/02/25 17:02:48.850, 1, NVIDIA A10G, 0 %, 0 %, 2415 MiB, 23028 MiB
2026/02/25 17:02:48.850, 2, NVIDIA A10G, 0 %, 0 %, 0 MiB, 23028 MiB
2026/02/25 17:02:48.850, 3, NVIDIA A10G, 0 %, 0 %, 0 MiB, 23028 MiB
2026/02/25 17:02:49.850, 0, NVIDIA A10G, 0 %, 0 %, 1781 MiB, 23028 MiB
2026/02/25 17:02:49.850, 1, NVIDIA A10G, 0 %, 0 %, 2415 MiB, 23028 MiB
2026/02/25 17:02:49.850, 2, NVIDIA A10G, 0 %, 0 %, 0 MiB, 23028 MiB
2026/02/25 17:02:49.851, 3, NVIDIA A10G, 0 %, 0 %, 0 MiB, 23028 MiB
2026/02/25 17:02:50.851, 0, NVIDIA A10G, 23 %, 8 %, 1781 MiB, 23028 MiB
2026/02/25 17:02:50.851, 1, NVIDIA A10G, 0 %, 0 %, 2415 MiB, 23028 MiB
2026/02/25 17:02:50.851, 2, NVIDIA A10G, 0 %, 0 %, 0 MiB, 23028 MiB
2026/02/25 17:02:50.851, 3, NVIDIA A10G, 0 %, 0 %, 0 MiB, 23028 MiB
2026/02/25 17:02:51.851, 0, NVIDIA A10G, 21 %, 7 %, 1781 MiB, 23028 MiB
2026/02/25 17:02:51.851, 1, NVIDIA A10G, 22 %, 8 %, 2415 MiB, 23028 MiB
2026/02/25 17:02:51.851, 2, NVIDIA A10G, 0 %, 0 %, 0 MiB, 23028 MiB
2026/02/25 17:02:51.851, 3, NVIDIA A10G, 0 %, 0 %, 0 MiB, 23028 MiB
2026/02/25 17:02:52.852, 0, NVIDIA A10G, 22 %, 7 %, 1781 MiB, 23028 MiB
2026/02/25 17:02:52.852, 1, NVIDIA A10G, 22 %, 7 %, 2415 MiB, 23028 MiB
2026/02/25 17:02:52.852, 2, NVIDIA A10G, 0 %, 0 %, 0 MiB, 23028 MiB
2026/02/25 17:02:52.852, 3, NVIDIA A10G, 0 %, 0 %, 0 MiB, 23028 MiB
2026/02/25 17:02:53.852, 0, NVIDIA A10G, 19 %, 6 %, 1781 MiB, 23028 MiB
2026/02/25 17:02:53.852, 1, NVIDIA A10G, 20 %, 7 %, 2415 MiB, 23028 MiB
2026/02/25 17:02:53.852, 2, NVIDIA A10G, 0 %, 0 %, 0 MiB, 23028 MiB
2026/02/25 17:02:53.852, 3, NVIDIA A10G, 0 %, 0 %, 0 MiB, 23028 MiB
2026/02/25 17:02:54.852, 0, NVIDIA A10G, 22 %, 7 %, 1781 MiB, 23028 MiB
2026/02/25 17:02:54.852, 1, NVIDIA A10G, 19 %, 6 %, 2415 MiB, 23028 MiB
2026/02/25 17:02:54.853, 2, NVIDIA A10G, 0 %, 0 %, 0 MiB, 23028 MiB
2026/02/25 17:02:54.853, 3, NVIDIA A10G, 0 %, 0 %, 0 MiB, 23028 MiB
2026/02/25 17:02:55.853, 0, NVIDIA A10G, 21 %, 7 %, 1781 MiB, 23028 MiB
2026/02/25 17:02:55.853, 1, NVIDIA A10G, 22 %, 7 %, 2415 MiB, 23028 MiB
2026/02/25 17:02:55.853, 2, NVIDIA A10G, 0 %, 0 %, 0 MiB, 23028 MiB
2026/02/25 17:02:55.853, 3, NVIDIA A10G, 0 %, 0 %, 0 MiB, 23028 MiB
2026/02/25 17:02:56.853, 0, NVIDIA A10G, 17 %, 5 %, 1781 MiB, 23028 MiB
2026/02/25 17:02:56.853, 1, NVIDIA A10G, 20 %, 7 %, 2415 MiB, 23028 MiB
2026/02/25 17:02:56.853, 2, NVIDIA A10G, 0 %, 0 %, 0 MiB, 23028 MiB
2026/02/25 17:02:56.853, 3, NVIDIA A10G, 0 %, 0 %, 0 MiB, 23028 MiB
2026/02/25 17:02:57.853, 0, NVIDIA A10G, 0 %, 0 %, 1781 MiB, 23028 MiB
2026/02/25 17:02:57.853, 1, NVIDIA A10G, 22 %, 7 %, 2415 MiB, 23028 MiB
2026/02/25 17:02:57.853, 2, NVIDIA A10G, 0 %, 0 %, 0 MiB, 23028 MiB
2026/02/25 17:02:57.853, 3, NVIDIA A10G, 0 %, 0 %, 0 MiB, 23028 MiB
2026/02/25 17:02:58.854, 0, NVIDIA A10G, 0 %, 0 %, 1781 MiB, 23028 MiB
2026/02/25 17:02:58.854, 1, NVIDIA A10G, 23 %, 8 %, 2415 MiB, 23028 MiB
2026/02/25 17:02:58.854, 2, NVIDIA A10G, 0 %, 0 %, 0 MiB, 23028 MiB
2026/02/25 17:02:58.854, 3, NVIDIA A10G, 0 %, 0 %, 0 MiB, 23028 MiB
2026/02/25 17:02:59.854, 0, NVIDIA A10G, 0 %, 0 %, 1781 MiB, 23028 MiB
2026/02/25 17:02:59.854, 1, NVIDIA A10G, 23 %, 8 %, 2415 MiB, 23028 MiB
2026/02/25 17:02:59.854, 2, NVIDIA A10G, 0 %, 0 %, 0 MiB, 23028 MiB
2026/02/25 17:02:59.854, 3, NVIDIA A10G, 0 %, 0 %, 0 MiB, 23028 MiB
2026/02/25 17:03:00.854, 0, NVIDIA A10G, 0 %, 0 %, 1781 MiB, 23028 MiB
2026/02/25 17:03:00.854, 1, NVIDIA A10G, 22 %, 7 %, 2415 MiB, 23028 MiB
2026/02/25 17:03:00.854, 2, NVIDIA A10G, 0 %, 0 %, 0 MiB, 23028 MiB
2026/02/25 17:03:00.854, 3, NVIDIA A10G, 0 %, 0 %, 0 MiB, 23028 MiB
2026/02/25 17:03:01.854, 0, NVIDIA A10G, 0 %, 0 %, 1781 MiB, 23028 MiB
2026/02/25 17:03:01.855, 1, NVIDIA A10G, 21 %, 7 %, 2415 MiB, 23028 MiB
2026/02/25 17:03:01.855, 2, NVIDIA A10G, 0 %, 0 %, 0 MiB, 23028 MiB
2026/02/25 17:03:01.855, 3, NVIDIA A10G, 0 %, 0 %, 0 MiB, 23028 MiB
2026/02/25 17:03:02.855, 0, NVIDIA A10G, 0 %, 0 %, 1781 MiB, 23028 MiB
2026/02/25 17:03:02.855, 1, NVIDIA A10G, 0 %, 0 %, 2415 MiB, 23028 MiB
2026/02/25 17:03:02.855, 2, NVIDIA A10G, 0 %, 0 %, 0 MiB, 23028 MiB
2026/02/25 17:03:02.855, 3, NVIDIA A10G, 0 %, 0 %, 0 MiB, 23028 MiB
2026/02/25 17:03:03.855, 0, NVIDIA A10G, 0 %, 0 %, 1781 MiB, 23028 MiB
2026/02/25 17:03:03.855, 1, NVIDIA A10G, 0 %, 0 %, 2415 MiB, 23028 MiB
2026/02/25 17:03:03.855, 2, NVIDIA A10G, 0 %, 0 %, 0 MiB, 23028 MiB
2026/02/25 17:03:03.855, 3, NVIDIA A10G, 0 %, 0 %, 0 MiB, 23028 MiB
2026/02/25 17:03:04.856, 0, NVIDIA A10G, 0 %, 0 %, 1781 MiB, 23028 MiB
2026/02/25 17:03:04.856, 1, NVIDIA A10G, 0 %, 0 %, 2415 MiB, 23028 MiB
2026/02/25 17:03:04.856, 2, NVIDIA A10G, 0 %, 0 %, 0 MiB, 23028 MiB
2026/02/25 17:03:04.856, 3, NVIDIA A10G, 0 %, 0 %, 0 MiB, 23028 MiB
2026/02/25 17:03:05.856, 0, NVIDIA A10G, 0 %, 0 %, 1781 MiB, 23028 MiB
2026/02/25 17:03:05.856, 1, NVIDIA A10G, 0 %, 0 %, 2415 MiB, 23028 MiB
2026/02/25 17:03:05.856, 2, NVIDIA A10G, 0 %, 0 %, 0 MiB, 23028 MiB
2026/02/25 17:03:05.856, 3, NVIDIA A10G, 0 %, 0 %, 0 MiB, 23028 MiB
2026/02/25 17:03:06.856, 0, NVIDIA A10G, 22 %, 7 %, 1781 MiB, 23028 MiB
2026/02/25 17:03:06.856, 1, NVIDIA A10G, 0 %, 0 %, 2415 MiB, 23028 MiB
2026/02/25 17:03:06.857, 2, NVIDIA A10G, 0 %, 0 %, 0 MiB, 23028 MiB
2026/02/25 17:03:06.857, 3, NVIDIA A10G, 0 %, 0 %, 0 MiB, 23028 MiB
2026/02/25 17:03:07.857, 0, NVIDIA A10G, 23 %, 8 %, 1781 MiB, 23028 MiB
2026/02/25 17:03:07.857, 1, NVIDIA A10G, 0 %, 0 %, 2415 MiB, 23028 MiB
2026/02/25 17:03:07.857, 2, NVIDIA A10G, 0 %, 0 %, 0 MiB, 23028 MiB
2026/02/25 17:03:07.857, 3, NVIDIA A10G, 0 %, 0 %, 0 MiB, 23028 MiB
2026/02/25 17:03:08.857, 0, NVIDIA A10G, 21 %, 7 %, 1781 MiB, 23028 MiB
2026/02/25 17:03:08.857, 1, NVIDIA A10G, 100 %, 71 %, 2415 MiB, 23028 MiB
2026/02/25 17:03:08.857, 2, NVIDIA A10G, 0 %, 0 %, 0 MiB, 23028 MiB
2026/02/25 17:03:08.857, 3, NVIDIA A10G, 0 %, 0 %, 0 MiB, 23028 MiB
2026/02/25 17:03:09.858, 0, NVIDIA A10G, 22 %, 7 %, 1781 MiB, 23028 MiB
2026/02/25 17:03:09.858, 1, NVIDIA A10G, 22 %, 9 %, 2415 MiB, 23028 MiB
2026/02/25 17:03:09.858, 2, NVIDIA A10G, 0 %, 0 %, 0 MiB, 23028 MiB
2026/02/25 17:03:09.858, 3, NVIDIA A10G, 0 %, 0 %, 0 MiB, 23028 MiB
2026/02/25 17:03:10.858, 0, NVIDIA A10G, 19 %, 7 %, 1781 MiB, 23028 MiB
2026/02/25 17:03:10.858, 1, NVIDIA A10G, 21 %, 7 %, 2415 MiB, 23028 MiB
2026/02/25 17:03:10.858, 2, NVIDIA A10G, 0 %, 0 %, 0 MiB, 23028 MiB
2026/02/25 17:03:10.858, 3, NVIDIA A10G, 0 %, 0 %, 0 MiB, 23028 MiB
2026/02/25 17:03:11.858, 0, NVIDIA A10G, 22 %, 8 %, 1781 MiB, 23028 MiB
2026/02/25 17:03:11.858, 1, NVIDIA A10G, 21 %, 7 %, 2415 MiB, 23028 MiB
2026/02/25 17:03:11.859, 2, NVIDIA A10G, 0 %, 0 %, 0 MiB, 23028 MiB
2026/02/25 17:03:11.859, 3, NVIDIA A10G, 0 %, 0 %, 0 MiB, 23028 MiB
2026/02/25 17:03:12.859, 0, NVIDIA A10G, 22 %, 8 %, 1781 MiB, 23028 MiB
2026/02/25 17:03:12.859, 1, NVIDIA A10G, 23 %, 8 %, 2415 MiB, 23028 MiB
2026/02/25 17:03:12.859, 2, NVIDIA A10G, 0 %, 0 %, 0 MiB, 23028 MiB
2026/02/25 17:03:12.859, 3, NVIDIA A10G, 0 %, 0 %, 0 MiB, 23028 MiB
2026/02/25 17:03:13.859, 0, NVIDIA A10G, 21 %, 7 %, 1781 MiB, 23028 MiB
2026/02/25 17:03:13.859, 1, NVIDIA A10G, 23 %, 7 %, 2415 MiB, 23028 MiB
2026/02/25 17:03:13.859, 2, NVIDIA A10G, 0 %, 0 %, 0 MiB, 23028 MiB
2026/02/25 17:03:13.859, 3, NVIDIA A10G, 0 %, 0 %, 0 MiB, 23028 MiB
2026/02/25 17:03:14.859, 0, NVIDIA A10G, 19 %, 6 %, 1781 MiB, 23028 MiB
2026/02/25 17:03:14.860, 1, NVIDIA A10G, 21 %, 7 %, 2415 MiB, 23028 MiB
2026/02/25 17:03:14.860, 2, NVIDIA A10G, 0 %, 0 %, 0 MiB, 23028 MiB
2026/02/25 17:03:14.860, 3, NVIDIA A10G, 0 %, 0 %, 0 MiB, 23028 MiB
2026/02/25 17:03:15.860, 0, NVIDIA A10G, 0 %, 0 %, 1781 MiB, 23028 MiB
2026/02/25 17:03:15.860, 1, NVIDIA A10G, 21 %, 7 %, 2415 MiB, 23028 MiB
2026/02/25 17:03:15.860, 2, NVIDIA A10G, 0 %, 0 %, 0 MiB, 23028 MiB
2026/02/25 17:03:15.860, 3, NVIDIA A10G, 0 %, 0 %, 0 MiB, 23028 MiB
2026/02/25 17:03:16.860, 0, NVIDIA A10G, 0 %, 0 %, 1781 MiB, 23028 MiB
2026/02/25 17:03:16.860, 1, NVIDIA A10G, 15 %, 5 %, 2415 MiB, 23028 MiB
2026/02/25 17:03:16.860, 2, NVIDIA A10G, 0 %, 0 %, 0 MiB, 23028 MiB
2026/02/25 17:03:16.860, 3, NVIDIA A10G, 0 %, 0 %, 0 MiB, 23028 MiB
2026/02/25 17:03:17.860, 0, NVIDIA A10G, 0 %, 0 %, 1781 MiB, 23028 MiB
2026/02/25 17:03:17.861, 1, NVIDIA A10G, 0 %, 0 %, 2415 MiB, 23028 MiB
2026/02/25 17:03:17.861, 2, NVIDIA A10G, 0 %, 0 %, 0 MiB, 23028 MiB
2026/02/25 17:03:17.861, 3, NVIDIA A10G, 0 %, 0 %, 0 MiB, 23028 MiB
2026/02/25 17:03:18.861, 0, NVIDIA A10G, 0 %, 0 %, 1781 MiB, 23028 MiB
2026/02/25 17:03:18.861, 1, NVIDIA A10G, 0 %, 0 %, 2415 MiB, 23028 MiB
2026/02/25 17:03:18.861, 2, NVIDIA A10G, 0 %, 0 %, 0 MiB, 23028 MiB
2026/02/25 17:03:18.861, 3, NVIDIA A10G, 0 %, 0 %, 0 MiB, 23028 MiB
2026/02/25 17:03:19.861, 0, NVIDIA A10G, 0 %, 0 %, 1781 MiB, 23028 MiB
2026/02/25 17:03:19.861, 1, NVIDIA A10G, 0 %, 0 %, 2415 MiB, 23028 MiB
2026/02/25 17:03:19.861, 2, NVIDIA A10G, 0 %, 0 %, 0 MiB, 23028 MiB
2026/02/25 17:03:19.861, 3, NVIDIA A10G, 0 %, 0 %, 0 MiB, 23028 MiB
2026/02/25 17:03:20.861, 0, NVIDIA A10G, 0 %, 0 %, 1781 MiB, 23028 MiB
2026/02/25 17:03:20.861, 1, NVIDIA A10G, 0 %, 0 %, 2415 MiB, 23028 MiB
2026/02/25 17:03:20.861, 2, NVIDIA A10G, 0 %, 0 %, 0 MiB, 23028 MiB
2026/02/25 17:03:20.861, 3, NVIDIA A10G, 0 %, 0 %, 0 MiB, 23028 MiB
2026/02/25 17:03:21.862, 0, NVIDIA A10G, 0 %, 0 %, 1781 MiB, 23028 MiB
2026/02/25 17:03:21.862, 1, NVIDIA A10G, 0 %, 0 %, 2415 MiB, 23028 MiB
2026/02/25 17:03:21.862, 2, NVIDIA A10G, 0 %, 0 %, 0 MiB, 23028 MiB
2026/02/25 17:03:21.862, 3, NVIDIA A10G, 0 %, 0 %, 0 MiB, 23028 MiB
2026/02/25 17:03:22.862, 0, NVIDIA A10G, 0 %, 0 %, 1781 MiB, 23028 MiB
2026/02/25 17:03:22.862, 1, NVIDIA A10G, 0 %, 0 %, 2415 MiB, 23028 MiB
2026/02/25 17:03:22.862, 2, NVIDIA A10G, 0 %, 0 %, 0 MiB, 23028 MiB
2026/02/25 17:03:22.862, 3, NVIDIA A10G, 0 %, 0 %, 0 MiB, 23028 MiB
2026/02/25 17:03:23.862, 0, NVIDIA A10G, 0 %, 0 %, 1781 MiB, 23028 MiB
2026/02/25 17:03:23.862, 1, NVIDIA A10G, 0 %, 0 %, 2415 MiB, 23028 MiB
2026/02/25 17:03:23.862, 2, NVIDIA A10G, 0 %, 0 %, 0 MiB, 23028 MiB
2026/02/25 17:03:23.862, 3, NVIDIA A10G, 0 %, 0 %, 0 MiB, 23028 MiB
2026/02/25 17:03:24.863, 0, NVIDIA A10G, 0 %, 0 %, 1781 MiB, 23028 MiB
2026/02/25 17:03:24.863, 1, NVIDIA A10G, 100 %, 68 %, 2415 MiB, 23028 MiB
2026/02/25 17:03:24.863, 2, NVIDIA A10G, 0 %, 0 %, 0 MiB, 23028 MiB
2026/02/25 17:03:24.863, 3, NVIDIA A10G, 0 %, 0 %, 0 MiB, 23028 MiB
2026/02/25 17:03:25.863, 0, NVIDIA A10G, 0 %, 0 %, 1781 MiB, 23028 MiB
2026/02/25 17:03:25.863, 1, NVIDIA A10G, 23 %, 8 %, 2415 MiB, 23028 MiB
2026/02/25 17:03:25.863, 2, NVIDIA A10G, 0 %, 0 %, 0 MiB, 23028 MiB
2026/02/25 17:03:25.863, 3, NVIDIA A10G, 0 %, 0 %, 0 MiB, 23028 MiB
2026/02/25 17:03:26.863, 0, NVIDIA A10G, 82 %, 52 %, 1781 MiB, 23028 MiB
2026/02/25 17:03:26.863, 1, NVIDIA A10G, 22 %, 8 %, 2415 MiB, 23028 MiB
2026/02/25 17:03:26.863, 2, NVIDIA A10G, 0 %, 0 %, 0 MiB, 23028 MiB
2026/02/25 17:03:26.863, 3, NVIDIA A10G, 0 %, 0 %, 0 MiB, 23028 MiB
2026/02/25 17:03:27.863, 0, NVIDIA A10G, 0 %, 0 %, 1781 MiB, 23028 MiB
2026/02/25 17:03:27.864, 1, NVIDIA A10G, 22 %, 8 %, 2415 MiB, 23028 MiB
2026/02/25 17:03:27.864, 2, NVIDIA A10G, 0 %, 0 %, 0 MiB, 23028 MiB
2026/02/25 17:03:27.864, 3, NVIDIA A10G, 0 %, 0 %, 0 MiB, 23028 MiB
2026/02/25 17:03:28.864, 0, NVIDIA A10G, 21 %, 6 %, 1781 MiB, 23028 MiB
2026/02/25 17:03:28.864, 1, NVIDIA A10G, 21 %, 7 %, 2415 MiB, 23028 MiB
2026/02/25 17:03:28.864, 2, NVIDIA A10G, 0 %, 0 %, 0 MiB, 23028 MiB
2026/02/25 17:03:28.864, 3, NVIDIA A10G, 0 %, 0 %, 0 MiB, 23028 MiB
2026/02/25 17:03:29.864, 0, NVIDIA A10G, 18 %, 6 %, 1781 MiB, 23028 MiB
2026/02/25 17:03:29.864, 1, NVIDIA A10G, 23 %, 8 %, 2415 MiB, 23028 MiB
2026/02/25 17:03:29.864, 2, NVIDIA A10G, 0 %, 0 %, 0 MiB, 23028 MiB
2026/02/25 17:03:29.864, 3, NVIDIA A10G, 0 %, 0 %, 0 MiB, 23028 MiB
2026/02/25 17:03:30.865, 0, NVIDIA A10G, 21 %, 7 %, 1781 MiB, 23028 MiB
2026/02/25 17:03:30.865, 1, NVIDIA A10G, 22 %, 8 %, 2415 MiB, 23028 MiB
2026/02/25 17:03:30.865, 2, NVIDIA A10G, 0 %, 0 %, 0 MiB, 23028 MiB
2026/02/25 17:03:30.865, 3, NVIDIA A10G, 0 %, 0 %, 0 MiB, 23028 MiB
2026/02/25 17:03:31.865, 0, NVIDIA A10G, 22 %, 8 %, 1781 MiB, 23028 MiB
2026/02/25 17:03:31.865, 1, NVIDIA A10G, 21 %, 7 %, 2415 MiB, 23028 MiB
2026/02/25 17:03:31.865, 2, NVIDIA A10G, 0 %, 0 %, 0 MiB, 23028 MiB
2026/02/25 17:03:31.865, 3, NVIDIA A10G, 0 %, 0 %, 0 MiB, 23028 MiB
2026/02/25 17:03:32.865, 0, NVIDIA A10G, 21 %, 7 %, 1781 MiB, 23028 MiB
2026/02/25 17:03:32.865, 1, NVIDIA A10G, 21 %, 7 %, 2415 MiB, 23028 MiB
2026/02/25 17:03:32.865, 2, NVIDIA A10G, 0 %, 0 %, 0 MiB, 23028 MiB
2026/02/25 17:03:32.865, 3, NVIDIA A10G, 0 %, 0 %, 0 MiB, 23028 MiB
2026/02/25 17:03:33.866, 0, NVIDIA A10G, 18 %, 6 %, 1781 MiB, 23028 MiB
2026/02/25 17:03:33.866, 1, NVIDIA A10G, 0 %, 0 %, 2415 MiB, 23028 MiB
2026/02/25 17:03:33.866, 2, NVIDIA A10G, 0 %, 0 %, 0 MiB, 23028 MiB
2026/02/25 17:03:33.866, 3, NVIDIA A10G, 0 %, 0 %, 0 MiB, 23028 MiB
2026/02/25 17:03:34.866, 0, NVIDIA A10G, 22 %, 7 %, 1781 MiB, 23028 MiB
2026/02/25 17:03:34.866, 1, NVIDIA A10G, 0 %, 0 %, 2415 MiB, 23028 MiB
2026/02/25 17:03:34.866, 2, NVIDIA A10G, 0 %, 0 %, 0 MiB, 23028 MiB
2026/02/25 17:03:34.866, 3, NVIDIA A10G, 0 %, 0 %, 0 MiB, 23028 MiB
2026/02/25 17:03:35.866, 0, NVIDIA A10G, 21 %, 7 %, 1781 MiB, 23028 MiB
2026/02/25 17:03:35.867, 1, NVIDIA A10G, 19 %, 6 %, 2415 MiB, 23028 MiB
2026/02/25 17:03:35.867, 2, NVIDIA A10G, 0 %, 0 %, 0 MiB, 23028 MiB
2026/02/25 17:03:35.867, 3, NVIDIA A10G, 0 %, 0 %, 0 MiB, 23028 MiB
2026/02/25 17:03:36.867, 0, NVIDIA A10G, 18 %, 6 %, 1781 MiB, 23028 MiB
2026/02/25 17:03:36.867, 1, NVIDIA A10G, 21 %, 7 %, 2415 MiB, 23028 MiB
2026/02/25 17:03:36.867, 2, NVIDIA A10G, 0 %, 0 %, 0 MiB, 23028 MiB
2026/02/25 17:03:36.867, 3, NVIDIA A10G, 0 %, 0 %, 0 MiB, 23028 MiB
2026/02/25 17:03:37.867, 0, NVIDIA A10G, 22 %, 7 %, 1781 MiB, 23028 MiB
2026/02/25 17:03:37.867, 1, NVIDIA A10G, 0 %, 0 %, 2415 MiB, 23028 MiB
2026/02/25 17:03:37.867, 2, NVIDIA A10G, 0 %, 0 %, 0 MiB, 23028 MiB
2026/02/25 17:03:37.868, 3, NVIDIA A10G, 0 %, 0 %, 0 MiB, 23028 MiB
2026/02/25 17:03:38.868, 0, NVIDIA A10G, 22 %, 8 %, 1781 MiB, 23028 MiB
2026/02/25 17:03:38.868, 1, NVIDIA A10G, 0 %, 0 %, 2415 MiB, 23028 MiB
2026/02/25 17:03:38.868, 2, NVIDIA A10G, 0 %, 0 %, 0 MiB, 23028 MiB
2026/02/25 17:03:38.868, 3, NVIDIA A10G, 0 %, 0 %, 0 MiB, 23028 MiB
2026/02/25 17:03:39.868, 0, NVIDIA A10G, 21 %, 7 %, 1781 MiB, 23028 MiB
2026/02/25 17:03:39.868, 1, NVIDIA A10G, 0 %, 0 %, 2415 MiB, 23028 MiB
2026/02/25 17:03:39.868, 2, NVIDIA A10G, 0 %, 0 %, 0 MiB, 23028 MiB
2026/02/25 17:03:39.868, 3, NVIDIA A10G, 0 %, 0 %, 0 MiB, 23028 MiB
2026/02/25 17:03:40.868, 0, NVIDIA A10G, 22 %, 7 %, 1781 MiB, 23028 MiB
2026/02/25 17:03:40.868, 1, NVIDIA A10G, 0 %, 0 %, 2415 MiB, 23028 MiB
2026/02/25 17:03:40.868, 2, NVIDIA A10G, 0 %, 0 %, 0 MiB, 23028 MiB
2026/02/25 17:03:40.868, 3, NVIDIA A10G, 0 %, 0 %, 0 MiB, 23028 MiB
2026/02/25 17:03:41.869, 0, NVIDIA A10G, 22 %, 7 %, 1781 MiB, 23028 MiB
2026/02/25 17:03:41.869, 1, NVIDIA A10G, 0 %, 0 %, 2415 MiB, 23028 MiB
2026/02/25 17:03:41.869, 2, NVIDIA A10G, 0 %, 0 %, 0 MiB, 23028 MiB
2026/02/25 17:03:41.869, 3, NVIDIA A10G, 0 %, 0 %, 0 MiB, 23028 MiB
2026/02/25 17:03:42.869, 0, NVIDIA A10G, 0 %, 0 %, 1781 MiB, 23028 MiB
2026/02/25 17:03:42.869, 1, NVIDIA A10G, 19 %, 6 %, 2415 MiB, 23028 MiB
2026/02/25 17:03:42.869, 2, NVIDIA A10G, 0 %, 0 %, 0 MiB, 23028 MiB
2026/02/25 17:03:42.869, 3, NVIDIA A10G, 0 %, 0 %, 0 MiB, 23028 MiB
2026/02/25 17:03:43.869, 0, NVIDIA A10G, 0 %, 0 %, 1781 MiB, 23028 MiB
2026/02/25 17:03:43.869, 1, NVIDIA A10G, 22 %, 7 %, 2415 MiB, 23028 MiB
2026/02/25 17:03:43.869, 2, NVIDIA A10G, 0 %, 0 %, 0 MiB, 23028 MiB
2026/02/25 17:03:43.869, 3, NVIDIA A10G, 0 %, 0 %, 0 MiB, 23028 MiB
2026/02/25 17:03:44.870, 0, NVIDIA A10G, 0 %, 0 %, 1781 MiB, 23028 MiB
2026/02/25 17:03:44.870, 1, NVIDIA A10G, 22 %, 7 %, 2415 MiB, 23028 MiB
2026/02/25 17:03:44.870, 2, NVIDIA A10G, 0 %, 0 %, 0 MiB, 23028 MiB
2026/02/25 17:03:44.870, 3, NVIDIA A10G, 0 %, 0 %, 0 MiB, 23028 MiB
2026/02/25 17:03:45.870, 0, NVIDIA A10G, 0 %, 0 %, 1781 MiB, 23028 MiB
2026/02/25 17:03:45.870, 1, NVIDIA A10G, 21 %, 7 %, 2415 MiB, 23028 MiB
2026/02/25 17:03:45.870, 2, NVIDIA A10G, 0 %, 0 %, 0 MiB, 23028 MiB
2026/02/25 17:03:45.870, 3, NVIDIA A10G, 0 %, 0 %, 0 MiB, 23028 MiB
2026/02/25 17:03:46.870, 0, NVIDIA A10G, 0 %, 0 %, 1781 MiB, 23028 MiB
2026/02/25 17:03:46.870, 1, NVIDIA A10G, 21 %, 7 %, 2415 MiB, 23028 MiB
2026/02/25 17:03:46.870, 2, NVIDIA A10G, 0 %, 0 %, 0 MiB, 23028 MiB
2026/02/25 17:03:46.870, 3, NVIDIA A10G, 0 %, 0 %, 0 MiB, 23028 MiB
2026/02/25 17:03:47.870, 0, NVIDIA A10G, 0 %, 0 %, 1781 MiB, 23028 MiB
2026/02/25 17:03:47.870, 1, NVIDIA A10G, 22 %, 8 %, 2415 MiB, 23028 MiB
2026/02/25 17:03:47.871, 2, NVIDIA A10G, 0 %, 0 %, 0 MiB, 23028 MiB
2026/02/25 17:03:47.871, 3, NVIDIA A10G, 0 %, 0 %, 0 MiB, 23028 MiB
2026/02/25 17:03:48.871, 0, NVIDIA A10G, 22 %, 8 %, 1781 MiB, 23028 MiB
2026/02/25 17:03:48.871, 1, NVIDIA A10G, 17 %, 5 %, 2415 MiB, 23028 MiB
2026/02/25 17:03:48.871, 2, NVIDIA A10G, 0 %, 0 %, 0 MiB, 23028 MiB
2026/02/25 17:03:48.871, 3, NVIDIA A10G, 0 %, 0 %, 0 MiB, 23028 MiB
2026/02/25 17:03:49.871, 0, NVIDIA A10G, 22 %, 8 %, 1781 MiB, 23028 MiB
2026/02/25 17:03:49.871, 1, NVIDIA A10G, 0 %, 0 %, 2415 MiB, 23028 MiB
2026/02/25 17:03:49.871, 2, NVIDIA A10G, 0 %, 0 %, 0 MiB, 23028 MiB
2026/02/25 17:03:49.871, 3, NVIDIA A10G, 0 %, 0 %, 0 MiB, 23028 MiB
2026/02/25 17:03:50.871, 0, NVIDIA A10G, 19 %, 7 %, 1781 MiB, 23028 MiB
2026/02/25 17:03:50.872, 1, NVIDIA A10G, 0 %, 0 %, 2415 MiB, 23028 MiB
2026/02/25 17:03:50.872, 2, NVIDIA A10G, 0 %, 0 %, 0 MiB, 23028 MiB
2026/02/25 17:03:50.872, 3, NVIDIA A10G, 0 %, 0 %, 0 MiB, 23028 MiB
2026/02/25 17:03:51.872, 0, NVIDIA A10G, 23 %, 8 %, 1781 MiB, 23028 MiB
2026/02/25 17:03:51.872, 1, NVIDIA A10G, 0 %, 0 %, 2415 MiB, 23028 MiB
2026/02/25 17:03:51.872, 2, NVIDIA A10G, 0 %, 0 %, 0 MiB, 23028 MiB
2026/02/25 17:03:51.872, 3, NVIDIA A10G, 0 %, 0 %, 0 MiB, 23028 MiB
2026/02/25 17:03:52.872, 0, NVIDIA A10G, 24 %, 8 %, 1781 MiB, 23028 MiB
2026/02/25 17:03:52.872, 1, NVIDIA A10G, 0 %, 0 %, 2415 MiB, 23028 MiB
2026/02/25 17:03:52.872, 2, NVIDIA A10G, 0 %, 0 %, 0 MiB, 23028 MiB
2026/02/25 17:03:52.873, 3, NVIDIA A10G, 0 %, 0 %, 0 MiB, 23028 MiB
2026/02/25 17:03:53.873, 0, NVIDIA A10G, 23 %, 8 %, 1781 MiB, 23028 MiB
2026/02/25 17:03:53.873, 1, NVIDIA A10G, 0 %, 0 %, 2415 MiB, 23028 MiB
2026/02/25 17:03:53.873, 2, NVIDIA A10G, 0 %, 0 %, 0 MiB, 23028 MiB
2026/02/25 17:03:53.873, 3, NVIDIA A10G, 0 %, 0 %, 0 MiB, 23028 MiB
2026/02/25 17:03:54.873, 0, NVIDIA A10G, 0 %, 0 %, 1781 MiB, 23028 MiB
2026/02/25 17:03:54.873, 1, NVIDIA A10G, 0 %, 0 %, 2415 MiB, 23028 MiB
2026/02/25 17:03:54.873, 2, NVIDIA A10G, 0 %, 0 %, 0 MiB, 23028 MiB
2026/02/25 17:03:54.873, 3, NVIDIA A10G, 0 %, 0 %, 0 MiB, 23028 MiB
2026/02/25 17:03:55.873, 0, NVIDIA A10G, 0 %, 0 %, 1781 MiB, 23028 MiB
2026/02/25 17:03:55.874, 1, NVIDIA A10G, 0 %, 0 %, 2415 MiB, 23028 MiB
2026/02/25 17:03:55.874, 2, NVIDIA A10G, 0 %, 0 %, 0 MiB, 23028 MiB
2026/02/25 17:03:55.874, 3, NVIDIA A10G, 0 %, 0 %, 0 MiB, 23028 MiB
2026/02/25 17:03:56.874, 0, NVIDIA A10G, 0 %, 0 %, 1781 MiB, 23028 MiB
2026/02/25 17:03:56.874, 1, NVIDIA A10G, 22 %, 8 %, 2415 MiB, 23028 MiB
2026/02/25 17:03:56.874, 2, NVIDIA A10G, 0 %, 0 %, 0 MiB, 23028 MiB
2026/02/25 17:03:56.874, 3, NVIDIA A10G, 0 %, 0 %, 0 MiB, 23028 MiB
2026/02/25 17:03:57.874, 0, NVIDIA A10G, 21 %, 7 %, 1781 MiB, 23028 MiB
2026/02/25 17:03:57.874, 1, NVIDIA A10G, 22 %, 7 %, 2415 MiB, 23028 MiB
2026/02/25 17:03:57.874, 2, NVIDIA A10G, 0 %, 0 %, 0 MiB, 23028 MiB
2026/02/25 17:03:57.874, 3, NVIDIA A10G, 0 %, 0 %, 0 MiB, 23028 MiB
2026/02/25 17:03:58.875, 0, NVIDIA A10G, 21 %, 8 %, 1781 MiB, 23028 MiB
2026/02/25 17:03:58.875, 1, NVIDIA A10G, 21 %, 8 %, 2415 MiB, 23028 MiB
2026/02/25 17:03:58.875, 2, NVIDIA A10G, 0 %, 0 %, 0 MiB, 23028 MiB
2026/02/25 17:03:58.875, 3, NVIDIA A10G, 0 %, 0 %, 0 MiB, 23028 MiB
2026/02/25 17:03:59.875, 0, NVIDIA A10G, 21 %, 7 %, 1781 MiB, 23028 MiB
2026/02/25 17:03:59.875, 1, NVIDIA A10G, 20 %, 7 %, 2415 MiB, 23028 MiB
2026/02/25 17:03:59.875, 2, NVIDIA A10G, 0 %, 0 %, 0 MiB, 23028 MiB
2026/02/25 17:03:59.875, 3, NVIDIA A10G, 0 %, 0 %, 0 MiB, 23028 MiB
2026/02/25 17:04:00.875, 0, NVIDIA A10G, 22 %, 7 %, 1781 MiB, 23028 MiB
2026/02/25 17:04:00.875, 1, NVIDIA A10G, 20 %, 7 %, 2415 MiB, 23028 MiB
2026/02/25 17:04:00.875, 2, NVIDIA A10G, 0 %, 0 %, 0 MiB, 23028 MiB
2026/02/25 17:04:00.875, 3, NVIDIA A10G, 0 %, 0 %, 0 MiB, 23028 MiB
2026/02/25 17:04:01.875, 0, NVIDIA A10G, 0 %, 0 %, 1781 MiB, 23028 MiB
2026/02/25 17:04:01.876, 1, NVIDIA A10G, 22 %, 7 %, 2415 MiB, 23028 MiB
2026/02/25 17:04:01.876, 2, NVIDIA A10G, 0 %, 0 %, 0 MiB, 23028 MiB
2026/02/25 17:04:01.876, 3, NVIDIA A10G, 0 %, 0 %, 0 MiB, 23028 MiB
2026/02/25 17:04:02.876, 0, NVIDIA A10G, 0 %, 0 %, 1781 MiB, 23028 MiB
2026/02/25 17:04:02.876, 1, NVIDIA A10G, 23 %, 8 %, 2415 MiB, 23028 MiB
2026/02/25 17:04:02.876, 2, NVIDIA A10G, 0 %, 0 %, 0 MiB, 23028 MiB
2026/02/25 17:04:02.876, 3, NVIDIA A10G, 0 %, 0 %, 0 MiB, 23028 MiB
2026/02/25 17:04:03.876, 0, NVIDIA A10G, 0 %, 0 %, 1781 MiB, 23028 MiB
2026/02/25 17:04:03.876, 1, NVIDIA A10G, 0 %, 0 %, 2415 MiB, 23028 MiB
2026/02/25 17:04:03.876, 2, NVIDIA A10G, 0 %, 0 %, 0 MiB, 23028 MiB
2026/02/25 17:04:03.876, 3, NVIDIA A10G, 0 %, 0 %, 0 MiB, 23028 MiB
2026/02/25 17:04:04.876, 0, NVIDIA A10G, 0 %, 0 %, 1781 MiB, 23028 MiB
2026/02/25 17:04:04.876, 1, NVIDIA A10G, 0 %, 0 %, 2415 MiB, 23028 MiB
2026/02/25 17:04:04.877, 2, NVIDIA A10G, 0 %, 0 %, 0 MiB, 23028 MiB
2026/02/25 17:04:04.877, 3, NVIDIA A10G, 0 %, 0 %, 0 MiB, 23028 MiB
2026/02/25 17:04:05.877, 0, NVIDIA A10G, 0 %, 0 %, 1781 MiB, 23028 MiB
2026/02/25 17:04:05.877, 1, NVIDIA A10G, 0 %, 0 %, 2415 MiB, 23028 MiB
2026/02/25 17:04:05.877, 2, NVIDIA A10G, 0 %, 0 %, 0 MiB, 23028 MiB
2026/02/25 17:04:05.877, 3, NVIDIA A10G, 0 %, 0 %, 0 MiB, 23028 MiB
2026/02/25 17:04:06.877, 0, NVIDIA A10G, 22 %, 8 %, 1781 MiB, 23028 MiB
2026/02/25 17:04:06.877, 1, NVIDIA A10G, 0 %, 0 %, 2415 MiB, 23028 MiB
2026/02/25 17:04:06.877, 2, NVIDIA A10G, 0 %, 0 %, 0 MiB, 23028 MiB
2026/02/25 17:04:06.877, 3, NVIDIA A10G, 0 %, 0 %, 0 MiB, 23028 MiB
2026/02/25 17:04:07.878, 0, NVIDIA A10G, 21 %, 7 %, 1781 MiB, 23028 MiB
2026/02/25 17:04:07.878, 1, NVIDIA A10G, 0 %, 0 %, 2415 MiB, 23028 MiB
2026/02/25 17:04:07.878, 2, NVIDIA A10G, 0 %, 0 %, 0 MiB, 23028 MiB
2026/02/25 17:04:07.878, 3, NVIDIA A10G, 0 %, 0 %, 0 MiB, 23028 MiB
2026/02/25 17:04:08.878, 0, NVIDIA A10G, 21 %, 8 %, 1781 MiB, 23028 MiB
2026/02/25 17:04:08.878, 1, NVIDIA A10G, 0 %, 0 %, 2415 MiB, 23028 MiB
2026/02/25 17:04:08.878, 2, NVIDIA A10G, 0 %, 0 %, 0 MiB, 23028 MiB
2026/02/25 17:04:08.878, 3, NVIDIA A10G, 0 %, 0 %, 0 MiB, 23028 MiB
2026/02/25 17:04:09.878, 0, NVIDIA A10G, 22 %, 8 %, 1781 MiB, 23028 MiB
2026/02/25 17:04:09.878, 1, NVIDIA A10G, 0 %, 0 %, 2415 MiB, 23028 MiB
2026/02/25 17:04:09.878, 2, NVIDIA A10G, 0 %, 0 %, 0 MiB, 23028 MiB
2026/02/25 17:04:09.878, 3, NVIDIA A10G, 0 %, 0 %, 0 MiB, 23028 MiB
2026/02/25 17:04:10.879, 0, NVIDIA A10G, 23 %, 8 %, 1781 MiB, 23028 MiB
2026/02/25 17:04:10.879, 1, NVIDIA A10G, 0 %, 0 %, 2415 MiB, 23028 MiB
2026/02/25 17:04:10.879, 2, NVIDIA A10G, 0 %, 0 %, 0 MiB, 23028 MiB
2026/02/25 17:04:10.879, 3, NVIDIA A10G, 0 %, 0 %, 0 MiB, 23028 MiB
2026/02/25 17:04:11.879, 0, NVIDIA A10G, 17 %, 6 %, 1781 MiB, 23028 MiB
2026/02/25 17:04:11.879, 1, NVIDIA A10G, 0 %, 0 %, 2415 MiB, 23028 MiB
2026/02/25 17:04:11.879, 2, NVIDIA A10G, 0 %, 0 %, 0 MiB, 23028 MiB
2026/02/25 17:04:11.879, 3, NVIDIA A10G, 0 %, 0 %, 0 MiB, 23028 MiB
2026/02/25 17:04:12.879, 0, NVIDIA A10G, 0 %, 0 %, 1781 MiB, 23028 MiB
2026/02/25 17:04:12.879, 1, NVIDIA A10G, 21 %, 6 %, 2415 MiB, 23028 MiB
2026/02/25 17:04:12.879, 2, NVIDIA A10G, 0 %, 0 %, 0 MiB, 23028 MiB
2026/02/25 17:04:12.879, 3, NVIDIA A10G, 0 %, 0 %, 0 MiB, 23028 MiB
2026/02/25 17:04:13.880, 0, NVIDIA A10G, 0 %, 0 %, 1781 MiB, 23028 MiB
2026/02/25 17:04:13.880, 1, NVIDIA A10G, 20 %, 7 %, 2415 MiB, 23028 MiB
2026/02/25 17:04:13.880, 2, NVIDIA A10G, 0 %, 0 %, 0 MiB, 23028 MiB
2026/02/25 17:04:13.880, 3, NVIDIA A10G, 0 %, 0 %, 0 MiB, 23028 MiB
2026/02/25 17:04:14.880, 0, NVIDIA A10G, 0 %, 0 %, 1781 MiB, 23028 MiB
2026/02/25 17:04:14.880, 1, NVIDIA A10G, 22 %, 7 %, 2415 MiB, 23028 MiB
2026/02/25 17:04:14.880, 2, NVIDIA A10G, 0 %, 0 %, 0 MiB, 23028 MiB
2026/02/25 17:04:14.880, 3, NVIDIA A10G, 0 %, 0 %, 0 MiB, 23028 MiB
2026/02/25 17:04:15.880, 0, NVIDIA A10G, 0 %, 0 %, 1781 MiB, 23028 MiB
2026/02/25 17:04:15.881, 1, NVIDIA A10G, 23 %, 7 %, 2415 MiB, 23028 MiB
2026/02/25 17:04:15.881, 2, NVIDIA A10G, 0 %, 0 %, 0 MiB, 23028 MiB
2026/02/25 17:04:15.881, 3, NVIDIA A10G, 0 %, 0 %, 0 MiB, 23028 MiB
2026/02/25 17:04:16.881, 0, NVIDIA A10G, 18 %, 11 %, 1781 MiB, 23028 MiB
2026/02/25 17:04:16.881, 1, NVIDIA A10G, 22 %, 7 %, 2415 MiB, 23028 MiB
2026/02/25 17:04:16.881, 2, NVIDIA A10G, 0 %, 0 %, 0 MiB, 23028 MiB
2026/02/25 17:04:16.881, 3, NVIDIA A10G, 0 %, 0 %, 0 MiB, 23028 MiB
2026/02/25 17:04:17.881, 0, NVIDIA A10G, 19 %, 6 %, 1781 MiB, 23028 MiB
2026/02/25 17:04:17.881, 1, NVIDIA A10G, 22 %, 7 %, 2415 MiB, 23028 MiB
2026/02/25 17:04:17.881, 2, NVIDIA A10G, 0 %, 0 %, 0 MiB, 23028 MiB
2026/02/25 17:04:17.881, 3, NVIDIA A10G, 0 %, 0 %, 0 MiB, 23028 MiB
2026/02/25 17:04:18.882, 0, NVIDIA A10G, 20 %, 7 %, 1781 MiB, 23028 MiB
2026/02/25 17:04:18.882, 1, NVIDIA A10G, 22 %, 7 %, 2415 MiB, 23028 MiB
2026/02/25 17:04:18.882, 2, NVIDIA A10G, 0 %, 0 %, 0 MiB, 23028 MiB
2026/02/25 17:04:18.882, 3, NVIDIA A10G, 0 %, 0 %, 0 MiB, 23028 MiB
2026/02/25 17:04:19.882, 0, NVIDIA A10G, 18 %, 6 %, 1781 MiB, 23028 MiB
2026/02/25 17:04:19.882, 1, NVIDIA A10G, 21 %, 7 %, 2415 MiB, 23028 MiB
2026/02/25 17:04:19.882, 2, NVIDIA A10G, 0 %, 0 %, 0 MiB, 23028 MiB
2026/02/25 17:04:19.882, 3, NVIDIA A10G, 0 %, 0 %, 0 MiB, 23028 MiB
2026/02/25 17:04:20.882, 0, NVIDIA A10G, 22 %, 8 %, 1781 MiB, 23028 MiB
2026/02/25 17:04:20.882, 1, NVIDIA A10G, 21 %, 7 %, 2415 MiB, 23028 MiB
2026/02/25 17:04:20.882, 2, NVIDIA A10G, 0 %, 0 %, 0 MiB, 23028 MiB
2026/02/25 17:04:20.882, 3, NVIDIA A10G, 0 %, 0 %, 0 MiB, 23028 MiB
2026/02/25 17:04:21.883, 0, NVIDIA A10G, 20 %, 7 %, 1781 MiB, 23028 MiB
2026/02/25 17:04:21.883, 1, NVIDIA A10G, 0 %, 0 %, 2415 MiB, 23028 MiB
2026/02/25 17:04:21.883, 2, NVIDIA A10G, 0 %, 0 %, 0 MiB, 23028 MiB
2026/02/25 17:04:21.883, 3, NVIDIA A10G, 0 %, 0 %, 0 MiB, 23028 MiB
2026/02/25 17:04:22.883, 0, NVIDIA A10G, 0 %, 0 %, 1781 MiB, 23028 MiB
2026/02/25 17:04:22.883, 1, NVIDIA A10G, 0 %, 0 %, 2415 MiB, 23028 MiB
2026/02/25 17:04:22.883, 2, NVIDIA A10G, 0 %, 0 %, 0 MiB, 23028 MiB
2026/02/25 17:04:22.883, 3, NVIDIA A10G, 0 %, 0 %, 0 MiB, 23028 MiB
2026/02/25 17:04:23.883, 0, NVIDIA A10G, 0 %, 0 %, 1781 MiB, 23028 MiB
2026/02/25 17:04:23.883, 1, NVIDIA A10G, 0 %, 0 %, 2415 MiB, 23028 MiB
2026/02/25 17:04:23.883, 2, NVIDIA A10G, 0 %, 0 %, 0 MiB, 23028 MiB
2026/02/25 17:04:23.883, 3, NVIDIA A10G, 0 %, 0 %, 0 MiB, 23028 MiB
2026/02/25 17:04:24.884, 0, NVIDIA A10G, 0 %, 0 %, 1781 MiB, 23028 MiB
2026/02/25 17:04:24.884, 1, NVIDIA A10G, 0 %, 0 %, 2415 MiB, 23028 MiB
2026/02/25 17:04:24.884, 2, NVIDIA A10G, 0 %, 0 %, 0 MiB, 23028 MiB
2026/02/25 17:04:24.884, 3, NVIDIA A10G, 0 %, 0 %, 0 MiB, 23028 MiB
2026/02/25 17:04:25.884, 0, NVIDIA A10G, 0 %, 0 %, 1781 MiB, 23028 MiB
2026/02/25 17:04:25.884, 1, NVIDIA A10G, 0 %, 0 %, 2415 MiB, 23028 MiB
2026/02/25 17:04:25.884, 2, NVIDIA A10G, 0 %, 0 %, 0 MiB, 23028 MiB
2026/02/25 17:04:25.884, 3, NVIDIA A10G, 0 %, 0 %, 0 MiB, 23028 MiB
2026/02/25 17:04:26.884, 0, NVIDIA A10G, 0 %, 0 %, 1781 MiB, 23028 MiB
2026/02/25 17:04:26.884, 1, NVIDIA A10G, 100 %, 72 %, 2415 MiB, 23028 MiB
2026/02/25 17:04:26.884, 2, NVIDIA A10G, 0 %, 0 %, 0 MiB, 23028 MiB
2026/02/25 17:04:26.885, 3, NVIDIA A10G, 0 %, 0 %, 0 MiB, 23028 MiB
2026/02/25 17:04:27.885, 0, NVIDIA A10G, 0 %, 0 %, 1781 MiB, 23028 MiB
2026/02/25 17:04:27.885, 1, NVIDIA A10G, 21 %, 7 %, 2415 MiB, 23028 MiB
2026/02/25 17:04:27.885, 2, NVIDIA A10G, 0 %, 0 %, 0 MiB, 23028 MiB
2026/02/25 17:04:27.885, 3, NVIDIA A10G, 0 %, 0 %, 0 MiB, 23028 MiB
2026/02/25 17:04:28.885, 0, NVIDIA A10G, 0 %, 0 %, 1781 MiB, 23028 MiB
2026/02/25 17:04:28.885, 1, NVIDIA A10G, 21 %, 7 %, 2415 MiB, 23028 MiB
2026/02/25 17:04:28.885, 2, NVIDIA A10G, 0 %, 0 %, 0 MiB, 23028 MiB
2026/02/25 17:04:28.885, 3, NVIDIA A10G, 0 %, 0 %, 0 MiB, 23028 MiB
2026/02/25 17:04:29.885, 0, NVIDIA A10G, 0 %, 0 %, 1781 MiB, 23028 MiB
2026/02/25 17:04:29.885, 1, NVIDIA A10G, 21 %, 7 %, 2415 MiB, 23028 MiB
2026/02/25 17:04:29.886, 2, NVIDIA A10G, 0 %, 0 %, 0 MiB, 23028 MiB
2026/02/25 17:04:29.886, 3, NVIDIA A10G, 0 %, 0 %, 0 MiB, 23028 MiB
2026/02/25 17:04:30.886, 0, NVIDIA A10G, 0 %, 0 %, 1781 MiB, 23028 MiB
2026/02/25 17:04:30.886, 1, NVIDIA A10G, 21 %, 7 %, 2415 MiB, 23028 MiB
2026/02/25 17:04:30.886, 2, NVIDIA A10G, 0 %, 0 %, 0 MiB, 23028 MiB
2026/02/25 17:04:30.886, 3, NVIDIA A10G, 0 %, 0 %, 0 MiB, 23028 MiB
2026/02/25 17:04:31.886, 0, NVIDIA A10G, 82 %, 53 %, 1781 MiB, 23028 MiB
2026/02/25 17:04:31.886, 1, NVIDIA A10G, 19 %, 6 %, 2415 MiB, 23028 MiB
2026/02/25 17:04:31.886, 2, NVIDIA A10G, 0 %, 0 %, 0 MiB, 23028 MiB
2026/02/25 17:04:31.886, 3, NVIDIA A10G, 0 %, 0 %, 0 MiB, 23028 MiB
2026/02/25 17:04:32.886, 0, NVIDIA A10G, 23 %, 8 %, 1781 MiB, 23028 MiB
2026/02/25 17:04:32.886, 1, NVIDIA A10G, 18 %, 6 %, 2415 MiB, 23028 MiB
2026/02/25 17:04:32.887, 2, NVIDIA A10G, 0 %, 0 %, 0 MiB, 23028 MiB
2026/02/25 17:04:32.887, 3, NVIDIA A10G, 0 %, 0 %, 0 MiB, 23028 MiB
2026/02/25 17:04:33.887, 0, NVIDIA A10G, 21 %, 7 %, 1781 MiB, 23028 MiB
2026/02/25 17:04:33.887, 1, NVIDIA A10G, 20 %, 6 %, 2415 MiB, 23028 MiB
2026/02/25 17:04:33.887, 2, NVIDIA A10G, 0 %, 0 %, 0 MiB, 23028 MiB
2026/02/25 17:04:33.887, 3, NVIDIA A10G, 0 %, 0 %, 0 MiB, 23028 MiB
2026/02/25 17:04:34.887, 0, NVIDIA A10G, 19 %, 7 %, 1781 MiB, 23028 MiB
2026/02/25 17:04:34.887, 1, NVIDIA A10G, 0 %, 0 %, 2415 MiB, 23028 MiB
2026/02/25 17:04:34.887, 2, NVIDIA A10G, 0 %, 0 %, 0 MiB, 23028 MiB
2026/02/25 17:04:34.887, 3, NVIDIA A10G, 0 %, 0 %, 0 MiB, 23028 MiB
2026/02/25 17:04:35.887, 0, NVIDIA A10G, 20 %, 7 %, 1781 MiB, 23028 MiB
2026/02/25 17:04:35.887, 1, NVIDIA A10G, 0 %, 0 %, 2415 MiB, 23028 MiB
2026/02/25 17:04:35.888, 2, NVIDIA A10G, 0 %, 0 %, 0 MiB, 23028 MiB
2026/02/25 17:04:35.888, 3, NVIDIA A10G, 0 %, 0 %, 0 MiB, 23028 MiB
2026/02/25 17:04:36.888, 0, NVIDIA A10G, 21 %, 7 %, 1781 MiB, 23028 MiB
2026/02/25 17:04:36.888, 1, NVIDIA A10G, 0 %, 0 %, 2415 MiB, 23028 MiB
2026/02/25 17:04:36.888, 2, NVIDIA A10G, 0 %, 0 %, 0 MiB, 23028 MiB
2026/02/25 17:04:36.888, 3, NVIDIA A10G, 0 %, 0 %, 0 MiB, 23028 MiB
2026/02/25 17:04:37.888, 0, NVIDIA A10G, 21 %, 7 %, 1781 MiB, 23028 MiB
2026/02/25 17:04:37.888, 1, NVIDIA A10G, 0 %, 0 %, 2415 MiB, 23028 MiB
2026/02/25 17:04:37.888, 2, NVIDIA A10G, 0 %, 0 %, 0 MiB, 23028 MiB
2026/02/25 17:04:37.888, 3, NVIDIA A10G, 0 %, 0 %, 0 MiB, 23028 MiB
2026/02/25 17:04:38.888, 0, NVIDIA A10G, 20 %, 7 %, 1781 MiB, 23028 MiB
2026/02/25 17:04:38.888, 1, NVIDIA A10G, 0 %, 0 %, 2415 MiB, 23028 MiB
2026/02/25 17:04:38.888, 2, NVIDIA A10G, 0 %, 0 %, 0 MiB, 23028 MiB
2026/02/25 17:04:38.888, 3, NVIDIA A10G, 0 %, 0 %, 0 MiB, 23028 MiB
2026/02/25 17:04:39.889, 0, NVIDIA A10G, 19 %, 6 %, 1781 MiB, 23028 MiB
2026/02/25 17:04:39.889, 1, NVIDIA A10G, 0 %, 0 %, 2415 MiB, 23028 MiB
2026/02/25 17:04:39.889, 2, NVIDIA A10G, 0 %, 0 %, 0 MiB, 23028 MiB
2026/02/25 17:04:39.889, 3, NVIDIA A10G, 0 %, 0 %, 0 MiB, 23028 MiB
2026/02/25 17:04:40.889, 0, NVIDIA A10G, 21 %, 7 %, 1781 MiB, 23028 MiB
2026/02/25 17:04:40.889, 1, NVIDIA A10G, 0 %, 0 %, 2415 MiB, 23028 MiB
2026/02/25 17:04:40.889, 2, NVIDIA A10G, 0 %, 0 %, 0 MiB, 23028 MiB
2026/02/25 17:04:40.889, 3, NVIDIA A10G, 0 %, 0 %, 0 MiB, 23028 MiB
2026/02/25 17:04:41.889, 0, NVIDIA A10G, 22 %, 7 %, 1781 MiB, 23028 MiB
2026/02/25 17:04:41.889, 1, NVIDIA A10G, 0 %, 0 %, 2415 MiB, 23028 MiB
2026/02/25 17:04:41.889, 2, NVIDIA A10G, 0 %, 0 %, 0 MiB, 23028 MiB
2026/02/25 17:04:41.889, 3, NVIDIA A10G, 0 %, 0 %, 0 MiB, 23028 MiB
2026/02/25 17:04:42.890, 0, NVIDIA A10G, 22 %, 7 %, 1781 MiB, 23028 MiB
2026/02/25 17:04:42.890, 1, NVIDIA A10G, 0 %, 0 %, 2415 MiB, 23028 MiB
2026/02/25 17:04:42.890, 2, NVIDIA A10G, 0 %, 0 %, 0 MiB, 23028 MiB
2026/02/25 17:04:42.890, 3, NVIDIA A10G, 0 %, 0 %, 0 MiB, 23028 MiB
2026/02/25 17:04:43.890, 0, NVIDIA A10G, 23 %, 9 %, 1781 MiB, 23028 MiB
2026/02/25 17:04:43.890, 1, NVIDIA A10G, 0 %, 0 %, 2415 MiB, 23028 MiB
2026/02/25 17:04:43.890, 2, NVIDIA A10G, 0 %, 0 %, 0 MiB, 23028 MiB
2026/02/25 17:04:43.890, 3, NVIDIA A10G, 0 %, 0 %, 0 MiB, 23028 MiB
2026/02/25 17:04:44.890, 0, NVIDIA A10G, 0 %, 0 %, 1781 MiB, 23028 MiB
2026/02/25 17:04:44.890, 1, NVIDIA A10G, 20 %, 6 %, 2415 MiB, 23028 MiB
2026/02/25 17:04:44.890, 2, NVIDIA A10G, 0 %, 0 %, 0 MiB, 23028 MiB
2026/02/25 17:04:44.891, 3, NVIDIA A10G, 0 %, 0 %, 0 MiB, 23028 MiB
2026/02/25 17:04:45.891, 0, NVIDIA A10G, 0 %, 0 %, 1781 MiB, 23028 MiB
2026/02/25 17:04:45.891, 1, NVIDIA A10G, 22 %, 8 %, 2415 MiB, 23028 MiB
2026/02/25 17:04:45.891, 2, NVIDIA A10G, 0 %, 0 %, 0 MiB, 23028 MiB
2026/02/25 17:04:45.891, 3, NVIDIA A10G, 0 %, 0 %, 0 MiB, 23028 MiB
2026/02/25 17:04:46.891, 0, NVIDIA A10G, 0 %, 0 %, 1781 MiB, 23028 MiB
2026/02/25 17:04:46.891, 1, NVIDIA A10G, 20 %, 6 %, 2415 MiB, 23028 MiB
2026/02/25 17:04:46.891, 2, NVIDIA A10G, 0 %, 0 %, 0 MiB, 23028 MiB
2026/02/25 17:04:46.891, 3, NVIDIA A10G, 0 %, 0 %, 0 MiB, 23028 MiB
2026/02/25 17:04:47.891, 0, NVIDIA A10G, 0 %, 0 %, 1781 MiB, 23028 MiB
2026/02/25 17:04:47.891, 1, NVIDIA A10G, 20 %, 6 %, 2415 MiB, 23028 MiB
2026/02/25 17:04:47.892, 2, NVIDIA A10G, 0 %, 0 %, 0 MiB, 23028 MiB
2026/02/25 17:04:47.892, 3, NVIDIA A10G, 0 %, 0 %, 0 MiB, 23028 MiB
2026/02/25 17:04:48.892, 0, NVIDIA A10G, 0 %, 0 %, 1781 MiB, 23028 MiB
2026/02/25 17:04:48.892, 1, NVIDIA A10G, 21 %, 7 %, 2415 MiB, 23028 MiB
2026/02/25 17:04:48.892, 2, NVIDIA A10G, 0 %, 0 %, 0 MiB, 23028 MiB
2026/02/25 17:04:48.892, 3, NVIDIA A10G, 0 %, 0 %, 0 MiB, 23028 MiB
2026/02/25 17:04:49.892, 0, NVIDIA A10G, 0 %, 0 %, 1781 MiB, 23028 MiB
2026/02/25 17:04:49.892, 1, NVIDIA A10G, 20 %, 6 %, 2415 MiB, 23028 MiB
2026/02/25 17:04:49.892, 2, NVIDIA A10G, 0 %, 0 %, 0 MiB, 23028 MiB
2026/02/25 17:04:49.892, 3, NVIDIA A10G, 0 %, 0 %, 0 MiB, 23028 MiB
2026/02/25 17:04:50.892, 0, NVIDIA A10G, 0 %, 0 %, 1781 MiB, 23028 MiB
2026/02/25 17:04:50.893, 1, NVIDIA A10G, 20 %, 6 %, 2415 MiB, 23028 MiB
2026/02/25 17:04:50.893, 2, NVIDIA A10G, 0 %, 0 %, 0 MiB, 23028 MiB
2026/02/25 17:04:50.893, 3, NVIDIA A10G, 0 %, 0 %, 0 MiB, 23028 MiB
2026/02/25 17:04:51.893, 0, NVIDIA A10G, 0 %, 0 %, 1781 MiB, 23028 MiB
2026/02/25 17:04:51.893, 1, NVIDIA A10G, 20 %, 7 %, 2415 MiB, 23028 MiB
2026/02/25 17:04:51.893, 2, NVIDIA A10G, 0 %, 0 %, 0 MiB, 23028 MiB
2026/02/25 17:04:51.893, 3, NVIDIA A10G, 0 %, 0 %, 0 MiB, 23028 MiB
2026/02/25 17:04:52.893, 0, NVIDIA A10G, 0 %, 0 %, 1781 MiB, 23028 MiB
2026/02/25 17:04:52.893, 1, NVIDIA A10G, 18 %, 6 %, 2415 MiB, 23028 MiB
2026/02/25 17:04:52.893, 2, NVIDIA A10G, 0 %, 0 %, 0 MiB, 23028 MiB
2026/02/25 17:04:52.893, 3, NVIDIA A10G, 0 %, 0 %, 0 MiB, 23028 MiB
2026/02/25 17:04:53.894, 0, NVIDIA A10G, 0 %, 0 %, 1781 MiB, 23028 MiB
2026/02/25 17:04:53.894, 1, NVIDIA A10G, 20 %, 6 %, 2415 MiB, 23028 MiB
2026/02/25 17:04:53.894, 2, NVIDIA A10G, 0 %, 0 %, 0 MiB, 23028 MiB
2026/02/25 17:04:53.894, 3, NVIDIA A10G, 0 %, 0 %, 0 MiB, 23028 MiB
2026/02/25 17:04:54.894, 0, NVIDIA A10G, 21 %, 7 %, 1781 MiB, 23028 MiB
2026/02/25 17:04:54.894, 1, NVIDIA A10G, 21 %, 6 %, 2415 MiB, 23028 MiB
2026/02/25 17:04:54.894, 2, NVIDIA A10G, 0 %, 0 %, 0 MiB, 23028 MiB
2026/02/25 17:04:54.894, 3, NVIDIA A10G, 0 %, 0 %, 0 MiB, 23028 MiB
2026/02/25 17:04:55.894, 0, NVIDIA A10G, 21 %, 7 %, 1781 MiB, 23028 MiB
2026/02/25 17:04:55.894, 1, NVIDIA A10G, 14 %, 4 %, 2415 MiB, 23028 MiB
2026/02/25 17:04:55.895, 2, NVIDIA A10G, 0 %, 0 %, 0 MiB, 23028 MiB
2026/02/25 17:04:55.895, 3, NVIDIA A10G, 0 %, 0 %, 0 MiB, 23028 MiB
2026/02/25 17:04:56.895, 0, NVIDIA A10G, 20 %, 7 %, 1781 MiB, 23028 MiB
2026/02/25 17:04:56.895, 1, NVIDIA A10G, 0 %, 0 %, 2415 MiB, 23028 MiB
2026/02/25 17:04:56.895, 2, NVIDIA A10G, 0 %, 0 %, 0 MiB, 23028 MiB
2026/02/25 17:04:56.895, 3, NVIDIA A10G, 0 %, 0 %, 0 MiB, 23028 MiB
2026/02/25 17:04:57.895, 0, NVIDIA A10G, 23 %, 9 %, 1781 MiB, 23028 MiB
2026/02/25 17:04:57.895, 1, NVIDIA A10G, 0 %, 0 %, 2415 MiB, 23028 MiB
2026/02/25 17:04:57.895, 2, NVIDIA A10G, 0 %, 0 %, 0 MiB, 23028 MiB
2026/02/25 17:04:57.895, 3, NVIDIA A10G, 0 %, 0 %, 0 MiB, 23028 MiB
2026/02/25 17:04:58.895, 0, NVIDIA A10G, 22 %, 7 %, 1781 MiB, 23028 MiB
2026/02/25 17:04:58.896, 1, NVIDIA A10G, 0 %, 0 %, 2415 MiB, 23028 MiB
2026/02/25 17:04:58.896, 2, NVIDIA A10G, 0 %, 0 %, 0 MiB, 23028 MiB
2026/02/25 17:04:58.896, 3, NVIDIA A10G, 0 %, 0 %, 0 MiB, 23028 MiB
2026/02/25 17:04:59.896, 0, NVIDIA A10G, 24 %, 9 %, 1781 MiB, 23028 MiB
2026/02/25 17:04:59.896, 1, NVIDIA A10G, 0 %, 0 %, 2415 MiB, 23028 MiB
2026/02/25 17:04:59.896, 2, NVIDIA A10G, 0 %, 0 %, 0 MiB, 23028 MiB
2026/02/25 17:04:59.896, 3, NVIDIA A10G, 0 %, 0 %, 0 MiB, 23028 MiB
2026/02/25 17:05:00.896, 0, NVIDIA A10G, 21 %, 7 %, 1781 MiB, 23028 MiB
2026/02/25 17:05:00.896, 1, NVIDIA A10G, 21 %, 7 %, 2415 MiB, 23028 MiB
2026/02/25 17:05:00.896, 2, NVIDIA A10G, 0 %, 0 %, 0 MiB, 23028 MiB
2026/02/25 17:05:00.896, 3, NVIDIA A10G, 0 %, 0 %, 0 MiB, 23028 MiB
2026/02/25 17:05:01.896, 0, NVIDIA A10G, 22 %, 7 %, 1781 MiB, 23028 MiB
2026/02/25 17:05:01.897, 1, NVIDIA A10G, 20 %, 6 %, 2415 MiB, 23028 MiB
2026/02/25 17:05:01.897, 2, NVIDIA A10G, 0 %, 0 %, 0 MiB, 23028 MiB
2026/02/25 17:05:01.897, 3, NVIDIA A10G, 0 %, 0 %, 0 MiB, 23028 MiB
2026/02/25 17:05:02.897, 0, NVIDIA A10G, 22 %, 7 %, 1781 MiB, 23028 MiB
2026/02/25 17:05:02.897, 1, NVIDIA A10G, 21 %, 7 %, 2415 MiB, 23028 MiB
2026/02/25 17:05:02.897, 2, NVIDIA A10G, 0 %, 0 %, 0 MiB, 23028 MiB
2026/02/25 17:05:02.897, 3, NVIDIA A10G, 0 %, 0 %, 0 MiB, 23028 MiB
2026/02/25 17:05:03.897, 0, NVIDIA A10G, 0 %, 0 %, 1781 MiB, 23028 MiB
2026/02/25 17:05:03.897, 1, NVIDIA A10G, 21 %, 7 %, 2415 MiB, 23028 MiB
2026/02/25 17:05:03.897, 2, NVIDIA A10G, 0 %, 0 %, 0 MiB, 23028 MiB
2026/02/25 17:05:03.897, 3, NVIDIA A10G, 0 %, 0 %, 0 MiB, 23028 MiB
2026/02/25 17:05:04.898, 0, NVIDIA A10G, 0 %, 0 %, 1781 MiB, 23028 MiB
2026/02/25 17:05:04.898, 1, NVIDIA A10G, 0 %, 0 %, 2415 MiB, 23028 MiB
2026/02/25 17:05:04.898, 2, NVIDIA A10G, 0 %, 0 %, 0 MiB, 23028 MiB
2026/02/25 17:05:04.898, 3, NVIDIA A10G, 0 %, 0 %, 0 MiB, 23028 MiB
2026/02/25 17:05:05.898, 0, NVIDIA A10G, 0 %, 0 %, 1781 MiB, 23028 MiB
2026/02/25 17:05:05.898, 1, NVIDIA A10G, 0 %, 0 %, 2415 MiB, 23028 MiB
2026/02/25 17:05:05.898, 2, NVIDIA A10G, 0 %, 0 %, 0 MiB, 23028 MiB
2026/02/25 17:05:05.898, 3, NVIDIA A10G, 0 %, 0 %, 0 MiB, 23028 MiB
2026/02/25 17:05:06.898, 0, NVIDIA A10G, 0 %, 0 %, 1781 MiB, 23028 MiB
2026/02/25 17:05:06.899, 1, NVIDIA A10G, 0 %, 0 %, 2415 MiB, 23028 MiB
2026/02/25 17:05:06.899, 2, NVIDIA A10G, 0 %, 0 %, 0 MiB, 23028 MiB
2026/02/25 17:05:06.899, 3, NVIDIA A10G, 0 %, 0 %, 0 MiB, 23028 MiB
2026/02/25 17:05:07.899, 0, NVIDIA A10G, 21 %, 7 %, 1781 MiB, 23028 MiB
2026/02/25 17:05:07.899, 1, NVIDIA A10G, 0 %, 0 %, 2415 MiB, 23028 MiB
2026/02/25 17:05:07.899, 2, NVIDIA A10G, 0 %, 0 %, 0 MiB, 23028 MiB
2026/02/25 17:05:07.899, 3, NVIDIA A10G, 0 %, 0 %, 0 MiB, 23028 MiB
2026/02/25 17:05:08.899, 0, NVIDIA A10G, 24 %, 9 %, 1781 MiB, 23028 MiB
2026/02/25 17:05:08.899, 1, NVIDIA A10G, 0 %, 0 %, 2415 MiB, 23028 MiB
2026/02/25 17:05:08.899, 2, NVIDIA A10G, 0 %, 0 %, 0 MiB, 23028 MiB
2026/02/25 17:05:08.899, 3, NVIDIA A10G, 0 %, 0 %, 0 MiB, 23028 MiB
2026/02/25 17:05:09.900, 0, NVIDIA A10G, 19 %, 6 %, 1781 MiB, 23028 MiB
2026/02/25 17:05:09.900, 1, NVIDIA A10G, 0 %, 0 %, 2415 MiB, 23028 MiB
2026/02/25 17:05:09.900, 2, NVIDIA A10G, 0 %, 0 %, 0 MiB, 23028 MiB
2026/02/25 17:05:09.900, 3, NVIDIA A10G, 0 %, 0 %, 0 MiB, 23028 MiB
2026/02/25 17:05:10.900, 0, NVIDIA A10G, 22 %, 7 %, 1781 MiB, 23028 MiB
2026/02/25 17:05:10.900, 1, NVIDIA A10G, 0 %, 0 %, 2415 MiB, 23028 MiB
2026/02/25 17:05:10.900, 2, NVIDIA A10G, 0 %, 0 %, 0 MiB, 23028 MiB
2026/02/25 17:05:10.900, 3, NVIDIA A10G, 0 %, 0 %, 0 MiB, 23028 MiB
2026/02/25 17:05:11.901, 0, NVIDIA A10G, 23 %, 8 %, 1781 MiB, 23028 MiB
2026/02/25 17:05:11.901, 1, NVIDIA A10G, 23 %, 8 %, 2415 MiB, 23028 MiB
2026/02/25 17:05:11.901, 2, NVIDIA A10G, 0 %, 0 %, 0 MiB, 23028 MiB
2026/02/25 17:05:11.901, 3, NVIDIA A10G, 0 %, 0 %, 0 MiB, 23028 MiB
2026/02/25 17:05:12.901, 0, NVIDIA A10G, 2 %, 1 %, 1781 MiB, 23028 MiB
2026/02/25 17:05:12.901, 1, NVIDIA A10G, 23 %, 8 %, 2415 MiB, 23028 MiB
2026/02/25 17:05:12.901, 2, NVIDIA A10G, 0 %, 0 %, 0 MiB, 23028 MiB
2026/02/25 17:05:12.901, 3, NVIDIA A10G, 0 %, 0 %, 0 MiB, 23028 MiB
2026/02/25 17:05:13.901, 0, NVIDIA A10G, 0 %, 0 %, 1781 MiB, 23028 MiB
2026/02/25 17:05:13.901, 1, NVIDIA A10G, 22 %, 8 %, 2415 MiB, 23028 MiB
2026/02/25 17:05:13.902, 2, NVIDIA A10G, 0 %, 0 %, 0 MiB, 23028 MiB
2026/02/25 17:05:13.902, 3, NVIDIA A10G, 0 %, 0 %, 0 MiB, 23028 MiB
2026/02/25 17:05:14.902, 0, NVIDIA A10G, 0 %, 0 %, 1781 MiB, 23028 MiB
2026/02/25 17:05:14.902, 1, NVIDIA A10G, 21 %, 7 %, 2415 MiB, 23028 MiB
2026/02/25 17:05:14.902, 2, NVIDIA A10G, 0 %, 0 %, 0 MiB, 23028 MiB
2026/02/25 17:05:14.902, 3, NVIDIA A10G, 0 %, 0 %, 0 MiB, 23028 MiB
2026/02/25 17:05:15.902, 0, NVIDIA A10G, 0 %, 0 %, 1781 MiB, 23028 MiB
2026/02/25 17:05:15.902, 1, NVIDIA A10G, 20 %, 7 %, 2415 MiB, 23028 MiB
2026/02/25 17:05:15.902, 2, NVIDIA A10G, 0 %, 0 %, 0 MiB, 23028 MiB
2026/02/25 17:05:15.902, 3, NVIDIA A10G, 0 %, 0 %, 0 MiB, 23028 MiB
2026/02/25 17:05:16.903, 0, NVIDIA A10G, 0 %, 0 %, 1781 MiB, 23028 MiB
2026/02/25 17:05:16.903, 1, NVIDIA A10G, 19 %, 6 %, 2415 MiB, 23028 MiB
2026/02/25 17:05:16.903, 2, NVIDIA A10G, 0 %, 0 %, 0 MiB, 23028 MiB
2026/02/25 17:05:16.903, 3, NVIDIA A10G, 0 %, 0 %, 0 MiB, 23028 MiB
2026/02/25 17:05:17.903, 0, NVIDIA A10G, 0 %, 0 %, 1781 MiB, 23028 MiB
2026/02/25 17:05:17.903, 1, NVIDIA A10G, 19 %, 6 %, 2415 MiB, 23028 MiB
2026/02/25 17:05:17.903, 2, NVIDIA A10G, 0 %, 0 %, 0 MiB, 23028 MiB
2026/02/25 17:05:17.903, 3, NVIDIA A10G, 0 %, 0 %, 0 MiB, 23028 MiB
2026/02/25 17:05:18.904, 0, NVIDIA A10G, 0 %, 0 %, 1781 MiB, 23028 MiB
2026/02/25 17:05:18.904, 1, NVIDIA A10G, 21 %, 7 %, 2415 MiB, 23028 MiB
2026/02/25 17:05:18.904, 2, NVIDIA A10G, 0 %, 0 %, 0 MiB, 23028 MiB
2026/02/25 17:05:18.904, 3, NVIDIA A10G, 0 %, 0 %, 0 MiB, 23028 MiB
2026/02/25 17:05:19.904, 0, NVIDIA A10G, 0 %, 0 %, 1781 MiB, 23028 MiB
2026/02/25 17:05:19.904, 1, NVIDIA A10G, 0 %, 0 %, 2415 MiB, 23028 MiB
2026/02/25 17:05:19.904, 2, NVIDIA A10G, 0 %, 0 %, 0 MiB, 23028 MiB
2026/02/25 17:05:19.904, 3, NVIDIA A10G, 0 %, 0 %, 0 MiB, 23028 MiB
2026/02/25 17:05:20.905, 0, NVIDIA A10G, 0 %, 0 %, 1781 MiB, 23028 MiB
2026/02/25 17:05:20.905, 1, NVIDIA A10G, 0 %, 0 %, 2415 MiB, 23028 MiB
2026/02/25 17:05:20.905, 2, NVIDIA A10G, 0 %, 0 %, 0 MiB, 23028 MiB
2026/02/25 17:05:20.905, 3, NVIDIA A10G, 0 %, 0 %, 0 MiB, 23028 MiB
2026/02/25 17:05:21.905, 0, NVIDIA A10G, 0 %, 0 %, 1781 MiB, 23028 MiB
2026/02/25 17:05:21.905, 1, NVIDIA A10G, 0 %, 0 %, 2415 MiB, 23028 MiB
2026/02/25 17:05:21.905, 2, NVIDIA A10G, 0 %, 0 %, 0 MiB, 23028 MiB
2026/02/25 17:05:21.905, 3, NVIDIA A10G, 0 %, 0 %, 0 MiB, 23028 MiB
2026/02/25 17:05:22.905, 0, NVIDIA A10G, 0 %, 0 %, 1781 MiB, 23028 MiB
2026/02/25 17:05:22.905, 1, NVIDIA A10G, 0 %, 0 %, 2415 MiB, 23028 MiB
2026/02/25 17:05:22.905, 2, NVIDIA A10G, 0 %, 0 %, 0 MiB, 23028 MiB
2026/02/25 17:05:22.905, 3, NVIDIA A10G, 0 %, 0 %, 0 MiB, 23028 MiB
2026/02/25 17:05:23.906, 0, NVIDIA A10G, 0 %, 0 %, 1781 MiB, 23028 MiB
2026/02/25 17:05:23.906, 1, NVIDIA A10G, 0 %, 0 %, 2415 MiB, 23028 MiB
2026/02/25 17:05:23.906, 2, NVIDIA A10G, 0 %, 0 %, 0 MiB, 23028 MiB
2026/02/25 17:05:23.906, 3, NVIDIA A10G, 0 %, 0 %, 0 MiB, 23028 MiB
2026/02/25 17:05:24.906, 0, NVIDIA A10G, 0 %, 0 %, 1781 MiB, 23028 MiB
2026/02/25 17:05:24.906, 1, NVIDIA A10G, 0 %, 0 %, 2415 MiB, 23028 MiB
2026/02/25 17:05:24.906, 2, NVIDIA A10G, 0 %, 0 %, 0 MiB, 23028 MiB
2026/02/25 17:05:24.906, 3, NVIDIA A10G, 0 %, 0 %, 0 MiB, 23028 MiB
2026/02/25 17:05:25.906, 0, NVIDIA A10G, 0 %, 0 %, 1781 MiB, 23028 MiB
2026/02/25 17:05:25.906, 1, NVIDIA A10G, 0 %, 0 %, 2415 MiB, 23028 MiB
2026/02/25 17:05:25.906, 2, NVIDIA A10G, 0 %, 0 %, 0 MiB, 23028 MiB
2026/02/25 17:05:25.906, 3, NVIDIA A10G, 0 %, 0 %, 0 MiB, 23028 MiB
2026/02/25 17:05:26.907, 0, NVIDIA A10G, 0 %, 0 %, 1781 MiB, 23028 MiB
2026/02/25 17:05:26.907, 1, NVIDIA A10G, 0 %, 0 %, 2415 MiB, 23028 MiB
2026/02/25 17:05:26.907, 2, NVIDIA A10G, 0 %, 0 %, 0 MiB, 23028 MiB
2026/02/25 17:05:26.907, 3, NVIDIA A10G, 0 %, 0 %, 0 MiB, 23028 MiB
2026/02/25 17:05:27.907, 0, NVIDIA A10G, 20 %, 6 %, 1781 MiB, 23028 MiB
2026/02/25 17:05:27.907, 1, NVIDIA A10G, 0 %, 0 %, 2415 MiB, 23028 MiB
2026/02/25 17:05:27.907, 2, NVIDIA A10G, 0 %, 0 %, 0 MiB, 23028 MiB
2026/02/25 17:05:27.907, 3, NVIDIA A10G, 0 %, 0 %, 0 MiB, 23028 MiB
2026/02/25 17:05:28.907, 0, NVIDIA A10G, 21 %, 7 %, 1781 MiB, 23028 MiB
2026/02/25 17:05:28.907, 1, NVIDIA A10G, 0 %, 0 %, 2415 MiB, 23028 MiB
2026/02/25 17:05:28.907, 2, NVIDIA A10G, 0 %, 0 %, 0 MiB, 23028 MiB
2026/02/25 17:05:28.908, 3, NVIDIA A10G, 0 %, 0 %, 0 MiB, 23028 MiB
2026/02/25 17:05:29.908, 0, NVIDIA A10G, 21 %, 7 %, 1781 MiB, 23028 MiB
2026/02/25 17:05:29.908, 1, NVIDIA A10G, 0 %, 0 %, 2415 MiB, 23028 MiB
2026/02/25 17:05:29.908, 2, NVIDIA A10G, 0 %, 0 %, 0 MiB, 23028 MiB
2026/02/25 17:05:29.908, 3, NVIDIA A10G, 0 %, 0 %, 0 MiB, 23028 MiB
2026/02/25 17:05:30.908, 0, NVIDIA A10G, 21 %, 7 %, 1781 MiB, 23028 MiB
2026/02/25 17:05:30.908, 1, NVIDIA A10G, 0 %, 0 %, 2415 MiB, 23028 MiB
2026/02/25 17:05:30.908, 2, NVIDIA A10G, 0 %, 0 %, 0 MiB, 23028 MiB
2026/02/25 17:05:30.908, 3, NVIDIA A10G, 0 %, 0 %, 0 MiB, 23028 MiB
2026/02/25 17:05:31.908, 0, NVIDIA A10G, 19 %, 6 %, 1781 MiB, 23028 MiB
2026/02/25 17:05:31.909, 1, NVIDIA A10G, 0 %, 0 %, 2415 MiB, 23028 MiB
2026/02/25 17:05:31.909, 2, NVIDIA A10G, 0 %, 0 %, 0 MiB, 23028 MiB
2026/02/25 17:05:31.909, 3, NVIDIA A10G, 0 %, 0 %, 0 MiB, 23028 MiB
2026/02/25 17:05:32.909, 0, NVIDIA A10G, 22 %, 7 %, 1781 MiB, 23028 MiB
2026/02/25 17:05:32.909, 1, NVIDIA A10G, 20 %, 11 %, 2415 MiB, 23028 MiB
2026/02/25 17:05:32.909, 2, NVIDIA A10G, 0 %, 0 %, 0 MiB, 23028 MiB
2026/02/25 17:05:32.909, 3, NVIDIA A10G, 0 %, 0 %, 0 MiB, 23028 MiB
2026/02/25 17:05:33.909, 0, NVIDIA A10G, 21 %, 7 %, 1781 MiB, 23028 MiB
2026/02/25 17:05:33.909, 1, NVIDIA A10G, 21 %, 8 %, 2415 MiB, 23028 MiB
2026/02/25 17:05:33.909, 2, NVIDIA A10G, 0 %, 0 %, 0 MiB, 23028 MiB
2026/02/25 17:05:33.909, 3, NVIDIA A10G, 0 %, 0 %, 0 MiB, 23028 MiB
2026/02/25 17:05:34.909, 0, NVIDIA A10G, 21 %, 7 %, 1781 MiB, 23028 MiB
2026/02/25 17:05:34.910, 1, NVIDIA A10G, 22 %, 7 %, 2415 MiB, 23028 MiB
2026/02/25 17:05:34.910, 2, NVIDIA A10G, 0 %, 0 %, 0 MiB, 23028 MiB
2026/02/25 17:05:34.910, 3, NVIDIA A10G, 0 %, 0 %, 0 MiB, 23028 MiB
2026/02/25 17:05:35.910, 0, NVIDIA A10G, 20 %, 7 %, 1781 MiB, 23028 MiB
2026/02/25 17:05:35.910, 1, NVIDIA A10G, 19 %, 7 %, 2415 MiB, 23028 MiB
2026/02/25 17:05:35.910, 2, NVIDIA A10G, 0 %, 0 %, 0 MiB, 23028 MiB
2026/02/25 17:05:35.910, 3, NVIDIA A10G, 0 %, 0 %, 0 MiB, 23028 MiB
2026/02/25 17:05:36.910, 0, NVIDIA A10G, 20 %, 6 %, 1781 MiB, 23028 MiB
2026/02/25 17:05:36.910, 1, NVIDIA A10G, 22 %, 8 %, 2415 MiB, 23028 MiB
2026/02/25 17:05:36.910, 2, NVIDIA A10G, 0 %, 0 %, 0 MiB, 23028 MiB
2026/02/25 17:05:36.910, 3, NVIDIA A10G, 0 %, 0 %, 0 MiB, 23028 MiB
2026/02/25 17:05:37.911, 0, NVIDIA A10G, 23 %, 8 %, 1781 MiB, 23028 MiB
2026/02/25 17:05:37.911, 1, NVIDIA A10G, 20 %, 7 %, 2415 MiB, 23028 MiB
2026/02/25 17:05:37.911, 2, NVIDIA A10G, 0 %, 0 %, 0 MiB, 23028 MiB
2026/02/25 17:05:37.911, 3, NVIDIA A10G, 0 %, 0 %, 0 MiB, 23028 MiB
2026/02/25 17:05:38.911, 0, NVIDIA A10G, 21 %, 7 %, 1781 MiB, 23028 MiB
2026/02/25 17:05:38.911, 1, NVIDIA A10G, 21 %, 7 %, 2415 MiB, 23028 MiB
2026/02/25 17:05:38.911, 2, NVIDIA A10G, 0 %, 0 %, 0 MiB, 23028 MiB
2026/02/25 17:05:38.911, 3, NVIDIA A10G, 0 %, 0 %, 0 MiB, 23028 MiB
2026/02/25 17:05:39.911, 0, NVIDIA A10G, 21 %, 7 %, 1781 MiB, 23028 MiB
2026/02/25 17:05:39.911, 1, NVIDIA A10G, 22 %, 8 %, 2415 MiB, 23028 MiB
2026/02/25 17:05:39.911, 2, NVIDIA A10G, 0 %, 0 %, 0 MiB, 23028 MiB
2026/02/25 17:05:39.912, 3, NVIDIA A10G, 0 %, 0 %, 0 MiB, 23028 MiB
2026/02/25 17:05:40.912, 0, NVIDIA A10G, 18 %, 5 %, 1781 MiB, 23028 MiB
2026/02/25 17:05:40.912, 1, NVIDIA A10G, 23 %, 8 %, 2415 MiB, 23028 MiB
2026/02/25 17:05:40.912, 2, NVIDIA A10G, 0 %, 0 %, 0 MiB, 23028 MiB
2026/02/25 17:05:40.912, 3, NVIDIA A10G, 0 %, 0 %, 0 MiB, 23028 MiB
2026/02/25 17:05:41.912, 0, NVIDIA A10G, 21 %, 7 %, 1781 MiB, 23028 MiB
2026/02/25 17:05:41.912, 1, NVIDIA A10G, 23 %, 8 %, 2415 MiB, 23028 MiB
2026/02/25 17:05:41.912, 2, NVIDIA A10G, 0 %, 0 %, 0 MiB, 23028 MiB
2026/02/25 17:05:41.912, 3, NVIDIA A10G, 0 %, 0 %, 0 MiB, 23028 MiB
2026/02/25 17:05:42.913, 0, NVIDIA A10G, 19 %, 6 %, 1781 MiB, 23028 MiB
2026/02/25 17:05:42.913, 1, NVIDIA A10G, 20 %, 7 %, 2415 MiB, 23028 MiB
2026/02/25 17:05:42.913, 2, NVIDIA A10G, 0 %, 0 %, 0 MiB, 23028 MiB
2026/02/25 17:05:42.913, 3, NVIDIA A10G, 0 %, 0 %, 0 MiB, 23028 MiB
2026/02/25 17:05:43.913, 0, NVIDIA A10G, 14 %, 5 %, 1781 MiB, 23028 MiB
2026/02/25 17:05:43.913, 1, NVIDIA A10G, 22 %, 8 %, 2415 MiB, 23028 MiB
2026/02/25 17:05:43.913, 2, NVIDIA A10G, 0 %, 0 %, 0 MiB, 23028 MiB
2026/02/25 17:05:43.913, 3, NVIDIA A10G, 0 %, 0 %, 0 MiB, 23028 MiB
2026/02/25 17:05:44.913, 0, NVIDIA A10G, 0 %, 0 %, 1781 MiB, 23028 MiB
2026/02/25 17:05:44.913, 1, NVIDIA A10G, 22 %, 7 %, 2415 MiB, 23028 MiB
2026/02/25 17:05:44.914, 2, NVIDIA A10G, 0 %, 0 %, 0 MiB, 23028 MiB
2026/02/25 17:05:44.914, 3, NVIDIA A10G, 0 %, 0 %, 0 MiB, 23028 MiB
2026/02/25 17:05:45.914, 0, NVIDIA A10G, 0 %, 0 %, 1781 MiB, 23028 MiB
2026/02/25 17:05:45.914, 1, NVIDIA A10G, 22 %, 7 %, 2415 MiB, 23028 MiB
2026/02/25 17:05:45.914, 2, NVIDIA A10G, 0 %, 0 %, 0 MiB, 23028 MiB
2026/02/25 17:05:45.914, 3, NVIDIA A10G, 0 %, 0 %, 0 MiB, 23028 MiB
2026/02/25 17:05:46.914, 0, NVIDIA A10G, 0 %, 0 %, 1781 MiB, 23028 MiB
2026/02/25 17:05:46.914, 1, NVIDIA A10G, 0 %, 0 %, 2415 MiB, 23028 MiB
2026/02/25 17:05:46.914, 2, NVIDIA A10G, 0 %, 0 %, 0 MiB, 23028 MiB
2026/02/25 17:05:46.914, 3, NVIDIA A10G, 0 %, 0 %, 0 MiB, 23028 MiB
2026/02/25 17:05:47.914, 0, NVIDIA A10G, 0 %, 0 %, 1781 MiB, 23028 MiB
2026/02/25 17:05:47.915, 1, NVIDIA A10G, 0 %, 0 %, 2415 MiB, 23028 MiB
2026/02/25 17:05:47.915, 2, NVIDIA A10G, 0 %, 0 %, 0 MiB, 23028 MiB
2026/02/25 17:05:47.915, 3, NVIDIA A10G, 0 %, 0 %, 0 MiB, 23028 MiB
2026/02/25 17:05:48.915, 0, NVIDIA A10G, 0 %, 0 %, 1781 MiB, 23028 MiB
2026/02/25 17:05:48.915, 1, NVIDIA A10G, 0 %, 0 %, 2415 MiB, 23028 MiB
2026/02/25 17:05:48.915, 2, NVIDIA A10G, 0 %, 0 %, 0 MiB, 23028 MiB
2026/02/25 17:05:48.915, 3, NVIDIA A10G, 0 %, 0 %, 0 MiB, 23028 MiB
2026/02/25 17:05:49.915, 0, NVIDIA A10G, 0 %, 0 %, 1781 MiB, 23028 MiB
2026/02/25 17:05:49.915, 1, NVIDIA A10G, 17 %, 5 %, 2415 MiB, 23028 MiB
2026/02/25 17:05:49.915, 2, NVIDIA A10G, 0 %, 0 %, 0 MiB, 23028 MiB
2026/02/25 17:05:49.915, 3, NVIDIA A10G, 0 %, 0 %, 0 MiB, 23028 MiB
2026/02/25 17:05:50.916, 0, NVIDIA A10G, 93 %, 64 %, 1781 MiB, 23028 MiB
2026/02/25 17:05:50.916, 1, NVIDIA A10G, 21 %, 7 %, 2415 MiB, 23028 MiB
2026/02/25 17:05:50.916, 2, NVIDIA A10G, 0 %, 0 %, 0 MiB, 23028 MiB
2026/02/25 17:05:50.916, 3, NVIDIA A10G, 0 %, 0 %, 0 MiB, 23028 MiB
2026/02/25 17:05:51.916, 0, NVIDIA A10G, 20 %, 7 %, 1781 MiB, 23028 MiB
2026/02/25 17:05:51.916, 1, NVIDIA A10G, 22 %, 7 %, 2415 MiB, 23028 MiB
2026/02/25 17:05:51.916, 2, NVIDIA A10G, 0 %, 0 %, 0 MiB, 23028 MiB
2026/02/25 17:05:51.916, 3, NVIDIA A10G, 0 %, 0 %, 0 MiB, 23028 MiB
2026/02/25 17:05:52.916, 0, NVIDIA A10G, 22 %, 7 %, 1781 MiB, 23028 MiB
2026/02/25 17:05:52.916, 1, NVIDIA A10G, 21 %, 7 %, 2415 MiB, 23028 MiB
2026/02/25 17:05:52.916, 2, NVIDIA A10G, 0 %, 0 %, 0 MiB, 23028 MiB
2026/02/25 17:05:52.916, 3, NVIDIA A10G, 0 %, 0 %, 0 MiB, 23028 MiB
2026/02/25 17:05:53.916, 0, NVIDIA A10G, 22 %, 7 %, 1781 MiB, 23028 MiB
2026/02/25 17:05:53.917, 1, NVIDIA A10G, 0 %, 0 %, 2415 MiB, 23028 MiB
2026/02/25 17:05:53.917, 2, NVIDIA A10G, 0 %, 0 %, 0 MiB, 23028 MiB
2026/02/25 17:05:53.917, 3, NVIDIA A10G, 0 %, 0 %, 0 MiB, 23028 MiB
2026/02/25 17:05:54.917, 0, NVIDIA A10G, 26 %, 10 %, 1781 MiB, 23028 MiB
2026/02/25 17:05:54.917, 1, NVIDIA A10G, 0 %, 0 %, 2415 MiB, 23028 MiB
2026/02/25 17:05:54.917, 2, NVIDIA A10G, 0 %, 0 %, 0 MiB, 23028 MiB
2026/02/25 17:05:54.917, 3, NVIDIA A10G, 0 %, 0 %, 0 MiB, 23028 MiB
2026/02/25 17:05:55.917, 0, NVIDIA A10G, 23 %, 8 %, 1781 MiB, 23028 MiB
2026/02/25 17:05:55.917, 1, NVIDIA A10G, 0 %, 0 %, 2415 MiB, 23028 MiB
2026/02/25 17:05:55.917, 2, NVIDIA A10G, 0 %, 0 %, 0 MiB, 23028 MiB
2026/02/25 17:05:55.917, 3, NVIDIA A10G, 0 %, 0 %, 0 MiB, 23028 MiB
2026/02/25 17:05:56.917, 0, NVIDIA A10G, 21 %, 7 %, 1781 MiB, 23028 MiB
2026/02/25 17:05:56.917, 1, NVIDIA A10G, 0 %, 0 %, 2415 MiB, 23028 MiB
2026/02/25 17:05:56.918, 2, NVIDIA A10G, 0 %, 0 %, 0 MiB, 23028 MiB
2026/02/25 17:05:56.918, 3, NVIDIA A10G, 0 %, 0 %, 0 MiB, 23028 MiB
2026/02/25 17:05:57.918, 0, NVIDIA A10G, 23 %, 8 %, 1781 MiB, 23028 MiB
2026/02/25 17:05:57.918, 1, NVIDIA A10G, 0 %, 0 %, 2415 MiB, 23028 MiB
2026/02/25 17:05:57.918, 2, NVIDIA A10G, 0 %, 0 %, 0 MiB, 23028 MiB
2026/02/25 17:05:57.918, 3, NVIDIA A10G, 0 %, 0 %, 0 MiB, 23028 MiB
2026/02/25 17:05:58.918, 0, NVIDIA A10G, 14 %, 4 %, 1781 MiB, 23028 MiB
2026/02/25 17:05:58.918, 1, NVIDIA A10G, 0 %, 0 %, 2415 MiB, 23028 MiB
2026/02/25 17:05:58.918, 2, NVIDIA A10G, 0 %, 0 %, 0 MiB, 23028 MiB
2026/02/25 17:05:58.918, 3, NVIDIA A10G, 0 %, 0 %, 0 MiB, 23028 MiB
2026/02/25 17:05:59.918, 0, NVIDIA A10G, 0 %, 0 %, 1781 MiB, 23028 MiB
2026/02/25 17:05:59.918, 1, NVIDIA A10G, 0 %, 0 %, 2415 MiB, 23028 MiB
2026/02/25 17:05:59.918, 2, NVIDIA A10G, 0 %, 0 %, 0 MiB, 23028 MiB
2026/02/25 17:05:59.918, 3, NVIDIA A10G, 0 %, 0 %, 0 MiB, 23028 MiB
2026/02/25 17:06:00.919, 0, NVIDIA A10G, 0 %, 0 %, 1781 MiB, 23028 MiB
2026/02/25 17:06:00.919, 1, NVIDIA A10G, 0 %, 0 %, 2415 MiB, 23028 MiB
2026/02/25 17:06:00.919, 2, NVIDIA A10G, 0 %, 0 %, 0 MiB, 23028 MiB
2026/02/25 17:06:00.919, 3, NVIDIA A10G, 0 %, 0 %, 0 MiB, 23028 MiB
2026/02/25 17:06:01.919, 0, NVIDIA A10G, 0 %, 0 %, 1781 MiB, 23028 MiB
2026/02/25 17:06:01.919, 1, NVIDIA A10G, 0 %, 0 %, 2415 MiB, 23028 MiB
2026/02/25 17:06:01.919, 2, NVIDIA A10G, 0 %, 0 %, 0 MiB, 23028 MiB
2026/02/25 17:06:01.919, 3, NVIDIA A10G, 0 %, 0 %, 0 MiB, 23028 MiB
2026/02/25 17:06:02.919, 0, NVIDIA A10G, 100 %, 70 %, 1781 MiB, 23028 MiB
2026/02/25 17:06:02.920, 1, NVIDIA A10G, 21 %, 7 %, 2415 MiB, 23028 MiB
2026/02/25 17:06:02.920, 2, NVIDIA A10G, 0 %, 0 %, 0 MiB, 23028 MiB
2026/02/25 17:06:02.920, 3, NVIDIA A10G, 0 %, 0 %, 0 MiB, 23028 MiB
2026/02/25 17:06:03.920, 0, NVIDIA A10G, 21 %, 8 %, 1781 MiB, 23028 MiB
2026/02/25 17:06:03.920, 1, NVIDIA A10G, 21 %, 7 %, 2415 MiB, 23028 MiB
2026/02/25 17:06:03.920, 2, NVIDIA A10G, 0 %, 0 %, 0 MiB, 23028 MiB
2026/02/25 17:06:03.920, 3, NVIDIA A10G, 0 %, 0 %, 0 MiB, 23028 MiB
2026/02/25 17:06:04.920, 0, NVIDIA A10G, 18 %, 6 %, 1781 MiB, 23028 MiB
2026/02/25 17:06:04.920, 1, NVIDIA A10G, 21 %, 7 %, 2415 MiB, 23028 MiB
2026/02/25 17:06:04.920, 2, NVIDIA A10G, 0 %, 0 %, 0 MiB, 23028 MiB
2026/02/25 17:06:04.920, 3, NVIDIA A10G, 0 %, 0 %, 0 MiB, 23028 MiB
2026/02/25 17:06:05.921, 0, NVIDIA A10G, 22 %, 8 %, 1781 MiB, 23028 MiB
2026/02/25 17:06:05.921, 1, NVIDIA A10G, 20 %, 7 %, 2415 MiB, 23028 MiB
2026/02/25 17:06:05.921, 2, NVIDIA A10G, 0 %, 0 %, 0 MiB, 23028 MiB
2026/02/25 17:06:05.921, 3, NVIDIA A10G, 0 %, 0 %, 0 MiB, 23028 MiB
2026/02/25 17:06:06.921, 0, NVIDIA A10G, 20 %, 7 %, 1781 MiB, 23028 MiB
2026/02/25 17:06:06.921, 1, NVIDIA A10G, 20 %, 7 %, 2415 MiB, 23028 MiB
2026/02/25 17:06:06.921, 2, NVIDIA A10G, 0 %, 0 %, 0 MiB, 23028 MiB
2026/02/25 17:06:06.921, 3, NVIDIA A10G, 0 %, 0 %, 0 MiB, 23028 MiB
2026/02/25 17:06:07.921, 0, NVIDIA A10G, 0 %, 0 %, 1781 MiB, 23028 MiB
2026/02/25 17:06:07.921, 1, NVIDIA A10G, 20 %, 7 %, 2415 MiB, 23028 MiB
2026/02/25 17:06:07.921, 2, NVIDIA A10G, 0 %, 0 %, 0 MiB, 23028 MiB
2026/02/25 17:06:07.921, 3, NVIDIA A10G, 0 %, 0 %, 0 MiB, 23028 MiB
2026/02/25 17:06:08.922, 0, NVIDIA A10G, 0 %, 0 %, 1781 MiB, 23028 MiB
2026/02/25 17:06:08.922, 1, NVIDIA A10G, 20 %, 6 %, 2415 MiB, 23028 MiB
2026/02/25 17:06:08.922, 2, NVIDIA A10G, 0 %, 0 %, 0 MiB, 23028 MiB
2026/02/25 17:06:08.922, 3, NVIDIA A10G, 0 %, 0 %, 0 MiB, 23028 MiB
2026/02/25 17:06:09.922, 0, NVIDIA A10G, 0 %, 0 %, 1781 MiB, 23028 MiB
2026/02/25 17:06:09.922, 1, NVIDIA A10G, 20 %, 7 %, 2415 MiB, 23028 MiB
2026/02/25 17:06:09.922, 2, NVIDIA A10G, 0 %, 0 %, 0 MiB, 23028 MiB
2026/02/25 17:06:09.922, 3, NVIDIA A10G, 0 %, 0 %, 0 MiB, 23028 MiB
2026/02/25 17:06:10.922, 0, NVIDIA A10G, 0 %, 0 %, 1781 MiB, 23028 MiB
2026/02/25 17:06:10.922, 1, NVIDIA A10G, 14 %, 5 %, 2415 MiB, 23028 MiB
2026/02/25 17:06:10.923, 2, NVIDIA A10G, 0 %, 0 %, 0 MiB, 23028 MiB
2026/02/25 17:06:10.923, 3, NVIDIA A10G, 0 %, 0 %, 0 MiB, 23028 MiB
2026/02/25 17:06:11.923, 0, NVIDIA A10G, 0 %, 0 %, 1781 MiB, 23028 MiB
2026/02/25 17:06:11.923, 1, NVIDIA A10G, 0 %, 0 %, 2415 MiB, 23028 MiB
2026/02/25 17:06:11.923, 2, NVIDIA A10G, 0 %, 0 %, 0 MiB, 23028 MiB
2026/02/25 17:06:11.923, 3, NVIDIA A10G, 0 %, 0 %, 0 MiB, 23028 MiB
2026/02/25 17:06:12.923, 0, NVIDIA A10G, 0 %, 0 %, 1781 MiB, 23028 MiB
2026/02/25 17:06:12.923, 1, NVIDIA A10G, 0 %, 0 %, 2415 MiB, 23028 MiB
2026/02/25 17:06:12.923, 2, NVIDIA A10G, 0 %, 0 %, 0 MiB, 23028 MiB
2026/02/25 17:06:12.924, 3, NVIDIA A10G, 0 %, 0 %, 0 MiB, 23028 MiB
2026/02/25 17:06:13.924, 0, NVIDIA A10G, 0 %, 0 %, 1781 MiB, 23028 MiB
2026/02/25 17:06:13.924, 1, NVIDIA A10G, 0 %, 0 %, 2415 MiB, 23028 MiB
2026/02/25 17:06:13.924, 2, NVIDIA A10G, 0 %, 0 %, 0 MiB, 23028 MiB
2026/02/25 17:06:13.924, 3, NVIDIA A10G, 0 %, 0 %, 0 MiB, 23028 MiB
2026/02/25 17:06:14.924, 0, NVIDIA A10G, 0 %, 0 %, 1781 MiB, 23028 MiB
2026/02/25 17:06:14.924, 1, NVIDIA A10G, 0 %, 0 %, 2415 MiB, 23028 MiB
2026/02/25 17:06:14.924, 2, NVIDIA A10G, 0 %, 0 %, 0 MiB, 23028 MiB
2026/02/25 17:06:14.924, 3, NVIDIA A10G, 0 %, 0 %, 0 MiB, 23028 MiB
2026/02/25 17:06:15.924, 0, NVIDIA A10G, 0 %, 0 %, 1781 MiB, 23028 MiB
2026/02/25 17:06:15.924, 1, NVIDIA A10G, 0 %, 0 %, 2415 MiB, 23028 MiB
2026/02/25 17:06:15.924, 2, NVIDIA A10G, 0 %, 0 %, 0 MiB, 23028 MiB
2026/02/25 17:06:15.924, 3, NVIDIA A10G, 0 %, 0 %, 0 MiB, 23028 MiB
2026/02/25 17:06:16.925, 0, NVIDIA A10G, 0 %, 0 %, 1781 MiB, 23028 MiB
2026/02/25 17:06:16.925, 1, NVIDIA A10G, 0 %, 0 %, 2415 MiB, 23028 MiB
2026/02/25 17:06:16.925, 2, NVIDIA A10G, 0 %, 0 %, 0 MiB, 23028 MiB
2026/02/25 17:06:16.925, 3, NVIDIA A10G, 0 %, 0 %, 0 MiB, 23028 MiB
2026/02/25 17:06:17.925, 0, NVIDIA A10G, 17 %, 10 %, 1781 MiB, 23028 MiB
2026/02/25 17:06:17.925, 1, NVIDIA A10G, 0 %, 0 %, 2415 MiB, 23028 MiB
2026/02/25 17:06:17.925, 2, NVIDIA A10G, 0 %, 0 %, 0 MiB, 23028 MiB
2026/02/25 17:06:17.926, 3, NVIDIA A10G, 0 %, 0 %, 0 MiB, 23028 MiB
2026/02/25 17:06:18.926, 0, NVIDIA A10G, 22 %, 7 %, 1781 MiB, 23028 MiB
2026/02/25 17:06:18.926, 1, NVIDIA A10G, 0 %, 0 %, 2415 MiB, 23028 MiB
2026/02/25 17:06:18.926, 2, NVIDIA A10G, 0 %, 0 %, 0 MiB, 23028 MiB
2026/02/25 17:06:18.926, 3, NVIDIA A10G, 0 %, 0 %, 0 MiB, 23028 MiB
2026/02/25 17:06:19.926, 0, NVIDIA A10G, 22 %, 8 %, 1781 MiB, 23028 MiB
2026/02/25 17:06:19.926, 1, NVIDIA A10G, 0 %, 0 %, 2415 MiB, 23028 MiB
2026/02/25 17:06:19.926, 2, NVIDIA A10G, 0 %, 0 %, 0 MiB, 23028 MiB
2026/02/25 17:06:19.926, 3, NVIDIA A10G, 0 %, 0 %, 0 MiB, 23028 MiB
2026/02/25 17:06:20.926, 0, NVIDIA A10G, 20 %, 6 %, 1781 MiB, 23028 MiB
2026/02/25 17:06:20.926, 1, NVIDIA A10G, 0 %, 0 %, 2415 MiB, 23028 MiB
2026/02/25 17:06:20.927, 2, NVIDIA A10G, 0 %, 0 %, 0 MiB, 23028 MiB
2026/02/25 17:06:20.927, 3, NVIDIA A10G, 0 %, 0 %, 0 MiB, 23028 MiB
2026/02/25 17:06:21.927, 0, NVIDIA A10G, 22 %, 8 %, 1781 MiB, 23028 MiB
2026/02/25 17:06:21.927, 1, NVIDIA A10G, 20 %, 7 %, 2415 MiB, 23028 MiB
2026/02/25 17:06:21.927, 2, NVIDIA A10G, 0 %, 0 %, 0 MiB, 23028 MiB
2026/02/25 17:06:21.927, 3, NVIDIA A10G, 0 %, 0 %, 0 MiB, 23028 MiB
2026/02/25 17:06:22.927, 0, NVIDIA A10G, 23 %, 9 %, 1781 MiB, 23028 MiB
2026/02/25 17:06:22.927, 1, NVIDIA A10G, 20 %, 7 %, 2415 MiB, 23028 MiB
2026/02/25 17:06:22.927, 2, NVIDIA A10G, 0 %, 0 %, 0 MiB, 23028 MiB
2026/02/25 17:06:22.927, 3, NVIDIA A10G, 0 %, 0 %, 0 MiB, 23028 MiB
2026/02/25 17:06:23.927, 0, NVIDIA A10G, 22 %, 8 %, 1781 MiB, 23028 MiB
2026/02/25 17:06:23.928, 1, NVIDIA A10G, 22 %, 7 %, 2415 MiB, 23028 MiB
2026/02/25 17:06:23.928, 2, NVIDIA A10G, 0 %, 0 %, 0 MiB, 23028 MiB
2026/02/25 17:06:23.928, 3, NVIDIA A10G, 0 %, 0 %, 0 MiB, 23028 MiB
2026/02/25 17:06:24.928, 0, NVIDIA A10G, 22 %, 8 %, 1781 MiB, 23028 MiB
2026/02/25 17:06:24.928, 1, NVIDIA A10G, 21 %, 7 %, 2415 MiB, 23028 MiB
2026/02/25 17:06:24.928, 2, NVIDIA A10G, 0 %, 0 %, 0 MiB, 23028 MiB
2026/02/25 17:06:24.928, 3, NVIDIA A10G, 0 %, 0 %, 0 MiB, 23028 MiB
2026/02/25 17:06:25.928, 0, NVIDIA A10G, 23 %, 8 %, 1781 MiB, 23028 MiB
2026/02/25 17:06:25.928, 1, NVIDIA A10G, 20 %, 7 %, 2415 MiB, 23028 MiB
2026/02/25 17:06:25.928, 2, NVIDIA A10G, 0 %, 0 %, 0 MiB, 23028 MiB
2026/02/25 17:06:25.928, 3, NVIDIA A10G, 0 %, 0 %, 0 MiB, 23028 MiB
2026/02/25 17:06:26.928, 0, NVIDIA A10G, 21 %, 7 %, 1781 MiB, 23028 MiB
2026/02/25 17:06:26.929, 1, NVIDIA A10G, 20 %, 6 %, 2415 MiB, 23028 MiB
2026/02/25 17:06:26.929, 2, NVIDIA A10G, 0 %, 0 %, 0 MiB, 23028 MiB
2026/02/25 17:06:26.929, 3, NVIDIA A10G, 0 %, 0 %, 0 MiB, 23028 MiB
2026/02/25 17:06:27.929, 0, NVIDIA A10G, 19 %, 7 %, 1781 MiB, 23028 MiB
2026/02/25 17:06:27.929, 1, NVIDIA A10G, 17 %, 5 %, 2415 MiB, 23028 MiB
2026/02/25 17:06:27.929, 2, NVIDIA A10G, 0 %, 0 %, 0 MiB, 23028 MiB
2026/02/25 17:06:27.929, 3, NVIDIA A10G, 0 %, 0 %, 0 MiB, 23028 MiB
2026/02/25 17:06:28.929, 0, NVIDIA A10G, 0 %, 0 %, 1781 MiB, 23028 MiB
2026/02/25 17:06:28.929, 1, NVIDIA A10G, 19 %, 6 %, 2415 MiB, 23028 MiB
2026/02/25 17:06:28.929, 2, NVIDIA A10G, 0 %, 0 %, 0 MiB, 23028 MiB
2026/02/25 17:06:28.929, 3, NVIDIA A10G, 0 %, 0 %, 0 MiB, 23028 MiB
2026/02/25 17:06:29.930, 0, NVIDIA A10G, 0 %, 0 %, 1781 MiB, 23028 MiB
2026/02/25 17:06:29.930, 1, NVIDIA A10G, 21 %, 7 %, 2415 MiB, 23028 MiB
2026/02/25 17:06:29.930, 2, NVIDIA A10G, 0 %, 0 %, 0 MiB, 23028 MiB
2026/02/25 17:06:29.930, 3, NVIDIA A10G, 0 %, 0 %, 0 MiB, 23028 MiB
2026/02/25 17:06:30.930, 0, NVIDIA A10G, 0 %, 0 %, 1781 MiB, 23028 MiB
2026/02/25 17:06:30.930, 1, NVIDIA A10G, 19 %, 6 %, 2415 MiB, 23028 MiB
2026/02/25 17:06:30.930, 2, NVIDIA A10G, 0 %, 0 %, 0 MiB, 23028 MiB
2026/02/25 17:06:30.930, 3, NVIDIA A10G, 0 %, 0 %, 0 MiB, 23028 MiB
2026/02/25 17:06:31.930, 0, NVIDIA A10G, 0 %, 0 %, 1781 MiB, 23028 MiB
2026/02/25 17:06:31.930, 1, NVIDIA A10G, 23 %, 8 %, 2415 MiB, 23028 MiB
2026/02/25 17:06:31.930, 2, NVIDIA A10G, 0 %, 0 %, 0 MiB, 23028 MiB
2026/02/25 17:06:31.930, 3, NVIDIA A10G, 0 %, 0 %, 0 MiB, 23028 MiB
2026/02/25 17:06:32.931, 0, NVIDIA A10G, 0 %, 0 %, 1781 MiB, 23028 MiB
2026/02/25 17:06:32.931, 1, NVIDIA A10G, 21 %, 6 %, 2415 MiB, 23028 MiB
2026/02/25 17:06:32.931, 2, NVIDIA A10G, 0 %, 0 %, 0 MiB, 23028 MiB
2026/02/25 17:06:32.931, 3, NVIDIA A10G, 0 %, 0 %, 0 MiB, 23028 MiB
2026/02/25 17:06:33.931, 0, NVIDIA A10G, 0 %, 0 %, 1781 MiB, 23028 MiB
2026/02/25 17:06:33.931, 1, NVIDIA A10G, 11 %, 4 %, 2415 MiB, 23028 MiB
2026/02/25 17:06:33.931, 2, NVIDIA A10G, 0 %, 0 %, 0 MiB, 23028 MiB
2026/02/25 17:06:33.931, 3, NVIDIA A10G, 0 %, 0 %, 0 MiB, 23028 MiB
2026/02/25 17:06:34.931, 0, NVIDIA A10G, 19 %, 6 %, 1781 MiB, 23028 MiB
2026/02/25 17:06:34.931, 1, NVIDIA A10G, 0 %, 0 %, 2415 MiB, 23028 MiB
2026/02/25 17:06:34.931, 2, NVIDIA A10G, 0 %, 0 %, 0 MiB, 23028 MiB
2026/02/25 17:06:34.931, 3, NVIDIA A10G, 0 %, 0 %, 0 MiB, 23028 MiB
2026/02/25 17:06:35.931, 0, NVIDIA A10G, 22 %, 7 %, 1781 MiB, 23028 MiB
2026/02/25 17:06:35.932, 1, NVIDIA A10G, 0 %, 0 %, 2415 MiB, 23028 MiB
2026/02/25 17:06:35.932, 2, NVIDIA A10G, 0 %, 0 %, 0 MiB, 23028 MiB
2026/02/25 17:06:35.932, 3, NVIDIA A10G, 0 %, 0 %, 0 MiB, 23028 MiB
2026/02/25 17:06:36.932, 0, NVIDIA A10G, 20 %, 6 %, 1781 MiB, 23028 MiB
2026/02/25 17:06:36.932, 1, NVIDIA A10G, 0 %, 0 %, 2415 MiB, 23028 MiB
2026/02/25 17:06:36.932, 2, NVIDIA A10G, 0 %, 0 %, 0 MiB, 23028 MiB
2026/02/25 17:06:36.932, 3, NVIDIA A10G, 0 %, 0 %, 0 MiB, 23028 MiB
2026/02/25 17:06:37.932, 0, NVIDIA A10G, 22 %, 7 %, 1781 MiB, 23028 MiB
2026/02/25 17:06:37.932, 1, NVIDIA A10G, 0 %, 0 %, 2415 MiB, 23028 MiB
2026/02/25 17:06:37.932, 2, NVIDIA A10G, 0 %, 0 %, 0 MiB, 23028 MiB
2026/02/25 17:06:37.932, 3, NVIDIA A10G, 0 %, 0 %, 0 MiB, 23028 MiB
2026/02/25 17:06:38.932, 0, NVIDIA A10G, 23 %, 8 %, 1781 MiB, 23028 MiB
2026/02/25 17:06:38.932, 1, NVIDIA A10G, 0 %, 0 %, 2415 MiB, 23028 MiB
2026/02/25 17:06:38.933, 2, NVIDIA A10G, 0 %, 0 %, 0 MiB, 23028 MiB
2026/02/25 17:06:38.933, 3, NVIDIA A10G, 0 %, 0 %, 0 MiB, 23028 MiB
2026/02/25 17:06:39.933, 0, NVIDIA A10G, 22 %, 7 %, 1781 MiB, 23028 MiB
2026/02/25 17:06:39.933, 1, NVIDIA A10G, 0 %, 0 %, 2415 MiB, 23028 MiB
2026/02/25 17:06:39.933, 2, NVIDIA A10G, 0 %, 0 %, 0 MiB, 23028 MiB
2026/02/25 17:06:39.933, 3, NVIDIA A10G, 0 %, 0 %, 0 MiB, 23028 MiB
2026/02/25 17:06:40.933, 0, NVIDIA A10G, 23 %, 8 %, 1781 MiB, 23028 MiB
2026/02/25 17:06:40.933, 1, NVIDIA A10G, 0 %, 0 %, 2415 MiB, 23028 MiB
2026/02/25 17:06:40.933, 2, NVIDIA A10G, 0 %, 0 %, 0 MiB, 23028 MiB
2026/02/25 17:06:40.933, 3, NVIDIA A10G, 0 %, 0 %, 0 MiB, 23028 MiB
2026/02/25 17:06:41.933, 0, NVIDIA A10G, 0 %, 0 %, 1781 MiB, 23028 MiB
2026/02/25 17:06:41.933, 1, NVIDIA A10G, 19 %, 6 %, 2415 MiB, 23028 MiB
2026/02/25 17:06:41.933, 2, NVIDIA A10G, 0 %, 0 %, 0 MiB, 23028 MiB
2026/02/25 17:06:41.933, 3, NVIDIA A10G, 0 %, 0 %, 0 MiB, 23028 MiB
2026/02/25 17:06:42.934, 0, NVIDIA A10G, 0 %, 0 %, 1781 MiB, 23028 MiB
2026/02/25 17:06:42.934, 1, NVIDIA A10G, 19 %, 6 %, 2415 MiB, 23028 MiB
2026/02/25 17:06:42.934, 2, NVIDIA A10G, 0 %, 0 %, 0 MiB, 23028 MiB
2026/02/25 17:06:42.934, 3, NVIDIA A10G, 0 %, 0 %, 0 MiB, 23028 MiB
2026/02/25 17:06:43.934, 0, NVIDIA A10G, 0 %, 0 %, 1781 MiB, 23028 MiB
2026/02/25 17:06:43.934, 1, NVIDIA A10G, 20 %, 6 %, 2415 MiB, 23028 MiB
2026/02/25 17:06:43.934, 2, NVIDIA A10G, 0 %, 0 %, 0 MiB, 23028 MiB
2026/02/25 17:06:43.934, 3, NVIDIA A10G, 0 %, 0 %, 0 MiB, 23028 MiB
2026/02/25 17:06:44.934, 0, NVIDIA A10G, 0 %, 0 %, 1781 MiB, 23028 MiB
2026/02/25 17:06:44.934, 1, NVIDIA A10G, 22 %, 7 %, 2415 MiB, 23028 MiB
2026/02/25 17:06:44.934, 2, NVIDIA A10G, 0 %, 0 %, 0 MiB, 23028 MiB
2026/02/25 17:06:44.934, 3, NVIDIA A10G, 0 %, 0 %, 0 MiB, 23028 MiB
2026/02/25 17:06:45.935, 0, NVIDIA A10G, 0 %, 0 %, 1781 MiB, 23028 MiB
2026/02/25 17:06:45.935, 1, NVIDIA A10G, 22 %, 7 %, 2415 MiB, 23028 MiB
2026/02/25 17:06:45.935, 2, NVIDIA A10G, 0 %, 0 %, 0 MiB, 23028 MiB
2026/02/25 17:06:45.935, 3, NVIDIA A10G, 0 %, 0 %, 0 MiB, 23028 MiB
2026/02/25 17:06:46.935, 0, NVIDIA A10G, 0 %, 0 %, 1781 MiB, 23028 MiB
2026/02/25 17:06:46.935, 1, NVIDIA A10G, 21 %, 7 %, 2415 MiB, 23028 MiB
2026/02/25 17:06:46.935, 2, NVIDIA A10G, 0 %, 0 %, 0 MiB, 23028 MiB
2026/02/25 17:06:46.935, 3, NVIDIA A10G, 0 %, 0 %, 0 MiB, 23028 MiB
2026/02/25 17:06:47.935, 0, NVIDIA A10G, 20 %, 7 %, 1781 MiB, 23028 MiB
2026/02/25 17:06:47.935, 1, NVIDIA A10G, 19 %, 6 %, 2415 MiB, 23028 MiB
2026/02/25 17:06:47.935, 2, NVIDIA A10G, 0 %, 0 %, 0 MiB, 23028 MiB
2026/02/25 17:06:47.935, 3, NVIDIA A10G, 0 %, 0 %, 0 MiB, 23028 MiB
2026/02/25 17:06:48.935, 0, NVIDIA A10G, 20 %, 6 %, 1781 MiB, 23028 MiB
2026/02/25 17:06:48.936, 1, NVIDIA A10G, 19 %, 6 %, 2415 MiB, 23028 MiB
2026/02/25 17:06:48.936, 2, NVIDIA A10G, 0 %, 0 %, 0 MiB, 23028 MiB
2026/02/25 17:06:48.936, 3, NVIDIA A10G, 0 %, 0 %, 0 MiB, 23028 MiB
2026/02/25 17:06:49.936, 0, NVIDIA A10G, 20 %, 6 %, 1781 MiB, 23028 MiB
2026/02/25 17:06:49.936, 1, NVIDIA A10G, 13 %, 4 %, 2415 MiB, 23028 MiB
2026/02/25 17:06:49.936, 2, NVIDIA A10G, 0 %, 0 %, 0 MiB, 23028 MiB
2026/02/25 17:06:49.936, 3, NVIDIA A10G, 0 %, 0 %, 0 MiB, 23028 MiB
2026/02/25 17:06:50.936, 0, NVIDIA A10G, 21 %, 7 %, 1781 MiB, 23028 MiB
2026/02/25 17:06:50.936, 1, NVIDIA A10G, 0 %, 0 %, 2415 MiB, 23028 MiB
2026/02/25 17:06:50.936, 2, NVIDIA A10G, 0 %, 0 %, 0 MiB, 23028 MiB
2026/02/25 17:06:50.936, 3, NVIDIA A10G, 0 %, 0 %, 0 MiB, 23028 MiB
2026/02/25 17:06:51.936, 0, NVIDIA A10G, 24 %, 9 %, 1781 MiB, 23028 MiB
2026/02/25 17:06:51.937, 1, NVIDIA A10G, 0 %, 0 %, 2415 MiB, 23028 MiB
2026/02/25 17:06:51.937, 2, NVIDIA A10G, 0 %, 0 %, 0 MiB, 23028 MiB
2026/02/25 17:06:51.937, 3, NVIDIA A10G, 0 %, 0 %, 0 MiB, 23028 MiB
2026/02/25 17:06:52.937, 0, NVIDIA A10G, 22 %, 7 %, 1781 MiB, 23028 MiB
2026/02/25 17:06:52.937, 1, NVIDIA A10G, 0 %, 0 %, 2415 MiB, 23028 MiB
2026/02/25 17:06:52.937, 2, NVIDIA A10G, 0 %, 0 %, 0 MiB, 23028 MiB
2026/02/25 17:06:52.937, 3, NVIDIA A10G, 0 %, 0 %, 0 MiB, 23028 MiB
2026/02/25 17:06:53.937, 0, NVIDIA A10G, 20 %, 7 %, 1781 MiB, 23028 MiB
2026/02/25 17:06:53.937, 1, NVIDIA A10G, 0 %, 0 %, 2415 MiB, 23028 MiB
2026/02/25 17:06:53.937, 2, NVIDIA A10G, 0 %, 0 %, 0 MiB, 23028 MiB
2026/02/25 17:06:53.937, 3, NVIDIA A10G, 0 %, 0 %, 0 MiB, 23028 MiB
2026/02/25 17:06:54.937, 0, NVIDIA A10G, 21 %, 7 %, 1781 MiB, 23028 MiB
2026/02/25 17:06:54.937, 1, NVIDIA A10G, 0 %, 0 %, 2415 MiB, 23028 MiB
2026/02/25 17:06:54.937, 2, NVIDIA A10G, 0 %, 0 %, 0 MiB, 23028 MiB
2026/02/25 17:06:54.937, 3, NVIDIA A10G, 0 %, 0 %, 0 MiB, 23028 MiB
2026/02/25 17:06:55.938, 0, NVIDIA A10G, 0 %, 0 %, 1781 MiB, 23028 MiB
2026/02/25 17:06:55.938, 1, NVIDIA A10G, 0 %, 0 %, 2415 MiB, 23028 MiB
2026/02/25 17:06:55.938, 2, NVIDIA A10G, 0 %, 0 %, 0 MiB, 23028 MiB
2026/02/25 17:06:55.938, 3, NVIDIA A10G, 0 %, 0 %, 0 MiB, 23028 MiB
2026/02/25 17:06:56.938, 0, NVIDIA A10G, 0 %, 0 %, 1781 MiB, 23028 MiB
2026/02/25 17:06:56.938, 1, NVIDIA A10G, 5 %, 2 %, 2415 MiB, 23028 MiB
2026/02/25 17:06:56.938, 2, NVIDIA A10G, 0 %, 0 %, 0 MiB, 23028 MiB
2026/02/25 17:06:56.938, 3, NVIDIA A10G, 0 %, 0 %, 0 MiB, 23028 MiB
2026/02/25 17:06:57.938, 0, NVIDIA A10G, 0 %, 0 %, 1781 MiB, 23028 MiB
2026/02/25 17:06:57.938, 1, NVIDIA A10G, 21 %, 7 %, 2415 MiB, 23028 MiB
2026/02/25 17:06:57.938, 2, NVIDIA A10G, 0 %, 0 %, 0 MiB, 23028 MiB
2026/02/25 17:06:57.938, 3, NVIDIA A10G, 0 %, 0 %, 0 MiB, 23028 MiB
2026/02/25 17:06:58.939, 0, NVIDIA A10G, 0 %, 0 %, 1781 MiB, 23028 MiB
2026/02/25 17:06:58.939, 1, NVIDIA A10G, 21 %, 7 %, 2415 MiB, 23028 MiB
2026/02/25 17:06:58.939, 2, NVIDIA A10G, 0 %, 0 %, 0 MiB, 23028 MiB
2026/02/25 17:06:58.939, 3, NVIDIA A10G, 0 %, 0 %, 0 MiB, 23028 MiB
2026/02/25 17:06:59.939, 0, NVIDIA A10G, 0 %, 0 %, 1781 MiB, 23028 MiB
2026/02/25 17:06:59.939, 1, NVIDIA A10G, 23 %, 7 %, 2415 MiB, 23028 MiB
2026/02/25 17:06:59.939, 2, NVIDIA A10G, 0 %, 0 %, 0 MiB, 23028 MiB
2026/02/25 17:06:59.939, 3, NVIDIA A10G, 0 %, 0 %, 0 MiB, 23028 MiB
2026/02/25 17:07:00.939, 0, NVIDIA A10G, 0 %, 0 %, 1781 MiB, 23028 MiB
2026/02/25 17:07:00.939, 1, NVIDIA A10G, 20 %, 7 %, 2415 MiB, 23028 MiB
2026/02/25 17:07:00.939, 2, NVIDIA A10G, 0 %, 0 %, 0 MiB, 23028 MiB
2026/02/25 17:07:00.940, 3, NVIDIA A10G, 0 %, 0 %, 0 MiB, 23028 MiB
2026/02/25 17:07:01.940, 0, NVIDIA A10G, 0 %, 0 %, 1781 MiB, 23028 MiB
2026/02/25 17:07:01.940, 1, NVIDIA A10G, 23 %, 8 %, 2415 MiB, 23028 MiB
2026/02/25 17:07:01.940, 2, NVIDIA A10G, 0 %, 0 %, 0 MiB, 23028 MiB
2026/02/25 17:07:01.940, 3, NVIDIA A10G, 0 %, 0 %, 0 MiB, 23028 MiB
2026/02/25 17:07:02.940, 0, NVIDIA A10G, 0 %, 0 %, 1781 MiB, 23028 MiB
2026/02/25 17:07:02.940, 1, NVIDIA A10G, 23 %, 7 %, 2415 MiB, 23028 MiB
2026/02/25 17:07:02.940, 2, NVIDIA A10G, 0 %, 0 %, 0 MiB, 23028 MiB
2026/02/25 17:07:02.940, 3, NVIDIA A10G, 0 %, 0 %, 0 MiB, 23028 MiB
2026/02/25 17:07:03.940, 0, NVIDIA A10G, 0 %, 0 %, 1781 MiB, 23028 MiB
2026/02/25 17:07:03.940, 1, NVIDIA A10G, 23 %, 8 %, 2415 MiB, 23028 MiB
2026/02/25 17:07:03.940, 2, NVIDIA A10G, 0 %, 0 %, 0 MiB, 23028 MiB
2026/02/25 17:07:03.941, 3, NVIDIA A10G, 0 %, 0 %, 0 MiB, 23028 MiB
2026/02/25 17:07:04.941, 0, NVIDIA A10G, 0 %, 0 %, 1781 MiB, 23028 MiB
2026/02/25 17:07:04.941, 1, NVIDIA A10G, 0 %, 0 %, 2415 MiB, 23028 MiB
2026/02/25 17:07:04.941, 2, NVIDIA A10G, 0 %, 0 %, 0 MiB, 23028 MiB
2026/02/25 17:07:04.941, 3, NVIDIA A10G, 0 %, 0 %, 0 MiB, 23028 MiB
2026/02/25 17:07:05.941, 0, NVIDIA A10G, 0 %, 0 %, 1781 MiB, 23028 MiB
2026/02/25 17:07:05.941, 1, NVIDIA A10G, 0 %, 0 %, 2415 MiB, 23028 MiB
2026/02/25 17:07:05.941, 2, NVIDIA A10G, 0 %, 0 %, 0 MiB, 23028 MiB
2026/02/25 17:07:05.941, 3, NVIDIA A10G, 0 %, 0 %, 0 MiB, 23028 MiB
2026/02/25 17:07:06.941, 0, NVIDIA A10G, 22 %, 7 %, 1781 MiB, 23028 MiB
2026/02/25 17:07:06.941, 1, NVIDIA A10G, 0 %, 0 %, 2415 MiB, 23028 MiB
2026/02/25 17:07:06.941, 2, NVIDIA A10G, 0 %, 0 %, 0 MiB, 23028 MiB
2026/02/25 17:07:06.941, 3, NVIDIA A10G, 0 %, 0 %, 0 MiB, 23028 MiB
2026/02/25 17:07:07.942, 0, NVIDIA A10G, 23 %, 7 %, 1781 MiB, 23028 MiB
2026/02/25 17:07:07.942, 1, NVIDIA A10G, 0 %, 0 %, 2415 MiB, 23028 MiB
2026/02/25 17:07:07.942, 2, NVIDIA A10G, 0 %, 0 %, 0 MiB, 23028 MiB
2026/02/25 17:07:07.942, 3, NVIDIA A10G, 0 %, 0 %, 0 MiB, 23028 MiB
2026/02/25 17:07:08.942, 0, NVIDIA A10G, 22 %, 7 %, 1781 MiB, 23028 MiB
2026/02/25 17:07:08.942, 1, NVIDIA A10G, 0 %, 0 %, 2415 MiB, 23028 MiB
2026/02/25 17:07:08.942, 2, NVIDIA A10G, 0 %, 0 %, 0 MiB, 23028 MiB
2026/02/25 17:07:08.942, 3, NVIDIA A10G, 0 %, 0 %, 0 MiB, 23028 MiB
2026/02/25 17:07:09.942, 0, NVIDIA A10G, 20 %, 7 %, 1781 MiB, 23028 MiB
2026/02/25 17:07:09.942, 1, NVIDIA A10G, 18 %, 6 %, 2415 MiB, 23028 MiB
2026/02/25 17:07:09.942, 2, NVIDIA A10G, 0 %, 0 %, 0 MiB, 23028 MiB
2026/02/25 17:07:09.943, 3, NVIDIA A10G, 0 %, 0 %, 0 MiB, 23028 MiB
2026/02/25 17:07:10.943, 0, NVIDIA A10G, 20 %, 6 %, 1781 MiB, 23028 MiB
2026/02/25 17:07:10.943, 1, NVIDIA A10G, 21 %, 6 %, 2415 MiB, 23028 MiB
2026/02/25 17:07:10.943, 2, NVIDIA A10G, 0 %, 0 %, 0 MiB, 23028 MiB
2026/02/25 17:07:10.943, 3, NVIDIA A10G, 0 %, 0 %, 0 MiB, 23028 MiB
2026/02/25 17:07:11.943, 0, NVIDIA A10G, 20 %, 7 %, 1781 MiB, 23028 MiB
2026/02/25 17:07:11.943, 1, NVIDIA A10G, 20 %, 7 %, 2415 MiB, 23028 MiB
2026/02/25 17:07:11.943, 2, NVIDIA A10G, 0 %, 0 %, 0 MiB, 23028 MiB
2026/02/25 17:07:11.943, 3, NVIDIA A10G, 0 %, 0 %, 0 MiB, 23028 MiB
2026/02/25 17:07:12.943, 0, NVIDIA A10G, 20 %, 7 %, 1781 MiB, 23028 MiB
2026/02/25 17:07:12.943, 1, NVIDIA A10G, 21 %, 7 %, 2415 MiB, 23028 MiB
2026/02/25 17:07:12.943, 2, NVIDIA A10G, 0 %, 0 %, 0 MiB, 23028 MiB
2026/02/25 17:07:12.944, 3, NVIDIA A10G, 0 %, 0 %, 0 MiB, 23028 MiB
2026/02/25 17:07:13.944, 0, NVIDIA A10G, 22 %, 8 %, 1781 MiB, 23028 MiB
2026/02/25 17:07:13.944, 1, NVIDIA A10G, 21 %, 7 %, 2415 MiB, 23028 MiB
2026/02/25 17:07:13.944, 2, NVIDIA A10G, 0 %, 0 %, 0 MiB, 23028 MiB
2026/02/25 17:07:13.944, 3, NVIDIA A10G, 0 %, 0 %, 0 MiB, 23028 MiB
2026/02/25 17:07:14.944, 0, NVIDIA A10G, 22 %, 8 %, 1781 MiB, 23028 MiB
2026/02/25 17:07:14.944, 1, NVIDIA A10G, 0 %, 0 %, 2415 MiB, 23028 MiB
2026/02/25 17:07:14.944, 2, NVIDIA A10G, 0 %, 0 %, 0 MiB, 23028 MiB
2026/02/25 17:07:14.944, 3, NVIDIA A10G, 0 %, 0 %, 0 MiB, 23028 MiB
2026/02/25 17:07:15.944, 0, NVIDIA A10G, 21 %, 7 %, 1781 MiB, 23028 MiB
2026/02/25 17:07:15.945, 1, NVIDIA A10G, 0 %, 0 %, 2415 MiB, 23028 MiB
2026/02/25 17:07:15.945, 2, NVIDIA A10G, 0 %, 0 %, 0 MiB, 23028 MiB
2026/02/25 17:07:15.945, 3, NVIDIA A10G, 0 %, 0 %, 0 MiB, 23028 MiB
2026/02/25 17:07:16.945, 0, NVIDIA A10G, 22 %, 8 %, 1781 MiB, 23028 MiB
2026/02/25 17:07:16.945, 1, NVIDIA A10G, 0 %, 0 %, 2415 MiB, 23028 MiB
2026/02/25 17:07:16.945, 2, NVIDIA A10G, 0 %, 0 %, 0 MiB, 23028 MiB
2026/02/25 17:07:16.945, 3, NVIDIA A10G, 0 %, 0 %, 0 MiB, 23028 MiB
2026/02/25 17:07:17.945, 0, NVIDIA A10G, 15 %, 5 %, 1781 MiB, 23028 MiB
2026/02/25 17:07:17.945, 1, NVIDIA A10G, 0 %, 0 %, 2415 MiB, 23028 MiB
2026/02/25 17:07:17.945, 2, NVIDIA A10G, 0 %, 0 %, 0 MiB, 23028 MiB
2026/02/25 17:07:17.946, 3, NVIDIA A10G, 0 %, 0 %, 0 MiB, 23028 MiB
2026/02/25 17:07:18.946, 0, NVIDIA A10G, 11 %, 4 %, 1781 MiB, 23028 MiB
2026/02/25 17:07:18.946, 1, NVIDIA A10G, 0 %, 0 %, 2415 MiB, 23028 MiB
2026/02/25 17:07:18.946, 2, NVIDIA A10G, 0 %, 0 %, 0 MiB, 23028 MiB
2026/02/25 17:07:18.946, 3, NVIDIA A10G, 0 %, 0 %, 0 MiB, 23028 MiB
2026/02/25 17:07:19.946, 0, NVIDIA A10G, 0 %, 0 %, 1781 MiB, 23028 MiB
2026/02/25 17:07:19.946, 1, NVIDIA A10G, 0 %, 0 %, 2415 MiB, 23028 MiB
2026/02/25 17:07:19.946, 2, NVIDIA A10G, 0 %, 0 %, 0 MiB, 23028 MiB
2026/02/25 17:07:19.946, 3, NVIDIA A10G, 0 %, 0 %, 0 MiB, 23028 MiB
2026/02/25 17:07:20.946, 0, NVIDIA A10G, 0 %, 0 %, 1781 MiB, 23028 MiB
2026/02/25 17:07:20.946, 1, NVIDIA A10G, 0 %, 0 %, 2415 MiB, 23028 MiB
2026/02/25 17:07:20.946, 2, NVIDIA A10G, 0 %, 0 %, 0 MiB, 23028 MiB
2026/02/25 17:07:20.947, 3, NVIDIA A10G, 0 %, 0 %, 0 MiB, 23028 MiB
2026/02/25 17:07:21.947, 0, NVIDIA A10G, 0 %, 0 %, 1781 MiB, 23028 MiB
2026/02/25 17:07:21.947, 1, NVIDIA A10G, 0 %, 0 %, 2415 MiB, 23028 MiB
2026/02/25 17:07:21.947, 2, NVIDIA A10G, 0 %, 0 %, 0 MiB, 23028 MiB
2026/02/25 17:07:21.947, 3, NVIDIA A10G, 0 %, 0 %, 0 MiB, 23028 MiB
2026/02/25 17:07:22.947, 0, NVIDIA A10G, 21 %, 7 %, 1781 MiB, 23028 MiB
2026/02/25 17:07:22.947, 1, NVIDIA A10G, 22 %, 7 %, 2415 MiB, 23028 MiB
2026/02/25 17:07:22.947, 2, NVIDIA A10G, 0 %, 0 %, 0 MiB, 23028 MiB
2026/02/25 17:07:22.947, 3, NVIDIA A10G, 0 %, 0 %, 0 MiB, 23028 MiB
2026/02/25 17:07:23.947, 0, NVIDIA A10G, 21 %, 7 %, 1781 MiB, 23028 MiB
2026/02/25 17:07:23.947, 1, NVIDIA A10G, 17 %, 5 %, 2415 MiB, 23028 MiB
2026/02/25 17:07:23.947, 2, NVIDIA A10G, 0 %, 0 %, 0 MiB, 23028 MiB
2026/02/25 17:07:23.947, 3, NVIDIA A10G, 0 %, 0 %, 0 MiB, 23028 MiB
2026/02/25 17:07:24.948, 0, NVIDIA A10G, 20 %, 7 %, 1781 MiB, 23028 MiB
2026/02/25 17:07:24.948, 1, NVIDIA A10G, 20 %, 7 %, 2415 MiB, 23028 MiB
2026/02/25 17:07:24.948, 2, NVIDIA A10G, 0 %, 0 %, 0 MiB, 23028 MiB
2026/02/25 17:07:24.948, 3, NVIDIA A10G, 0 %, 0 %, 0 MiB, 23028 MiB
2026/02/25 17:07:25.948, 0, NVIDIA A10G, 22 %, 7 %, 1781 MiB, 23028 MiB
2026/02/25 17:07:25.948, 1, NVIDIA A10G, 22 %, 7 %, 2415 MiB, 23028 MiB
2026/02/25 17:07:25.948, 2, NVIDIA A10G, 0 %, 0 %, 0 MiB, 23028 MiB
2026/02/25 17:07:25.948, 3, NVIDIA A10G, 0 %, 0 %, 0 MiB, 23028 MiB
2026/02/25 17:07:26.948, 0, NVIDIA A10G, 20 %, 7 %, 1781 MiB, 23028 MiB
2026/02/25 17:07:26.948, 1, NVIDIA A10G, 21 %, 6 %, 2415 MiB, 23028 MiB
2026/02/25 17:07:26.948, 2, NVIDIA A10G, 0 %, 0 %, 0 MiB, 23028 MiB
2026/02/25 17:07:26.949, 3, NVIDIA A10G, 0 %, 0 %, 0 MiB, 23028 MiB
2026/02/25 17:07:27.949, 0, NVIDIA A10G, 0 %, 0 %, 1781 MiB, 23028 MiB
2026/02/25 17:07:27.949, 1, NVIDIA A10G, 23 %, 8 %, 2415 MiB, 23028 MiB
2026/02/25 17:07:27.949, 2, NVIDIA A10G, 0 %, 0 %, 0 MiB, 23028 MiB
2026/02/25 17:07:27.949, 3, NVIDIA A10G, 0 %, 0 %, 0 MiB, 23028 MiB
2026/02/25 17:07:28.949, 0, NVIDIA A10G, 0 %, 0 %, 1781 MiB, 23028 MiB
2026/02/25 17:07:28.949, 1, NVIDIA A10G, 21 %, 7 %, 2415 MiB, 23028 MiB
2026/02/25 17:07:28.949, 2, NVIDIA A10G, 0 %, 0 %, 0 MiB, 23028 MiB
2026/02/25 17:07:28.949, 3, NVIDIA A10G, 0 %, 0 %, 0 MiB, 23028 MiB
2026/02/25 17:07:29.949, 0, NVIDIA A10G, 0 %, 0 %, 1781 MiB, 23028 MiB
2026/02/25 17:07:29.950, 1, NVIDIA A10G, 23 %, 8 %, 2415 MiB, 23028 MiB
2026/02/25 17:07:29.950, 2, NVIDIA A10G, 0 %, 0 %, 0 MiB, 23028 MiB
2026/02/25 17:07:29.950, 3, NVIDIA A10G, 0 %, 0 %, 0 MiB, 23028 MiB
2026/02/25 17:07:30.950, 0, NVIDIA A10G, 0 %, 0 %, 1781 MiB, 23028 MiB
2026/02/25 17:07:30.950, 1, NVIDIA A10G, 0 %, 0 %, 2415 MiB, 23028 MiB
2026/02/25 17:07:30.950, 2, NVIDIA A10G, 0 %, 0 %, 0 MiB, 23028 MiB
2026/02/25 17:07:30.950, 3, NVIDIA A10G, 0 %, 0 %, 0 MiB, 23028 MiB
2026/02/25 17:07:31.950, 0, NVIDIA A10G, 0 %, 0 %, 1781 MiB, 23028 MiB
2026/02/25 17:07:31.950, 1, NVIDIA A10G, 0 %, 0 %, 2415 MiB, 23028 MiB
2026/02/25 17:07:31.950, 2, NVIDIA A10G, 0 %, 0 %, 0 MiB, 23028 MiB
2026/02/25 17:07:31.950, 3, NVIDIA A10G, 0 %, 0 %, 0 MiB, 23028 MiB
2026/02/25 17:07:32.951, 0, NVIDIA A10G, 0 %, 0 %, 1781 MiB, 23028 MiB
2026/02/25 17:07:32.951, 1, NVIDIA A10G, 0 %, 0 %, 2415 MiB, 23028 MiB
2026/02/25 17:07:32.951, 2, NVIDIA A10G, 0 %, 0 %, 0 MiB, 23028 MiB
2026/02/25 17:07:32.951, 3, NVIDIA A10G, 0 %, 0 %, 0 MiB, 23028 MiB
2026/02/25 17:07:33.951, 0, NVIDIA A10G, 23 %, 8 %, 1781 MiB, 23028 MiB
2026/02/25 17:07:33.951, 1, NVIDIA A10G, 0 %, 0 %, 2415 MiB, 23028 MiB
2026/02/25 17:07:33.951, 2, NVIDIA A10G, 0 %, 0 %, 0 MiB, 23028 MiB
2026/02/25 17:07:33.951, 3, NVIDIA A10G, 0 %, 0 %, 0 MiB, 23028 MiB
2026/02/25 17:07:34.951, 0, NVIDIA A10G, 23 %, 8 %, 1781 MiB, 23028 MiB
2026/02/25 17:07:34.951, 1, NVIDIA A10G, 0 %, 0 %, 2415 MiB, 23028 MiB
2026/02/25 17:07:34.951, 2, NVIDIA A10G, 0 %, 0 %, 0 MiB, 23028 MiB
2026/02/25 17:07:34.951, 3, NVIDIA A10G, 0 %, 0 %, 0 MiB, 23028 MiB
2026/02/25 17:07:35.952, 0, NVIDIA A10G, 23 %, 8 %, 1781 MiB, 23028 MiB
2026/02/25 17:07:35.952, 1, NVIDIA A10G, 0 %, 0 %, 2415 MiB, 23028 MiB
2026/02/25 17:07:35.952, 2, NVIDIA A10G, 0 %, 0 %, 0 MiB, 23028 MiB
2026/02/25 17:07:35.952, 3, NVIDIA A10G, 0 %, 0 %, 0 MiB, 23028 MiB
2026/02/25 17:07:36.952, 0, NVIDIA A10G, 21 %, 7 %, 1781 MiB, 23028 MiB
2026/02/25 17:07:36.952, 1, NVIDIA A10G, 0 %, 0 %, 2415 MiB, 23028 MiB
2026/02/25 17:07:36.952, 2, NVIDIA A10G, 0 %, 0 %, 0 MiB, 23028 MiB
2026/02/25 17:07:36.952, 3, NVIDIA A10G, 0 %, 0 %, 0 MiB, 23028 MiB
2026/02/25 17:07:37.952, 0, NVIDIA A10G, 21 %, 7 %, 1781 MiB, 23028 MiB
2026/02/25 17:07:37.952, 1, NVIDIA A10G, 0 %, 0 %, 2415 MiB, 23028 MiB
2026/02/25 17:07:37.952, 2, NVIDIA A10G, 0 %, 0 %, 0 MiB, 23028 MiB
2026/02/25 17:07:37.952, 3, NVIDIA A10G, 0 %, 0 %, 0 MiB, 23028 MiB
2026/02/25 17:07:38.952, 0, NVIDIA A10G, 20 %, 7 %, 1781 MiB, 23028 MiB
2026/02/25 17:07:38.953, 1, NVIDIA A10G, 0 %, 0 %, 2415 MiB, 23028 MiB
2026/02/25 17:07:38.953, 2, NVIDIA A10G, 0 %, 0 %, 0 MiB, 23028 MiB
2026/02/25 17:07:38.953, 3, NVIDIA A10G, 0 %, 0 %, 0 MiB, 23028 MiB
2026/02/25 17:07:39.953, 0, NVIDIA A10G, 21 %, 7 %, 1781 MiB, 23028 MiB
2026/02/25 17:07:39.953, 1, NVIDIA A10G, 20 %, 6 %, 2415 MiB, 23028 MiB
2026/02/25 17:07:39.953, 2, NVIDIA A10G, 0 %, 0 %, 0 MiB, 23028 MiB
2026/02/25 17:07:39.953, 3, NVIDIA A10G, 0 %, 0 %, 0 MiB, 23028 MiB
2026/02/25 17:07:40.953, 0, NVIDIA A10G, 13 %, 4 %, 1781 MiB, 23028 MiB
2026/02/25 17:07:40.953, 1, NVIDIA A10G, 23 %, 8 %, 2415 MiB, 23028 MiB
2026/02/25 17:07:40.953, 2, NVIDIA A10G, 0 %, 0 %, 0 MiB, 23028 MiB
2026/02/25 17:07:40.953, 3, NVIDIA A10G, 0 %, 0 %, 0 MiB, 23028 MiB
2026/02/25 17:07:41.954, 0, NVIDIA A10G, 0 %, 0 %, 1781 MiB, 23028 MiB
2026/02/25 17:07:41.954, 1, NVIDIA A10G, 22 %, 7 %, 2415 MiB, 23028 MiB
2026/02/25 17:07:41.954, 2, NVIDIA A10G, 0 %, 0 %, 0 MiB, 23028 MiB
2026/02/25 17:07:41.954, 3, NVIDIA A10G, 0 %, 0 %, 0 MiB, 23028 MiB
2026/02/25 17:07:42.954, 0, NVIDIA A10G, 0 %, 0 %, 1781 MiB, 23028 MiB
2026/02/25 17:07:42.954, 1, NVIDIA A10G, 23 %, 8 %, 2415 MiB, 23028 MiB
2026/02/25 17:07:42.954, 2, NVIDIA A10G, 0 %, 0 %, 0 MiB, 23028 MiB
2026/02/25 17:07:42.954, 3, NVIDIA A10G, 0 %, 0 %, 0 MiB, 23028 MiB
2026/02/25 17:07:43.954, 0, NVIDIA A10G, 0 %, 0 %, 1781 MiB, 23028 MiB
2026/02/25 17:07:43.954, 1, NVIDIA A10G, 21 %, 7 %, 2415 MiB, 23028 MiB
2026/02/25 17:07:43.954, 2, NVIDIA A10G, 0 %, 0 %, 0 MiB, 23028 MiB
2026/02/25 17:07:43.954, 3, NVIDIA A10G, 0 %, 0 %, 0 MiB, 23028 MiB
2026/02/25 17:07:44.955, 0, NVIDIA A10G, 0 %, 0 %, 1781 MiB, 23028 MiB
2026/02/25 17:07:44.955, 1, NVIDIA A10G, 22 %, 7 %, 2415 MiB, 23028 MiB
2026/02/25 17:07:44.955, 2, NVIDIA A10G, 0 %, 0 %, 0 MiB, 23028 MiB
2026/02/25 17:07:44.955, 3, NVIDIA A10G, 0 %, 0 %, 0 MiB, 23028 MiB
2026/02/25 17:07:45.955, 0, NVIDIA A10G, 0 %, 0 %, 1781 MiB, 23028 MiB
2026/02/25 17:07:45.955, 1, NVIDIA A10G, 23 %, 8 %, 2415 MiB, 23028 MiB
2026/02/25 17:07:45.955, 2, NVIDIA A10G, 0 %, 0 %, 0 MiB, 23028 MiB
2026/02/25 17:07:45.955, 3, NVIDIA A10G, 0 %, 0 %, 0 MiB, 23028 MiB
2026/02/25 17:07:46.955, 0, NVIDIA A10G, 0 %, 0 %, 1781 MiB, 23028 MiB
2026/02/25 17:07:46.955, 1, NVIDIA A10G, 21 %, 7 %, 2415 MiB, 23028 MiB
2026/02/25 17:07:46.955, 2, NVIDIA A10G, 0 %, 0 %, 0 MiB, 23028 MiB
2026/02/25 17:07:46.955, 3, NVIDIA A10G, 0 %, 0 %, 0 MiB, 23028 MiB
2026/02/25 17:07:47.956, 0, NVIDIA A10G, 0 %, 0 %, 1781 MiB, 23028 MiB
2026/02/25 17:07:47.956, 1, NVIDIA A10G, 18 %, 6 %, 2415 MiB, 23028 MiB
2026/02/25 17:07:47.956, 2, NVIDIA A10G, 0 %, 0 %, 0 MiB, 23028 MiB
2026/02/25 17:07:47.956, 3, NVIDIA A10G, 0 %, 0 %, 0 MiB, 23028 MiB
2026/02/25 17:07:48.956, 0, NVIDIA A10G, 0 %, 0 %, 1781 MiB, 23028 MiB
2026/02/25 17:07:48.956, 1, NVIDIA A10G, 0 %, 0 %, 2415 MiB, 23028 MiB
2026/02/25 17:07:48.956, 2, NVIDIA A10G, 0 %, 0 %, 0 MiB, 23028 MiB
2026/02/25 17:07:48.956, 3, NVIDIA A10G, 0 %, 0 %, 0 MiB, 23028 MiB
2026/02/25 17:07:49.956, 0, NVIDIA A10G, 84 %, 54 %, 1781 MiB, 23028 MiB
2026/02/25 17:07:49.956, 1, NVIDIA A10G, 0 %, 0 %, 2415 MiB, 23028 MiB
2026/02/25 17:07:49.957, 2, NVIDIA A10G, 0 %, 0 %, 0 MiB, 23028 MiB
2026/02/25 17:07:49.957, 3, NVIDIA A10G, 0 %, 0 %, 0 MiB, 23028 MiB
2026/02/25 17:07:50.957, 0, NVIDIA A10G, 22 %, 7 %, 1781 MiB, 23028 MiB
2026/02/25 17:07:50.957, 1, NVIDIA A10G, 0 %, 0 %, 2415 MiB, 23028 MiB
2026/02/25 17:07:50.957, 2, NVIDIA A10G, 0 %, 0 %, 0 MiB, 23028 MiB
2026/02/25 17:07:50.957, 3, NVIDIA A10G, 0 %, 0 %, 0 MiB, 23028 MiB
2026/02/25 17:07:51.957, 0, NVIDIA A10G, 19 %, 6 %, 1781 MiB, 23028 MiB
2026/02/25 17:07:51.957, 1, NVIDIA A10G, 0 %, 0 %, 2415 MiB, 23028 MiB
2026/02/25 17:07:51.957, 2, NVIDIA A10G, 0 %, 0 %, 0 MiB, 23028 MiB
2026/02/25 17:07:51.957, 3, NVIDIA A10G, 0 %, 0 %, 0 MiB, 23028 MiB
2026/02/25 17:07:52.957, 0, NVIDIA A10G, 19 %, 7 %, 1781 MiB, 23028 MiB
2026/02/25 17:07:52.957, 1, NVIDIA A10G, 0 %, 0 %, 2415 MiB, 23028 MiB
2026/02/25 17:07:52.958, 2, NVIDIA A10G, 0 %, 0 %, 0 MiB, 23028 MiB
2026/02/25 17:07:52.958, 3, NVIDIA A10G, 0 %, 0 %, 0 MiB, 23028 MiB
2026/02/25 17:07:53.958, 0, NVIDIA A10G, 23 %, 9 %, 1781 MiB, 23028 MiB
2026/02/25 17:07:53.958, 1, NVIDIA A10G, 100 %, 69 %, 2415 MiB, 23028 MiB
2026/02/25 17:07:53.958, 2, NVIDIA A10G, 0 %, 0 %, 0 MiB, 23028 MiB
2026/02/25 17:07:53.958, 3, NVIDIA A10G, 0 %, 0 %, 0 MiB, 23028 MiB
2026/02/25 17:07:54.958, 0, NVIDIA A10G, 22 %, 8 %, 1781 MiB, 23028 MiB
2026/02/25 17:07:54.958, 1, NVIDIA A10G, 22 %, 8 %, 2415 MiB, 23028 MiB
2026/02/25 17:07:54.958, 2, NVIDIA A10G, 0 %, 0 %, 0 MiB, 23028 MiB
2026/02/25 17:07:54.958, 3, NVIDIA A10G, 0 %, 0 %, 0 MiB, 23028 MiB
2026/02/25 17:07:55.958, 0, NVIDIA A10G, 23 %, 8 %, 1781 MiB, 23028 MiB
2026/02/25 17:07:55.958, 1, NVIDIA A10G, 21 %, 7 %, 2415 MiB, 23028 MiB
2026/02/25 17:07:55.958, 2, NVIDIA A10G, 0 %, 0 %, 0 MiB, 23028 MiB
2026/02/25 17:07:55.958, 3, NVIDIA A10G, 0 %, 0 %, 0 MiB, 23028 MiB
2026/02/25 17:07:56.959, 0, NVIDIA A10G, 22 %, 8 %, 1781 MiB, 23028 MiB
2026/02/25 17:07:56.959, 1, NVIDIA A10G, 20 %, 7 %, 2415 MiB, 23028 MiB
2026/02/25 17:07:56.959, 2, NVIDIA A10G, 0 %, 0 %, 0 MiB, 23028 MiB
2026/02/25 17:07:56.959, 3, NVIDIA A10G, 0 %, 0 %, 0 MiB, 23028 MiB
2026/02/25 17:07:57.959, 0, NVIDIA A10G, 19 %, 6 %, 1781 MiB, 23028 MiB
2026/02/25 17:07:57.959, 1, NVIDIA A10G, 21 %, 7 %, 2415 MiB, 23028 MiB
2026/02/25 17:07:57.959, 2, NVIDIA A10G, 0 %, 0 %, 0 MiB, 23028 MiB
2026/02/25 17:07:57.959, 3, NVIDIA A10G, 0 %, 0 %, 0 MiB, 23028 MiB
2026/02/25 17:07:58.959, 0, NVIDIA A10G, 21 %, 7 %, 1781 MiB, 23028 MiB
2026/02/25 17:07:58.959, 1, NVIDIA A10G, 21 %, 7 %, 2415 MiB, 23028 MiB
2026/02/25 17:07:58.959, 2, NVIDIA A10G, 0 %, 0 %, 0 MiB, 23028 MiB
2026/02/25 17:07:58.959, 3, NVIDIA A10G, 0 %, 0 %, 0 MiB, 23028 MiB
2026/02/25 17:07:59.960, 0, NVIDIA A10G, 21 %, 8 %, 1781 MiB, 23028 MiB
2026/02/25 17:07:59.960, 1, NVIDIA A10G, 20 %, 6 %, 2415 MiB, 23028 MiB
2026/02/25 17:07:59.960, 2, NVIDIA A10G, 0 %, 0 %, 0 MiB, 23028 MiB
2026/02/25 17:07:59.960, 3, NVIDIA A10G, 0 %, 0 %, 0 MiB, 23028 MiB
2026/02/25 17:08:00.960, 0, NVIDIA A10G, 0 %, 0 %, 1781 MiB, 23028 MiB
2026/02/25 17:08:00.960, 1, NVIDIA A10G, 0 %, 0 %, 2415 MiB, 23028 MiB
2026/02/25 17:08:00.960, 2, NVIDIA A10G, 0 %, 0 %, 0 MiB, 23028 MiB
2026/02/25 17:08:00.960, 3, NVIDIA A10G, 0 %, 0 %, 0 MiB, 23028 MiB
2026/02/25 17:08:01.960, 0, NVIDIA A10G, 0 %, 0 %, 1781 MiB, 23028 MiB
2026/02/25 17:08:01.960, 1, NVIDIA A10G, 0 %, 0 %, 2415 MiB, 23028 MiB
2026/02/25 17:08:01.960, 2, NVIDIA A10G, 0 %, 0 %, 0 MiB, 23028 MiB
2026/02/25 17:08:01.961, 3, NVIDIA A10G, 0 %, 0 %, 0 MiB, 23028 MiB
2026/02/25 17:08:02.961, 0, NVIDIA A10G, 0 %, 0 %, 1781 MiB, 23028 MiB
2026/02/25 17:08:02.961, 1, NVIDIA A10G, 0 %, 0 %, 2415 MiB, 23028 MiB
2026/02/25 17:08:02.961, 2, NVIDIA A10G, 0 %, 0 %, 0 MiB, 23028 MiB
2026/02/25 17:08:02.961, 3, NVIDIA A10G, 0 %, 0 %, 0 MiB, 23028 MiB
2026/02/25 17:08:03.961, 0, NVIDIA A10G, 0 %, 0 %, 1781 MiB, 23028 MiB
2026/02/25 17:08:03.961, 1, NVIDIA A10G, 0 %, 0 %, 2415 MiB, 23028 MiB
2026/02/25 17:08:03.961, 2, NVIDIA A10G, 0 %, 0 %, 0 MiB, 23028 MiB
2026/02/25 17:08:03.961, 3, NVIDIA A10G, 0 %, 0 %, 0 MiB, 23028 MiB
2026/02/25 17:08:04.961, 0, NVIDIA A10G, 0 %, 0 %, 1781 MiB, 23028 MiB
2026/02/25 17:08:04.961, 1, NVIDIA A10G, 0 %, 0 %, 2415 MiB, 23028 MiB
2026/02/25 17:08:04.961, 2, NVIDIA A10G, 0 %, 0 %, 0 MiB, 23028 MiB
2026/02/25 17:08:04.961, 3, NVIDIA A10G, 0 %, 0 %, 0 MiB, 23028 MiB
2026/02/25 17:08:05.961, 0, NVIDIA A10G, 0 %, 0 %, 1781 MiB, 23028 MiB
2026/02/25 17:08:05.962, 1, NVIDIA A10G, 0 %, 0 %, 2415 MiB, 23028 MiB
2026/02/25 17:08:05.962, 2, NVIDIA A10G, 0 %, 0 %, 0 MiB, 23028 MiB
2026/02/25 17:08:05.962, 3, NVIDIA A10G, 0 %, 0 %, 0 MiB, 23028 MiB
2026/02/25 17:08:06.962, 0, NVIDIA A10G, 0 %, 0 %, 1781 MiB, 23028 MiB
2026/02/25 17:08:06.962, 1, NVIDIA A10G, 0 %, 0 %, 2415 MiB, 23028 MiB
2026/02/25 17:08:06.962, 2, NVIDIA A10G, 0 %, 0 %, 0 MiB, 23028 MiB
2026/02/25 17:08:06.962, 3, NVIDIA A10G, 0 %, 0 %, 0 MiB, 23028 MiB
2026/02/25 17:08:07.962, 0, NVIDIA A10G, 0 %, 0 %, 1781 MiB, 23028 MiB
2026/02/25 17:08:07.962, 1, NVIDIA A10G, 0 %, 0 %, 2415 MiB, 23028 MiB
2026/02/25 17:08:07.962, 2, NVIDIA A10G, 0 %, 0 %, 0 MiB, 23028 MiB
2026/02/25 17:08:07.962, 3, NVIDIA A10G, 0 %, 0 %, 0 MiB, 23028 MiB
2026/02/25 17:08:08.962, 0, NVIDIA A10G, 0 %, 0 %, 1781 MiB, 23028 MiB
2026/02/25 17:08:08.962, 1, NVIDIA A10G, 79 %, 51 %, 2415 MiB, 23028 MiB
2026/02/25 17:08:08.963, 2, NVIDIA A10G, 0 %, 0 %, 0 MiB, 23028 MiB
2026/02/25 17:08:08.963, 3, NVIDIA A10G, 0 %, 0 %, 0 MiB, 23028 MiB
2026/02/25 17:08:09.963, 0, NVIDIA A10G, 84 %, 55 %, 1781 MiB, 23028 MiB
2026/02/25 17:08:09.963, 1, NVIDIA A10G, 22 %, 8 %, 2415 MiB, 23028 MiB
2026/02/25 17:08:09.963, 2, NVIDIA A10G, 0 %, 0 %, 0 MiB, 23028 MiB
2026/02/25 17:08:09.963, 3, NVIDIA A10G, 0 %, 0 %, 0 MiB, 23028 MiB
2026/02/25 17:08:10.963, 0, NVIDIA A10G, 21 %, 6 %, 1781 MiB, 23028 MiB
2026/02/25 17:08:10.963, 1, NVIDIA A10G, 20 %, 6 %, 2415 MiB, 23028 MiB
2026/02/25 17:08:10.963, 2, NVIDIA A10G, 0 %, 0 %, 0 MiB, 23028 MiB
2026/02/25 17:08:10.963, 3, NVIDIA A10G, 0 %, 0 %, 0 MiB, 23028 MiB
2026/02/25 17:08:11.963, 0, NVIDIA A10G, 21 %, 8 %, 1781 MiB, 23028 MiB
2026/02/25 17:08:11.964, 1, NVIDIA A10G, 18 %, 6 %, 2415 MiB, 23028 MiB
2026/02/25 17:08:11.964, 2, NVIDIA A10G, 0 %, 0 %, 0 MiB, 23028 MiB
2026/02/25 17:08:11.964, 3, NVIDIA A10G, 0 %, 0 %, 0 MiB, 23028 MiB
2026/02/25 17:08:12.964, 0, NVIDIA A10G, 20 %, 7 %, 1781 MiB, 23028 MiB
2026/02/25 17:08:12.964, 1, NVIDIA A10G, 17 %, 6 %, 2415 MiB, 23028 MiB
2026/02/25 17:08:12.964, 2, NVIDIA A10G, 0 %, 0 %, 0 MiB, 23028 MiB
2026/02/25 17:08:12.964, 3, NVIDIA A10G, 0 %, 0 %, 0 MiB, 23028 MiB
2026/02/25 17:08:13.964, 0, NVIDIA A10G, 20 %, 7 %, 1781 MiB, 23028 MiB
2026/02/25 17:08:13.964, 1, NVIDIA A10G, 21 %, 7 %, 2415 MiB, 23028 MiB
2026/02/25 17:08:13.964, 2, NVIDIA A10G, 0 %, 0 %, 0 MiB, 23028 MiB
2026/02/25 17:08:13.964, 3, NVIDIA A10G, 0 %, 0 %, 0 MiB, 23028 MiB
2026/02/25 17:08:14.964, 0, NVIDIA A10G, 21 %, 7 %, 1781 MiB, 23028 MiB
2026/02/25 17:08:14.965, 1, NVIDIA A10G, 22 %, 7 %, 2415 MiB, 23028 MiB
2026/02/25 17:08:14.965, 2, NVIDIA A10G, 0 %, 0 %, 0 MiB, 23028 MiB
2026/02/25 17:08:14.965, 3, NVIDIA A10G, 0 %, 0 %, 0 MiB, 23028 MiB
2026/02/25 17:08:15.965, 0, NVIDIA A10G, 23 %, 8 %, 1781 MiB, 23028 MiB
2026/02/25 17:08:15.965, 1, NVIDIA A10G, 20 %, 7 %, 2415 MiB, 23028 MiB
2026/02/25 17:08:15.965, 2, NVIDIA A10G, 0 %, 0 %, 0 MiB, 23028 MiB
2026/02/25 17:08:15.965, 3, NVIDIA A10G, 0 %, 0 %, 0 MiB, 23028 MiB
2026/02/25 17:08:16.965, 0, NVIDIA A10G, 15 %, 5 %, 1781 MiB, 23028 MiB
2026/02/25 17:08:16.965, 1, NVIDIA A10G, 17 %, 6 %, 2415 MiB, 23028 MiB
2026/02/25 17:08:16.966, 2, NVIDIA A10G, 0 %, 0 %, 0 MiB, 23028 MiB
2026/02/25 17:08:16.966, 3, NVIDIA A10G, 0 %, 0 %, 0 MiB, 23028 MiB
2026/02/25 17:08:17.966, 0, NVIDIA A10G, 20 %, 7 %, 1781 MiB, 23028 MiB
2026/02/25 17:08:17.966, 1, NVIDIA A10G, 19 %, 5 %, 2415 MiB, 23028 MiB
2026/02/25 17:08:17.966, 2, NVIDIA A10G, 0 %, 0 %, 0 MiB, 23028 MiB
2026/02/25 17:08:17.966, 3, NVIDIA A10G, 0 %, 0 %, 0 MiB, 23028 MiB
2026/02/25 17:08:18.966, 0, NVIDIA A10G, 22 %, 7 %, 1781 MiB, 23028 MiB
2026/02/25 17:08:18.966, 1, NVIDIA A10G, 22 %, 7 %, 2415 MiB, 23028 MiB
2026/02/25 17:08:18.966, 2, NVIDIA A10G, 0 %, 0 %, 0 MiB, 23028 MiB
2026/02/25 17:08:18.966, 3, NVIDIA A10G, 0 %, 0 %, 0 MiB, 23028 MiB
2026/02/25 17:08:19.966, 0, NVIDIA A10G, 21 %, 8 %, 1781 MiB, 23028 MiB
2026/02/25 17:08:19.967, 1, NVIDIA A10G, 19 %, 6 %, 2415 MiB, 23028 MiB
2026/02/25 17:08:19.967, 2, NVIDIA A10G, 0 %, 0 %, 0 MiB, 23028 MiB
2026/02/25 17:08:19.967, 3, NVIDIA A10G, 0 %, 0 %, 0 MiB, 23028 MiB
2026/02/25 17:08:20.967, 0, NVIDIA A10G, 22 %, 7 %, 1781 MiB, 23028 MiB
2026/02/25 17:08:20.967, 1, NVIDIA A10G, 14 %, 4 %, 2415 MiB, 23028 MiB
2026/02/25 17:08:20.967, 2, NVIDIA A10G, 0 %, 0 %, 0 MiB, 23028 MiB
2026/02/25 17:08:20.967, 3, NVIDIA A10G, 0 %, 0 %, 0 MiB, 23028 MiB
2026/02/25 17:08:21.967, 0, NVIDIA A10G, 0 %, 0 %, 1781 MiB, 23028 MiB
2026/02/25 17:08:21.967, 1, NVIDIA A10G, 0 %, 0 %, 2415 MiB, 23028 MiB
2026/02/25 17:08:21.967, 2, NVIDIA A10G, 0 %, 0 %, 0 MiB, 23028 MiB
2026/02/25 17:08:21.967, 3, NVIDIA A10G, 0 %, 0 %, 0 MiB, 23028 MiB
2026/02/25 17:08:22.967, 0, NVIDIA A10G, 0 %, 0 %, 1781 MiB, 23028 MiB
2026/02/25 17:08:22.968, 1, NVIDIA A10G, 0 %, 0 %, 2415 MiB, 23028 MiB
2026/02/25 17:08:22.968, 2, NVIDIA A10G, 0 %, 0 %, 0 MiB, 23028 MiB
2026/02/25 17:08:22.968, 3, NVIDIA A10G, 0 %, 0 %, 0 MiB, 23028 MiB
2026/02/25 17:08:23.968, 0, NVIDIA A10G, 0 %, 0 %, 1781 MiB, 23028 MiB
2026/02/25 17:08:23.968, 1, NVIDIA A10G, 0 %, 0 %, 2415 MiB, 23028 MiB
2026/02/25 17:08:23.968, 2, NVIDIA A10G, 0 %, 0 %, 0 MiB, 23028 MiB
2026/02/25 17:08:23.969, 3, NVIDIA A10G, 0 %, 0 %, 0 MiB, 23028 MiB
2026/02/25 17:08:24.969, 0, NVIDIA A10G, 0 %, 0 %, 1781 MiB, 23028 MiB
2026/02/25 17:08:24.969, 1, NVIDIA A10G, 0 %, 0 %, 2415 MiB, 23028 MiB
2026/02/25 17:08:24.969, 2, NVIDIA A10G, 0 %, 0 %, 0 MiB, 23028 MiB
2026/02/25 17:08:24.969, 3, NVIDIA A10G, 0 %, 0 %, 0 MiB, 23028 MiB
2026/02/25 17:08:25.969, 0, NVIDIA A10G, 0 %, 0 %, 1781 MiB, 23028 MiB
2026/02/25 17:08:25.969, 1, NVIDIA A10G, 0 %, 0 %, 2415 MiB, 23028 MiB
2026/02/25 17:08:25.969, 2, NVIDIA A10G, 0 %, 0 %, 0 MiB, 23028 MiB
2026/02/25 17:08:25.970, 3, NVIDIA A10G, 0 %, 0 %, 0 MiB, 23028 MiB
2026/02/25 17:08:26.970, 0, NVIDIA A10G, 0 %, 0 %, 1781 MiB, 23028 MiB
2026/02/25 17:08:26.970, 1, NVIDIA A10G, 0 %, 0 %, 2415 MiB, 23028 MiB
2026/02/25 17:08:26.970, 2, NVIDIA A10G, 0 %, 0 %, 0 MiB, 23028 MiB
2026/02/25 17:08:26.970, 3, NVIDIA A10G, 0 %, 0 %, 0 MiB, 23028 MiB
2026/02/25 17:08:27.970, 0, NVIDIA A10G, 0 %, 0 %, 1781 MiB, 23028 MiB
2026/02/25 17:08:27.970, 1, NVIDIA A10G, 0 %, 0 %, 2415 MiB, 23028 MiB
2026/02/25 17:08:27.970, 2, NVIDIA A10G, 0 %, 0 %, 0 MiB, 23028 MiB
2026/02/25 17:08:27.970, 3, NVIDIA A10G, 0 %, 0 %, 0 MiB, 23028 MiB
2026/02/25 17:08:28.970, 0, NVIDIA A10G, 0 %, 0 %, 1781 MiB, 23028 MiB
2026/02/25 17:08:28.970, 1, NVIDIA A10G, 0 %, 0 %, 2415 MiB, 23028 MiB
2026/02/25 17:08:28.970, 2, NVIDIA A10G, 0 %, 0 %, 0 MiB, 23028 MiB
2026/02/25 17:08:28.970, 3, NVIDIA A10G, 0 %, 0 %, 0 MiB, 23028 MiB
2026/02/25 17:08:29.971, 0, NVIDIA A10G, 0 %, 0 %, 1781 MiB, 23028 MiB
2026/02/25 17:08:29.971, 1, NVIDIA A10G, 0 %, 0 %, 2415 MiB, 23028 MiB
2026/02/25 17:08:29.971, 2, NVIDIA A10G, 0 %, 0 %, 0 MiB, 23028 MiB
2026/02/25 17:08:29.971, 3, NVIDIA A10G, 0 %, 0 %, 0 MiB, 23028 MiB
2026/02/25 17:08:30.971, 0, NVIDIA A10G, 91 %, 61 %, 1781 MiB, 23028 MiB
2026/02/25 17:08:30.971, 1, NVIDIA A10G, 0 %, 0 %, 2415 MiB, 23028 MiB
2026/02/25 17:08:30.971, 2, NVIDIA A10G, 0 %, 0 %, 0 MiB, 23028 MiB
2026/02/25 17:08:30.971, 3, NVIDIA A10G, 0 %, 0 %, 0 MiB, 23028 MiB
2026/02/25 17:08:31.971, 0, NVIDIA A10G, 18 %, 6 %, 1781 MiB, 23028 MiB
2026/02/25 17:08:31.971, 1, NVIDIA A10G, 21 %, 7 %, 2415 MiB, 23028 MiB
2026/02/25 17:08:31.971, 2, NVIDIA A10G, 0 %, 0 %, 0 MiB, 23028 MiB
2026/02/25 17:08:31.971, 3, NVIDIA A10G, 0 %, 0 %, 0 MiB, 23028 MiB
2026/02/25 17:08:32.972, 0, NVIDIA A10G, 20 %, 7 %, 1781 MiB, 23028 MiB
2026/02/25 17:08:32.972, 1, NVIDIA A10G, 19 %, 7 %, 2415 MiB, 23028 MiB
2026/02/25 17:08:32.972, 2, NVIDIA A10G, 0 %, 0 %, 0 MiB, 23028 MiB
2026/02/25 17:08:32.972, 3, NVIDIA A10G, 0 %, 0 %, 0 MiB, 23028 MiB
2026/02/25 17:08:33.972, 0, NVIDIA A10G, 22 %, 8 %, 1781 MiB, 23028 MiB
2026/02/25 17:08:33.972, 1, NVIDIA A10G, 22 %, 8 %, 2415 MiB, 23028 MiB
2026/02/25 17:08:33.972, 2, NVIDIA A10G, 0 %, 0 %, 0 MiB, 23028 MiB
2026/02/25 17:08:33.972, 3, NVIDIA A10G, 0 %, 0 %, 0 MiB, 23028 MiB
2026/02/25 17:08:34.972, 0, NVIDIA A10G, 21 %, 7 %, 1781 MiB, 23028 MiB
2026/02/25 17:08:34.972, 1, NVIDIA A10G, 22 %, 8 %, 2415 MiB, 23028 MiB
2026/02/25 17:08:34.972, 2, NVIDIA A10G, 0 %, 0 %, 0 MiB, 23028 MiB
2026/02/25 17:08:34.972, 3, NVIDIA A10G, 0 %, 0 %, 0 MiB, 23028 MiB
2026/02/25 17:08:35.973, 0, NVIDIA A10G, 21 %, 7 %, 1781 MiB, 23028 MiB
2026/02/25 17:08:35.973, 1, NVIDIA A10G, 23 %, 8 %, 2415 MiB, 23028 MiB
2026/02/25 17:08:35.973, 2, NVIDIA A10G, 0 %, 0 %, 0 MiB, 23028 MiB
2026/02/25 17:08:35.973, 3, NVIDIA A10G, 0 %, 0 %, 0 MiB, 23028 MiB
2026/02/25 17:08:36.973, 0, NVIDIA A10G, 20 %, 7 %, 1781 MiB, 23028 MiB
2026/02/25 17:08:36.973, 1, NVIDIA A10G, 24 %, 9 %, 2415 MiB, 23028 MiB
2026/02/25 17:08:36.973, 2, NVIDIA A10G, 0 %, 0 %, 0 MiB, 23028 MiB
2026/02/25 17:08:36.973, 3, NVIDIA A10G, 0 %, 0 %, 0 MiB, 23028 MiB
2026/02/25 17:08:37.973, 0, NVIDIA A10G, 23 %, 8 %, 1781 MiB, 23028 MiB
2026/02/25 17:08:37.973, 1, NVIDIA A10G, 22 %, 8 %, 2415 MiB, 23028 MiB
2026/02/25 17:08:37.973, 2, NVIDIA A10G, 0 %, 0 %, 0 MiB, 23028 MiB
2026/02/25 17:08:37.973, 3, NVIDIA A10G, 0 %, 0 %, 0 MiB, 23028 MiB
2026/02/25 17:08:38.974, 0, NVIDIA A10G, 21 %, 7 %, 1781 MiB, 23028 MiB
2026/02/25 17:08:38.974, 1, NVIDIA A10G, 21 %, 8 %, 2415 MiB, 23028 MiB
2026/02/25 17:08:38.974, 2, NVIDIA A10G, 0 %, 0 %, 0 MiB, 23028 MiB
2026/02/25 17:08:38.974, 3, NVIDIA A10G, 0 %, 0 %, 0 MiB, 23028 MiB
2026/02/25 17:08:39.974, 0, NVIDIA A10G, 21 %, 7 %, 1781 MiB, 23028 MiB
2026/02/25 17:08:39.974, 1, NVIDIA A10G, 19 %, 6 %, 2415 MiB, 23028 MiB
2026/02/25 17:08:39.974, 2, NVIDIA A10G, 0 %, 0 %, 0 MiB, 23028 MiB
2026/02/25 17:08:39.974, 3, NVIDIA A10G, 0 %, 0 %, 0 MiB, 23028 MiB
2026/02/25 17:08:40.974, 0, NVIDIA A10G, 20 %, 6 %, 1781 MiB, 23028 MiB
2026/02/25 17:08:40.974, 1, NVIDIA A10G, 21 %, 7 %, 2415 MiB, 23028 MiB
2026/02/25 17:08:40.975, 2, NVIDIA A10G, 0 %, 0 %, 0 MiB, 23028 MiB
2026/02/25 17:08:40.975, 3, NVIDIA A10G, 0 %, 0 %, 0 MiB, 23028 MiB
2026/02/25 17:08:41.975, 0, NVIDIA A10G, 0 %, 0 %, 1781 MiB, 23028 MiB
2026/02/25 17:08:41.975, 1, NVIDIA A10G, 0 %, 0 %, 2415 MiB, 23028 MiB
2026/02/25 17:08:41.975, 2, NVIDIA A10G, 0 %, 0 %, 0 MiB, 23028 MiB
2026/02/25 17:08:41.975, 3, NVIDIA A10G, 0 %, 0 %, 0 MiB, 23028 MiB
2026/02/25 17:08:42.975, 0, NVIDIA A10G, 0 %, 0 %, 1781 MiB, 23028 MiB
2026/02/25 17:08:42.975, 1, NVIDIA A10G, 0 %, 0 %, 2415 MiB, 23028 MiB
2026/02/25 17:08:42.975, 2, NVIDIA A10G, 0 %, 0 %, 0 MiB, 23028 MiB
2026/02/25 17:08:42.975, 3, NVIDIA A10G, 0 %, 0 %, 0 MiB, 23028 MiB
2026/02/25 17:08:43.975, 0, NVIDIA A10G, 0 %, 0 %, 1781 MiB, 23028 MiB
2026/02/25 17:08:43.975, 1, NVIDIA A10G, 0 %, 0 %, 2415 MiB, 23028 MiB
2026/02/25 17:08:43.975, 2, NVIDIA A10G, 0 %, 0 %, 0 MiB, 23028 MiB
2026/02/25 17:08:43.975, 3, NVIDIA A10G, 0 %, 0 %, 0 MiB, 23028 MiB
2026/02/25 17:08:44.976, 0, NVIDIA A10G, 0 %, 0 %, 1781 MiB, 23028 MiB
2026/02/25 17:08:44.976, 1, NVIDIA A10G, 0 %, 0 %, 2415 MiB, 23028 MiB
2026/02/25 17:08:44.976, 2, NVIDIA A10G, 0 %, 0 %, 0 MiB, 23028 MiB
2026/02/25 17:08:44.976, 3, NVIDIA A10G, 0 %, 0 %, 0 MiB, 23028 MiB
2026/02/25 17:08:45.976, 0, NVIDIA A10G, 0 %, 0 %, 1781 MiB, 23028 MiB
2026/02/25 17:08:45.976, 1, NVIDIA A10G, 0 %, 0 %, 2415 MiB, 23028 MiB
2026/02/25 17:08:45.976, 2, NVIDIA A10G, 0 %, 0 %, 0 MiB, 23028 MiB
2026/02/25 17:08:45.976, 3, NVIDIA A10G, 0 %, 0 %, 0 MiB, 23028 MiB
2026/02/25 17:08:46.976, 0, NVIDIA A10G, 0 %, 0 %, 1781 MiB, 23028 MiB
2026/02/25 17:08:46.976, 1, NVIDIA A10G, 0 %, 0 %, 2415 MiB, 23028 MiB
2026/02/25 17:08:46.976, 2, NVIDIA A10G, 0 %, 0 %, 0 MiB, 23028 MiB
2026/02/25 17:08:46.976, 3, NVIDIA A10G, 0 %, 0 %, 0 MiB, 23028 MiB
2026/02/25 17:08:47.976, 0, NVIDIA A10G, 0 %, 0 %, 1781 MiB, 23028 MiB
2026/02/25 17:08:47.977, 1, NVIDIA A10G, 0 %, 0 %, 2415 MiB, 23028 MiB
2026/02/25 17:08:47.977, 2, NVIDIA A10G, 0 %, 0 %, 0 MiB, 23028 MiB
2026/02/25 17:08:47.977, 3, NVIDIA A10G, 0 %, 0 %, 0 MiB, 23028 MiB
2026/02/25 17:08:48.977, 0, NVIDIA A10G, 23 %, 8 %, 1781 MiB, 23028 MiB
2026/02/25 17:08:48.977, 1, NVIDIA A10G, 22 %, 7 %, 2415 MiB, 23028 MiB
2026/02/25 17:08:48.977, 2, NVIDIA A10G, 0 %, 0 %, 0 MiB, 23028 MiB
2026/02/25 17:08:48.977, 3, NVIDIA A10G, 0 %, 0 %, 0 MiB, 23028 MiB
2026/02/25 17:08:49.977, 0, NVIDIA A10G, 21 %, 8 %, 1781 MiB, 23028 MiB
2026/02/25 17:08:49.977, 1, NVIDIA A10G, 18 %, 6 %, 2415 MiB, 23028 MiB
2026/02/25 17:08:49.977, 2, NVIDIA A10G, 0 %, 0 %, 0 MiB, 23028 MiB
2026/02/25 17:08:49.978, 3, NVIDIA A10G, 0 %, 0 %, 0 MiB, 23028 MiB
2026/02/25 17:08:50.978, 0, NVIDIA A10G, 21 %, 7 %, 1781 MiB, 23028 MiB
2026/02/25 17:08:50.978, 1, NVIDIA A10G, 20 %, 6 %, 2415 MiB, 23028 MiB
2026/02/25 17:08:50.978, 2, NVIDIA A10G, 0 %, 0 %, 0 MiB, 23028 MiB
2026/02/25 17:08:50.978, 3, NVIDIA A10G, 0 %, 0 %, 0 MiB, 23028 MiB
2026/02/25 17:08:51.978, 0, NVIDIA A10G, 21 %, 8 %, 1781 MiB, 23028 MiB
2026/02/25 17:08:51.978, 1, NVIDIA A10G, 21 %, 7 %, 2415 MiB, 23028 MiB
2026/02/25 17:08:51.978, 2, NVIDIA A10G, 0 %, 0 %, 0 MiB, 23028 MiB
2026/02/25 17:08:51.978, 3, NVIDIA A10G, 0 %, 0 %, 0 MiB, 23028 MiB
2026/02/25 17:08:52.978, 0, NVIDIA A10G, 21 %, 7 %, 1781 MiB, 23028 MiB
2026/02/25 17:08:52.979, 1, NVIDIA A10G, 21 %, 8 %, 2415 MiB, 23028 MiB
2026/02/25 17:08:52.979, 2, NVIDIA A10G, 0 %, 0 %, 0 MiB, 23028 MiB
2026/02/25 17:08:52.979, 3, NVIDIA A10G, 0 %, 0 %, 0 MiB, 23028 MiB
2026/02/25 17:08:53.979, 0, NVIDIA A10G, 22 %, 8 %, 1781 MiB, 23028 MiB
2026/02/25 17:08:53.980, 1, NVIDIA A10G, 21 %, 7 %, 2415 MiB, 23028 MiB
2026/02/25 17:08:53.980, 2, NVIDIA A10G, 0 %, 0 %, 0 MiB, 23028 MiB
2026/02/25 17:08:53.981, 3, NVIDIA A10G, 0 %, 0 %, 0 MiB, 23028 MiB
2026/02/25 17:08:54.981, 0, NVIDIA A10G, 0 %, 0 %, 1781 MiB, 23028 MiB
2026/02/25 17:08:54.981, 1, NVIDIA A10G, 21 %, 7 %, 2415 MiB, 23028 MiB
2026/02/25 17:08:54.981, 2, NVIDIA A10G, 0 %, 0 %, 0 MiB, 23028 MiB
2026/02/25 17:08:54.981, 3, NVIDIA A10G, 0 %, 0 %, 0 MiB, 23028 MiB
2026/02/25 17:08:55.981, 0, NVIDIA A10G, 20 %, 7 %, 1781 MiB, 23028 MiB
2026/02/25 17:08:55.981, 1, NVIDIA A10G, 14 %, 4 %, 2415 MiB, 23028 MiB
2026/02/25 17:08:55.981, 2, NVIDIA A10G, 0 %, 0 %, 0 MiB, 23028 MiB
2026/02/25 17:08:55.981, 3, NVIDIA A10G, 0 %, 0 %, 0 MiB, 23028 MiB
2026/02/25 17:08:56.981, 0, NVIDIA A10G, 0 %, 0 %, 1781 MiB, 23028 MiB
2026/02/25 17:08:56.982, 1, NVIDIA A10G, 0 %, 0 %, 2415 MiB, 23028 MiB
2026/02/25 17:08:56.982, 2, NVIDIA A10G, 0 %, 0 %, 0 MiB, 23028 MiB
2026/02/25 17:08:56.982, 3, NVIDIA A10G, 0 %, 0 %, 0 MiB, 23028 MiB
2026/02/25 17:08:57.982, 0, NVIDIA A10G, 0 %, 0 %, 1781 MiB, 23028 MiB
2026/02/25 17:08:57.982, 1, NVIDIA A10G, 0 %, 0 %, 2415 MiB, 23028 MiB
2026/02/25 17:08:57.982, 2, NVIDIA A10G, 0 %, 0 %, 0 MiB, 23028 MiB
2026/02/25 17:08:57.982, 3, NVIDIA A10G, 0 %, 0 %, 0 MiB, 23028 MiB
2026/02/25 17:08:58.982, 0, NVIDIA A10G, 0 %, 0 %, 1781 MiB, 23028 MiB
2026/02/25 17:08:58.982, 1, NVIDIA A10G, 0 %, 0 %, 2415 MiB, 23028 MiB
2026/02/25 17:08:58.983, 2, NVIDIA A10G, 0 %, 0 %, 0 MiB, 23028 MiB
2026/02/25 17:08:58.983, 3, NVIDIA A10G, 0 %, 0 %, 0 MiB, 23028 MiB
2026/02/25 17:08:59.983, 0, NVIDIA A10G, 21 %, 7 %, 1781 MiB, 23028 MiB
2026/02/25 17:08:59.983, 1, NVIDIA A10G, 20 %, 6 %, 2415 MiB, 23028 MiB
2026/02/25 17:08:59.983, 2, NVIDIA A10G, 0 %, 0 %, 0 MiB, 23028 MiB
2026/02/25 17:08:59.983, 3, NVIDIA A10G, 0 %, 0 %, 0 MiB, 23028 MiB
2026/02/25 17:09:00.983, 0, NVIDIA A10G, 21 %, 7 %, 1781 MiB, 23028 MiB
2026/02/25 17:09:00.983, 1, NVIDIA A10G, 19 %, 6 %, 2415 MiB, 23028 MiB
2026/02/25 17:09:00.983, 2, NVIDIA A10G, 0 %, 0 %, 0 MiB, 23028 MiB
2026/02/25 17:09:00.983, 3, NVIDIA A10G, 0 %, 0 %, 0 MiB, 23028 MiB
2026/02/25 17:09:01.984, 0, NVIDIA A10G, 22 %, 8 %, 1781 MiB, 23028 MiB
2026/02/25 17:09:01.984, 1, NVIDIA A10G, 22 %, 8 %, 2415 MiB, 23028 MiB
2026/02/25 17:09:01.984, 2, NVIDIA A10G, 0 %, 0 %, 0 MiB, 23028 MiB
2026/02/25 17:09:01.984, 3, NVIDIA A10G, 0 %, 0 %, 0 MiB, 23028 MiB
2026/02/25 17:09:02.984, 0, NVIDIA A10G, 13 %, 4 %, 1781 MiB, 23028 MiB
2026/02/25 17:09:02.984, 1, NVIDIA A10G, 22 %, 8 %, 2415 MiB, 23028 MiB
2026/02/25 17:09:02.984, 2, NVIDIA A10G, 0 %, 0 %, 0 MiB, 23028 MiB
2026/02/25 17:09:02.984, 3, NVIDIA A10G, 0 %, 0 %, 0 MiB, 23028 MiB
2026/02/25 17:09:03.984, 0, NVIDIA A10G, 0 %, 0 %, 1781 MiB, 23028 MiB
2026/02/25 17:09:03.984, 1, NVIDIA A10G, 0 %, 0 %, 2415 MiB, 23028 MiB
2026/02/25 17:09:03.984, 2, NVIDIA A10G, 0 %, 0 %, 0 MiB, 23028 MiB
2026/02/25 17:09:03.985, 3, NVIDIA A10G, 0 %, 0 %, 0 MiB, 23028 MiB
2026/02/25 17:09:04.985, 0, NVIDIA A10G, 0 %, 0 %, 1781 MiB, 23028 MiB
2026/02/25 17:09:04.985, 1, NVIDIA A10G, 0 %, 0 %, 2415 MiB, 23028 MiB
2026/02/25 17:09:04.985, 2, NVIDIA A10G, 0 %, 0 %, 0 MiB, 23028 MiB
2026/02/25 17:09:04.985, 3, NVIDIA A10G, 0 %, 0 %, 0 MiB, 23028 MiB
2026/02/25 17:09:05.985, 0, NVIDIA A10G, 0 %, 0 %, 1781 MiB, 23028 MiB
2026/02/25 17:09:05.985, 1, NVIDIA A10G, 0 %, 0 %, 2415 MiB, 23028 MiB
2026/02/25 17:09:05.985, 2, NVIDIA A10G, 0 %, 0 %, 0 MiB, 23028 MiB
2026/02/25 17:09:05.985, 3, NVIDIA A10G, 0 %, 0 %, 0 MiB, 23028 MiB
2026/02/25 17:09:06.985, 0, NVIDIA A10G, 0 %, 0 %, 1781 MiB, 23028 MiB
2026/02/25 17:09:06.985, 1, NVIDIA A10G, 0 %, 0 %, 2415 MiB, 23028 MiB
2026/02/25 17:09:06.985, 2, NVIDIA A10G, 0 %, 0 %, 0 MiB, 23028 MiB
2026/02/25 17:09:06.985, 3, NVIDIA A10G, 0 %, 0 %, 0 MiB, 23028 MiB
2026/02/25 17:09:07.985, 0, NVIDIA A10G, 0 %, 0 %, 1781 MiB, 23028 MiB
2026/02/25 17:09:07.986, 1, NVIDIA A10G, 22 %, 7 %, 2415 MiB, 23028 MiB
2026/02/25 17:09:07.986, 2, NVIDIA A10G, 0 %, 0 %, 0 MiB, 23028 MiB
2026/02/25 17:09:07.986, 3, NVIDIA A10G, 0 %, 0 %, 0 MiB, 23028 MiB
2026/02/25 17:09:08.986, 0, NVIDIA A10G, 0 %, 0 %, 1781 MiB, 23028 MiB
2026/02/25 17:09:08.986, 1, NVIDIA A10G, 22 %, 7 %, 2415 MiB, 23028 MiB
2026/02/25 17:09:08.986, 2, NVIDIA A10G, 0 %, 0 %, 0 MiB, 23028 MiB
2026/02/25 17:09:08.986, 3, NVIDIA A10G, 0 %, 0 %, 0 MiB, 23028 MiB
2026/02/25 17:09:09.986, 0, NVIDIA A10G, 0 %, 0 %, 1781 MiB, 23028 MiB
2026/02/25 17:09:09.986, 1, NVIDIA A10G, 23 %, 8 %, 2415 MiB, 23028 MiB
2026/02/25 17:09:09.986, 2, NVIDIA A10G, 0 %, 0 %, 0 MiB, 23028 MiB
2026/02/25 17:09:09.986, 3, NVIDIA A10G, 0 %, 0 %, 0 MiB, 23028 MiB
2026/02/25 17:09:10.986, 0, NVIDIA A10G, 0 %, 0 %, 1781 MiB, 23028 MiB
2026/02/25 17:09:10.987, 1, NVIDIA A10G, 21 %, 6 %, 2415 MiB, 23028 MiB
2026/02/25 17:09:10.987, 2, NVIDIA A10G, 0 %, 0 %, 0 MiB, 23028 MiB
2026/02/25 17:09:10.987, 3, NVIDIA A10G, 0 %, 0 %, 0 MiB, 23028 MiB
2026/02/25 17:09:11.987, 0, NVIDIA A10G, 0 %, 0 %, 1781 MiB, 23028 MiB
2026/02/25 17:09:11.987, 1, NVIDIA A10G, 0 %, 0 %, 2415 MiB, 23028 MiB
2026/02/25 17:09:11.987, 2, NVIDIA A10G, 0 %, 0 %, 0 MiB, 23028 MiB
2026/02/25 17:09:11.987, 3, NVIDIA A10G, 0 %, 0 %, 0 MiB, 23028 MiB
2026/02/25 17:09:12.987, 0, NVIDIA A10G, 100 %, 69 %, 1781 MiB, 23028 MiB
2026/02/25 17:09:12.987, 1, NVIDIA A10G, 0 %, 0 %, 2415 MiB, 23028 MiB
2026/02/25 17:09:12.987, 2, NVIDIA A10G, 0 %, 0 %, 0 MiB, 23028 MiB
2026/02/25 17:09:12.987, 3, NVIDIA A10G, 0 %, 0 %, 0 MiB, 23028 MiB
2026/02/25 17:09:13.988, 0, NVIDIA A10G, 23 %, 8 %, 1781 MiB, 23028 MiB
2026/02/25 17:09:13.988, 1, NVIDIA A10G, 0 %, 0 %, 2415 MiB, 23028 MiB
2026/02/25 17:09:13.988, 2, NVIDIA A10G, 0 %, 0 %, 0 MiB, 23028 MiB
2026/02/25 17:09:13.988, 3, NVIDIA A10G, 0 %, 0 %, 0 MiB, 23028 MiB
2026/02/25 17:09:14.988, 0, NVIDIA A10G, 24 %, 9 %, 1781 MiB, 23028 MiB
2026/02/25 17:09:14.988, 1, NVIDIA A10G, 0 %, 0 %, 2415 MiB, 23028 MiB
2026/02/25 17:09:14.988, 2, NVIDIA A10G, 0 %, 0 %, 0 MiB, 23028 MiB
2026/02/25 17:09:14.988, 3, NVIDIA A10G, 0 %, 0 %, 0 MiB, 23028 MiB
2026/02/25 17:09:15.988, 0, NVIDIA A10G, 18 %, 7 %, 1781 MiB, 23028 MiB
2026/02/25 17:09:15.988, 1, NVIDIA A10G, 0 %, 0 %, 2415 MiB, 23028 MiB
2026/02/25 17:09:15.988, 2, NVIDIA A10G, 0 %, 0 %, 0 MiB, 23028 MiB
2026/02/25 17:09:15.989, 3, NVIDIA A10G, 0 %, 0 %, 0 MiB, 23028 MiB
2026/02/25 17:09:16.989, 0, NVIDIA A10G, 20 %, 7 %, 1781 MiB, 23028 MiB
2026/02/25 17:09:16.989, 1, NVIDIA A10G, 0 %, 0 %, 2415 MiB, 23028 MiB
2026/02/25 17:09:16.989, 2, NVIDIA A10G, 0 %, 0 %, 0 MiB, 23028 MiB
2026/02/25 17:09:16.989, 3, NVIDIA A10G, 0 %, 0 %, 0 MiB, 23028 MiB
2026/02/25 17:09:17.989, 0, NVIDIA A10G, 21 %, 8 %, 1781 MiB, 23028 MiB
2026/02/25 17:09:17.989, 1, NVIDIA A10G, 0 %, 0 %, 2415 MiB, 23028 MiB
2026/02/25 17:09:17.989, 2, NVIDIA A10G, 0 %, 0 %, 0 MiB, 23028 MiB
2026/02/25 17:09:17.989, 3, NVIDIA A10G, 0 %, 0 %, 0 MiB, 23028 MiB
2026/02/25 17:09:18.990, 0, NVIDIA A10G, 22 %, 7 %, 1781 MiB, 23028 MiB
2026/02/25 17:09:18.990, 1, NVIDIA A10G, 0 %, 0 %, 2415 MiB, 23028 MiB
2026/02/25 17:09:18.990, 2, NVIDIA A10G, 0 %, 0 %, 0 MiB, 23028 MiB
2026/02/25 17:09:18.990, 3, NVIDIA A10G, 0 %, 0 %, 0 MiB, 23028 MiB
2026/02/25 17:09:19.990, 0, NVIDIA A10G, 22 %, 8 %, 1781 MiB, 23028 MiB
2026/02/25 17:09:19.990, 1, NVIDIA A10G, 0 %, 0 %, 2415 MiB, 23028 MiB
2026/02/25 17:09:19.990, 2, NVIDIA A10G, 0 %, 0 %, 0 MiB, 23028 MiB
2026/02/25 17:09:19.990, 3, NVIDIA A10G, 0 %, 0 %, 0 MiB, 23028 MiB
2026/02/25 17:09:20.990, 0, NVIDIA A10G, 22 %, 8 %, 1781 MiB, 23028 MiB
2026/02/25 17:09:20.991, 1, NVIDIA A10G, 23 %, 8 %, 2415 MiB, 23028 MiB
2026/02/25 17:09:20.991, 2, NVIDIA A10G, 0 %, 0 %, 0 MiB, 23028 MiB
2026/02/25 17:09:20.991, 3, NVIDIA A10G, 0 %, 0 %, 0 MiB, 23028 MiB
2026/02/25 17:09:21.991, 0, NVIDIA A10G, 21 %, 8 %, 1781 MiB, 23028 MiB
2026/02/25 17:09:21.991, 1, NVIDIA A10G, 22 %, 8 %, 2415 MiB, 23028 MiB
2026/02/25 17:09:21.991, 2, NVIDIA A10G, 0 %, 0 %, 0 MiB, 23028 MiB
2026/02/25 17:09:21.991, 3, NVIDIA A10G, 0 %, 0 %, 0 MiB, 23028 MiB
2026/02/25 17:09:22.991, 0, NVIDIA A10G, 22 %, 8 %, 1781 MiB, 23028 MiB
2026/02/25 17:09:22.991, 1, NVIDIA A10G, 21 %, 7 %, 2415 MiB, 23028 MiB
2026/02/25 17:09:22.991, 2, NVIDIA A10G, 0 %, 0 %, 0 MiB, 23028 MiB
2026/02/25 17:09:22.992, 3, NVIDIA A10G, 0 %, 0 %, 0 MiB, 23028 MiB
2026/02/25 17:09:23.992, 0, NVIDIA A10G, 22 %, 8 %, 1781 MiB, 23028 MiB
2026/02/25 17:09:23.993, 1, NVIDIA A10G, 22 %, 8 %, 2415 MiB, 23028 MiB
2026/02/25 17:09:23.993, 2, NVIDIA A10G, 0 %, 0 %, 0 MiB, 23028 MiB
2026/02/25 17:09:23.993, 3, NVIDIA A10G, 0 %, 0 %, 0 MiB, 23028 MiB
2026/02/25 17:09:24.993, 0, NVIDIA A10G, 10 %, 3 %, 1781 MiB, 23028 MiB
2026/02/25 17:09:24.993, 1, NVIDIA A10G, 20 %, 7 %, 2415 MiB, 23028 MiB
2026/02/25 17:09:24.994, 2, NVIDIA A10G, 0 %, 0 %, 0 MiB, 23028 MiB
2026/02/25 17:09:24.994, 3, NVIDIA A10G, 0 %, 0 %, 0 MiB, 23028 MiB
2026/02/25 17:09:25.994, 0, NVIDIA A10G, 0 %, 0 %, 1781 MiB, 23028 MiB
2026/02/25 17:09:25.994, 1, NVIDIA A10G, 23 %, 7 %, 2415 MiB, 23028 MiB
2026/02/25 17:09:25.994, 2, NVIDIA A10G, 0 %, 0 %, 0 MiB, 23028 MiB
2026/02/25 17:09:25.994, 3, NVIDIA A10G, 0 %, 0 %, 0 MiB, 23028 MiB
2026/02/25 17:09:26.994, 0, NVIDIA A10G, 0 %, 0 %, 1781 MiB, 23028 MiB
2026/02/25 17:09:26.994, 1, NVIDIA A10G, 22 %, 7 %, 2415 MiB, 23028 MiB
2026/02/25 17:09:26.995, 2, NVIDIA A10G, 0 %, 0 %, 0 MiB, 23028 MiB
2026/02/25 17:09:26.995, 3, NVIDIA A10G, 0 %, 0 %, 0 MiB, 23028 MiB
2026/02/25 17:09:27.995, 0, NVIDIA A10G, 0 %, 0 %, 1781 MiB, 23028 MiB
2026/02/25 17:09:27.995, 1, NVIDIA A10G, 20 %, 7 %, 2415 MiB, 23028 MiB
2026/02/25 17:09:27.995, 2, NVIDIA A10G, 0 %, 0 %, 0 MiB, 23028 MiB
2026/02/25 17:09:27.995, 3, NVIDIA A10G, 0 %, 0 %, 0 MiB, 23028 MiB
2026/02/25 17:09:28.995, 0, NVIDIA A10G, 0 %, 0 %, 1781 MiB, 23028 MiB
2026/02/25 17:09:28.995, 1, NVIDIA A10G, 0 %, 0 %, 2415 MiB, 23028 MiB
2026/02/25 17:09:28.995, 2, NVIDIA A10G, 0 %, 0 %, 0 MiB, 23028 MiB
2026/02/25 17:09:28.995, 3, NVIDIA A10G, 0 %, 0 %, 0 MiB, 23028 MiB
2026/02/25 17:09:29.996, 0, NVIDIA A10G, 0 %, 0 %, 1781 MiB, 23028 MiB
2026/02/25 17:09:29.996, 1, NVIDIA A10G, 0 %, 0 %, 2415 MiB, 23028 MiB
2026/02/25 17:09:29.996, 2, NVIDIA A10G, 0 %, 0 %, 0 MiB, 23028 MiB
2026/02/25 17:09:29.996, 3, NVIDIA A10G, 0 %, 0 %, 0 MiB, 23028 MiB
2026/02/25 17:09:30.996, 0, NVIDIA A10G, 0 %, 0 %, 1781 MiB, 23028 MiB
2026/02/25 17:09:30.996, 1, NVIDIA A10G, 0 %, 0 %, 2415 MiB, 23028 MiB
2026/02/25 17:09:30.997, 2, NVIDIA A10G, 0 %, 0 %, 0 MiB, 23028 MiB
2026/02/25 17:09:30.997, 3, NVIDIA A10G, 0 %, 0 %, 0 MiB, 23028 MiB
2026/02/25 17:09:31.997, 0, NVIDIA A10G, 0 %, 0 %, 1781 MiB, 23028 MiB
2026/02/25 17:09:31.997, 1, NVIDIA A10G, 0 %, 0 %, 2415 MiB, 23028 MiB
2026/02/25 17:09:31.997, 2, NVIDIA A10G, 0 %, 0 %, 0 MiB, 23028 MiB
2026/02/25 17:09:31.997, 3, NVIDIA A10G, 0 %, 0 %, 0 MiB, 23028 MiB
2026/02/25 17:09:32.997, 0, NVIDIA A10G, 20 %, 7 %, 1781 MiB, 23028 MiB
2026/02/25 17:09:32.997, 1, NVIDIA A10G, 0 %, 0 %, 2415 MiB, 23028 MiB
2026/02/25 17:09:32.997, 2, NVIDIA A10G, 0 %, 0 %, 0 MiB, 23028 MiB
2026/02/25 17:09:32.997, 3, NVIDIA A10G, 0 %, 0 %, 0 MiB, 23028 MiB
2026/02/25 17:09:33.997, 0, NVIDIA A10G, 20 %, 6 %, 1781 MiB, 23028 MiB
2026/02/25 17:09:33.997, 1, NVIDIA A10G, 0 %, 0 %, 2415 MiB, 23028 MiB
2026/02/25 17:09:33.997, 2, NVIDIA A10G, 0 %, 0 %, 0 MiB, 23028 MiB
2026/02/25 17:09:33.997, 3, NVIDIA A10G, 0 %, 0 %, 0 MiB, 23028 MiB
2026/02/25 17:09:34.998, 0, NVIDIA A10G, 20 %, 7 %, 1781 MiB, 23028 MiB
2026/02/25 17:09:34.998, 1, NVIDIA A10G, 0 %, 0 %, 2415 MiB, 23028 MiB
2026/02/25 17:09:34.998, 2, NVIDIA A10G, 0 %, 0 %, 0 MiB, 23028 MiB
2026/02/25 17:09:34.998, 3, NVIDIA A10G, 0 %, 0 %, 0 MiB, 23028 MiB
2026/02/25 17:09:35.998, 0, NVIDIA A10G, 20 %, 6 %, 1781 MiB, 23028 MiB
2026/02/25 17:09:35.998, 1, NVIDIA A10G, 0 %, 0 %, 2415 MiB, 23028 MiB
2026/02/25 17:09:35.998, 2, NVIDIA A10G, 0 %, 0 %, 0 MiB, 23028 MiB
2026/02/25 17:09:35.998, 3, NVIDIA A10G, 0 %, 0 %, 0 MiB, 23028 MiB
2026/02/25 17:09:36.998, 0, NVIDIA A10G, 22 %, 8 %, 1781 MiB, 23028 MiB
2026/02/25 17:09:36.998, 1, NVIDIA A10G, 0 %, 0 %, 2415 MiB, 23028 MiB
2026/02/25 17:09:36.998, 2, NVIDIA A10G, 0 %, 0 %, 0 MiB, 23028 MiB
2026/02/25 17:09:36.998, 3, NVIDIA A10G, 0 %, 0 %, 0 MiB, 23028 MiB
2026/02/25 17:09:37.999, 0, NVIDIA A10G, 22 %, 7 %, 1781 MiB, 23028 MiB
2026/02/25 17:09:37.999, 1, NVIDIA A10G, 0 %, 0 %, 2415 MiB, 23028 MiB
2026/02/25 17:09:37.999, 2, NVIDIA A10G, 0 %, 0 %, 0 MiB, 23028 MiB
2026/02/25 17:09:37.999, 3, NVIDIA A10G, 0 %, 0 %, 0 MiB, 23028 MiB
2026/02/25 17:09:38.999, 0, NVIDIA A10G, 18 %, 5 %, 1781 MiB, 23028 MiB
2026/02/25 17:09:38.999, 1, NVIDIA A10G, 0 %, 0 %, 2415 MiB, 23028 MiB
2026/02/25 17:09:38.999, 2, NVIDIA A10G, 0 %, 0 %, 0 MiB, 23028 MiB
2026/02/25 17:09:38.999, 3, NVIDIA A10G, 0 %, 0 %, 0 MiB, 23028 MiB
2026/02/25 17:09:39.999, 0, NVIDIA A10G, 0 %, 0 %, 1781 MiB, 23028 MiB
2026/02/25 17:09:39.999, 1, NVIDIA A10G, 0 %, 0 %, 2415 MiB, 23028 MiB
2026/02/25 17:09:40.000, 2, NVIDIA A10G, 0 %, 0 %, 0 MiB, 23028 MiB
2026/02/25 17:09:40.000, 3, NVIDIA A10G, 0 %, 0 %, 0 MiB, 23028 MiB
2026/02/25 17:09:41.000, 0, NVIDIA A10G, 0 %, 0 %, 1781 MiB, 23028 MiB
2026/02/25 17:09:41.000, 1, NVIDIA A10G, 21 %, 7 %, 2415 MiB, 23028 MiB
2026/02/25 17:09:41.000, 2, NVIDIA A10G, 0 %, 0 %, 0 MiB, 23028 MiB
2026/02/25 17:09:41.000, 3, NVIDIA A10G, 0 %, 0 %, 0 MiB, 23028 MiB
2026/02/25 17:09:42.000, 0, NVIDIA A10G, 0 %, 0 %, 1781 MiB, 23028 MiB
2026/02/25 17:09:42.000, 1, NVIDIA A10G, 23 %, 7 %, 2415 MiB, 23028 MiB
2026/02/25 17:09:42.000, 2, NVIDIA A10G, 0 %, 0 %, 0 MiB, 23028 MiB
2026/02/25 17:09:42.000, 3, NVIDIA A10G, 0 %, 0 %, 0 MiB, 23028 MiB
2026/02/25 17:09:43.000, 0, NVIDIA A10G, 0 %, 0 %, 1781 MiB, 23028 MiB
2026/02/25 17:09:43.000, 1, NVIDIA A10G, 20 %, 6 %, 2415 MiB, 23028 MiB
2026/02/25 17:09:43.000, 2, NVIDIA A10G, 0 %, 0 %, 0 MiB, 23028 MiB
2026/02/25 17:09:43.000, 3, NVIDIA A10G, 0 %, 0 %, 0 MiB, 23028 MiB
2026/02/25 17:09:44.001, 0, NVIDIA A10G, 0 %, 0 %, 1781 MiB, 23028 MiB
2026/02/25 17:09:44.001, 1, NVIDIA A10G, 21 %, 7 %, 2415 MiB, 23028 MiB
2026/02/25 17:09:44.001, 2, NVIDIA A10G, 0 %, 0 %, 0 MiB, 23028 MiB
2026/02/25 17:09:44.001, 3, NVIDIA A10G, 0 %, 0 %, 0 MiB, 23028 MiB
2026/02/25 17:09:45.001, 0, NVIDIA A10G, 0 %, 0 %, 1781 MiB, 23028 MiB
2026/02/25 17:09:45.001, 1, NVIDIA A10G, 23 %, 8 %, 2415 MiB, 23028 MiB
2026/02/25 17:09:45.001, 2, NVIDIA A10G, 0 %, 0 %, 0 MiB, 23028 MiB
2026/02/25 17:09:45.001, 3, NVIDIA A10G, 0 %, 0 %, 0 MiB, 23028 MiB
2026/02/25 17:09:46.001, 0, NVIDIA A10G, 0 %, 0 %, 1781 MiB, 23028 MiB
2026/02/25 17:09:46.001, 1, NVIDIA A10G, 20 %, 7 %, 2415 MiB, 23028 MiB
2026/02/25 17:09:46.001, 2, NVIDIA A10G, 0 %, 0 %, 0 MiB, 23028 MiB
2026/02/25 17:09:46.002, 3, NVIDIA A10G, 0 %, 0 %, 0 MiB, 23028 MiB
2026/02/25 17:09:47.002, 0, NVIDIA A10G, 0 %, 0 %, 1781 MiB, 23028 MiB
2026/02/25 17:09:47.002, 1, NVIDIA A10G, 22 %, 7 %, 2415 MiB, 23028 MiB
2026/02/25 17:09:47.002, 2, NVIDIA A10G, 0 %, 0 %, 0 MiB, 23028 MiB
2026/02/25 17:09:47.002, 3, NVIDIA A10G, 0 %, 0 %, 0 MiB, 23028 MiB
2026/02/25 17:09:48.002, 0, NVIDIA A10G, 0 %, 0 %, 1781 MiB, 23028 MiB
2026/02/25 17:09:48.002, 1, NVIDIA A10G, 21 %, 7 %, 2415 MiB, 23028 MiB
2026/02/25 17:09:48.002, 2, NVIDIA A10G, 0 %, 0 %, 0 MiB, 23028 MiB
2026/02/25 17:09:48.002, 3, NVIDIA A10G, 0 %, 0 %, 0 MiB, 23028 MiB
2026/02/25 17:09:49.002, 0, NVIDIA A10G, 0 %, 0 %, 1781 MiB, 23028 MiB
2026/02/25 17:09:49.002, 1, NVIDIA A10G, 22 %, 8 %, 2415 MiB, 23028 MiB
2026/02/25 17:09:49.002, 2, NVIDIA A10G, 0 %, 0 %, 0 MiB, 23028 MiB
2026/02/25 17:09:49.003, 3, NVIDIA A10G, 0 %, 0 %, 0 MiB, 23028 MiB
2026/02/25 17:09:50.003, 0, NVIDIA A10G, 6 %, 2 %, 1781 MiB, 23028 MiB
2026/02/25 17:09:50.003, 1, NVIDIA A10G, 20 %, 6 %, 2415 MiB, 23028 MiB
2026/02/25 17:09:50.003, 2, NVIDIA A10G, 0 %, 0 %, 0 MiB, 23028 MiB
2026/02/25 17:09:50.003, 3, NVIDIA A10G, 0 %, 0 %, 0 MiB, 23028 MiB
2026/02/25 17:09:51.003, 0, NVIDIA A10G, 20 %, 6 %, 1781 MiB, 23028 MiB
2026/02/25 17:09:51.003, 1, NVIDIA A10G, 22 %, 7 %, 2415 MiB, 23028 MiB
2026/02/25 17:09:51.003, 2, NVIDIA A10G, 0 %, 0 %, 0 MiB, 23028 MiB
2026/02/25 17:09:51.003, 3, NVIDIA A10G, 0 %, 0 %, 0 MiB, 23028 MiB
2026/02/25 17:09:52.003, 0, NVIDIA A10G, 20 %, 7 %, 1781 MiB, 23028 MiB
2026/02/25 17:09:52.004, 1, NVIDIA A10G, 15 %, 5 %, 2415 MiB, 23028 MiB
2026/02/25 17:09:52.004, 2, NVIDIA A10G, 0 %, 0 %, 0 MiB, 23028 MiB
2026/02/25 17:09:52.004, 3, NVIDIA A10G, 0 %, 0 %, 0 MiB, 23028 MiB
2026/02/25 17:09:53.004, 0, NVIDIA A10G, 19 %, 6 %, 1781 MiB, 23028 MiB
2026/02/25 17:09:53.004, 1, NVIDIA A10G, 0 %, 0 %, 2415 MiB, 23028 MiB
2026/02/25 17:09:53.004, 2, NVIDIA A10G, 0 %, 0 %, 0 MiB, 23028 MiB
2026/02/25 17:09:53.004, 3, NVIDIA A10G, 0 %, 0 %, 0 MiB, 23028 MiB
2026/02/25 17:09:54.004, 0, NVIDIA A10G, 19 %, 6 %, 1781 MiB, 23028 MiB
2026/02/25 17:09:54.005, 1, NVIDIA A10G, 0 %, 0 %, 2415 MiB, 23028 MiB
2026/02/25 17:09:54.005, 2, NVIDIA A10G, 0 %, 0 %, 0 MiB, 23028 MiB
2026/02/25 17:09:54.005, 3, NVIDIA A10G, 0 %, 0 %, 0 MiB, 23028 MiB
2026/02/25 17:09:55.006, 0, NVIDIA A10G, 19 %, 7 %, 1781 MiB, 23028 MiB
2026/02/25 17:09:55.006, 1, NVIDIA A10G, 0 %, 0 %, 2415 MiB, 23028 MiB
2026/02/25 17:09:55.006, 2, NVIDIA A10G, 0 %, 0 %, 0 MiB, 23028 MiB
2026/02/25 17:09:55.006, 3, NVIDIA A10G, 0 %, 0 %, 0 MiB, 23028 MiB
2026/02/25 17:09:56.006, 0, NVIDIA A10G, 22 %, 8 %, 1781 MiB, 23028 MiB
2026/02/25 17:09:56.006, 1, NVIDIA A10G, 0 %, 0 %, 2415 MiB, 23028 MiB
2026/02/25 17:09:56.006, 2, NVIDIA A10G, 0 %, 0 %, 0 MiB, 23028 MiB
2026/02/25 17:09:56.006, 3, NVIDIA A10G, 0 %, 0 %, 0 MiB, 23028 MiB
2026/02/25 17:09:57.006, 0, NVIDIA A10G, 23 %, 8 %, 1781 MiB, 23028 MiB
2026/02/25 17:09:57.006, 1, NVIDIA A10G, 0 %, 0 %, 2415 MiB, 23028 MiB
2026/02/25 17:09:57.006, 2, NVIDIA A10G, 0 %, 0 %, 0 MiB, 23028 MiB
2026/02/25 17:09:57.006, 3, NVIDIA A10G, 0 %, 0 %, 0 MiB, 23028 MiB
2026/02/25 17:09:58.007, 0, NVIDIA A10G, 22 %, 7 %, 1781 MiB, 23028 MiB
2026/02/25 17:09:58.007, 1, NVIDIA A10G, 0 %, 0 %, 2415 MiB, 23028 MiB
2026/02/25 17:09:58.007, 2, NVIDIA A10G, 0 %, 0 %, 0 MiB, 23028 MiB
2026/02/25 17:09:58.007, 3, NVIDIA A10G, 0 %, 0 %, 0 MiB, 23028 MiB
2026/02/25 17:09:59.007, 0, NVIDIA A10G, 22 %, 8 %, 1781 MiB, 23028 MiB
2026/02/25 17:09:59.007, 1, NVIDIA A10G, 0 %, 0 %, 2415 MiB, 23028 MiB
2026/02/25 17:09:59.007, 2, NVIDIA A10G, 0 %, 0 %, 0 MiB, 23028 MiB
2026/02/25 17:09:59.007, 3, NVIDIA A10G, 0 %, 0 %, 0 MiB, 23028 MiB
2026/02/25 17:10:00.007, 0, NVIDIA A10G, 20 %, 7 %, 1781 MiB, 23028 MiB
2026/02/25 17:10:00.007, 1, NVIDIA A10G, 20 %, 7 %, 2415 MiB, 23028 MiB
2026/02/25 17:10:00.008, 2, NVIDIA A10G, 0 %, 0 %, 0 MiB, 23028 MiB
2026/02/25 17:10:00.008, 3, NVIDIA A10G, 0 %, 0 %, 0 MiB, 23028 MiB
2026/02/25 17:10:01.008, 0, NVIDIA A10G, 0 %, 0 %, 1781 MiB, 23028 MiB
2026/02/25 17:10:01.008, 1, NVIDIA A10G, 23 %, 8 %, 2415 MiB, 23028 MiB
2026/02/25 17:10:01.008, 2, NVIDIA A10G, 0 %, 0 %, 0 MiB, 23028 MiB
2026/02/25 17:10:01.008, 3, NVIDIA A10G, 0 %, 0 %, 0 MiB, 23028 MiB
2026/02/25 17:10:02.008, 0, NVIDIA A10G, 0 %, 0 %, 1781 MiB, 23028 MiB
2026/02/25 17:10:02.008, 1, NVIDIA A10G, 22 %, 7 %, 2415 MiB, 23028 MiB
2026/02/25 17:10:02.008, 2, NVIDIA A10G, 0 %, 0 %, 0 MiB, 23028 MiB
2026/02/25 17:10:02.008, 3, NVIDIA A10G, 0 %, 0 %, 0 MiB, 23028 MiB
2026/02/25 17:10:03.008, 0, NVIDIA A10G, 0 %, 0 %, 1781 MiB, 23028 MiB
2026/02/25 17:10:03.009, 1, NVIDIA A10G, 19 %, 7 %, 2415 MiB, 23028 MiB
2026/02/25 17:10:03.009, 2, NVIDIA A10G, 0 %, 0 %, 0 MiB, 23028 MiB
2026/02/25 17:10:03.009, 3, NVIDIA A10G, 0 %, 0 %, 0 MiB, 23028 MiB
2026/02/25 17:10:04.009, 0, NVIDIA A10G, 0 %, 0 %, 1781 MiB, 23028 MiB
2026/02/25 17:10:04.009, 1, NVIDIA A10G, 22 %, 7 %, 2415 MiB, 23028 MiB
2026/02/25 17:10:04.009, 2, NVIDIA A10G, 0 %, 0 %, 0 MiB, 23028 MiB
2026/02/25 17:10:04.009, 3, NVIDIA A10G, 0 %, 0 %, 0 MiB, 23028 MiB
2026/02/25 17:10:05.009, 0, NVIDIA A10G, 0 %, 0 %, 1781 MiB, 23028 MiB
2026/02/25 17:10:05.009, 1, NVIDIA A10G, 22 %, 7 %, 2415 MiB, 23028 MiB
2026/02/25 17:10:05.009, 2, NVIDIA A10G, 0 %, 0 %, 0 MiB, 23028 MiB
2026/02/25 17:10:05.009, 3, NVIDIA A10G, 0 %, 0 %, 0 MiB, 23028 MiB
2026/02/25 17:10:06.010, 0, NVIDIA A10G, 0 %, 0 %, 1781 MiB, 23028 MiB
2026/02/25 17:10:06.010, 1, NVIDIA A10G, 22 %, 7 %, 2415 MiB, 23028 MiB
2026/02/25 17:10:06.010, 2, NVIDIA A10G, 0 %, 0 %, 0 MiB, 23028 MiB
2026/02/25 17:10:06.010, 3, NVIDIA A10G, 0 %, 0 %, 0 MiB, 23028 MiB
2026/02/25 17:10:07.010, 0, NVIDIA A10G, 0 %, 0 %, 1781 MiB, 23028 MiB
2026/02/25 17:10:07.010, 1, NVIDIA A10G, 0 %, 0 %, 2415 MiB, 23028 MiB
2026/02/25 17:10:07.010, 2, NVIDIA A10G, 0 %, 0 %, 0 MiB, 23028 MiB
2026/02/25 17:10:07.010, 3, NVIDIA A10G, 0 %, 0 %, 0 MiB, 23028 MiB
2026/02/25 17:10:08.010, 0, NVIDIA A10G, 0 %, 0 %, 1781 MiB, 23028 MiB
2026/02/25 17:10:08.010, 1, NVIDIA A10G, 0 %, 0 %, 2415 MiB, 23028 MiB
2026/02/25 17:10:08.010, 2, NVIDIA A10G, 0 %, 0 %, 0 MiB, 23028 MiB
2026/02/25 17:10:08.011, 3, NVIDIA A10G, 0 %, 0 %, 0 MiB, 23028 MiB
2026/02/25 17:10:09.011, 0, NVIDIA A10G, 0 %, 0 %, 1781 MiB, 23028 MiB
2026/02/25 17:10:09.011, 1, NVIDIA A10G, 0 %, 0 %, 2415 MiB, 23028 MiB
2026/02/25 17:10:09.011, 2, NVIDIA A10G, 0 %, 0 %, 0 MiB, 23028 MiB
2026/02/25 17:10:09.011, 3, NVIDIA A10G, 0 %, 0 %, 0 MiB, 23028 MiB
2026/02/25 17:10:10.011, 0, NVIDIA A10G, 0 %, 0 %, 1781 MiB, 23028 MiB
2026/02/25 17:10:10.011, 1, NVIDIA A10G, 0 %, 0 %, 2415 MiB, 23028 MiB
2026/02/25 17:10:10.011, 2, NVIDIA A10G, 0 %, 0 %, 0 MiB, 23028 MiB
2026/02/25 17:10:10.011, 3, NVIDIA A10G, 0 %, 0 %, 0 MiB, 23028 MiB
2026/02/25 17:10:11.011, 0, NVIDIA A10G, 0 %, 0 %, 1781 MiB, 23028 MiB
2026/02/25 17:10:11.011, 1, NVIDIA A10G, 0 %, 0 %, 2415 MiB, 23028 MiB
2026/02/25 17:10:11.011, 2, NVIDIA A10G, 0 %, 0 %, 0 MiB, 23028 MiB
2026/02/25 17:10:11.011, 3, NVIDIA A10G, 0 %, 0 %, 0 MiB, 23028 MiB
2026/02/25 17:10:12.011, 0, NVIDIA A10G, 92 %, 62 %, 1781 MiB, 23028 MiB
2026/02/25 17:10:12.012, 1, NVIDIA A10G, 5 %, 2 %, 2415 MiB, 23028 MiB
2026/02/25 17:10:12.012, 2, NVIDIA A10G, 0 %, 0 %, 0 MiB, 23028 MiB
2026/02/25 17:10:12.012, 3, NVIDIA A10G, 0 %, 0 %, 0 MiB, 23028 MiB
2026/02/25 17:10:13.012, 0, NVIDIA A10G, 10 %, 3 %, 1781 MiB, 23028 MiB
2026/02/25 17:10:13.012, 1, NVIDIA A10G, 21 %, 7 %, 2415 MiB, 23028 MiB
2026/02/25 17:10:13.012, 2, NVIDIA A10G, 0 %, 0 %, 0 MiB, 23028 MiB
2026/02/25 17:10:13.012, 3, NVIDIA A10G, 0 %, 0 %, 0 MiB, 23028 MiB
2026/02/25 17:10:14.012, 0, NVIDIA A10G, 21 %, 7 %, 1781 MiB, 23028 MiB
2026/02/25 17:10:14.012, 1, NVIDIA A10G, 21 %, 7 %, 2415 MiB, 23028 MiB
2026/02/25 17:10:14.012, 2, NVIDIA A10G, 0 %, 0 %, 0 MiB, 23028 MiB
2026/02/25 17:10:14.013, 3, NVIDIA A10G, 0 %, 0 %, 0 MiB, 23028 MiB
2026/02/25 17:10:15.013, 0, NVIDIA A10G, 18 %, 6 %, 1781 MiB, 23028 MiB
2026/02/25 17:10:15.013, 1, NVIDIA A10G, 22 %, 7 %, 2415 MiB, 23028 MiB
2026/02/25 17:10:15.013, 2, NVIDIA A10G, 0 %, 0 %, 0 MiB, 23028 MiB
2026/02/25 17:10:15.013, 3, NVIDIA A10G, 0 %, 0 %, 0 MiB, 23028 MiB
2026/02/25 17:10:16.013, 0, NVIDIA A10G, 21 %, 8 %, 1781 MiB, 23028 MiB
2026/02/25 17:10:16.013, 1, NVIDIA A10G, 22 %, 8 %, 2415 MiB, 23028 MiB
2026/02/25 17:10:16.013, 2, NVIDIA A10G, 0 %, 0 %, 0 MiB, 23028 MiB
2026/02/25 17:10:16.013, 3, NVIDIA A10G, 0 %, 0 %, 0 MiB, 23028 MiB
2026/02/25 17:10:17.014, 0, NVIDIA A10G, 19 %, 6 %, 1781 MiB, 23028 MiB
2026/02/25 17:10:17.014, 1, NVIDIA A10G, 20 %, 7 %, 2415 MiB, 23028 MiB
2026/02/25 17:10:17.014, 2, NVIDIA A10G, 0 %, 0 %, 0 MiB, 23028 MiB
2026/02/25 17:10:17.014, 3, NVIDIA A10G, 0 %, 0 %, 0 MiB, 23028 MiB
2026/02/25 17:10:18.014, 0, NVIDIA A10G, 21 %, 7 %, 1781 MiB, 23028 MiB
2026/02/25 17:10:18.014, 1, NVIDIA A10G, 21 %, 7 %, 2415 MiB, 23028 MiB
2026/02/25 17:10:18.014, 2, NVIDIA A10G, 0 %, 0 %, 0 MiB, 23028 MiB
2026/02/25 17:10:18.014, 3, NVIDIA A10G, 0 %, 0 %, 0 MiB, 23028 MiB
2026/02/25 17:10:19.014, 0, NVIDIA A10G, 20 %, 7 %, 1781 MiB, 23028 MiB
2026/02/25 17:10:19.014, 1, NVIDIA A10G, 0 %, 0 %, 2415 MiB, 23028 MiB
2026/02/25 17:10:19.014, 2, NVIDIA A10G, 0 %, 0 %, 0 MiB, 23028 MiB
2026/02/25 17:10:19.014, 3, NVIDIA A10G, 0 %, 0 %, 0 MiB, 23028 MiB
2026/02/25 17:10:20.015, 0, NVIDIA A10G, 22 %, 8 %, 1781 MiB, 23028 MiB
2026/02/25 17:10:20.015, 1, NVIDIA A10G, 0 %, 0 %, 2415 MiB, 23028 MiB
2026/02/25 17:10:20.015, 2, NVIDIA A10G, 0 %, 0 %, 0 MiB, 23028 MiB
2026/02/25 17:10:20.015, 3, NVIDIA A10G, 0 %, 0 %, 0 MiB, 23028 MiB
2026/02/25 17:10:21.015, 0, NVIDIA A10G, 20 %, 7 %, 1781 MiB, 23028 MiB
2026/02/25 17:10:21.015, 1, NVIDIA A10G, 0 %, 0 %, 2415 MiB, 23028 MiB
2026/02/25 17:10:21.015, 2, NVIDIA A10G, 0 %, 0 %, 0 MiB, 23028 MiB
2026/02/25 17:10:21.015, 3, NVIDIA A10G, 0 %, 0 %, 0 MiB, 23028 MiB
2026/02/25 17:10:22.015, 0, NVIDIA A10G, 21 %, 7 %, 1781 MiB, 23028 MiB
2026/02/25 17:10:22.015, 1, NVIDIA A10G, 0 %, 0 %, 2415 MiB, 23028 MiB
2026/02/25 17:10:22.015, 2, NVIDIA A10G, 0 %, 0 %, 0 MiB, 23028 MiB
2026/02/25 17:10:22.015, 3, NVIDIA A10G, 0 %, 0 %, 0 MiB, 23028 MiB
2026/02/25 17:10:23.016, 0, NVIDIA A10G, 22 %, 8 %, 1781 MiB, 23028 MiB
2026/02/25 17:10:23.016, 1, NVIDIA A10G, 0 %, 0 %, 2415 MiB, 23028 MiB
2026/02/25 17:10:23.016, 2, NVIDIA A10G, 0 %, 0 %, 0 MiB, 23028 MiB
2026/02/25 17:10:23.016, 3, NVIDIA A10G, 0 %, 0 %, 0 MiB, 23028 MiB
2026/02/25 17:10:24.016, 0, NVIDIA A10G, 20 %, 7 %, 1781 MiB, 23028 MiB
2026/02/25 17:10:24.017, 1, NVIDIA A10G, 0 %, 0 %, 2415 MiB, 23028 MiB
2026/02/25 17:10:24.017, 2, NVIDIA A10G, 0 %, 0 %, 0 MiB, 23028 MiB
2026/02/25 17:10:24.017, 3, NVIDIA A10G, 0 %, 0 %, 0 MiB, 23028 MiB
2026/02/25 17:10:25.018, 0, NVIDIA A10G, 0 %, 0 %, 1781 MiB, 23028 MiB
2026/02/25 17:10:25.018, 1, NVIDIA A10G, 0 %, 0 %, 2415 MiB, 23028 MiB
2026/02/25 17:10:25.018, 2, NVIDIA A10G, 0 %, 0 %, 0 MiB, 23028 MiB
2026/02/25 17:10:25.018, 3, NVIDIA A10G, 0 %, 0 %, 0 MiB, 23028 MiB
2026/02/25 17:10:26.018, 0, NVIDIA A10G, 0 %, 0 %, 1781 MiB, 23028 MiB
2026/02/25 17:10:26.018, 1, NVIDIA A10G, 0 %, 0 %, 2415 MiB, 23028 MiB
2026/02/25 17:10:26.018, 2, NVIDIA A10G, 0 %, 0 %, 0 MiB, 23028 MiB
2026/02/25 17:10:26.018, 3, NVIDIA A10G, 0 %, 0 %, 0 MiB, 23028 MiB
2026/02/25 17:10:27.018, 0, NVIDIA A10G, 0 %, 0 %, 1781 MiB, 23028 MiB
2026/02/25 17:10:27.018, 1, NVIDIA A10G, 0 %, 0 %, 2415 MiB, 23028 MiB
2026/02/25 17:10:27.018, 2, NVIDIA A10G, 0 %, 0 %, 0 MiB, 23028 MiB
2026/02/25 17:10:27.018, 3, NVIDIA A10G, 0 %, 0 %, 0 MiB, 23028 MiB
2026/02/25 17:10:28.019, 0, NVIDIA A10G, 0 %, 0 %, 1781 MiB, 23028 MiB
2026/02/25 17:10:28.019, 1, NVIDIA A10G, 0 %, 0 %, 2415 MiB, 23028 MiB
2026/02/25 17:10:28.019, 2, NVIDIA A10G, 0 %, 0 %, 0 MiB, 23028 MiB
2026/02/25 17:10:28.019, 3, NVIDIA A10G, 0 %, 0 %, 0 MiB, 23028 MiB
2026/02/25 17:10:29.019, 0, NVIDIA A10G, 0 %, 0 %, 1781 MiB, 23028 MiB
2026/02/25 17:10:29.019, 1, NVIDIA A10G, 0 %, 0 %, 2415 MiB, 23028 MiB
2026/02/25 17:10:29.019, 2, NVIDIA A10G, 0 %, 0 %, 0 MiB, 23028 MiB
2026/02/25 17:10:29.019, 3, NVIDIA A10G, 0 %, 0 %, 0 MiB, 23028 MiB
2026/02/25 17:10:30.019, 0, NVIDIA A10G, 22 %, 8 %, 1781 MiB, 23028 MiB
2026/02/25 17:10:30.019, 1, NVIDIA A10G, 0 %, 0 %, 2415 MiB, 23028 MiB
2026/02/25 17:10:30.019, 2, NVIDIA A10G, 0 %, 0 %, 0 MiB, 23028 MiB
2026/02/25 17:10:30.019, 3, NVIDIA A10G, 0 %, 0 %, 0 MiB, 23028 MiB
2026/02/25 17:10:31.020, 0, NVIDIA A10G, 21 %, 7 %, 1781 MiB, 23028 MiB
2026/02/25 17:10:31.020, 1, NVIDIA A10G, 0 %, 0 %, 2415 MiB, 23028 MiB
2026/02/25 17:10:31.020, 2, NVIDIA A10G, 0 %, 0 %, 0 MiB, 23028 MiB
2026/02/25 17:10:31.020, 3, NVIDIA A10G, 0 %, 0 %, 0 MiB, 23028 MiB
2026/02/25 17:10:32.020, 0, NVIDIA A10G, 21 %, 8 %, 1781 MiB, 23028 MiB
2026/02/25 17:10:32.020, 1, NVIDIA A10G, 83 %, 55 %, 2415 MiB, 23028 MiB
2026/02/25 17:10:32.020, 2, NVIDIA A10G, 0 %, 0 %, 0 MiB, 23028 MiB
2026/02/25 17:10:32.020, 3, NVIDIA A10G, 0 %, 0 %, 0 MiB, 23028 MiB
2026/02/25 17:10:33.020, 0, NVIDIA A10G, 20 %, 7 %, 1781 MiB, 23028 MiB
2026/02/25 17:10:33.020, 1, NVIDIA A10G, 22 %, 7 %, 2415 MiB, 23028 MiB
2026/02/25 17:10:33.020, 2, NVIDIA A10G, 0 %, 0 %, 0 MiB, 23028 MiB
2026/02/25 17:10:33.020, 3, NVIDIA A10G, 0 %, 0 %, 0 MiB, 23028 MiB
2026/02/25 17:10:34.021, 0, NVIDIA A10G, 23 %, 8 %, 1781 MiB, 23028 MiB
2026/02/25 17:10:34.021, 1, NVIDIA A10G, 21 %, 7 %, 2415 MiB, 23028 MiB
2026/02/25 17:10:34.021, 2, NVIDIA A10G, 0 %, 0 %, 0 MiB, 23028 MiB
2026/02/25 17:10:34.021, 3, NVIDIA A10G, 0 %, 0 %, 0 MiB, 23028 MiB
2026/02/25 17:10:35.021, 0, NVIDIA A10G, 0 %, 0 %, 1781 MiB, 23028 MiB
2026/02/25 17:10:35.021, 1, NVIDIA A10G, 22 %, 7 %, 2415 MiB, 23028 MiB
2026/02/25 17:10:35.021, 2, NVIDIA A10G, 0 %, 0 %, 0 MiB, 23028 MiB
2026/02/25 17:10:35.021, 3, NVIDIA A10G, 0 %, 0 %, 0 MiB, 23028 MiB
2026/02/25 17:10:36.021, 0, NVIDIA A10G, 0 %, 0 %, 1781 MiB, 23028 MiB
2026/02/25 17:10:36.021, 1, NVIDIA A10G, 22 %, 8 %, 2415 MiB, 23028 MiB
2026/02/25 17:10:36.021, 2, NVIDIA A10G, 0 %, 0 %, 0 MiB, 23028 MiB
2026/02/25 17:10:36.021, 3, NVIDIA A10G, 0 %, 0 %, 0 MiB, 23028 MiB
2026/02/25 17:10:37.022, 0, NVIDIA A10G, 0 %, 0 %, 1781 MiB, 23028 MiB
2026/02/25 17:10:37.022, 1, NVIDIA A10G, 20 %, 7 %, 2415 MiB, 23028 MiB
2026/02/25 17:10:37.022, 2, NVIDIA A10G, 0 %, 0 %, 0 MiB, 23028 MiB
2026/02/25 17:10:37.022, 3, NVIDIA A10G, 0 %, 0 %, 0 MiB, 23028 MiB
2026/02/25 17:10:38.022, 0, NVIDIA A10G, 0 %, 0 %, 1781 MiB, 23028 MiB
2026/02/25 17:10:38.022, 1, NVIDIA A10G, 23 %, 7 %, 2415 MiB, 23028 MiB
2026/02/25 17:10:38.022, 2, NVIDIA A10G, 0 %, 0 %, 0 MiB, 23028 MiB
2026/02/25 17:10:38.022, 3, NVIDIA A10G, 0 %, 0 %, 0 MiB, 23028 MiB
2026/02/25 17:10:39.022, 0, NVIDIA A10G, 0 %, 0 %, 1781 MiB, 23028 MiB
2026/02/25 17:10:39.022, 1, NVIDIA A10G, 23 %, 8 %, 2415 MiB, 23028 MiB
2026/02/25 17:10:39.022, 2, NVIDIA A10G, 0 %, 0 %, 0 MiB, 23028 MiB
2026/02/25 17:10:39.022, 3, NVIDIA A10G, 0 %, 0 %, 0 MiB, 23028 MiB
2026/02/25 17:10:40.023, 0, NVIDIA A10G, 0 %, 0 %, 1781 MiB, 23028 MiB
2026/02/25 17:10:40.023, 1, NVIDIA A10G, 23 %, 8 %, 2415 MiB, 23028 MiB
2026/02/25 17:10:40.023, 2, NVIDIA A10G, 0 %, 0 %, 0 MiB, 23028 MiB
2026/02/25 17:10:40.023, 3, NVIDIA A10G, 0 %, 0 %, 0 MiB, 23028 MiB
2026/02/25 17:10:41.023, 0, NVIDIA A10G, 0 %, 0 %, 1781 MiB, 23028 MiB
2026/02/25 17:10:41.023, 1, NVIDIA A10G, 24 %, 8 %, 2415 MiB, 23028 MiB
2026/02/25 17:10:41.023, 2, NVIDIA A10G, 0 %, 0 %, 0 MiB, 23028 MiB
2026/02/25 17:10:41.023, 3, NVIDIA A10G, 0 %, 0 %, 0 MiB, 23028 MiB
2026/02/25 17:10:42.023, 0, NVIDIA A10G, 0 %, 0 %, 1781 MiB, 23028 MiB
2026/02/25 17:10:42.024, 1, NVIDIA A10G, 20 %, 6 %, 2415 MiB, 23028 MiB
2026/02/25 17:10:42.024, 2, NVIDIA A10G, 0 %, 0 %, 0 MiB, 23028 MiB
2026/02/25 17:10:42.024, 3, NVIDIA A10G, 0 %, 0 %, 0 MiB, 23028 MiB
2026/02/25 17:10:43.024, 0, NVIDIA A10G, 18 %, 6 %, 1781 MiB, 23028 MiB
2026/02/25 17:10:43.024, 1, NVIDIA A10G, 20 %, 7 %, 2415 MiB, 23028 MiB
2026/02/25 17:10:43.024, 2, NVIDIA A10G, 0 %, 0 %, 0 MiB, 23028 MiB
2026/02/25 17:10:43.024, 3, NVIDIA A10G, 0 %, 0 %, 0 MiB, 23028 MiB
2026/02/25 17:10:44.024, 0, NVIDIA A10G, 21 %, 7 %, 1781 MiB, 23028 MiB
2026/02/25 17:10:44.024, 1, NVIDIA A10G, 21 %, 7 %, 2415 MiB, 23028 MiB
2026/02/25 17:10:44.024, 2, NVIDIA A10G, 0 %, 0 %, 0 MiB, 23028 MiB
2026/02/25 17:10:44.024, 3, NVIDIA A10G, 0 %, 0 %, 0 MiB, 23028 MiB
2026/02/25 17:10:45.025, 0, NVIDIA A10G, 20 %, 7 %, 1781 MiB, 23028 MiB
2026/02/25 17:10:45.025, 1, NVIDIA A10G, 20 %, 6 %, 2415 MiB, 23028 MiB
2026/02/25 17:10:45.025, 2, NVIDIA A10G, 0 %, 0 %, 0 MiB, 23028 MiB
2026/02/25 17:10:45.025, 3, NVIDIA A10G, 0 %, 0 %, 0 MiB, 23028 MiB
2026/02/25 17:10:46.025, 0, NVIDIA A10G, 22 %, 7 %, 1781 MiB, 23028 MiB
2026/02/25 17:10:46.025, 1, NVIDIA A10G, 21 %, 7 %, 2415 MiB, 23028 MiB
2026/02/25 17:10:46.025, 2, NVIDIA A10G, 0 %, 0 %, 0 MiB, 23028 MiB
2026/02/25 17:10:46.025, 3, NVIDIA A10G, 0 %, 0 %, 0 MiB, 23028 MiB
2026/02/25 17:10:47.025, 0, NVIDIA A10G, 18 %, 6 %, 1781 MiB, 23028 MiB
2026/02/25 17:10:47.025, 1, NVIDIA A10G, 17 %, 5 %, 2415 MiB, 23028 MiB
2026/02/25 17:10:47.026, 2, NVIDIA A10G, 0 %, 0 %, 0 MiB, 23028 MiB
2026/02/25 17:10:47.026, 3, NVIDIA A10G, 0 %, 0 %, 0 MiB, 23028 MiB
2026/02/25 17:10:48.026, 0, NVIDIA A10G, 21 %, 7 %, 1781 MiB, 23028 MiB
2026/02/25 17:10:48.026, 1, NVIDIA A10G, 0 %, 0 %, 2415 MiB, 23028 MiB
2026/02/25 17:10:48.026, 2, NVIDIA A10G, 0 %, 0 %, 0 MiB, 23028 MiB
2026/02/25 17:10:48.026, 3, NVIDIA A10G, 0 %, 0 %, 0 MiB, 23028 MiB
2026/02/25 17:10:49.026, 0, NVIDIA A10G, 21 %, 7 %, 1781 MiB, 23028 MiB
2026/02/25 17:10:49.026, 1, NVIDIA A10G, 0 %, 0 %, 2415 MiB, 23028 MiB
2026/02/25 17:10:49.026, 2, NVIDIA A10G, 0 %, 0 %, 0 MiB, 23028 MiB
2026/02/25 17:10:49.026, 3, NVIDIA A10G, 0 %, 0 %, 0 MiB, 23028 MiB
2026/02/25 17:10:50.026, 0, NVIDIA A10G, 19 %, 6 %, 1781 MiB, 23028 MiB
2026/02/25 17:10:50.026, 1, NVIDIA A10G, 0 %, 0 %, 2415 MiB, 23028 MiB
2026/02/25 17:10:50.026, 2, NVIDIA A10G, 0 %, 0 %, 0 MiB, 23028 MiB
2026/02/25 17:10:50.026, 3, NVIDIA A10G, 0 %, 0 %, 0 MiB, 23028 MiB
2026/02/25 17:10:51.027, 0, NVIDIA A10G, 19 %, 6 %, 1781 MiB, 23028 MiB
2026/02/25 17:10:51.027, 1, NVIDIA A10G, 20 %, 6 %, 2415 MiB, 23028 MiB
2026/02/25 17:10:51.027, 2, NVIDIA A10G, 0 %, 0 %, 0 MiB, 23028 MiB
2026/02/25 17:10:51.027, 3, NVIDIA A10G, 0 %, 0 %, 0 MiB, 23028 MiB
2026/02/25 17:10:52.027, 0, NVIDIA A10G, 19 %, 6 %, 1781 MiB, 23028 MiB
2026/02/25 17:10:52.027, 1, NVIDIA A10G, 20 %, 6 %, 2415 MiB, 23028 MiB
2026/02/25 17:10:52.027, 2, NVIDIA A10G, 0 %, 0 %, 0 MiB, 23028 MiB
2026/02/25 17:10:52.027, 3, NVIDIA A10G, 0 %, 0 %, 0 MiB, 23028 MiB
2026/02/25 17:10:53.027, 0, NVIDIA A10G, 0 %, 0 %, 1781 MiB, 23028 MiB
2026/02/25 17:10:53.027, 1, NVIDIA A10G, 23 %, 8 %, 2415 MiB, 23028 MiB
2026/02/25 17:10:53.028, 2, NVIDIA A10G, 0 %, 0 %, 0 MiB, 23028 MiB
2026/02/25 17:10:53.028, 3, NVIDIA A10G, 0 %, 0 %, 0 MiB, 23028 MiB
2026/02/25 17:10:54.028, 0, NVIDIA A10G, 0 %, 0 %, 1781 MiB, 23028 MiB
2026/02/25 17:10:54.029, 1, NVIDIA A10G, 20 %, 6 %, 2415 MiB, 23028 MiB
2026/02/25 17:10:54.029, 2, NVIDIA A10G, 0 %, 0 %, 0 MiB, 23028 MiB
2026/02/25 17:10:54.029, 3, NVIDIA A10G, 0 %, 0 %, 0 MiB, 23028 MiB
2026/02/25 17:10:55.030, 0, NVIDIA A10G, 0 %, 0 %, 1781 MiB, 23028 MiB
2026/02/25 17:10:55.030, 1, NVIDIA A10G, 0 %, 0 %, 2415 MiB, 23028 MiB
2026/02/25 17:10:55.030, 2, NVIDIA A10G, 0 %, 0 %, 0 MiB, 23028 MiB
2026/02/25 17:10:55.030, 3, NVIDIA A10G, 0 %, 0 %, 0 MiB, 23028 MiB
2026/02/25 17:10:56.030, 0, NVIDIA A10G, 0 %, 0 %, 1781 MiB, 23028 MiB
2026/02/25 17:10:56.030, 1, NVIDIA A10G, 0 %, 0 %, 2415 MiB, 23028 MiB
2026/02/25 17:10:56.030, 2, NVIDIA A10G, 0 %, 0 %, 0 MiB, 23028 MiB
2026/02/25 17:10:56.030, 3, NVIDIA A10G, 0 %, 0 %, 0 MiB, 23028 MiB
2026/02/25 17:10:57.030, 0, NVIDIA A10G, 0 %, 0 %, 1781 MiB, 23028 MiB
2026/02/25 17:10:57.030, 1, NVIDIA A10G, 0 %, 0 %, 2415 MiB, 23028 MiB
2026/02/25 17:10:57.031, 2, NVIDIA A10G, 0 %, 0 %, 0 MiB, 23028 MiB
2026/02/25 17:10:57.031, 3, NVIDIA A10G, 0 %, 0 %, 0 MiB, 23028 MiB
2026/02/25 17:10:58.031, 0, NVIDIA A10G, 0 %, 0 %, 1781 MiB, 23028 MiB
2026/02/25 17:10:58.031, 1, NVIDIA A10G, 0 %, 0 %, 2415 MiB, 23028 MiB
2026/02/25 17:10:58.031, 2, NVIDIA A10G, 0 %, 0 %, 0 MiB, 23028 MiB
2026/02/25 17:10:58.031, 3, NVIDIA A10G, 0 %, 0 %, 0 MiB, 23028 MiB
2026/02/25 17:10:59.031, 0, NVIDIA A10G, 0 %, 0 %, 1781 MiB, 23028 MiB
2026/02/25 17:10:59.031, 1, NVIDIA A10G, 23 %, 8 %, 2415 MiB, 23028 MiB
2026/02/25 17:10:59.031, 2, NVIDIA A10G, 0 %, 0 %, 0 MiB, 23028 MiB
2026/02/25 17:10:59.031, 3, NVIDIA A10G, 0 %, 0 %, 0 MiB, 23028 MiB
2026/02/25 17:11:00.031, 0, NVIDIA A10G, 0 %, 0 %, 1781 MiB, 23028 MiB
2026/02/25 17:11:00.032, 1, NVIDIA A10G, 22 %, 8 %, 2415 MiB, 23028 MiB
2026/02/25 17:11:00.032, 2, NVIDIA A10G, 0 %, 0 %, 0 MiB, 23028 MiB
2026/02/25 17:11:00.032, 3, NVIDIA A10G, 0 %, 0 %, 0 MiB, 23028 MiB
2026/02/25 17:11:01.032, 0, NVIDIA A10G, 76 %, 49 %, 1781 MiB, 23028 MiB
2026/02/25 17:11:01.032, 1, NVIDIA A10G, 22 %, 7 %, 2415 MiB, 23028 MiB
2026/02/25 17:11:01.032, 2, NVIDIA A10G, 0 %, 0 %, 0 MiB, 23028 MiB
2026/02/25 17:11:01.032, 3, NVIDIA A10G, 0 %, 0 %, 0 MiB, 23028 MiB
2026/02/25 17:11:02.032, 0, NVIDIA A10G, 21 %, 8 %, 1781 MiB, 23028 MiB
2026/02/25 17:11:02.032, 1, NVIDIA A10G, 21 %, 7 %, 2415 MiB, 23028 MiB
2026/02/25 17:11:02.032, 2, NVIDIA A10G, 0 %, 0 %, 0 MiB, 23028 MiB
2026/02/25 17:11:02.032, 3, NVIDIA A10G, 0 %, 0 %, 0 MiB, 23028 MiB
2026/02/25 17:11:03.033, 0, NVIDIA A10G, 21 %, 7 %, 1781 MiB, 23028 MiB
2026/02/25 17:11:03.033, 1, NVIDIA A10G, 21 %, 7 %, 2415 MiB, 23028 MiB
2026/02/25 17:11:03.033, 2, NVIDIA A10G, 0 %, 0 %, 0 MiB, 23028 MiB
2026/02/25 17:11:03.033, 3, NVIDIA A10G, 0 %, 0 %, 0 MiB, 23028 MiB
2026/02/25 17:11:04.033, 0, NVIDIA A10G, 19 %, 7 %, 1781 MiB, 23028 MiB
2026/02/25 17:11:04.033, 1, NVIDIA A10G, 0 %, 0 %, 2415 MiB, 23028 MiB
2026/02/25 17:11:04.033, 2, NVIDIA A10G, 0 %, 0 %, 0 MiB, 23028 MiB
2026/02/25 17:11:04.033, 3, NVIDIA A10G, 0 %, 0 %, 0 MiB, 23028 MiB
2026/02/25 17:11:05.033, 0, NVIDIA A10G, 22 %, 8 %, 1781 MiB, 23028 MiB
2026/02/25 17:11:05.033, 1, NVIDIA A10G, 0 %, 0 %, 2415 MiB, 23028 MiB
2026/02/25 17:11:05.033, 2, NVIDIA A10G, 0 %, 0 %, 0 MiB, 23028 MiB
2026/02/25 17:11:05.034, 3, NVIDIA A10G, 0 %, 0 %, 0 MiB, 23028 MiB
2026/02/25 17:11:06.034, 0, NVIDIA A10G, 22 %, 8 %, 1781 MiB, 23028 MiB
2026/02/25 17:11:06.034, 1, NVIDIA A10G, 0 %, 0 %, 2415 MiB, 23028 MiB
2026/02/25 17:11:06.034, 2, NVIDIA A10G, 0 %, 0 %, 0 MiB, 23028 MiB
2026/02/25 17:11:06.034, 3, NVIDIA A10G, 0 %, 0 %, 0 MiB, 23028 MiB
2026/02/25 17:11:07.034, 0, NVIDIA A10G, 23 %, 8 %, 1781 MiB, 23028 MiB
2026/02/25 17:11:07.034, 1, NVIDIA A10G, 0 %, 0 %, 2415 MiB, 23028 MiB
2026/02/25 17:11:07.034, 2, NVIDIA A10G, 0 %, 0 %, 0 MiB, 23028 MiB
2026/02/25 17:11:07.034, 3, NVIDIA A10G, 0 %, 0 %, 0 MiB, 23028 MiB
2026/02/25 17:11:08.034, 0, NVIDIA A10G, 23 %, 8 %, 1781 MiB, 23028 MiB
2026/02/25 17:11:08.035, 1, NVIDIA A10G, 0 %, 0 %, 2415 MiB, 23028 MiB
2026/02/25 17:11:08.035, 2, NVIDIA A10G, 0 %, 0 %, 0 MiB, 23028 MiB
2026/02/25 17:11:08.035, 3, NVIDIA A10G, 0 %, 0 %, 0 MiB, 23028 MiB
2026/02/25 17:11:09.035, 0, NVIDIA A10G, 0 %, 0 %, 1781 MiB, 23028 MiB
2026/02/25 17:11:09.035, 1, NVIDIA A10G, 0 %, 0 %, 2415 MiB, 23028 MiB
2026/02/25 17:11:09.035, 2, NVIDIA A10G, 0 %, 0 %, 0 MiB, 23028 MiB
2026/02/25 17:11:09.035, 3, NVIDIA A10G, 0 %, 0 %, 0 MiB, 23028 MiB
2026/02/25 17:11:10.035, 0, NVIDIA A10G, 0 %, 0 %, 1781 MiB, 23028 MiB
2026/02/25 17:11:10.035, 1, NVIDIA A10G, 0 %, 0 %, 2415 MiB, 23028 MiB
2026/02/25 17:11:10.035, 2, NVIDIA A10G, 0 %, 0 %, 0 MiB, 23028 MiB
2026/02/25 17:11:10.035, 3, NVIDIA A10G, 0 %, 0 %, 0 MiB, 23028 MiB
2026/02/25 17:11:11.036, 0, NVIDIA A10G, 0 %, 0 %, 1781 MiB, 23028 MiB
2026/02/25 17:11:11.036, 1, NVIDIA A10G, 0 %, 0 %, 2415 MiB, 23028 MiB
2026/02/25 17:11:11.036, 2, NVIDIA A10G, 0 %, 0 %, 0 MiB, 23028 MiB
2026/02/25 17:11:11.036, 3, NVIDIA A10G, 0 %, 0 %, 0 MiB, 23028 MiB
2026/02/25 17:11:12.036, 0, NVIDIA A10G, 0 %, 0 %, 1781 MiB, 23028 MiB
2026/02/25 17:11:12.036, 1, NVIDIA A10G, 0 %, 0 %, 2415 MiB, 23028 MiB
2026/02/25 17:11:12.036, 2, NVIDIA A10G, 0 %, 0 %, 0 MiB, 23028 MiB
2026/02/25 17:11:12.036, 3, NVIDIA A10G, 0 %, 0 %, 0 MiB, 23028 MiB
2026/02/25 17:11:13.036, 0, NVIDIA A10G, 0 %, 0 %, 1781 MiB, 23028 MiB
2026/02/25 17:11:13.036, 1, NVIDIA A10G, 0 %, 0 %, 2415 MiB, 23028 MiB
2026/02/25 17:11:13.036, 2, NVIDIA A10G, 0 %, 0 %, 0 MiB, 23028 MiB
2026/02/25 17:11:13.036, 3, NVIDIA A10G, 0 %, 0 %, 0 MiB, 23028 MiB
2026/02/25 17:11:14.036, 0, NVIDIA A10G, 0 %, 0 %, 1781 MiB, 23028 MiB
2026/02/25 17:11:14.036, 1, NVIDIA A10G, 0 %, 0 %, 2415 MiB, 23028 MiB
2026/02/25 17:11:14.037, 2, NVIDIA A10G, 0 %, 0 %, 0 MiB, 23028 MiB
2026/02/25 17:11:14.037, 3, NVIDIA A10G, 0 %, 0 %, 0 MiB, 23028 MiB
2026/02/25 17:11:15.037, 0, NVIDIA A10G, 0 %, 0 %, 1781 MiB, 23028 MiB
2026/02/25 17:11:15.037, 1, NVIDIA A10G, 0 %, 0 %, 2415 MiB, 23028 MiB
2026/02/25 17:11:15.037, 2, NVIDIA A10G, 0 %, 0 %, 0 MiB, 23028 MiB
2026/02/25 17:11:15.037, 3, NVIDIA A10G, 0 %, 0 %, 0 MiB, 23028 MiB
2026/02/25 17:11:16.037, 0, NVIDIA A10G, 0 %, 0 %, 1781 MiB, 23028 MiB
2026/02/25 17:11:16.037, 1, NVIDIA A10G, 23 %, 8 %, 2415 MiB, 23028 MiB
2026/02/25 17:11:16.037, 2, NVIDIA A10G, 0 %, 0 %, 0 MiB, 23028 MiB
2026/02/25 17:11:16.037, 3, NVIDIA A10G, 0 %, 0 %, 0 MiB, 23028 MiB
2026/02/25 17:11:17.037, 0, NVIDIA A10G, 0 %, 0 %, 1781 MiB, 23028 MiB
2026/02/25 17:11:17.038, 1, NVIDIA A10G, 23 %, 8 %, 2415 MiB, 23028 MiB
2026/02/25 17:11:17.038, 2, NVIDIA A10G, 0 %, 0 %, 0 MiB, 23028 MiB
2026/02/25 17:11:17.038, 3, NVIDIA A10G, 0 %, 0 %, 0 MiB, 23028 MiB
2026/02/25 17:11:18.038, 0, NVIDIA A10G, 0 %, 0 %, 1781 MiB, 23028 MiB
2026/02/25 17:11:18.038, 1, NVIDIA A10G, 24 %, 9 %, 2415 MiB, 23028 MiB
2026/02/25 17:11:18.038, 2, NVIDIA A10G, 0 %, 0 %, 0 MiB, 23028 MiB
2026/02/25 17:11:18.038, 3, NVIDIA A10G, 0 %, 0 %, 0 MiB, 23028 MiB
2026/02/25 17:11:19.038, 0, NVIDIA A10G, 0 %, 0 %, 1781 MiB, 23028 MiB
2026/02/25 17:11:19.038, 1, NVIDIA A10G, 23 %, 7 %, 2415 MiB, 23028 MiB
2026/02/25 17:11:19.038, 2, NVIDIA A10G, 0 %, 0 %, 0 MiB, 23028 MiB
2026/02/25 17:11:19.038, 3, NVIDIA A10G, 0 %, 0 %, 0 MiB, 23028 MiB
2026/02/25 17:11:20.038, 0, NVIDIA A10G, 100 %, 64 %, 1781 MiB, 23028 MiB
2026/02/25 17:11:20.039, 1, NVIDIA A10G, 22 %, 8 %, 2415 MiB, 23028 MiB
2026/02/25 17:11:20.039, 2, NVIDIA A10G, 0 %, 0 %, 0 MiB, 23028 MiB
2026/02/25 17:11:20.039, 3, NVIDIA A10G, 0 %, 0 %, 0 MiB, 23028 MiB
2026/02/25 17:11:21.039, 0, NVIDIA A10G, 0 %, 0 %, 1781 MiB, 23028 MiB
2026/02/25 17:11:21.039, 1, NVIDIA A10G, 22 %, 7 %, 2415 MiB, 23028 MiB
2026/02/25 17:11:21.039, 2, NVIDIA A10G, 0 %, 0 %, 0 MiB, 23028 MiB
2026/02/25 17:11:21.039, 3, NVIDIA A10G, 0 %, 0 %, 0 MiB, 23028 MiB
2026/02/25 17:11:22.039, 0, NVIDIA A10G, 19 %, 6 %, 1781 MiB, 23028 MiB
2026/02/25 17:11:22.039, 1, NVIDIA A10G, 22 %, 8 %, 2415 MiB, 23028 MiB
2026/02/25 17:11:22.039, 2, NVIDIA A10G, 0 %, 0 %, 0 MiB, 23028 MiB
2026/02/25 17:11:22.039, 3, NVIDIA A10G, 0 %, 0 %, 0 MiB, 23028 MiB
2026/02/25 17:11:23.039, 0, NVIDIA A10G, 17 %, 6 %, 1781 MiB, 23028 MiB
2026/02/25 17:11:23.040, 1, NVIDIA A10G, 20 %, 6 %, 2415 MiB, 23028 MiB
2026/02/25 17:11:23.040, 2, NVIDIA A10G, 0 %, 0 %, 0 MiB, 23028 MiB
2026/02/25 17:11:23.040, 3, NVIDIA A10G, 0 %, 0 %, 0 MiB, 23028 MiB
2026/02/25 17:11:24.040, 0, NVIDIA A10G, 18 %, 6 %, 1781 MiB, 23028 MiB
2026/02/25 17:11:24.040, 1, NVIDIA A10G, 20 %, 7 %, 2415 MiB, 23028 MiB
2026/02/25 17:11:24.040, 2, NVIDIA A10G, 0 %, 0 %, 0 MiB, 23028 MiB
2026/02/25 17:11:24.040, 3, NVIDIA A10G, 0 %, 0 %, 0 MiB, 23028 MiB
2026/02/25 17:11:25.040, 0, NVIDIA A10G, 20 %, 7 %, 1781 MiB, 23028 MiB
2026/02/25 17:11:25.040, 1, NVIDIA A10G, 21 %, 7 %, 2415 MiB, 23028 MiB
2026/02/25 17:11:25.040, 2, NVIDIA A10G, 0 %, 0 %, 0 MiB, 23028 MiB
2026/02/25 17:11:25.041, 3, NVIDIA A10G, 0 %, 0 %, 0 MiB, 23028 MiB
2026/02/25 17:11:26.041, 0, NVIDIA A10G, 22 %, 8 %, 1781 MiB, 23028 MiB
2026/02/25 17:11:26.041, 1, NVIDIA A10G, 22 %, 8 %, 2415 MiB, 23028 MiB
2026/02/25 17:11:26.041, 2, NVIDIA A10G, 0 %, 0 %, 0 MiB, 23028 MiB
2026/02/25 17:11:26.041, 3, NVIDIA A10G, 0 %, 0 %, 0 MiB, 23028 MiB
2026/02/25 17:11:27.041, 0, NVIDIA A10G, 22 %, 8 %, 1781 MiB, 23028 MiB
2026/02/25 17:11:27.041, 1, NVIDIA A10G, 0 %, 0 %, 2415 MiB, 23028 MiB
2026/02/25 17:11:27.041, 2, NVIDIA A10G, 0 %, 0 %, 0 MiB, 23028 MiB
2026/02/25 17:11:27.041, 3, NVIDIA A10G, 0 %, 0 %, 0 MiB, 23028 MiB
2026/02/25 17:11:28.041, 0, NVIDIA A10G, 21 %, 7 %, 1781 MiB, 23028 MiB
2026/02/25 17:11:28.042, 1, NVIDIA A10G, 0 %, 0 %, 2415 MiB, 23028 MiB
2026/02/25 17:11:28.042, 2, NVIDIA A10G, 0 %, 0 %, 0 MiB, 23028 MiB
2026/02/25 17:11:28.042, 3, NVIDIA A10G, 0 %, 0 %, 0 MiB, 23028 MiB
2026/02/25 17:11:29.042, 0, NVIDIA A10G, 23 %, 9 %, 1781 MiB, 23028 MiB
2026/02/25 17:11:29.042, 1, NVIDIA A10G, 0 %, 0 %, 2415 MiB, 23028 MiB
2026/02/25 17:11:29.042, 2, NVIDIA A10G, 0 %, 0 %, 0 MiB, 23028 MiB
2026/02/25 17:11:29.042, 3, NVIDIA A10G, 0 %, 0 %, 0 MiB, 23028 MiB
2026/02/25 17:11:30.042, 0, NVIDIA A10G, 21 %, 7 %, 1781 MiB, 23028 MiB
2026/02/25 17:11:30.042, 1, NVIDIA A10G, 0 %, 0 %, 2415 MiB, 23028 MiB
2026/02/25 17:11:30.042, 2, NVIDIA A10G, 0 %, 0 %, 0 MiB, 23028 MiB
2026/02/25 17:11:30.042, 3, NVIDIA A10G, 0 %, 0 %, 0 MiB, 23028 MiB
2026/02/25 17:11:31.043, 0, NVIDIA A10G, 21 %, 7 %, 1781 MiB, 23028 MiB
2026/02/25 17:11:31.043, 1, NVIDIA A10G, 0 %, 0 %, 2415 MiB, 23028 MiB
2026/02/25 17:11:31.043, 2, NVIDIA A10G, 0 %, 0 %, 0 MiB, 23028 MiB
2026/02/25 17:11:31.043, 3, NVIDIA A10G, 0 %, 0 %, 0 MiB, 23028 MiB
2026/02/25 17:11:32.043, 0, NVIDIA A10G, 20 %, 7 %, 1781 MiB, 23028 MiB
2026/02/25 17:11:32.043, 1, NVIDIA A10G, 0 %, 0 %, 2415 MiB, 23028 MiB
2026/02/25 17:11:32.043, 2, NVIDIA A10G, 0 %, 0 %, 0 MiB, 23028 MiB
2026/02/25 17:11:32.043, 3, NVIDIA A10G, 0 %, 0 %, 0 MiB, 23028 MiB
2026/02/25 17:11:33.043, 0, NVIDIA A10G, 18 %, 6 %, 1781 MiB, 23028 MiB
2026/02/25 17:11:33.043, 1, NVIDIA A10G, 0 %, 0 %, 2415 MiB, 23028 MiB
2026/02/25 17:11:33.043, 2, NVIDIA A10G, 0 %, 0 %, 0 MiB, 23028 MiB
2026/02/25 17:11:33.043, 3, NVIDIA A10G, 0 %, 0 %, 0 MiB, 23028 MiB
2026/02/25 17:11:34.043, 0, NVIDIA A10G, 0 %, 0 %, 1781 MiB, 23028 MiB
2026/02/25 17:11:34.044, 1, NVIDIA A10G, 0 %, 0 %, 2415 MiB, 23028 MiB
2026/02/25 17:11:34.044, 2, NVIDIA A10G, 0 %, 0 %, 0 MiB, 23028 MiB
2026/02/25 17:11:34.044, 3, NVIDIA A10G, 0 %, 0 %, 0 MiB, 23028 MiB
2026/02/25 17:11:35.044, 0, NVIDIA A10G, 0 %, 0 %, 1781 MiB, 23028 MiB
2026/02/25 17:11:35.044, 1, NVIDIA A10G, 18 %, 6 %, 2415 MiB, 23028 MiB
2026/02/25 17:11:35.044, 2, NVIDIA A10G, 0 %, 0 %, 0 MiB, 23028 MiB
2026/02/25 17:11:35.044, 3, NVIDIA A10G, 0 %, 0 %, 0 MiB, 23028 MiB
2026/02/25 17:11:36.044, 0, NVIDIA A10G, 0 %, 0 %, 1781 MiB, 23028 MiB
2026/02/25 17:11:36.044, 1, NVIDIA A10G, 23 %, 7 %, 2415 MiB, 23028 MiB
2026/02/25 17:11:36.044, 2, NVIDIA A10G, 0 %, 0 %, 0 MiB, 23028 MiB
2026/02/25 17:11:36.044, 3, NVIDIA A10G, 0 %, 0 %, 0 MiB, 23028 MiB
2026/02/25 17:11:37.045, 0, NVIDIA A10G, 0 %, 0 %, 1781 MiB, 23028 MiB
2026/02/25 17:11:37.045, 1, NVIDIA A10G, 21 %, 7 %, 2415 MiB, 23028 MiB
2026/02/25 17:11:37.045, 2, NVIDIA A10G, 0 %, 0 %, 0 MiB, 23028 MiB
2026/02/25 17:11:37.045, 3, NVIDIA A10G, 0 %, 0 %, 0 MiB, 23028 MiB
2026/02/25 17:11:38.045, 0, NVIDIA A10G, 0 %, 0 %, 1781 MiB, 23028 MiB
2026/02/25 17:11:38.045, 1, NVIDIA A10G, 23 %, 8 %, 2415 MiB, 23028 MiB
2026/02/25 17:11:38.045, 2, NVIDIA A10G, 0 %, 0 %, 0 MiB, 23028 MiB
2026/02/25 17:11:38.045, 3, NVIDIA A10G, 0 %, 0 %, 0 MiB, 23028 MiB
2026/02/25 17:11:39.045, 0, NVIDIA A10G, 93 %, 63 %, 1781 MiB, 23028 MiB
2026/02/25 17:11:39.045, 1, NVIDIA A10G, 23 %, 8 %, 2415 MiB, 23028 MiB
2026/02/25 17:11:39.045, 2, NVIDIA A10G, 0 %, 0 %, 0 MiB, 23028 MiB
2026/02/25 17:11:39.045, 3, NVIDIA A10G, 0 %, 0 %, 0 MiB, 23028 MiB
2026/02/25 17:11:40.045, 0, NVIDIA A10G, 21 %, 7 %, 1781 MiB, 23028 MiB
2026/02/25 17:11:40.046, 1, NVIDIA A10G, 22 %, 8 %, 2415 MiB, 23028 MiB
2026/02/25 17:11:40.046, 2, NVIDIA A10G, 0 %, 0 %, 0 MiB, 23028 MiB
2026/02/25 17:11:40.046, 3, NVIDIA A10G, 0 %, 0 %, 0 MiB, 23028 MiB
2026/02/25 17:11:41.046, 0, NVIDIA A10G, 18 %, 6 %, 1781 MiB, 23028 MiB
2026/02/25 17:11:41.046, 1, NVIDIA A10G, 21 %, 7 %, 2415 MiB, 23028 MiB
2026/02/25 17:11:41.046, 2, NVIDIA A10G, 0 %, 0 %, 0 MiB, 23028 MiB
2026/02/25 17:11:41.046, 3, NVIDIA A10G, 0 %, 0 %, 0 MiB, 23028 MiB
2026/02/25 17:11:42.046, 0, NVIDIA A10G, 20 %, 7 %, 1781 MiB, 23028 MiB
2026/02/25 17:11:42.046, 1, NVIDIA A10G, 20 %, 7 %, 2415 MiB, 23028 MiB
2026/02/25 17:11:42.046, 2, NVIDIA A10G, 0 %, 0 %, 0 MiB, 23028 MiB
2026/02/25 17:11:42.046, 3, NVIDIA A10G, 0 %, 0 %, 0 MiB, 23028 MiB
2026/02/25 17:11:43.046, 0, NVIDIA A10G, 24 %, 9 %, 1781 MiB, 23028 MiB
2026/02/25 17:11:43.047, 1, NVIDIA A10G, 0 %, 0 %, 2415 MiB, 23028 MiB
2026/02/25 17:11:43.047, 2, NVIDIA A10G, 0 %, 0 %, 0 MiB, 23028 MiB
2026/02/25 17:11:43.047, 3, NVIDIA A10G, 0 %, 0 %, 0 MiB, 23028 MiB
2026/02/25 17:11:44.047, 0, NVIDIA A10G, 20 %, 6 %, 1781 MiB, 23028 MiB
2026/02/25 17:11:44.047, 1, NVIDIA A10G, 0 %, 0 %, 2415 MiB, 23028 MiB
2026/02/25 17:11:44.047, 2, NVIDIA A10G, 0 %, 0 %, 0 MiB, 23028 MiB
2026/02/25 17:11:44.047, 3, NVIDIA A10G, 0 %, 0 %, 0 MiB, 23028 MiB
2026/02/25 17:11:45.047, 0, NVIDIA A10G, 20 %, 6 %, 1781 MiB, 23028 MiB
2026/02/25 17:11:45.047, 1, NVIDIA A10G, 0 %, 0 %, 2415 MiB, 23028 MiB
2026/02/25 17:11:45.047, 2, NVIDIA A10G, 0 %, 0 %, 0 MiB, 23028 MiB
2026/02/25 17:11:45.047, 3, NVIDIA A10G, 0 %, 0 %, 0 MiB, 23028 MiB
2026/02/25 17:11:46.047, 0, NVIDIA A10G, 21 %, 7 %, 1781 MiB, 23028 MiB
2026/02/25 17:11:46.047, 1, NVIDIA A10G, 0 %, 0 %, 2415 MiB, 23028 MiB
2026/02/25 17:11:46.047, 2, NVIDIA A10G, 0 %, 0 %, 0 MiB, 23028 MiB
2026/02/25 17:11:46.047, 3, NVIDIA A10G, 0 %, 0 %, 0 MiB, 23028 MiB
2026/02/25 17:11:47.048, 0, NVIDIA A10G, 5 %, 2 %, 1781 MiB, 23028 MiB
2026/02/25 17:11:47.048, 1, NVIDIA A10G, 0 %, 0 %, 2415 MiB, 23028 MiB
2026/02/25 17:11:47.048, 2, NVIDIA A10G, 0 %, 0 %, 0 MiB, 23028 MiB
2026/02/25 17:11:47.048, 3, NVIDIA A10G, 0 %, 0 %, 0 MiB, 23028 MiB
2026/02/25 17:11:48.048, 0, NVIDIA A10G, 0 %, 0 %, 1781 MiB, 23028 MiB
2026/02/25 17:11:48.048, 1, NVIDIA A10G, 0 %, 0 %, 2415 MiB, 23028 MiB
2026/02/25 17:11:48.048, 2, NVIDIA A10G, 0 %, 0 %, 0 MiB, 23028 MiB
2026/02/25 17:11:48.048, 3, NVIDIA A10G, 0 %, 0 %, 0 MiB, 23028 MiB
2026/02/25 17:11:49.048, 0, NVIDIA A10G, 0 %, 0 %, 1781 MiB, 23028 MiB
2026/02/25 17:11:49.048, 1, NVIDIA A10G, 0 %, 0 %, 2415 MiB, 23028 MiB
2026/02/25 17:11:49.049, 2, NVIDIA A10G, 0 %, 0 %, 0 MiB, 23028 MiB
2026/02/25 17:11:49.049, 3, NVIDIA A10G, 0 %, 0 %, 0 MiB, 23028 MiB
2026/02/25 17:11:50.049, 0, NVIDIA A10G, 0 %, 0 %, 1781 MiB, 23028 MiB
2026/02/25 17:11:50.049, 1, NVIDIA A10G, 0 %, 0 %, 2415 MiB, 23028 MiB
2026/02/25 17:11:50.049, 2, NVIDIA A10G, 0 %, 0 %, 0 MiB, 23028 MiB
2026/02/25 17:11:50.049, 3, NVIDIA A10G, 0 %, 0 %, 0 MiB, 23028 MiB
2026/02/25 17:11:51.049, 0, NVIDIA A10G, 0 %, 0 %, 1781 MiB, 23028 MiB
2026/02/25 17:11:51.049, 1, NVIDIA A10G, 24 %, 9 %, 2415 MiB, 23028 MiB
2026/02/25 17:11:51.049, 2, NVIDIA A10G, 0 %, 0 %, 0 MiB, 23028 MiB
2026/02/25 17:11:51.049, 3, NVIDIA A10G, 0 %, 0 %, 0 MiB, 23028 MiB
2026/02/25 17:11:52.049, 0, NVIDIA A10G, 0 %, 0 %, 1781 MiB, 23028 MiB
2026/02/25 17:11:52.050, 1, NVIDIA A10G, 24 %, 9 %, 2415 MiB, 23028 MiB
2026/02/25 17:11:52.050, 2, NVIDIA A10G, 0 %, 0 %, 0 MiB, 23028 MiB
2026/02/25 17:11:52.050, 3, NVIDIA A10G, 0 %, 0 %, 0 MiB, 23028 MiB
2026/02/25 17:11:53.050, 0, NVIDIA A10G, 0 %, 0 %, 1781 MiB, 23028 MiB
2026/02/25 17:11:53.050, 1, NVIDIA A10G, 24 %, 9 %, 2415 MiB, 23028 MiB
2026/02/25 17:11:53.050, 2, NVIDIA A10G, 0 %, 0 %, 0 MiB, 23028 MiB
2026/02/25 17:11:53.050, 3, NVIDIA A10G, 0 %, 0 %, 0 MiB, 23028 MiB
2026/02/25 17:11:54.050, 0, NVIDIA A10G, 19 %, 6 %, 1781 MiB, 23028 MiB
2026/02/25 17:11:54.050, 1, NVIDIA A10G, 20 %, 7 %, 2415 MiB, 23028 MiB
2026/02/25 17:11:54.050, 2, NVIDIA A10G, 0 %, 0 %, 0 MiB, 23028 MiB
2026/02/25 17:11:54.051, 3, NVIDIA A10G, 0 %, 0 %, 0 MiB, 23028 MiB
2026/02/25 17:11:55.051, 0, NVIDIA A10G, 21 %, 7 %, 1781 MiB, 23028 MiB
2026/02/25 17:11:55.051, 1, NVIDIA A10G, 21 %, 8 %, 2415 MiB, 23028 MiB
2026/02/25 17:11:55.051, 2, NVIDIA A10G, 0 %, 0 %, 0 MiB, 23028 MiB
2026/02/25 17:11:55.051, 3, NVIDIA A10G, 0 %, 0 %, 0 MiB, 23028 MiB
2026/02/25 17:11:56.051, 0, NVIDIA A10G, 20 %, 7 %, 1781 MiB, 23028 MiB
2026/02/25 17:11:56.051, 1, NVIDIA A10G, 23 %, 8 %, 2415 MiB, 23028 MiB
2026/02/25 17:11:56.051, 2, NVIDIA A10G, 0 %, 0 %, 0 MiB, 23028 MiB
2026/02/25 17:11:56.051, 3, NVIDIA A10G, 0 %, 0 %, 0 MiB, 23028 MiB
2026/02/25 17:11:57.051, 0, NVIDIA A10G, 20 %, 7 %, 1781 MiB, 23028 MiB
2026/02/25 17:11:57.052, 1, NVIDIA A10G, 21 %, 7 %, 2415 MiB, 23028 MiB
2026/02/25 17:11:57.052, 2, NVIDIA A10G, 0 %, 0 %, 0 MiB, 23028 MiB
2026/02/25 17:11:57.052, 3, NVIDIA A10G, 0 %, 0 %, 0 MiB, 23028 MiB
2026/02/25 17:11:58.052, 0, NVIDIA A10G, 22 %, 8 %, 1781 MiB, 23028 MiB
2026/02/25 17:11:58.052, 1, NVIDIA A10G, 0 %, 0 %, 2415 MiB, 23028 MiB
2026/02/25 17:11:58.052, 2, NVIDIA A10G, 0 %, 0 %, 0 MiB, 23028 MiB
2026/02/25 17:11:58.052, 3, NVIDIA A10G, 0 %, 0 %, 0 MiB, 23028 MiB
2026/02/25 17:11:59.052, 0, NVIDIA A10G, 23 %, 9 %, 1781 MiB, 23028 MiB
2026/02/25 17:11:59.052, 1, NVIDIA A10G, 0 %, 0 %, 2415 MiB, 23028 MiB
2026/02/25 17:11:59.052, 2, NVIDIA A10G, 0 %, 0 %, 0 MiB, 23028 MiB
2026/02/25 17:11:59.052, 3, NVIDIA A10G, 0 %, 0 %, 0 MiB, 23028 MiB
2026/02/25 17:12:00.053, 0, NVIDIA A10G, 10 %, 3 %, 1781 MiB, 23028 MiB
2026/02/25 17:12:00.053, 1, NVIDIA A10G, 0 %, 0 %, 2415 MiB, 23028 MiB
2026/02/25 17:12:00.053, 2, NVIDIA A10G, 0 %, 0 %, 0 MiB, 23028 MiB
2026/02/25 17:12:00.053, 3, NVIDIA A10G, 0 %, 0 %, 0 MiB, 23028 MiB
2026/02/25 17:12:01.053, 0, NVIDIA A10G, 0 %, 0 %, 1781 MiB, 23028 MiB
2026/02/25 17:12:01.053, 1, NVIDIA A10G, 0 %, 0 %, 2415 MiB, 23028 MiB
2026/02/25 17:12:01.053, 2, NVIDIA A10G, 0 %, 0 %, 0 MiB, 23028 MiB
2026/02/25 17:12:01.053, 3, NVIDIA A10G, 0 %, 0 %, 0 MiB, 23028 MiB
2026/02/25 17:12:02.053, 0, NVIDIA A10G, 0 %, 0 %, 1781 MiB, 23028 MiB
2026/02/25 17:12:02.053, 1, NVIDIA A10G, 0 %, 0 %, 2415 MiB, 23028 MiB
2026/02/25 17:12:02.054, 2, NVIDIA A10G, 0 %, 0 %, 0 MiB, 23028 MiB
2026/02/25 17:12:02.054, 3, NVIDIA A10G, 0 %, 0 %, 0 MiB, 23028 MiB
2026/02/25 17:12:03.054, 0, NVIDIA A10G, 0 %, 0 %, 1781 MiB, 23028 MiB
2026/02/25 17:12:03.054, 1, NVIDIA A10G, 0 %, 0 %, 2415 MiB, 23028 MiB
2026/02/25 17:12:03.054, 2, NVIDIA A10G, 0 %, 0 %, 0 MiB, 23028 MiB
2026/02/25 17:12:03.054, 3, NVIDIA A10G, 0 %, 0 %, 0 MiB, 23028 MiB
2026/02/25 17:12:04.054, 0, NVIDIA A10G, 0 %, 0 %, 1781 MiB, 23028 MiB
2026/02/25 17:12:04.054, 1, NVIDIA A10G, 0 %, 0 %, 2415 MiB, 23028 MiB
2026/02/25 17:12:04.054, 2, NVIDIA A10G, 0 %, 0 %, 0 MiB, 23028 MiB
2026/02/25 17:12:04.054, 3, NVIDIA A10G, 0 %, 0 %, 0 MiB, 23028 MiB
2026/02/25 17:12:05.054, 0, NVIDIA A10G, 0 %, 0 %, 1781 MiB, 23028 MiB
2026/02/25 17:12:05.055, 1, NVIDIA A10G, 0 %, 0 %, 2415 MiB, 23028 MiB
2026/02/25 17:12:05.055, 2, NVIDIA A10G, 0 %, 0 %, 0 MiB, 23028 MiB
2026/02/25 17:12:05.055, 3, NVIDIA A10G, 0 %, 0 %, 0 MiB, 23028 MiB
2026/02/25 17:12:06.055, 0, NVIDIA A10G, 0 %, 0 %, 1781 MiB, 23028 MiB
2026/02/25 17:12:06.055, 1, NVIDIA A10G, 0 %, 0 %, 2415 MiB, 23028 MiB
2026/02/25 17:12:06.055, 2, NVIDIA A10G, 0 %, 0 %, 0 MiB, 23028 MiB
2026/02/25 17:12:06.055, 3, NVIDIA A10G, 0 %, 0 %, 0 MiB, 23028 MiB
2026/02/25 17:12:07.055, 0, NVIDIA A10G, 0 %, 0 %, 1781 MiB, 23028 MiB
2026/02/25 17:12:07.055, 1, NVIDIA A10G, 0 %, 0 %, 2415 MiB, 23028 MiB
2026/02/25 17:12:07.055, 2, NVIDIA A10G, 0 %, 0 %, 0 MiB, 23028 MiB
2026/02/25 17:12:07.055, 3, NVIDIA A10G, 0 %, 0 %, 0 MiB, 23028 MiB
2026/02/25 17:12:08.055, 0, NVIDIA A10G, 0 %, 0 %, 1781 MiB, 23028 MiB
2026/02/25 17:12:08.055, 1, NVIDIA A10G, 0 %, 0 %, 2415 MiB, 23028 MiB
2026/02/25 17:12:08.055, 2, NVIDIA A10G, 0 %, 0 %, 0 MiB, 23028 MiB
2026/02/25 17:12:08.055, 3, NVIDIA A10G, 0 %, 0 %, 0 MiB, 23028 MiB
2026/02/25 17:12:09.056, 0, NVIDIA A10G, 22 %, 8 %, 1781 MiB, 23028 MiB
2026/02/25 17:12:09.056, 1, NVIDIA A10G, 21 %, 7 %, 2415 MiB, 23028 MiB
2026/02/25 17:12:09.056, 2, NVIDIA A10G, 0 %, 0 %, 0 MiB, 23028 MiB
2026/02/25 17:12:09.056, 3, NVIDIA A10G, 0 %, 0 %, 0 MiB, 23028 MiB
2026/02/25 17:12:10.056, 0, NVIDIA A10G, 21 %, 7 %, 1781 MiB, 23028 MiB
2026/02/25 17:12:10.056, 1, NVIDIA A10G, 17 %, 5 %, 2415 MiB, 23028 MiB
2026/02/25 17:12:10.056, 2, NVIDIA A10G, 0 %, 0 %, 0 MiB, 23028 MiB
2026/02/25 17:12:10.056, 3, NVIDIA A10G, 0 %, 0 %, 0 MiB, 23028 MiB
2026/02/25 17:12:11.056, 0, NVIDIA A10G, 20 %, 7 %, 1781 MiB, 23028 MiB
2026/02/25 17:12:11.057, 1, NVIDIA A10G, 17 %, 5 %, 2415 MiB, 23028 MiB
2026/02/25 17:12:11.057, 2, NVIDIA A10G, 0 %, 0 %, 0 MiB, 23028 MiB
2026/02/25 17:12:11.057, 3, NVIDIA A10G, 0 %, 0 %, 0 MiB, 23028 MiB
2026/02/25 17:12:12.057, 0, NVIDIA A10G, 23 %, 9 %, 1781 MiB, 23028 MiB
2026/02/25 17:12:12.057, 1, NVIDIA A10G, 20 %, 6 %, 2415 MiB, 23028 MiB
2026/02/25 17:12:12.057, 2, NVIDIA A10G, 0 %, 0 %, 0 MiB, 23028 MiB
2026/02/25 17:12:12.057, 3, NVIDIA A10G, 0 %, 0 %, 0 MiB, 23028 MiB
2026/02/25 17:12:13.057, 0, NVIDIA A10G, 21 %, 7 %, 1781 MiB, 23028 MiB
2026/02/25 17:12:13.057, 1, NVIDIA A10G, 21 %, 7 %, 2415 MiB, 23028 MiB
2026/02/25 17:12:13.057, 2, NVIDIA A10G, 0 %, 0 %, 0 MiB, 23028 MiB
2026/02/25 17:12:13.057, 3, NVIDIA A10G, 0 %, 0 %, 0 MiB, 23028 MiB
2026/02/25 17:12:14.058, 0, NVIDIA A10G, 21 %, 7 %, 1781 MiB, 23028 MiB
2026/02/25 17:12:14.058, 1, NVIDIA A10G, 22 %, 8 %, 2415 MiB, 23028 MiB
2026/02/25 17:12:14.058, 2, NVIDIA A10G, 0 %, 0 %, 0 MiB, 23028 MiB
2026/02/25 17:12:14.058, 3, NVIDIA A10G, 0 %, 0 %, 0 MiB, 23028 MiB
2026/02/25 17:12:15.058, 0, NVIDIA A10G, 22 %, 8 %, 1781 MiB, 23028 MiB
2026/02/25 17:12:15.058, 1, NVIDIA A10G, 22 %, 8 %, 2415 MiB, 23028 MiB
2026/02/25 17:12:15.058, 2, NVIDIA A10G, 0 %, 0 %, 0 MiB, 23028 MiB
2026/02/25 17:12:15.058, 3, NVIDIA A10G, 0 %, 0 %, 0 MiB, 23028 MiB
2026/02/25 17:12:16.058, 0, NVIDIA A10G, 20 %, 7 %, 1781 MiB, 23028 MiB
2026/02/25 17:12:16.058, 1, NVIDIA A10G, 18 %, 6 %, 2415 MiB, 23028 MiB
2026/02/25 17:12:16.058, 2, NVIDIA A10G, 0 %, 0 %, 0 MiB, 23028 MiB
2026/02/25 17:12:16.058, 3, NVIDIA A10G, 0 %, 0 %, 0 MiB, 23028 MiB
2026/02/25 17:12:17.059, 0, NVIDIA A10G, 21 %, 7 %, 1781 MiB, 23028 MiB
2026/02/25 17:12:17.059, 1, NVIDIA A10G, 21 %, 7 %, 2415 MiB, 23028 MiB
2026/02/25 17:12:17.059, 2, NVIDIA A10G, 0 %, 0 %, 0 MiB, 23028 MiB
2026/02/25 17:12:17.059, 3, NVIDIA A10G, 0 %, 0 %, 0 MiB, 23028 MiB
2026/02/25 17:12:18.059, 0, NVIDIA A10G, 0 %, 0 %, 1781 MiB, 23028 MiB
2026/02/25 17:12:18.059, 1, NVIDIA A10G, 22 %, 7 %, 2415 MiB, 23028 MiB
2026/02/25 17:12:18.059, 2, NVIDIA A10G, 0 %, 0 %, 0 MiB, 23028 MiB
2026/02/25 17:12:18.059, 3, NVIDIA A10G, 0 %, 0 %, 0 MiB, 23028 MiB
2026/02/25 17:12:19.059, 0, NVIDIA A10G, 0 %, 0 %, 1781 MiB, 23028 MiB
2026/02/25 17:12:19.059, 1, NVIDIA A10G, 22 %, 7 %, 2415 MiB, 23028 MiB
2026/02/25 17:12:19.059, 2, NVIDIA A10G, 0 %, 0 %, 0 MiB, 23028 MiB
2026/02/25 17:12:19.059, 3, NVIDIA A10G, 0 %, 0 %, 0 MiB, 23028 MiB
2026/02/25 17:12:20.060, 0, NVIDIA A10G, 0 %, 0 %, 1781 MiB, 23028 MiB
2026/02/25 17:12:20.060, 1, NVIDIA A10G, 22 %, 7 %, 2415 MiB, 23028 MiB
2026/02/25 17:12:20.060, 2, NVIDIA A10G, 0 %, 0 %, 0 MiB, 23028 MiB
2026/02/25 17:12:20.060, 3, NVIDIA A10G, 0 %, 0 %, 0 MiB, 23028 MiB
2026/02/25 17:12:21.060, 0, NVIDIA A10G, 0 %, 0 %, 1781 MiB, 23028 MiB
2026/02/25 17:12:21.060, 1, NVIDIA A10G, 14 %, 5 %, 2415 MiB, 23028 MiB
2026/02/25 17:12:21.060, 2, NVIDIA A10G, 0 %, 0 %, 0 MiB, 23028 MiB
2026/02/25 17:12:21.060, 3, NVIDIA A10G, 0 %, 0 %, 0 MiB, 23028 MiB
2026/02/25 17:12:22.060, 0, NVIDIA A10G, 0 %, 0 %, 1781 MiB, 23028 MiB
2026/02/25 17:12:22.060, 1, NVIDIA A10G, 0 %, 0 %, 2415 MiB, 23028 MiB
2026/02/25 17:12:22.060, 2, NVIDIA A10G, 0 %, 0 %, 0 MiB, 23028 MiB
2026/02/25 17:12:22.060, 3, NVIDIA A10G, 0 %, 0 %, 0 MiB, 23028 MiB
2026/02/25 17:12:23.061, 0, NVIDIA A10G, 0 %, 0 %, 1781 MiB, 23028 MiB
2026/02/25 17:12:23.061, 1, NVIDIA A10G, 0 %, 0 %, 2415 MiB, 23028 MiB
2026/02/25 17:12:23.061, 2, NVIDIA A10G, 0 %, 0 %, 0 MiB, 23028 MiB
2026/02/25 17:12:23.061, 3, NVIDIA A10G, 0 %, 0 %, 0 MiB, 23028 MiB
2026/02/25 17:12:24.061, 0, NVIDIA A10G, 0 %, 0 %, 1781 MiB, 23028 MiB
2026/02/25 17:12:24.061, 1, NVIDIA A10G, 0 %, 0 %, 2415 MiB, 23028 MiB
2026/02/25 17:12:24.061, 2, NVIDIA A10G, 0 %, 0 %, 0 MiB, 23028 MiB
2026/02/25 17:12:24.061, 3, NVIDIA A10G, 0 %, 0 %, 0 MiB, 23028 MiB
2026/02/25 17:12:25.061, 0, NVIDIA A10G, 21 %, 7 %, 1781 MiB, 23028 MiB
2026/02/25 17:12:25.062, 1, NVIDIA A10G, 0 %, 0 %, 2415 MiB, 23028 MiB
2026/02/25 17:12:25.062, 2, NVIDIA A10G, 0 %, 0 %, 0 MiB, 23028 MiB
2026/02/25 17:12:25.062, 3, NVIDIA A10G, 0 %, 0 %, 0 MiB, 23028 MiB
2026/02/25 17:12:26.062, 0, NVIDIA A10G, 23 %, 8 %, 1781 MiB, 23028 MiB
2026/02/25 17:12:26.062, 1, NVIDIA A10G, 0 %, 0 %, 2415 MiB, 23028 MiB
2026/02/25 17:12:26.062, 2, NVIDIA A10G, 0 %, 0 %, 0 MiB, 23028 MiB
2026/02/25 17:12:26.062, 3, NVIDIA A10G, 0 %, 0 %, 0 MiB, 23028 MiB
2026/02/25 17:12:27.062, 0, NVIDIA A10G, 20 %, 6 %, 1781 MiB, 23028 MiB
2026/02/25 17:12:27.062, 1, NVIDIA A10G, 0 %, 0 %, 2415 MiB, 23028 MiB
2026/02/25 17:12:27.062, 2, NVIDIA A10G, 0 %, 0 %, 0 MiB, 23028 MiB
2026/02/25 17:12:27.063, 3, NVIDIA A10G, 0 %, 0 %, 0 MiB, 23028 MiB
2026/02/25 17:12:28.063, 0, NVIDIA A10G, 18 %, 6 %, 1781 MiB, 23028 MiB
2026/02/25 17:12:28.063, 1, NVIDIA A10G, 23 %, 8 %, 2415 MiB, 23028 MiB
2026/02/25 17:12:28.063, 2, NVIDIA A10G, 0 %, 0 %, 0 MiB, 23028 MiB
2026/02/25 17:12:28.063, 3, NVIDIA A10G, 0 %, 0 %, 0 MiB, 23028 MiB
2026/02/25 17:12:29.063, 0, NVIDIA A10G, 20 %, 6 %, 1781 MiB, 23028 MiB
2026/02/25 17:12:29.063, 1, NVIDIA A10G, 19 %, 6 %, 2415 MiB, 23028 MiB
2026/02/25 17:12:29.063, 2, NVIDIA A10G, 0 %, 0 %, 0 MiB, 23028 MiB
2026/02/25 17:12:29.063, 3, NVIDIA A10G, 0 %, 0 %, 0 MiB, 23028 MiB
2026/02/25 17:12:30.063, 0, NVIDIA A10G, 22 %, 8 %, 1781 MiB, 23028 MiB
2026/02/25 17:12:30.063, 1, NVIDIA A10G, 23 %, 8 %, 2415 MiB, 23028 MiB
2026/02/25 17:12:30.063, 2, NVIDIA A10G, 0 %, 0 %, 0 MiB, 23028 MiB
2026/02/25 17:12:30.063, 3, NVIDIA A10G, 0 %, 0 %, 0 MiB, 23028 MiB
2026/02/25 17:12:31.064, 0, NVIDIA A10G, 21 %, 7 %, 1781 MiB, 23028 MiB
2026/02/25 17:12:31.064, 1, NVIDIA A10G, 21 %, 7 %, 2415 MiB, 23028 MiB
2026/02/25 17:12:31.064, 2, NVIDIA A10G, 0 %, 0 %, 0 MiB, 23028 MiB
2026/02/25 17:12:31.064, 3, NVIDIA A10G, 0 %, 0 %, 0 MiB, 23028 MiB
2026/02/25 17:12:32.064, 0, NVIDIA A10G, 0 %, 0 %, 1781 MiB, 23028 MiB
2026/02/25 17:12:32.064, 1, NVIDIA A10G, 21 %, 7 %, 2415 MiB, 23028 MiB
2026/02/25 17:12:32.064, 2, NVIDIA A10G, 0 %, 0 %, 0 MiB, 23028 MiB
2026/02/25 17:12:32.064, 3, NVIDIA A10G, 0 %, 0 %, 0 MiB, 23028 MiB
2026/02/25 17:12:33.064, 0, NVIDIA A10G, 0 %, 0 %, 1781 MiB, 23028 MiB
2026/02/25 17:12:33.064, 1, NVIDIA A10G, 22 %, 8 %, 2415 MiB, 23028 MiB
2026/02/25 17:12:33.064, 2, NVIDIA A10G, 0 %, 0 %, 0 MiB, 23028 MiB
2026/02/25 17:12:33.064, 3, NVIDIA A10G, 0 %, 0 %, 0 MiB, 23028 MiB
2026/02/25 17:12:34.064, 0, NVIDIA A10G, 0 %, 0 %, 1781 MiB, 23028 MiB
2026/02/25 17:12:34.064, 1, NVIDIA A10G, 13 %, 4 %, 2415 MiB, 23028 MiB
2026/02/25 17:12:34.065, 2, NVIDIA A10G, 0 %, 0 %, 0 MiB, 23028 MiB
2026/02/25 17:12:34.065, 3, NVIDIA A10G, 0 %, 0 %, 0 MiB, 23028 MiB
2026/02/25 17:12:35.065, 0, NVIDIA A10G, 0 %, 0 %, 1781 MiB, 23028 MiB
2026/02/25 17:12:35.065, 1, NVIDIA A10G, 0 %, 0 %, 2415 MiB, 23028 MiB
2026/02/25 17:12:35.065, 2, NVIDIA A10G, 0 %, 0 %, 0 MiB, 23028 MiB
2026/02/25 17:12:35.065, 3, NVIDIA A10G, 0 %, 0 %, 0 MiB, 23028 MiB
2026/02/25 17:12:36.065, 0, NVIDIA A10G, 0 %, 0 %, 1781 MiB, 23028 MiB
2026/02/25 17:12:36.065, 1, NVIDIA A10G, 0 %, 0 %, 2415 MiB, 23028 MiB
2026/02/25 17:12:36.065, 2, NVIDIA A10G, 0 %, 0 %, 0 MiB, 23028 MiB
2026/02/25 17:12:36.065, 3, NVIDIA A10G, 0 %, 0 %, 0 MiB, 23028 MiB
2026/02/25 17:12:37.065, 0, NVIDIA A10G, 0 %, 0 %, 1781 MiB, 23028 MiB
2026/02/25 17:12:37.065, 1, NVIDIA A10G, 0 %, 0 %, 2415 MiB, 23028 MiB
2026/02/25 17:12:37.066, 2, NVIDIA A10G, 0 %, 0 %, 0 MiB, 23028 MiB
2026/02/25 17:12:37.066, 3, NVIDIA A10G, 0 %, 0 %, 0 MiB, 23028 MiB
2026/02/25 17:12:38.066, 0, NVIDIA A10G, 100 %, 67 %, 1781 MiB, 23028 MiB
2026/02/25 17:12:38.066, 1, NVIDIA A10G, 0 %, 0 %, 2415 MiB, 23028 MiB
2026/02/25 17:12:38.066, 2, NVIDIA A10G, 0 %, 0 %, 0 MiB, 23028 MiB
2026/02/25 17:12:38.066, 3, NVIDIA A10G, 0 %, 0 %, 0 MiB, 23028 MiB
2026/02/25 17:12:39.066, 0, NVIDIA A10G, 22 %, 7 %, 1781 MiB, 23028 MiB
2026/02/25 17:12:39.066, 1, NVIDIA A10G, 0 %, 0 %, 2415 MiB, 23028 MiB
2026/02/25 17:12:39.066, 2, NVIDIA A10G, 0 %, 0 %, 0 MiB, 23028 MiB
2026/02/25 17:12:39.066, 3, NVIDIA A10G, 0 %, 0 %, 0 MiB, 23028 MiB
2026/02/25 17:12:40.066, 0, NVIDIA A10G, 22 %, 8 %, 1781 MiB, 23028 MiB
2026/02/25 17:12:40.066, 1, NVIDIA A10G, 0 %, 0 %, 2415 MiB, 23028 MiB
2026/02/25 17:12:40.066, 2, NVIDIA A10G, 0 %, 0 %, 0 MiB, 23028 MiB
2026/02/25 17:12:40.066, 3, NVIDIA A10G, 0 %, 0 %, 0 MiB, 23028 MiB
2026/02/25 17:12:41.067, 0, NVIDIA A10G, 24 %, 8 %, 1781 MiB, 23028 MiB
2026/02/25 17:12:41.067, 1, NVIDIA A10G, 0 %, 0 %, 2415 MiB, 23028 MiB
2026/02/25 17:12:41.067, 2, NVIDIA A10G, 0 %, 0 %, 0 MiB, 23028 MiB
2026/02/25 17:12:41.067, 3, NVIDIA A10G, 0 %, 0 %, 0 MiB, 23028 MiB
2026/02/25 17:12:42.067, 0, NVIDIA A10G, 24 %, 9 %, 1781 MiB, 23028 MiB
2026/02/25 17:12:42.067, 1, NVIDIA A10G, 0 %, 0 %, 2415 MiB, 23028 MiB
2026/02/25 17:12:42.067, 2, NVIDIA A10G, 0 %, 0 %, 0 MiB, 23028 MiB
2026/02/25 17:12:42.067, 3, NVIDIA A10G, 0 %, 0 %, 0 MiB, 23028 MiB
2026/02/25 17:12:43.067, 0, NVIDIA A10G, 23 %, 8 %, 1781 MiB, 23028 MiB
2026/02/25 17:12:43.067, 1, NVIDIA A10G, 0 %, 0 %, 2415 MiB, 23028 MiB
2026/02/25 17:12:43.068, 2, NVIDIA A10G, 0 %, 0 %, 0 MiB, 23028 MiB
2026/02/25 17:12:43.068, 3, NVIDIA A10G, 0 %, 0 %, 0 MiB, 23028 MiB
2026/02/25 17:12:44.068, 0, NVIDIA A10G, 23 %, 8 %, 1781 MiB, 23028 MiB
2026/02/25 17:12:44.068, 1, NVIDIA A10G, 0 %, 0 %, 2415 MiB, 23028 MiB
2026/02/25 17:12:44.068, 2, NVIDIA A10G, 0 %, 0 %, 0 MiB, 23028 MiB
2026/02/25 17:12:44.068, 3, NVIDIA A10G, 0 %, 0 %, 0 MiB, 23028 MiB
2026/02/25 17:12:45.068, 0, NVIDIA A10G, 3 %, 1 %, 1781 MiB, 23028 MiB
2026/02/25 17:12:45.068, 1, NVIDIA A10G, 0 %, 0 %, 2415 MiB, 23028 MiB
2026/02/25 17:12:45.068, 2, NVIDIA A10G, 0 %, 0 %, 0 MiB, 23028 MiB
2026/02/25 17:12:45.068, 3, NVIDIA A10G, 0 %, 0 %, 0 MiB, 23028 MiB
2026/02/25 17:12:46.068, 0, NVIDIA A10G, 0 %, 0 %, 1781 MiB, 23028 MiB
2026/02/25 17:12:46.068, 1, NVIDIA A10G, 0 %, 0 %, 2415 MiB, 23028 MiB
2026/02/25 17:12:46.069, 2, NVIDIA A10G, 0 %, 0 %, 0 MiB, 23028 MiB
2026/02/25 17:12:46.069, 3, NVIDIA A10G, 0 %, 0 %, 0 MiB, 23028 MiB
2026/02/25 17:12:47.069, 0, NVIDIA A10G, 0 %, 0 %, 1781 MiB, 23028 MiB
2026/02/25 17:12:47.069, 1, NVIDIA A10G, 0 %, 0 %, 2415 MiB, 23028 MiB
2026/02/25 17:12:47.069, 2, NVIDIA A10G, 0 %, 0 %, 0 MiB, 23028 MiB
2026/02/25 17:12:47.069, 3, NVIDIA A10G, 0 %, 0 %, 0 MiB, 23028 MiB
2026/02/25 17:12:48.069, 0, NVIDIA A10G, 0 %, 0 %, 1781 MiB, 23028 MiB
2026/02/25 17:12:48.069, 1, NVIDIA A10G, 0 %, 0 %, 2415 MiB, 23028 MiB
2026/02/25 17:12:48.069, 2, NVIDIA A10G, 0 %, 0 %, 0 MiB, 23028 MiB
2026/02/25 17:12:48.069, 3, NVIDIA A10G, 0 %, 0 %, 0 MiB, 23028 MiB
2026/02/25 17:12:49.069, 0, NVIDIA A10G, 0 %, 0 %, 1781 MiB, 23028 MiB
2026/02/25 17:12:49.069, 1, NVIDIA A10G, 24 %, 9 %, 2415 MiB, 23028 MiB
2026/02/25 17:12:49.069, 2, NVIDIA A10G, 0 %, 0 %, 0 MiB, 23028 MiB
2026/02/25 17:12:49.069, 3, NVIDIA A10G, 0 %, 0 %, 0 MiB, 23028 MiB
2026/02/25 17:12:50.070, 0, NVIDIA A10G, 0 %, 0 %, 1781 MiB, 23028 MiB
2026/02/25 17:12:50.070, 1, NVIDIA A10G, 22 %, 7 %, 2415 MiB, 23028 MiB
2026/02/25 17:12:50.070, 2, NVIDIA A10G, 0 %, 0 %, 0 MiB, 23028 MiB
2026/02/25 17:12:50.070, 3, NVIDIA A10G, 0 %, 0 %, 0 MiB, 23028 MiB
2026/02/25 17:12:51.070, 0, NVIDIA A10G, 0 %, 0 %, 1781 MiB, 23028 MiB
2026/02/25 17:12:51.070, 1, NVIDIA A10G, 23 %, 8 %, 2415 MiB, 23028 MiB
2026/02/25 17:12:51.070, 2, NVIDIA A10G, 0 %, 0 %, 0 MiB, 23028 MiB
2026/02/25 17:12:51.070, 3, NVIDIA A10G, 0 %, 0 %, 0 MiB, 23028 MiB
2026/02/25 17:12:52.070, 0, NVIDIA A10G, 0 %, 0 %, 1781 MiB, 23028 MiB
2026/02/25 17:12:52.070, 1, NVIDIA A10G, 23 %, 8 %, 2415 MiB, 23028 MiB
2026/02/25 17:12:52.070, 2, NVIDIA A10G, 0 %, 0 %, 0 MiB, 23028 MiB
2026/02/25 17:12:52.070, 3, NVIDIA A10G, 0 %, 0 %, 0 MiB, 23028 MiB
2026/02/25 17:12:53.070, 0, NVIDIA A10G, 85 %, 54 %, 1781 MiB, 23028 MiB
2026/02/25 17:12:53.071, 1, NVIDIA A10G, 22 %, 7 %, 2415 MiB, 23028 MiB
2026/02/25 17:12:53.071, 2, NVIDIA A10G, 0 %, 0 %, 0 MiB, 23028 MiB
2026/02/25 17:12:53.071, 3, NVIDIA A10G, 0 %, 0 %, 0 MiB, 23028 MiB
2026/02/25 17:12:54.071, 0, NVIDIA A10G, 22 %, 8 %, 1781 MiB, 23028 MiB
2026/02/25 17:12:54.071, 1, NVIDIA A10G, 22 %, 8 %, 2415 MiB, 23028 MiB
2026/02/25 17:12:54.071, 2, NVIDIA A10G, 0 %, 0 %, 0 MiB, 23028 MiB
2026/02/25 17:12:54.071, 3, NVIDIA A10G, 0 %, 0 %, 0 MiB, 23028 MiB
2026/02/25 17:12:55.071, 0, NVIDIA A10G, 22 %, 8 %, 1781 MiB, 23028 MiB
2026/02/25 17:12:55.071, 1, NVIDIA A10G, 22 %, 8 %, 2415 MiB, 23028 MiB
2026/02/25 17:12:55.071, 2, NVIDIA A10G, 0 %, 0 %, 0 MiB, 23028 MiB
2026/02/25 17:12:55.071, 3, NVIDIA A10G, 0 %, 0 %, 0 MiB, 23028 MiB
2026/02/25 17:12:56.072, 0, NVIDIA A10G, 22 %, 8 %, 1781 MiB, 23028 MiB
2026/02/25 17:12:56.072, 1, NVIDIA A10G, 20 %, 7 %, 2415 MiB, 23028 MiB
2026/02/25 17:12:56.072, 2, NVIDIA A10G, 0 %, 0 %, 0 MiB, 23028 MiB
2026/02/25 17:12:56.072, 3, NVIDIA A10G, 0 %, 0 %, 0 MiB, 23028 MiB
2026/02/25 17:12:57.072, 0, NVIDIA A10G, 17 %, 6 %, 1781 MiB, 23028 MiB
2026/02/25 17:12:57.072, 1, NVIDIA A10G, 21 %, 7 %, 2415 MiB, 23028 MiB
2026/02/25 17:12:57.072, 2, NVIDIA A10G, 0 %, 0 %, 0 MiB, 23028 MiB
2026/02/25 17:12:57.072, 3, NVIDIA A10G, 0 %, 0 %, 0 MiB, 23028 MiB
2026/02/25 17:12:58.072, 0, NVIDIA A10G, 20 %, 7 %, 1781 MiB, 23028 MiB
2026/02/25 17:12:58.073, 1, NVIDIA A10G, 23 %, 8 %, 2415 MiB, 23028 MiB
2026/02/25 17:12:58.073, 2, NVIDIA A10G, 0 %, 0 %, 0 MiB, 23028 MiB
2026/02/25 17:12:58.073, 3, NVIDIA A10G, 0 %, 0 %, 0 MiB, 23028 MiB
2026/02/25 17:12:59.073, 0, NVIDIA A10G, 17 %, 6 %, 1781 MiB, 23028 MiB
2026/02/25 17:12:59.073, 1, NVIDIA A10G, 22 %, 8 %, 2415 MiB, 23028 MiB
2026/02/25 17:12:59.073, 2, NVIDIA A10G, 0 %, 0 %, 0 MiB, 23028 MiB
2026/02/25 17:12:59.073, 3, NVIDIA A10G, 0 %, 0 %, 0 MiB, 23028 MiB
2026/02/25 17:13:00.073, 0, NVIDIA A10G, 19 %, 6 %, 1781 MiB, 23028 MiB
2026/02/25 17:13:00.073, 1, NVIDIA A10G, 21 %, 7 %, 2415 MiB, 23028 MiB
2026/02/25 17:13:00.073, 2, NVIDIA A10G, 0 %, 0 %, 0 MiB, 23028 MiB
2026/02/25 17:13:00.074, 3, NVIDIA A10G, 0 %, 0 %, 0 MiB, 23028 MiB
2026/02/25 17:13:01.074, 0, NVIDIA A10G, 19 %, 6 %, 1781 MiB, 23028 MiB
2026/02/25 17:13:01.074, 1, NVIDIA A10G, 22 %, 8 %, 2415 MiB, 23028 MiB
2026/02/25 17:13:01.074, 2, NVIDIA A10G, 0 %, 0 %, 0 MiB, 23028 MiB
2026/02/25 17:13:01.074, 3, NVIDIA A10G, 0 %, 0 %, 0 MiB, 23028 MiB
2026/02/25 17:13:02.074, 0, NVIDIA A10G, 20 %, 7 %, 1781 MiB, 23028 MiB
2026/02/25 17:13:02.074, 1, NVIDIA A10G, 22 %, 8 %, 2415 MiB, 23028 MiB
2026/02/25 17:13:02.074, 2, NVIDIA A10G, 0 %, 0 %, 0 MiB, 23028 MiB
2026/02/25 17:13:02.074, 3, NVIDIA A10G, 0 %, 0 %, 0 MiB, 23028 MiB
2026/02/25 17:13:03.074, 0, NVIDIA A10G, 21 %, 7 %, 1781 MiB, 23028 MiB
2026/02/25 17:13:03.075, 1, NVIDIA A10G, 22 %, 8 %, 2415 MiB, 23028 MiB
2026/02/25 17:13:03.075, 2, NVIDIA A10G, 0 %, 0 %, 0 MiB, 23028 MiB
2026/02/25 17:13:03.075, 3, NVIDIA A10G, 0 %, 0 %, 0 MiB, 23028 MiB
2026/02/25 17:13:04.075, 0, NVIDIA A10G, 0 %, 0 %, 1781 MiB, 23028 MiB
2026/02/25 17:13:04.075, 1, NVIDIA A10G, 1 %, 0 %, 2415 MiB, 23028 MiB
2026/02/25 17:13:04.075, 2, NVIDIA A10G, 0 %, 0 %, 0 MiB, 23028 MiB
2026/02/25 17:13:04.075, 3, NVIDIA A10G, 0 %, 0 %, 0 MiB, 23028 MiB
2026/02/25 17:13:05.075, 0, NVIDIA A10G, 0 %, 0 %, 1781 MiB, 23028 MiB
2026/02/25 17:13:05.075, 1, NVIDIA A10G, 0 %, 0 %, 2415 MiB, 23028 MiB
2026/02/25 17:13:05.075, 2, NVIDIA A10G, 0 %, 0 %, 0 MiB, 23028 MiB
2026/02/25 17:13:05.075, 3, NVIDIA A10G, 0 %, 0 %, 0 MiB, 23028 MiB
2026/02/25 17:13:06.076, 0, NVIDIA A10G, 0 %, 0 %, 1781 MiB, 23028 MiB
2026/02/25 17:13:06.076, 1, NVIDIA A10G, 0 %, 0 %, 2415 MiB, 23028 MiB
2026/02/25 17:13:06.076, 2, NVIDIA A10G, 0 %, 0 %, 0 MiB, 23028 MiB
2026/02/25 17:13:06.076, 3, NVIDIA A10G, 0 %, 0 %, 0 MiB, 23028 MiB
2026/02/25 17:13:07.076, 0, NVIDIA A10G, 0 %, 0 %, 1781 MiB, 23028 MiB
2026/02/25 17:13:07.076, 1, NVIDIA A10G, 0 %, 0 %, 2415 MiB, 23028 MiB
2026/02/25 17:13:07.076, 2, NVIDIA A10G, 0 %, 0 %, 0 MiB, 23028 MiB
2026/02/25 17:13:07.076, 3, NVIDIA A10G, 0 %, 0 %, 0 MiB, 23028 MiB
2026/02/25 17:13:08.076, 0, NVIDIA A10G, 0 %, 0 %, 1781 MiB, 23028 MiB
2026/02/25 17:13:08.076, 1, NVIDIA A10G, 38 %, 27 %, 2415 MiB, 23028 MiB
2026/02/25 17:13:08.076, 2, NVIDIA A10G, 0 %, 0 %, 0 MiB, 23028 MiB
2026/02/25 17:13:08.076, 3, NVIDIA A10G, 0 %, 0 %, 0 MiB, 23028 MiB
2026/02/25 17:13:09.077, 0, NVIDIA A10G, 0 %, 0 %, 1781 MiB, 23028 MiB
2026/02/25 17:13:09.077, 1, NVIDIA A10G, 23 %, 8 %, 2415 MiB, 23028 MiB
2026/02/25 17:13:09.077, 2, NVIDIA A10G, 0 %, 0 %, 0 MiB, 23028 MiB
2026/02/25 17:13:09.077, 3, NVIDIA A10G, 0 %, 0 %, 0 MiB, 23028 MiB
2026/02/25 17:13:10.077, 0, NVIDIA A10G, 0 %, 0 %, 1781 MiB, 23028 MiB
2026/02/25 17:13:10.077, 1, NVIDIA A10G, 22 %, 7 %, 2415 MiB, 23028 MiB
2026/02/25 17:13:10.077, 2, NVIDIA A10G, 0 %, 0 %, 0 MiB, 23028 MiB
2026/02/25 17:13:10.077, 3, NVIDIA A10G, 0 %, 0 %, 0 MiB, 23028 MiB
2026/02/25 17:13:11.078, 0, NVIDIA A10G, 20 %, 7 %, 1781 MiB, 23028 MiB
2026/02/25 17:13:11.078, 1, NVIDIA A10G, 21 %, 7 %, 2415 MiB, 23028 MiB
2026/02/25 17:13:11.078, 2, NVIDIA A10G, 0 %, 0 %, 0 MiB, 23028 MiB
2026/02/25 17:13:11.078, 3, NVIDIA A10G, 0 %, 0 %, 0 MiB, 23028 MiB
2026/02/25 17:13:12.078, 0, NVIDIA A10G, 22 %, 8 %, 1781 MiB, 23028 MiB
2026/02/25 17:13:12.078, 1, NVIDIA A10G, 19 %, 7 %, 2415 MiB, 23028 MiB
2026/02/25 17:13:12.078, 2, NVIDIA A10G, 0 %, 0 %, 0 MiB, 23028 MiB
2026/02/25 17:13:12.078, 3, NVIDIA A10G, 0 %, 0 %, 0 MiB, 23028 MiB
2026/02/25 17:13:13.078, 0, NVIDIA A10G, 22 %, 8 %, 1781 MiB, 23028 MiB
2026/02/25 17:13:13.078, 1, NVIDIA A10G, 0 %, 0 %, 2415 MiB, 23028 MiB
2026/02/25 17:13:13.078, 2, NVIDIA A10G, 0 %, 0 %, 0 MiB, 23028 MiB
2026/02/25 17:13:13.079, 3, NVIDIA A10G, 0 %, 0 %, 0 MiB, 23028 MiB
2026/02/25 17:13:14.079, 0, NVIDIA A10G, 21 %, 7 %, 1781 MiB, 23028 MiB
2026/02/25 17:13:14.079, 1, NVIDIA A10G, 0 %, 0 %, 2415 MiB, 23028 MiB
2026/02/25 17:13:14.079, 2, NVIDIA A10G, 0 %, 0 %, 0 MiB, 23028 MiB
2026/02/25 17:13:14.079, 3, NVIDIA A10G, 0 %, 0 %, 0 MiB, 23028 MiB
2026/02/25 17:13:15.079, 0, NVIDIA A10G, 20 %, 7 %, 1781 MiB, 23028 MiB
2026/02/25 17:13:15.079, 1, NVIDIA A10G, 0 %, 0 %, 2415 MiB, 23028 MiB
2026/02/25 17:13:15.079, 2, NVIDIA A10G, 0 %, 0 %, 0 MiB, 23028 MiB
2026/02/25 17:13:15.079, 3, NVIDIA A10G, 0 %, 0 %, 0 MiB, 23028 MiB
2026/02/25 17:13:16.079, 0, NVIDIA A10G, 22 %, 8 %, 1781 MiB, 23028 MiB
2026/02/25 17:13:16.080, 1, NVIDIA A10G, 0 %, 0 %, 2415 MiB, 23028 MiB
2026/02/25 17:13:16.080, 2, NVIDIA A10G, 0 %, 0 %, 0 MiB, 23028 MiB
2026/02/25 17:13:16.080, 3, NVIDIA A10G, 0 %, 0 %, 0 MiB, 23028 MiB
2026/02/25 17:13:17.080, 0, NVIDIA A10G, 23 %, 8 %, 1781 MiB, 23028 MiB
2026/02/25 17:13:17.080, 1, NVIDIA A10G, 0 %, 0 %, 2415 MiB, 23028 MiB
2026/02/25 17:13:17.080, 2, NVIDIA A10G, 0 %, 0 %, 0 MiB, 23028 MiB
2026/02/25 17:13:17.080, 3, NVIDIA A10G, 0 %, 0 %, 0 MiB, 23028 MiB
2026/02/25 17:13:18.080, 0, NVIDIA A10G, 21 %, 7 %, 1781 MiB, 23028 MiB
2026/02/25 17:13:18.080, 1, NVIDIA A10G, 0 %, 0 %, 2415 MiB, 23028 MiB
2026/02/25 17:13:18.080, 2, NVIDIA A10G, 0 %, 0 %, 0 MiB, 23028 MiB
2026/02/25 17:13:18.081, 3, NVIDIA A10G, 0 %, 0 %, 0 MiB, 23028 MiB
2026/02/25 17:13:19.081, 0, NVIDIA A10G, 0 %, 0 %, 1781 MiB, 23028 MiB
2026/02/25 17:13:19.081, 1, NVIDIA A10G, 0 %, 0 %, 2415 MiB, 23028 MiB
2026/02/25 17:13:19.081, 2, NVIDIA A10G, 0 %, 0 %, 0 MiB, 23028 MiB
2026/02/25 17:13:19.081, 3, NVIDIA A10G, 0 %, 0 %, 0 MiB, 23028 MiB
2026/02/25 17:13:20.081, 0, NVIDIA A10G, 0 %, 0 %, 1781 MiB, 23028 MiB
2026/02/25 17:13:20.081, 1, NVIDIA A10G, 0 %, 0 %, 2415 MiB, 23028 MiB
2026/02/25 17:13:20.081, 2, NVIDIA A10G, 0 %, 0 %, 0 MiB, 23028 MiB
2026/02/25 17:13:20.081, 3, NVIDIA A10G, 0 %, 0 %, 0 MiB, 23028 MiB
2026/02/25 17:13:21.082, 0, NVIDIA A10G, 0 %, 0 %, 1781 MiB, 23028 MiB
2026/02/25 17:13:21.082, 1, NVIDIA A10G, 0 %, 0 %, 2415 MiB, 23028 MiB
2026/02/25 17:13:21.082, 2, NVIDIA A10G, 0 %, 0 %, 0 MiB, 23028 MiB
2026/02/25 17:13:21.082, 3, NVIDIA A10G, 0 %, 0 %, 0 MiB, 23028 MiB
2026/02/25 17:13:22.082, 0, NVIDIA A10G, 0 %, 0 %, 1781 MiB, 23028 MiB
2026/02/25 17:13:22.082, 1, NVIDIA A10G, 23 %, 8 %, 2415 MiB, 23028 MiB
2026/02/25 17:13:22.082, 2, NVIDIA A10G, 0 %, 0 %, 0 MiB, 23028 MiB
2026/02/25 17:13:22.082, 3, NVIDIA A10G, 0 %, 0 %, 0 MiB, 23028 MiB
2026/02/25 17:13:23.082, 0, NVIDIA A10G, 0 %, 0 %, 1781 MiB, 23028 MiB
2026/02/25 17:13:23.082, 1, NVIDIA A10G, 23 %, 9 %, 2415 MiB, 23028 MiB
2026/02/25 17:13:23.082, 2, NVIDIA A10G, 0 %, 0 %, 0 MiB, 23028 MiB
2026/02/25 17:13:23.083, 3, NVIDIA A10G, 0 %, 0 %, 0 MiB, 23028 MiB
2026/02/25 17:13:24.083, 0, NVIDIA A10G, 88 %, 57 %, 1781 MiB, 23028 MiB
2026/02/25 17:13:24.083, 1, NVIDIA A10G, 21 %, 7 %, 2415 MiB, 23028 MiB
2026/02/25 17:13:24.083, 2, NVIDIA A10G, 0 %, 0 %, 0 MiB, 23028 MiB
2026/02/25 17:13:24.083, 3, NVIDIA A10G, 0 %, 0 %, 0 MiB, 23028 MiB
2026/02/25 17:13:25.083, 0, NVIDIA A10G, 18 %, 6 %, 1781 MiB, 23028 MiB
2026/02/25 17:13:25.083, 1, NVIDIA A10G, 21 %, 7 %, 2415 MiB, 23028 MiB
2026/02/25 17:13:25.083, 2, NVIDIA A10G, 0 %, 0 %, 0 MiB, 23028 MiB
2026/02/25 17:13:25.083, 3, NVIDIA A10G, 0 %, 0 %, 0 MiB, 23028 MiB
2026/02/25 17:13:26.083, 0, NVIDIA A10G, 22 %, 8 %, 1781 MiB, 23028 MiB
2026/02/25 17:13:26.083, 1, NVIDIA A10G, 22 %, 8 %, 2415 MiB, 23028 MiB
2026/02/25 17:13:26.083, 2, NVIDIA A10G, 0 %, 0 %, 0 MiB, 23028 MiB
2026/02/25 17:13:26.083, 3, NVIDIA A10G, 0 %, 0 %, 0 MiB, 23028 MiB
2026/02/25 17:13:27.084, 0, NVIDIA A10G, 22 %, 7 %, 1781 MiB, 23028 MiB
2026/02/25 17:13:27.084, 1, NVIDIA A10G, 23 %, 8 %, 2415 MiB, 23028 MiB
2026/02/25 17:13:27.084, 2, NVIDIA A10G, 0 %, 0 %, 0 MiB, 23028 MiB
2026/02/25 17:13:27.084, 3, NVIDIA A10G, 0 %, 0 %, 0 MiB, 23028 MiB
2026/02/25 17:13:28.084, 0, NVIDIA A10G, 23 %, 8 %, 1781 MiB, 23028 MiB
2026/02/25 17:13:28.084, 1, NVIDIA A10G, 23 %, 8 %, 2415 MiB, 23028 MiB
2026/02/25 17:13:28.084, 2, NVIDIA A10G, 0 %, 0 %, 0 MiB, 23028 MiB
2026/02/25 17:13:28.084, 3, NVIDIA A10G, 0 %, 0 %, 0 MiB, 23028 MiB
2026/02/25 17:13:29.084, 0, NVIDIA A10G, 22 %, 8 %, 1781 MiB, 23028 MiB
2026/02/25 17:13:29.085, 1, NVIDIA A10G, 18 %, 6 %, 2415 MiB, 23028 MiB
2026/02/25 17:13:29.085, 2, NVIDIA A10G, 0 %, 0 %, 0 MiB, 23028 MiB
2026/02/25 17:13:29.085, 3, NVIDIA A10G, 0 %, 0 %, 0 MiB, 23028 MiB
2026/02/25 17:13:30.085, 0, NVIDIA A10G, 22 %, 8 %, 1781 MiB, 23028 MiB
2026/02/25 17:13:30.085, 1, NVIDIA A10G, 22 %, 8 %, 2415 MiB, 23028 MiB
2026/02/25 17:13:30.085, 2, NVIDIA A10G, 0 %, 0 %, 0 MiB, 23028 MiB
2026/02/25 17:13:30.085, 3, NVIDIA A10G, 0 %, 0 %, 0 MiB, 23028 MiB
2026/02/25 17:13:31.085, 0, NVIDIA A10G, 1 %, 0 %, 1781 MiB, 23028 MiB
2026/02/25 17:13:31.085, 1, NVIDIA A10G, 22 %, 7 %, 2415 MiB, 23028 MiB
2026/02/25 17:13:31.085, 2, NVIDIA A10G, 0 %, 0 %, 0 MiB, 23028 MiB
2026/02/25 17:13:31.086, 3, NVIDIA A10G, 0 %, 0 %, 0 MiB, 23028 MiB
2026/02/25 17:13:32.086, 0, NVIDIA A10G, 0 %, 0 %, 1781 MiB, 23028 MiB
2026/02/25 17:13:32.086, 1, NVIDIA A10G, 0 %, 0 %, 2415 MiB, 23028 MiB
2026/02/25 17:13:32.086, 2, NVIDIA A10G, 0 %, 0 %, 0 MiB, 23028 MiB
2026/02/25 17:13:32.086, 3, NVIDIA A10G, 0 %, 0 %, 0 MiB, 23028 MiB
2026/02/25 17:13:33.086, 0, NVIDIA A10G, 0 %, 0 %, 1781 MiB, 23028 MiB
2026/02/25 17:13:33.086, 1, NVIDIA A10G, 0 %, 0 %, 2415 MiB, 23028 MiB
2026/02/25 17:13:33.086, 2, NVIDIA A10G, 0 %, 0 %, 0 MiB, 23028 MiB
2026/02/25 17:13:33.086, 3, NVIDIA A10G, 0 %, 0 %, 0 MiB, 23028 MiB
2026/02/25 17:13:34.087, 0, NVIDIA A10G, 0 %, 0 %, 1781 MiB, 23028 MiB
2026/02/25 17:13:34.087, 1, NVIDIA A10G, 0 %, 0 %, 2415 MiB, 23028 MiB
2026/02/25 17:13:34.087, 2, NVIDIA A10G, 0 %, 0 %, 0 MiB, 23028 MiB
2026/02/25 17:13:34.087, 3, NVIDIA A10G, 0 %, 0 %, 0 MiB, 23028 MiB
2026/02/25 17:13:35.087, 0, NVIDIA A10G, 0 %, 0 %, 1781 MiB, 23028 MiB
2026/02/25 17:13:35.087, 1, NVIDIA A10G, 0 %, 0 %, 2415 MiB, 23028 MiB
2026/02/25 17:13:35.087, 2, NVIDIA A10G, 0 %, 0 %, 0 MiB, 23028 MiB
2026/02/25 17:13:35.087, 3, NVIDIA A10G, 0 %, 0 %, 0 MiB, 23028 MiB
2026/02/25 17:13:36.087, 0, NVIDIA A10G, 0 %, 0 %, 1781 MiB, 23028 MiB
2026/02/25 17:13:36.087, 1, NVIDIA A10G, 0 %, 0 %, 2415 MiB, 23028 MiB
2026/02/25 17:13:36.087, 2, NVIDIA A10G, 0 %, 0 %, 0 MiB, 23028 MiB
2026/02/25 17:13:36.087, 3, NVIDIA A10G, 0 %, 0 %, 0 MiB, 23028 MiB
2026/02/25 17:13:37.088, 0, NVIDIA A10G, 0 %, 0 %, 1781 MiB, 23028 MiB
2026/02/25 17:13:37.088, 1, NVIDIA A10G, 12 %, 7 %, 2415 MiB, 23028 MiB
2026/02/25 17:13:37.088, 2, NVIDIA A10G, 0 %, 0 %, 0 MiB, 23028 MiB
2026/02/25 17:13:37.088, 3, NVIDIA A10G, 0 %, 0 %, 0 MiB, 23028 MiB
2026/02/25 17:13:38.088, 0, NVIDIA A10G, 21 %, 8 %, 1781 MiB, 23028 MiB
2026/02/25 17:13:38.088, 1, NVIDIA A10G, 21 %, 7 %, 2415 MiB, 23028 MiB
2026/02/25 17:13:38.088, 2, NVIDIA A10G, 0 %, 0 %, 0 MiB, 23028 MiB
2026/02/25 17:13:38.088, 3, NVIDIA A10G, 0 %, 0 %, 0 MiB, 23028 MiB
2026/02/25 17:13:39.088, 0, NVIDIA A10G, 21 %, 8 %, 1781 MiB, 23028 MiB
2026/02/25 17:13:39.089, 1, NVIDIA A10G, 22 %, 7 %, 2415 MiB, 23028 MiB
2026/02/25 17:13:39.089, 2, NVIDIA A10G, 0 %, 0 %, 0 MiB, 23028 MiB
2026/02/25 17:13:39.089, 3, NVIDIA A10G, 0 %, 0 %, 0 MiB, 23028 MiB
2026/02/25 17:13:40.089, 0, NVIDIA A10G, 20 %, 7 %, 1781 MiB, 23028 MiB
2026/02/25 17:13:40.089, 1, NVIDIA A10G, 21 %, 7 %, 2415 MiB, 23028 MiB
2026/02/25 17:13:40.089, 2, NVIDIA A10G, 0 %, 0 %, 0 MiB, 23028 MiB
2026/02/25 17:13:40.089, 3, NVIDIA A10G, 0 %, 0 %, 0 MiB, 23028 MiB
2026/02/25 17:13:41.089, 0, NVIDIA A10G, 21 %, 8 %, 1781 MiB, 23028 MiB
2026/02/25 17:13:41.089, 1, NVIDIA A10G, 21 %, 7 %, 2415 MiB, 23028 MiB
2026/02/25 17:13:41.089, 2, NVIDIA A10G, 0 %, 0 %, 0 MiB, 23028 MiB
2026/02/25 17:13:41.089, 3, NVIDIA A10G, 0 %, 0 %, 0 MiB, 23028 MiB
2026/02/25 17:13:42.089, 0, NVIDIA A10G, 21 %, 8 %, 1781 MiB, 23028 MiB
2026/02/25 17:13:42.090, 1, NVIDIA A10G, 21 %, 7 %, 2415 MiB, 23028 MiB
2026/02/25 17:13:42.090, 2, NVIDIA A10G, 0 %, 0 %, 0 MiB, 23028 MiB
2026/02/25 17:13:42.090, 3, NVIDIA A10G, 0 %, 0 %, 0 MiB, 23028 MiB
2026/02/25 17:13:43.090, 0, NVIDIA A10G, 21 %, 7 %, 1781 MiB, 23028 MiB
2026/02/25 17:13:43.090, 1, NVIDIA A10G, 21 %, 7 %, 2415 MiB, 23028 MiB
2026/02/25 17:13:43.090, 2, NVIDIA A10G, 0 %, 0 %, 0 MiB, 23028 MiB
2026/02/25 17:13:43.090, 3, NVIDIA A10G, 0 %, 0 %, 0 MiB, 23028 MiB
2026/02/25 17:13:44.090, 0, NVIDIA A10G, 22 %, 8 %, 1781 MiB, 23028 MiB
2026/02/25 17:13:44.090, 1, NVIDIA A10G, 0 %, 0 %, 2415 MiB, 23028 MiB
2026/02/25 17:13:44.090, 2, NVIDIA A10G, 0 %, 0 %, 0 MiB, 23028 MiB
2026/02/25 17:13:44.090, 3, NVIDIA A10G, 0 %, 0 %, 0 MiB, 23028 MiB
2026/02/25 17:13:45.090, 0, NVIDIA A10G, 21 %, 7 %, 1781 MiB, 23028 MiB
2026/02/25 17:13:45.091, 1, NVIDIA A10G, 0 %, 0 %, 2415 MiB, 23028 MiB
2026/02/25 17:13:45.091, 2, NVIDIA A10G, 0 %, 0 %, 0 MiB, 23028 MiB
2026/02/25 17:13:45.091, 3, NVIDIA A10G, 0 %, 0 %, 0 MiB, 23028 MiB
2026/02/25 17:13:46.091, 0, NVIDIA A10G, 0 %, 0 %, 1781 MiB, 23028 MiB
2026/02/25 17:13:46.091, 1, NVIDIA A10G, 0 %, 0 %, 2415 MiB, 23028 MiB
2026/02/25 17:13:46.091, 2, NVIDIA A10G, 0 %, 0 %, 0 MiB, 23028 MiB
2026/02/25 17:13:46.091, 3, NVIDIA A10G, 0 %, 0 %, 0 MiB, 23028 MiB
2026/02/25 17:13:47.091, 0, NVIDIA A10G, 0 %, 0 %, 1781 MiB, 23028 MiB
2026/02/25 17:13:47.091, 1, NVIDIA A10G, 0 %, 0 %, 2415 MiB, 23028 MiB
2026/02/25 17:13:47.091, 2, NVIDIA A10G, 0 %, 0 %, 0 MiB, 23028 MiB
2026/02/25 17:13:47.091, 3, NVIDIA A10G, 0 %, 0 %, 0 MiB, 23028 MiB
2026/02/25 17:13:48.091, 0, NVIDIA A10G, 0 %, 0 %, 1781 MiB, 23028 MiB
2026/02/25 17:13:48.091, 1, NVIDIA A10G, 0 %, 0 %, 2415 MiB, 23028 MiB
2026/02/25 17:13:48.092, 2, NVIDIA A10G, 0 %, 0 %, 0 MiB, 23028 MiB
2026/02/25 17:13:48.092, 3, NVIDIA A10G, 0 %, 0 %, 0 MiB, 23028 MiB
2026/02/25 17:13:49.092, 0, NVIDIA A10G, 0 %, 0 %, 1781 MiB, 23028 MiB
2026/02/25 17:13:49.092, 1, NVIDIA A10G, 0 %, 0 %, 2415 MiB, 23028 MiB
2026/02/25 17:13:49.092, 2, NVIDIA A10G, 0 %, 0 %, 0 MiB, 23028 MiB
2026/02/25 17:13:49.092, 3, NVIDIA A10G, 0 %, 0 %, 0 MiB, 23028 MiB
2026/02/25 17:13:50.092, 0, NVIDIA A10G, 87 %, 57 %, 1781 MiB, 23028 MiB
2026/02/25 17:13:50.092, 1, NVIDIA A10G, 0 %, 0 %, 2415 MiB, 23028 MiB
2026/02/25 17:13:50.092, 2, NVIDIA A10G, 0 %, 0 %, 0 MiB, 23028 MiB
2026/02/25 17:13:50.092, 3, NVIDIA A10G, 0 %, 0 %, 0 MiB, 23028 MiB
2026/02/25 17:13:51.092, 0, NVIDIA A10G, 21 %, 7 %, 1781 MiB, 23028 MiB
2026/02/25 17:13:51.092, 1, NVIDIA A10G, 0 %, 0 %, 2415 MiB, 23028 MiB
2026/02/25 17:13:51.092, 2, NVIDIA A10G, 0 %, 0 %, 0 MiB, 23028 MiB
2026/02/25 17:13:51.092, 3, NVIDIA A10G, 0 %, 0 %, 0 MiB, 23028 MiB
2026/02/25 17:13:52.093, 0, NVIDIA A10G, 22 %, 8 %, 1781 MiB, 23028 MiB
2026/02/25 17:13:52.093, 1, NVIDIA A10G, 100 %, 74 %, 2415 MiB, 23028 MiB
2026/02/25 17:13:52.093, 2, NVIDIA A10G, 0 %, 0 %, 0 MiB, 23028 MiB
2026/02/25 17:13:52.093, 3, NVIDIA A10G, 0 %, 0 %, 0 MiB, 23028 MiB
2026/02/25 17:13:53.093, 0, NVIDIA A10G, 20 %, 7 %, 1781 MiB, 23028 MiB
2026/02/25 17:13:53.093, 1, NVIDIA A10G, 23 %, 9 %, 2415 MiB, 23028 MiB
2026/02/25 17:13:53.093, 2, NVIDIA A10G, 0 %, 0 %, 0 MiB, 23028 MiB
2026/02/25 17:13:53.093, 3, NVIDIA A10G, 0 %, 0 %, 0 MiB, 23028 MiB
2026/02/25 17:13:54.093, 0, NVIDIA A10G, 22 %, 8 %, 1781 MiB, 23028 MiB
2026/02/25 17:13:54.093, 1, NVIDIA A10G, 20 %, 7 %, 2415 MiB, 23028 MiB
2026/02/25 17:13:54.093, 2, NVIDIA A10G, 0 %, 0 %, 0 MiB, 23028 MiB
2026/02/25 17:13:54.093, 3, NVIDIA A10G, 0 %, 0 %, 0 MiB, 23028 MiB
2026/02/25 17:13:55.093, 0, NVIDIA A10G, 22 %, 8 %, 1781 MiB, 23028 MiB
2026/02/25 17:13:55.094, 1, NVIDIA A10G, 23 %, 9 %, 2415 MiB, 23028 MiB
2026/02/25 17:13:55.094, 2, NVIDIA A10G, 0 %, 0 %, 0 MiB, 23028 MiB
2026/02/25 17:13:55.094, 3, NVIDIA A10G, 0 %, 0 %, 0 MiB, 23028 MiB
2026/02/25 17:13:56.094, 0, NVIDIA A10G, 3 %, 1 %, 1781 MiB, 23028 MiB
2026/02/25 17:13:56.094, 1, NVIDIA A10G, 20 %, 6 %, 2415 MiB, 23028 MiB
2026/02/25 17:13:56.094, 2, NVIDIA A10G, 0 %, 0 %, 0 MiB, 23028 MiB
2026/02/25 17:13:56.094, 3, NVIDIA A10G, 0 %, 0 %, 0 MiB, 23028 MiB
2026/02/25 17:13:57.094, 0, NVIDIA A10G, 0 %, 0 %, 1781 MiB, 23028 MiB
2026/02/25 17:13:57.094, 1, NVIDIA A10G, 23 %, 8 %, 2415 MiB, 23028 MiB
2026/02/25 17:13:57.094, 2, NVIDIA A10G, 0 %, 0 %, 0 MiB, 23028 MiB
2026/02/25 17:13:57.094, 3, NVIDIA A10G, 0 %, 0 %, 0 MiB, 23028 MiB
2026/02/25 17:13:58.094, 0, NVIDIA A10G, 0 %, 0 %, 1781 MiB, 23028 MiB
2026/02/25 17:13:58.094, 1, NVIDIA A10G, 21 %, 7 %, 2415 MiB, 23028 MiB
2026/02/25 17:13:58.094, 2, NVIDIA A10G, 0 %, 0 %, 0 MiB, 23028 MiB
2026/02/25 17:13:58.095, 3, NVIDIA A10G, 0 %, 0 %, 0 MiB, 23028 MiB
2026/02/25 17:13:59.095, 0, NVIDIA A10G, 0 %, 0 %, 1781 MiB, 23028 MiB
2026/02/25 17:13:59.095, 1, NVIDIA A10G, 22 %, 7 %, 2415 MiB, 23028 MiB
2026/02/25 17:13:59.095, 2, NVIDIA A10G, 0 %, 0 %, 0 MiB, 23028 MiB
2026/02/25 17:13:59.095, 3, NVIDIA A10G, 0 %, 0 %, 0 MiB, 23028 MiB
2026/02/25 17:14:00.095, 0, NVIDIA A10G, 0 %, 0 %, 1781 MiB, 23028 MiB
2026/02/25 17:14:00.095, 1, NVIDIA A10G, 23 %, 8 %, 2415 MiB, 23028 MiB
2026/02/25 17:14:00.095, 2, NVIDIA A10G, 0 %, 0 %, 0 MiB, 23028 MiB
2026/02/25 17:14:00.095, 3, NVIDIA A10G, 0 %, 0 %, 0 MiB, 23028 MiB
2026/02/25 17:14:01.095, 0, NVIDIA A10G, 0 %, 0 %, 1781 MiB, 23028 MiB
2026/02/25 17:14:01.095, 1, NVIDIA A10G, 22 %, 8 %, 2415 MiB, 23028 MiB
2026/02/25 17:14:01.096, 2, NVIDIA A10G, 0 %, 0 %, 0 MiB, 23028 MiB
2026/02/25 17:14:01.096, 3, NVIDIA A10G, 0 %, 0 %, 0 MiB, 23028 MiB
2026/02/25 17:14:02.096, 0, NVIDIA A10G, 23 %, 9 %, 1781 MiB, 23028 MiB
2026/02/25 17:14:02.097, 1, NVIDIA A10G, 0 %, 0 %, 2415 MiB, 23028 MiB
2026/02/25 17:14:02.097, 2, NVIDIA A10G, 0 %, 0 %, 0 MiB, 23028 MiB
2026/02/25 17:14:02.097, 3, NVIDIA A10G, 0 %, 0 %, 0 MiB, 23028 MiB
2026/02/25 17:14:03.097, 0, NVIDIA A10G, 22 %, 8 %, 1781 MiB, 23028 MiB
2026/02/25 17:14:03.097, 1, NVIDIA A10G, 0 %, 0 %, 2415 MiB, 23028 MiB
2026/02/25 17:14:03.097, 2, NVIDIA A10G, 0 %, 0 %, 0 MiB, 23028 MiB
2026/02/25 17:14:03.097, 3, NVIDIA A10G, 0 %, 0 %, 0 MiB, 23028 MiB
2026/02/25 17:14:04.098, 0, NVIDIA A10G, 23 %, 8 %, 1781 MiB, 23028 MiB
2026/02/25 17:14:04.098, 1, NVIDIA A10G, 0 %, 0 %, 2415 MiB, 23028 MiB
2026/02/25 17:14:04.098, 2, NVIDIA A10G, 0 %, 0 %, 0 MiB, 23028 MiB
2026/02/25 17:14:04.098, 3, NVIDIA A10G, 0 %, 0 %, 0 MiB, 23028 MiB
2026/02/25 17:14:05.098, 0, NVIDIA A10G, 22 %, 8 %, 1781 MiB, 23028 MiB
2026/02/25 17:14:05.098, 1, NVIDIA A10G, 0 %, 0 %, 2415 MiB, 23028 MiB
2026/02/25 17:14:05.098, 2, NVIDIA A10G, 0 %, 0 %, 0 MiB, 23028 MiB
2026/02/25 17:14:05.098, 3, NVIDIA A10G, 0 %, 0 %, 0 MiB, 23028 MiB
2026/02/25 17:14:06.098, 0, NVIDIA A10G, 0 %, 0 %, 1781 MiB, 23028 MiB
2026/02/25 17:14:06.098, 1, NVIDIA A10G, 0 %, 0 %, 2415 MiB, 23028 MiB
2026/02/25 17:14:06.098, 2, NVIDIA A10G, 0 %, 0 %, 0 MiB, 23028 MiB
2026/02/25 17:14:06.098, 3, NVIDIA A10G, 0 %, 0 %, 0 MiB, 23028 MiB
2026/02/25 17:14:07.099, 0, NVIDIA A10G, 0 %, 0 %, 1781 MiB, 23028 MiB
2026/02/25 17:14:07.099, 1, NVIDIA A10G, 0 %, 0 %, 2415 MiB, 23028 MiB
2026/02/25 17:14:07.099, 2, NVIDIA A10G, 0 %, 0 %, 0 MiB, 23028 MiB
2026/02/25 17:14:07.099, 3, NVIDIA A10G, 0 %, 0 %, 0 MiB, 23028 MiB
2026/02/25 17:14:08.099, 0, NVIDIA A10G, 0 %, 0 %, 1781 MiB, 23028 MiB
2026/02/25 17:14:08.099, 1, NVIDIA A10G, 0 %, 0 %, 2415 MiB, 23028 MiB
2026/02/25 17:14:08.099, 2, NVIDIA A10G, 0 %, 0 %, 0 MiB, 23028 MiB
2026/02/25 17:14:08.099, 3, NVIDIA A10G, 0 %, 0 %, 0 MiB, 23028 MiB
2026/02/25 17:14:09.099, 0, NVIDIA A10G, 0 %, 0 %, 1781 MiB, 23028 MiB
2026/02/25 17:14:09.099, 1, NVIDIA A10G, 0 %, 0 %, 2415 MiB, 23028 MiB
2026/02/25 17:14:09.099, 2, NVIDIA A10G, 0 %, 0 %, 0 MiB, 23028 MiB
2026/02/25 17:14:09.100, 3, NVIDIA A10G, 0 %, 0 %, 0 MiB, 23028 MiB
2026/02/25 17:14:10.100, 0, NVIDIA A10G, 0 %, 0 %, 1781 MiB, 23028 MiB
2026/02/25 17:14:10.100, 1, NVIDIA A10G, 0 %, 0 %, 2415 MiB, 23028 MiB
2026/02/25 17:14:10.100, 2, NVIDIA A10G, 0 %, 0 %, 0 MiB, 23028 MiB
2026/02/25 17:14:10.100, 3, NVIDIA A10G, 0 %, 0 %, 0 MiB, 23028 MiB
2026/02/25 17:14:11.100, 0, NVIDIA A10G, 0 %, 0 %, 1781 MiB, 23028 MiB
2026/02/25 17:14:11.100, 1, NVIDIA A10G, 0 %, 0 %, 2415 MiB, 23028 MiB
2026/02/25 17:14:11.100, 2, NVIDIA A10G, 0 %, 0 %, 0 MiB, 23028 MiB
2026/02/25 17:14:11.100, 3, NVIDIA A10G, 0 %, 0 %, 0 MiB, 23028 MiB
2026/02/25 17:14:12.100, 0, NVIDIA A10G, 0 %, 0 %, 1781 MiB, 23028 MiB
2026/02/25 17:14:12.101, 1, NVIDIA A10G, 0 %, 0 %, 2415 MiB, 23028 MiB
2026/02/25 17:14:12.101, 2, NVIDIA A10G, 0 %, 0 %, 0 MiB, 23028 MiB
2026/02/25 17:14:12.101, 3, NVIDIA A10G, 0 %, 0 %, 0 MiB, 23028 MiB
2026/02/25 17:14:13.101, 0, NVIDIA A10G, 20 %, 6 %, 1781 MiB, 23028 MiB
2026/02/25 17:14:13.101, 1, NVIDIA A10G, 0 %, 0 %, 2415 MiB, 23028 MiB
2026/02/25 17:14:13.101, 2, NVIDIA A10G, 0 %, 0 %, 0 MiB, 23028 MiB
2026/02/25 17:14:13.101, 3, NVIDIA A10G, 0 %, 0 %, 0 MiB, 23028 MiB
2026/02/25 17:14:14.101, 0, NVIDIA A10G, 20 %, 7 %, 1781 MiB, 23028 MiB
2026/02/25 17:14:14.101, 1, NVIDIA A10G, 23 %, 8 %, 2415 MiB, 23028 MiB
2026/02/25 17:14:14.101, 2, NVIDIA A10G, 0 %, 0 %, 0 MiB, 23028 MiB
2026/02/25 17:14:14.101, 3, NVIDIA A10G, 0 %, 0 %, 0 MiB, 23028 MiB
2026/02/25 17:14:15.102, 0, NVIDIA A10G, 21 %, 7 %, 1781 MiB, 23028 MiB
2026/02/25 17:14:15.102, 1, NVIDIA A10G, 19 %, 6 %, 2415 MiB, 23028 MiB
2026/02/25 17:14:15.102, 2, NVIDIA A10G, 0 %, 0 %, 0 MiB, 23028 MiB
2026/02/25 17:14:15.102, 3, NVIDIA A10G, 0 %, 0 %, 0 MiB, 23028 MiB
2026/02/25 17:14:16.102, 0, NVIDIA A10G, 20 %, 7 %, 1781 MiB, 23028 MiB
2026/02/25 17:14:16.102, 1, NVIDIA A10G, 21 %, 7 %, 2415 MiB, 23028 MiB
2026/02/25 17:14:16.102, 2, NVIDIA A10G, 0 %, 0 %, 0 MiB, 23028 MiB
2026/02/25 17:14:16.102, 3, NVIDIA A10G, 0 %, 0 %, 0 MiB, 23028 MiB
2026/02/25 17:14:17.102, 0, NVIDIA A10G, 20 %, 7 %, 1781 MiB, 23028 MiB
2026/02/25 17:14:17.102, 1, NVIDIA A10G, 24 %, 9 %, 2415 MiB, 23028 MiB
2026/02/25 17:14:17.102, 2, NVIDIA A10G, 0 %, 0 %, 0 MiB, 23028 MiB
2026/02/25 17:14:17.102, 3, NVIDIA A10G, 0 %, 0 %, 0 MiB, 23028 MiB
2026/02/25 17:14:18.103, 0, NVIDIA A10G, 21 %, 7 %, 1781 MiB, 23028 MiB
2026/02/25 17:14:18.103, 1, NVIDIA A10G, 19 %, 6 %, 2415 MiB, 23028 MiB
2026/02/25 17:14:18.103, 2, NVIDIA A10G, 0 %, 0 %, 0 MiB, 23028 MiB
2026/02/25 17:14:18.103, 3, NVIDIA A10G, 0 %, 0 %, 0 MiB, 23028 MiB
2026/02/25 17:14:19.103, 0, NVIDIA A10G, 22 %, 8 %, 1781 MiB, 23028 MiB
2026/02/25 17:14:19.103, 1, NVIDIA A10G, 17 %, 5 %, 2415 MiB, 23028 MiB
2026/02/25 17:14:19.103, 2, NVIDIA A10G, 0 %, 0 %, 0 MiB, 23028 MiB
2026/02/25 17:14:19.103, 3, NVIDIA A10G, 0 %, 0 %, 0 MiB, 23028 MiB
2026/02/25 17:14:20.103, 0, NVIDIA A10G, 0 %, 0 %, 1781 MiB, 23028 MiB
2026/02/25 17:14:20.103, 1, NVIDIA A10G, 21 %, 7 %, 2415 MiB, 23028 MiB
2026/02/25 17:14:20.103, 2, NVIDIA A10G, 0 %, 0 %, 0 MiB, 23028 MiB
2026/02/25 17:14:20.103, 3, NVIDIA A10G, 0 %, 0 %, 0 MiB, 23028 MiB
2026/02/25 17:14:21.104, 0, NVIDIA A10G, 0 %, 0 %, 1781 MiB, 23028 MiB
2026/02/25 17:14:21.104, 1, NVIDIA A10G, 23 %, 8 %, 2415 MiB, 23028 MiB
2026/02/25 17:14:21.104, 2, NVIDIA A10G, 0 %, 0 %, 0 MiB, 23028 MiB
2026/02/25 17:14:21.104, 3, NVIDIA A10G, 0 %, 0 %, 0 MiB, 23028 MiB
2026/02/25 17:14:22.104, 0, NVIDIA A10G, 0 %, 0 %, 1781 MiB, 23028 MiB
2026/02/25 17:14:22.104, 1, NVIDIA A10G, 22 %, 7 %, 2415 MiB, 23028 MiB
2026/02/25 17:14:22.104, 2, NVIDIA A10G, 0 %, 0 %, 0 MiB, 23028 MiB
2026/02/25 17:14:22.104, 3, NVIDIA A10G, 0 %, 0 %, 0 MiB, 23028 MiB
2026/02/25 17:14:23.104, 0, NVIDIA A10G, 0 %, 0 %, 1781 MiB, 23028 MiB
2026/02/25 17:14:23.104, 1, NVIDIA A10G, 22 %, 7 %, 2415 MiB, 23028 MiB
2026/02/25 17:14:23.104, 2, NVIDIA A10G, 0 %, 0 %, 0 MiB, 23028 MiB
2026/02/25 17:14:23.104, 3, NVIDIA A10G, 0 %, 0 %, 0 MiB, 23028 MiB
2026/02/25 17:14:24.104, 0, NVIDIA A10G, 0 %, 0 %, 1781 MiB, 23028 MiB
2026/02/25 17:14:24.104, 1, NVIDIA A10G, 23 %, 8 %, 2415 MiB, 23028 MiB
2026/02/25 17:14:24.104, 2, NVIDIA A10G, 0 %, 0 %, 0 MiB, 23028 MiB
2026/02/25 17:14:24.105, 3, NVIDIA A10G, 0 %, 0 %, 0 MiB, 23028 MiB
2026/02/25 17:14:25.105, 0, NVIDIA A10G, 0 %, 0 %, 1781 MiB, 23028 MiB
2026/02/25 17:14:25.105, 1, NVIDIA A10G, 23 %, 8 %, 2415 MiB, 23028 MiB
2026/02/25 17:14:25.105, 2, NVIDIA A10G, 0 %, 0 %, 0 MiB, 23028 MiB
2026/02/25 17:14:25.105, 3, NVIDIA A10G, 0 %, 0 %, 0 MiB, 23028 MiB
2026/02/25 17:14:26.105, 0, NVIDIA A10G, 0 %, 0 %, 1781 MiB, 23028 MiB
2026/02/25 17:14:26.105, 1, NVIDIA A10G, 0 %, 0 %, 2415 MiB, 23028 MiB
2026/02/25 17:14:26.105, 2, NVIDIA A10G, 0 %, 0 %, 0 MiB, 23028 MiB
2026/02/25 17:14:26.105, 3, NVIDIA A10G, 0 %, 0 %, 0 MiB, 23028 MiB
2026/02/25 17:14:27.105, 0, NVIDIA A10G, 0 %, 0 %, 1781 MiB, 23028 MiB
2026/02/25 17:14:27.105, 1, NVIDIA A10G, 0 %, 0 %, 2415 MiB, 23028 MiB
2026/02/25 17:14:27.105, 2, NVIDIA A10G, 0 %, 0 %, 0 MiB, 23028 MiB
2026/02/25 17:14:27.105, 3, NVIDIA A10G, 0 %, 0 %, 0 MiB, 23028 MiB
2026/02/25 17:14:28.106, 0, NVIDIA A10G, 0 %, 0 %, 1781 MiB, 23028 MiB
2026/02/25 17:14:28.106, 1, NVIDIA A10G, 0 %, 0 %, 2415 MiB, 23028 MiB
2026/02/25 17:14:28.106, 2, NVIDIA A10G, 0 %, 0 %, 0 MiB, 23028 MiB
2026/02/25 17:14:28.106, 3, NVIDIA A10G, 0 %, 0 %, 0 MiB, 23028 MiB
2026/02/25 17:14:29.106, 0, NVIDIA A10G, 0 %, 0 %, 1781 MiB, 23028 MiB
2026/02/25 17:14:29.106, 1, NVIDIA A10G, 0 %, 0 %, 2415 MiB, 23028 MiB
2026/02/25 17:14:29.106, 2, NVIDIA A10G, 0 %, 0 %, 0 MiB, 23028 MiB
2026/02/25 17:14:29.106, 3, NVIDIA A10G, 0 %, 0 %, 0 MiB, 23028 MiB
2026/02/25 17:14:30.106, 0, NVIDIA A10G, 86 %, 54 %, 1781 MiB, 23028 MiB
2026/02/25 17:14:30.106, 1, NVIDIA A10G, 0 %, 0 %, 2415 MiB, 23028 MiB
2026/02/25 17:14:30.106, 2, NVIDIA A10G, 0 %, 0 %, 0 MiB, 23028 MiB
2026/02/25 17:14:30.107, 3, NVIDIA A10G, 0 %, 0 %, 0 MiB, 23028 MiB
2026/02/25 17:14:31.107, 0, NVIDIA A10G, 22 %, 8 %, 1781 MiB, 23028 MiB
2026/02/25 17:14:31.107, 1, NVIDIA A10G, 0 %, 0 %, 2415 MiB, 23028 MiB
2026/02/25 17:14:31.107, 2, NVIDIA A10G, 0 %, 0 %, 0 MiB, 23028 MiB
2026/02/25 17:14:31.107, 3, NVIDIA A10G, 0 %, 0 %, 0 MiB, 23028 MiB
2026/02/25 17:14:32.107, 0, NVIDIA A10G, 21 %, 7 %, 1781 MiB, 23028 MiB
2026/02/25 17:14:32.108, 1, NVIDIA A10G, 0 %, 0 %, 2415 MiB, 23028 MiB
2026/02/25 17:14:32.108, 2, NVIDIA A10G, 0 %, 0 %, 0 MiB, 23028 MiB
2026/02/25 17:14:32.109, 3, NVIDIA A10G, 0 %, 0 %, 0 MiB, 23028 MiB
2026/02/25 17:14:33.109, 0, NVIDIA A10G, 22 %, 7 %, 1781 MiB, 23028 MiB
2026/02/25 17:14:33.109, 1, NVIDIA A10G, 0 %, 0 %, 2415 MiB, 23028 MiB
2026/02/25 17:14:33.109, 2, NVIDIA A10G, 0 %, 0 %, 0 MiB, 23028 MiB
2026/02/25 17:14:33.109, 3, NVIDIA A10G, 0 %, 0 %, 0 MiB, 23028 MiB
2026/02/25 17:14:34.109, 0, NVIDIA A10G, 23 %, 8 %, 1781 MiB, 23028 MiB
2026/02/25 17:14:34.109, 1, NVIDIA A10G, 0 %, 0 %, 2415 MiB, 23028 MiB
2026/02/25 17:14:34.109, 2, NVIDIA A10G, 0 %, 0 %, 0 MiB, 23028 MiB
2026/02/25 17:14:34.109, 3, NVIDIA A10G, 0 %, 0 %, 0 MiB, 23028 MiB
2026/02/25 17:14:35.109, 0, NVIDIA A10G, 22 %, 7 %, 1781 MiB, 23028 MiB
2026/02/25 17:14:35.109, 1, NVIDIA A10G, 0 %, 0 %, 2415 MiB, 23028 MiB
2026/02/25 17:14:35.109, 2, NVIDIA A10G, 0 %, 0 %, 0 MiB, 23028 MiB
2026/02/25 17:14:35.110, 3, NVIDIA A10G, 0 %, 0 %, 0 MiB, 23028 MiB
2026/02/25 17:14:36.110, 0, NVIDIA A10G, 18 %, 7 %, 1781 MiB, 23028 MiB
2026/02/25 17:14:36.110, 1, NVIDIA A10G, 100 %, 71 %, 2415 MiB, 23028 MiB
2026/02/25 17:14:36.110, 2, NVIDIA A10G, 0 %, 0 %, 0 MiB, 23028 MiB
2026/02/25 17:14:36.110, 3, NVIDIA A10G, 0 %, 0 %, 0 MiB, 23028 MiB
2026/02/25 17:14:37.110, 0, NVIDIA A10G, 20 %, 7 %, 1781 MiB, 23028 MiB
2026/02/25 17:14:37.110, 1, NVIDIA A10G, 24 %, 10 %, 2415 MiB, 23028 MiB
2026/02/25 17:14:37.110, 2, NVIDIA A10G, 0 %, 0 %, 0 MiB, 23028 MiB
2026/02/25 17:14:37.110, 3, NVIDIA A10G, 0 %, 0 %, 0 MiB, 23028 MiB
2026/02/25 17:14:38.110, 0, NVIDIA A10G, 21 %, 7 %, 1781 MiB, 23028 MiB
2026/02/25 17:14:38.110, 1, NVIDIA A10G, 22 %, 8 %, 2415 MiB, 23028 MiB
2026/02/25 17:14:38.110, 2, NVIDIA A10G, 0 %, 0 %, 0 MiB, 23028 MiB
2026/02/25 17:14:38.111, 3, NVIDIA A10G, 0 %, 0 %, 0 MiB, 23028 MiB
2026/02/25 17:14:39.111, 0, NVIDIA A10G, 21 %, 7 %, 1781 MiB, 23028 MiB
2026/02/25 17:14:39.111, 1, NVIDIA A10G, 22 %, 7 %, 2415 MiB, 23028 MiB
2026/02/25 17:14:39.111, 2, NVIDIA A10G, 0 %, 0 %, 0 MiB, 23028 MiB
2026/02/25 17:14:39.111, 3, NVIDIA A10G, 0 %, 0 %, 0 MiB, 23028 MiB
2026/02/25 17:14:40.111, 0, NVIDIA A10G, 21 %, 7 %, 1781 MiB, 23028 MiB
2026/02/25 17:14:40.111, 1, NVIDIA A10G, 24 %, 9 %, 2415 MiB, 23028 MiB
2026/02/25 17:14:40.111, 2, NVIDIA A10G, 0 %, 0 %, 0 MiB, 23028 MiB
2026/02/25 17:14:40.111, 3, NVIDIA A10G, 0 %, 0 %, 0 MiB, 23028 MiB
2026/02/25 17:14:41.111, 0, NVIDIA A10G, 19 %, 6 %, 1781 MiB, 23028 MiB
2026/02/25 17:14:41.111, 1, NVIDIA A10G, 19 %, 6 %, 2415 MiB, 23028 MiB
2026/02/25 17:14:41.112, 2, NVIDIA A10G, 0 %, 0 %, 0 MiB, 23028 MiB
2026/02/25 17:14:41.112, 3, NVIDIA A10G, 0 %, 0 %, 0 MiB, 23028 MiB
2026/02/25 17:14:42.112, 0, NVIDIA A10G, 0 %, 0 %, 1781 MiB, 23028 MiB
2026/02/25 17:14:42.112, 1, NVIDIA A10G, 20 %, 7 %, 2415 MiB, 23028 MiB
2026/02/25 17:14:42.112, 2, NVIDIA A10G, 0 %, 0 %, 0 MiB, 23028 MiB
2026/02/25 17:14:42.112, 3, NVIDIA A10G, 0 %, 0 %, 0 MiB, 23028 MiB
2026/02/25 17:14:43.112, 0, NVIDIA A10G, 0 %, 0 %, 1781 MiB, 23028 MiB
2026/02/25 17:14:43.112, 1, NVIDIA A10G, 19 %, 6 %, 2415 MiB, 23028 MiB
2026/02/25 17:14:43.112, 2, NVIDIA A10G, 0 %, 0 %, 0 MiB, 23028 MiB
2026/02/25 17:14:43.112, 3, NVIDIA A10G, 0 %, 0 %, 0 MiB, 23028 MiB
2026/02/25 17:14:44.112, 0, NVIDIA A10G, 0 %, 0 %, 1781 MiB, 23028 MiB
2026/02/25 17:14:44.112, 1, NVIDIA A10G, 20 %, 8 %, 2415 MiB, 23028 MiB
2026/02/25 17:14:44.112, 2, NVIDIA A10G, 0 %, 0 %, 0 MiB, 23028 MiB
2026/02/25 17:14:44.112, 3, NVIDIA A10G, 0 %, 0 %, 0 MiB, 23028 MiB
2026/02/25 17:14:45.113, 0, NVIDIA A10G, 0 %, 0 %, 1781 MiB, 23028 MiB
2026/02/25 17:14:45.113, 1, NVIDIA A10G, 23 %, 8 %, 2415 MiB, 23028 MiB
2026/02/25 17:14:45.113, 2, NVIDIA A10G, 0 %, 0 %, 0 MiB, 23028 MiB
2026/02/25 17:14:45.113, 3, NVIDIA A10G, 0 %, 0 %, 0 MiB, 23028 MiB
2026/02/25 17:14:46.113, 0, NVIDIA A10G, 0 %, 0 %, 1781 MiB, 23028 MiB
2026/02/25 17:14:46.113, 1, NVIDIA A10G, 20 %, 6 %, 2415 MiB, 23028 MiB
2026/02/25 17:14:46.113, 2, NVIDIA A10G, 0 %, 0 %, 0 MiB, 23028 MiB
2026/02/25 17:14:46.113, 3, NVIDIA A10G, 0 %, 0 %, 0 MiB, 23028 MiB
2026/02/25 17:14:47.113, 0, NVIDIA A10G, 20 %, 7 %, 1781 MiB, 23028 MiB
2026/02/25 17:14:47.114, 1, NVIDIA A10G, 22 %, 8 %, 2415 MiB, 23028 MiB
2026/02/25 17:14:47.114, 2, NVIDIA A10G, 0 %, 0 %, 0 MiB, 23028 MiB
2026/02/25 17:14:47.114, 3, NVIDIA A10G, 0 %, 0 %, 0 MiB, 23028 MiB
2026/02/25 17:14:48.114, 0, NVIDIA A10G, 23 %, 8 %, 1781 MiB, 23028 MiB
2026/02/25 17:14:48.114, 1, NVIDIA A10G, 0 %, 0 %, 2415 MiB, 23028 MiB
2026/02/25 17:14:48.114, 2, NVIDIA A10G, 0 %, 0 %, 0 MiB, 23028 MiB
2026/02/25 17:14:48.114, 3, NVIDIA A10G, 0 %, 0 %, 0 MiB, 23028 MiB
2026/02/25 17:14:49.114, 0, NVIDIA A10G, 22 %, 7 %, 1781 MiB, 23028 MiB
2026/02/25 17:14:49.114, 1, NVIDIA A10G, 0 %, 0 %, 2415 MiB, 23028 MiB
2026/02/25 17:14:49.114, 2, NVIDIA A10G, 0 %, 0 %, 0 MiB, 23028 MiB
2026/02/25 17:14:49.114, 3, NVIDIA A10G, 0 %, 0 %, 0 MiB, 23028 MiB
2026/02/25 17:14:50.114, 0, NVIDIA A10G, 20 %, 7 %, 1781 MiB, 23028 MiB
2026/02/25 17:14:50.115, 1, NVIDIA A10G, 0 %, 0 %, 2415 MiB, 23028 MiB
2026/02/25 17:14:50.115, 2, NVIDIA A10G, 0 %, 0 %, 0 MiB, 23028 MiB
2026/02/25 17:14:50.115, 3, NVIDIA A10G, 0 %, 0 %, 0 MiB, 23028 MiB
2026/02/25 17:14:51.115, 0, NVIDIA A10G, 23 %, 8 %, 1781 MiB, 23028 MiB
2026/02/25 17:14:51.115, 1, NVIDIA A10G, 0 %, 0 %, 2415 MiB, 23028 MiB
2026/02/25 17:14:51.115, 2, NVIDIA A10G, 0 %, 0 %, 0 MiB, 23028 MiB
2026/02/25 17:14:51.115, 3, NVIDIA A10G, 0 %, 0 %, 0 MiB, 23028 MiB
2026/02/25 17:14:52.115, 0, NVIDIA A10G, 22 %, 8 %, 1781 MiB, 23028 MiB
2026/02/25 17:14:52.115, 1, NVIDIA A10G, 0 %, 0 %, 2415 MiB, 23028 MiB
2026/02/25 17:14:52.115, 2, NVIDIA A10G, 0 %, 0 %, 0 MiB, 23028 MiB
2026/02/25 17:14:52.115, 3, NVIDIA A10G, 0 %, 0 %, 0 MiB, 23028 MiB
2026/02/25 17:14:53.115, 0, NVIDIA A10G, 0 %, 0 %, 1781 MiB, 23028 MiB
2026/02/25 17:14:53.116, 1, NVIDIA A10G, 0 %, 0 %, 2415 MiB, 23028 MiB
2026/02/25 17:14:53.116, 2, NVIDIA A10G, 0 %, 0 %, 0 MiB, 23028 MiB
2026/02/25 17:14:53.116, 3, NVIDIA A10G, 0 %, 0 %, 0 MiB, 23028 MiB
2026/02/25 17:14:54.116, 0, NVIDIA A10G, 0 %, 0 %, 1781 MiB, 23028 MiB
2026/02/25 17:14:54.116, 1, NVIDIA A10G, 0 %, 0 %, 2415 MiB, 23028 MiB
2026/02/25 17:14:54.116, 2, NVIDIA A10G, 0 %, 0 %, 0 MiB, 23028 MiB
2026/02/25 17:14:54.116, 3, NVIDIA A10G, 0 %, 0 %, 0 MiB, 23028 MiB
2026/02/25 17:14:55.116, 0, NVIDIA A10G, 0 %, 0 %, 1781 MiB, 23028 MiB
2026/02/25 17:14:55.116, 1, NVIDIA A10G, 0 %, 0 %, 2415 MiB, 23028 MiB
2026/02/25 17:14:55.116, 2, NVIDIA A10G, 0 %, 0 %, 0 MiB, 23028 MiB
2026/02/25 17:14:55.116, 3, NVIDIA A10G, 0 %, 0 %, 0 MiB, 23028 MiB
2026/02/25 17:14:56.116, 0, NVIDIA A10G, 0 %, 0 %, 1781 MiB, 23028 MiB
2026/02/25 17:14:56.116, 1, NVIDIA A10G, 0 %, 0 %, 2415 MiB, 23028 MiB
2026/02/25 17:14:56.116, 2, NVIDIA A10G, 0 %, 0 %, 0 MiB, 23028 MiB
2026/02/25 17:14:56.116, 3, NVIDIA A10G, 0 %, 0 %, 0 MiB, 23028 MiB
2026/02/25 17:14:57.117, 0, NVIDIA A10G, 60 %, 36 %, 1781 MiB, 23028 MiB
2026/02/25 17:14:57.117, 1, NVIDIA A10G, 0 %, 0 %, 2415 MiB, 23028 MiB
2026/02/25 17:14:57.117, 2, NVIDIA A10G, 0 %, 0 %, 0 MiB, 23028 MiB
2026/02/25 17:14:57.117, 3, NVIDIA A10G, 0 %, 0 %, 0 MiB, 23028 MiB
2026/02/25 17:14:58.117, 0, NVIDIA A10G, 17 %, 5 %, 1781 MiB, 23028 MiB
2026/02/25 17:14:58.117, 1, NVIDIA A10G, 0 %, 0 %, 2415 MiB, 23028 MiB
2026/02/25 17:14:58.117, 2, NVIDIA A10G, 0 %, 0 %, 0 MiB, 23028 MiB
2026/02/25 17:14:58.117, 3, NVIDIA A10G, 0 %, 0 %, 0 MiB, 23028 MiB
2026/02/25 17:14:59.117, 0, NVIDIA A10G, 20 %, 6 %, 1781 MiB, 23028 MiB
2026/02/25 17:14:59.117, 1, NVIDIA A10G, 27 %, 17 %, 2415 MiB, 23028 MiB
2026/02/25 17:14:59.117, 2, NVIDIA A10G, 0 %, 0 %, 0 MiB, 23028 MiB
2026/02/25 17:14:59.117, 3, NVIDIA A10G, 0 %, 0 %, 0 MiB, 23028 MiB
2026/02/25 17:15:00.117, 0, NVIDIA A10G, 22 %, 8 %, 1781 MiB, 23028 MiB
2026/02/25 17:15:00.117, 1, NVIDIA A10G, 23 %, 8 %, 2415 MiB, 23028 MiB
2026/02/25 17:15:00.118, 2, NVIDIA A10G, 0 %, 0 %, 0 MiB, 23028 MiB
2026/02/25 17:15:00.118, 3, NVIDIA A10G, 0 %, 0 %, 0 MiB, 23028 MiB
2026/02/25 17:15:01.118, 0, NVIDIA A10G, 18 %, 6 %, 1781 MiB, 23028 MiB
2026/02/25 17:15:01.118, 1, NVIDIA A10G, 23 %, 8 %, 2415 MiB, 23028 MiB
2026/02/25 17:15:01.118, 2, NVIDIA A10G, 0 %, 0 %, 0 MiB, 23028 MiB
2026/02/25 17:15:01.118, 3, NVIDIA A10G, 0 %, 0 %, 0 MiB, 23028 MiB
2026/02/25 17:15:02.118, 0, NVIDIA A10G, 18 %, 6 %, 1781 MiB, 23028 MiB
2026/02/25 17:15:02.120, 1, NVIDIA A10G, 21 %, 8 %, 2415 MiB, 23028 MiB
2026/02/25 17:15:02.120, 2, NVIDIA A10G, 0 %, 0 %, 0 MiB, 23028 MiB
2026/02/25 17:15:02.120, 3, NVIDIA A10G, 0 %, 0 %, 0 MiB, 23028 MiB
2026/02/25 17:15:03.120, 0, NVIDIA A10G, 0 %, 0 %, 1781 MiB, 23028 MiB
2026/02/25 17:15:03.120, 1, NVIDIA A10G, 21 %, 7 %, 2415 MiB, 23028 MiB
2026/02/25 17:15:03.120, 2, NVIDIA A10G, 0 %, 0 %, 0 MiB, 23028 MiB
2026/02/25 17:15:03.120, 3, NVIDIA A10G, 0 %, 0 %, 0 MiB, 23028 MiB
2026/02/25 17:15:04.120, 0, NVIDIA A10G, 0 %, 0 %, 1781 MiB, 23028 MiB
2026/02/25 17:15:04.120, 1, NVIDIA A10G, 22 %, 8 %, 2415 MiB, 23028 MiB
2026/02/25 17:15:04.120, 2, NVIDIA A10G, 0 %, 0 %, 0 MiB, 23028 MiB
2026/02/25 17:15:04.120, 3, NVIDIA A10G, 0 %, 0 %, 0 MiB, 23028 MiB
2026/02/25 17:15:05.121, 0, NVIDIA A10G, 21 %, 8 %, 1781 MiB, 23028 MiB
2026/02/25 17:15:05.121, 1, NVIDIA A10G, 20 %, 6 %, 2415 MiB, 23028 MiB
2026/02/25 17:15:05.121, 2, NVIDIA A10G, 0 %, 0 %, 0 MiB, 23028 MiB
2026/02/25 17:15:05.121, 3, NVIDIA A10G, 0 %, 0 %, 0 MiB, 23028 MiB
2026/02/25 17:15:06.121, 0, NVIDIA A10G, 0 %, 0 %, 1781 MiB, 23028 MiB
2026/02/25 17:15:06.121, 1, NVIDIA A10G, 20 %, 7 %, 2415 MiB, 23028 MiB
2026/02/25 17:15:06.121, 2, NVIDIA A10G, 0 %, 0 %, 0 MiB, 23028 MiB
2026/02/25 17:15:06.121, 3, NVIDIA A10G, 0 %, 0 %, 0 MiB, 23028 MiB
2026/02/25 17:15:07.121, 0, NVIDIA A10G, 0 %, 0 %, 1781 MiB, 23028 MiB
2026/02/25 17:15:07.121, 1, NVIDIA A10G, 21 %, 8 %, 2415 MiB, 23028 MiB
2026/02/25 17:15:07.121, 2, NVIDIA A10G, 0 %, 0 %, 0 MiB, 23028 MiB
2026/02/25 17:15:07.121, 3, NVIDIA A10G, 0 %, 0 %, 0 MiB, 23028 MiB
2026/02/25 17:15:08.121, 0, NVIDIA A10G, 0 %, 0 %, 1781 MiB, 23028 MiB
2026/02/25 17:15:08.122, 1, NVIDIA A10G, 22 %, 8 %, 2415 MiB, 23028 MiB
2026/02/25 17:15:08.122, 2, NVIDIA A10G, 0 %, 0 %, 0 MiB, 23028 MiB
2026/02/25 17:15:08.122, 3, NVIDIA A10G, 0 %, 0 %, 0 MiB, 23028 MiB
2026/02/25 17:15:09.122, 0, NVIDIA A10G, 0 %, 0 %, 1781 MiB, 23028 MiB
2026/02/25 17:15:09.122, 1, NVIDIA A10G, 21 %, 7 %, 2415 MiB, 23028 MiB
2026/02/25 17:15:09.122, 2, NVIDIA A10G, 0 %, 0 %, 0 MiB, 23028 MiB
2026/02/25 17:15:09.122, 3, NVIDIA A10G, 0 %, 0 %, 0 MiB, 23028 MiB
2026/02/25 17:15:10.122, 0, NVIDIA A10G, 0 %, 0 %, 1781 MiB, 23028 MiB
2026/02/25 17:15:10.122, 1, NVIDIA A10G, 22 %, 8 %, 2415 MiB, 23028 MiB
2026/02/25 17:15:10.122, 2, NVIDIA A10G, 0 %, 0 %, 0 MiB, 23028 MiB
2026/02/25 17:15:10.122, 3, NVIDIA A10G, 0 %, 0 %, 0 MiB, 23028 MiB
2026/02/25 17:15:11.122, 0, NVIDIA A10G, 0 %, 0 %, 1781 MiB, 23028 MiB
2026/02/25 17:15:11.122, 1, NVIDIA A10G, 23 %, 8 %, 2415 MiB, 23028 MiB
2026/02/25 17:15:11.122, 2, NVIDIA A10G, 0 %, 0 %, 0 MiB, 23028 MiB
2026/02/25 17:15:11.123, 3, NVIDIA A10G, 0 %, 0 %, 0 MiB, 23028 MiB
2026/02/25 17:15:12.123, 0, NVIDIA A10G, 22 %, 8 %, 1781 MiB, 23028 MiB
2026/02/25 17:15:12.123, 1, NVIDIA A10G, 0 %, 0 %, 2415 MiB, 23028 MiB
2026/02/25 17:15:12.123, 2, NVIDIA A10G, 0 %, 0 %, 0 MiB, 23028 MiB
2026/02/25 17:15:12.123, 3, NVIDIA A10G, 0 %, 0 %, 0 MiB, 23028 MiB
2026/02/25 17:15:13.123, 0, NVIDIA A10G, 20 %, 7 %, 1781 MiB, 23028 MiB
2026/02/25 17:15:13.123, 1, NVIDIA A10G, 0 %, 0 %, 2415 MiB, 23028 MiB
2026/02/25 17:15:13.123, 2, NVIDIA A10G, 0 %, 0 %, 0 MiB, 23028 MiB
2026/02/25 17:15:13.123, 3, NVIDIA A10G, 0 %, 0 %, 0 MiB, 23028 MiB
2026/02/25 17:15:14.123, 0, NVIDIA A10G, 22 %, 7 %, 1781 MiB, 23028 MiB
2026/02/25 17:15:14.123, 1, NVIDIA A10G, 0 %, 0 %, 2415 MiB, 23028 MiB
2026/02/25 17:15:14.123, 2, NVIDIA A10G, 0 %, 0 %, 0 MiB, 23028 MiB
2026/02/25 17:15:14.123, 3, NVIDIA A10G, 0 %, 0 %, 0 MiB, 23028 MiB
2026/02/25 17:15:15.123, 0, NVIDIA A10G, 22 %, 7 %, 1781 MiB, 23028 MiB
2026/02/25 17:15:15.124, 1, NVIDIA A10G, 0 %, 0 %, 2415 MiB, 23028 MiB
2026/02/25 17:15:15.124, 2, NVIDIA A10G, 0 %, 0 %, 0 MiB, 23028 MiB
2026/02/25 17:15:15.124, 3, NVIDIA A10G, 0 %, 0 %, 0 MiB, 23028 MiB
2026/02/25 17:15:16.124, 0, NVIDIA A10G, 23 %, 9 %, 1781 MiB, 23028 MiB
2026/02/25 17:15:16.124, 1, NVIDIA A10G, 17 %, 5 %, 2415 MiB, 23028 MiB
2026/02/25 17:15:16.124, 2, NVIDIA A10G, 0 %, 0 %, 0 MiB, 23028 MiB
2026/02/25 17:15:16.124, 3, NVIDIA A10G, 0 %, 0 %, 0 MiB, 23028 MiB
2026/02/25 17:15:17.124, 0, NVIDIA A10G, 0 %, 0 %, 1781 MiB, 23028 MiB
2026/02/25 17:15:17.124, 1, NVIDIA A10G, 22 %, 7 %, 2415 MiB, 23028 MiB
2026/02/25 17:15:17.124, 2, NVIDIA A10G, 0 %, 0 %, 0 MiB, 23028 MiB
2026/02/25 17:15:17.124, 3, NVIDIA A10G, 0 %, 0 %, 0 MiB, 23028 MiB
2026/02/25 17:15:18.125, 0, NVIDIA A10G, 0 %, 0 %, 1781 MiB, 23028 MiB
2026/02/25 17:15:18.125, 1, NVIDIA A10G, 23 %, 7 %, 2415 MiB, 23028 MiB
2026/02/25 17:15:18.125, 2, NVIDIA A10G, 0 %, 0 %, 0 MiB, 23028 MiB
2026/02/25 17:15:18.125, 3, NVIDIA A10G, 0 %, 0 %, 0 MiB, 23028 MiB
2026/02/25 17:15:19.125, 0, NVIDIA A10G, 0 %, 0 %, 1781 MiB, 23028 MiB
2026/02/25 17:15:19.125, 1, NVIDIA A10G, 21 %, 7 %, 2415 MiB, 23028 MiB
2026/02/25 17:15:19.125, 2, NVIDIA A10G, 0 %, 0 %, 0 MiB, 23028 MiB
2026/02/25 17:15:19.125, 3, NVIDIA A10G, 0 %, 0 %, 0 MiB, 23028 MiB
2026/02/25 17:15:20.125, 0, NVIDIA A10G, 4 %, 1 %, 1781 MiB, 23028 MiB
2026/02/25 17:15:20.125, 1, NVIDIA A10G, 18 %, 6 %, 2415 MiB, 23028 MiB
2026/02/25 17:15:20.125, 2, NVIDIA A10G, 0 %, 0 %, 0 MiB, 23028 MiB
2026/02/25 17:15:20.125, 3, NVIDIA A10G, 0 %, 0 %, 0 MiB, 23028 MiB
2026/02/25 17:15:21.125, 0, NVIDIA A10G, 21 %, 7 %, 1781 MiB, 23028 MiB
2026/02/25 17:15:21.126, 1, NVIDIA A10G, 0 %, 0 %, 2415 MiB, 23028 MiB
2026/02/25 17:15:21.126, 2, NVIDIA A10G, 0 %, 0 %, 0 MiB, 23028 MiB
2026/02/25 17:15:21.126, 3, NVIDIA A10G, 0 %, 0 %, 0 MiB, 23028 MiB
2026/02/25 17:15:22.126, 0, NVIDIA A10G, 23 %, 8 %, 1781 MiB, 23028 MiB
2026/02/25 17:15:22.126, 1, NVIDIA A10G, 0 %, 0 %, 2415 MiB, 23028 MiB
2026/02/25 17:15:22.126, 2, NVIDIA A10G, 0 %, 0 %, 0 MiB, 23028 MiB
2026/02/25 17:15:22.126, 3, NVIDIA A10G, 0 %, 0 %, 0 MiB, 23028 MiB
2026/02/25 17:15:23.126, 0, NVIDIA A10G, 21 %, 7 %, 1781 MiB, 23028 MiB
2026/02/25 17:15:23.126, 1, NVIDIA A10G, 0 %, 0 %, 2415 MiB, 23028 MiB
2026/02/25 17:15:23.126, 2, NVIDIA A10G, 0 %, 0 %, 0 MiB, 23028 MiB
2026/02/25 17:15:23.126, 3, NVIDIA A10G, 0 %, 0 %, 0 MiB, 23028 MiB
2026/02/25 17:15:24.127, 0, NVIDIA A10G, 0 %, 0 %, 1781 MiB, 23028 MiB
2026/02/25 17:15:24.127, 1, NVIDIA A10G, 0 %, 0 %, 2415 MiB, 23028 MiB
2026/02/25 17:15:24.127, 2, NVIDIA A10G, 0 %, 0 %, 0 MiB, 23028 MiB
2026/02/25 17:15:24.127, 3, NVIDIA A10G, 0 %, 0 %, 0 MiB, 23028 MiB
2026/02/25 17:15:25.127, 0, NVIDIA A10G, 0 %, 0 %, 1781 MiB, 23028 MiB
2026/02/25 17:15:25.127, 1, NVIDIA A10G, 0 %, 0 %, 2415 MiB, 23028 MiB
2026/02/25 17:15:25.127, 2, NVIDIA A10G, 0 %, 0 %, 0 MiB, 23028 MiB
2026/02/25 17:15:25.127, 3, NVIDIA A10G, 0 %, 0 %, 0 MiB, 23028 MiB
2026/02/25 17:15:26.127, 0, NVIDIA A10G, 0 %, 0 %, 1781 MiB, 23028 MiB
2026/02/25 17:15:26.127, 1, NVIDIA A10G, 0 %, 0 %, 2415 MiB, 23028 MiB
2026/02/25 17:15:26.127, 2, NVIDIA A10G, 0 %, 0 %, 0 MiB, 23028 MiB
2026/02/25 17:15:26.127, 3, NVIDIA A10G, 0 %, 0 %, 0 MiB, 23028 MiB
2026/02/25 17:15:27.128, 0, NVIDIA A10G, 0 %, 0 %, 1781 MiB, 23028 MiB
2026/02/25 17:15:27.128, 1, NVIDIA A10G, 0 %, 0 %, 2415 MiB, 23028 MiB
2026/02/25 17:15:27.128, 2, NVIDIA A10G, 0 %, 0 %, 0 MiB, 23028 MiB
2026/02/25 17:15:27.128, 3, NVIDIA A10G, 0 %, 0 %, 0 MiB, 23028 MiB
2026/02/25 17:15:28.128, 0, NVIDIA A10G, 0 %, 0 %, 1781 MiB, 23028 MiB
2026/02/25 17:15:28.128, 1, NVIDIA A10G, 0 %, 0 %, 2415 MiB, 23028 MiB
2026/02/25 17:15:28.128, 2, NVIDIA A10G, 0 %, 0 %, 0 MiB, 23028 MiB
2026/02/25 17:15:28.128, 3, NVIDIA A10G, 0 %, 0 %, 0 MiB, 23028 MiB
2026/02/25 17:15:29.128, 0, NVIDIA A10G, 0 %, 0 %, 1781 MiB, 23028 MiB
2026/02/25 17:15:29.128, 1, NVIDIA A10G, 54 %, 36 %, 2415 MiB, 23028 MiB
2026/02/25 17:15:29.128, 2, NVIDIA A10G, 0 %, 0 %, 0 MiB, 23028 MiB
2026/02/25 17:15:29.128, 3, NVIDIA A10G, 0 %, 0 %, 0 MiB, 23028 MiB
2026/02/25 17:15:30.129, 0, NVIDIA A10G, 0 %, 0 %, 1781 MiB, 23028 MiB
2026/02/25 17:15:30.129, 1, NVIDIA A10G, 22 %, 8 %, 2415 MiB, 23028 MiB
2026/02/25 17:15:30.129, 2, NVIDIA A10G, 0 %, 0 %, 0 MiB, 23028 MiB
2026/02/25 17:15:30.129, 3, NVIDIA A10G, 0 %, 0 %, 0 MiB, 23028 MiB
2026/02/25 17:15:31.129, 0, NVIDIA A10G, 76 %, 51 %, 1781 MiB, 23028 MiB
2026/02/25 17:15:31.129, 1, NVIDIA A10G, 23 %, 8 %, 2415 MiB, 23028 MiB
2026/02/25 17:15:31.129, 2, NVIDIA A10G, 0 %, 0 %, 0 MiB, 23028 MiB
2026/02/25 17:15:31.129, 3, NVIDIA A10G, 0 %, 0 %, 0 MiB, 23028 MiB
2026/02/25 17:15:32.129, 0, NVIDIA A10G, 21 %, 7 %, 1781 MiB, 23028 MiB
2026/02/25 17:15:32.129, 1, NVIDIA A10G, 21 %, 8 %, 2415 MiB, 23028 MiB
2026/02/25 17:15:32.130, 2, NVIDIA A10G, 0 %, 0 %, 0 MiB, 23028 MiB
2026/02/25 17:15:32.130, 3, NVIDIA A10G, 0 %, 0 %, 0 MiB, 23028 MiB
2026/02/25 17:15:33.130, 0, NVIDIA A10G, 20 %, 7 %, 1781 MiB, 23028 MiB
2026/02/25 17:15:33.130, 1, NVIDIA A10G, 19 %, 7 %, 2415 MiB, 23028 MiB
2026/02/25 17:15:33.130, 2, NVIDIA A10G, 0 %, 0 %, 0 MiB, 23028 MiB
2026/02/25 17:15:33.130, 3, NVIDIA A10G, 0 %, 0 %, 0 MiB, 23028 MiB
2026/02/25 17:15:34.130, 0, NVIDIA A10G, 21 %, 7 %, 1781 MiB, 23028 MiB
2026/02/25 17:15:34.130, 1, NVIDIA A10G, 22 %, 7 %, 2415 MiB, 23028 MiB
2026/02/25 17:15:34.130, 2, NVIDIA A10G, 0 %, 0 %, 0 MiB, 23028 MiB
2026/02/25 17:15:34.130, 3, NVIDIA A10G, 0 %, 0 %, 0 MiB, 23028 MiB
2026/02/25 17:15:35.130, 0, NVIDIA A10G, 21 %, 7 %, 1781 MiB, 23028 MiB
2026/02/25 17:15:35.130, 1, NVIDIA A10G, 22 %, 7 %, 2415 MiB, 23028 MiB
2026/02/25 17:15:35.130, 2, NVIDIA A10G, 0 %, 0 %, 0 MiB, 23028 MiB
2026/02/25 17:15:35.131, 3, NVIDIA A10G, 0 %, 0 %, 0 MiB, 23028 MiB
2026/02/25 17:15:36.131, 0, NVIDIA A10G, 20 %, 6 %, 1781 MiB, 23028 MiB
2026/02/25 17:15:36.131, 1, NVIDIA A10G, 21 %, 7 %, 2415 MiB, 23028 MiB
2026/02/25 17:15:36.131, 2, NVIDIA A10G, 0 %, 0 %, 0 MiB, 23028 MiB
2026/02/25 17:15:36.131, 3, NVIDIA A10G, 0 %, 0 %, 0 MiB, 23028 MiB
2026/02/25 17:15:37.131, 0, NVIDIA A10G, 20 %, 6 %, 1781 MiB, 23028 MiB
2026/02/25 17:15:37.131, 1, NVIDIA A10G, 22 %, 7 %, 2415 MiB, 23028 MiB
2026/02/25 17:15:37.131, 2, NVIDIA A10G, 0 %, 0 %, 0 MiB, 23028 MiB
2026/02/25 17:15:37.131, 3, NVIDIA A10G, 0 %, 0 %, 0 MiB, 23028 MiB
2026/02/25 17:15:38.131, 0, NVIDIA A10G, 17 %, 5 %, 1781 MiB, 23028 MiB
2026/02/25 17:15:38.131, 1, NVIDIA A10G, 23 %, 8 %, 2415 MiB, 23028 MiB
2026/02/25 17:15:38.132, 2, NVIDIA A10G, 0 %, 0 %, 0 MiB, 23028 MiB
2026/02/25 17:15:38.132, 3, NVIDIA A10G, 0 %, 0 %, 0 MiB, 23028 MiB
2026/02/25 17:15:39.132, 0, NVIDIA A10G, 21 %, 7 %, 1781 MiB, 23028 MiB
2026/02/25 17:15:39.132, 1, NVIDIA A10G, 22 %, 7 %, 2415 MiB, 23028 MiB
2026/02/25 17:15:39.132, 2, NVIDIA A10G, 0 %, 0 %, 0 MiB, 23028 MiB
2026/02/25 17:15:39.132, 3, NVIDIA A10G, 0 %, 0 %, 0 MiB, 23028 MiB
2026/02/25 17:15:40.132, 0, NVIDIA A10G, 22 %, 8 %, 1781 MiB, 23028 MiB
2026/02/25 17:15:40.132, 1, NVIDIA A10G, 0 %, 0 %, 2415 MiB, 23028 MiB
2026/02/25 17:15:40.132, 2, NVIDIA A10G, 0 %, 0 %, 0 MiB, 23028 MiB
2026/02/25 17:15:40.132, 3, NVIDIA A10G, 0 %, 0 %, 0 MiB, 23028 MiB
2026/02/25 17:15:41.132, 0, NVIDIA A10G, 7 %, 2 %, 1781 MiB, 23028 MiB
2026/02/25 17:15:41.132, 1, NVIDIA A10G, 0 %, 0 %, 2415 MiB, 23028 MiB
2026/02/25 17:15:41.133, 2, NVIDIA A10G, 0 %, 0 %, 0 MiB, 23028 MiB
2026/02/25 17:15:41.133, 3, NVIDIA A10G, 0 %, 0 %, 0 MiB, 23028 MiB
2026/02/25 17:15:42.133, 0, NVIDIA A10G, 0 %, 0 %, 1781 MiB, 23028 MiB
2026/02/25 17:15:42.133, 1, NVIDIA A10G, 0 %, 0 %, 2415 MiB, 23028 MiB
2026/02/25 17:15:42.133, 2, NVIDIA A10G, 0 %, 0 %, 0 MiB, 23028 MiB
2026/02/25 17:15:42.133, 3, NVIDIA A10G, 0 %, 0 %, 0 MiB, 23028 MiB
2026/02/25 17:15:43.133, 0, NVIDIA A10G, 0 %, 0 %, 1781 MiB, 23028 MiB
2026/02/25 17:15:43.133, 1, NVIDIA A10G, 100 %, 67 %, 2415 MiB, 23028 MiB
2026/02/25 17:15:43.133, 2, NVIDIA A10G, 0 %, 0 %, 0 MiB, 23028 MiB
2026/02/25 17:15:43.133, 3, NVIDIA A10G, 0 %, 0 %, 0 MiB, 23028 MiB
2026/02/25 17:15:44.133, 0, NVIDIA A10G, 0 %, 0 %, 1781 MiB, 23028 MiB
2026/02/25 17:15:44.133, 1, NVIDIA A10G, 23 %, 8 %, 2415 MiB, 23028 MiB
2026/02/25 17:15:44.133, 2, NVIDIA A10G, 0 %, 0 %, 0 MiB, 23028 MiB
2026/02/25 17:15:44.133, 3, NVIDIA A10G, 0 %, 0 %, 0 MiB, 23028 MiB
2026/02/25 17:15:45.134, 0, NVIDIA A10G, 0 %, 0 %, 1781 MiB, 23028 MiB
2026/02/25 17:15:45.134, 1, NVIDIA A10G, 21 %, 7 %, 2415 MiB, 23028 MiB
2026/02/25 17:15:45.134, 2, NVIDIA A10G, 0 %, 0 %, 0 MiB, 23028 MiB
2026/02/25 17:15:45.134, 3, NVIDIA A10G, 0 %, 0 %, 0 MiB, 23028 MiB
2026/02/25 17:15:46.134, 0, NVIDIA A10G, 0 %, 0 %, 1781 MiB, 23028 MiB
2026/02/25 17:15:46.134, 1, NVIDIA A10G, 19 %, 6 %, 2415 MiB, 23028 MiB
2026/02/25 17:15:46.134, 2, NVIDIA A10G, 0 %, 0 %, 0 MiB, 23028 MiB
2026/02/25 17:15:46.134, 3, NVIDIA A10G, 0 %, 0 %, 0 MiB, 23028 MiB
2026/02/25 17:15:47.134, 0, NVIDIA A10G, 0 %, 0 %, 1781 MiB, 23028 MiB
2026/02/25 17:15:47.134, 1, NVIDIA A10G, 17 %, 5 %, 2415 MiB, 23028 MiB
2026/02/25 17:15:47.134, 2, NVIDIA A10G, 0 %, 0 %, 0 MiB, 23028 MiB
2026/02/25 17:15:47.134, 3, NVIDIA A10G, 0 %, 0 %, 0 MiB, 23028 MiB
2026/02/25 17:15:48.134, 0, NVIDIA A10G, 0 %, 0 %, 1781 MiB, 23028 MiB
2026/02/25 17:15:48.134, 1, NVIDIA A10G, 0 %, 0 %, 2415 MiB, 23028 MiB
2026/02/25 17:15:48.134, 2, NVIDIA A10G, 0 %, 0 %, 0 MiB, 23028 MiB
2026/02/25 17:15:48.135, 3, NVIDIA A10G, 0 %, 0 %, 0 MiB, 23028 MiB
2026/02/25 17:15:49.135, 0, NVIDIA A10G, 0 %, 0 %, 1781 MiB, 23028 MiB
2026/02/25 17:15:49.135, 1, NVIDIA A10G, 0 %, 0 %, 2415 MiB, 23028 MiB
2026/02/25 17:15:49.135, 2, NVIDIA A10G, 0 %, 0 %, 0 MiB, 23028 MiB
2026/02/25 17:15:49.135, 3, NVIDIA A10G, 0 %, 0 %, 0 MiB, 23028 MiB
2026/02/25 17:15:50.135, 0, NVIDIA A10G, 81 %, 52 %, 1781 MiB, 23028 MiB
2026/02/25 17:15:50.135, 1, NVIDIA A10G, 0 %, 0 %, 2415 MiB, 23028 MiB
2026/02/25 17:15:50.135, 2, NVIDIA A10G, 0 %, 0 %, 0 MiB, 23028 MiB
2026/02/25 17:15:50.135, 3, NVIDIA A10G, 0 %, 0 %, 0 MiB, 23028 MiB
2026/02/25 17:15:51.135, 0, NVIDIA A10G, 22 %, 7 %, 1781 MiB, 23028 MiB
2026/02/25 17:15:51.135, 1, NVIDIA A10G, 0 %, 0 %, 2415 MiB, 23028 MiB
2026/02/25 17:15:51.135, 2, NVIDIA A10G, 0 %, 0 %, 0 MiB, 23028 MiB
2026/02/25 17:15:51.135, 3, NVIDIA A10G, 0 %, 0 %, 0 MiB, 23028 MiB
2026/02/25 17:15:52.136, 0, NVIDIA A10G, 20 %, 6 %, 1781 MiB, 23028 MiB
2026/02/25 17:15:52.136, 1, NVIDIA A10G, 0 %, 0 %, 2415 MiB, 23028 MiB
2026/02/25 17:15:52.136, 2, NVIDIA A10G, 0 %, 0 %, 0 MiB, 23028 MiB
2026/02/25 17:15:52.136, 3, NVIDIA A10G, 0 %, 0 %, 0 MiB, 23028 MiB
2026/02/25 17:15:53.136, 0, NVIDIA A10G, 20 %, 7 %, 1781 MiB, 23028 MiB
2026/02/25 17:15:53.136, 1, NVIDIA A10G, 0 %, 0 %, 2415 MiB, 23028 MiB
2026/02/25 17:15:53.136, 2, NVIDIA A10G, 0 %, 0 %, 0 MiB, 23028 MiB
2026/02/25 17:15:53.136, 3, NVIDIA A10G, 0 %, 0 %, 0 MiB, 23028 MiB
2026/02/25 17:15:54.136, 0, NVIDIA A10G, 23 %, 8 %, 1781 MiB, 23028 MiB
2026/02/25 17:15:54.136, 1, NVIDIA A10G, 67 %, 42 %, 2415 MiB, 23028 MiB
2026/02/25 17:15:54.136, 2, NVIDIA A10G, 0 %, 0 %, 0 MiB, 23028 MiB
2026/02/25 17:15:54.136, 3, NVIDIA A10G, 0 %, 0 %, 0 MiB, 23028 MiB
2026/02/25 17:15:55.137, 0, NVIDIA A10G, 22 %, 8 %, 1781 MiB, 23028 MiB
2026/02/25 17:15:55.137, 1, NVIDIA A10G, 22 %, 8 %, 2415 MiB, 23028 MiB
2026/02/25 17:15:55.137, 2, NVIDIA A10G, 0 %, 0 %, 0 MiB, 23028 MiB
2026/02/25 17:15:55.137, 3, NVIDIA A10G, 0 %, 0 %, 0 MiB, 23028 MiB
2026/02/25 17:15:56.137, 0, NVIDIA A10G, 22 %, 8 %, 1781 MiB, 23028 MiB
2026/02/25 17:15:56.137, 1, NVIDIA A10G, 22 %, 8 %, 2415 MiB, 23028 MiB
2026/02/25 17:15:56.137, 2, NVIDIA A10G, 0 %, 0 %, 0 MiB, 23028 MiB
2026/02/25 17:15:56.137, 3, NVIDIA A10G, 0 %, 0 %, 0 MiB, 23028 MiB
2026/02/25 17:15:57.137, 0, NVIDIA A10G, 21 %, 7 %, 1781 MiB, 23028 MiB
2026/02/25 17:15:57.137, 1, NVIDIA A10G, 20 %, 7 %, 2415 MiB, 23028 MiB
2026/02/25 17:15:57.137, 2, NVIDIA A10G, 0 %, 0 %, 0 MiB, 23028 MiB
2026/02/25 17:15:57.138, 3, NVIDIA A10G, 0 %, 0 %, 0 MiB, 23028 MiB
2026/02/25 17:15:58.138, 0, NVIDIA A10G, 23 %, 8 %, 1781 MiB, 23028 MiB
2026/02/25 17:15:58.138, 1, NVIDIA A10G, 23 %, 9 %, 2415 MiB, 23028 MiB
2026/02/25 17:15:58.138, 2, NVIDIA A10G, 0 %, 0 %, 0 MiB, 23028 MiB
2026/02/25 17:15:58.138, 3, NVIDIA A10G, 0 %, 0 %, 0 MiB, 23028 MiB
2026/02/25 17:15:59.138, 0, NVIDIA A10G, 22 %, 7 %, 1781 MiB, 23028 MiB
2026/02/25 17:15:59.138, 1, NVIDIA A10G, 19 %, 7 %, 2415 MiB, 23028 MiB
2026/02/25 17:15:59.138, 2, NVIDIA A10G, 0 %, 0 %, 0 MiB, 23028 MiB
2026/02/25 17:15:59.138, 3, NVIDIA A10G, 0 %, 0 %, 0 MiB, 23028 MiB
2026/02/25 17:16:00.138, 0, NVIDIA A10G, 21 %, 7 %, 1781 MiB, 23028 MiB
2026/02/25 17:16:00.138, 1, NVIDIA A10G, 23 %, 8 %, 2415 MiB, 23028 MiB
2026/02/25 17:16:00.139, 2, NVIDIA A10G, 0 %, 0 %, 0 MiB, 23028 MiB
2026/02/25 17:16:00.139, 3, NVIDIA A10G, 0 %, 0 %, 0 MiB, 23028 MiB
2026/02/25 17:16:01.139, 0, NVIDIA A10G, 22 %, 8 %, 1781 MiB, 23028 MiB
2026/02/25 17:16:01.139, 1, NVIDIA A10G, 0 %, 0 %, 2415 MiB, 23028 MiB
2026/02/25 17:16:01.139, 2, NVIDIA A10G, 0 %, 0 %, 0 MiB, 23028 MiB
2026/02/25 17:16:01.139, 3, NVIDIA A10G, 0 %, 0 %, 0 MiB, 23028 MiB
2026/02/25 17:16:02.139, 0, NVIDIA A10G, 0 %, 0 %, 1781 MiB, 23028 MiB
2026/02/25 17:16:02.139, 1, NVIDIA A10G, 0 %, 0 %, 2415 MiB, 23028 MiB
2026/02/25 17:16:02.139, 2, NVIDIA A10G, 0 %, 0 %, 0 MiB, 23028 MiB
2026/02/25 17:16:02.139, 3, NVIDIA A10G, 0 %, 0 %, 0 MiB, 23028 MiB
2026/02/25 17:16:03.139, 0, NVIDIA A10G, 0 %, 0 %, 1781 MiB, 23028 MiB
2026/02/25 17:16:03.139, 1, NVIDIA A10G, 0 %, 0 %, 2415 MiB, 23028 MiB
2026/02/25 17:16:03.140, 2, NVIDIA A10G, 0 %, 0 %, 0 MiB, 23028 MiB
2026/02/25 17:16:03.140, 3, NVIDIA A10G, 0 %, 0 %, 0 MiB, 23028 MiB
2026/02/25 17:16:04.140, 0, NVIDIA A10G, 0 %, 0 %, 1781 MiB, 23028 MiB
2026/02/25 17:16:04.140, 1, NVIDIA A10G, 0 %, 0 %, 2415 MiB, 23028 MiB
2026/02/25 17:16:04.140, 2, NVIDIA A10G, 0 %, 0 %, 0 MiB, 23028 MiB
2026/02/25 17:16:04.140, 3, NVIDIA A10G, 0 %, 0 %, 0 MiB, 23028 MiB
2026/02/25 17:16:05.140, 0, NVIDIA A10G, 0 %, 0 %, 1781 MiB, 23028 MiB
2026/02/25 17:16:05.140, 1, NVIDIA A10G, 0 %, 0 %, 2415 MiB, 23028 MiB
2026/02/25 17:16:05.140, 2, NVIDIA A10G, 0 %, 0 %, 0 MiB, 23028 MiB
2026/02/25 17:16:05.140, 3, NVIDIA A10G, 0 %, 0 %, 0 MiB, 23028 MiB
2026/02/25 17:16:06.141, 0, NVIDIA A10G, 0 %, 0 %, 1781 MiB, 23028 MiB
2026/02/25 17:16:06.141, 1, NVIDIA A10G, 2 %, 1 %, 2415 MiB, 23028 MiB
2026/02/25 17:16:06.141, 2, NVIDIA A10G, 0 %, 0 %, 0 MiB, 23028 MiB
2026/02/25 17:16:06.141, 3, NVIDIA A10G, 0 %, 0 %, 0 MiB, 23028 MiB
2026/02/25 17:16:07.141, 0, NVIDIA A10G, 0 %, 0 %, 1781 MiB, 23028 MiB
2026/02/25 17:16:07.141, 1, NVIDIA A10G, 22 %, 7 %, 2415 MiB, 23028 MiB
2026/02/25 17:16:07.141, 2, NVIDIA A10G, 0 %, 0 %, 0 MiB, 23028 MiB
2026/02/25 17:16:07.141, 3, NVIDIA A10G, 0 %, 0 %, 0 MiB, 23028 MiB
2026/02/25 17:16:08.141, 0, NVIDIA A10G, 0 %, 0 %, 1781 MiB, 23028 MiB
2026/02/25 17:16:08.141, 1, NVIDIA A10G, 22 %, 7 %, 2415 MiB, 23028 MiB
2026/02/25 17:16:08.141, 2, NVIDIA A10G, 0 %, 0 %, 0 MiB, 23028 MiB
2026/02/25 17:16:08.141, 3, NVIDIA A10G, 0 %, 0 %, 0 MiB, 23028 MiB
2026/02/25 17:16:09.141, 0, NVIDIA A10G, 0 %, 0 %, 1781 MiB, 23028 MiB
2026/02/25 17:16:09.142, 1, NVIDIA A10G, 21 %, 7 %, 2415 MiB, 23028 MiB
2026/02/25 17:16:09.142, 2, NVIDIA A10G, 0 %, 0 %, 0 MiB, 23028 MiB
2026/02/25 17:16:09.142, 3, NVIDIA A10G, 0 %, 0 %, 0 MiB, 23028 MiB
2026/02/25 17:16:10.142, 0, NVIDIA A10G, 0 %, 0 %, 1781 MiB, 23028 MiB
2026/02/25 17:16:10.142, 1, NVIDIA A10G, 20 %, 7 %, 2415 MiB, 23028 MiB
2026/02/25 17:16:10.142, 2, NVIDIA A10G, 0 %, 0 %, 0 MiB, 23028 MiB
2026/02/25 17:16:10.142, 3, NVIDIA A10G, 0 %, 0 %, 0 MiB, 23028 MiB
2026/02/25 17:16:11.142, 0, NVIDIA A10G, 0 %, 0 %, 1781 MiB, 23028 MiB
2026/02/25 17:16:11.142, 1, NVIDIA A10G, 22 %, 7 %, 2415 MiB, 23028 MiB
2026/02/25 17:16:11.142, 2, NVIDIA A10G, 0 %, 0 %, 0 MiB, 23028 MiB
2026/02/25 17:16:11.142, 3, NVIDIA A10G, 0 %, 0 %, 0 MiB, 23028 MiB
2026/02/25 17:16:12.142, 0, NVIDIA A10G, 80 %, 53 %, 1781 MiB, 23028 MiB
2026/02/25 17:16:12.142, 1, NVIDIA A10G, 15 %, 5 %, 2415 MiB, 23028 MiB
2026/02/25 17:16:12.142, 2, NVIDIA A10G, 0 %, 0 %, 0 MiB, 23028 MiB
2026/02/25 17:16:12.142, 3, NVIDIA A10G, 0 %, 0 %, 0 MiB, 23028 MiB
2026/02/25 17:16:13.143, 0, NVIDIA A10G, 21 %, 7 %, 1781 MiB, 23028 MiB
2026/02/25 17:16:13.143, 1, NVIDIA A10G, 0 %, 0 %, 2415 MiB, 23028 MiB
2026/02/25 17:16:13.143, 2, NVIDIA A10G, 0 %, 0 %, 0 MiB, 23028 MiB
2026/02/25 17:16:13.143, 3, NVIDIA A10G, 0 %, 0 %, 0 MiB, 23028 MiB
2026/02/25 17:16:14.143, 0, NVIDIA A10G, 21 %, 7 %, 1781 MiB, 23028 MiB
2026/02/25 17:16:14.143, 1, NVIDIA A10G, 0 %, 0 %, 2415 MiB, 23028 MiB
2026/02/25 17:16:14.143, 2, NVIDIA A10G, 0 %, 0 %, 0 MiB, 23028 MiB
2026/02/25 17:16:14.143, 3, NVIDIA A10G, 0 %, 0 %, 0 MiB, 23028 MiB
2026/02/25 17:16:15.143, 0, NVIDIA A10G, 21 %, 7 %, 1781 MiB, 23028 MiB
2026/02/25 17:16:15.143, 1, NVIDIA A10G, 0 %, 0 %, 2415 MiB, 23028 MiB
2026/02/25 17:16:15.143, 2, NVIDIA A10G, 0 %, 0 %, 0 MiB, 23028 MiB
2026/02/25 17:16:15.143, 3, NVIDIA A10G, 0 %, 0 %, 0 MiB, 23028 MiB
2026/02/25 17:16:16.144, 0, NVIDIA A10G, 22 %, 8 %, 1781 MiB, 23028 MiB
2026/02/25 17:16:16.144, 1, NVIDIA A10G, 0 %, 0 %, 2415 MiB, 23028 MiB
2026/02/25 17:16:16.144, 2, NVIDIA A10G, 0 %, 0 %, 0 MiB, 23028 MiB
2026/02/25 17:16:16.144, 3, NVIDIA A10G, 0 %, 0 %, 0 MiB, 23028 MiB
2026/02/25 17:16:17.144, 0, NVIDIA A10G, 21 %, 7 %, 1781 MiB, 23028 MiB
2026/02/25 17:16:17.144, 1, NVIDIA A10G, 0 %, 0 %, 2415 MiB, 23028 MiB
2026/02/25 17:16:17.144, 2, NVIDIA A10G, 0 %, 0 %, 0 MiB, 23028 MiB
2026/02/25 17:16:17.144, 3, NVIDIA A10G, 0 %, 0 %, 0 MiB, 23028 MiB
2026/02/25 17:16:18.144, 0, NVIDIA A10G, 23 %, 9 %, 1781 MiB, 23028 MiB
2026/02/25 17:16:18.145, 1, NVIDIA A10G, 0 %, 0 %, 2415 MiB, 23028 MiB
2026/02/25 17:16:18.145, 2, NVIDIA A10G, 0 %, 0 %, 0 MiB, 23028 MiB
2026/02/25 17:16:18.145, 3, NVIDIA A10G, 0 %, 0 %, 0 MiB, 23028 MiB
2026/02/25 17:16:19.145, 0, NVIDIA A10G, 23 %, 8 %, 1781 MiB, 23028 MiB
2026/02/25 17:16:19.145, 1, NVIDIA A10G, 0 %, 0 %, 2415 MiB, 23028 MiB
2026/02/25 17:16:19.145, 2, NVIDIA A10G, 0 %, 0 %, 0 MiB, 23028 MiB
2026/02/25 17:16:19.145, 3, NVIDIA A10G, 0 %, 0 %, 0 MiB, 23028 MiB
2026/02/25 17:16:20.145, 0, NVIDIA A10G, 22 %, 7 %, 1781 MiB, 23028 MiB
2026/02/25 17:16:20.145, 1, NVIDIA A10G, 0 %, 0 %, 2415 MiB, 23028 MiB
2026/02/25 17:16:20.145, 2, NVIDIA A10G, 0 %, 0 %, 0 MiB, 23028 MiB
2026/02/25 17:16:20.145, 3, NVIDIA A10G, 0 %, 0 %, 0 MiB, 23028 MiB
2026/02/25 17:16:21.145, 0, NVIDIA A10G, 23 %, 8 %, 1781 MiB, 23028 MiB
2026/02/25 17:16:21.145, 1, NVIDIA A10G, 0 %, 0 %, 2415 MiB, 23028 MiB
2026/02/25 17:16:21.145, 2, NVIDIA A10G, 0 %, 0 %, 0 MiB, 23028 MiB
2026/02/25 17:16:21.145, 3, NVIDIA A10G, 0 %, 0 %, 0 MiB, 23028 MiB
2026/02/25 17:16:22.146, 0, NVIDIA A10G, 23 %, 8 %, 1781 MiB, 23028 MiB
2026/02/25 17:16:22.146, 1, NVIDIA A10G, 0 %, 0 %, 2415 MiB, 23028 MiB
2026/02/25 17:16:22.146, 2, NVIDIA A10G, 0 %, 0 %, 0 MiB, 23028 MiB
2026/02/25 17:16:22.146, 3, NVIDIA A10G, 0 %, 0 %, 0 MiB, 23028 MiB
2026/02/25 17:16:23.146, 0, NVIDIA A10G, 21 %, 7 %, 1781 MiB, 23028 MiB
2026/02/25 17:16:23.146, 1, NVIDIA A10G, 30 %, 17 %, 2415 MiB, 23028 MiB
2026/02/25 17:16:23.146, 2, NVIDIA A10G, 0 %, 0 %, 0 MiB, 23028 MiB
2026/02/25 17:16:23.146, 3, NVIDIA A10G, 0 %, 0 %, 0 MiB, 23028 MiB
2026/02/25 17:16:24.146, 0, NVIDIA A10G, 14 %, 5 %, 1781 MiB, 23028 MiB
2026/02/25 17:16:24.146, 1, NVIDIA A10G, 19 %, 6 %, 2415 MiB, 23028 MiB
2026/02/25 17:16:24.146, 2, NVIDIA A10G, 0 %, 0 %, 0 MiB, 23028 MiB
2026/02/25 17:16:24.146, 3, NVIDIA A10G, 0 %, 0 %, 0 MiB, 23028 MiB
2026/02/25 17:16:25.147, 0, NVIDIA A10G, 0 %, 0 %, 1781 MiB, 23028 MiB
2026/02/25 17:16:25.147, 1, NVIDIA A10G, 20 %, 7 %, 2415 MiB, 23028 MiB
2026/02/25 17:16:25.147, 2, NVIDIA A10G, 0 %, 0 %, 0 MiB, 23028 MiB
2026/02/25 17:16:25.147, 3, NVIDIA A10G, 0 %, 0 %, 0 MiB, 23028 MiB
2026/02/25 17:16:26.147, 0, NVIDIA A10G, 0 %, 0 %, 1781 MiB, 23028 MiB
2026/02/25 17:16:26.147, 1, NVIDIA A10G, 20 %, 6 %, 2415 MiB, 23028 MiB
2026/02/25 17:16:26.147, 2, NVIDIA A10G, 0 %, 0 %, 0 MiB, 23028 MiB
2026/02/25 17:16:26.147, 3, NVIDIA A10G, 0 %, 0 %, 0 MiB, 23028 MiB
2026/02/25 17:16:27.147, 0, NVIDIA A10G, 0 %, 0 %, 1781 MiB, 23028 MiB
2026/02/25 17:16:27.147, 1, NVIDIA A10G, 22 %, 7 %, 2415 MiB, 23028 MiB
2026/02/25 17:16:27.147, 2, NVIDIA A10G, 0 %, 0 %, 0 MiB, 23028 MiB
2026/02/25 17:16:27.147, 3, NVIDIA A10G, 0 %, 0 %, 0 MiB, 23028 MiB
2026/02/25 17:16:28.148, 0, NVIDIA A10G, 0 %, 0 %, 1781 MiB, 23028 MiB
2026/02/25 17:16:28.148, 1, NVIDIA A10G, 22 %, 8 %, 2415 MiB, 23028 MiB
2026/02/25 17:16:28.148, 2, NVIDIA A10G, 0 %, 0 %, 0 MiB, 23028 MiB
2026/02/25 17:16:28.148, 3, NVIDIA A10G, 0 %, 0 %, 0 MiB, 23028 MiB
2026/02/25 17:16:29.148, 0, NVIDIA A10G, 0 %, 0 %, 1781 MiB, 23028 MiB
2026/02/25 17:16:29.148, 1, NVIDIA A10G, 23 %, 8 %, 2415 MiB, 23028 MiB
2026/02/25 17:16:29.148, 2, NVIDIA A10G, 0 %, 0 %, 0 MiB, 23028 MiB
2026/02/25 17:16:29.148, 3, NVIDIA A10G, 0 %, 0 %, 0 MiB, 23028 MiB
2026/02/25 17:16:30.148, 0, NVIDIA A10G, 0 %, 0 %, 1781 MiB, 23028 MiB
2026/02/25 17:16:30.148, 1, NVIDIA A10G, 21 %, 7 %, 2415 MiB, 23028 MiB
2026/02/25 17:16:30.148, 2, NVIDIA A10G, 0 %, 0 %, 0 MiB, 23028 MiB
2026/02/25 17:16:30.148, 3, NVIDIA A10G, 0 %, 0 %, 0 MiB, 23028 MiB
2026/02/25 17:16:31.148, 0, NVIDIA A10G, 0 %, 0 %, 1781 MiB, 23028 MiB
2026/02/25 17:16:31.148, 1, NVIDIA A10G, 24 %, 8 %, 2415 MiB, 23028 MiB
2026/02/25 17:16:31.149, 2, NVIDIA A10G, 0 %, 0 %, 0 MiB, 23028 MiB
2026/02/25 17:16:31.149, 3, NVIDIA A10G, 0 %, 0 %, 0 MiB, 23028 MiB
2026/02/25 17:16:32.149, 0, NVIDIA A10G, 0 %, 0 %, 1781 MiB, 23028 MiB
2026/02/25 17:16:32.149, 1, NVIDIA A10G, 22 %, 8 %, 2415 MiB, 23028 MiB
2026/02/25 17:16:32.149, 2, NVIDIA A10G, 0 %, 0 %, 0 MiB, 23028 MiB
2026/02/25 17:16:32.149, 3, NVIDIA A10G, 0 %, 0 %, 0 MiB, 23028 MiB
2026/02/25 17:16:33.149, 0, NVIDIA A10G, 0 %, 0 %, 1781 MiB, 23028 MiB
2026/02/25 17:16:33.149, 1, NVIDIA A10G, 20 %, 7 %, 2415 MiB, 23028 MiB
2026/02/25 17:16:33.149, 2, NVIDIA A10G, 0 %, 0 %, 0 MiB, 23028 MiB
2026/02/25 17:16:33.149, 3, NVIDIA A10G, 0 %, 0 %, 0 MiB, 23028 MiB
2026/02/25 17:16:34.149, 0, NVIDIA A10G, 0 %, 0 %, 1781 MiB, 23028 MiB
2026/02/25 17:16:34.149, 1, NVIDIA A10G, 26 %, 10 %, 2415 MiB, 23028 MiB
2026/02/25 17:16:34.149, 2, NVIDIA A10G, 0 %, 0 %, 0 MiB, 23028 MiB
2026/02/25 17:16:34.149, 3, NVIDIA A10G, 0 %, 0 %, 0 MiB, 23028 MiB
2026/02/25 17:16:35.150, 0, NVIDIA A10G, 22 %, 8 %, 1781 MiB, 23028 MiB
2026/02/25 17:16:35.150, 1, NVIDIA A10G, 23 %, 8 %, 2415 MiB, 23028 MiB
2026/02/25 17:16:35.150, 2, NVIDIA A10G, 0 %, 0 %, 0 MiB, 23028 MiB
2026/02/25 17:16:35.150, 3, NVIDIA A10G, 0 %, 0 %, 0 MiB, 23028 MiB
2026/02/25 17:16:36.150, 0, NVIDIA A10G, 21 %, 7 %, 1781 MiB, 23028 MiB
2026/02/25 17:16:36.150, 1, NVIDIA A10G, 19 %, 6 %, 2415 MiB, 23028 MiB
2026/02/25 17:16:36.150, 2, NVIDIA A10G, 0 %, 0 %, 0 MiB, 23028 MiB
2026/02/25 17:16:36.150, 3, NVIDIA A10G, 0 %, 0 %, 0 MiB, 23028 MiB
2026/02/25 17:16:37.150, 0, NVIDIA A10G, 22 %, 8 %, 1781 MiB, 23028 MiB
2026/02/25 17:16:37.150, 1, NVIDIA A10G, 13 %, 4 %, 2415 MiB, 23028 MiB
2026/02/25 17:16:37.150, 2, NVIDIA A10G, 0 %, 0 %, 0 MiB, 23028 MiB
2026/02/25 17:16:37.150, 3, NVIDIA A10G, 0 %, 0 %, 0 MiB, 23028 MiB
2026/02/25 17:16:38.151, 0, NVIDIA A10G, 22 %, 8 %, 1781 MiB, 23028 MiB
2026/02/25 17:16:38.151, 1, NVIDIA A10G, 0 %, 0 %, 2415 MiB, 23028 MiB
2026/02/25 17:16:38.151, 2, NVIDIA A10G, 0 %, 0 %, 0 MiB, 23028 MiB
2026/02/25 17:16:38.151, 3, NVIDIA A10G, 0 %, 0 %, 0 MiB, 23028 MiB
2026/02/25 17:16:39.151, 0, NVIDIA A10G, 23 %, 8 %, 1781 MiB, 23028 MiB
2026/02/25 17:16:39.151, 1, NVIDIA A10G, 0 %, 0 %, 2415 MiB, 23028 MiB
2026/02/25 17:16:39.151, 2, NVIDIA A10G, 0 %, 0 %, 0 MiB, 23028 MiB
2026/02/25 17:16:39.151, 3, NVIDIA A10G, 0 %, 0 %, 0 MiB, 23028 MiB
2026/02/25 17:16:40.151, 0, NVIDIA A10G, 23 %, 8 %, 1781 MiB, 23028 MiB
2026/02/25 17:16:40.151, 1, NVIDIA A10G, 0 %, 0 %, 2415 MiB, 23028 MiB
2026/02/25 17:16:40.151, 2, NVIDIA A10G, 0 %, 0 %, 0 MiB, 23028 MiB
2026/02/25 17:16:40.151, 3, NVIDIA A10G, 0 %, 0 %, 0 MiB, 23028 MiB
2026/02/25 17:16:41.151, 0, NVIDIA A10G, 23 %, 8 %, 1781 MiB, 23028 MiB
2026/02/25 17:16:41.152, 1, NVIDIA A10G, 0 %, 0 %, 2415 MiB, 23028 MiB
2026/02/25 17:16:41.152, 2, NVIDIA A10G, 0 %, 0 %, 0 MiB, 23028 MiB
2026/02/25 17:16:41.152, 3, NVIDIA A10G, 0 %, 0 %, 0 MiB, 23028 MiB
2026/02/25 17:16:42.152, 0, NVIDIA A10G, 22 %, 8 %, 1781 MiB, 23028 MiB
2026/02/25 17:16:42.152, 1, NVIDIA A10G, 0 %, 0 %, 2415 MiB, 23028 MiB
2026/02/25 17:16:42.152, 2, NVIDIA A10G, 0 %, 0 %, 0 MiB, 23028 MiB
2026/02/25 17:16:42.152, 3, NVIDIA A10G, 0 %, 0 %, 0 MiB, 23028 MiB
2026/02/25 17:16:43.152, 0, NVIDIA A10G, 23 %, 8 %, 1781 MiB, 23028 MiB
2026/02/25 17:16:43.152, 1, NVIDIA A10G, 0 %, 0 %, 2415 MiB, 23028 MiB
2026/02/25 17:16:43.152, 2, NVIDIA A10G, 0 %, 0 %, 0 MiB, 23028 MiB
2026/02/25 17:16:43.152, 3, NVIDIA A10G, 0 %, 0 %, 0 MiB, 23028 MiB
2026/02/25 17:16:44.152, 0, NVIDIA A10G, 0 %, 0 %, 1781 MiB, 23028 MiB
2026/02/25 17:16:44.152, 1, NVIDIA A10G, 0 %, 0 %, 2415 MiB, 23028 MiB
2026/02/25 17:16:44.153, 2, NVIDIA A10G, 0 %, 0 %, 0 MiB, 23028 MiB
2026/02/25 17:16:44.153, 3, NVIDIA A10G, 0 %, 0 %, 0 MiB, 23028 MiB
2026/02/25 17:16:45.153, 0, NVIDIA A10G, 23 %, 9 %, 1781 MiB, 23028 MiB
2026/02/25 17:16:45.153, 1, NVIDIA A10G, 0 %, 0 %, 2415 MiB, 23028 MiB
2026/02/25 17:16:45.153, 2, NVIDIA A10G, 0 %, 0 %, 0 MiB, 23028 MiB
2026/02/25 17:16:45.153, 3, NVIDIA A10G, 0 %, 0 %, 0 MiB, 23028 MiB
2026/02/25 17:16:46.153, 0, NVIDIA A10G, 0 %, 0 %, 1781 MiB, 23028 MiB
2026/02/25 17:16:46.153, 1, NVIDIA A10G, 0 %, 0 %, 2415 MiB, 23028 MiB
2026/02/25 17:16:46.153, 2, NVIDIA A10G, 0 %, 0 %, 0 MiB, 23028 MiB
2026/02/25 17:16:46.153, 3, NVIDIA A10G, 0 %, 0 %, 0 MiB, 23028 MiB
2026/02/25 17:16:47.154, 0, NVIDIA A10G, 0 %, 0 %, 1781 MiB, 23028 MiB
2026/02/25 17:16:47.154, 1, NVIDIA A10G, 0 %, 0 %, 2415 MiB, 23028 MiB
2026/02/25 17:16:47.154, 2, NVIDIA A10G, 0 %, 0 %, 0 MiB, 23028 MiB
2026/02/25 17:16:47.154, 3, NVIDIA A10G, 0 %, 0 %, 0 MiB, 23028 MiB
2026/02/25 17:16:48.154, 0, NVIDIA A10G, 0 %, 0 %, 1781 MiB, 23028 MiB
2026/02/25 17:16:48.154, 1, NVIDIA A10G, 20 %, 7 %, 2415 MiB, 23028 MiB
2026/02/25 17:16:48.154, 2, NVIDIA A10G, 0 %, 0 %, 0 MiB, 23028 MiB
2026/02/25 17:16:48.154, 3, NVIDIA A10G, 0 %, 0 %, 0 MiB, 23028 MiB
2026/02/25 17:16:49.154, 0, NVIDIA A10G, 0 %, 0 %, 1781 MiB, 23028 MiB
2026/02/25 17:16:49.154, 1, NVIDIA A10G, 21 %, 7 %, 2415 MiB, 23028 MiB
2026/02/25 17:16:49.154, 2, NVIDIA A10G, 0 %, 0 %, 0 MiB, 23028 MiB
2026/02/25 17:16:49.154, 3, NVIDIA A10G, 0 %, 0 %, 0 MiB, 23028 MiB
2026/02/25 17:16:50.155, 0, NVIDIA A10G, 0 %, 0 %, 1781 MiB, 23028 MiB
2026/02/25 17:16:50.155, 1, NVIDIA A10G, 19 %, 6 %, 2415 MiB, 23028 MiB
2026/02/25 17:16:50.155, 2, NVIDIA A10G, 0 %, 0 %, 0 MiB, 23028 MiB
2026/02/25 17:16:50.155, 3, NVIDIA A10G, 0 %, 0 %, 0 MiB, 23028 MiB
2026/02/25 17:16:51.155, 0, NVIDIA A10G, 0 %, 0 %, 1781 MiB, 23028 MiB
2026/02/25 17:16:51.155, 1, NVIDIA A10G, 23 %, 7 %, 2415 MiB, 23028 MiB
2026/02/25 17:16:51.155, 2, NVIDIA A10G, 0 %, 0 %, 0 MiB, 23028 MiB
2026/02/25 17:16:51.155, 3, NVIDIA A10G, 0 %, 0 %, 0 MiB, 23028 MiB
2026/02/25 17:16:52.155, 0, NVIDIA A10G, 0 %, 0 %, 1781 MiB, 23028 MiB
2026/02/25 17:16:52.155, 1, NVIDIA A10G, 21 %, 7 %, 2415 MiB, 23028 MiB
2026/02/25 17:16:52.155, 2, NVIDIA A10G, 0 %, 0 %, 0 MiB, 23028 MiB
2026/02/25 17:16:52.155, 3, NVIDIA A10G, 0 %, 0 %, 0 MiB, 23028 MiB
2026/02/25 17:16:53.155, 0, NVIDIA A10G, 0 %, 0 %, 1781 MiB, 23028 MiB
2026/02/25 17:16:53.155, 1, NVIDIA A10G, 23 %, 8 %, 2415 MiB, 23028 MiB
2026/02/25 17:16:53.156, 2, NVIDIA A10G, 0 %, 0 %, 0 MiB, 23028 MiB
2026/02/25 17:16:53.156, 3, NVIDIA A10G, 0 %, 0 %, 0 MiB, 23028 MiB
2026/02/25 17:16:54.156, 0, NVIDIA A10G, 0 %, 0 %, 1781 MiB, 23028 MiB
2026/02/25 17:16:54.156, 1, NVIDIA A10G, 22 %, 8 %, 2415 MiB, 23028 MiB
2026/02/25 17:16:54.156, 2, NVIDIA A10G, 0 %, 0 %, 0 MiB, 23028 MiB
2026/02/25 17:16:54.156, 3, NVIDIA A10G, 0 %, 0 %, 0 MiB, 23028 MiB
2026/02/25 17:16:55.156, 0, NVIDIA A10G, 0 %, 0 %, 1781 MiB, 23028 MiB
2026/02/25 17:16:55.156, 1, NVIDIA A10G, 21 %, 7 %, 2415 MiB, 23028 MiB
2026/02/25 17:16:55.156, 2, NVIDIA A10G, 0 %, 0 %, 0 MiB, 23028 MiB
2026/02/25 17:16:55.156, 3, NVIDIA A10G, 0 %, 0 %, 0 MiB, 23028 MiB
2026/02/25 17:16:56.156, 0, NVIDIA A10G, 0 %, 0 %, 1781 MiB, 23028 MiB
2026/02/25 17:16:56.157, 1, NVIDIA A10G, 22 %, 8 %, 2415 MiB, 23028 MiB
2026/02/25 17:16:56.157, 2, NVIDIA A10G, 0 %, 0 %, 0 MiB, 23028 MiB
2026/02/25 17:16:56.157, 3, NVIDIA A10G, 0 %, 0 %, 0 MiB, 23028 MiB
2026/02/25 17:16:57.157, 0, NVIDIA A10G, 21 %, 7 %, 1781 MiB, 23028 MiB
2026/02/25 17:16:57.157, 1, NVIDIA A10G, 21 %, 7 %, 2415 MiB, 23028 MiB
2026/02/25 17:16:57.157, 2, NVIDIA A10G, 0 %, 0 %, 0 MiB, 23028 MiB
2026/02/25 17:16:57.157, 3, NVIDIA A10G, 0 %, 0 %, 0 MiB, 23028 MiB
2026/02/25 17:16:58.157, 0, NVIDIA A10G, 23 %, 9 %, 1781 MiB, 23028 MiB
2026/02/25 17:16:58.157, 1, NVIDIA A10G, 21 %, 6 %, 2415 MiB, 23028 MiB
2026/02/25 17:16:58.157, 2, NVIDIA A10G, 0 %, 0 %, 0 MiB, 23028 MiB
2026/02/25 17:16:58.157, 3, NVIDIA A10G, 0 %, 0 %, 0 MiB, 23028 MiB
2026/02/25 17:16:59.157, 0, NVIDIA A10G, 22 %, 8 %, 1781 MiB, 23028 MiB
2026/02/25 17:16:59.158, 1, NVIDIA A10G, 20 %, 7 %, 2415 MiB, 23028 MiB
2026/02/25 17:16:59.158, 2, NVIDIA A10G, 0 %, 0 %, 0 MiB, 23028 MiB
2026/02/25 17:16:59.158, 3, NVIDIA A10G, 0 %, 0 %, 0 MiB, 23028 MiB
2026/02/25 17:17:00.158, 0, NVIDIA A10G, 22 %, 8 %, 1781 MiB, 23028 MiB
2026/02/25 17:17:00.158, 1, NVIDIA A10G, 18 %, 6 %, 2415 MiB, 23028 MiB
2026/02/25 17:17:00.158, 2, NVIDIA A10G, 0 %, 0 %, 0 MiB, 23028 MiB
2026/02/25 17:17:00.158, 3, NVIDIA A10G, 0 %, 0 %, 0 MiB, 23028 MiB
2026/02/25 17:17:01.158, 0, NVIDIA A10G, 24 %, 9 %, 1781 MiB, 23028 MiB
2026/02/25 17:17:01.158, 1, NVIDIA A10G, 0 %, 0 %, 2415 MiB, 23028 MiB
2026/02/25 17:17:01.158, 2, NVIDIA A10G, 0 %, 0 %, 0 MiB, 23028 MiB
2026/02/25 17:17:01.158, 3, NVIDIA A10G, 0 %, 0 %, 0 MiB, 23028 MiB
2026/02/25 17:17:02.158, 0, NVIDIA A10G, 21 %, 7 %, 1781 MiB, 23028 MiB
2026/02/25 17:17:02.159, 1, NVIDIA A10G, 0 %, 0 %, 2415 MiB, 23028 MiB
2026/02/25 17:17:02.159, 2, NVIDIA A10G, 0 %, 0 %, 0 MiB, 23028 MiB
2026/02/25 17:17:02.159, 3, NVIDIA A10G, 0 %, 0 %, 0 MiB, 23028 MiB
2026/02/25 17:17:03.159, 0, NVIDIA A10G, 23 %, 9 %, 1781 MiB, 23028 MiB
2026/02/25 17:17:03.159, 1, NVIDIA A10G, 0 %, 0 %, 2415 MiB, 23028 MiB
2026/02/25 17:17:03.159, 2, NVIDIA A10G, 0 %, 0 %, 0 MiB, 23028 MiB
2026/02/25 17:17:03.159, 3, NVIDIA A10G, 0 %, 0 %, 0 MiB, 23028 MiB
2026/02/25 17:17:04.159, 0, NVIDIA A10G, 22 %, 8 %, 1781 MiB, 23028 MiB
2026/02/25 17:17:04.159, 1, NVIDIA A10G, 0 %, 0 %, 2415 MiB, 23028 MiB
2026/02/25 17:17:04.159, 2, NVIDIA A10G, 0 %, 0 %, 0 MiB, 23028 MiB
2026/02/25 17:17:04.159, 3, NVIDIA A10G, 0 %, 0 %, 0 MiB, 23028 MiB
2026/02/25 17:17:05.160, 0, NVIDIA A10G, 22 %, 8 %, 1781 MiB, 23028 MiB
2026/02/25 17:17:05.160, 1, NVIDIA A10G, 0 %, 0 %, 2415 MiB, 23028 MiB
2026/02/25 17:17:05.160, 2, NVIDIA A10G, 0 %, 0 %, 0 MiB, 23028 MiB
2026/02/25 17:17:05.160, 3, NVIDIA A10G, 0 %, 0 %, 0 MiB, 23028 MiB
2026/02/25 17:17:06.160, 0, NVIDIA A10G, 24 %, 9 %, 1781 MiB, 23028 MiB
2026/02/25 17:17:06.160, 1, NVIDIA A10G, 0 %, 0 %, 2415 MiB, 23028 MiB
2026/02/25 17:17:06.160, 2, NVIDIA A10G, 0 %, 0 %, 0 MiB, 23028 MiB
2026/02/25 17:17:06.160, 3, NVIDIA A10G, 0 %, 0 %, 0 MiB, 23028 MiB
2026/02/25 17:17:07.160, 0, NVIDIA A10G, 0 %, 0 %, 1781 MiB, 23028 MiB
2026/02/25 17:17:07.161, 1, NVIDIA A10G, 0 %, 0 %, 2415 MiB, 23028 MiB
2026/02/25 17:17:07.161, 2, NVIDIA A10G, 0 %, 0 %, 0 MiB, 23028 MiB
2026/02/25 17:17:07.161, 3, NVIDIA A10G, 0 %, 0 %, 0 MiB, 23028 MiB
2026/02/25 17:17:08.161, 0, NVIDIA A10G, 0 %, 0 %, 1781 MiB, 23028 MiB
2026/02/25 17:17:08.161, 1, NVIDIA A10G, 0 %, 0 %, 2415 MiB, 23028 MiB
2026/02/25 17:17:08.161, 2, NVIDIA A10G, 0 %, 0 %, 0 MiB, 23028 MiB
2026/02/25 17:17:08.161, 3, NVIDIA A10G, 0 %, 0 %, 0 MiB, 23028 MiB
2026/02/25 17:17:09.161, 0, NVIDIA A10G, 0 %, 0 %, 1781 MiB, 23028 MiB
2026/02/25 17:17:09.161, 1, NVIDIA A10G, 0 %, 0 %, 2415 MiB, 23028 MiB
2026/02/25 17:17:09.162, 2, NVIDIA A10G, 0 %, 0 %, 0 MiB, 23028 MiB
2026/02/25 17:17:09.162, 3, NVIDIA A10G, 0 %, 0 %, 0 MiB, 23028 MiB
2026/02/25 17:17:10.162, 0, NVIDIA A10G, 0 %, 0 %, 1781 MiB, 23028 MiB
2026/02/25 17:17:10.162, 1, NVIDIA A10G, 0 %, 0 %, 2415 MiB, 23028 MiB
2026/02/25 17:17:10.162, 2, NVIDIA A10G, 0 %, 0 %, 0 MiB, 23028 MiB
2026/02/25 17:17:10.162, 3, NVIDIA A10G, 0 %, 0 %, 0 MiB, 23028 MiB
2026/02/25 17:17:11.162, 0, NVIDIA A10G, 0 %, 0 %, 1781 MiB, 23028 MiB
2026/02/25 17:17:11.162, 1, NVIDIA A10G, 0 %, 0 %, 2415 MiB, 23028 MiB
2026/02/25 17:17:11.162, 2, NVIDIA A10G, 0 %, 0 %, 0 MiB, 23028 MiB
2026/02/25 17:17:11.162, 3, NVIDIA A10G, 0 %, 0 %, 0 MiB, 23028 MiB
2026/02/25 17:17:12.162, 0, NVIDIA A10G, 0 %, 0 %, 1781 MiB, 23028 MiB
2026/02/25 17:17:12.162, 1, NVIDIA A10G, 0 %, 0 %, 2415 MiB, 23028 MiB
2026/02/25 17:17:12.162, 2, NVIDIA A10G, 0 %, 0 %, 0 MiB, 23028 MiB
2026/02/25 17:17:12.162, 3, NVIDIA A10G, 0 %, 0 %, 0 MiB, 23028 MiB
2026/02/25 17:17:13.163, 0, NVIDIA A10G, 0 %, 0 %, 1781 MiB, 23028 MiB
2026/02/25 17:17:13.163, 1, NVIDIA A10G, 0 %, 0 %, 2415 MiB, 23028 MiB
2026/02/25 17:17:13.163, 2, NVIDIA A10G, 0 %, 0 %, 0 MiB, 23028 MiB
2026/02/25 17:17:13.163, 3, NVIDIA A10G, 0 %, 0 %, 0 MiB, 23028 MiB
2026/02/25 17:17:14.163, 0, NVIDIA A10G, 0 %, 0 %, 1781 MiB, 23028 MiB
2026/02/25 17:17:14.163, 1, NVIDIA A10G, 0 %, 0 %, 2415 MiB, 23028 MiB
2026/02/25 17:17:14.163, 2, NVIDIA A10G, 0 %, 0 %, 0 MiB, 23028 MiB
2026/02/25 17:17:14.163, 3, NVIDIA A10G, 0 %, 0 %, 0 MiB, 23028 MiB
2026/02/25 17:17:15.163, 0, NVIDIA A10G, 0 %, 0 %, 1781 MiB, 23028 MiB
2026/02/25 17:17:15.163, 1, NVIDIA A10G, 0 %, 0 %, 2415 MiB, 23028 MiB
2026/02/25 17:17:15.163, 2, NVIDIA A10G, 0 %, 0 %, 0 MiB, 23028 MiB
2026/02/25 17:17:15.164, 3, NVIDIA A10G, 0 %, 0 %, 0 MiB, 23028 MiB
2026/02/25 17:17:16.164, 0, NVIDIA A10G, 0 %, 0 %, 1781 MiB, 23028 MiB
2026/02/25 17:17:16.164, 1, NVIDIA A10G, 0 %, 0 %, 2415 MiB, 23028 MiB
2026/02/25 17:17:16.164, 2, NVIDIA A10G, 0 %, 0 %, 0 MiB, 23028 MiB
2026/02/25 17:17:16.164, 3, NVIDIA A10G, 0 %, 0 %, 0 MiB, 23028 MiB
2026/02/25 17:17:17.164, 0, NVIDIA A10G, 0 %, 0 %, 1781 MiB, 23028 MiB
2026/02/25 17:17:17.164, 1, NVIDIA A10G, 0 %, 0 %, 2415 MiB, 23028 MiB
2026/02/25 17:17:17.164, 2, NVIDIA A10G, 0 %, 0 %, 0 MiB, 23028 MiB
2026/02/25 17:17:17.164, 3, NVIDIA A10G, 0 %, 0 %, 0 MiB, 23028 MiB
2026/02/25 17:17:18.165, 0, NVIDIA A10G, 0 %, 0 %, 1781 MiB, 23028 MiB
2026/02/25 17:17:18.165, 1, NVIDIA A10G, 42 %, 29 %, 2415 MiB, 23028 MiB
2026/02/25 17:17:18.165, 2, NVIDIA A10G, 0 %, 0 %, 0 MiB, 23028 MiB
2026/02/25 17:17:18.165, 3, NVIDIA A10G, 0 %, 0 %, 0 MiB, 23028 MiB
2026/02/25 17:17:19.165, 0, NVIDIA A10G, 0 %, 0 %, 1781 MiB, 23028 MiB
2026/02/25 17:17:19.165, 1, NVIDIA A10G, 11 %, 4 %, 2415 MiB, 23028 MiB
2026/02/25 17:17:19.165, 2, NVIDIA A10G, 0 %, 0 %, 0 MiB, 23028 MiB
2026/02/25 17:17:19.165, 3, NVIDIA A10G, 0 %, 0 %, 0 MiB, 23028 MiB
2026/02/25 17:17:20.165, 0, NVIDIA A10G, 20 %, 7 %, 1781 MiB, 23028 MiB
2026/02/25 17:17:20.165, 1, NVIDIA A10G, 20 %, 7 %, 2415 MiB, 23028 MiB
2026/02/25 17:17:20.165, 2, NVIDIA A10G, 0 %, 0 %, 0 MiB, 23028 MiB
2026/02/25 17:17:20.165, 3, NVIDIA A10G, 0 %, 0 %, 0 MiB, 23028 MiB
2026/02/25 17:17:21.166, 0, NVIDIA A10G, 21 %, 7 %, 1781 MiB, 23028 MiB
2026/02/25 17:17:21.166, 1, NVIDIA A10G, 20 %, 7 %, 2415 MiB, 23028 MiB
2026/02/25 17:17:21.166, 2, NVIDIA A10G, 0 %, 0 %, 0 MiB, 23028 MiB
2026/02/25 17:17:21.166, 3, NVIDIA A10G, 0 %, 0 %, 0 MiB, 23028 MiB
2026/02/25 17:17:22.166, 0, NVIDIA A10G, 21 %, 7 %, 1781 MiB, 23028 MiB
2026/02/25 17:17:22.166, 1, NVIDIA A10G, 22 %, 7 %, 2415 MiB, 23028 MiB
2026/02/25 17:17:22.166, 2, NVIDIA A10G, 0 %, 0 %, 0 MiB, 23028 MiB
2026/02/25 17:17:22.166, 3, NVIDIA A10G, 0 %, 0 %, 0 MiB, 23028 MiB
2026/02/25 17:17:23.166, 0, NVIDIA A10G, 21 %, 7 %, 1781 MiB, 23028 MiB
2026/02/25 17:17:23.166, 1, NVIDIA A10G, 22 %, 7 %, 2415 MiB, 23028 MiB
2026/02/25 17:17:23.166, 2, NVIDIA A10G, 0 %, 0 %, 0 MiB, 23028 MiB
2026/02/25 17:17:23.166, 3, NVIDIA A10G, 0 %, 0 %, 0 MiB, 23028 MiB
2026/02/25 17:17:24.167, 0, NVIDIA A10G, 19 %, 7 %, 1781 MiB, 23028 MiB
2026/02/25 17:17:24.167, 1, NVIDIA A10G, 22 %, 7 %, 2415 MiB, 23028 MiB
2026/02/25 17:17:24.167, 2, NVIDIA A10G, 0 %, 0 %, 0 MiB, 23028 MiB
2026/02/25 17:17:24.167, 3, NVIDIA A10G, 0 %, 0 %, 0 MiB, 23028 MiB
2026/02/25 17:17:25.167, 0, NVIDIA A10G, 21 %, 7 %, 1781 MiB, 23028 MiB
2026/02/25 17:17:25.167, 1, NVIDIA A10G, 21 %, 7 %, 2415 MiB, 23028 MiB
2026/02/25 17:17:25.167, 2, NVIDIA A10G, 0 %, 0 %, 0 MiB, 23028 MiB
2026/02/25 17:17:25.167, 3, NVIDIA A10G, 0 %, 0 %, 0 MiB, 23028 MiB
2026/02/25 17:17:26.167, 0, NVIDIA A10G, 20 %, 7 %, 1781 MiB, 23028 MiB
2026/02/25 17:17:26.167, 1, NVIDIA A10G, 17 %, 5 %, 2415 MiB, 23028 MiB
2026/02/25 17:17:26.167, 2, NVIDIA A10G, 0 %, 0 %, 0 MiB, 23028 MiB
2026/02/25 17:17:26.167, 3, NVIDIA A10G, 0 %, 0 %, 0 MiB, 23028 MiB
2026/02/25 17:17:27.168, 0, NVIDIA A10G, 19 %, 6 %, 1781 MiB, 23028 MiB
2026/02/25 17:17:27.168, 1, NVIDIA A10G, 22 %, 8 %, 2415 MiB, 23028 MiB
2026/02/25 17:17:27.168, 2, NVIDIA A10G, 0 %, 0 %, 0 MiB, 23028 MiB
2026/02/25 17:17:27.168, 3, NVIDIA A10G, 0 %, 0 %, 0 MiB, 23028 MiB
2026/02/25 17:17:28.168, 0, NVIDIA A10G, 17 %, 6 %, 1781 MiB, 23028 MiB
2026/02/25 17:17:28.168, 1, NVIDIA A10G, 21 %, 7 %, 2415 MiB, 23028 MiB
2026/02/25 17:17:28.168, 2, NVIDIA A10G, 0 %, 0 %, 0 MiB, 23028 MiB
2026/02/25 17:17:28.168, 3, NVIDIA A10G, 0 %, 0 %, 0 MiB, 23028 MiB
2026/02/25 17:17:29.168, 0, NVIDIA A10G, 21 %, 7 %, 1781 MiB, 23028 MiB
2026/02/25 17:17:29.168, 1, NVIDIA A10G, 27 %, 11 %, 2415 MiB, 23028 MiB
2026/02/25 17:17:29.168, 2, NVIDIA A10G, 0 %, 0 %, 0 MiB, 23028 MiB
2026/02/25 17:17:29.169, 3, NVIDIA A10G, 0 %, 0 %, 0 MiB, 23028 MiB
2026/02/25 17:17:30.169, 0, NVIDIA A10G, 22 %, 7 %, 1781 MiB, 23028 MiB
2026/02/25 17:17:30.169, 1, NVIDIA A10G, 18 %, 6 %, 2415 MiB, 23028 MiB
2026/02/25 17:17:30.169, 2, NVIDIA A10G, 0 %, 0 %, 0 MiB, 23028 MiB
2026/02/25 17:17:30.169, 3, NVIDIA A10G, 0 %, 0 %, 0 MiB, 23028 MiB
2026/02/25 17:17:31.169, 0, NVIDIA A10G, 19 %, 7 %, 1781 MiB, 23028 MiB
2026/02/25 17:17:31.169, 1, NVIDIA A10G, 21 %, 7 %, 2415 MiB, 23028 MiB
2026/02/25 17:17:31.169, 2, NVIDIA A10G, 0 %, 0 %, 0 MiB, 23028 MiB
2026/02/25 17:17:31.169, 3, NVIDIA A10G, 0 %, 0 %, 0 MiB, 23028 MiB
2026/02/25 17:17:32.169, 0, NVIDIA A10G, 20 %, 7 %, 1781 MiB, 23028 MiB
2026/02/25 17:17:32.169, 1, NVIDIA A10G, 20 %, 6 %, 2415 MiB, 23028 MiB
2026/02/25 17:17:32.169, 2, NVIDIA A10G, 0 %, 0 %, 0 MiB, 23028 MiB
2026/02/25 17:17:32.169, 3, NVIDIA A10G, 0 %, 0 %, 0 MiB, 23028 MiB
2026/02/25 17:17:33.170, 0, NVIDIA A10G, 22 %, 8 %, 1781 MiB, 23028 MiB
2026/02/25 17:17:33.170, 1, NVIDIA A10G, 20 %, 7 %, 2415 MiB, 23028 MiB
2026/02/25 17:17:33.170, 2, NVIDIA A10G, 0 %, 0 %, 0 MiB, 23028 MiB
2026/02/25 17:17:33.170, 3, NVIDIA A10G, 0 %, 0 %, 0 MiB, 23028 MiB
2026/02/25 17:17:34.170, 0, NVIDIA A10G, 4 %, 1 %, 1781 MiB, 23028 MiB
2026/02/25 17:17:34.170, 1, NVIDIA A10G, 22 %, 8 %, 2415 MiB, 23028 MiB
2026/02/25 17:17:34.170, 2, NVIDIA A10G, 0 %, 0 %, 0 MiB, 23028 MiB
2026/02/25 17:17:34.170, 3, NVIDIA A10G, 0 %, 0 %, 0 MiB, 23028 MiB
2026/02/25 17:17:35.170, 0, NVIDIA A10G, 0 %, 0 %, 1781 MiB, 23028 MiB
2026/02/25 17:17:35.170, 1, NVIDIA A10G, 21 %, 7 %, 2415 MiB, 23028 MiB
2026/02/25 17:17:35.170, 2, NVIDIA A10G, 0 %, 0 %, 0 MiB, 23028 MiB
2026/02/25 17:17:35.171, 3, NVIDIA A10G, 0 %, 0 %, 0 MiB, 23028 MiB
2026/02/25 17:17:36.171, 0, NVIDIA A10G, 0 %, 0 %, 1781 MiB, 23028 MiB
2026/02/25 17:17:36.171, 1, NVIDIA A10G, 23 %, 7 %, 2415 MiB, 23028 MiB
2026/02/25 17:17:36.171, 2, NVIDIA A10G, 0 %, 0 %, 0 MiB, 23028 MiB
2026/02/25 17:17:36.171, 3, NVIDIA A10G, 0 %, 0 %, 0 MiB, 23028 MiB
2026/02/25 17:17:37.171, 0, NVIDIA A10G, 0 %, 0 %, 1781 MiB, 23028 MiB
2026/02/25 17:17:37.171, 1, NVIDIA A10G, 21 %, 7 %, 2415 MiB, 23028 MiB
2026/02/25 17:17:37.171, 2, NVIDIA A10G, 0 %, 0 %, 0 MiB, 23028 MiB
2026/02/25 17:17:37.171, 3, NVIDIA A10G, 0 %, 0 %, 0 MiB, 23028 MiB
2026/02/25 17:17:38.171, 0, NVIDIA A10G, 0 %, 0 %, 1781 MiB, 23028 MiB
2026/02/25 17:17:38.171, 1, NVIDIA A10G, 0 %, 0 %, 2415 MiB, 23028 MiB
2026/02/25 17:17:38.171, 2, NVIDIA A10G, 0 %, 0 %, 0 MiB, 23028 MiB
2026/02/25 17:17:38.171, 3, NVIDIA A10G, 0 %, 0 %, 0 MiB, 23028 MiB
2026/02/25 17:17:39.172, 0, NVIDIA A10G, 0 %, 0 %, 1781 MiB, 23028 MiB
2026/02/25 17:17:39.172, 1, NVIDIA A10G, 0 %, 0 %, 2415 MiB, 23028 MiB
2026/02/25 17:17:39.172, 2, NVIDIA A10G, 0 %, 0 %, 0 MiB, 23028 MiB
2026/02/25 17:17:39.172, 3, NVIDIA A10G, 0 %, 0 %, 0 MiB, 23028 MiB
2026/02/25 17:17:40.172, 0, NVIDIA A10G, 0 %, 0 %, 1781 MiB, 23028 MiB
2026/02/25 17:17:40.172, 1, NVIDIA A10G, 0 %, 0 %, 2415 MiB, 23028 MiB
2026/02/25 17:17:40.172, 2, NVIDIA A10G, 0 %, 0 %, 0 MiB, 23028 MiB
2026/02/25 17:17:40.172, 3, NVIDIA A10G, 0 %, 0 %, 0 MiB, 23028 MiB
2026/02/25 17:17:41.172, 0, NVIDIA A10G, 0 %, 0 %, 1781 MiB, 23028 MiB
2026/02/25 17:17:41.172, 1, NVIDIA A10G, 0 %, 0 %, 2415 MiB, 23028 MiB
2026/02/25 17:17:41.172, 2, NVIDIA A10G, 0 %, 0 %, 0 MiB, 23028 MiB
2026/02/25 17:17:41.172, 3, NVIDIA A10G, 0 %, 0 %, 0 MiB, 23028 MiB
2026/02/25 17:17:42.173, 0, NVIDIA A10G, 0 %, 0 %, 1781 MiB, 23028 MiB
2026/02/25 17:17:42.173, 1, NVIDIA A10G, 0 %, 0 %, 2415 MiB, 23028 MiB
2026/02/25 17:17:42.173, 2, NVIDIA A10G, 0 %, 0 %, 0 MiB, 23028 MiB
2026/02/25 17:17:42.173, 3, NVIDIA A10G, 0 %, 0 %, 0 MiB, 23028 MiB
2026/02/25 17:17:43.173, 0, NVIDIA A10G, 0 %, 0 %, 1781 MiB, 23028 MiB
2026/02/25 17:17:43.173, 1, NVIDIA A10G, 0 %, 0 %, 2415 MiB, 23028 MiB
2026/02/25 17:17:43.173, 2, NVIDIA A10G, 0 %, 0 %, 0 MiB, 23028 MiB
2026/02/25 17:17:43.173, 3, NVIDIA A10G, 0 %, 0 %, 0 MiB, 23028 MiB
2026/02/25 17:17:44.174, 0, NVIDIA A10G, 0 %, 0 %, 1781 MiB, 23028 MiB
2026/02/25 17:17:44.174, 1, NVIDIA A10G, 0 %, 0 %, 2415 MiB, 23028 MiB
2026/02/25 17:17:44.174, 2, NVIDIA A10G, 0 %, 0 %, 0 MiB, 23028 MiB
2026/02/25 17:17:44.174, 3, NVIDIA A10G, 0 %, 0 %, 0 MiB, 23028 MiB
2026/02/25 17:17:45.174, 0, NVIDIA A10G, 0 %, 0 %, 1781 MiB, 23028 MiB
2026/02/25 17:17:45.174, 1, NVIDIA A10G, 90 %, 57 %, 2415 MiB, 23028 MiB
2026/02/25 17:17:45.174, 2, NVIDIA A10G, 0 %, 0 %, 0 MiB, 23028 MiB
2026/02/25 17:17:45.174, 3, NVIDIA A10G, 0 %, 0 %, 0 MiB, 23028 MiB
2026/02/25 17:17:46.174, 0, NVIDIA A10G, 0 %, 0 %, 1781 MiB, 23028 MiB
2026/02/25 17:17:46.174, 1, NVIDIA A10G, 21 %, 7 %, 2415 MiB, 23028 MiB
2026/02/25 17:17:46.174, 2, NVIDIA A10G, 0 %, 0 %, 0 MiB, 23028 MiB
2026/02/25 17:17:46.175, 3, NVIDIA A10G, 0 %, 0 %, 0 MiB, 23028 MiB
2026/02/25 17:17:47.175, 0, NVIDIA A10G, 4 %, 3 %, 1781 MiB, 23028 MiB
2026/02/25 17:17:47.175, 1, NVIDIA A10G, 19 %, 6 %, 2415 MiB, 23028 MiB
2026/02/25 17:17:47.175, 2, NVIDIA A10G, 0 %, 0 %, 0 MiB, 23028 MiB
2026/02/25 17:17:47.175, 3, NVIDIA A10G, 0 %, 0 %, 0 MiB, 23028 MiB
2026/02/25 17:17:48.175, 0, NVIDIA A10G, 0 %, 0 %, 1781 MiB, 23028 MiB
2026/02/25 17:17:48.175, 1, NVIDIA A10G, 20 %, 6 %, 2415 MiB, 23028 MiB
2026/02/25 17:17:48.175, 2, NVIDIA A10G, 0 %, 0 %, 0 MiB, 23028 MiB
2026/02/25 17:17:48.175, 3, NVIDIA A10G, 0 %, 0 %, 0 MiB, 23028 MiB
2026/02/25 17:17:49.175, 0, NVIDIA A10G, 22 %, 8 %, 1781 MiB, 23028 MiB
2026/02/25 17:17:49.176, 1, NVIDIA A10G, 18 %, 5 %, 2415 MiB, 23028 MiB
2026/02/25 17:17:49.176, 2, NVIDIA A10G, 0 %, 0 %, 0 MiB, 23028 MiB
2026/02/25 17:17:49.176, 3, NVIDIA A10G, 0 %, 0 %, 0 MiB, 23028 MiB
2026/02/25 17:17:50.176, 0, NVIDIA A10G, 22 %, 8 %, 1781 MiB, 23028 MiB
2026/02/25 17:17:50.176, 1, NVIDIA A10G, 21 %, 7 %, 2415 MiB, 23028 MiB
2026/02/25 17:17:50.176, 2, NVIDIA A10G, 0 %, 0 %, 0 MiB, 23028 MiB
2026/02/25 17:17:50.176, 3, NVIDIA A10G, 0 %, 0 %, 0 MiB, 23028 MiB
2026/02/25 17:17:51.176, 0, NVIDIA A10G, 20 %, 7 %, 1781 MiB, 23028 MiB
2026/02/25 17:17:51.176, 1, NVIDIA A10G, 20 %, 7 %, 2415 MiB, 23028 MiB
2026/02/25 17:17:51.176, 2, NVIDIA A10G, 0 %, 0 %, 0 MiB, 23028 MiB
2026/02/25 17:17:51.176, 3, NVIDIA A10G, 0 %, 0 %, 0 MiB, 23028 MiB
2026/02/25 17:17:52.177, 0, NVIDIA A10G, 21 %, 8 %, 1781 MiB, 23028 MiB
2026/02/25 17:17:52.177, 1, NVIDIA A10G, 17 %, 6 %, 2415 MiB, 23028 MiB
2026/02/25 17:17:52.177, 2, NVIDIA A10G, 0 %, 0 %, 0 MiB, 23028 MiB
2026/02/25 17:17:52.177, 3, NVIDIA A10G, 0 %, 0 %, 0 MiB, 23028 MiB
2026/02/25 17:17:53.177, 0, NVIDIA A10G, 23 %, 8 %, 1781 MiB, 23028 MiB
2026/02/25 17:17:53.177, 1, NVIDIA A10G, 19 %, 6 %, 2415 MiB, 23028 MiB
2026/02/25 17:17:53.177, 2, NVIDIA A10G, 0 %, 0 %, 0 MiB, 23028 MiB
2026/02/25 17:17:53.177, 3, NVIDIA A10G, 0 %, 0 %, 0 MiB, 23028 MiB
2026/02/25 17:17:54.177, 0, NVIDIA A10G, 23 %, 9 %, 1781 MiB, 23028 MiB
2026/02/25 17:17:54.177, 1, NVIDIA A10G, 21 %, 7 %, 2415 MiB, 23028 MiB
2026/02/25 17:17:54.177, 2, NVIDIA A10G, 0 %, 0 %, 0 MiB, 23028 MiB
2026/02/25 17:17:54.177, 3, NVIDIA A10G, 0 %, 0 %, 0 MiB, 23028 MiB
2026/02/25 17:17:55.178, 0, NVIDIA A10G, 20 %, 7 %, 1781 MiB, 23028 MiB
2026/02/25 17:17:55.178, 1, NVIDIA A10G, 18 %, 6 %, 2415 MiB, 23028 MiB
2026/02/25 17:17:55.178, 2, NVIDIA A10G, 0 %, 0 %, 0 MiB, 23028 MiB
2026/02/25 17:17:55.178, 3, NVIDIA A10G, 0 %, 0 %, 0 MiB, 23028 MiB
2026/02/25 17:17:56.178, 0, NVIDIA A10G, 19 %, 7 %, 1781 MiB, 23028 MiB
2026/02/25 17:17:56.178, 1, NVIDIA A10G, 13 %, 4 %, 2415 MiB, 23028 MiB
2026/02/25 17:17:56.178, 2, NVIDIA A10G, 0 %, 0 %, 0 MiB, 23028 MiB
2026/02/25 17:17:56.178, 3, NVIDIA A10G, 0 %, 0 %, 0 MiB, 23028 MiB
2026/02/25 17:17:57.178, 0, NVIDIA A10G, 22 %, 8 %, 1781 MiB, 23028 MiB
2026/02/25 17:17:57.178, 1, NVIDIA A10G, 0 %, 0 %, 2415 MiB, 23028 MiB
2026/02/25 17:17:57.178, 2, NVIDIA A10G, 0 %, 0 %, 0 MiB, 23028 MiB
2026/02/25 17:17:57.178, 3, NVIDIA A10G, 0 %, 0 %, 0 MiB, 23028 MiB
2026/02/25 17:17:58.179, 0, NVIDIA A10G, 23 %, 8 %, 1781 MiB, 23028 MiB
2026/02/25 17:17:58.179, 1, NVIDIA A10G, 0 %, 0 %, 2415 MiB, 23028 MiB
2026/02/25 17:17:58.179, 2, NVIDIA A10G, 0 %, 0 %, 0 MiB, 23028 MiB
2026/02/25 17:17:58.179, 3, NVIDIA A10G, 0 %, 0 %, 0 MiB, 23028 MiB
2026/02/25 17:17:59.179, 0, NVIDIA A10G, 22 %, 8 %, 1781 MiB, 23028 MiB
2026/02/25 17:17:59.179, 1, NVIDIA A10G, 21 %, 7 %, 2415 MiB, 23028 MiB
2026/02/25 17:17:59.179, 2, NVIDIA A10G, 0 %, 0 %, 0 MiB, 23028 MiB
2026/02/25 17:17:59.179, 3, NVIDIA A10G, 0 %, 0 %, 0 MiB, 23028 MiB
2026/02/25 17:18:00.179, 0, NVIDIA A10G, 22 %, 8 %, 1781 MiB, 23028 MiB
2026/02/25 17:18:00.179, 1, NVIDIA A10G, 22 %, 8 %, 2415 MiB, 23028 MiB
2026/02/25 17:18:00.179, 2, NVIDIA A10G, 0 %, 0 %, 0 MiB, 23028 MiB
2026/02/25 17:18:00.179, 3, NVIDIA A10G, 0 %, 0 %, 0 MiB, 23028 MiB
2026/02/25 17:18:01.180, 0, NVIDIA A10G, 21 %, 8 %, 1781 MiB, 23028 MiB
2026/02/25 17:18:01.180, 1, NVIDIA A10G, 19 %, 7 %, 2415 MiB, 23028 MiB
2026/02/25 17:18:01.180, 2, NVIDIA A10G, 0 %, 0 %, 0 MiB, 23028 MiB
2026/02/25 17:18:01.180, 3, NVIDIA A10G, 0 %, 0 %, 0 MiB, 23028 MiB
2026/02/25 17:18:02.180, 0, NVIDIA A10G, 0 %, 0 %, 1781 MiB, 23028 MiB
2026/02/25 17:18:02.180, 1, NVIDIA A10G, 0 %, 0 %, 2415 MiB, 23028 MiB
2026/02/25 17:18:02.180, 2, NVIDIA A10G, 0 %, 0 %, 0 MiB, 23028 MiB
2026/02/25 17:18:02.180, 3, NVIDIA A10G, 0 %, 0 %, 0 MiB, 23028 MiB
2026/02/25 17:18:03.180, 0, NVIDIA A10G, 0 %, 0 %, 1781 MiB, 23028 MiB
2026/02/25 17:18:03.181, 1, NVIDIA A10G, 0 %, 0 %, 2415 MiB, 23028 MiB
2026/02/25 17:18:03.181, 2, NVIDIA A10G, 0 %, 0 %, 0 MiB, 23028 MiB
2026/02/25 17:18:03.181, 3, NVIDIA A10G, 0 %, 0 %, 0 MiB, 23028 MiB
2026/02/25 17:18:04.181, 0, NVIDIA A10G, 0 %, 0 %, 1781 MiB, 23028 MiB
2026/02/25 17:18:04.181, 1, NVIDIA A10G, 0 %, 0 %, 2415 MiB, 23028 MiB
2026/02/25 17:18:04.181, 2, NVIDIA A10G, 0 %, 0 %, 0 MiB, 23028 MiB
2026/02/25 17:18:04.181, 3, NVIDIA A10G, 0 %, 0 %, 0 MiB, 23028 MiB
2026/02/25 17:18:05.181, 0, NVIDIA A10G, 0 %, 0 %, 1781 MiB, 23028 MiB
2026/02/25 17:18:05.181, 1, NVIDIA A10G, 0 %, 0 %, 2415 MiB, 23028 MiB
2026/02/25 17:18:05.181, 2, NVIDIA A10G, 0 %, 0 %, 0 MiB, 23028 MiB
2026/02/25 17:18:05.181, 3, NVIDIA A10G, 0 %, 0 %, 0 MiB, 23028 MiB
2026/02/25 17:18:06.182, 0, NVIDIA A10G, 22 %, 8 %, 1781 MiB, 23028 MiB
2026/02/25 17:18:06.182, 1, NVIDIA A10G, 0 %, 0 %, 2415 MiB, 23028 MiB
2026/02/25 17:18:06.182, 2, NVIDIA A10G, 0 %, 0 %, 0 MiB, 23028 MiB
2026/02/25 17:18:06.182, 3, NVIDIA A10G, 0 %, 0 %, 0 MiB, 23028 MiB
2026/02/25 17:18:07.182, 0, NVIDIA A10G, 21 %, 7 %, 1781 MiB, 23028 MiB
2026/02/25 17:18:07.182, 1, NVIDIA A10G, 0 %, 0 %, 2415 MiB, 23028 MiB
2026/02/25 17:18:07.182, 2, NVIDIA A10G, 0 %, 0 %, 0 MiB, 23028 MiB
2026/02/25 17:18:07.182, 3, NVIDIA A10G, 0 %, 0 %, 0 MiB, 23028 MiB
2026/02/25 17:18:08.182, 0, NVIDIA A10G, 20 %, 7 %, 1781 MiB, 23028 MiB
2026/02/25 17:18:08.182, 1, NVIDIA A10G, 0 %, 0 %, 2415 MiB, 23028 MiB
2026/02/25 17:18:08.182, 2, NVIDIA A10G, 0 %, 0 %, 0 MiB, 23028 MiB
2026/02/25 17:18:08.182, 3, NVIDIA A10G, 0 %, 0 %, 0 MiB, 23028 MiB
2026/02/25 17:18:09.182, 0, NVIDIA A10G, 23 %, 8 %, 1781 MiB, 23028 MiB
2026/02/25 17:18:09.183, 1, NVIDIA A10G, 0 %, 0 %, 2415 MiB, 23028 MiB
2026/02/25 17:18:09.183, 2, NVIDIA A10G, 0 %, 0 %, 0 MiB, 23028 MiB
2026/02/25 17:18:09.183, 3, NVIDIA A10G, 0 %, 0 %, 0 MiB, 23028 MiB
2026/02/25 17:18:10.183, 0, NVIDIA A10G, 21 %, 7 %, 1781 MiB, 23028 MiB
2026/02/25 17:18:10.183, 1, NVIDIA A10G, 0 %, 0 %, 2415 MiB, 23028 MiB
2026/02/25 17:18:10.183, 2, NVIDIA A10G, 0 %, 0 %, 0 MiB, 23028 MiB
2026/02/25 17:18:10.183, 3, NVIDIA A10G, 0 %, 0 %, 0 MiB, 23028 MiB
2026/02/25 17:18:11.183, 0, NVIDIA A10G, 0 %, 0 %, 1781 MiB, 23028 MiB
2026/02/25 17:18:11.183, 1, NVIDIA A10G, 0 %, 0 %, 2415 MiB, 23028 MiB
2026/02/25 17:18:11.183, 2, NVIDIA A10G, 0 %, 0 %, 0 MiB, 23028 MiB
2026/02/25 17:18:11.183, 3, NVIDIA A10G, 0 %, 0 %, 0 MiB, 23028 MiB
2026/02/25 17:18:12.183, 0, NVIDIA A10G, 0 %, 0 %, 1781 MiB, 23028 MiB
2026/02/25 17:18:12.184, 1, NVIDIA A10G, 0 %, 0 %, 2415 MiB, 23028 MiB
2026/02/25 17:18:12.185, 2, NVIDIA A10G, 0 %, 0 %, 0 MiB, 23028 MiB
2026/02/25 17:18:12.186, 3, NVIDIA A10G, 0 %, 0 %, 0 MiB, 23028 MiB
2026/02/25 17:18:13.187, 0, NVIDIA A10G, 0 %, 0 %, 0 MiB, 23028 MiB
2026/02/25 17:18:13.188, 1, NVIDIA A10G, 0 %, 0 %, 2415 MiB, 23028 MiB
2026/02/25 17:18:13.188, 2, NVIDIA A10G, 0 %, 0 %, 0 MiB, 23028 MiB
2026/02/25 17:18:13.188, 3, NVIDIA A10G, 0 %, 0 %, 0 MiB, 23028 MiB
2026/02/25 17:18:14.188, 0, NVIDIA A10G, 0 %, 0 %, 0 MiB, 23028 MiB
2026/02/25 17:18:14.188, 1, NVIDIA A10G, 0 %, 0 %, 2415 MiB, 23028 MiB
2026/02/25 17:18:14.188, 2, NVIDIA A10G, 0 %, 0 %, 0 MiB, 23028 MiB
2026/02/25 17:18:14.188, 3, NVIDIA A10G, 0 %, 0 %, 0 MiB, 23028 MiB
2026/02/25 17:18:15.188, 0, NVIDIA A10G, 0 %, 0 %, 0 MiB, 23028 MiB
2026/02/25 17:18:15.188, 1, NVIDIA A10G, 0 %, 0 %, 2415 MiB, 23028 MiB
2026/02/25 17:18:15.188, 2, NVIDIA A10G, 0 %, 0 %, 0 MiB, 23028 MiB
2026/02/25 17:18:15.189, 3, NVIDIA A10G, 0 %, 0 %, 0 MiB, 23028 MiB
2026/02/25 17:18:16.189, 0, NVIDIA A10G, 0 %, 0 %, 0 MiB, 23028 MiB
2026/02/25 17:18:16.189, 1, NVIDIA A10G, 0 %, 0 %, 2415 MiB, 23028 MiB
2026/02/25 17:18:16.189, 2, NVIDIA A10G, 0 %, 0 %, 0 MiB, 23028 MiB
2026/02/25 17:18:16.189, 3, NVIDIA A10G, 0 %, 0 %, 0 MiB, 23028 MiB
2026/02/25 17:18:17.189, 0, NVIDIA A10G, 0 %, 0 %, 0 MiB, 23028 MiB
2026/02/25 17:18:17.189, 1, NVIDIA A10G, 0 %, 0 %, 2415 MiB, 23028 MiB
2026/02/25 17:18:17.189, 2, NVIDIA A10G, 0 %, 0 %, 0 MiB, 23028 MiB
2026/02/25 17:18:17.189, 3, NVIDIA A10G, 0 %, 0 %, 0 MiB, 23028 MiB
2026/02/25 17:18:18.189, 0, NVIDIA A10G, 0 %, 0 %, 0 MiB, 23028 MiB
2026/02/25 17:18:18.189, 1, NVIDIA A10G, 0 %, 0 %, 2415 MiB, 23028 MiB
2026/02/25 17:18:18.190, 2, NVIDIA A10G, 0 %, 0 %, 0 MiB, 23028 MiB
2026/02/25 17:18:18.190, 3, NVIDIA A10G, 0 %, 0 %, 0 MiB, 23028 MiB
2026/02/25 17:18:19.190, 0, NVIDIA A10G, 0 %, 0 %, 0 MiB, 23028 MiB
2026/02/25 17:18:19.190, 1, NVIDIA A10G, 22 %, 8 %, 2415 MiB, 23028 MiB
2026/02/25 17:18:19.190, 2, NVIDIA A10G, 0 %, 0 %, 0 MiB, 23028 MiB
2026/02/25 17:18:19.190, 3, NVIDIA A10G, 0 %, 0 %, 0 MiB, 23028 MiB
2026/02/25 17:18:20.190, 0, NVIDIA A10G, 0 %, 0 %, 0 MiB, 23028 MiB
2026/02/25 17:18:20.190, 1, NVIDIA A10G, 21 %, 7 %, 2415 MiB, 23028 MiB
2026/02/25 17:18:20.190, 2, NVIDIA A10G, 0 %, 0 %, 0 MiB, 23028 MiB
2026/02/25 17:18:20.190, 3, NVIDIA A10G, 0 %, 0 %, 0 MiB, 23028 MiB
2026/02/25 17:18:21.190, 0, NVIDIA A10G, 0 %, 0 %, 0 MiB, 23028 MiB
2026/02/25 17:18:21.190, 1, NVIDIA A10G, 22 %, 7 %, 2415 MiB, 23028 MiB
2026/02/25 17:18:21.190, 2, NVIDIA A10G, 0 %, 0 %, 0 MiB, 23028 MiB
2026/02/25 17:18:21.190, 3, NVIDIA A10G, 0 %, 0 %, 0 MiB, 23028 MiB
2026/02/25 17:18:22.191, 0, NVIDIA A10G, 0 %, 0 %, 0 MiB, 23028 MiB
2026/02/25 17:18:22.191, 1, NVIDIA A10G, 22 %, 7 %, 2415 MiB, 23028 MiB
2026/02/25 17:18:22.191, 2, NVIDIA A10G, 0 %, 0 %, 0 MiB, 23028 MiB
2026/02/25 17:18:22.191, 3, NVIDIA A10G, 0 %, 0 %, 0 MiB, 23028 MiB
2026/02/25 17:18:23.191, 0, NVIDIA A10G, 0 %, 0 %, 0 MiB, 23028 MiB
2026/02/25 17:18:23.191, 1, NVIDIA A10G, 21 %, 7 %, 2415 MiB, 23028 MiB
2026/02/25 17:18:23.191, 2, NVIDIA A10G, 0 %, 0 %, 0 MiB, 23028 MiB
2026/02/25 17:18:23.191, 3, NVIDIA A10G, 0 %, 0 %, 0 MiB, 23028 MiB
2026/02/25 17:18:24.191, 0, NVIDIA A10G, 0 %, 0 %, 0 MiB, 23028 MiB
2026/02/25 17:18:24.191, 1, NVIDIA A10G, 23 %, 8 %, 2415 MiB, 23028 MiB
2026/02/25 17:18:24.191, 2, NVIDIA A10G, 0 %, 0 %, 0 MiB, 23028 MiB
2026/02/25 17:18:24.191, 3, NVIDIA A10G, 0 %, 0 %, 0 MiB, 23028 MiB
2026/02/25 17:18:25.192, 0, NVIDIA A10G, 0 %, 0 %, 0 MiB, 23028 MiB
2026/02/25 17:18:25.192, 1, NVIDIA A10G, 23 %, 8 %, 2415 MiB, 23028 MiB
2026/02/25 17:18:25.192, 2, NVIDIA A10G, 0 %, 0 %, 0 MiB, 23028 MiB
2026/02/25 17:18:25.192, 3, NVIDIA A10G, 0 %, 0 %, 0 MiB, 23028 MiB
2026/02/25 17:18:26.192, 0, NVIDIA A10G, 0 %, 0 %, 0 MiB, 23028 MiB
2026/02/25 17:18:26.192, 1, NVIDIA A10G, 20 %, 7 %, 2415 MiB, 23028 MiB
2026/02/25 17:18:26.192, 2, NVIDIA A10G, 0 %, 0 %, 0 MiB, 23028 MiB
2026/02/25 17:18:26.192, 3, NVIDIA A10G, 0 %, 0 %, 0 MiB, 23028 MiB
2026/02/25 17:18:27.192, 0, NVIDIA A10G, 0 %, 0 %, 0 MiB, 23028 MiB
2026/02/25 17:18:27.192, 1, NVIDIA A10G, 22 %, 7 %, 2415 MiB, 23028 MiB
2026/02/25 17:18:27.192, 2, NVIDIA A10G, 0 %, 0 %, 0 MiB, 23028 MiB
2026/02/25 17:18:27.193, 3, NVIDIA A10G, 0 %, 0 %, 0 MiB, 23028 MiB
2026/02/25 17:18:28.193, 0, NVIDIA A10G, 0 %, 0 %, 0 MiB, 23028 MiB
2026/02/25 17:18:28.193, 1, NVIDIA A10G, 23 %, 8 %, 2415 MiB, 23028 MiB
2026/02/25 17:18:28.193, 2, NVIDIA A10G, 0 %, 0 %, 0 MiB, 23028 MiB
2026/02/25 17:18:28.193, 3, NVIDIA A10G, 0 %, 0 %, 0 MiB, 23028 MiB
2026/02/25 17:18:29.193, 0, NVIDIA A10G, 0 %, 0 %, 0 MiB, 23028 MiB
2026/02/25 17:18:29.193, 1, NVIDIA A10G, 21 %, 8 %, 2415 MiB, 23028 MiB
2026/02/25 17:18:29.193, 2, NVIDIA A10G, 0 %, 0 %, 0 MiB, 23028 MiB
2026/02/25 17:18:29.193, 3, NVIDIA A10G, 0 %, 0 %, 0 MiB, 23028 MiB
2026/02/25 17:18:30.193, 0, NVIDIA A10G, 0 %, 0 %, 0 MiB, 23028 MiB
2026/02/25 17:18:30.193, 1, NVIDIA A10G, 21 %, 7 %, 2415 MiB, 23028 MiB
2026/02/25 17:18:30.194, 2, NVIDIA A10G, 0 %, 0 %, 0 MiB, 23028 MiB
2026/02/25 17:18:30.194, 3, NVIDIA A10G, 0 %, 0 %, 0 MiB, 23028 MiB
2026/02/25 17:18:31.194, 0, NVIDIA A10G, 0 %, 0 %, 0 MiB, 23028 MiB
2026/02/25 17:18:31.194, 1, NVIDIA A10G, 22 %, 7 %, 2415 MiB, 23028 MiB
2026/02/25 17:18:31.194, 2, NVIDIA A10G, 0 %, 0 %, 0 MiB, 23028 MiB
2026/02/25 17:18:31.194, 3, NVIDIA A10G, 0 %, 0 %, 0 MiB, 23028 MiB
2026/02/25 17:18:32.194, 0, NVIDIA A10G, 0 %, 0 %, 0 MiB, 23028 MiB
2026/02/25 17:18:32.194, 1, NVIDIA A10G, 20 %, 7 %, 2415 MiB, 23028 MiB
2026/02/25 17:18:32.194, 2, NVIDIA A10G, 0 %, 0 %, 0 MiB, 23028 MiB
2026/02/25 17:18:32.194, 3, NVIDIA A10G, 0 %, 0 %, 0 MiB, 23028 MiB
2026/02/25 17:18:33.194, 0, NVIDIA A10G, 0 %, 0 %, 0 MiB, 23028 MiB
2026/02/25 17:18:33.194, 1, NVIDIA A10G, 23 %, 8 %, 2415 MiB, 23028 MiB
2026/02/25 17:18:33.195, 2, NVIDIA A10G, 0 %, 0 %, 0 MiB, 23028 MiB
2026/02/25 17:18:33.195, 3, NVIDIA A10G, 0 %, 0 %, 0 MiB, 23028 MiB
2026/02/25 17:18:34.195, 0, NVIDIA A10G, 0 %, 0 %, 0 MiB, 23028 MiB
2026/02/25 17:18:34.195, 1, NVIDIA A10G, 22 %, 8 %, 2415 MiB, 23028 MiB
2026/02/25 17:18:34.195, 2, NVIDIA A10G, 0 %, 0 %, 0 MiB, 23028 MiB
2026/02/25 17:18:34.195, 3, NVIDIA A10G, 0 %, 0 %, 0 MiB, 23028 MiB
2026/02/25 17:18:35.195, 0, NVIDIA A10G, 0 %, 0 %, 0 MiB, 23028 MiB
2026/02/25 17:18:35.195, 1, NVIDIA A10G, 23 %, 8 %, 2415 MiB, 23028 MiB
2026/02/25 17:18:35.195, 2, NVIDIA A10G, 0 %, 0 %, 0 MiB, 23028 MiB
2026/02/25 17:18:35.195, 3, NVIDIA A10G, 0 %, 0 %, 0 MiB, 23028 MiB
2026/02/25 17:18:36.195, 0, NVIDIA A10G, 0 %, 0 %, 0 MiB, 23028 MiB
2026/02/25 17:18:36.195, 1, NVIDIA A10G, 18 %, 5 %, 2415 MiB, 23028 MiB
2026/02/25 17:18:36.195, 2, NVIDIA A10G, 0 %, 0 %, 0 MiB, 23028 MiB
2026/02/25 17:18:36.195, 3, NVIDIA A10G, 0 %, 0 %, 0 MiB, 23028 MiB
2026/02/25 17:18:37.196, 0, NVIDIA A10G, 0 %, 0 %, 0 MiB, 23028 MiB
2026/02/25 17:18:37.196, 1, NVIDIA A10G, 0 %, 0 %, 2415 MiB, 23028 MiB
2026/02/25 17:18:37.196, 2, NVIDIA A10G, 0 %, 0 %, 0 MiB, 23028 MiB
2026/02/25 17:18:37.196, 3, NVIDIA A10G, 0 %, 0 %, 0 MiB, 23028 MiB
2026/02/25 17:18:38.196, 0, NVIDIA A10G, 0 %, 0 %, 0 MiB, 23028 MiB
2026/02/25 17:18:38.196, 1, NVIDIA A10G, 0 %, 0 %, 2415 MiB, 23028 MiB
2026/02/25 17:18:38.196, 2, NVIDIA A10G, 0 %, 0 %, 0 MiB, 23028 MiB
2026/02/25 17:18:38.196, 3, NVIDIA A10G, 0 %, 0 %, 0 MiB, 23028 MiB
