company,emotion,modality,hedges_g,ci_low,ci_high,p_value
KMI,happy,audio,0.002716804995206967,-0.28886742324259795,0.29430103323301193,0.9853305469420268
KMI,happy,text,0.03882316604848798,-0.2527888913694898,0.3304352234664657,0.7933966872005542
KMI,neutral,audio,-0.06552578830569031,-0.35718953890985616,0.22613796229847558,0.6588000852267207
KMI,neutral,text,0.09370742799499913,-0.19803955469192236,0.38545441068192066,0.5261366197205343
KMI,surprise,audio,-0.027060769627267108,-0.31865844847072045,0.2645369092161862,0.8556536476640437
KMI,surprise,text,-0.26024495321575425,-0.5530830607914305,0.032593154359921994,0.08032142691015612
KMI,disgust,audio,0.2974169844076162,0.004196130324268743,0.5906378384909636,0.0469052988318905
KMI,disgust,text,-0.02226440063021955,-0.3138576897655696,0.2693288885051305,0.8806357194570582
KMI,anger,audio,-0.03132454147741063,-0.32292683929266086,0.26027775633783956,0.8338940324203498
KMI,anger,text,0.07500020707021714,-0.21668824050311952,0.3666886546435538,0.6120379347490112
KMI,sadness,audio,-0.040121568264729277,-0.3317355274649082,0.2514923909354496,0.7871009455576877
KMI,sadness,text,0.13634569956636383,-0.15558313646134242,0.4282745355940701,0.35823337971356584
KMI,fear,audio,0.056853560055286675,-0.23479050233609744,0.3484976224466708,0.7018888588892732
KMI,fear,text,-0.06866452902771017,-0.3603360927358682,0.22300703468044789,0.6430180278979278
ABNB,happy,audio,0.184047854755834,-0.09206488202566157,0.4601605915373296,0.19645928743047664
ABNB,happy,text,-0.03150976926778785,-0.307051521559176,0.24403198302360027,0.8223764913555458
ABNB,neutral,audio,-0.02972297831847656,-0.30526282869371013,0.24581687205675704,0.8322958330381679
ABNB,neutral,text,0.10703048593362847,-0.1686930819825438,0.3827540538498007,0.45006212145260466
ABNB,surprise,audio,-0.02278803760635891,-0.2983215575468373,0.25274548233411953,0.8707547368016901
ABNB,surprise,text,0.07596722042872145,-0.1996575794439714,0.3515920203014143,0.5902951426369057
ABNB,disgust,audio,-0.06714822953721822,-0.34275109508879775,0.20845463601436132,0.6338403169042743
ABNB,disgust,text,-0.03938260678645814,-0.31493406095011517,0.23616884737719887,0.7796447611673906
ABNB,anger,audio,0.4525881561293072,0.17352543168734874,0.7316508805712656,0.0012369151259321145
ABNB,anger,text,-0.061917108232372745,-0.3375082396856243,0.21367402322087886,0.6616458380336389
ABNB,sadness,audio,-0.30099662500434204,-0.5780916495856792,-0.02390160042300493,0.03328942267090149
ABNB,sadness,text,-0.13191989336863674,-0.4077467580783334,0.1439069713410599,0.35329938035345926
ABNB,fear,audio,-0.1955243787737712,-0.4717126732571199,0.08066391570957748,0.16324694056132047
ABNB,fear,text,-0.06372652629254966,-0.33932160896254693,0.21186855637744761,0.6505444839815689
PSX,happy,audio,-0.14480252721143047,-0.3749477746051316,0.08534272018227071,0.22676755983473268
PSX,happy,text,-0.013449607389671723,-0.2432950373193824,0.21639582254003897,0.9091577858046319
PSX,neutral,audio,0.04665469296358665,-0.18321953970048177,0.2765289256276551,0.6920568066516625
PSX,neutral,text,0.1939673502998,-0.03641784533571785,0.42435254593531785,0.10325146572478117
PSX,surprise,audio,0.008169648744024927,-0.22167413369258684,0.2380134311806367,0.9449454808428549
PSX,surprise,text,-0.1063777288657482,-0.33638381669599565,0.12362835896449925,0.3686899371439648
PSX,disgust,audio,0.06931933735421145,-0.16059282420500073,0.2992314989134236,0.5577196411820552
PSX,disgust,text,-0.3035742092523061,-0.5347433054033763,-0.07240511310123587,0.01018324367291081
PSX,anger,audio,0.09235293465265683,-0.1376129512703005,0.3223188205756142,0.42733967395432704
PSX,anger,text,-0.0852013890829112,-0.31514895727403314,0.14474617910821078,0.47256077115735906
PSX,sadness,audio,-0.024573582329950515,-0.2544251168083341,0.20527795214843306,0.8353737107731192
PSX,sadness,text,0.013495504750529434,-0.21634994302836957,0.24334095252942844,0.9096618084883296
PSX,fear,audio,0.0057495740770168256,-0.22409372217845824,0.23559287033249188,0.960947083068563
PSX,fear,text,0.02390454194288493,-0.20594652443637268,0.25375560832214256,0.8394274563653814
APD,happy,audio,-0.09260541293147655,-0.4431172550347477,0.25790642917179457,0.6014921205387507
APD,happy,text,0.019056556811900136,-0.3312715523405096,0.3693846659643099,0.9144751800550472
APD,neutral,audio,0.020399851386249123,-0.32992944382923767,0.3707291466017359,0.9087466758870717
APD,neutral,text,0.1171551825730782,-0.23347181696850727,0.4677821821146637,0.511148041624874
APD,surprise,audio,0.22731397305163845,-0.12416043797800694,0.5787883840812839,0.20644822501044702
APD,surprise,text,-0.19876139584457234,-0.5499643502321939,0.15244155854304928,0.26354283483049984
APD,disgust,audio,-0.20848982034245514,-0.5597812021124186,0.1428015614275083,0.2426243627820874
APD,disgust,text,-0.0804397456613225,-0.4309044990795014,0.2700250077568564,0.6496331173659592
APD,anger,audio,-0.08947512066934873,-0.43997421458913955,0.261023973250442,0.6130501979335696
APD,anger,text,0.02649275358537657,-0.3238429351915933,0.3768284423623464,0.8816650223869614
APD,sadness,audio,0.07230970911028593,-0.27812726382882935,0.42274668204940125,0.6841675363985612
APD,sadness,text,0.0769112399105546,-0.2735410936006411,0.4273635734217503,0.6665652360309686
APD,fear,audio,-0.08411466964585598,-0.4345929500135609,0.2663636107218489,0.6374729131540312
APD,fear,text,-0.04717692081857727,-0.39754670658017427,0.3031928649430197,0.7874887487217033
AMZN,happy,audio,-0.19885177775759982,-0.4954713908311425,0.09776783531594285,0.19261010527623296
AMZN,happy,text,-0.08958955667925135,-0.3856271866795023,0.20644807332099963,0.5514346154014309
AMZN,neutral,audio,0.3073750441345452,0.009743654730728024,0.6050064335383624,0.04044109728685305
AMZN,neutral,text,-0.013940782621715475,-0.3098336070490226,0.2819520418055916,0.926977941812487
AMZN,surprise,audio,-0.04457156905874595,-0.3404975373683667,0.2513543992508748,0.7666808277195976
AMZN,surprise,text,-0.054341439224817996,-0.3502852766248877,0.2416023981752517,0.7233654142804231
AMZN,disgust,audio,0.1599685390645125,-0.13639356965352215,0.45633064778254717,0.291797842996485
AMZN,disgust,text,0.14712063653954296,-0.14916861306431592,0.4434098861434018,0.3325345044686512
AMZN,anger,audio,0.15700845092756008,-0.13933633256755143,0.4533532344226716,0.29604543536353806
AMZN,anger,text,0.25162648513958424,-0.045431391653830255,0.5486843619329987,0.09518752326933928
AMZN,sadness,audio,-0.21684024870078117,-0.5135977799673113,0.07991728256574898,0.15466870720288042
AMZN,sadness,text,-0.0494116361826888,-0.3453460159026708,0.2465227435372932,0.7448384540601849
AMZN,fear,audio,-0.27027238007060744,-0.5675094634503932,0.026964703309178273,0.07706069030514498
AMZN,fear,text,-0.011655045705946188,-0.3075467881557637,0.28423669674387136,0.9395994861950661
SYK,happy,audio,-0.028227372955404652,-0.20698859844333223,0.15053385253252294,0.7567971685612513
SYK,happy,text,-0.002796627377531719,-0.18154897605785233,0.1759557213027889,0.9755355006004492
SYK,neutral,audio,0.05487851712053302,-0.12390762598583654,0.23366466022690258,0.5472390752288944
SYK,neutral,text,0.14620061030542705,-0.032791985599328,0.3251932062101821,0.10925559204097769
SYK,surprise,audio,-0.10455421957473342,-0.28342943483412747,0.07432099568466065,0.25234238187616986
SYK,surprise,text,0.04750785238097669,-0.13126980111588152,0.22628550587783489,0.6022829928035899
SYK,disgust,audio,-0.07160369419751472,-0.250413633080116,0.10720624468508655,0.4324549234959305
SYK,disgust,text,-0.08966454708674051,-0.2685072440259144,0.08917814985243339,0.32582377541272545
SYK,anger,audio,-0.024066101063379516,-0.2028248782453117,0.1546926761185527,0.7918232386538429
SYK,anger,text,-0.1634551039836368,-0.3425077254034484,0.015597517436174851,0.07367628163458562
SYK,sadness,audio,0.09117769199265363,-0.08766808223284564,0.2700234662181529,0.3178405995278804
SYK,sadness,text,-0.13377043982430362,-0.31272392777919933,0.045183048130592096,0.14275359753976444
SYK,fear,audio,0.09368028161230782,-0.08517069503169072,0.27253125825630636,0.30478303743731
SYK,fear,text,-0.06786923571669495,-0.2466733159773018,0.11093484454391189,0.4566672966699978
CMCSA,happy,audio,-0.07450358476938487,-0.33667305448181517,0.18766588494304545,0.5769877339497592
CMCSA,happy,text,0.27354325913647526,0.010230621003041285,0.5368558972699092,0.04320836062577029
CMCSA,neutral,audio,0.02231895783252662,-0.23976693868951532,0.2844048543545686,0.8676836229711368
CMCSA,neutral,text,0.09991106529956523,-0.16233168054932423,0.3621538111484547,0.45725316272551036
CMCSA,surprise,audio,-0.14868558196551615,-0.41112871948310403,0.1137575555520717,0.27033529652880595
CMCSA,surprise,text,-0.12273291176348824,-0.3850596518526158,0.1395938283256393,0.3582333715993671
CMCSA,disgust,audio,0.15074070425276534,-0.11171259913980844,0.4131940076453391,0.2579161690712567
CMCSA,disgust,text,-0.041593589746319846,-0.3036998647813823,0.2205126852887426,0.7554404534623101
CMCSA,anger,audio,-0.0378251071215719,-0.2999264313409137,0.2242762170977699,0.775514785563462
CMCSA,anger,text,-0.19272301449552837,-0.45541441767633517,0.06996838868527844,0.15160532075361277
CMCSA,sadness,audio,0.07044652344534691,-0.19171322065685875,0.33260626754755257,0.5990846608565126
CMCSA,sadness,text,-0.14999501035931076,-0.41244460901457136,0.11245458829594981,0.26662699191259476
CMCSA,fear,audio,0.12726925300422373,-0.13507623065058103,0.38961473665902846,0.34118651483702417
CMCSA,fear,text,-0.1418068187569331,-0.4042169422830003,0.12060330476913408,0.2930945636879258
CHD,happy,audio,0.20672235625219482,-0.06157326986637107,0.4750179823707607,0.12889526753595193
CHD,happy,text,-0.2063547231523993,-0.4746477791225998,0.06193833281780117,0.1299266650863349
CHD,neutral,audio,-0.2018599615851019,-0.4701219623082344,0.06640203913803061,0.14024577037048533
CHD,neutral,text,0.20519750616113058,-0.06308748932999636,0.4734825016522575,0.13300317262825115
CHD,surprise,audio,0.1127613664209978,-0.15502572743649365,0.3805484602784892,0.4078861441714228
CHD,surprise,text,0.15803814621725876,-0.10995676856931319,0.4260330610038307,0.246532767238591
CHD,disgust,audio,0.12304653751327121,-0.14478167802857278,0.3908747530551152,0.3663222287525482
CHD,disgust,text,-0.07681450318061694,-0.3444860198436525,0.19085701348241862,0.5721335619843688
CHD,anger,audio,0.09117369210933678,-0.1765387409452004,0.35888612516387397,0.5051427882887551
CHD,anger,text,0.0021431276560542763,-0.2654283541711414,0.26971460948325,0.9874080831530252
CHD,sadness,audio,-0.03868027344744904,-0.3062770661660672,0.2289165192711691,0.776441638719079
CHD,sadness,text,-0.13127599282937455,-0.3991396892882998,0.13658770362955067,0.3356593017039038
CHD,fear,audio,-0.2042732078469097,-0.4725517976201201,0.06400538192630076,0.13663811337853843
CHD,fear,text,-0.07431759853128223,-0.3419827136358502,0.19334751657328575,0.5854566217650268
WEC,happy,audio,0.288873497790921,0.02467023344502295,0.553076762136819,0.032116746834553886
WEC,happy,text,-0.16103492670026187,-0.424284005612309,0.10221415221178526,0.22749647136966142
WEC,neutral,audio,-0.14429502458180551,-0.40745914133659433,0.11886909217298328,0.2829687745046486
WEC,neutral,text,-0.018652893694107546,-0.2814764152294336,0.2441706278412185,0.8890418034521771
WEC,surprise,audio,0.055474203622351406,-0.20739475122975431,0.3183431584744571,0.679264467659375
WEC,surprise,text,0.18602267763238678,-0.0773704943217654,0.44941584958653896,0.16620470532053808
WEC,disgust,audio,0.17230306520186428,-0.09100843297165268,0.43561456337538124,0.19620697420294628
WEC,disgust,text,0.13543490640019962,-0.12768800195337082,0.39855781475377006,0.3132773256358863
WEC,anger,audio,-0.04194659851518675,-0.3047936176712127,0.22090042064083923,0.7568054803083378
WEC,anger,text,0.06692203572449808,-0.19597023935298513,0.32981431080198126,0.6144585474301646
WEC,sadness,audio,-0.2155525051015902,-0.47914258395740017,0.04803757375421977,0.1078908177844057
WEC,sadness,text,0.057615592100439456,-0.20525739341229352,0.3204885776131724,0.6659005670748318
WEC,fear,audio,0.006710920797828919,-0.2561075584156233,0.2695294000112812,0.9601298703656691
WEC,fear,text,-0.098026846681677,-0.3610044963402138,0.16495080297685982,0.4657647298307656
PFE,happy,audio,0.03456468312896849,-0.17510333433111355,0.24423270058905053,0.7463377873724556
PFE,happy,text,0.08244270019050078,-0.12729935836452988,0.29218475874553146,0.4394586164183549
PFE,neutral,audio,-0.02911657552231195,-0.23878000668565005,0.18054685564102615,0.7854014062066117
PFE,neutral,text,0.16352641280676652,-0.04647902911949814,0.3735318547330312,0.12632573941263694
PFE,surprise,audio,0.09930228213156556,-0.11048026328058827,0.30908482754371935,0.3536386599930017
PFE,surprise,text,-0.03291350042843732,-0.24258004503307518,0.17675304417620052,0.7575428779262651
PFE,disgust,audio,0.0886073598121051,-0.12114863238518891,0.2983633520093991,0.4069461169417078
PFE,disgust,text,-0.07527109078649781,-0.2849982025312429,0.13445602095824727,0.48033965793145517
PFE,anger,audio,0.02784943834115437,-0.18181303859883358,0.2375119152811423,0.7940957704747572
PFE,anger,text,-0.10912733327477533,-0.31893693254255356,0.1006822659930029,0.30657148524252886
PFE,sadness,audio,-0.14731254020170506,-0.35725145592851565,0.06262637552510553,0.16829778298106646
PFE,sadness,text,-0.15373860387513172,-0.3637030582684143,0.056225850518150905,0.15011218036509968
PFE,fear,audio,-0.1282025419269548,-0.3380719364530206,0.08166685259911102,0.23054799422745448
PFE,fear,text,-0.18147434137054744,-0.3915614888597242,0.02861280611862929,0.09018560035616476
CSX,happy,audio,-0.21681049272241845,-0.468513452454312,0.0348924670094751,0.09067879588904666
CSX,happy,text,-0.3286652964457991,-0.5813343711698669,-0.07599622172173132,0.010614514756308698
CSX,neutral,audio,0.12497531160833465,-0.12622919453674136,0.37617981775341064,0.32879488801521345
CSX,neutral,text,0.30306388972123594,0.05065054531597035,0.5554772341265015,0.018382832958606068
CSX,surprise,audio,0.2076404871030264,-0.0440007162523654,0.4592816904584182,0.10526291217578634
CSX,surprise,text,0.10944098091202357,-0.14170563268493497,0.36058759450898215,0.39187336997840144
CSX,disgust,audio,-0.2368084398940448,-0.48865527413915477,0.015038394351065215,0.06467816068849466
CSX,disgust,text,-0.004054407544407134,-0.25501077300903974,0.24690195792022548,0.974689620601091
CSX,anger,audio,0.030443127982137646,-0.22052772237773702,0.2814139783420123,0.8115948183571667
CSX,anger,text,-0.07697696753209589,-0.32802733893113567,0.17407340386694392,0.547027679929434
CSX,sadness,audio,0.01823314918099044,-0.23272824453858004,0.26919454290056094,0.8864599095686252
CSX,sadness,text,0.019547185147017226,-0.23141499849626965,0.27050936879030407,0.8783086498776967
CSX,fear,audio,-0.1894380040960853,-0.4409644861788484,0.062088477986677826,0.1392407630589822
CSX,fear,text,-0.10065097493821884,-0.35176822445762024,0.15046627458118256,0.43091219429090666
KKR,happy,audio,0.09183435933538006,-0.19403191854446297,0.37770063721522307,0.527255143687302
KKR,happy,text,-0.0868174638074947,-0.37266768246945325,0.19903275485446384,0.5516349625113223
KKR,neutral,audio,-0.077135166755407,-0.36295693998883105,0.20868660647801707,0.598034346140024
KKR,neutral,text,0.11317011918429022,-0.17277451638609842,0.39911475475467884,0.4366043194339288
KKR,surprise,audio,-0.048981772870198066,-0.3347399120152518,0.23677636627485565,0.7388423664612139
KKR,surprise,text,0.05965765529795112,-0.2261212716914572,0.34543658228735946,0.6828900140181401
KKR,disgust,audio,-0.052142002421411815,-0.3379058695472397,0.2336218647044161,0.7232778555753431
KKR,disgust,text,-0.05900457091635965,-0.3447821089601165,0.22677296712739725,0.6832823435433873
KKR,anger,audio,-0.04820278299450042,-0.33395956518876396,0.2375539991997631,0.7439192867365064
KKR,anger,text,0.02219419905415334,-0.2635297636559637,0.30791816176427034,0.8796641483434822
KKR,sadness,audio,-0.0004955496821050929,-0.28621068657274495,0.2852195872085348,0.9972633141380954
KKR,sadness,text,-0.12967655049723567,-0.4156929789648812,0.1563398779704099,0.371593022480242
KKR,fear,audio,0.22667412953502533,-0.059960615574972315,0.513308874645023,0.11908212035055377
KKR,fear,text,-0.03131258675771721,-0.31704529540221305,0.25442012188677865,0.8273004745548648
PPG,happy,audio,0.022214811895009616,-0.199787317720396,0.24421694151041526,0.8444476858775383
PPG,happy,text,0.07741084144684683,-0.144668383245464,0.29949006613915763,0.4947847420992756
PPG,neutral,audio,0.06723060203097048,-0.15482798107083215,0.28928918513277313,0.5530002306278993
PPG,neutral,text,0.03081116191412728,-0.19119735944743607,0.25281968327569065,0.785748981143156
PPG,surprise,audio,-0.18023504594695453,-0.4026853169806886,0.04221522508677955,0.11211626700669458
PPG,surprise,text,0.028936704450231755,-0.19307024651218557,0.25094365541264907,0.7986556061205
PPG,disgust,audio,0.01607094169280808,-0.20592788950616264,0.23806977289177877,0.8871366013463897
PPG,disgust,text,0.12451886393936888,-0.0976936628552627,0.34673139073400044,0.27065441104888593
PPG,anger,audio,-0.0320885715760565,-0.25409821958607065,0.18992107643395764,0.7769483491220308
PPG,anger,text,-0.10136509843698827,-0.3235043444193575,0.12077414754538096,0.3707066054816156
PPG,sadness,audio,0.11457965267222463,-0.10759957958609633,0.33675888493054557,0.3119105418942746
PPG,sadness,text,-0.09613483201462139,-0.31825960162331857,0.12598993759407578,0.39678809526354625
PPG,fear,audio,0.06913202590908918,-0.15293019201644656,0.2911942438346249,0.541080193892292
PPG,fear,text,-0.14155018130374197,-0.3638261815625138,0.08072581895502987,0.2119448154772509
RCL,happy,audio,0.2270491678526391,-0.046324654442543606,0.5004229901478218,0.10307218031923614
RCL,happy,text,0.34639893356975016,0.07184616741166572,0.6209516997278346,0.013050742354585292
RCL,neutral,audio,0.12003441181526997,-0.15269746101770215,0.3927662846482421,0.38698646815293913
RCL,neutral,text,-0.08759556200161735,-0.36021086605805847,0.1850197420548238,0.5273739074670478
RCL,surprise,audio,-0.0876240418264769,-0.3602394322681538,0.18499134861519997,0.5272543385920913
RCL,surprise,text,-0.052110981539002246,-0.32464045455468904,0.22041849147668457,0.7066595469936793
RCL,disgust,audio,-0.03632621546581725,-0.30883151447021784,0.23617908353858333,0.7931290582847107
RCL,disgust,text,-0.03329929696123873,-0.30580094618380643,0.23920235226132897,0.8099783437947075
RCL,anger,audio,-0.12759351145105777,-0.40035777181342547,0.14517074891130996,0.3577159967397559
RCL,anger,text,-0.13105582349807743,-0.40383557729098013,0.14172393029482527,0.34519219413940244
RCL,sadness,audio,-0.15971109655413465,-0.43263495981883004,0.11321276671056077,0.2500801281021763
RCL,sadness,text,-0.2707704119998423,-0.5445197077435155,0.0029788837438309845,0.05191087247025893
RCL,fear,audio,-0.04061186044833612,-0.31312286960681024,0.23189914871013803,0.7699501109168198
RCL,fear,text,0.0757875126063762,-0.1967943926077819,0.3483694178205343,0.5841959001737531
MMC,happy,audio,-0.1421184574608918,-0.3729491887989844,0.08871227387720085,0.22572861991440624
MMC,happy,text,0.08777633851909222,-0.1428729025179877,0.3184255795561721,0.4526031452779942
MMC,neutral,audio,0.10974902033355129,-0.12096328812846698,0.34046132879556956,0.3498623522656838
MMC,neutral,text,-0.04224408593361647,-0.2728072731249039,0.18831910125767096,0.7184325676269631
MMC,surprise,audio,-0.03239099954392909,-0.2629434950539856,0.19816149596612745,0.781330008912429
MMC,surprise,text,0.057482196387151865,-0.1731030830845693,0.28806747585887305,0.6220765072040738
MMC,disgust,audio,0.06811452646375488,-0.16249016488241066,0.2987192178099204,0.5613567221637137
MMC,disgust,text,0.012818484652157527,-0.21772114528740827,0.2433581145917233,0.913004973153552
MMC,anger,audio,-0.059856386176766925,-0.29044571542868525,0.17073294307515138,0.6093522712945885
MMC,anger,text,-0.1216862894159116,-0.35243873411355464,0.10906615528173146,0.29904328821611575
MMC,sadness,audio,0.07310761531509717,-0.1575073255828211,0.3037225562130154,0.5325878880683335
MMC,sadness,text,-0.1213185214058407,-0.3520696678655155,0.10943262505383411,0.30395165948911473
MMC,fear,audio,0.030158523656936994,-0.200391941584794,0.260708988898668,0.7958659944059897
MMC,fear,text,0.007186743015479161,-0.2233512487775561,0.23772473480851444,0.9509011506890861
ITW,happy,audio,0.15047504095320471,-0.12036687069846,0.42131695260486945,0.2716753279511751
ITW,happy,text,0.21793671687817706,-0.05332552264009416,0.4891989563964483,0.11645765998708155
ITW,neutral,audio,0.13721520006341353,-0.13356213878221646,0.4079925389090435,0.32661781818583435
ITW,neutral,text,0.11192307784848318,-0.15874756471191195,0.3825937204088783,0.4124454805862896
ITW,surprise,audio,0.02279229299147772,-0.24767491850289808,0.29325950448585353,0.8693978311627045
ITW,surprise,text,0.08851073529914437,-0.18208042160034515,0.3591018921986339,0.5253675651536645
ITW,disgust,audio,-0.22170871857569194,-0.4929989809880716,0.04958154383668775,0.11234964674433688
ITW,disgust,text,-0.4849417404005605,-0.7593571240899153,-0.21052635671120568,0.0006224681614766548
ITW,anger,audio,-0.203764432534863,-0.47492565691028266,0.06739679184055661,0.14991962282465568
ITW,anger,text,-0.3217414456255741,-0.5939487401521301,-0.04953415109901815,0.02070168182382809
ITW,sadness,audio,-0.08554683613433028,-0.3561292532624697,0.18503558099380912,0.535920406838547
ITW,sadness,text,-0.07720006871435851,-0.3477594714105243,0.19335933398180727,0.5770411624015785
ITW,fear,audio,-0.034178778884634865,-0.30465698476462266,0.23629942699535292,0.8053275319831348
ITW,fear,text,-0.016345517797858995,-0.2868084528936429,0.2541174172979249,0.9060170111209261
WM,happy,audio,0.23215438704206007,0.052441297294006206,0.41186747679011393,0.011978419001957818
WM,happy,text,-0.03278072969503255,-0.21190045971340055,0.14633900032333547,0.7194576422218455
WM,neutral,audio,-0.1088028791554161,-0.28804367898794525,0.07043792067711303,0.23339054034230303
WM,neutral,text,0.22737933302053812,0.04769085366999001,0.40706781237108625,0.013009862291948589
WM,surprise,audio,-0.014552948891836658,-0.1936629705624171,0.16455707277874376,0.8734543906383364
WM,surprise,text,0.041060415897685484,-0.13806619324986846,0.2201870250452394,0.6530909039395008
WM,disgust,audio,-0.17327216571000775,-0.3527173303311135,0.0061729989110980155,0.05814783060463497
WM,disgust,text,-0.13160183818397247,-0.31090425769285623,0.047700581324911284,0.1489194653879047
WM,anger,audio,-0.13672502847790127,-0.31604289956027326,0.042592842604470715,0.13462075569862716
WM,anger,text,-0.05127007770184733,-0.23040729296799947,0.12786713756430482,0.5753596652114619
WM,sadness,audio,0.04432964988057396,-0.1348001002267057,0.22345939998785364,0.6281832573458992
WM,sadness,text,-0.13467239443168258,-0.3139840040746316,0.04463921521126646,0.14075032790229342
WM,fear,audio,0.1317207749661189,-0.04758199658169451,0.31102354651393227,0.15030321687107392
WM,fear,text,-0.19999921668166157,-0.3795563976416247,-0.02044203572169845,0.028452631591548837
SO,happy,audio,0.09412224546300078,-0.17274513738929131,0.3609896283152929,0.48841145506786454
SO,happy,text,0.10246224438042642,-0.1644329018695889,0.3693573906304417,0.45073801612076675
SO,neutral,audio,0.14966334930692088,-0.11743323430305791,0.41675993291689967,0.2709762790129215
SO,neutral,text,0.14827832420926604,-0.11881127704939035,0.41536792546792245,0.275424510656705
SO,surprise,audio,-0.17216029356497495,-0.4393793526246935,0.0950587654947436,0.2057012614862376
SO,surprise,text,0.05810650454320678,-0.2086680149125664,0.32488102399897995,0.6687249014906116
SO,disgust,audio,0.012122777750799231,-0.25459702775798815,0.2788425832595866,0.928849620719778
SO,disgust,text,-0.27996116043644953,-0.5480032522107561,-0.01191906866214304,0.04021060042595893
SO,anger,audio,-0.25601532150893697,-0.5238409303504823,0.011810287332608416,0.0604174191729449
SO,anger,text,-0.10513454719680598,-0.37203908707672184,0.16176999268310988,0.43902061178528473
SO,sadness,audio,0.026479488652519617,-0.24024970717438696,0.29320868447942616,0.8453781445611108
SO,sadness,text,-0.1368972328112699,-0.4039319104259882,0.13013744480344838,0.31387066728855495
SO,fear,audio,0.13159947176508072,-0.1354111312708832,0.3986100748010446,0.33291293603415784
SO,fear,text,-0.08853935798231347,-0.35538947052376446,0.1783107545591375,0.5145252928605201
CEG,happy,audio,-0.2546843592534308,-0.8520791773111391,0.34271045880427753,0.4096662660693952
CEG,happy,text,-0.1725107728176762,-0.7686069957363406,0.42358545010098814,0.5784009402852076
CEG,neutral,audio,-0.379345241424575,-0.9796536258689215,0.22096314301977155,0.20565960578492795
CEG,neutral,text,-0.13824049756265813,-0.73394220661091,0.4574612114855938,0.6582415860666893
CEG,surprise,audio,-0.14231225182718124,-0.7380562916500646,0.45343178799570216,0.6097493407849329
CEG,surprise,text,0.5113045130012934,-0.09331034593176646,1.1159193719343534,0.09052821448528918
CEG,disgust,audio,-0.12620433926030522,-0.7217880864674522,0.4693794079468418,0.6778181358115648
CEG,disgust,text,0.26452667635192795,-0.33305694762082183,0.8621103003246777,0.3702213008643776
CEG,anger,audio,0.3884403917581021,-0.21212472882137712,0.9890055123375813,0.20997397955315744
CEG,anger,text,0.24306768468401113,-0.3541134279648713,0.8402487973328936,0.42475102614069793
CEG,sadness,audio,0.4900070577258763,-0.11382868462726176,1.0938428000790144,0.0989203169480276
CEG,sadness,text,-0.3258753121181737,-0.9247954486746213,0.27304482443827377,0.2765950605414021
CEG,fear,audio,0.3578035900825161,-0.24192057553718277,0.957527755702215,0.23029511222810758
CEG,fear,text,-0.2337695733403099,-0.8307867694139575,0.36324762273333766,0.44979316928370777
FANG,happy,audio,0.05762364807708249,-0.1682030546668215,0.28345035082098646,0.6131974490944118
FANG,happy,text,-0.006322559585623288,-0.23210298603675475,0.2194578668655082,0.9564845530354806
FANG,neutral,audio,-0.0045869492953803225,-0.23036710861854146,0.22119321002778083,0.9682285954420349
FANG,neutral,text,0.1693464174587706,-0.05683767285721014,0.39553050777475135,0.14336944528461334
FANG,surprise,audio,0.03530508035469206,-0.19049236624188837,0.2611025269512725,0.7594224434151409
FANG,surprise,text,0.039414737184724,-0.18638704118943192,0.26521651555887993,0.7313829909706282
FANG,disgust,audio,-0.13778915648151432,-0.36383671102566584,0.08825839806263719,0.2314531278106899
FANG,disgust,text,-0.04947762158402242,-0.2752920180999194,0.17633677493187455,0.665826905290598
FANG,anger,audio,0.0155552098017208,-0.21022806627874505,0.24133848588218662,0.8917450401234844
FANG,anger,text,-0.2316145439779798,-0.4581499654403989,-0.005079122515560697,0.04483808785234359
FANG,sadness,audio,0.09509806222723378,-0.13080935114269138,0.321005475597159,0.40892335415982345
FANG,sadness,text,-0.031694890315221796,-0.2574889246926896,0.194099144062246,0.7835792942096242
FANG,fear,audio,-0.10912095006452577,-0.33506873841453344,0.1168268382854819,0.34550363309402227
FANG,fear,text,-0.10211950537519104,-0.32804644283112827,0.12380743208074615,0.3755374066607424
WELL,happy,audio,0.4265544381578765,0.137467713117858,0.7156411631978951,0.003795778316985273
WELL,happy,text,-0.051026986313365774,-0.33688385064446846,0.23482987801773691,0.7256539789076174
WELL,neutral,audio,-0.32539591005932866,-0.6131171709120978,-0.037674649206559496,0.026556710482047084
WELL,neutral,text,0.2877980013187877,0.0004918788678327513,0.5751041237697426,0.048023439400260305
WELL,surprise,audio,-0.046024663196473414,-0.3318727348199449,0.23982340842699806,0.7526184645833516
WELL,surprise,text,-0.04517692882158805,-0.33102360015525434,0.2406697425120782,0.7546531380844885
WELL,disgust,audio,0.3969531020716942,0.10830326386121258,0.6856029402821758,0.007351319465938806
WELL,disgust,text,-0.22884631034137945,-0.5156030837725147,0.05791046308975581,0.11586300323655518
WELL,anger,audio,-0.12631455731105135,-0.4124131299009176,0.15978401527881492,0.3866091360905348
WELL,anger,text,-0.14512159057840884,-0.431312524908157,0.14106934375133934,0.31896531808487333
WELL,sadness,audio,0.07711758744022686,-0.20879982207545733,0.363034996955911,0.5951964148338502
WELL,sadness,text,-0.1500013528899868,-0.43621833771120255,0.13621563193122896,0.2985136465495097
WELL,fear,audio,0.01143782933191109,-0.27437424438336244,0.29724990304718457,0.9380396697374386
WELL,fear,text,-0.01579837459781667,-0.30161259958391656,0.2700158503882832,0.9130566824689127
AMGN,happy,audio,-0.056799678898068716,-0.3271384295305608,0.2135390717344234,0.6789779782928144
AMGN,happy,text,0.1297708103667706,-0.1407975993099784,0.40033922004351963,0.34672630270023963
AMGN,neutral,audio,-0.04467594932788252,-0.3149939370312268,0.2256420383754618,0.7465491212111401
AMGN,neutral,text,0.1287724969312383,-0.1417915605451849,0.39933655440766147,0.3447436123367589
AMGN,surprise,audio,-0.0673941139220979,-0.3377550686871852,0.2029668408429894,0.6218366527267094
AMGN,surprise,text,0.09113013114386387,-0.17929431150321318,0.3615545737909409,0.501821703206529
AMGN,disgust,audio,0.1623716296131631,-0.10835732606951337,0.43310058529583956,0.23917820673478424
AMGN,disgust,text,-0.05671531629094053,-0.32705390531005296,0.21362327272817191,0.6824587880711062
AMGN,anger,audio,0.2215941963868566,-0.049517690109194296,0.4927060828829075,0.10624382236857204
AMGN,anger,text,-0.42024475678279805,-0.6934938235298842,-0.1469956900357119,0.0026674056479401172
AMGN,sadness,audio,-0.05034603552238039,-0.3206731163633808,0.21998104531862003,0.7130029509098113
AMGN,sadness,text,-0.21306435832932147,-0.4841138465341607,0.05798512987551774,0.12277821193277755
AMGN,fear,audio,-0.017561781435045845,-0.28785128649957764,0.252727723629486,0.8969315577938545
AMGN,fear,text,-0.08887052692445767,-0.35928810760976876,0.1815470537608534,0.5191565592469014
FI,happy,audio,-0.3315476358259195,-0.6206949041807733,-0.04240036747106568,0.024908426278306976
FI,happy,text,-0.2359060369115041,-0.5240693044429362,0.05225723061992796,0.10654872377021667
FI,neutral,audio,0.14838230371009903,-0.13916945435627154,0.4359340617764696,0.3106944425250413
FI,neutral,text,0.05542074025912265,-0.23178598817199886,0.34262746869024413,0.7068653035783243
FI,surprise,audio,-0.02775646325845136,-0.3149212584470982,0.2594083319301954,0.8498147478724525
FI,surprise,text,0.36513891922844033,0.07556837366777852,0.6547094647891021,0.013097002857658337
FI,disgust,audio,0.040619749232725086,-0.2465610751378638,0.327800573603314,0.7802727465119345
FI,disgust,text,-0.14086020128747578,-0.42837235773436505,0.14665195515941348,0.33454167066266915
FI,anger,audio,0.03797260608561671,-0.24920442685647026,0.32514963902770366,0.7952860780739559
FI,anger,text,-0.20100460619125957,-0.4888907946088884,0.08688158222636924,0.1683534090642009
FI,sadness,audio,0.1696497902872735,-0.1180250444857992,0.4573246250603462,0.24789055122393489
FI,sadness,text,-0.03760413472947243,-0.32478066016660984,0.24957239070766496,0.7960225731775389
FI,fear,audio,-0.1890866428985976,-0.476888301700267,0.0987150159030718,0.19865189724356297
FI,fear,text,0.06419360493383303,-0.22303224461791393,0.35141945448558,0.6616305471252648
VTR,happy,audio,-0.21179659068805898,-0.4783258747713798,0.05473269339526185,0.1060224422412496
VTR,happy,text,-0.05466972744416678,-0.3205108207389055,0.21117136585057197,0.6832636767596073
VTR,neutral,audio,0.12209201295371244,-0.14394514958712099,0.38812917549454584,0.36320133817108147
VTR,neutral,text,0.035722105117030695,-0.23009079884452346,0.3015350090785849,0.785966420246551
VTR,surprise,audio,-0.0437739533364879,-0.30959739283049126,0.2220494861575155,0.7428198493164128
VTR,surprise,text,-0.05985454122483397,-0.3257054069046782,0.20599632445501026,0.6544251301396199
VTR,disgust,audio,0.2265064191395154,-0.04012868083794646,0.4931415191169773,0.09791007607489254
VTR,disgust,text,-0.02470463449814362,-0.2905065801407902,0.24109731114450297,0.8546369117847644
VTR,anger,audio,-0.06647671193615569,-0.3323413453298841,0.19938792145757273,0.6201415249061384
VTR,anger,text,0.11437655559161046,-0.1516306003164274,0.38038371149964834,0.39660300888748384
VTR,sadness,audio,0.07702325120749598,-0.18886628685865442,0.3429127892736464,0.5619998609862537
VTR,sadness,text,0.13074778488108627,-0.13532536746833038,0.39682093723050293,0.32775325655657955
VTR,fear,audio,0.040186273710550544,-0.22563220788056843,0.30600475530166954,0.7638714783728253
VTR,fear,text,-0.04195467177234332,-0.30777554421484926,0.22386620067016264,0.7527551950503953
IBM,happy,audio,0.012858586918203978,-0.2773899631703543,0.30310713700676223,0.9306113673179335
IBM,happy,text,0.08841511459704132,-0.20196915807173904,0.3787993872658217,0.5450685747000438
IBM,neutral,audio,-0.009477426249840812,-0.299724636484549,0.28076978398486735,0.9490923390564012
IBM,neutral,text,0.2923759854647266,0.0006177046234286943,0.5841342663060245,0.05002174280044124
IBM,surprise,audio,0.08462650691654346,-0.2057461400061415,0.3749991538392284,0.5617299378247875
IBM,surprise,text,-0.14090191576092276,-0.4314995463771704,0.1496957148553249,0.3380390690673575
IBM,disgust,audio,0.18420030639774237,-0.1066466506811315,0.47504726347661624,0.2218915371404671
IBM,disgust,text,-0.1789520167828191,-0.4697652278610648,0.1118611942954266,0.22514291801177394
IBM,anger,audio,-0.1453408468680049,-0.43596099181526515,0.14527929807925533,0.3289629289949253
IBM,anger,text,-0.2439129493837477,-0.5352121558061869,0.04738625703869148,0.10019167522889653
IBM,sadness,audio,-0.03155296942113154,-0.32181624877410264,0.2587103099318395,0.8306836089267794
IBM,sadness,text,-0.10784546934258521,-0.3982973573435047,0.18260641865833427,0.4679962329056471
IBM,fear,audio,0.03729370568464151,-0.25297658512482074,0.3275639964941038,0.8031569292476379
IBM,fear,text,-0.16973486380447048,-0.4604911613177829,0.12102143370884191,0.2532564550185848
WBD,happy,audio,-0.09972200890648064,-0.491808533102147,0.2923645152891857,0.6165973495079563
WBD,happy,text,0.025675204524115907,-0.36618036229955403,0.4175307713477859,0.8954480286382348
WBD,neutral,audio,0.11558679221496769,-0.27658466148473876,0.5077582459146741,0.5608722325030482
WBD,neutral,text,0.13355904961269988,-0.25872370796096056,0.5258418071863603,0.5002053503604094
WBD,surprise,audio,-0.403555017941154,-0.7994256288056051,-0.007684407076702926,0.03909458024607161
WBD,surprise,text,0.20058149956062196,-0.19225746199716268,0.5934204611184066,0.30886268445963216
WBD,disgust,audio,0.10441395599967829,-0.2876963842132671,0.4965242962126237,0.5933028008872983
WBD,disgust,text,0.2842639920089397,-0.10958064876914875,0.6781086327870282,0.1531965349339315
WBD,anger,audio,0.5049450478642392,0.10681229700046574,0.9030777987280127,0.014062867331141714
WBD,anger,text,0.24768433367376397,-0.14567831314992963,0.6410469804974576,0.2206715258845654
WBD,sadness,audio,-0.20342081813985782,-0.5962882478512741,0.18944661157155848,0.30520870033630265
WBD,sadness,text,-0.4451606222385293,-0.8418999457301806,-0.048421298746878005,0.026810421685732166
WBD,fear,audio,0.10192333258860022,-0.29017422923321795,0.49402089441041835,0.6010670897853266
WBD,fear,text,-0.485781040439027,-0.883448572299557,-0.08811350857849698,0.016974984149838133
DHI,happy,audio,0.006095849561387708,-0.186547465706531,0.1987391648293064,0.9500073949692664
DHI,happy,text,0.12159514893973021,-0.07122461059977504,0.3144149084792355,0.21081682204485885
DHI,neutral,audio,0.10673282093149812,-0.0860463540478399,0.29951199591083616,0.27482799749063463
DHI,neutral,text,-0.1087939896801783,-0.30157847802224685,0.08399049866189028,0.26846419109784503
DHI,surprise,audio,-0.20762611653643975,-0.4007842765309485,-0.014467956541930976,0.031667529545910005
DHI,surprise,text,-0.025570845595307524,-0.21822154226035434,0.16707985106973927,0.7945777572093454
DHI,disgust,audio,-0.12439936724738175,-0.31722737570772186,0.06842864121295834,0.2006189444386906
DHI,disgust,text,-0.10918818129588506,-0.3019736973603663,0.08359733476859613,0.26157308122677314
DHI,anger,audio,-0.1779444642093611,-0.3709659604695973,0.015077032050875072,0.06843647286137994
DHI,anger,text,-0.0782582763705262,-0.27097443703784024,0.11445788429678784,0.4248099166358868
DHI,sadness,audio,0.13932672847879188,-0.053548348848748706,0.33220180580633246,0.150171647245191
DHI,sadness,text,-0.018701563248783085,-0.21134861993586188,0.1739454934382957,0.8479270964698509
DHI,fear,audio,0.26451058229122526,0.0710320838054381,0.4579890807770124,0.00641489309185028
DHI,fear,text,0.16000500065837395,-0.03294405905288755,0.35295406036963545,0.10226244163049895
PCG,happy,audio,0.3235898507548142,0.031236269831487307,0.6159434316781411,0.02798131748063222
PCG,happy,text,-0.09984816914424874,-0.39048200267123623,0.19078566438273878,0.4987018827727678
PCG,neutral,audio,0.04199431952451001,-0.24849007595041933,0.3324787149994393,0.77874274750995
PCG,neutral,text,0.31381754923995553,0.021576726065639873,0.6060583724142712,0.03581861319043722
PCG,surprise,audio,-0.11504494749517033,-0.4057382294734274,0.17564833448308678,0.44083167172799864
PCG,surprise,text,0.3913284381666245,0.09809968875593944,0.6845571875773095,0.00974070329276587
PCG,disgust,audio,-0.14055367635257396,-0.4313656118995495,0.15025825919440158,0.340675617901247
PCG,disgust,text,0.09204279536582127,-0.19856376851318408,0.3826493592448266,0.5316120079125894
PCG,anger,audio,-0.06667740891239446,-0.3572106599320243,0.2238558421072354,0.6582232276570424
PCG,anger,text,-0.3079512506940601,-0.6001260260648172,-0.015776475323302952,0.03710061666631165
PCG,sadness,audio,-0.1750477378918391,-0.4660576803361379,0.11596220455245967,0.23893888467251295
PCG,sadness,text,-0.3106221174808042,-0.6028268110603152,-0.018417423901293195,0.0394832258572605
PCG,fear,audio,0.10331807216767168,-0.1873285956012033,0.3939647399365467,0.4956956516889203
PCG,fear,text,-0.44125981796373787,-0.7352377711133034,-0.14728186481417233,0.0032554609985215965
SBAC,happy,audio,0.14566342797288856,-0.12020017235751157,0.4115270283032887,0.2833510101948694
SBAC,happy,text,0.06915553593551327,-0.19643243068875532,0.33474350255978186,0.6103025357632746
SBAC,neutral,audio,-0.0385358063600727,-0.3040684371886318,0.2269968244684864,0.7750255854734384
SBAC,neutral,text,0.0412262805532936,-0.2243099518436252,0.3067625129502124,0.7625321284834987
SBAC,surprise,audio,0.01859132803868355,-0.24692218005394959,0.2841048361313167,0.8896908975632402
SBAC,surprise,text,-0.2567092188837385,-0.5233207276002669,0.009902289832790012,0.05916238811843422
SBAC,disgust,audio,-0.04158403125620679,-0.3071207608494244,0.2239526983370108,0.7583493185386654
SBAC,disgust,text,-0.34911716552120553,-0.6166628005922139,-0.08157153045019722,0.010637794879527958
SBAC,anger,audio,-0.16797932981620667,-0.43396022587578165,0.09800156624336831,0.21493506306837523
SBAC,anger,text,-0.09458459661697748,-0.36024241978862864,0.17107322655467366,0.4876124539362916
SBAC,sadness,audio,0.04540774013362165,-0.22013457186012653,0.3109500521273698,0.7367737008176212
SBAC,sadness,text,0.12563487034846982,-0.14013763395430928,0.3914073746512489,0.35546709848244806
SBAC,fear,audio,0.012109690857768718,-0.25340047727857157,0.27761985899410896,0.928112497975609
SBAC,fear,text,0.29615157551520876,0.029175824515130788,0.5631273265152867,0.029576206415004143
KR,happy,audio,0.1104647432847151,-0.12412603899832499,0.3450555255677552,0.35300230468346666
KR,happy,text,0.054802559238264895,-0.17965198375930713,0.2892571022358369,0.6467722425615297
KR,neutral,audio,0.09021916155244299,-0.14431145799932538,0.3247497811042114,0.44966463774128707
KR,neutral,text,-0.05225881394051989,-0.2867093224214678,0.182191694540428,0.6606681156730072
KR,surprise,audio,-0.3110174051597686,-0.5468563835239811,-0.07517842679555611,0.009266906920024178
KR,surprise,text,0.13142889298437144,-0.10323695840782296,0.36609474437656586,0.26994139060149835
KR,disgust,audio,0.190844825181856,-0.0441042670573194,0.4257939174210314,0.11059173534692365
KR,disgust,text,0.015366491824754639,-0.219047053565063,0.24978003721457226,0.8977058491903279
KR,anger,audio,-0.06686989550955075,-0.30134618878853403,0.16760639776943254,0.5750655951682884
KR,anger,text,-0.034797214592325224,-0.26922520182062376,0.19963077263597329,0.7715226293762274
KR,sadness,audio,0.0536796002713459,-0.18077313802538708,0.2881323385680789,0.6517728172483772
KR,sadness,text,0.005274150277556146,-0.2291363085482312,0.2396846091033435,0.9646983280236842
KR,fear,audio,0.10252791458352149,-0.13203783752612475,0.3370936666931677,0.3880152170977094
KR,fear,text,-0.0974187916061334,-0.33196941681343406,0.13713183360116726,0.41370541686508305
EQIX,happy,audio,0.14007991436062564,-0.11559013610187427,0.3957499648231255,0.287563113548663
EQIX,happy,text,0.10386972214357476,-0.15166402614473407,0.3594034704318836,0.43742402874984987
EQIX,neutral,audio,-0.014359928369726719,-0.26973028743089794,0.2410104306914445,0.9157786507407408
EQIX,neutral,text,-0.007938860258484729,-0.2633070079782627,0.24742928746129322,0.9517261836547936
EQIX,surprise,audio,-0.12225561441582575,-0.3778535230960104,0.13334229426435892,0.36683194558367405
EQIX,surprise,text,0.07437531990080484,-0.18107727369890017,0.3298279135005099,0.571380559464228
EQIX,disgust,audio,-0.10482525676449445,-0.36036208287410465,0.15071156934511576,0.4272216489943332
EQIX,disgust,text,-0.12091067076736756,-0.3765035329473571,0.134682191412622,0.36738505056451776
EQIX,anger,audio,-0.049935936754077974,-0.3053416202803607,0.20546974677220475,0.7119549264593485
EQIX,anger,text,0.0048272617612579215,-0.25054027246187216,0.260194795984388,0.9709353634637489
EQIX,sadness,audio,-0.01670289713406742,-0.272074380209619,0.23866858594148416,0.8997054938773335
EQIX,sadness,text,-0.21813117961057826,-0.4742321624542363,0.037969803233079746,0.0962169535586418
EQIX,fear,audio,0.16648000498766352,-0.08931486162747432,0.42227487160280136,0.21923450690144725
EQIX,fear,text,0.01763446834802572,-0.2377375087492728,0.27300644544532426,0.8911036456505956
GILD,happy,audio,-0.09314944783006607,-0.4375307378342162,0.25123184217408406,0.6021426081513795
GILD,happy,text,-0.06383311180837427,-0.408116044990695,0.2804498213739465,0.7180463825774923
GILD,neutral,audio,-0.1284973984716817,-0.47304606773321023,0.2160512707898468,0.4554210701747955
GILD,neutral,text,0.14165197814459557,-0.20297258442026578,0.4862765407094569,0.42798587638616553
GILD,surprise,audio,0.004609323523752381,-0.33958695703486297,0.3488056040823677,0.978931306881056
GILD,surprise,text,0.10431249271698609,-0.24011589694388755,0.4487408823778597,0.5397320675929048
GILD,disgust,audio,0.07875973815800626,-0.2655686871405719,0.4230881634565844,0.6491090809651717
GILD,disgust,text,-0.11289264388743307,-0.45736084994036436,0.23157556216549818,0.5201757046403371
GILD,anger,audio,0.017946185838427914,-0.3262565262900602,0.3621488979669161,0.9184724993818801
GILD,anger,text,-0.1337841539166846,-0.47836243796715694,0.2107941301337877,0.4414972289834638
GILD,sadness,audio,0.10433332838626273,-0.2400951541582158,0.4487618109307413,0.5499147823729941
GILD,sadness,text,-0.2153428911557873,-0.5605287563391871,0.12984297402761247,0.22384004632431923
GILD,fear,audio,0.12627524150509817,-0.21826133555201055,0.4708118185622069,0.4733344031688421
GILD,fear,text,0.0036964841998828276,-0.34049963425573,0.34789260265549565,0.9831468483128691
GIS,happy,audio,0.05938599702028308,-0.21315752165595925,0.3319295156965254,0.6685284463578465
GIS,happy,text,-0.20349722538447215,-0.4766959426220474,0.06970149185310312,0.14267260593383158
GIS,neutral,audio,0.0788008270130619,-0.19378914288869792,0.3513907969148217,0.5701544916959161
GIS,neutral,text,0.1572441341303728,-0.11566620842360492,0.43015447668435053,0.25728762198854066
GIS,surprise,audio,0.11962866734831923,-0.15310152285320477,0.39235885754984323,0.3896743230396797
GIS,surprise,text,0.22963322841028508,-0.04376096494677775,0.5030274217673479,0.09868541174097299
GIS,disgust,audio,-0.04316174330432282,-0.3156764516835019,0.22935296507485625,0.7555749423342398
GIS,disgust,text,-0.10841109888683917,-0.38109702197905415,0.16427482420537579,0.43512924691156757
GIS,anger,audio,-0.14818129164870963,-0.4210437648526415,0.12468118155522223,0.28590543526892376
GIS,anger,text,-0.10520876055460206,-0.3778828443648554,0.16746532325565133,0.4483550367657452
GIS,sadness,audio,-0.10465815079907777,-0.37733023467646,0.16801393307830448,0.4505166644441007
GIS,sadness,text,-0.06179271299627487,-0.33434128155299825,0.2107558555604485,0.6561733290340818
GIS,fear,audio,-0.1718604025472267,-0.4448539126747605,0.10113310758030711,0.215666422962026
GIS,fear,text,-0.06347458406663653,-0.33602680061144163,0.20907763247816857,0.6465036644332346
TRGP,happy,audio,0.010540512801407982,-0.1881658963396769,0.20924692194249284,0.9174156407250268
TRGP,happy,text,0.21449109535377361,0.01521160399723176,0.41377058671031547,0.03513648506337716
TRGP,neutral,audio,0.050056093541849964,-0.1486802560425553,0.2487924431262552,0.6206144147498708
TRGP,neutral,text,0.005228486863924252,-0.19347687481161063,0.20393384853945912,0.9589317528651925
TRGP,surprise,audio,-0.07248989292396847,-0.2712606120081832,0.12628082616024622,0.474441319944139
TRGP,surprise,text,0.0068133961550970465,-0.19189220417795416,0.20551899648814825,0.9465778115514681
TRGP,disgust,audio,0.0699158381712433,-0.12885029860796235,0.268681974950449,0.4892927414436005
TRGP,disgust,text,-0.08821139462027126,-0.2870136937407362,0.11059090450019367,0.3845920007244312
TRGP,anger,audio,-0.19202575725996018,-0.39119134456025567,0.007139830040335304,0.059901573783697384
TRGP,anger,text,-0.06327457484724164,-0.2620296535522936,0.1354805038578103,0.533158883235318
TRGP,sadness,audio,0.0486271648790953,-0.15010742165463675,0.24736175141282735,0.6306736967753441
TRGP,sadness,text,-0.2537059025227811,-0.4532141922930274,-0.05419761275253479,0.01252099792683436
TRGP,fear,audio,0.06887329175659174,-0.12989103619749845,0.2676376197106819,0.49706694617797625
TRGP,fear,text,-0.019995178922852304,-0.218705198205958,0.1787148403602534,0.8438920399884297
QCOM,happy,audio,0.08083950546862788,-0.13821116924566995,0.2998901801829257,0.47278439400187994
QCOM,happy,text,-0.08966281599399115,-0.30873419797088336,0.12940856598290107,0.41785889718362745
QCOM,neutral,audio,-0.1591763368265049,-0.37848567252685583,0.060132998873846044,0.1540205294709124
QCOM,neutral,text,0.15343266077800571,-0.06585198699166081,0.37271730854767227,0.16816869895924005
QCOM,surprise,audio,0.17959680151901591,-0.03980762734054197,0.3990012303785738,0.10760242583861672
QCOM,surprise,text,0.04360036383152425,-0.17538651336033229,0.26258724102338077,0.695413287941422
QCOM,disgust,audio,-0.1097190789769654,-0.3288454937391332,0.10940733578520243,0.31959572873979464
QCOM,disgust,text,-0.011537413214542292,-0.23049994680989577,0.20742512038081118,0.9170910286301484
QCOM,anger,audio,0.09413297336513789,-0.12494971665515077,0.31321566338542656,0.39696047985015864
QCOM,anger,text,-0.18797028991231066,-0.40741701306295,0.03147643323832866,0.0920851467633434
QCOM,sadness,audio,-0.08698856259009843,-0.3060534422769433,0.13207631709674644,0.43670383093717385
QCOM,sadness,text,-0.13307322030406693,-0.35227764550714435,0.0861312048990105,0.2305831016264812
QCOM,fear,audio,0.0237645385028038,-0.19520393901763763,0.24273301602324523,0.8307369806296115
QCOM,fear,text,-0.005525396756011494,-0.22448651772190606,0.21343572420988308,0.960372585362641
KO,happy,audio,0.1412629502375939,-0.12034505434204573,0.4028709548172335,0.28890985666149466
KO,happy,text,-0.024038274777942428,-0.28533341429141557,0.23725686473553073,0.8568029456146756
KO,neutral,audio,-0.009330138942313734,-0.27061734939638205,0.2519570715117546,0.9439956221026059
KO,neutral,text,0.14838201942162296,-0.113259255999104,0.4100232948423499,0.26597932577762
KO,surprise,audio,0.07450859631830795,-0.18686688360426154,0.33588407624087746,0.5672816406390591
KO,surprise,text,-0.012195526238990485,-0.2734837331858273,0.24909268070784632,0.9268071563674051
KO,disgust,audio,-0.10127557298782841,-0.3627270337938064,0.16017588781814956,0.4579189263701465
KO,disgust,text,0.12233630895666488,-0.13919117877482506,0.3838637966881548,0.3561323968008895
KO,anger,audio,0.10829652989139324,-0.15317868685326777,0.3697717466360543,0.4174900444078748
KO,anger,text,0.1394644268292481,-0.12213543052339226,0.40106428418188844,0.30357864025490994
KO,sadness,audio,-0.15779405537879715,-0.41948182119155714,0.10389371043396284,0.23715082193934378
KO,sadness,text,-0.041457261029492806,-0.3027708312140173,0.21985630915503168,0.757751681038589
KO,fear,audio,-0.10301066065531746,-0.3644678443845047,0.1584465230738698,0.44125495481643406
KO,fear,text,-0.3358511458294034,-0.5989529857912048,-0.07274930586760203,0.012181269699747494
F,happy,audio,0.101256965556258,-0.14218439787250292,0.34469832898501895,0.41304617115577685
F,happy,text,0.16285954019549057,-0.08083192950702228,0.4065510098980034,0.1896308993150494
F,neutral,audio,0.08488366052186405,-0.1585108245312857,0.3282781455750138,0.4932825240402032
F,neutral,text,0.006222712909211941,-0.23706150574986812,0.249506931568292,0.9599123984251299
F,surprise,audio,-0.027216593596069757,-0.2705116159918589,0.2160784287997194,0.8250485334649368
F,surprise,text,-0.027700241493807773,-0.27099567263116087,0.21559518964354535,0.8229576680946621
F,disgust,audio,-0.023794645761279497,-0.2670869818477428,0.21949769032518385,0.8479592318910558
F,disgust,text,-0.396451170492425,-0.6421417651791663,-0.15076057580568367,0.001529122074466145
F,anger,audio,-0.19121277661501104,-0.4350584392596,0.05263288602957794,0.12239749081318943
F,anger,text,-0.05688244728164527,-0.300215860550789,0.18645096598749847,0.6460116359480365
F,sadness,audio,0.012582713431894469,-0.23070334588195385,0.25586877274574277,0.9190417848706772
F,sadness,text,0.016193485044499505,-0.22709417332056697,0.25948114340956596,0.8959778011588014
F,fear,audio,-0.01875237314743602,-0.2620414076863004,0.2245366613914284,0.8793204912456525
F,fear,text,0.05166158283461619,-0.19166311072577644,0.29498627639500885,0.6761117153067666
VMC,happy,audio,0.05760898354546582,-0.16726634100118773,0.2824843080921194,0.6151612353587602
VMC,happy,text,-0.0689694780541366,-0.293865238150629,0.15592628204235576,0.5473557016325645
VMC,neutral,audio,0.131106422989417,-0.09396593427926664,0.3561787802581006,0.25355463861136346
VMC,neutral,text,0.1162627719968044,-0.10875744115508337,0.34128298514869215,0.3108206567022341
VMC,surprise,audio,-0.10571689259551154,-0.3307038553100471,0.11927007011902399,0.3566605977521845
VMC,surprise,text,0.024356098401255095,-0.20048048748222516,0.24919268428473537,0.8316389269223854
VMC,disgust,audio,-0.012270277409758404,-0.23710057112952532,0.21256001631000854,0.9147436090480883
VMC,disgust,text,-0.05796007519246028,-0.28283597638676494,0.16691582600184438,0.61285673484527
VMC,anger,audio,-0.09455993103532277,-0.31951515127893526,0.13039528920828974,0.4093114365287588
VMC,anger,text,-0.007156351342088853,-0.2319852328845236,0.21767253020034588,0.9501849581246788
VMC,sadness,audio,-0.08883705666125333,-0.31377736560365815,0.1361032522811515,0.43826390718584546
VMC,sadness,text,-0.0384743982138488,-0.26332359262998595,0.18637479620228833,0.737046010872965
VMC,fear,audio,0.06392769641509051,-0.16095854189313674,0.2888139347233178,0.5770886113143262
VMC,fear,text,-0.05855820146345684,-0.2834350931107609,0.16631869018384726,0.6094520002507099
GS,happy,audio,0.002308615881949331,-0.19823733645390607,0.20285456821780473,0.9819093416671761
GS,happy,text,-0.07328304809586207,-0.2738966885579617,0.1273305923662375,0.47183930867265983
GS,neutral,audio,-0.024998517939411206,-0.22555228853725318,0.17555525265843075,0.8067746166991924
GS,neutral,text,0.1447651769209766,-0.05604498082781226,0.3455753346697654,0.1567987091292678
GS,surprise,audio,0.00847305869241359,-0.19207373230953273,0.20901984969435994,0.9334519447264216
GS,surprise,text,0.2294768747348856,0.028267597653963306,0.4306861518158079,0.025074684839138366
GS,disgust,audio,0.04056132506365983,-0.16000531927957135,0.24112796940689102,0.6906303164631552
GS,disgust,text,-0.022633813405049837,-0.22318616274373523,0.17791853593363557,0.8247579272892178
GS,anger,audio,0.06164981297914721,-0.13894402575654333,0.26224365171483777,0.547475487440353
GS,anger,text,-0.16709929293690942,-0.36799720691416943,0.033798621040350585,0.10225901222026187
GS,sadness,audio,-0.11120677135286162,-0.31190864892239123,0.089495106216668,0.2797868146140998
GS,sadness,text,-0.3717921304417908,-0.5740747524203691,-0.16950950846321258,0.0002852928960987032
GS,fear,audio,0.0076215718675148115,-0.19292504620565826,0.20816818994068786,0.9402305996374132
GS,fear,text,-0.05223583038657924,-0.25281614331268865,0.1483444825395302,0.6077910135487906
ETR,happy,audio,0.1767380049996558,-0.11932564699846615,0.47280165699777776,0.24063285856934338
ETR,happy,text,-0.15348163993630895,-0.44940084445412387,0.14243756458150594,0.30796740258257593
ETR,neutral,audio,-0.35314243104078186,-0.650958603710228,-0.0553262583713357,0.01982619155955271
ETR,neutral,text,0.15080698112795915,-0.14509691122664398,0.4467108734825623,0.316450369680636
ETR,surprise,audio,0.40733080200476274,0.10874527657775435,0.7059163274317711,0.007495691293170285
ETR,surprise,text,0.20069350435560804,-0.09554011988528174,0.4969271285964978,0.18297680274813657
ETR,disgust,audio,0.06490258650425135,-0.23065245920646454,0.36045763221496724,0.6660251208321397
ETR,disgust,text,0.17052998511328937,-0.12549312472697915,0.4665530949535579,0.2575446882765687
ETR,anger,audio,0.19006778459203172,-0.10608779608127611,0.48622336526533955,0.2073917374481386
ETR,anger,text,-0.24816352960610732,-0.5447973236123371,0.04847026440012253,0.10012092793275888
ETR,sadness,audio,-0.1412658869108273,-0.43711734423005666,0.15458557040840204,0.34796621647394005
ETR,sadness,text,-0.12762673131630584,-0.42340916661368466,0.16815570398107302,0.39639953622987184
ETR,fear,audio,-0.35942865328308515,-0.657328550530794,-0.06152875603537633,0.01793356830887813
ETR,fear,text,-0.12990346528781052,-0.4256969363980594,0.16589000582243832,0.3880542767305348
NOW,happy,audio,-0.21004590823846733,-0.45064077228388694,0.03054895580695227,0.09766146321847793
NOW,happy,text,0.03345090063553048,-0.2065441203485528,0.27344592161961373,0.7912924241131194
NOW,neutral,audio,0.24069867768245962,-8.860663598719842e-05,0.48148596200090643,0.059186993942575226
NOW,neutral,text,-0.2142243952414493,-0.45484395739124284,0.02639516690834426,0.09007267587249265
NOW,surprise,audio,-0.16651265955085878,-0.4068790246970718,0.07385370559535426,0.195749930069331
NOW,surprise,text,0.049549077119836825,-0.19046460534571943,0.28956275958539307,0.6961416553129629
NOW,disgust,audio,-0.3822567919670675,-0.6242685963343764,-0.1402449875997587,0.0021610662662233334
NOW,disgust,text,0.40050823923053214,0.15829863530960198,0.6427178431514623,0.001800945953703258
NOW,anger,audio,0.288884553035161,0.047742282911773015,0.530026823158549,0.01847142750148364
NOW,anger,text,0.0717296369639161,-0.16832161173699758,0.31178088566482975,0.5624407008247874
NOW,sadness,audio,-0.14920512171821282,-0.3894952719321832,0.09108502849575756,0.25295722308273044
NOW,sadness,text,-9.658137313605043e-05,-0.24007597323836566,0.23988281049209353,0.9993791785666817
NOW,fear,audio,0.14751396738407352,-0.09276918264258208,0.3877971174107291,0.2512022258868487
NOW,fear,text,-0.06071398718590411,-0.30074486236021486,0.17931688798840667,0.63471127538412
GOOG,happy,audio,0.08205304746114908,-0.16696884607344073,0.33107494099573886,0.5175565841623484
GOOG,happy,text,0.13664630215802442,-0.1125638438926567,0.38585644820870557,0.2815730392599346
GOOG,neutral,audio,-0.1320809281990409,-0.38127173698105543,0.11710988058297361,0.29788452352569206
GOOG,neutral,text,0.11453252207773146,-0.13459006260048573,0.36365510675594864,0.366572018013541
GOOG,surprise,audio,0.08707688615570476,-0.16195840917219084,0.3361121814836004,0.49226292207628264
GOOG,surprise,text,0.14575879237553993,-0.10349191055281412,0.39500949530389395,0.25078150043994557
GOOG,disgust,audio,0.01683091500400687,-0.2320892300281737,0.2657510600361874,0.8943564565308059
GOOG,disgust,text,-0.08375442920440145,-0.332780772333495,0.16527191392469215,0.5089099197486253
GOOG,anger,audio,-0.006321192699600395,-0.25523749817541935,0.2425951127762186,0.9602281269056289
GOOG,anger,text,-0.10289334772334567,-0.351976028896965,0.14618933345027363,0.41720579023608906
GOOG,sadness,audio,-0.04305890698567128,-0.2920038372143289,0.2058860232429863,0.7340834387900146
GOOG,sadness,text,-0.27691695725263327,-0.5270397538523846,-0.026794160652882038,0.029675701622669602
GOOG,fear,audio,0.06089428192915356,-0.18807989973794484,0.309868463596252,0.6309802449100764
GOOG,fear,text,-0.2388733751735839,-0.4886878351863668,0.010941084839199033,0.0603879613396598
AXP,happy,audio,0.19307253663346455,-0.04794894260930149,0.4340940158762306,0.1164975075738636
AXP,happy,text,-0.12416460808599564,-0.3648540381240851,0.11652482195209382,0.31182896478240824
AXP,neutral,audio,0.04731500891804268,-0.19317402762177002,0.2878040454578554,0.698954402830186
AXP,neutral,text,0.1720851709148453,-0.06881995114385484,0.4129902929735454,0.16108480689589547
AXP,surprise,audio,0.03208909805748245,-0.20838154545238843,0.27255974156735335,0.793689926992834
AXP,surprise,text,0.24044673383158957,-0.0008862895842461083,0.4817797572474253,0.0516282951464757
AXP,disgust,audio,-0.08231958691753825,-0.32287764646287365,0.1582384726277971,0.5027017045948486
AXP,disgust,text,0.11277101113455988,-0.12787738177954633,0.3534194040486661,0.35854199440524775
AXP,anger,audio,0.05829983094859402,-0.1822068542804406,0.29880651617762866,0.6339788619118352
AXP,anger,text,-0.05664606340590952,-0.297149856962547,0.18385773015072795,0.6444883732718907
AXP,sadness,audio,-0.21954616722572948,-0.4607334001035962,0.02164106565213722,0.0741183941543896
AXP,sadness,text,-0.28537126613022934,-0.5270621272563664,-0.043680405004092315,0.02093593372614764
AXP,fear,audio,-0.1288550131789149,-0.3695624815734843,0.11185245521565451,0.29407056838772044
AXP,fear,text,-0.2177151898839346,-0.4588902780729891,0.023459898305119936,0.0765186677538275
FOXA,happy,audio,0.021669631280835367,-0.3225592447732744,0.36589850733494517,0.9029883400503093
FOXA,happy,text,-0.03676631690772571,-0.38101419779252593,0.30748156397707455,0.831019703021147
FOXA,neutral,audio,-0.04359759240020929,-0.3878572994982368,0.30066211469781823,0.8059120650861985
FOXA,neutral,text,-0.10146641066902197,-0.44590690411980627,0.24297408278176236,0.5640799928533045
FOXA,surprise,audio,-0.12129361902717099,-0.46582919184527866,0.22324195379093664,0.4992975628857597
FOXA,surprise,text,0.04717749767058797,-0.2970892096072935,0.3914442049484695,0.7869753046237208
FOXA,disgust,audio,-0.05095578186624137,-0.39523047593763744,0.29331891220515466,0.7775795758421657
FOXA,disgust,text,-0.1412222472844149,-0.4858704074341238,0.203425912865294,0.42632140290753506
FOXA,anger,audio,0.18993471344385374,-0.15506037609923903,0.5349298029869465,0.2806274348625578
FOXA,anger,text,-0.10470096729441071,-0.4491558180538702,0.23975388346504883,0.5586351294611154
FOXA,sadness,audio,-0.10013403416146288,-0.44456874439534,0.24430067607241424,0.5715615572634322
FOXA,sadness,text,0.05029745408056355,-0.29397580414276725,0.3945707123038943,0.7779852944233742
FOXA,fear,audio,0.19420309485655268,-0.15082723800253162,0.539233427715637,0.2751019915840855
FOXA,fear,text,0.30963262586443935,-0.0366454513867846,0.6559107031156632,0.08021901247549247
FCX,happy,audio,0.09121893168905626,-0.3877251398744144,0.5701630032525269,0.702061530928496
FCX,happy,text,-0.5318106859611336,-1.0192133697706338,-0.044408002151633374,0.03174775608520336
FCX,neutral,audio,-0.3492063457556776,-0.8316696691849307,0.13325697767357547,0.15056837316634208
FCX,neutral,text,0.5074816255561908,0.02085193679492625,0.9941113143174554,0.03680867544407445
FCX,surprise,audio,0.24158601253580486,-0.23891120111234987,0.7220832261839596,0.31577805584588253
FCX,surprise,text,0.1446553123342606,-0.3346804219817368,0.6239910466502581,0.5458130315443055
FCX,disgust,audio,0.30089011681567945,-0.18060291894378855,0.7823831525751475,0.2121584054306895
FCX,disgust,text,0.13058301713686762,-0.3486323950215321,0.6097984292952674,0.5863014509597644
FCX,anger,audio,0.001838373686858647,-0.47684706539603255,0.4805238127697498,0.9938963832441468
FCX,anger,text,-0.04704454479388906,-0.5257987113717408,0.43170962178396277,0.8449437770740754
FCX,sadness,audio,-0.030995882957342086,-0.5097110983547208,0.44771933244003664,0.8982109723267685
FCX,sadness,text,-0.19840005601390984,-0.6783081358139165,0.28150802378609674,0.4017884380288536
FCX,fear,audio,0.0875466426660132,-0.3913770208126534,0.5664703061446799,0.712891787625878
FCX,fear,text,-0.16828464312303915,-0.6478500058787389,0.3112807196326605,0.4804200268757769
KMB,happy,audio,0.01956597964424294,-0.1854855396690067,0.22461749895749258,0.848983302705036
KMB,happy,text,0.07350074807363363,-0.13161438543843848,0.2786158815857057,0.4818640380981214
KMB,neutral,audio,0.21349914155192456,0.007875508884815252,0.4191227742190339,0.03914732770300269
KMB,neutral,text,-0.044206163306502406,-0.24927759907393934,0.16086527246093454,0.6684375231985322
KMB,surprise,audio,-0.14486828118846545,-0.35018079611979896,0.06044423374286806,0.16247807129898756
KMB,surprise,text,-0.0021022499880711527,-0.2071489728099277,0.2029444728337854,0.9838807722783502
KMB,disgust,audio,-0.022856667854835252,-0.22790995662825242,0.1821966209185819,0.825539734122986
KMB,disgust,text,-0.03705341739946633,-0.24211748649792209,0.16801065169898943,0.7254321414853109
KMB,anger,audio,0.020815802018670435,-0.18423635701653285,0.22586796105387374,0.8388069568292885
KMB,anger,text,0.14796314666916563,-0.05736084062987093,0.3532871339682022,0.16297649112642723
KMB,sadness,audio,-0.12337006307799629,-0.3286095639854465,0.0818694378294539,0.2343575967553278
KMB,sadness,text,0.034229753011084975,-0.17083176494693242,0.23929127096910235,0.743335079219498
KMB,fear,audio,-0.008161369824125672,-0.21320888092067403,0.1968861412724227,0.9371991770622492
KMB,fear,text,-0.11974647933179498,-0.32497482382016185,0.08548186515657187,0.248204266363084
CBRE,happy,audio,0.04297634987155706,-0.186894678642738,0.27284737838585216,0.7096405795227736
CBRE,happy,text,-0.034369233007776535,-0.2642309438220971,0.19549247780654402,0.7674593383972248
CBRE,neutral,audio,-0.20683446586766321,-0.4372776915573955,0.02360875982206906,0.07370511876770637
CBRE,neutral,text,0.08010149989795626,-0.14983347182449888,0.31003647162041137,0.4997194961279059
CBRE,surprise,audio,0.3061147247092396,0.07496160123156018,0.5372678481869191,0.007344044068183305
CBRE,surprise,text,0.0706222049934246,-0.15929277444610268,0.30053718443295185,0.5514887181283432
CBRE,disgust,audio,0.1933191695576848,-0.037048538128125,0.42368687724349463,0.0988913520271666
CBRE,disgust,text,0.08681029310053386,-0.14314034622441685,0.31676093242548453,0.460365160004214
CBRE,anger,audio,0.07378044212267763,-0.15614091903379712,0.30370180327915236,0.5233767112851878
CBRE,anger,text,0.11803900141489196,-0.11200112498634443,0.3480791278161284,0.31316679100502726
CBRE,sadness,audio,-0.12310459953629212,-0.35316180947063136,0.10695261039804714,0.2882967581946378
CBRE,sadness,text,-0.11626196062657922,-0.346296263792901,0.11377234253974257,0.3176264706654223
CBRE,fear,audio,-0.20071588734667012,-0.4311242960146992,0.029692521321358967,0.07847879109483272
CBRE,fear,text,-0.20943909560020368,-0.43989745821135384,0.021019267010946474,0.0733603629250284
ISRG,happy,audio,0.317115946962765,0.06141619684803806,0.572815697077492,0.014758525235667829
ISRG,happy,text,-0.10717909945303854,-0.36146631629326614,0.14710811738718904,0.4079387612764067
ISRG,neutral,audio,-0.12825984656496697,-0.3826259754922426,0.12610628236230864,0.3208128684048815
ISRG,neutral,text,0.11196324495383447,-0.14234064294025423,0.36626713284792317,0.3881952644972413
ISRG,surprise,audio,-0.03119314021097129,-0.2853131048754911,0.2229268244535485,0.8091403638689482
ISRG,surprise,text,-0.04707506957709573,-0.3012148132315539,0.20706467407736245,0.7171002993489418
ISRG,disgust,audio,0.10988513724476671,-0.14441141989415013,0.3641816943836836,0.39499582697220476
ISRG,disgust,text,0.040989591248373196,-0.21314162528909236,0.29512080778583877,0.7515703307670911
ISRG,anger,audio,-0.06823807832546543,-0.3224166478873712,0.18594049123644035,0.5968081062075679
ISRG,anger,text,0.10590982393970184,-0.1483730919241465,0.36019273980355015,0.41066523168457514
ISRG,sadness,audio,-0.19494844220669222,-0.44965698685998473,0.059760102446600294,0.13149444715372974
ISRG,sadness,text,0.061836669101639055,-0.19232865362594925,0.31600199182922734,0.6323617854371149
ISRG,fear,audio,0.14421854380346305,-0.1102167017223113,0.3986537893292374,0.26460987376022793
ISRG,fear,text,-0.1423389513712678,-0.3967656368405609,0.11208773409802522,0.2758518892719659
ALB,happy,audio,0.05173419873770455,-0.1993319520639177,0.30280034953932683,0.6871904545466643
ALB,happy,text,-0.20939889197711337,-0.4611190200317379,0.04232123607751115,0.10186514326598117
ALB,neutral,audio,-0.015991502866907256,-0.2670191496850081,0.2350361439511936,0.9007130121862308
ALB,neutral,text,0.1296557880306646,-0.12163506550141914,0.3809466415627484,0.31122420415323027
ALB,surprise,audio,-0.10980316973427104,-0.3610184693123849,0.14141212984384285,0.3914955645430229
ALB,surprise,text,0.051307632627037504,-0.1997578190862371,0.3023730843403121,0.6874621294219462
ALB,disgust,audio,-0.0215084587893021,-0.2725393965904203,0.22952247901181613,0.8666904788652567
ALB,disgust,text,-0.10675857136121523,-0.35796339013954664,0.14444624741711615,0.40389424599937507
ALB,anger,audio,0.026313120476916575,-0.2247214722286051,0.2773477131824383,0.8369114479108909
ALB,anger,text,0.06104953690757674,-0.19003332334538042,0.3121323971605339,0.6334957288285398
ALB,sadness,audio,0.008974976122714678,-0.242049884060666,0.25999983630609536,0.9440412269573569
ALB,sadness,text,0.13997216609282562,-0.11136288486743831,0.3913072170530896,0.27387671238666234
ALB,fear,audio,0.1569357317489601,-0.0944793277650747,0.4083507912629949,0.22091494771543224
ALB,fear,text,-0.037470835420969476,-0.2885167485598908,0.21357507771795187,0.7694882750765591
AVB,happy,audio,-0.007306563662061751,-0.24833583895707356,0.23372271163295005,0.9527296206064398
AVB,happy,text,0.020274619400724222,-0.2207600848809758,0.2613093236824242,0.868649348405153
AVB,neutral,audio,0.026786000305416585,-0.2142533550441834,0.2678253556550166,0.8274678349017066
AVB,neutral,text,0.17062516212795098,-0.07084479800142196,0.4120951222573239,0.16616155422208012
AVB,surprise,audio,0.09883935433886146,-0.1423373500201805,0.3400160586979034,0.42085537252538346
AVB,surprise,text,-0.08302982441366374,-0.3241629085693649,0.15810325974203746,0.4984141086724318
AVB,disgust,audio,-0.04422875031368957,-0.28528690594394723,0.19682940531656812,0.7194568930502039
AVB,disgust,text,-0.26214261528836286,-0.5042119009958999,-0.020073329580825916,0.033810166042912995
AVB,anger,audio,-0.05552740133560351,-0.2966026624254507,0.1855478597542437,0.650541524937926
AVB,anger,text,-0.22886095825885006,-0.47068314135928424,0.012961224841584101,0.061961005175104354
AVB,sadness,audio,-0.12034981973727422,-0.36159803542916735,0.12089839595461889,0.32707111672235867
AVB,sadness,text,-0.026733813280604965,-0.2677731262371304,0.21430549967592044,0.8278643426757148
AVB,fear,audio,-0.02977483456875341,-0.2708167557790794,0.21126708664157257,0.8088437678614266
AVB,fear,text,0.10900935633920276,-0.13219941144047515,0.3502181241188807,0.3762149832171429
VLO,happy,audio,0.11945202391777983,-0.06783952652028173,0.3067435743558414,0.21145885469542833
VLO,happy,text,-0.05994320626233065,-0.24711016319710954,0.12722375067244823,0.5332048723960175
VLO,neutral,audio,0.12305329909339506,-0.06424844017841035,0.31035503836520045,0.19589648320147673
VLO,neutral,text,0.1751621161251552,-0.012320826552643577,0.36264505880295395,0.06704361427272423
VLO,surprise,audio,-0.1489291093573567,-0.3363129356882212,0.0384547169735078,0.11769784705719127
VLO,surprise,text,0.062376828722087496,-0.12479360353013536,0.24954726097431035,0.5148496792966247
VLO,disgust,audio,-0.04471741162375302,-0.2318657634349615,0.1424309401874555,0.6394376784659646
VLO,disgust,text,-0.17434826739170106,-0.3618278947701902,0.013131359986788022,0.07015257923689933
VLO,anger,audio,-0.05267580748518611,-0.2398332090059648,0.1344815940355926,0.5817041389570875
VLO,anger,text,-0.2493035407551881,-0.43715291629029585,-0.06145416522008035,0.009458862926030973
VLO,sadness,audio,-0.06379321529932866,-0.25096573384446774,0.12337930324581045,0.5047803566913999
VLO,sadness,text,-0.06537321409972699,-0.25254811517528164,0.12180168697582769,0.49376155968840807
VLO,fear,audio,0.020975173528053226,-0.16615496660261428,0.20810531365872073,0.8261447211225362
VLO,fear,text,0.031831773322696766,-0.15530506118651494,0.21896860783190847,0.7390202867811163
AMT,happy,audio,0.02457842672674992,-0.3114213260964965,0.3605781795499963,0.8872213253060881
AMT,happy,text,0.36563766471916465,0.026800538108133154,0.7044747913301961,0.03742796406959614
AMT,neutral,audio,-0.002005896253256726,-0.33799280137105714,0.33398100886454374,0.9906490371119274
AMT,neutral,text,-0.1465639653663109,-0.4830103902476144,0.1898824595149926,0.39468741053300954
AMT,surprise,audio,-0.29063357319835514,-0.628424055828642,0.04715690943193174,0.09422196207183069
AMT,surprise,text,-0.15741553217258059,-0.4939324792264412,0.17910141488128,0.3629256893506503
AMT,disgust,audio,0.10879496508909053,-0.22744518120368973,0.4450351113818708,0.5270402704221331
AMT,disgust,text,0.018247573302326743,-0.317746374751965,0.35424152135661846,0.915482489924472
AMT,anger,audio,-0.2262243636185576,-0.5633051400558016,0.11085641281868633,0.1888568926210391
AMT,anger,text,0.04139936882305124,-0.2946241438765822,0.37742288152268466,0.8118810031603994
AMT,sadness,audio,0.3145365437459379,-0.02356185641602404,0.6526349439078999,0.07352652418306184
AMT,sadness,text,-0.13440912681123832,-0.4707825226649822,0.20196426904250556,0.43596270023543865
AMT,fear,audio,0.3344033282514007,-0.003969269243926987,0.6727759257467283,0.05588101828397965
AMT,fear,text,-0.010421346301408837,-0.3464104905460511,0.32556779794323343,0.9520446958682599
NWS,happy,audio,-0.05645429182357953,-0.40542110776833296,0.2925125241211739,0.7463175657291635
NWS,happy,text,0.065117483979413,-0.28387206374558116,0.4141070317044072,0.7093163223830491
NWS,neutral,audio,-0.07477519999879327,-0.42379390586855675,0.2742435058709702,0.6636365550098551
NWS,neutral,text,-0.012666907419050195,-0.3615683895801113,0.3362345747420109,0.9428533439458691
NWS,surprise,audio,-0.01904762289671087,-0.3679534736664757,0.32985822787305397,0.9129901874669804
NWS,surprise,text,-0.22436164359109076,-0.57434469990618,0.12562141272399843,0.20667120276859158
NWS,disgust,audio,0.10631618391624195,-0.24282576677085357,0.4554581346033375,0.5407682039972188
NWS,disgust,text,0.18623501674619097,-0.16341096422780538,0.5358809977201873,0.2951555071819744
NWS,anger,audio,0.26129423543451574,-0.08907463056423603,0.6116631014332675,0.1365682164427029
NWS,anger,text,0.013299840258129239,-0.33560199671073976,0.36220167722699825,0.94079157417539
NWS,sadness,audio,0.07964164721114624,-0.2693932755990343,0.4286765700213268,0.6435258443995071
NWS,sadness,text,0.06159361597978614,-0.28738629458928144,0.4105735265488537,0.7258044036436612
NWS,fear,audio,-0.04831152477118293,-0.3972599270628399,0.300636877520474,0.779731739507906
NWS,fear,text,-0.004854994634295758,-0.3537535217872571,0.34404353251866554,0.9782351289924515
IRM,happy,audio,0.0037530463203010824,-0.35215700065749067,0.3596630932980929,0.9836623340567578
IRM,happy,text,0.009258079127189478,-0.34665340480528806,0.36516956305966697,0.958837480767618
IRM,neutral,audio,0.0929336398493564,-0.263149349219433,0.44901662891814587,0.6029965793330434
IRM,neutral,text,-0.04281279547032955,-0.39875932992401064,0.3131337389833515,0.8132064709076878
IRM,surprise,audio,-0.14686972720315492,-0.5032119758660626,0.2094725214597528,0.42366911724709044
IRM,surprise,text,-0.06526914103057568,-0.42126435958516234,0.290726077524011,0.7212137827012457
IRM,disgust,audio,0.03704712854353194,-0.3188901693825835,0.3929844264696474,0.8369755960635556
IRM,disgust,text,0.13712368002263153,-0.21916310445048287,0.49341046449574594,0.4493756014882861
IRM,anger,audio,0.01673345213743354,-0.3391819296868202,0.3726488339616873,0.9285185435372669
IRM,anger,text,0.2802778722158076,-0.07720438544553243,0.6377601298771476,0.11769213438791017
IRM,sadness,audio,0.014750316079283418,-0.3411638131731238,0.3706644453316906,0.9348930203113642
IRM,sadness,text,0.06215657269693692,-0.2938306907496706,0.41814383614354445,0.7376179042080436
IRM,fear,audio,-0.0037453715936850407,-0.359655417416956,0.3521646742295859,0.9835943044104792
IRM,fear,text,-0.14660925937124383,-0.5029499763326264,0.2097314575901387,0.42765009464286147
CRM,happy,audio,-0.008389835828573555,-0.3745477468329654,0.35776807517581827,0.9638334397110143
CRM,happy,text,0.27930003569630424,-0.08863882286811564,0.6472388942607241,0.14275766595777006
CRM,neutral,audio,0.11738084660115664,-0.24909092738897362,0.48385262059128686,0.5255190696941257
CRM,neutral,text,0.020334211088779093,-0.3458315587928464,0.38649998097040456,0.9131191169084171
CRM,surprise,audio,-0.2216201048567375,-0.5888997419917114,0.14565953227823636,0.23665203723753422
CRM,surprise,text,-0.19180474166254488,-0.5588027799524045,0.17519329662731467,0.3013852705962168
CRM,disgust,audio,-0.026237212454529858,-0.39240927936147885,0.3399348544524191,0.8870103198283705
CRM,disgust,text,-0.1892036699600172,-0.5561790586222083,0.1777717187021739,0.31511350541950484
CRM,anger,audio,-0.18961127553090137,-0.556590193201629,0.17736764213982617,0.3063954868980844
CRM,anger,text,0.010177624285014878,-0.35598104708815526,0.37633629565818505,0.9556696938539218
CRM,sadness,audio,0.12355337357335822,-0.24295243538169414,0.4900591825284106,0.4981417930491465
CRM,sadness,text,-0.14889678508475498,-0.5155605740758168,0.2177670039063068,0.42436357086341114
CRM,fear,audio,0.2213730360373353,-0.14590410164973514,0.5886501737244058,0.2386168804122316
CRM,fear,text,-0.01202292865557343,-0.37818253842537874,0.3541366811142319,0.9485001496195717
WMT,happy,audio,0.12099035450606482,-0.10260548621310672,0.34458619522523637,0.2907822833109111
WMT,happy,text,0.0792255474187211,-0.14425346474366352,0.30270455958110576,0.4868198466848816
WMT,neutral,audio,-0.05015939518661066,-0.27358584487171883,0.1732670544984975,0.6608974884945409
WMT,neutral,text,0.1953143443526246,-0.02860962384553578,0.419238312550785,0.08753114383666763
WMT,surprise,audio,0.08581704417166883,-0.13767717062237467,0.3093112589657123,0.45340145881005073
WMT,surprise,text,0.1537231717869618,-0.06999823375662498,0.3774445773305486,0.18218474150360947
WMT,disgust,audio,-0.005259015789054235,-0.2286506803534452,0.21813264877533672,0.9634392625189465
WMT,disgust,text,-0.27362867497772847,-0.4980642720929358,-0.04919307786252111,0.016383272125637973
WMT,anger,audio,0.07750118557714426,-0.14597404974493444,0.300976420899223,0.5006577477262144
WMT,anger,text,-0.18396174093037745,-0.40782564726486026,0.03990216540410535,0.10814962853362194
WMT,sadness,audio,-0.07280933886740845,-0.2962747181237989,0.15065604038898203,0.5244196468846902
WMT,sadness,text,-0.18104090931305958,-0.40488994180773386,0.04280812318161473,0.11524320976022266
WMT,fear,audio,-0.18867572026582274,-0.4125641317043369,0.03521269117269141,0.09989138074978035
WMT,fear,text,-0.1878044294094996,-0.41168826503496037,0.036079406215961146,0.09952122324545565
VZ,happy,audio,0.15592895048465572,-0.09287097286761534,0.4047288738369268,0.21823377574211583
VZ,happy,text,0.03895508526286777,-0.20948615461064574,0.2873963251363813,0.7580368414511147
VZ,neutral,audio,-0.01162705410051994,-0.2600465276935631,0.23679241949252325,0.9267240784937855
VZ,neutral,text,0.16893808309463676,-0.07992828017808637,0.4178044463673599,0.1824503085298952
VZ,surprise,audio,0.04139486744438689,-0.20704945912357442,0.2898391940123482,0.7434397424951951
VZ,surprise,text,-0.11662543351116811,-0.3652568704965072,0.13200600347417096,0.35674800326663064
VZ,disgust,audio,-0.19113727441078293,-0.4401292517019143,0.05785470288034844,0.13156305230956725
VZ,disgust,text,0.013650438138144205,-0.23476984085060532,0.2620707171268937,0.9140332650421841
VZ,anger,audio,0.07701397988629674,-0.17149674597818576,0.32552470575077924,0.5427163205974506
VZ,anger,text,-0.13214696280170113,-0.38083914484553055,0.1165452192421283,0.29651840248864086
VZ,sadness,audio,-0.09980039885573694,-0.34837453745156477,0.14877373974009087,0.4302443350052061
VZ,sadness,text,-0.021259543226319275,-0.2696840050992873,0.22716491864664873,0.8664603287096451
VZ,fear,audio,-0.09205356821279592,-0.3406043161375256,0.1564971797119338,0.46685642935760047
VZ,fear,text,-0.1308217216003472,-0.3795084218217569,0.11786497862106252,0.30135384891245803
CB,happy,audio,0.14379241083715322,-0.1639694262244486,0.45155424789875503,0.35510254822422604
CB,happy,text,-0.009696136618595698,-0.317067293886767,0.29767502064957563,0.9502162499071233
CB,neutral,audio,-0.025245067271418363,-0.3326265434841048,0.2821364089412681,0.871223001086042
CB,neutral,text,0.21375413444775881,-0.09448184763660233,0.5219901165321199,0.1666358586822146
CB,surprise,audio,-0.10373864822125049,-0.4113123551763429,0.2038350587338419,0.5113453149523086
CB,surprise,text,-0.21206780690269514,-0.5202901882167972,0.09615457441140687,0.1792050522206721
CB,disgust,audio,0.05281685304699987,-0.25460549883219963,0.36023920492619943,0.7324769783510188
CB,disgust,text,-0.1756833220680005,-0.483638365315712,0.132271721179711,0.2553637770509668
CB,anger,audio,-0.01280596335928599,-0.3201784497422168,0.2945665230236449,0.9340213989342191
CB,anger,text,-0.22293089186414808,-0.5312427645587428,0.08538098083044662,0.1531996317528226
CB,sadness,audio,-0.0654165933000896,-0.372867233932531,0.24203404733235184,0.6686382303452446
CB,sadness,text,0.07367823576769832,-0.23379422482005796,0.3811506963554546,0.6336317081047073
CB,fear,audio,0.09164094444304195,-0.2158878950085641,0.39916978389464797,0.5563960253206239
CB,fear,text,0.038538451207227306,-0.26885912857825733,0.345936030992712,0.8051755350686096
AMD,happy,audio,0.13115306607102617,-0.04493012126889609,0.3072362534109484,0.1443958297390554
AMD,happy,text,-0.04365173775601557,-0.21956580024210576,0.1322623247300746,0.6264064332679499
AMD,neutral,audio,-0.007744520866250074,-0.18363816660307344,0.1681491248705733,0.931141640166043
AMD,neutral,text,0.11718185831930619,-0.058862980390535335,0.2932266970291477,0.19268953679896653
AMD,surprise,audio,-0.01732587770513754,-0.19322218100467303,0.15857042559439793,0.8465254120298841
AMD,surprise,text,0.05393817533894132,-0.12198699178400205,0.2298633424618847,0.547096925627358
AMD,disgust,audio,0.030662820551954732,-0.1452405634852659,0.20656620458917538,0.7323470763434098
AMD,disgust,text,-0.10422501130825611,-0.2802381357315482,0.07178811311503598,0.24613372002165654
AMD,anger,audio,0.03780944808327761,-0.13809934952308137,0.21371824568963657,0.6727327660027846
AMD,anger,text,-0.03819926283814063,-0.2141083882244428,0.13770986254816156,0.6706950694958471
AMD,sadness,audio,-0.21861717755863064,-0.39503813967091,-0.04219621544635127,0.015012134819020678
AMD,sadness,text,0.019201715325578822,-0.15669534604053278,0.19509877669169043,0.8307029619589127
AMD,fear,audio,0.022274695281551682,-0.15362377618246606,0.19817316674556942,0.8037862053346484
AMD,fear,text,-0.10878462135002456,-0.284808483623623,0.06723924092357386,0.22529075356116565
BA,happy,audio,0.029806828203646742,-0.23466446850499487,0.29427812491228833,0.8248168041149505
BA,happy,text,-0.15955979536452652,-0.42444288678818703,0.10532329605913399,0.23723109430317435
BA,neutral,audio,-0.26842261045853516,-0.534084795374159,-0.002760425542911338,0.046600868875246615
BA,neutral,text,0.2658484158744519,0.0002091960716553709,0.5314876356772484,0.04903609549963858
BA,surprise,audio,0.1732789923153026,-0.09168055699122687,0.43823854162183207,0.19888577761561893
BA,surprise,text,0.08753397280090752,-0.17705091228202452,0.35211885788383956,0.5165139477740761
BA,disgust,audio,0.21758209052606584,-0.04766720388994025,0.4828313849420719,0.10729378693056435
BA,disgust,text,0.021115216644724415,-0.24334865653762086,0.2855790898270697,0.8754040987388838
BA,anger,audio,0.11874372379932581,-0.14594907224172804,0.38343651984037963,0.3783283042223859
BA,anger,text,-0.18667787599434063,-0.45171815807995475,0.07836240609127351,0.16815973746513632
BA,sadness,audio,-0.04544703127086106,-0.30993806824412146,0.21904400570239932,0.7357934793373726
BA,sadness,text,-0.19243650591553144,-0.4575133242677769,0.07264031243671407,0.15247887389117817
BA,fear,audio,-0.13681107706025294,-0.40158123899577614,0.12795908487527022,0.30871899299483824
BA,fear,text,-0.06299273090646386,-0.3275156758110502,0.2015302139981225,0.6387659007011848
NEE,happy,audio,-0.1121031651911241,-0.4879455633333637,0.26373923295111557,0.5578981155905317
NEE,happy,text,-0.12641057601288602,-0.5023318765838054,0.2495107245580333,0.5076277699002416
NEE,neutral,audio,0.25485054173992966,-0.12220118069975083,0.6319022641796102,0.19915684566266637
NEE,neutral,text,-0.05722587782076972,-0.43285333965097944,0.31840158400944,0.7642209765474836
NEE,surprise,audio,-0.33110998198955915,-0.7091902803540144,0.046970316374896126,0.09931189096610872
NEE,surprise,text,0.21540613113366786,-0.16121779875103803,0.5920300610183737,0.2546313843549213
NEE,disgust,audio,-0.026056678602931434,-0.4016240750356273,0.34951071782976445,0.8932697036518071
NEE,disgust,text,0.2585171652622795,-0.1185779418402293,0.6356122723647883,0.18860242078682826
NEE,anger,audio,-0.3771235875483658,-0.7559522559529934,0.0017050808562618647,0.05091036297438588
NEE,anger,text,0.23783173307650674,-0.13902667069842983,0.6146901368514432,0.21978758499732542
NEE,sadness,audio,0.22171351983748883,-0.1549740269633575,0.5984010666383351,0.2572501046988583
NEE,sadness,text,-0.034914290371207815,-0.4104941839803939,0.3406656032379783,0.8522226287722888
NEE,fear,audio,0.31029933239620555,-0.06747400690470978,0.6880726716971208,0.11134006563279768
NEE,fear,text,-0.2827941234941794,-0.6601919800942508,0.0946037331058921,0.14164959944866962
TJX,happy,audio,0.036839211767567326,-0.1964425482362032,0.27012097177133787,0.7564670913154622
TJX,happy,text,-0.00521961924177041,-0.23848179060685842,0.2280425521233176,0.9650051149767128
TJX,neutral,audio,0.04502595251758701,-0.1882656787677952,0.2783175838029692,0.7055480393902142
TJX,neutral,text,0.30309626063693934,0.0684851653867074,0.5377073558871712,0.011666292802868856
TJX,surprise,audio,0.008408313610798515,-0.22485449785941977,0.24167112508101682,0.9439759446793013
TJX,surprise,text,0.20178723896277193,-0.032073549108138755,0.4356480270336826,0.09050288717996363
TJX,disgust,audio,-0.19544238794127808,-0.4292661426298612,0.03838136674730505,0.10150068918370408
TJX,disgust,text,-0.1762349293604966,-0.40995375442233445,0.05748389570134127,0.139428644301971
TJX,anger,audio,0.04476592287798757,-0.18852536452147461,0.2780572102774498,0.7052014916199844
TJX,anger,text,-0.26309281826134995,-0.49737196479643786,-0.028813671726262036,0.028014851090868993
TJX,sadness,audio,-0.06148768795938009,-0.2948051425000578,0.17182976658129762,0.6071023040795267
TJX,sadness,text,-0.37683346883192875,-0.6121776881710345,-0.14148924949282307,0.0017202202330968551
TJX,fear,audio,-0.012262541565482366,-0.24552652658835752,0.22100144345739278,0.9180465033867569
TJX,fear,text,-0.15153403188958225,-0.3851338010768025,0.08206573729763803,0.20368968810769794
DUK,happy,audio,0.06682378530343121,-0.20435665852542517,0.33800422913228756,0.6305810090130277
DUK,happy,text,-0.10709292367761902,-0.37839344824899357,0.16420760089375552,0.4411940863980765
DUK,neutral,audio,-0.05155157184384202,-0.3227010097986128,0.2195978661109288,0.7106164722047706
DUK,neutral,text,0.13772454360376188,-0.13370450167481943,0.4091535888823432,0.3208028445955844
DUK,surprise,audio,-0.08941525985300718,-0.3606562296233534,0.18182570991733904,0.5202771512467702
DUK,surprise,text,0.11797810323436726,-0.15336441513703314,0.38932062160576764,0.3954457924776222
DUK,disgust,audio,0.10457607512047874,-0.1667153170441631,0.37586746728512055,0.45078527476191727
DUK,disgust,text,0.07147577531371299,-0.19971570184498263,0.3426672524724086,0.6056799739787303
DUK,anger,audio,-0.18224445608981976,-0.45391746494158053,0.089428552761941,0.19417827198629256
DUK,anger,text,-0.09416925695906697,-0.36542519053047295,0.177086676612339,0.4960338520677771
DUK,sadness,audio,0.08167703836525629,-0.1895412302094323,0.3528953069399449,0.5572772437566569
DUK,sadness,text,-0.21405109665224392,-0.4859397966757845,0.057837603371296675,0.12451597108473873
DUK,fear,audio,0.21577709900296244,-0.05612429065821073,0.4876784886641356,0.12072537581461772
DUK,fear,text,-0.09987881717316541,-0.37115374541539736,0.17139611106906658,0.47174827867116254
CAT,happy,audio,0.1404434696885068,-0.1178734456233888,0.3987603850004024,0.2766402286074462
CAT,happy,text,-0.2865371440262306,-0.5458246095308057,-0.02724967852165555,0.028812245462417462
CAT,neutral,audio,-0.10372770992682419,-0.3619048410740686,0.15444942122042027,0.42418656632802104
CAT,neutral,text,0.40312703377098863,0.14259384549410187,0.6636602220478753,0.0022709897330253936
CAT,surprise,audio,-0.0013450945826568497,-0.25935438925928544,0.25666420009397173,0.991887412319841
CAT,surprise,text,0.1784199388501274,-0.08008566877598755,0.4369255464762424,0.16926408063398904
CAT,disgust,audio,-0.027626827839466038,-0.2856480056869929,0.23039435000806083,0.8367132422221306
CAT,disgust,text,-0.08339630025662607,-0.3415140875794209,0.17472148706616875,0.525781293375042
CAT,anger,audio,0.08175427912775193,-0.17635927770334556,0.3398678359588494,0.5271300374023936
CAT,anger,text,-0.14782808947251846,-0.4061781862509771,0.1105220073059402,0.2693691642783875
CAT,sadness,audio,-0.1214088810823542,-0.3796480896287829,0.13683032746407447,0.36127732791714656
CAT,sadness,text,-0.1943409903332215,-0.4529390253962054,0.0642570447297624,0.13988552927380452
CAT,fear,audio,0.12477034438763457,-0.13348176723085514,0.3830224560061243,0.3461050712218708
CAT,fear,text,-0.296995142106293,-0.556377361917222,-0.03761292229536406,0.024903381917425332
COST,happy,audio,0.12097022550150657,-0.08116624126644295,0.3231066922694561,0.24705440493057496
COST,happy,text,0.15655173023184543,-0.04570703356263489,0.35881049402632575,0.12423383532841208
COST,neutral,audio,-0.12685872249385988,-0.3290132677732993,0.07529582278557959,0.22614480105349472
COST,neutral,text,0.040140723034028186,-0.1618343472846979,0.24211579335275427,0.6991412106534084
COST,surprise,audio,0.09650908592719455,-0.10556146480949412,0.2985796366638832,0.3559865283527836
COST,surprise,text,-0.09115380443545987,-0.29321190024092997,0.11090429137001023,0.37848080450180027
COST,disgust,audio,-0.01367879000163605,-0.21563620186073482,0.18827862185746272,0.8949458456029487
COST,disgust,text,-0.22086267858527717,-0.4234217345675235,-0.01830362260303081,0.0322852178408741
COST,anger,audio,0.1599064145601454,-0.042365492907389335,0.36217832202768013,0.1246053404770945
COST,anger,text,-0.21441855124858936,-0.4169429263724006,-0.011894176124778083,0.038392839561076135
COST,sadness,audio,-0.13309042808291555,-0.33526503934975826,0.0690841831839272,0.19707936740193466
COST,sadness,text,-0.01608118338084762,-0.21803948175513468,0.18587711499343942,0.8751858010472627
COST,fear,audio,-0.11122975336087447,-0.3133381982089086,0.09087869148715967,0.2868178569072279
COST,fear,text,0.11473585655383967,-0.08738240446948459,0.3168541175771639,0.26966188105960526
ELV,happy,audio,0.007314140248011125,-0.37538921825037547,0.39001749874639774,0.969858536524679
ELV,happy,text,0.4650502215029665,0.0770381348326869,0.853062308173246,0.01886731792157717
ELV,neutral,audio,0.19766940176760628,-0.1859974253125295,0.581336228847742,0.30853517726649243
ELV,neutral,text,-0.16159869023086323,-0.5449458027771066,0.22174842231538008,0.40755475649345585
ELV,surprise,audio,-0.11057307039063047,-0.49357726063447427,0.27243111985321333,0.5690827538870914
ELV,surprise,text,-0.33380290542311397,-0.7192498446213755,0.05164403377514759,0.08947623426527014
ELV,disgust,audio,-0.1471454756157892,-0.5303824353219485,0.2360914840903701,0.4492994101398492
ELV,disgust,text,-0.6057944738344377,-0.9974644610056749,-0.21412448666320066,0.00238981322681995
ELV,anger,audio,0.13909445314146757,-0.24408560707220506,0.5222745133551402,0.4727802515978529
ELV,anger,text,0.0986954092617964,-0.28424737250520504,0.4816381910287978,0.6124876136289431
ELV,sadness,audio,-0.13572971225629027,-0.5188869386345982,0.24742751412201774,0.48596255079694983
ELV,sadness,text,0.21603684518527408,-0.16781732719475148,0.5998910175652996,0.2709913264646996
ELV,fear,audio,-0.1923142834221611,-0.5759296051102986,0.19130103826597641,0.32346079003216044
ELV,fear,text,0.20627802426162328,-0.17747454963669218,0.5900305981599387,0.2912239198083606
BMY,happy,audio,-0.16001108004993855,-0.44487687600604253,0.12485471590616545,0.2638297898230902
BMY,happy,text,-0.05509796448517465,-0.3395640993386819,0.22936817036833265,0.7024152389286841
BMY,neutral,audio,0.023559267485540207,-0.26086290061735384,0.30798143558843427,0.8683920144586603
BMY,neutral,text,0.31881965221515823,0.03261130021061881,0.6050280042196976,0.028056543431552776
BMY,surprise,audio,-0.10488101071373163,-0.38948825143669313,0.17972623000922988,0.4652809046577859
BMY,surprise,text,-0.014514225614051034,-0.298930289731414,0.26990183850331195,0.9203169281199138
BMY,disgust,audio,0.03498769364067886,-0.24944633371320143,0.3194217209945591,0.8087589616961003
BMY,disgust,text,-0.2835788492499944,-0.5694130300813369,0.0022553315813481634,0.04946096948393165
BMY,anger,audio,0.012124203133355878,-0.27229073249767655,0.2965391387643883,0.933720260878258
BMY,anger,text,-0.15166949161798515,-0.43648927333618454,0.13315029010021423,0.2947687293174404
BMY,sadness,audio,0.16314033684960721,-0.12174335413089027,0.4480240278301047,0.2670234225048929
BMY,sadness,text,-0.27332893469331565,-0.5590624212337019,0.012404551847070622,0.057596940218352204
BMY,fear,audio,0.11509400575147496,-0.1695530263650417,0.39974103786799164,0.4346434586511268
BMY,fear,text,-0.07159023813977002,-0.35609339814490215,0.21291292186536215,0.6174361016948682
CF,happy,audio,0.12983230339398774,-0.11253243438452307,0.3721970411724985,0.29397909455235527
CF,happy,text,-0.06321771365735251,-0.3053860053265234,0.17895057801181838,0.6101790722427124
CF,neutral,audio,-0.027075051493519027,-0.2691934664110975,0.21504336342405944,0.8272703522132479
CF,neutral,text,0.01583657157460303,-0.22627447179109847,0.25794761494030455,0.8980412487643471
CF,surprise,audio,-0.03968034479597602,-0.2818116213905418,0.20245093179858975,0.7492775787629378
CF,surprise,text,0.09696616083510219,-0.14528473061079794,0.33921705228100235,0.43878250667048246
CF,disgust,audio,0.028091622734363653,-0.21402764938615682,0.27021089485488414,0.820196900265277
CF,disgust,text,0.13645940357569838,-0.1059322796393774,0.37885108679077417,0.2695999463999811
CF,anger,audio,0.037914396159467165,-0.20421478603830895,0.28004357835724325,0.759432365654038
CF,anger,text,0.029363178817415528,-0.2127572099840599,0.271483567618891,0.8117823076225269
CF,sadness,audio,-0.07854865637886697,-0.32075015986566946,0.16365284710793554,0.5247683910084995
CF,sadness,text,-0.09257357447175626,-0.3348117465881593,0.1496645976446468,0.4541249452766094
CF,fear,audio,-0.018735116506173287,-0.2608476916020619,0.22337745858971533,0.8795744582803472
CF,fear,text,-0.11495725898737655,-0.3572663898025781,0.127351871827825,0.354630014782986
COP,happy,audio,0.02339970369444554,-0.21172129044722124,0.2585206978361123,0.8457079706281941
COP,happy,text,-0.04742981758298784,-0.28257490777541255,0.18771527260943688,0.6969275502079015
COP,neutral,audio,0.022314630401040005,-0.2128056614609377,0.25743492226301773,0.8517378087947987
COP,neutral,text,-0.0222954518515647,-0.25741573160064396,0.21282482789751456,0.8571600488886353
COP,surprise,audio,0.1744712987632627,-0.06107253202348162,0.410015129550007,0.1454754793889598
COP,surprise,text,0.03008337569227208,-0.2050426793154902,0.26520943070003433,0.8069549761377861
COP,disgust,audio,-0.1590875904566595,-0.3945588911747515,0.07638371026143251,0.1905140450430548
COP,disgust,text,0.0016225084552789544,-0.2334907707427242,0.2367357876532821,0.9895070195515248
COP,anger,audio,0.0211778219566597,-0.21394176990035646,0.2562974138136759,0.8594459243103597
COP,anger,text,-0.0812192942790432,-0.316425914189243,0.15398732563115658,0.5004257654503895
COP,sadness,audio,-0.1368342055317159,-0.37221239324890587,0.09854398218547405,0.24207459701668066
COP,sadness,text,0.07045333904293918,-0.16473016974741722,0.3056368478332956,0.5636305216646067
COP,fear,audio,-0.10246242417839806,-0.33772426115377635,0.1327994127969802,0.3906390085010553
COP,fear,text,0.0684062480008109,-0.1667732373333886,0.3035857333350104,0.5808524559898238
PM,happy,audio,0.07479267646743763,-0.1676390881850462,0.31722444111992143,0.5457841863857985
PM,happy,text,0.14998649190336194,-0.0927031513821488,0.3926761351888727,0.22227103343439547
PM,neutral,audio,0.04648704018564894,-0.19589231422773246,0.28886639459903035,0.7065003140867053
PM,neutral,text,0.04478458704172957,-0.19759239482323435,0.2871615689066935,0.7156726670636667
PM,surprise,audio,-0.18397894800230408,-0.4268416428959261,0.05888374689131795,0.13687900378562257
PM,surprise,text,-0.04968939205214903,-0.29207344903798993,0.19269466493369186,0.6877213381425824
PM,disgust,audio,0.10731011250439972,-0.13521202959044581,0.3498322545992453,0.39209402097680573
PM,disgust,text,-0.04577632025998525,-0.28815467345074325,0.19660203293077277,0.71250200933442
PM,anger,audio,0.0024074433551094453,-0.23993900097667195,0.24475388768689085,0.9845452453088244
PM,anger,text,-0.21857638519945935,-0.4616512172248204,0.024498446825901687,0.07899000454096838
PM,sadness,audio,-0.02547330368690687,-0.26782956835213556,0.21688296097832183,0.836217572129709
PM,sadness,text,-0.11210314431554953,-0.35464133382351865,0.1304350451924196,0.36438640197902833
PM,fear,audio,0.07234099824118688,-0.1700852597472321,0.31476725622960583,0.5596656715901747
PM,fear,text,0.004654803634557036,-0.23769188306582492,0.24700149033493898,0.9699459830816645
SBUX,happy,audio,0.33347487633987893,0.012974806853753684,0.6539749458260042,0.04492549109554757
SBUX,happy,text,-0.1852641450124788,-0.5042598771676341,0.13373158714267658,0.25614295489640093
SBUX,neutral,audio,-0.1367494713566703,-0.4554386575731052,0.1819397148597646,0.40396876867216436
SBUX,neutral,text,0.1419831742331018,-0.17673464943881723,0.46070099790502084,0.38100592730210214
SBUX,surprise,audio,-0.10402832788512993,-0.42256280802312324,0.21450615225286335,0.5260861923984224
SBUX,surprise,text,0.01239958196355122,-0.30592529412343455,0.330724458050537,0.9406697052377478
SBUX,disgust,audio,-0.12184232338570719,-0.4404558231904462,0.19677117641903177,0.4580813016010902
SBUX,disgust,text,0.25657353323130433,-0.06303954531609329,0.576186611778702,0.11438985406618939
SBUX,anger,audio,0.08296337984006778,-0.23549372480884717,0.40142048448898277,0.6089288585600493
SBUX,anger,text,0.2096653268440904,-0.10951935287525605,0.5288500065634368,0.2008588808320953
SBUX,sadness,audio,-0.15215528338412743,-0.4709318344632723,0.16662126769501745,0.3562480660736081
SBUX,sadness,text,-0.1278258310267066,-0.44646866401519625,0.19081700196178306,0.4276881138545116
SBUX,fear,audio,0.1457933210547318,-0.17294602549706695,0.46453266760653056,0.3721904933564675
SBUX,fear,text,-0.27956684943216714,-0.5994211495269481,0.0402874506626138,0.09070717275583659
SCHW,happy,audio,-0.07378607652764889,-0.9506698263255868,0.803097673270289,0.8658076995554604
SCHW,happy,text,-0.04462448337355839,-0.921279157510746,0.8320301907636292,0.918183498715724
SCHW,neutral,audio,0.23655727571744037,-0.6436708351017969,1.1167853865366777,0.5878083046366989
SCHW,neutral,text,0.10134305434502004,-0.7758607553519358,0.9785468640419758,0.8156368660427948
SCHW,surprise,audio,-0.5043147391590159,-1.397555143347887,0.38892566502985504,0.2543586347618418
SCHW,surprise,text,0.32066478579869956,-0.5626548190888894,1.2039843906862884,0.46393709618213774
SCHW,disgust,audio,-0.017744890103866068,-0.8942883256104438,0.8587985454027117,0.9674097807299324
SCHW,disgust,text,0.21984390834536216,-0.6598800029323378,1.0995678196230623,0.6142727755218597
SCHW,anger,audio,-0.20305501442779084,-1.0823093660832073,0.6761993372276256,0.6413130467782259
SCHW,anger,text,0.07790231514251736,-0.7990228501802286,0.9548274804652632,0.8577393868650828
SCHW,sadness,audio,0.10302909787541896,-0.7741975597533594,0.9802557555041972,0.8131139427962215
SCHW,sadness,text,-0.4629468668639607,-1.3535778982260038,0.42768416449808244,0.29403707615634356
SCHW,fear,audio,0.4184518711952043,-0.46961423830322085,1.3065179806936293,0.341992434889208
SCHW,fear,text,-0.25991029640985847,-1.1409042020035178,0.621083609183801,0.5515508093449766
PPL,happy,audio,0.2288496688911667,-0.14303375711640992,0.6007330948987433,0.22520498975033418
PPL,happy,text,-0.10224685860412959,-0.47313126400000427,0.2686375467917451,0.5869432117194975
PPL,neutral,audio,-0.023421456886650625,-0.3940693838938067,0.3472264701205054,0.9008117420114597
PPL,neutral,text,-0.09981848266089646,-0.47069117755237333,0.27105421223058035,0.5964803386345913
PPL,surprise,audio,0.46962956948230294,0.09376463334310386,0.845494505621502,0.013748338649919794
PPL,surprise,text,-0.07433276595359133,-0.4450995207925181,0.2964339888853354,0.6921492649375969
PPL,disgust,audio,-0.01664395090629928,-0.3872853933421833,0.35399749152958476,0.9292496597524867
PPL,disgust,text,0.10736022159205363,-0.2635497613331602,0.4782702045172674,0.5671723982103979
PPL,anger,audio,-0.2619859402226414,-0.6342562732268591,0.11028439278157631,0.16417799424964802
PPL,anger,text,-0.012641919268880702,-0.3832805628144436,0.3579967242766822,0.9465273766225364
PPL,sadness,audio,-0.3830009664821542,-0.7571224974518301,-0.008879435512478273,0.04363166181587568
PPL,sadness,text,0.268659234864921,-0.10369528349610402,0.641013753225946,0.15304840332536732
PPL,fear,audio,-0.3484198522216258,-0.7219425016789235,0.02510279723567188,0.0665682765788031
PPL,fear,text,0.14570768477815924,-0.22543380787334957,0.5168491774296681,0.43825259413245354
ABBV,happy,audio,-0.1879056180446584,-0.4341408854581995,0.058329649368882686,0.13632332708920725
ABBV,happy,text,-0.04755589705357419,-0.29331945434934237,0.19820766024219397,0.7050374532907302
ABBV,neutral,audio,-0.003882449774937969,-0.24961390795064375,0.24184900840076784,0.9756029032522157
ABBV,neutral,text,0.11063468951073836,-0.13527139519154896,0.35654077421302566,0.3700948556286485
ABBV,surprise,audio,0.08031353796186086,-0.16550985867247706,0.32613693459619875,0.5080087236028565
ABBV,surprise,text,0.28380116222103313,0.03692168056310277,0.5306806438789635,0.020768533600816146
ABBV,disgust,audio,-0.060388861535546116,-0.30617220999606837,0.18539448692497615,0.6339619855281167
ABBV,disgust,text,0.10369792158090746,-0.14218693201301302,0.34958277517482794,0.4093487939468133
ABBV,anger,audio,0.11620788712361307,-0.12971624942268611,0.36213202366991226,0.35506574125039375
ABBV,anger,text,-0.23026794285587623,-0.4767556985763662,0.016219812864613714,0.06877695720312298
ABBV,sadness,audio,-0.08174907987835332,-0.3275757996657965,0.1640776399090898,0.5109770796146434
ABBV,sadness,text,-0.23574861128119495,-0.4822727488907771,0.010775526328387214,0.06153191453849271
ABBV,fear,audio,0.11051618203831033,-0.13538952842999602,0.35642189250661666,0.3688608458469687
ABBV,fear,text,-0.18785046010896908,-0.4340854319651376,0.05838451174719944,0.12940969866880003
ORLY,happy,audio,0.13796896480505455,-0.11710431100736579,0.3930422406174749,0.27970864958275854
ORLY,happy,text,0.17644541281956713,-0.0788203813473454,0.4317112069864797,0.16952264501261302
ORLY,neutral,audio,-0.08319041935279672,-0.33807075671605125,0.17168991801045783,0.5121947467737266
ORLY,neutral,text,-0.029648901697686785,-0.28443296696461673,0.22513516356924315,0.8188985896643415
ORLY,surprise,audio,-0.08812941663862486,-0.3430232343842916,0.16676440110704185,0.492713342470014
ORLY,surprise,text,-0.12304287520475457,-0.3780541216007385,0.1319683711912293,0.3413957677899516
ORLY,disgust,audio,0.28420464669640394,0.028150416586893656,0.5402588768059142,0.029557068292629253
ORLY,disgust,text,-0.20972595653162823,-0.465196116226665,0.04574420316340855,0.10121952574104022
ORLY,anger,audio,0.09406862453774321,-0.16084243180173263,0.3489796808772191,0.4584777211541557
ORLY,anger,text,0.1270756807222487,-0.12795162708762745,0.3821029885321249,0.3266837568847307
ORLY,sadness,audio,-0.17158779336038466,-0.42682669212642743,0.08365110540565812,0.17628421016528417
ORLY,sadness,text,0.05834096165021781,-0.19648333745015917,0.31316526075059475,0.646029499164427
ORLY,fear,audio,-0.03880558450088842,-0.29359963970830616,0.2159884707065293,0.7629422756077403
ORLY,fear,text,-0.059063791241532666,-0.3138894426735347,0.19576186019046937,0.6470251310263856
WFC,happy,audio,0.19800497138950965,-0.027006986785739706,0.423016929564759,0.0736331645770282
WFC,happy,text,0.008978736027312256,-0.21550331430733805,0.23346078636196255,0.9356401390233581
WFC,neutral,audio,-0.023121303113860743,-0.24760950921652816,0.2013669029888067,0.8413677481474751
WFC,neutral,text,0.16655248933947422,-0.058304301217183385,0.39140927989613183,0.15355554111312406
WFC,surprise,audio,-0.17701498395680812,-0.4019204298305057,0.04789046191688945,0.11436068218408126
WFC,surprise,text,-0.033607193963881406,-0.2581034657521558,0.190889077824393,0.7620433196470645
WFC,disgust,audio,0.03646354844212298,-0.1880354371163841,0.2609625340006301,0.7506126805637412
WFC,disgust,text,0.11124234911916156,-0.11340634725448964,0.3358910454928128,0.3251938843508244
WFC,anger,audio,-0.029219348604254406,-0.25371188251586846,0.19527318530735965,0.7972562868388989
WFC,anger,text,-0.1695116908410179,-0.3943819435272455,0.05535856184520971,0.141340391774119
WFC,sadness,audio,0.03438151849955809,-0.190115467104299,0.2588785041034152,0.7581922964269995
WFC,sadness,text,-0.15654802173199592,-0.38136104961022854,0.06826500614623668,0.16963801103443413
WFC,fear,audio,0.1410425338981826,-0.0837080084478194,0.3657930762441846,0.2064818494794748
WFC,fear,text,-0.15753608901383914,-0.3823533187654583,0.06728114073778005,0.16891538584915064
CCI,happy,audio,-0.026974909738580796,-0.23841463995975357,0.18446482048259197,0.8016048344863849
CCI,happy,text,0.03324083645617443,-0.17820389731876554,0.2446855702311144,0.7588472450708081
CCI,neutral,audio,0.08064902653045943,-0.130867295698134,0.29216534875905287,0.45299614029535246
CCI,neutral,text,0.2049128774806727,-0.007073332346844485,0.41689908730818986,0.05948518399629666
CCI,surprise,audio,0.007182173915435937,-0.2042485906069323,0.21861293843780416,0.9467690146426516
CCI,surprise,text,0.01970620727453542,-0.1917290231687371,0.23114143771780796,0.8546372261907217
CCI,disgust,audio,-0.0051744922550452654,-0.21660492777184756,0.20625594326175703,0.9613595372078441
CCI,disgust,text,-0.23905686591564532,-0.45124349049748624,-0.02687024133380439,0.02709280577118019
CCI,anger,audio,-0.07407623133034982,-0.285579071500917,0.13742660884021735,0.48947127267592555
CCI,anger,text,-0.0900803985218124,-0.3016180655644272,0.12145726852080241,0.40292126644603043
CCI,sadness,audio,-0.0504069614570158,-0.2618707360357441,0.1610568131217125,0.6394914003127998
CCI,sadness,text,-0.07478313021546615,-0.28628736543912037,0.13672110500818804,0.48959646802156165
CCI,fear,audio,-0.01894761754395656,-0.23038245912353195,0.19248722403561885,0.8594476399933567
CCI,fear,text,-0.15764642775383728,-0.3694058434938886,0.054112987986214056,0.14747211595126594
VST,happy,audio,0.0994136615715205,-0.25850109982276587,0.45732842296580684,0.5794442779236659
VST,happy,text,-0.3702999334705152,-0.7310368134543241,-0.009563053486706219,0.046102927683667964
VST,neutral,audio,-0.12938745920007505,-0.4874548967613733,0.22867997836122322,0.48455633855268
VST,neutral,text,0.3525232014011487,-0.007929685363795624,0.7129760881660929,0.05300281334367126
VST,surprise,audio,0.23523423406242563,-0.12369118684508548,0.5941596549699367,0.19335104375400022
VST,surprise,text,0.48064048389214525,0.11783515887827573,0.8434458089060148,0.008734109539062767
VST,disgust,audio,-0.504828905138034,-0.8681574780657245,-0.14150033221034353,0.005711477413325136
VST,disgust,text,-0.15067574321167312,-0.5088758575715171,0.20752437114817082,0.41186277850595754
VST,anger,audio,0.1334560592223579,-0.22463517996160773,0.4915472984063235,0.47271334529363995
VST,anger,text,0.13171802686455553,-0.22636295473683338,0.48979900846594443,0.47152031129069416
VST,sadness,audio,-0.12779078336863312,-0.48584908116030134,0.23026751442303514,0.4802787224271139
VST,sadness,text,-0.11876865586812785,-0.47677743710262155,0.23924012536636585,0.49963979726150637
VST,fear,audio,0.0435598408414552,-0.31417705972325244,0.40129674140616284,0.8071167519933528
VST,fear,text,-0.45875375393015255,-0.8211071509421213,-0.09640035691818388,0.01192341915472352
TSLA,happy,audio,0.062131713927702406,-0.1579328542333991,0.28219628208880393,0.5803678851639805
TSLA,happy,text,-0.11703238254959217,-0.33722798149703526,0.10316321639785092,0.3032171736797702
TSLA,neutral,audio,-0.04889950813457013,-0.2689444981890242,0.17114548191988393,0.6633921155860663
TSLA,neutral,text,0.06845874360234554,-0.1516168342326566,0.2885343214373477,0.5432771856985269
TSLA,surprise,audio,0.09682151627319953,-0.1233165155720252,0.31695954811842425,0.3957552208321467
TSLA,surprise,text,-0.0517995832343483,-0.27184846502683924,0.16824929855814263,0.6355195921453028
TSLA,disgust,audio,-0.024462288777496913,-0.24448338653140828,0.19555880897641448,0.8228639160468268
TSLA,disgust,text,-0.01627848359763666,-0.23629513761066256,0.20373817041538927,0.8834644051472709
TSLA,anger,audio,-0.05871766045424241,-0.27877673074928766,0.1613414098408028,0.6054914225705311
TSLA,anger,text,0.1524354032594334,-0.06788720554684305,0.3727580120657098,0.1716029286185524
TSLA,sadness,audio,-0.06485371292901829,-0.28492288695617907,0.1552154610981425,0.5609891726121968
TSLA,sadness,text,0.08961552285498085,-0.13050461229836097,0.3097356580083227,0.42013296949059825
TSLA,fear,audio,-0.0337538407234559,-0.2537821476308784,0.1862744661839666,0.7642790167139959
TSLA,fear,text,-0.04219136391693671,-0.2622282107183521,0.17784548288447868,0.7058793871419031
HLT,happy,audio,-0.055841090501845395,-0.3552425720676134,0.24356039106392263,0.7148792679362655
HLT,happy,text,0.11529350044036124,-0.1842887313054934,0.4148757321862159,0.46770780632055214
HLT,neutral,audio,0.07996277969197342,-0.21949690954131806,0.3794224689252649,0.6162888105011348
HLT,neutral,text,0.01396725336752116,-0.28538227762772583,0.3133167843627681,0.9281926041986007
HLT,surprise,audio,-0.23520096141465502,-0.5355286590987763,0.0651267362694663,0.143489008127792
HLT,surprise,text,-0.08695695658681471,-0.3864373876650937,0.21252347449146433,0.5664279201093767
HLT,disgust,audio,0.15860571765604567,-0.1411871289525465,0.4583985642646379,0.3105053390714573
HLT,disgust,text,-0.00500646782959934,-0.30435297693450836,0.29434004127530966,0.9746027555958985
HLT,anger,audio,0.009191256229861845,-0.2901563088989842,0.30853882135870786,0.9534569128983157
HLT,anger,text,0.08573204855775673,-0.21374462450182719,0.38520872161734065,0.5928062245255294
HLT,sadness,audio,0.19037270096987613,-0.10961682886894902,0.4903622308087013,0.20905068531091464
HLT,sadness,text,-0.013723574850469732,-0.3130729859147911,0.2856258362138517,0.9311111560048583
HLT,fear,audio,0.059009561297757133,-0.24039838694293375,0.35841750953844803,0.70984516003087
HLT,fear,text,-0.15558608422891246,-0.45536209260523564,0.14418992414741072,0.3183356311135217
BAC,happy,audio,0.1469535687225463,-0.057783545777171125,0.3516906832222637,0.15912837558820056
BAC,happy,text,0.15742995630555287,-0.04734796705269245,0.3622078796637982,0.1321991338354238
BAC,neutral,audio,-0.10560468536040545,-0.3102080996135379,0.09899872889272703,0.31100791092239166
BAC,neutral,text,0.013397910522055172,-0.19106492577692236,0.21786074682103268,0.8981757525696427
BAC,surprise,audio,-0.006104986334423897,-0.21056599978738225,0.19835602711853448,0.9532490377001552
BAC,surprise,text,-0.09214217908740292,-0.296711496004977,0.11242713783017115,0.3768934887902754
BAC,disgust,audio,-0.007340950449836858,-0.2118021768871967,0.19712027598752302,0.9433270783482764
BAC,disgust,text,-0.2017522174936623,-0.40673375094373543,0.003229315956410822,0.0546331568209967
BAC,anger,audio,-0.09688316756060718,-0.3014639633146673,0.10769762819345295,0.3526761965584354
BAC,anger,text,-0.11082167853460984,-0.31543955263865575,0.09379619556943605,0.28922408651613696
BAC,sadness,audio,0.10074306309633826,-0.10384750292649392,0.30533362911917045,0.33147384157357546
BAC,sadness,text,0.04316035220051895,-0.16132405602506616,0.24764476042610406,0.67780024133068
BAC,fear,audio,0.03707230077560994,-0.16740584798059194,0.24155044953181182,0.7209113628671944
BAC,fear,text,0.01421045095823646,-0.19025267283722355,0.21867357475369645,0.8919828591994892
HD,happy,audio,0.29912664443425246,0.046588839836185114,0.5516644490323198,0.02050015274188106
HD,happy,text,-0.2395384031145358,-0.4915805323715635,0.012503726142491928,0.0613190406734524
HD,neutral,audio,-0.14568130794243248,-0.3971639338272155,0.10580131794235051,0.26237725093014336
HD,neutral,text,0.09636788571559317,-0.15492975432972872,0.3476655257609151,0.45238620261562296
HD,surprise,audio,0.1476019984108175,-0.10388935411542422,0.3990933509370592,0.24714197362796778
HD,surprise,text,0.10543164871914165,-0.14589434659177378,0.35675764403005705,0.4086918045643091
HD,disgust,audio,0.018449660838388362,-0.23270924079055041,0.2696085624673271,0.8844787672205213
HD,disgust,text,0.10392635722097797,-0.14739475274850683,0.3552474671904628,0.4175298418002831
HD,anger,audio,-0.05951403939168329,-0.3107225984371904,0.19169451965382386,0.6395074677993557
HD,anger,text,0.02230407106549082,-0.2288572672101677,0.2734654093411493,0.8628635185849434
HD,sadness,audio,-0.14415291944842143,-0.39562868256548267,0.10732284366863984,0.26404972229847046
HD,sadness,text,-0.08678683008949296,-0.3380572628942333,0.16448360271524742,0.5002279336401189
HD,fear,audio,-0.16354242717144493,-0.4151106025751128,0.08802574823222295,0.2006248851309508
HD,fear,text,0.01411134824171892,-0.23704536214722408,0.26526805863066194,0.9119160154792249
DLR,happy,audio,0.04113485512079523,-0.25737240681093493,0.3396421170525254,0.7875671534780652
DLR,happy,text,0.18093912912319954,-0.11814998072350202,0.4800282389699011,0.23785773692979498
DLR,neutral,audio,0.09030312752652936,-0.20832534262579216,0.3889315976788509,0.5509248698797948
DLR,neutral,text,0.29294840627504815,-0.007132855662190851,0.5930296682122871,0.057712494719207606
DLR,surprise,audio,-0.1969742731937929,-0.4961768192003263,0.1022282728127405,0.20301343335958666
DLR,surprise,text,-0.15175865488129153,-0.45066594416984596,0.1471486344072629,0.3186802909366773
DLR,disgust,audio,0.12355250689652586,-0.1752092679414775,0.42231428173452923,0.41169171093825646
DLR,disgust,text,-0.3627341230062013,-0.6636680412633693,-0.061800204749033194,0.019424122020595364
DLR,anger,audio,-0.003006280505898048,-0.3014819683037432,0.29546940729194704,0.9841747779799146
DLR,anger,text,-0.1726437810755119,-0.4716779704250792,0.12639040827405537,0.26130337873715964
DLR,sadness,audio,-0.07326874778513254,-0.371844964958928,0.22530746938866292,0.6321154696859453
DLR,sadness,text,-0.17651835728026347,-0.47557787932615025,0.12254116476562335,0.25485606818963247
DLR,fear,audio,0.05931073962786803,-0.23923076878408994,0.357852248039826,0.7001533586098344
DLR,fear,text,-0.188891079470471,-0.4880352453326473,0.11025308639170528,0.21319127094104173
MMM,happy,audio,-0.05975384294712841,-0.3089516110948375,0.18944392520058068,0.6365547169499941
MMM,happy,text,-0.04936758235658924,-0.29854755853804255,0.19981239382486404,0.6967318077170441
MMM,neutral,audio,0.09118201057004773,-0.15809021119457173,0.3404542323346672,0.4703999488256141
MMM,neutral,text,0.15525071904035204,-0.09426915261334987,0.40477059069405397,0.22301156363947527
MMM,surprise,audio,-0.005968133059615207,-0.25511040477349084,0.2431741386542604,0.9622678960424111
MMM,surprise,text,0.07095648968973998,-0.17826426373435295,0.3201772431138329,0.5770165428190838
MMM,disgust,audio,-0.0952894853281399,-0.3445737265912987,0.15399475593501888,0.45381436522602026
MMM,disgust,text,0.019134281471121884,-0.23001317950532751,0.2682817424475713,0.8809225975568779
MMM,anger,audio,-0.1281327528042723,-0.3775321167779415,0.12126661116939694,0.3027899684268971
MMM,anger,text,-0.12381812162369857,-0.37320043410485676,0.12556419085745962,0.3291155047494935
MMM,sadness,audio,0.07988947380827773,-0.1693524296448936,0.3291313772614491,0.5322782585725025
MMM,sadness,text,0.006406335661150038,-0.2427360211934548,0.2555486925157549,0.9600325059499343
MMM,fear,audio,0.030776104058652373,-0.21838047977402048,0.2799326878913252,0.807488719585999
MMM,fear,text,-0.2159103623896832,-0.46578295692936567,0.03396223214999927,0.0892841610602995
PEG,happy,audio,-0.08189769564995353,-0.33523522971960434,0.1714398384196973,0.5286806712948324
PEG,happy,text,0.15716619941413204,-0.09645717871633522,0.4107895775445993,0.21970929029951639
PEG,neutral,audio,-0.10154203286041258,-0.3549368371081052,0.15185277138728004,0.4301219694809396
PEG,neutral,text,0.07422045303853769,-0.17909802985342949,0.32753893593050487,0.5601167611942627
PEG,surprise,audio,-0.05447372033365936,-0.30775180444431105,0.19880436377699232,0.6705131977168987
PEG,surprise,text,-0.020493319323456532,-0.2737309008853197,0.23274426223840664,0.8721652597385656
PEG,disgust,audio,0.15484562062283658,-0.09876626183721349,0.40845750308288664,0.22480775781556062
PEG,disgust,text,-0.18028082366761403,-0.434028008326921,0.07346636099169293,0.1602083241043386
PEG,anger,audio,0.17922168358483168,-0.07451945872771801,0.43296282589738133,0.16440792054857414
PEG,anger,text,-0.05627283294975807,-0.309554084691657,0.1970084187921409,0.6605241883178729
PEG,sadness,audio,0.05188739840196606,-0.2013863123208237,0.3051611091247558,0.6865127536152485
PEG,sadness,text,0.016190366951811263,-0.23704470469002803,0.26942543859365053,0.8995153848680528
PEG,fear,audio,0.016367703702518107,-0.23686745974717927,0.2696028671522155,0.8983994783071327
PEG,fear,text,-0.17505664803791687,-0.42877437294197046,0.07866107686613671,0.16741781246274387
GE,happy,audio,0.11113779869386681,-0.18890884300855815,0.41118444039629176,0.4666491075211066
GE,happy,text,-0.4071831291883118,-0.7101477355516501,-0.10421852282497351,0.008261454591928306
GE,neutral,audio,-0.32039863443464206,-0.6221659226884838,-0.018631346180800312,0.03709752937622603
GE,neutral,text,0.43404914876189254,0.13065713738277424,0.7374411601410109,0.004943687345365714
GE,surprise,audio,0.05542653881896028,-0.2444427316845256,0.35529580932244614,0.7155010958064206
GE,surprise,text,0.3372936313359826,0.03531529795055699,0.6392719647214082,0.028151426544084708
GE,disgust,audio,0.1985227560123374,-0.10204051441777126,0.49908602644244604,0.19445957185467536
GE,disgust,text,0.10541821653945027,-0.19460475608178757,0.4054411891606881,0.48974364374981794
GE,anger,audio,0.29174596897386146,-0.00968788873852433,0.5931798266862472,0.057409548864815335
GE,anger,text,-0.12915567839526634,-0.4292850410486012,0.17097368425806855,0.39731407470981345
GE,sadness,audio,0.0695060979448229,-0.23039680257918657,0.36940899846883235,0.6488801997201404
GE,sadness,text,-0.25851319801741357,-0.5595990302201341,0.04257263418530699,0.09085075786361113
GE,fear,audio,-0.036813511514323854,-0.33664995383516205,0.2630229308065144,0.8089838129833813
GE,fear,text,-0.3726355692175523,-0.6750899015074816,-0.07018123692762307,0.015483254224988223
BSX,happy,audio,-0.13063217674412853,-0.380230199199896,0.11896584571163896,0.3132370196279657
BSX,happy,text,0.06839719676081808,-0.18100818950752112,0.31780258302915726,0.5935314144573165
BSX,neutral,audio,0.16975426622564643,-0.08002638199076936,0.41953491444206226,0.1829886903270899
BSX,neutral,text,0.14460537862793038,-0.1050524257864815,0.39426318304234226,0.2645048063655952
BSX,surprise,audio,-0.18982855422428113,-0.43972131196398845,0.06006420351542616,0.14485325920150563
BSX,surprise,text,0.015042121245547324,-0.23429399255906694,0.26437823505016156,0.906641038500891
BSX,disgust,audio,-0.17261335638865277,-0.42240921036718376,0.07718249758987822,0.18305326232547747
BSX,disgust,text,-0.28882090489358964,-0.5394483241255513,-0.038193485661627946,0.025876878957598604
BSX,anger,audio,0.21359700884387633,-0.036444596218403236,0.4636386139061559,0.08974791091295944
BSX,anger,text,-0.10462414564286737,-0.3541270309620008,0.1448787396762661,0.41388379944560555
BSX,sadness,audio,0.013640673794669586,-0.2356948144436991,0.2629761620330383,0.915870317452071
BSX,sadness,text,-0.21191472505521386,-0.46194522130002624,0.038115771189598524,0.10247863919930966
BSX,fear,audio,0.01992437826176112,-0.22941439225778315,0.26926314878130536,0.8780209966991425
BSX,fear,text,0.035341814993675114,-0.2140102151137444,0.28469384510109463,0.7848165230985507
PEP,happy,audio,-0.05309308800713877,-0.3401364954249023,0.23395031941062475,0.7193665436976611
PEP,happy,text,-0.17403804207785017,-0.46156349861777335,0.113487414462073,0.24193687829603694
PEP,neutral,audio,0.002267555401662853,-0.2847264309793621,0.2892615417826878,0.9876150190951258
PEP,neutral,text,0.13121228965598714,-0.15608387059647838,0.41850844990845265,0.3801950023352484
PEP,surprise,audio,-0.039634760596028565,-0.3266562495934826,0.2473867284014255,0.7945247123699959
PEP,surprise,text,0.35021943882029877,0.06107906814012354,0.639359809500474,0.018525170542047265
PEP,disgust,audio,-0.03389448612448283,-0.3209085616278773,0.25311958937891166,0.8168028207362287
PEP,disgust,text,-0.05897984832980148,-0.34603484244684524,0.2280751457872423,0.6805774479995332
PEP,anger,audio,0.15838235369297907,-0.12905184054246885,0.44581654792842695,0.27939079337637684
PEP,anger,text,-0.10573836852948046,-0.3929285929339824,0.18145185587502152,0.47063878070541626
PEP,sadness,audio,0.016243702383454905,-0.2707548284977574,0.3032422332646672,0.9141983685286039
PEP,sadness,text,-0.2346887431335645,-0.5226485135580139,0.05327102729088487,0.10787288075290628
PEP,fear,audio,0.00443839233412093,-0.2825558497602227,0.2914326344284645,0.9762367426566819
PEP,fear,text,-0.09235628109047372,-0.3794999682019746,0.19478740602102718,0.5286632424596339
MPC,happy,audio,0.06729713894782202,-0.23121954736720768,0.3658138252628517,0.6576742119651668
MPC,happy,text,-0.05166627625499969,-0.3501476672521997,0.2468151147422003,0.7346451226185278
MPC,neutral,audio,0.00048582027289620236,-0.29794489975757926,0.2989165403033716,0.9974315350641224
MPC,neutral,text,0.2981988755629909,-0.0019153236855318778,0.5983130748115137,0.05221324269416635
MPC,surprise,audio,0.15464014614699875,-0.14424423377096166,0.4535245260649592,0.3085353113291471
MPC,surprise,text,0.10621397820678223,-0.1924308427971856,0.4048587992107501,0.48640193548681293
MPC,disgust,audio,-0.027426409843726365,-0.32587140603333903,0.2710185863458863,0.8564974279374978
MPC,disgust,text,-0.22625291692082902,-0.525653925863703,0.07314809202204489,0.1372450139856416
MPC,anger,audio,-0.0947407422297847,-0.3933418186164898,0.20386033415692045,0.5321936749809167
MPC,anger,text,-0.10833389858756735,-0.40698734830746747,0.19031955113233273,0.47463450028821197
MPC,sadness,audio,0.011341649033740124,-0.2870915086569861,0.3097748067244664,0.9401506808041289
MPC,sadness,text,-0.03545824293251539,-0.33391282764538494,0.2629963417803542,0.8154109420445856
MPC,fear,audio,-0.1827401449883473,-0.4818041867882997,0.11632389681160515,0.2282862329249267
MPC,fear,text,-0.3203449898983205,-0.6207176877284308,-0.019972292068210218,0.03613521243864156
MSFT,happy,audio,-0.03871457332659951,-0.33107394113989946,0.25364479448670046,0.7932771934684263
MSFT,happy,text,0.029386735485896553,-0.262961135313208,0.3217346062850011,0.8479726167214973
MSFT,neutral,audio,0.21588333757904465,-0.07729125430686379,0.5090579294649531,0.14700202791440115
MSFT,neutral,text,-0.09863839702704168,-0.3911466896511705,0.19386989559708712,0.5113905588826743
MSFT,surprise,audio,0.107209983489309,-0.1853302247989395,0.3997501917775575,0.47997008964490917
MSFT,surprise,text,0.21727904087750927,-0.07590646205775065,0.5104645438127692,0.14981001784721928
MSFT,disgust,audio,-0.24259152026537648,-0.5359870280812968,0.05080398755054391,0.10224030889953602
MSFT,disgust,text,0.0036033741312372068,-0.2887291012354923,0.29593584949796664,0.9808488281209212
MSFT,anger,audio,0.19747178172352797,-0.0955654229382849,0.49050898638534085,0.1902406653012913
MSFT,anger,text,-0.1066994641509911,-0.3992376972206688,0.18583876891868664,0.47577725576644386
MSFT,sadness,audio,-0.2322322705805286,-0.5255390566509437,0.06107451548988646,0.12463899877167592
MSFT,sadness,text,-0.036943861073419015,-0.32930080424694097,0.25541308210010294,0.8030106723041149
MSFT,fear,audio,-0.24860429416271532,-0.5420530610697165,0.04484447274428585,0.10480711245416614
MSFT,fear,text,0.005304863816531533,-0.287027885897667,0.2976376135307301,0.9715950854066446
TMO,happy,audio,0.029777823197670486,-0.29318444260283916,0.3527400889981801,0.8563244027355144
TMO,happy,text,-0.3441438569280213,-0.6694833125824498,-0.01880440127359284,0.036231361638611875
TMO,neutral,audio,0.03202837151473821,-0.2909367176145199,0.3549934606439963,0.8462478228536306
TMO,neutral,text,0.4112044054515042,0.08484590621445642,0.737562904688552,0.013089431475901416
TMO,surprise,audio,0.09513229199609016,-0.2279956287987245,0.41826021279090486,0.5625534844235434
TMO,surprise,text,0.16415495893189946,-0.15933583048249444,0.4876457483462934,0.3139861129711672
TMO,disgust,audio,-0.15215059225516298,-0.4755644277772871,0.17126324326696113,0.36118708398138394
TMO,disgust,text,-0.1891037851417632,-0.5127731229990973,0.13456555271557083,0.25677992030075886
TMO,anger,audio,-0.2868533649171194,-0.6114636065111891,0.03775687667695038,0.08236714016347843
TMO,anger,text,-0.07236314514662938,-0.3954136871325128,0.250687396839254,0.6576101276561683
TMO,sadness,audio,-0.015158838958329661,-0.3381077704664031,0.3077900925497438,0.9265418450770913
TMO,sadness,text,-0.21050411288256704,-0.5343466043543009,0.11333837858916684,0.2034268387573636
TMO,fear,audio,0.12781292655653054,-0.1954627721905145,0.4510886253035756,0.44327955480516795
TMO,fear,text,-0.21008342452436096,-0.5339223343699788,0.11375548532125684,0.20601547703901898
TMUS,happy,audio,-0.14418369479772705,-0.5057324151130649,0.21736502551761075,0.43259204607935364
TMUS,happy,text,-0.21153166096853954,-0.5736357116028715,0.15057238966579245,0.24902432443429906
TMUS,neutral,audio,-0.02918342728811544,-0.3902693390944416,0.3319024845182107,0.8727452037876621
TMUS,neutral,text,0.08704219340815479,-0.274199886061808,0.44828427287811756,0.6351382847952438
TMUS,surprise,audio,-0.1506490880491403,-0.5122420266451337,0.21094385054685316,0.409871227605198
TMUS,surprise,text,-0.027724020033196493,-0.38880800271286686,0.33335996264647383,0.8793710832195101
TMUS,disgust,audio,0.046212174662633616,-0.31490355831916694,0.40732790764443416,0.8004151441937103
TMUS,disgust,text,0.15729782395834344,-0.20434260341609536,0.5189382513327823,0.3914536774218623
TMUS,anger,audio,-0.004625323543416587,-0.36569194902261887,0.35644130193578566,0.9798489793899712
TMUS,anger,text,0.3143535927371158,-0.04900077089356569,0.6777079563677972,0.08864118950148657
TMUS,sadness,audio,0.27381156436268717,-0.08899195577237251,0.6366150844977468,0.13610628798372315
TMUS,sadness,text,0.1478791133831391,-0.2136946439472097,0.5094528707134879,0.42193427692009294
TMUS,fear,audio,0.269057679403179,-0.09368617394560247,0.6318015327519604,0.14344643201324767
TMUS,fear,text,-0.2821838045717953,-0.645094922035091,0.08072731289150031,0.12554067091795248
HES,happy,audio,0.06296652624837824,-0.1992970121187827,0.32523006461553916,0.6416979663778272
HES,happy,text,-0.11006252897441747,-0.3724589515552251,0.15233389360639016,0.41154265411334273
HES,neutral,audio,0.07122805726842445,-0.1910535636985103,0.3335096782353592,0.5904206328691696
HES,neutral,text,0.27379686481972765,0.010377792798693886,0.5372159368407614,0.041907271592149097
HES,surprise,audio,0.11159348689672324,-0.15080846789236876,0.3739954416858152,0.3945753521718416
HES,surprise,text,0.24567410919274763,-0.017507614664166782,0.508855833049662,0.06672726070860745
HES,disgust,audio,-0.1522905019914536,-0.41486747447375344,0.11028647049084622,0.258745329820883
HES,disgust,text,-0.19961871533451175,-0.4624668868451763,0.06322945617615278,0.13532009151133068
HES,anger,audio,0.09144274067682581,-0.17089250716868423,0.3537779885223359,0.49623211748339957
HES,anger,text,-0.27107552432611426,-0.534470515677822,-0.007680532974406462,0.04204067978936025
HES,sadness,audio,-0.1921446773841242,-0.45494519133547273,0.07065583656722432,0.14916957529165828
HES,sadness,text,-0.11349033091717986,-0.37589924589955886,0.14891858406519914,0.40122496039306943
HES,fear,audio,-0.1990296845726193,-0.46187403449029296,0.0638146653450544,0.1345714591059757
HES,fear,text,-0.21877307703179374,-0.48175164218110655,0.04420548811751904,0.10546081567350549
META,happy,audio,-0.017229684617120558,-0.25708659182040394,0.2226272225861628,0.8880476508186808
META,happy,text,-0.08685487607904036,-0.3268206361272514,0.15311088396917066,0.47489983883041054
META,neutral,audio,0.13531891704283505,-0.10480848520839406,0.37544631929406413,0.26859358596159955
META,neutral,text,0.18654426174726935,-0.05383044312417279,0.4269189666187115,0.12935688320546074
META,surprise,audio,-0.1093040251771397,-0.34933590580170254,0.1307278554474231,0.37293278813245057
META,surprise,text,0.153047550481587,-0.087156560848169,0.39325166181134297,0.2118124018370114
META,disgust,audio,-0.26444933735038495,-0.50535019292071,-0.023548481780059888,0.030932393323967636
META,disgust,text,0.09566311584335561,-0.14432678555302558,0.33565301723973684,0.4348063842468329
META,anger,audio,-0.19048019673368535,-0.4308771473224491,0.04991675385507838,0.12234973175861152
META,anger,text,-0.016503024311341954,-0.2563595632427163,0.2233535146200324,0.8926645994202848
META,sadness,audio,0.0953438619875131,-0.14464512375553948,0.3353328477305657,0.4360967472826991
META,sadness,text,-0.25408424579661326,-0.49490468915448604,-0.013263802438740507,0.03986493120532101
META,fear,audio,0.23304226085531757,-0.007624752137373125,0.47370927384800826,0.05929788548294757
META,fear,text,-0.2511386243873091,-0.491936797525952,-0.0103404512486662,0.041379960834656136
VICI,happy,audio,0.3158063464797731,0.028673863593163484,0.6029388293663828,0.030846506790523615
VICI,happy,text,0.13934270250658795,-0.14633795017806092,0.4250233551912368,0.3395108243545412
VICI,neutral,audio,-0.10313959025582635,-0.388661111498783,0.1823819309871303,0.47842342016678985
VICI,neutral,text,0.043936804725421566,-0.24142678954510366,0.32930039899594676,0.7622254410365098
VICI,surprise,audio,0.06726675863632349,-0.21814389955701352,0.3526774168296605,0.6436259960590655
VICI,surprise,text,-0.1669738835377547,-0.45280787871126216,0.11886011163575275,0.25083945728777496
VICI,disgust,audio,-0.14506768951710228,-0.43077784794962326,0.14064246891541868,0.3190957389066219
VICI,disgust,text,-0.24671137350487612,-0.533142205299307,0.03971945828955478,0.09116020469305995
VICI,anger,audio,-0.06873600104476377,-0.3541502838219275,0.21667828173239992,0.6355761940103885
VICI,anger,text,-0.2118695182955545,-0.4980114108787743,0.07427237428766531,0.14672070435738205
VICI,sadness,audio,-0.052465002170389644,-0.3378435114121994,0.23291350707142017,0.7182839353344767
VICI,sadness,text,0.08178923866725499,-0.20366068222062364,0.36723915955513364,0.5737427428736614
VICI,fear,audio,-0.04636056352310163,-0.3317281283632907,0.2390070013170874,0.7499015832920743
VICI,fear,text,0.15932448634708365,-0.1264642969531148,0.44511326964728215,0.2744759579556783
STLD,happy,audio,-0.07243270260941757,-0.3581447439380459,0.21327933871921073,0.6187426521357134
STLD,happy,text,0.41122237565389036,0.12255648673059194,0.6998882645771888,0.004975834087307308
STLD,neutral,audio,0.12346162239122248,-0.1624314954001761,0.4093547401826211,0.3962607334036594
STLD,neutral,text,-0.1391068882250177,-0.42507438586887364,0.14686060941883822,0.33882902328284353
STLD,surprise,audio,-0.132931663209995,-0.4188687464311137,0.15300542001112372,0.3608783355558798
STLD,surprise,text,-0.3491067939705642,-0.6369244106916814,-0.06128917724944699,0.017168810597488232
STLD,disgust,audio,0.042023972937714975,-0.24362499463139575,0.3276729405068257,0.7727941526274577
STLD,disgust,text,-0.10556418123415647,-0.39138306244420334,0.18025469997589044,0.4689995980501636
STLD,anger,audio,-0.2913263290800499,-0.5784775528108019,-0.004175105349297936,0.04483491524411221
STLD,anger,text,-0.014021813358810462,-0.2996423354408079,0.271598708723187,0.9234752353322536
STLD,sadness,audio,0.18926342448476235,-0.0970020883681239,0.4755289373376486,0.19383931225415305
STLD,sadness,text,0.028794479192450824,-0.2568375075111487,0.31442646589605033,0.8432493960445534
STLD,fear,audio,0.1475556597544337,-0.13845568131444186,0.43356700082330923,0.30931703330353477
STLD,fear,text,0.1283537901293687,-0.1575616352656934,0.4142692155244308,0.3798335173252334
IPG,happy,audio,0.18177334947677992,-0.5783458947144872,0.941892593668047,0.6220523871588732
IPG,happy,text,0.375151981376068,-0.3904992800866749,1.1408032428388108,0.32873505397922015
IPG,neutral,audio,0.045972017245835634,-0.7125511076182022,0.8044951421098735,0.9010590413525981
IPG,neutral,text,-1.4690804879296473,-2.331829828246316,-0.6063311476129785,0.000333954080796535
IPG,surprise,audio,-0.18488160679849758,-0.945059601725047,0.5752963881280517,0.6216394234477518
IPG,surprise,text,0.019044777134201267,-0.7393878970662701,0.7774774513346726,0.9587094440831218
IPG,disgust,audio,-0.26535759346699644,-1.0274011046965608,0.4966859177625678,0.46652176239690824
IPG,disgust,text,0.3221078053932679,-0.4416481625612385,1.0858637733477743,0.37313074753745795
IPG,anger,audio,-0.39432534142805203,-1.160731323741451,0.3720806408853469,0.30030428574749857
IPG,anger,text,0.4614532640095493,-0.3078843755908119,1.2307909036099105,0.19880419857066467
IPG,sadness,audio,0.18863428916472755,-0.5716159581581172,0.9488845364875723,0.6130385465259757
IPG,sadness,text,0.8816206400135214,0.08405709267747619,1.6791841873495665,0.02409173419546078
IPG,fear,audio,0.4466357280077336,-0.3220162366322286,1.2152876926476959,0.24386361442998475
IPG,fear,text,0.2659922860065347,-0.49606856711837266,1.028053139131442,0.4695721667608153
AZO,happy,audio,0.17900149812882613,-0.13265842393737662,0.4906614201950289,0.2613269101049722
AZO,happy,text,-0.10299275801851883,-0.41422764819232705,0.20824213215528942,0.5156685813807146
AZO,neutral,audio,0.03065872972057054,-0.28038426507343256,0.34170172451457365,0.8469738538849039
AZO,neutral,text,0.2114812539828002,-0.10042989206298192,0.5233924000285823,0.1832212386674505
AZO,surprise,audio,0.1599734714715174,-0.1515586090685526,0.4715055520115874,0.31421392640730095
AZO,surprise,text,0.19416708872613236,-0.11760495971259483,0.5059391371648596,0.2234183736788102
AZO,disgust,audio,0.14557059521069923,-0.16587423168569534,0.4570154221070938,0.3601974920719803
AZO,disgust,text,0.012208521574103171,-0.2988187688727658,0.3232358120209722,0.9388855751043163
AZO,anger,audio,0.0467716802723966,-0.26429608596743986,0.35783944651223304,0.7677298596151129
AZO,anger,text,-0.16464220291483475,-0.4762043267181969,0.14691992088852737,0.2992220862593036
AZO,sadness,audio,-0.3258581957101046,-0.6389838879236271,-0.012732503496582004,0.041206012450847866
AZO,sadness,text,-0.3094917159886696,-0.6224122474481104,0.0034288154707712293,0.05206013275981602
AZO,fear,audio,-0.2983985178565546,-0.6111859295013832,0.014388893788274015,0.06106575236988465
AZO,fear,text,-0.193950054107531,-0.5057204339231085,0.11782032570804654,0.22350727536670717
LYV,happy,audio,0.11162696766541208,-0.26683304337114916,0.4900869787019733,0.5622949013883437
LYV,happy,text,-0.35656459996692125,-0.737772894570599,0.024643694636756475,0.06981389288955162
LYV,neutral,audio,0.11797923197782692,-0.26051585816308176,0.49647432211873554,0.543966922585364
LYV,neutral,text,0.33791232953197314,-0.042986522588233045,0.7188111816521794,0.08573416777567522
LYV,surprise,audio,-0.047108238049860154,-0.4253218398840541,0.3311053637843338,0.8069217180122998
LYV,surprise,text,0.2056368201826834,-0.17353989398813366,0.5848135343535005,0.2944938638582644
LYV,disgust,audio,-0.0887551647161327,-0.4671049256229804,0.289594596190715,0.6506222229728458
LYV,disgust,text,0.02249255085471345,-0.35567981378512403,0.40066491549455097,0.9068404051656166
LYV,anger,audio,0.045003390962537186,-0.33320554452499535,0.42321232645006973,0.8146583154962695
LYV,anger,text,-0.04032272162372938,-0.4185220445282003,0.3378766012807415,0.8343161192683437
LYV,sadness,audio,-0.2285694898841737,-0.6079851769825232,0.1508461972141758,0.24029579751775934
LYV,sadness,text,-0.2313592632590267,-0.6108057327969734,0.14808720627891994,0.23612784397037492
LYV,fear,audio,-0.07255442628136491,-0.4508413069646876,0.30573245440195773,0.7137705852534136
LYV,fear,text,-0.1570306651374735,-0.5357839535875049,0.22172262331255788,0.41578008571611674
MO,happy,audio,0.07979625471404704,-0.15720205353016192,0.31679456295825603,0.5070077136344809
MO,happy,text,0.0707358628118643,-0.166243018616475,0.3077147442402036,0.5539987913802499
MO,neutral,audio,0.05180527595379215,-0.18514055942562013,0.2887511113332044,0.6678728133302849
MO,neutral,text,0.20345020185070975,-0.034046444138108284,0.44094684783952776,0.08783757596451179
MO,surprise,audio,-0.16430655427187904,-0.4015985065104218,0.0729853979666637,0.17289745856697408
MO,surprise,text,0.07567607033249728,-0.1613131139012513,0.3126652545662459,0.5260012082143793
MO,disgust,audio,-0.04281444036826434,-0.27974815591453855,0.1941192751780099,0.7212147778613454
MO,disgust,text,-0.1557332274231257,-0.39298614423093625,0.08151968938468487,0.20430440943714742
MO,anger,audio,-0.07377812183184944,-0.3107632657004411,0.16320702203674226,0.546476529404897
MO,anger,text,-0.24452112053254474,-0.48227912775044723,-0.006763113314642244,0.04467646995854822
MO,sadness,audio,0.2535817615053146,0.015759686868114964,0.4914038361425142,0.033363657920251186
MO,sadness,text,-0.19976399896231642,-0.43723951834158326,0.037711520416950445,0.09716191889459577
MO,fear,audio,-0.07343481765385519,-0.3104192416467252,0.16354960633901483,0.5399314823271351
MO,fear,text,-0.13707832864628428,-0.37425351456876005,0.1000968572761915,0.25169501759239055
MAR,happy,audio,0.03192284824693146,-0.18407176191688593,0.24791745841074883,0.7698922831865126
MAR,happy,text,-0.14043329451785394,-0.35668166545554325,0.0758150764198354,0.2030130359790686
MAR,neutral,audio,-0.1728106463322577,-0.38919650288224306,0.04357521021772767,0.11639587102344087
MAR,neutral,text,0.28580277104723034,0.06871580285338294,0.5028897392410777,0.009857874393495432
MAR,surprise,audio,0.21470866823991294,-0.0018971066730675001,0.43131444315289336,0.053275789096837015
MAR,surprise,text,0.3803960397169674,0.16245948918962097,0.5983325902443138,0.0006503125055896216
MAR,disgust,audio,0.04289376161781187,-0.17311199176903094,0.2588995150046547,0.6971214548640332
MAR,disgust,text,-0.21419963791815327,-0.43080245709833975,0.002403181262033177,0.0526763423433265
MAR,anger,audio,0.20454993523240425,-0.011998171872726004,0.4210980423375345,0.06435703255824517
MAR,anger,text,-0.32865257713111296,-0.5460949099933488,-0.1112102442688771,0.0032832507952989874
MAR,sadness,audio,-0.07861934475660329,-0.2946840234738704,0.13744533396066383,0.4750582346304453
MAR,sadness,text,-0.36783902451677586,-0.5856491175563122,-0.15002893147723947,0.0009261744402346027
MAR,fear,audio,-0.2468657266856507,-0.46367235112700317,-0.030059102244298253,0.025834883147916366
MAR,fear,text,-0.17312936236085383,-0.38951671307548175,0.04325798835377406,0.11530032131878218
GM,happy,audio,0.14534556890522066,-0.072421008587426,0.3631121463978673,0.19147481618076226
GM,happy,text,-0.06779693944081379,-0.28533876788651513,0.14974488900488758,0.543346459765068
GM,neutral,audio,-0.14320040443642257,-0.3609585696534522,0.07455776078060708,0.197706118947595
GM,neutral,text,0.3575173380616746,0.1383055604558985,0.5767291156674508,0.0013853931095680113
GM,surprise,audio,0.12188895862496128,-0.09579241245403607,0.3395703297039586,0.2732042775955727
GM,surprise,text,0.09359195234359619,-0.12400650404824098,0.31119040873543335,0.4008155674798835
GM,disgust,audio,0.08444313217741581,-0.13313316993126473,0.30201943428609634,0.44380392919708345
GM,disgust,text,-0.1173589127630473,-0.3350255483434908,0.1003077228173962,0.2908893395651651
GM,anger,audio,0.06750515988827933,-0.15003613147879735,0.28504645125535605,0.5409301740382061
GM,anger,text,-0.20031847573726946,-0.4183431455722364,0.01770619409769747,0.07159574448091463
GM,sadness,audio,-0.09210577622028282,-0.30970047903343484,0.1254889265928692,0.4064203591824179
GM,sadness,text,-0.3596433973897651,-0.5788757589270155,-0.1404110358525147,0.0012257206381158282
GM,fear,audio,-0.13531259325892486,-0.353040899286202,0.0824157127683523,0.2220003538718896
GM,fear,text,-0.22028808215433657,-0.43842673683451217,-0.00214942747416097,0.04619493719629103
ADBE,happy,audio,0.08141077690854231,-0.18217329758896822,0.34499485140605285,0.5426442877776028
ADBE,happy,text,-0.052599113041963096,-0.31611879699159073,0.21092057090766456,0.6941742899047378
ADBE,neutral,audio,-0.2780004086387484,-0.5427600536713478,-0.013240763606149009,0.03880174951550476
ADBE,neutral,text,0.14399513880084033,-0.11982406207752086,0.40781433967920155,0.2805725921405469
ADBE,surprise,audio,0.21502574645000447,-0.04921796901439593,0.4792694619144049,0.10766618266548993
ADBE,surprise,text,0.11682307367701425,-0.14687803140947028,0.38052417876349875,0.37918389659804
ADBE,disgust,audio,0.06083517418804536,-0.2027000916846482,0.3243704400607389,0.6490490656797437
ADBE,disgust,text,-0.13796549231795285,-0.40175636752008675,0.12582538288418105,0.3015746372423395
ADBE,anger,audio,0.06415788987472347,-0.1993843025595014,0.32770008230894837,0.6315212068932826
ADBE,anger,text,-0.08395808931023237,-0.3475491879621994,0.1796330093417347,0.5300058815185763
ADBE,sadness,audio,0.02790676255543188,-0.23557976347100165,0.2913932885818654,0.8348550994972584
ADBE,sadness,text,-0.012800248478199995,-0.27627651641321954,0.25067601945681955,0.924054568301961
ADBE,fear,audio,-0.03480184211155945,-0.298295580626117,0.22869189640299808,0.7933702326397354
ADBE,fear,text,-0.1600672974592342,-0.4239679025035855,0.10383330758511711,0.231643502315505
GEV,happy,audio,0.10015434070991086,-0.6594761006548704,0.8597847820746922,0.7849759978428219
GEV,happy,text,-0.5973820715059607,-1.3754417560213061,0.18067761300938479,0.11815578453461954
GEV,neutral,audio,-0.8244492468012363,-1.6192798977744123,-0.029618595828060368,0.03511767647564852
GEV,neutral,text,0.4454334508276835,-0.3242614202549814,1.2151283219103484,0.2572531210001634
GEV,surprise,audio,0.5969738514309483,-0.1810602327013796,1.3750079355632763,0.14101975344655593
GEV,surprise,text,1.2469256251234284,0.40832126227141097,2.0855299879754456,0.0034661096752689577
GEV,disgust,audio,0.33980880472074243,-0.42547115722064116,1.105088766662126,0.37382376718458965
GEV,disgust,text,1.2434617326245472,0.4052777159995642,2.08164574924953,0.003473912615808477
GEV,anger,audio,0.6833554328956014,-0.10046435949526311,1.467175225286466,0.08778678338868522
GEV,anger,text,0.12353767013402793,-0.6363740248857614,0.8834493651538173,0.7469887173975305
GEV,sadness,audio,-0.48455826574889854,-1.2561819628996551,0.2870654314018581,0.21612639040020135
GEV,sadness,text,-1.3205134419569016,-2.168271768382806,-0.4727551155309968,0.0014663876054490847
GEV,fear,audio,-0.08412080443974096,-0.843592331403654,0.6753507225241719,0.8231314936160713
GEV,fear,text,-1.3858185852147062,-2.242051433868726,-0.5295857365606865,0.0020164268664365844
ICE,happy,audio,0.015144266676819194,-0.26413593239380806,0.2944244657474464,0.9158667951347228
ICE,happy,text,0.25858315667999826,-0.021872669096412334,0.5390389824564088,0.07300043388291552
ICE,neutral,audio,-0.10662159871000663,-0.38609865906063995,0.17285546164062665,0.4543203547793751
ICE,neutral,text,-0.0707176931886439,-0.35008224062786053,0.20864685425057272,0.6195754493046911
ICE,surprise,audio,-0.12251070061271026,-0.4020520747332722,0.15703067350785171,0.39591388212668716
ICE,surprise,text,-0.03195190710811598,-0.31124610062716235,0.2473422864109304,0.8231359666387695
ICE,disgust,audio,0.17098486912787345,-0.10880768506917118,0.4507774233249181,0.2288080049637143
ICE,disgust,text,0.004108554060038999,-0.27516788860945446,0.2833849967295325,0.9770286075762334
ICE,anger,audio,-0.0501846632836833,-0.3295053308803394,0.22913600431297276,0.723822347263094
ICE,anger,text,-0.1783108725035969,-0.4581485814719857,0.10152683646479194,0.20990769289552988
ICE,sadness,audio,0.12642236815703206,-0.1531362048176262,0.4059809411316903,0.3789884389059756
ICE,sadness,text,-0.11170549936113051,-0.39120216881501846,0.16779117009275746,0.43049466377207707
ICE,fear,audio,0.21163925480044235,-0.06842767478063486,0.4917061843815196,0.14115504083409483
ICE,fear,text,-0.02096669900410384,-0.30025061526639524,0.2583172172581875,0.8829238712431101
PH,happy,audio,-0.032337383788381274,-0.22849952894344286,0.1638247613666803,0.7493407881817761
PH,happy,text,-0.12249673254938312,-0.31882693268153295,0.07383346758276674,0.2229504735344318
PH,neutral,audio,-0.11382922170733976,-0.3101347716014281,0.08247632818674856,0.25529733406508254
PH,neutral,text,0.23631742523252228,0.03949638922972759,0.43313846123531696,0.018378125921531444
PH,surprise,audio,0.004792269804158312,-0.1913575573834098,0.2009420969917264,0.9619577389183318
PH,surprise,text,0.21333729238236424,0.01664032793611883,0.4100342568286096,0.03202662348535162
PH,disgust,audio,0.16777651173274924,-0.028711785724185562,0.36426480918968407,0.09055342914394149
PH,disgust,text,-0.14164891024351808,-0.33803997743740155,0.054742156950365384,0.15684195901019665
PH,anger,audio,-0.1725096580268859,-0.36901732020665245,0.023998004152880642,0.08656451238002771
PH,anger,text,-0.16104161295967098,-0.3575032814256882,0.035420055506346276,0.10610225987443225
PH,sadness,audio,0.10333491305165815,-0.09294320753460142,0.2996130336379177,0.3016778786086123
PH,sadness,text,-0.047294516899550484,-0.24347100635952607,0.14888197256042512,0.6372807194054189
PH,fear,audio,0.18279621836935533,-0.013755379725898631,0.3793478164646093,0.06674905836627175
PH,fear,text,-0.19832153901082866,-0.3949442453215581,-0.0016988327000992398,0.04857159642189664
CL,happy,audio,-0.06791191382512805,-0.30652987279984717,0.17070604514959103,0.5734213999786792
CL,happy,text,-0.0320652537591554,-0.27063008026358726,0.20649957274527644,0.7917730312247567
CL,neutral,audio,0.06912796592299078,-0.1694924634048055,0.30774839525078707,0.5772676360884182
CL,neutral,text,0.0920669764378094,-0.1466082596149714,0.3307422124905902,0.4531575065166325
CL,surprise,audio,-0.057458074973330275,-0.29605660500404024,0.1811404550573797,0.6473185512355838
CL,surprise,text,0.03155563408666749,-0.20700871168337664,0.2701199798567116,0.796556523263226
CL,disgust,audio,-0.013021150023429707,-0.2515732451160902,0.2255309450692308,0.9151991253873011
CL,disgust,text,0.04580586297978408,-0.19277482803940404,0.2843865539989722,0.7088725121922029
CL,anger,audio,-0.11197862117969133,-0.35071406291521906,0.12675682055583642,0.36222924470412016
CL,anger,text,-0.005554964222636643,-0.24410500277341812,0.2329950743281448,0.9638602479294371
CL,sadness,audio,0.15830390242224318,-0.08061698457589775,0.3972247894203841,0.1956454422691314
CL,sadness,text,-0.20489829818883867,-0.44406960330886525,0.03427300693118793,0.09408083625854359
CL,fear,audio,0.01595582464355149,-0.22259753138750255,0.25450918067460554,0.8977153831254556
CL,fear,text,-0.04829828815102169,-0.28688245659468947,0.19028588029264612,0.6949171046723243
LYB,happy,audio,0.05584424442957088,-0.30042082781125684,0.4121093166703986,0.7547173106607059
LYB,happy,text,0.18575246197504572,-0.17118078171859277,0.5426857056686842,0.3043653951539683
LYB,neutral,audio,-0.1761527854925192,-0.5330121282335114,0.18070655724847304,0.3484168996289862
LYB,neutral,text,-0.15121591020506356,-0.5079015415052794,0.2054697210951523,0.4021994388174161
LYB,surprise,audio,-0.15036827745203243,-0.5070484678040433,0.2063119128999785,0.39863659886749375
LYB,surprise,text,-0.20300499731532687,-0.5600808669419294,0.15407087231127567,0.2571124302698045
LYB,disgust,audio,0.41403276895716834,0.054199132064959965,0.7738664058493767,0.027187203829074545
LYB,disgust,text,0.0486096093474882,-0.3076393594680395,0.4048585781630159,0.7807397066631616
LYB,anger,audio,-0.06519661656542097,-0.4214858104240226,0.29109257729318067,0.7190419840110209
LYB,anger,text,-0.03460352679171544,-0.3908276579464016,0.3216206043629707,0.844876459366685
LYB,sadness,audio,0.1634530289938317,-0.1933145502665599,0.5202206082542233,0.35647403233984537
LYB,sadness,text,-0.011509784707028353,-0.3677112197365194,0.3446916503224627,0.9490261669012849
LYB,fear,audio,0.14085620138329813,-0.21576502310036927,0.49747742586696553,0.44516528744781086
LYB,fear,text,0.23272141676952462,-0.12462963683716394,0.5900724703762132,0.1885144597670003
