timestamp, index, name, utilization.gpu [%], utilization.memory [%], memory.used [MiB], memory.total [MiB]
2026/02/25 17:18:43.590, 0, NVIDIA A10G, 0 %, 0 %, 0 MiB, 23028 MiB
2026/02/25 17:18:43.593, 1, NVIDIA A10G, 0 %, 0 %, 0 MiB, 23028 MiB
2026/02/25 17:18:43.596, 2, NVIDIA A10G, 0 %, 0 %, 0 MiB, 23028 MiB
2026/02/25 17:18:43.599, 3, NVIDIA A10G, 0 %, 0 %, 0 MiB, 23028 MiB
2026/02/25 17:18:44.602, 0, NVIDIA A10G, 0 %, 0 %, 3 MiB, 23028 MiB
2026/02/25 17:18:44.602, 1, NVIDIA A10G, 0 %, 0 %, 3 MiB, 23028 MiB
2026/02/25 17:18:44.602, 2, NVIDIA A10G, 0 %, 0 %, 3 MiB, 23028 MiB
2026/02/25 17:18:44.602, 3, NVIDIA A10G, 0 %, 0 %, 0 MiB, 23028 MiB
2026/02/25 17:18:45.602, 0, NVIDIA A10G, 0 %, 0 %, 3 MiB, 23028 MiB
2026/02/25 17:18:45.602, 1, NVIDIA A10G, 0 %, 0 %, 3 MiB, 23028 MiB
2026/02/25 17:18:45.602, 2, NVIDIA A10G, 0 %, 0 %, 3 MiB, 23028 MiB
2026/02/25 17:18:45.602, 3, NVIDIA A10G, 0 %, 0 %, 0 MiB, 23028 MiB
2026/02/25 17:18:46.602, 0, NVIDIA A10G, 0 %, 0 %, 3 MiB, 23028 MiB
2026/02/25 17:18:46.602, 1, NVIDIA A10G, 0 %, 0 %, 3 MiB, 23028 MiB
2026/02/25 17:18:46.603, 2, NVIDIA A10G, 0 %, 0 %, 3 MiB, 23028 MiB
2026/02/25 17:18:46.603, 3, NVIDIA A10G, 0 %, 0 %, 0 MiB, 23028 MiB
2026/02/25 17:18:47.603, 0, NVIDIA A10G, 0 %, 0 %, 3 MiB, 23028 MiB
2026/02/25 17:18:47.603, 1, NVIDIA A10G, 0 %, 0 %, 3 MiB, 23028 MiB
2026/02/25 17:18:47.603, 2, NVIDIA A10G, 0 %, 0 %, 3 MiB, 23028 MiB
2026/02/25 17:18:47.603, 3, NVIDIA A10G, 0 %, 0 %, 0 MiB, 23028 MiB
2026/02/25 17:18:48.603, 0, NVIDIA A10G, 0 %, 0 %, 3 MiB, 23028 MiB
2026/02/25 17:18:48.603, 1, NVIDIA A10G, 0 %, 0 %, 3 MiB, 23028 MiB
2026/02/25 17:18:48.603, 2, NVIDIA A10G, 0 %, 0 %, 3 MiB, 23028 MiB
2026/02/25 17:18:48.603, 3, NVIDIA A10G, 0 %, 0 %, 0 MiB, 23028 MiB
2026/02/25 17:18:49.604, 0, NVIDIA A10G, 0 %, 0 %, 3 MiB, 23028 MiB
2026/02/25 17:18:49.604, 1, NVIDIA A10G, 0 %, 0 %, 3 MiB, 23028 MiB
2026/02/25 17:18:49.604, 2, NVIDIA A10G, 0 %, 0 %, 3 MiB, 23028 MiB
2026/02/25 17:18:49.604, 3, NVIDIA A10G, 0 %, 0 %, 0 MiB, 23028 MiB
2026/02/25 17:18:50.604, 0, NVIDIA A10G, 0 %, 0 %, 3 MiB, 23028 MiB
2026/02/25 17:18:50.604, 1, NVIDIA A10G, 0 %, 0 %, 3 MiB, 23028 MiB
2026/02/25 17:18:50.604, 2, NVIDIA A10G, 0 %, 0 %, 3 MiB, 23028 MiB
2026/02/25 17:18:50.604, 3, NVIDIA A10G, 0 %, 0 %, 0 MiB, 23028 MiB
2026/02/25 17:18:51.604, 0, NVIDIA A10G, 0 %, 0 %, 3 MiB, 23028 MiB
2026/02/25 17:18:51.604, 1, NVIDIA A10G, 0 %, 0 %, 3 MiB, 23028 MiB
2026/02/25 17:18:51.604, 2, NVIDIA A10G, 0 %, 0 %, 3 MiB, 23028 MiB
2026/02/25 17:18:51.604, 3, NVIDIA A10G, 0 %, 0 %, 0 MiB, 23028 MiB
2026/02/25 17:18:52.605, 0, NVIDIA A10G, 0 %, 0 %, 3 MiB, 23028 MiB
2026/02/25 17:18:52.605, 1, NVIDIA A10G, 0 %, 0 %, 3 MiB, 23028 MiB
2026/02/25 17:18:52.605, 2, NVIDIA A10G, 0 %, 0 %, 3 MiB, 23028 MiB
2026/02/25 17:18:52.605, 3, NVIDIA A10G, 0 %, 0 %, 0 MiB, 23028 MiB
2026/02/25 17:18:53.605, 0, NVIDIA A10G, 0 %, 0 %, 3 MiB, 23028 MiB
2026/02/25 17:18:53.605, 1, NVIDIA A10G, 0 %, 0 %, 3 MiB, 23028 MiB
2026/02/25 17:18:53.605, 2, NVIDIA A10G, 0 %, 0 %, 3 MiB, 23028 MiB
2026/02/25 17:18:53.605, 3, NVIDIA A10G, 0 %, 0 %, 0 MiB, 23028 MiB
2026/02/25 17:18:54.605, 0, NVIDIA A10G, 0 %, 0 %, 3 MiB, 23028 MiB
2026/02/25 17:18:54.605, 1, NVIDIA A10G, 0 %, 0 %, 3 MiB, 23028 MiB
2026/02/25 17:18:54.605, 2, NVIDIA A10G, 0 %, 0 %, 3 MiB, 23028 MiB
2026/02/25 17:18:54.605, 3, NVIDIA A10G, 0 %, 0 %, 0 MiB, 23028 MiB
2026/02/25 17:18:55.606, 0, NVIDIA A10G, 0 %, 0 %, 3 MiB, 23028 MiB
2026/02/25 17:18:55.606, 1, NVIDIA A10G, 0 %, 0 %, 3 MiB, 23028 MiB
2026/02/25 17:18:55.606, 2, NVIDIA A10G, 0 %, 0 %, 3 MiB, 23028 MiB
2026/02/25 17:18:55.606, 3, NVIDIA A10G, 0 %, 0 %, 0 MiB, 23028 MiB
2026/02/25 17:18:56.606, 0, NVIDIA A10G, 0 %, 0 %, 3 MiB, 23028 MiB
2026/02/25 17:18:56.606, 1, NVIDIA A10G, 0 %, 0 %, 3 MiB, 23028 MiB
2026/02/25 17:18:56.606, 2, NVIDIA A10G, 0 %, 0 %, 3 MiB, 23028 MiB
2026/02/25 17:18:56.606, 3, NVIDIA A10G, 0 %, 0 %, 0 MiB, 23028 MiB
2026/02/25 17:18:57.606, 0, NVIDIA A10G, 0 %, 0 %, 3 MiB, 23028 MiB
2026/02/25 17:18:57.606, 1, NVIDIA A10G, 0 %, 0 %, 3 MiB, 23028 MiB
2026/02/25 17:18:57.606, 2, NVIDIA A10G, 0 %, 0 %, 3 MiB, 23028 MiB
2026/02/25 17:18:57.606, 3, NVIDIA A10G, 0 %, 0 %, 0 MiB, 23028 MiB
2026/02/25 17:18:58.606, 0, NVIDIA A10G, 0 %, 0 %, 259 MiB, 23028 MiB
2026/02/25 17:18:58.607, 1, NVIDIA A10G, 0 %, 0 %, 3 MiB, 23028 MiB
2026/02/25 17:18:58.607, 2, NVIDIA A10G, 0 %, 0 %, 18 MiB, 23028 MiB
2026/02/25 17:18:58.608, 3, NVIDIA A10G, 0 %, 0 %, 0 MiB, 23028 MiB
2026/02/25 17:18:59.608, 0, NVIDIA A10G, 0 %, 0 %, 399 MiB, 23028 MiB
2026/02/25 17:18:59.609, 1, NVIDIA A10G, 0 %, 0 %, 399 MiB, 23028 MiB
2026/02/25 17:18:59.609, 2, NVIDIA A10G, 0 %, 0 %, 399 MiB, 23028 MiB
2026/02/25 17:18:59.609, 3, NVIDIA A10G, 0 %, 0 %, 0 MiB, 23028 MiB
2026/02/25 17:19:00.609, 0, NVIDIA A10G, 0 %, 0 %, 503 MiB, 23028 MiB
2026/02/25 17:19:00.609, 1, NVIDIA A10G, 0 %, 0 %, 503 MiB, 23028 MiB
2026/02/25 17:19:00.609, 2, NVIDIA A10G, 0 %, 0 %, 503 MiB, 23028 MiB
2026/02/25 17:19:00.609, 3, NVIDIA A10G, 0 %, 0 %, 0 MiB, 23028 MiB
2026/02/25 17:19:01.609, 0, NVIDIA A10G, 0 %, 0 %, 503 MiB, 23028 MiB
2026/02/25 17:19:01.609, 1, NVIDIA A10G, 0 %, 0 %, 503 MiB, 23028 MiB
2026/02/25 17:19:01.609, 2, NVIDIA A10G, 0 %, 0 %, 503 MiB, 23028 MiB
2026/02/25 17:19:01.609, 3, NVIDIA A10G, 0 %, 0 %, 0 MiB, 23028 MiB
2026/02/25 17:19:02.609, 0, NVIDIA A10G, 0 %, 0 %, 503 MiB, 23028 MiB
2026/02/25 17:19:02.610, 1, NVIDIA A10G, 0 %, 0 %, 503 MiB, 23028 MiB
2026/02/25 17:19:02.610, 2, NVIDIA A10G, 0 %, 0 %, 503 MiB, 23028 MiB
2026/02/25 17:19:02.610, 3, NVIDIA A10G, 0 %, 0 %, 0 MiB, 23028 MiB
2026/02/25 17:19:03.610, 0, NVIDIA A10G, 0 %, 0 %, 503 MiB, 23028 MiB
2026/02/25 17:19:03.610, 1, NVIDIA A10G, 0 %, 0 %, 503 MiB, 23028 MiB
2026/02/25 17:19:03.610, 2, NVIDIA A10G, 0 %, 0 %, 503 MiB, 23028 MiB
2026/02/25 17:19:03.610, 3, NVIDIA A10G, 0 %, 0 %, 0 MiB, 23028 MiB
2026/02/25 17:19:04.610, 0, NVIDIA A10G, 0 %, 0 %, 503 MiB, 23028 MiB
2026/02/25 17:19:04.610, 1, NVIDIA A10G, 0 %, 0 %, 503 MiB, 23028 MiB
2026/02/25 17:19:04.610, 2, NVIDIA A10G, 0 %, 0 %, 503 MiB, 23028 MiB
2026/02/25 17:19:04.610, 3, NVIDIA A10G, 0 %, 0 %, 0 MiB, 23028 MiB
2026/02/25 17:19:05.611, 0, NVIDIA A10G, 0 %, 0 %, 503 MiB, 23028 MiB
2026/02/25 17:19:05.611, 1, NVIDIA A10G, 0 %, 0 %, 503 MiB, 23028 MiB
2026/02/25 17:19:05.611, 2, NVIDIA A10G, 0 %, 0 %, 503 MiB, 23028 MiB
2026/02/25 17:19:05.611, 3, NVIDIA A10G, 0 %, 0 %, 0 MiB, 23028 MiB
2026/02/25 17:19:06.611, 0, NVIDIA A10G, 0 %, 0 %, 1247 MiB, 23028 MiB
2026/02/25 17:19:06.611, 1, NVIDIA A10G, 0 %, 0 %, 503 MiB, 23028 MiB
2026/02/25 17:19:06.611, 2, NVIDIA A10G, 0 %, 0 %, 503 MiB, 23028 MiB
2026/02/25 17:19:06.611, 3, NVIDIA A10G, 0 %, 0 %, 0 MiB, 23028 MiB
2026/02/25 17:19:07.611, 0, NVIDIA A10G, 0 %, 0 %, 1247 MiB, 23028 MiB
2026/02/25 17:19:07.611, 1, NVIDIA A10G, 0 %, 0 %, 503 MiB, 23028 MiB
2026/02/25 17:19:07.611, 2, NVIDIA A10G, 0 %, 0 %, 503 MiB, 23028 MiB
2026/02/25 17:19:07.611, 3, NVIDIA A10G, 0 %, 0 %, 0 MiB, 23028 MiB
2026/02/25 17:19:08.611, 0, NVIDIA A10G, 0 %, 0 %, 1247 MiB, 23028 MiB
2026/02/25 17:19:08.612, 1, NVIDIA A10G, 0 %, 0 %, 1455 MiB, 23028 MiB
2026/02/25 17:19:08.612, 2, NVIDIA A10G, 0 %, 0 %, 503 MiB, 23028 MiB
2026/02/25 17:19:08.612, 3, NVIDIA A10G, 0 %, 0 %, 0 MiB, 23028 MiB
2026/02/25 17:19:09.612, 0, NVIDIA A10G, 0 %, 0 %, 1247 MiB, 23028 MiB
2026/02/25 17:19:09.612, 1, NVIDIA A10G, 0 %, 0 %, 1455 MiB, 23028 MiB
2026/02/25 17:19:09.612, 2, NVIDIA A10G, 0 %, 0 %, 1529 MiB, 23028 MiB
2026/02/25 17:19:09.612, 3, NVIDIA A10G, 0 %, 0 %, 0 MiB, 23028 MiB
2026/02/25 17:19:10.612, 0, NVIDIA A10G, 0 %, 0 %, 1247 MiB, 23028 MiB
2026/02/25 17:19:10.612, 1, NVIDIA A10G, 0 %, 0 %, 1455 MiB, 23028 MiB
2026/02/25 17:19:10.612, 2, NVIDIA A10G, 0 %, 0 %, 1529 MiB, 23028 MiB
2026/02/25 17:19:10.612, 3, NVIDIA A10G, 0 %, 0 %, 0 MiB, 23028 MiB
2026/02/25 17:19:11.613, 0, NVIDIA A10G, 0 %, 0 %, 1247 MiB, 23028 MiB
2026/02/25 17:19:11.613, 1, NVIDIA A10G, 0 %, 0 %, 1455 MiB, 23028 MiB
2026/02/25 17:19:11.613, 2, NVIDIA A10G, 0 %, 0 %, 1529 MiB, 23028 MiB
2026/02/25 17:19:11.613, 3, NVIDIA A10G, 0 %, 0 %, 0 MiB, 23028 MiB
2026/02/25 17:19:12.613, 0, NVIDIA A10G, 0 %, 0 %, 1247 MiB, 23028 MiB
2026/02/25 17:19:12.613, 1, NVIDIA A10G, 0 %, 0 %, 1455 MiB, 23028 MiB
2026/02/25 17:19:12.613, 2, NVIDIA A10G, 0 %, 0 %, 1529 MiB, 23028 MiB
2026/02/25 17:19:12.613, 3, NVIDIA A10G, 0 %, 0 %, 0 MiB, 23028 MiB
2026/02/25 17:19:13.613, 0, NVIDIA A10G, 22 %, 7 %, 1247 MiB, 23028 MiB
2026/02/25 17:19:13.613, 1, NVIDIA A10G, 0 %, 0 %, 1455 MiB, 23028 MiB
2026/02/25 17:19:13.613, 2, NVIDIA A10G, 0 %, 0 %, 1529 MiB, 23028 MiB
2026/02/25 17:19:13.613, 3, NVIDIA A10G, 0 %, 0 %, 0 MiB, 23028 MiB
2026/02/25 17:19:14.613, 0, NVIDIA A10G, 23 %, 8 %, 1247 MiB, 23028 MiB
2026/02/25 17:19:14.614, 1, NVIDIA A10G, 0 %, 0 %, 1455 MiB, 23028 MiB
2026/02/25 17:19:14.614, 2, NVIDIA A10G, 0 %, 0 %, 1529 MiB, 23028 MiB
2026/02/25 17:19:14.614, 3, NVIDIA A10G, 0 %, 0 %, 0 MiB, 23028 MiB
2026/02/25 17:19:15.614, 0, NVIDIA A10G, 20 %, 7 %, 1247 MiB, 23028 MiB
2026/02/25 17:19:15.614, 1, NVIDIA A10G, 21 %, 7 %, 1455 MiB, 23028 MiB
2026/02/25 17:19:15.614, 2, NVIDIA A10G, 0 %, 0 %, 1529 MiB, 23028 MiB
2026/02/25 17:19:15.614, 3, NVIDIA A10G, 0 %, 0 %, 0 MiB, 23028 MiB
2026/02/25 17:19:16.614, 0, NVIDIA A10G, 22 %, 8 %, 1247 MiB, 23028 MiB
2026/02/25 17:19:16.614, 1, NVIDIA A10G, 18 %, 6 %, 1455 MiB, 23028 MiB
2026/02/25 17:19:16.614, 2, NVIDIA A10G, 20 %, 8 %, 1531 MiB, 23028 MiB
2026/02/25 17:19:16.614, 3, NVIDIA A10G, 0 %, 0 %, 0 MiB, 23028 MiB
2026/02/25 17:19:17.614, 0, NVIDIA A10G, 18 %, 6 %, 1247 MiB, 23028 MiB
2026/02/25 17:19:17.615, 1, NVIDIA A10G, 22 %, 7 %, 1455 MiB, 23028 MiB
2026/02/25 17:19:17.615, 2, NVIDIA A10G, 21 %, 8 %, 1531 MiB, 23028 MiB
2026/02/25 17:19:17.615, 3, NVIDIA A10G, 0 %, 0 %, 0 MiB, 23028 MiB
2026/02/25 17:19:18.615, 0, NVIDIA A10G, 20 %, 7 %, 1247 MiB, 23028 MiB
2026/02/25 17:19:18.615, 1, NVIDIA A10G, 19 %, 6 %, 1455 MiB, 23028 MiB
2026/02/25 17:19:18.615, 2, NVIDIA A10G, 21 %, 8 %, 1531 MiB, 23028 MiB
2026/02/25 17:19:18.615, 3, NVIDIA A10G, 0 %, 0 %, 0 MiB, 23028 MiB
2026/02/25 17:19:19.615, 0, NVIDIA A10G, 0 %, 0 %, 1247 MiB, 23028 MiB
2026/02/25 17:19:19.615, 1, NVIDIA A10G, 19 %, 6 %, 1455 MiB, 23028 MiB
2026/02/25 17:19:19.615, 2, NVIDIA A10G, 22 %, 8 %, 1531 MiB, 23028 MiB
2026/02/25 17:19:19.616, 3, NVIDIA A10G, 0 %, 0 %, 0 MiB, 23028 MiB
2026/02/25 17:19:20.616, 0, NVIDIA A10G, 0 %, 0 %, 1247 MiB, 23028 MiB
2026/02/25 17:19:20.616, 1, NVIDIA A10G, 18 %, 5 %, 1455 MiB, 23028 MiB
2026/02/25 17:19:20.616, 2, NVIDIA A10G, 21 %, 8 %, 1531 MiB, 23028 MiB
2026/02/25 17:19:20.616, 3, NVIDIA A10G, 0 %, 0 %, 0 MiB, 23028 MiB
2026/02/25 17:19:21.616, 0, NVIDIA A10G, 0 %, 0 %, 1247 MiB, 23028 MiB
2026/02/25 17:19:21.616, 1, NVIDIA A10G, 20 %, 7 %, 1455 MiB, 23028 MiB
2026/02/25 17:19:21.616, 2, NVIDIA A10G, 20 %, 7 %, 1531 MiB, 23028 MiB
2026/02/25 17:19:21.616, 3, NVIDIA A10G, 0 %, 0 %, 0 MiB, 23028 MiB
2026/02/25 17:19:22.617, 0, NVIDIA A10G, 0 %, 0 %, 1247 MiB, 23028 MiB
2026/02/25 17:19:22.617, 1, NVIDIA A10G, 21 %, 6 %, 1455 MiB, 23028 MiB
2026/02/25 17:19:22.617, 2, NVIDIA A10G, 21 %, 7 %, 1531 MiB, 23028 MiB
2026/02/25 17:19:22.617, 3, NVIDIA A10G, 0 %, 0 %, 0 MiB, 23028 MiB
2026/02/25 17:19:23.617, 0, NVIDIA A10G, 0 %, 0 %, 1247 MiB, 23028 MiB
2026/02/25 17:19:23.617, 1, NVIDIA A10G, 10 %, 3 %, 1455 MiB, 23028 MiB
2026/02/25 17:19:23.617, 2, NVIDIA A10G, 22 %, 8 %, 1533 MiB, 23028 MiB
2026/02/25 17:19:23.617, 3, NVIDIA A10G, 0 %, 0 %, 0 MiB, 23028 MiB
2026/02/25 17:19:24.617, 0, NVIDIA A10G, 0 %, 0 %, 1247 MiB, 23028 MiB
2026/02/25 17:19:24.618, 1, NVIDIA A10G, 0 %, 0 %, 1455 MiB, 23028 MiB
2026/02/25 17:19:24.618, 2, NVIDIA A10G, 12 %, 4 %, 1533 MiB, 23028 MiB
2026/02/25 17:19:24.618, 3, NVIDIA A10G, 0 %, 0 %, 0 MiB, 23028 MiB
2026/02/25 17:19:25.618, 0, NVIDIA A10G, 0 %, 0 %, 1771 MiB, 23028 MiB
2026/02/25 17:19:25.618, 1, NVIDIA A10G, 0 %, 0 %, 1455 MiB, 23028 MiB
2026/02/25 17:19:25.618, 2, NVIDIA A10G, 0 %, 0 %, 1533 MiB, 23028 MiB
2026/02/25 17:19:25.618, 3, NVIDIA A10G, 0 %, 0 %, 0 MiB, 23028 MiB
2026/02/25 17:19:26.618, 0, NVIDIA A10G, 23 %, 8 %, 1771 MiB, 23028 MiB
2026/02/25 17:19:26.618, 1, NVIDIA A10G, 0 %, 0 %, 1455 MiB, 23028 MiB
2026/02/25 17:19:26.619, 2, NVIDIA A10G, 0 %, 0 %, 1533 MiB, 23028 MiB
2026/02/25 17:19:26.619, 3, NVIDIA A10G, 0 %, 0 %, 0 MiB, 23028 MiB
2026/02/25 17:19:27.619, 0, NVIDIA A10G, 22 %, 7 %, 1771 MiB, 23028 MiB
2026/02/25 17:19:27.619, 1, NVIDIA A10G, 0 %, 0 %, 1455 MiB, 23028 MiB
2026/02/25 17:19:27.619, 2, NVIDIA A10G, 0 %, 0 %, 1533 MiB, 23028 MiB
2026/02/25 17:19:27.619, 3, NVIDIA A10G, 0 %, 0 %, 0 MiB, 23028 MiB
2026/02/25 17:19:28.619, 0, NVIDIA A10G, 21 %, 6 %, 1771 MiB, 23028 MiB
2026/02/25 17:19:28.619, 1, NVIDIA A10G, 0 %, 0 %, 1455 MiB, 23028 MiB
2026/02/25 17:19:28.619, 2, NVIDIA A10G, 0 %, 0 %, 1533 MiB, 23028 MiB
2026/02/25 17:19:28.619, 3, NVIDIA A10G, 0 %, 0 %, 0 MiB, 23028 MiB
2026/02/25 17:19:29.620, 0, NVIDIA A10G, 19 %, 6 %, 1771 MiB, 23028 MiB
2026/02/25 17:19:29.620, 1, NVIDIA A10G, 0 %, 0 %, 1455 MiB, 23028 MiB
2026/02/25 17:19:29.620, 2, NVIDIA A10G, 0 %, 0 %, 1533 MiB, 23028 MiB
2026/02/25 17:19:29.620, 3, NVIDIA A10G, 0 %, 0 %, 0 MiB, 23028 MiB
2026/02/25 17:19:30.620, 0, NVIDIA A10G, 20 %, 6 %, 1771 MiB, 23028 MiB
2026/02/25 17:19:30.620, 1, NVIDIA A10G, 0 %, 0 %, 1455 MiB, 23028 MiB
2026/02/25 17:19:30.620, 2, NVIDIA A10G, 0 %, 0 %, 1533 MiB, 23028 MiB
2026/02/25 17:19:30.620, 3, NVIDIA A10G, 0 %, 0 %, 0 MiB, 23028 MiB
2026/02/25 17:19:31.620, 0, NVIDIA A10G, 23 %, 8 %, 1771 MiB, 23028 MiB
2026/02/25 17:19:31.620, 1, NVIDIA A10G, 0 %, 0 %, 1455 MiB, 23028 MiB
2026/02/25 17:19:31.620, 2, NVIDIA A10G, 0 %, 0 %, 1533 MiB, 23028 MiB
2026/02/25 17:19:31.620, 3, NVIDIA A10G, 0 %, 0 %, 0 MiB, 23028 MiB
2026/02/25 17:19:32.621, 0, NVIDIA A10G, 0 %, 0 %, 1771 MiB, 23028 MiB
2026/02/25 17:19:32.621, 1, NVIDIA A10G, 43 %, 27 %, 1617 MiB, 23028 MiB
2026/02/25 17:19:32.621, 2, NVIDIA A10G, 0 %, 0 %, 1533 MiB, 23028 MiB
2026/02/25 17:19:32.621, 3, NVIDIA A10G, 0 %, 0 %, 0 MiB, 23028 MiB
2026/02/25 17:19:33.621, 0, NVIDIA A10G, 0 %, 0 %, 1771 MiB, 23028 MiB
2026/02/25 17:19:33.621, 1, NVIDIA A10G, 16 %, 5 %, 1617 MiB, 23028 MiB
2026/02/25 17:19:33.621, 2, NVIDIA A10G, 0 %, 0 %, 1533 MiB, 23028 MiB
2026/02/25 17:19:33.621, 3, NVIDIA A10G, 0 %, 0 %, 0 MiB, 23028 MiB
2026/02/25 17:19:34.621, 0, NVIDIA A10G, 0 %, 0 %, 1771 MiB, 23028 MiB
2026/02/25 17:19:34.621, 1, NVIDIA A10G, 21 %, 7 %, 1617 MiB, 23028 MiB
2026/02/25 17:19:34.621, 2, NVIDIA A10G, 21 %, 7 %, 1533 MiB, 23028 MiB
2026/02/25 17:19:34.622, 3, NVIDIA A10G, 0 %, 0 %, 0 MiB, 23028 MiB
2026/02/25 17:19:35.622, 0, NVIDIA A10G, 19 %, 7 %, 1771 MiB, 23028 MiB
2026/02/25 17:19:35.622, 1, NVIDIA A10G, 19 %, 6 %, 1617 MiB, 23028 MiB
2026/02/25 17:19:35.622, 2, NVIDIA A10G, 20 %, 7 %, 1533 MiB, 23028 MiB
2026/02/25 17:19:35.622, 3, NVIDIA A10G, 0 %, 0 %, 0 MiB, 23028 MiB
2026/02/25 17:19:36.622, 0, NVIDIA A10G, 18 %, 6 %, 1771 MiB, 23028 MiB
2026/02/25 17:19:36.622, 1, NVIDIA A10G, 20 %, 7 %, 1617 MiB, 23028 MiB
2026/02/25 17:19:36.622, 2, NVIDIA A10G, 16 %, 5 %, 1533 MiB, 23028 MiB
2026/02/25 17:19:36.622, 3, NVIDIA A10G, 0 %, 0 %, 0 MiB, 23028 MiB
2026/02/25 17:19:37.622, 0, NVIDIA A10G, 21 %, 7 %, 1771 MiB, 23028 MiB
2026/02/25 17:19:37.623, 1, NVIDIA A10G, 18 %, 6 %, 1617 MiB, 23028 MiB
2026/02/25 17:19:37.623, 2, NVIDIA A10G, 18 %, 5 %, 1533 MiB, 23028 MiB
2026/02/25 17:19:37.623, 3, NVIDIA A10G, 0 %, 0 %, 0 MiB, 23028 MiB
2026/02/25 17:19:38.623, 0, NVIDIA A10G, 17 %, 5 %, 1771 MiB, 23028 MiB
2026/02/25 17:19:38.623, 1, NVIDIA A10G, 19 %, 6 %, 1617 MiB, 23028 MiB
2026/02/25 17:19:38.623, 2, NVIDIA A10G, 19 %, 6 %, 1533 MiB, 23028 MiB
2026/02/25 17:19:38.623, 3, NVIDIA A10G, 0 %, 0 %, 0 MiB, 23028 MiB
2026/02/25 17:19:39.623, 0, NVIDIA A10G, 0 %, 0 %, 1771 MiB, 23028 MiB
2026/02/25 17:19:39.623, 1, NVIDIA A10G, 21 %, 7 %, 1617 MiB, 23028 MiB
2026/02/25 17:19:39.623, 2, NVIDIA A10G, 17 %, 5 %, 1533 MiB, 23028 MiB
2026/02/25 17:19:39.623, 3, NVIDIA A10G, 0 %, 0 %, 0 MiB, 23028 MiB
2026/02/25 17:19:40.624, 0, NVIDIA A10G, 0 %, 0 %, 1771 MiB, 23028 MiB
2026/02/25 17:19:40.624, 1, NVIDIA A10G, 22 %, 7 %, 1617 MiB, 23028 MiB
2026/02/25 17:19:40.624, 2, NVIDIA A10G, 18 %, 6 %, 1533 MiB, 23028 MiB
2026/02/25 17:19:40.624, 3, NVIDIA A10G, 0 %, 0 %, 0 MiB, 23028 MiB
2026/02/25 17:19:41.624, 0, NVIDIA A10G, 0 %, 0 %, 1771 MiB, 23028 MiB
2026/02/25 17:19:41.624, 1, NVIDIA A10G, 23 %, 8 %, 1617 MiB, 23028 MiB
2026/02/25 17:19:41.624, 2, NVIDIA A10G, 18 %, 6 %, 1533 MiB, 23028 MiB
2026/02/25 17:19:41.624, 3, NVIDIA A10G, 0 %, 0 %, 0 MiB, 23028 MiB
2026/02/25 17:19:42.624, 0, NVIDIA A10G, 0 %, 0 %, 1771 MiB, 23028 MiB
2026/02/25 17:19:42.624, 1, NVIDIA A10G, 19 %, 6 %, 1617 MiB, 23028 MiB
2026/02/25 17:19:42.625, 2, NVIDIA A10G, 17 %, 5 %, 1533 MiB, 23028 MiB
2026/02/25 17:19:42.625, 3, NVIDIA A10G, 0 %, 0 %, 0 MiB, 23028 MiB
2026/02/25 17:19:43.625, 0, NVIDIA A10G, 0 %, 0 %, 1771 MiB, 23028 MiB
2026/02/25 17:19:43.625, 1, NVIDIA A10G, 19 %, 7 %, 1617 MiB, 23028 MiB
2026/02/25 17:19:43.625, 2, NVIDIA A10G, 21 %, 7 %, 1533 MiB, 23028 MiB
2026/02/25 17:19:43.625, 3, NVIDIA A10G, 0 %, 0 %, 0 MiB, 23028 MiB
2026/02/25 17:19:44.625, 0, NVIDIA A10G, 0 %, 0 %, 1771 MiB, 23028 MiB
2026/02/25 17:19:44.625, 1, NVIDIA A10G, 0 %, 0 %, 1617 MiB, 23028 MiB
2026/02/25 17:19:44.625, 2, NVIDIA A10G, 19 %, 6 %, 1533 MiB, 23028 MiB
2026/02/25 17:19:44.625, 3, NVIDIA A10G, 0 %, 0 %, 0 MiB, 23028 MiB
2026/02/25 17:19:45.625, 0, NVIDIA A10G, 0 %, 0 %, 1771 MiB, 23028 MiB
2026/02/25 17:19:45.625, 1, NVIDIA A10G, 0 %, 0 %, 1617 MiB, 23028 MiB
2026/02/25 17:19:45.626, 2, NVIDIA A10G, 2 %, 1 %, 1533 MiB, 23028 MiB
2026/02/25 17:19:45.626, 3, NVIDIA A10G, 0 %, 0 %, 0 MiB, 23028 MiB
2026/02/25 17:19:46.626, 0, NVIDIA A10G, 0 %, 0 %, 1771 MiB, 23028 MiB
2026/02/25 17:19:46.626, 1, NVIDIA A10G, 0 %, 0 %, 1617 MiB, 23028 MiB
2026/02/25 17:19:46.626, 2, NVIDIA A10G, 0 %, 0 %, 1533 MiB, 23028 MiB
2026/02/25 17:19:46.626, 3, NVIDIA A10G, 0 %, 0 %, 0 MiB, 23028 MiB
2026/02/25 17:19:47.626, 0, NVIDIA A10G, 0 %, 0 %, 1771 MiB, 23028 MiB
2026/02/25 17:19:47.626, 1, NVIDIA A10G, 19 %, 5 %, 1617 MiB, 23028 MiB
2026/02/25 17:19:47.626, 2, NVIDIA A10G, 0 %, 0 %, 1533 MiB, 23028 MiB
2026/02/25 17:19:47.626, 3, NVIDIA A10G, 0 %, 0 %, 0 MiB, 23028 MiB
2026/02/25 17:19:48.626, 0, NVIDIA A10G, 0 %, 0 %, 1775 MiB, 23028 MiB
2026/02/25 17:19:48.626, 1, NVIDIA A10G, 22 %, 7 %, 1617 MiB, 23028 MiB
2026/02/25 17:19:48.627, 2, NVIDIA A10G, 0 %, 0 %, 1533 MiB, 23028 MiB
2026/02/25 17:19:48.627, 3, NVIDIA A10G, 0 %, 0 %, 0 MiB, 23028 MiB
2026/02/25 17:19:49.627, 0, NVIDIA A10G, 22 %, 8 %, 1775 MiB, 23028 MiB
2026/02/25 17:19:49.627, 1, NVIDIA A10G, 19 %, 6 %, 1617 MiB, 23028 MiB
2026/02/25 17:19:49.627, 2, NVIDIA A10G, 0 %, 0 %, 1533 MiB, 23028 MiB
2026/02/25 17:19:49.627, 3, NVIDIA A10G, 0 %, 0 %, 0 MiB, 23028 MiB
2026/02/25 17:19:50.627, 0, NVIDIA A10G, 22 %, 7 %, 1775 MiB, 23028 MiB
2026/02/25 17:19:50.627, 1, NVIDIA A10G, 0 %, 0 %, 1617 MiB, 23028 MiB
2026/02/25 17:19:50.627, 2, NVIDIA A10G, 0 %, 0 %, 1533 MiB, 23028 MiB
2026/02/25 17:19:50.627, 3, NVIDIA A10G, 0 %, 0 %, 0 MiB, 23028 MiB
2026/02/25 17:19:51.628, 0, NVIDIA A10G, 22 %, 7 %, 1775 MiB, 23028 MiB
2026/02/25 17:19:51.628, 1, NVIDIA A10G, 0 %, 0 %, 1617 MiB, 23028 MiB
2026/02/25 17:19:51.628, 2, NVIDIA A10G, 0 %, 0 %, 1533 MiB, 23028 MiB
2026/02/25 17:19:51.628, 3, NVIDIA A10G, 0 %, 0 %, 0 MiB, 23028 MiB
2026/02/25 17:19:52.628, 0, NVIDIA A10G, 21 %, 7 %, 1775 MiB, 23028 MiB
2026/02/25 17:19:52.628, 1, NVIDIA A10G, 0 %, 0 %, 1617 MiB, 23028 MiB
2026/02/25 17:19:52.628, 2, NVIDIA A10G, 0 %, 0 %, 1533 MiB, 23028 MiB
2026/02/25 17:19:52.628, 3, NVIDIA A10G, 0 %, 0 %, 0 MiB, 23028 MiB
2026/02/25 17:19:53.628, 0, NVIDIA A10G, 19 %, 6 %, 1775 MiB, 23028 MiB
2026/02/25 17:19:53.628, 1, NVIDIA A10G, 0 %, 0 %, 1617 MiB, 23028 MiB
2026/02/25 17:19:53.629, 2, NVIDIA A10G, 20 %, 7 %, 1725 MiB, 23028 MiB
2026/02/25 17:19:53.629, 3, NVIDIA A10G, 0 %, 0 %, 0 MiB, 23028 MiB
2026/02/25 17:19:54.629, 0, NVIDIA A10G, 21 %, 7 %, 1775 MiB, 23028 MiB
2026/02/25 17:19:54.629, 1, NVIDIA A10G, 0 %, 0 %, 1617 MiB, 23028 MiB
2026/02/25 17:19:54.629, 2, NVIDIA A10G, 22 %, 8 %, 1725 MiB, 23028 MiB
2026/02/25 17:19:54.629, 3, NVIDIA A10G, 0 %, 0 %, 0 MiB, 23028 MiB
2026/02/25 17:19:55.629, 0, NVIDIA A10G, 18 %, 6 %, 1775 MiB, 23028 MiB
2026/02/25 17:19:55.629, 1, NVIDIA A10G, 0 %, 0 %, 1617 MiB, 23028 MiB
2026/02/25 17:19:55.629, 2, NVIDIA A10G, 22 %, 8 %, 1725 MiB, 23028 MiB
2026/02/25 17:19:55.629, 3, NVIDIA A10G, 0 %, 0 %, 0 MiB, 23028 MiB
2026/02/25 17:19:56.630, 0, NVIDIA A10G, 21 %, 8 %, 1775 MiB, 23028 MiB
2026/02/25 17:19:56.630, 1, NVIDIA A10G, 0 %, 0 %, 1617 MiB, 23028 MiB
2026/02/25 17:19:56.630, 2, NVIDIA A10G, 22 %, 8 %, 1725 MiB, 23028 MiB
2026/02/25 17:19:56.630, 3, NVIDIA A10G, 0 %, 0 %, 0 MiB, 23028 MiB
2026/02/25 17:19:57.630, 0, NVIDIA A10G, 16 %, 5 %, 1775 MiB, 23028 MiB
2026/02/25 17:19:57.630, 1, NVIDIA A10G, 0 %, 0 %, 1617 MiB, 23028 MiB
2026/02/25 17:19:57.630, 2, NVIDIA A10G, 20 %, 7 %, 1725 MiB, 23028 MiB
2026/02/25 17:19:57.630, 3, NVIDIA A10G, 0 %, 0 %, 0 MiB, 23028 MiB
2026/02/25 17:19:58.630, 0, NVIDIA A10G, 0 %, 0 %, 1775 MiB, 23028 MiB
2026/02/25 17:19:58.630, 1, NVIDIA A10G, 0 %, 0 %, 1617 MiB, 23028 MiB
2026/02/25 17:19:58.631, 2, NVIDIA A10G, 21 %, 8 %, 1725 MiB, 23028 MiB
2026/02/25 17:19:58.631, 3, NVIDIA A10G, 0 %, 0 %, 0 MiB, 23028 MiB
2026/02/25 17:19:59.631, 0, NVIDIA A10G, 0 %, 0 %, 1775 MiB, 23028 MiB
2026/02/25 17:19:59.631, 1, NVIDIA A10G, 0 %, 0 %, 1617 MiB, 23028 MiB
2026/02/25 17:19:59.631, 2, NVIDIA A10G, 22 %, 7 %, 1725 MiB, 23028 MiB
2026/02/25 17:19:59.631, 3, NVIDIA A10G, 0 %, 0 %, 0 MiB, 23028 MiB
2026/02/25 17:20:00.631, 0, NVIDIA A10G, 0 %, 0 %, 1775 MiB, 23028 MiB
2026/02/25 17:20:00.631, 1, NVIDIA A10G, 0 %, 0 %, 1617 MiB, 23028 MiB
2026/02/25 17:20:00.631, 2, NVIDIA A10G, 20 %, 7 %, 1725 MiB, 23028 MiB
2026/02/25 17:20:00.631, 3, NVIDIA A10G, 0 %, 0 %, 0 MiB, 23028 MiB
2026/02/25 17:20:01.631, 0, NVIDIA A10G, 0 %, 0 %, 1775 MiB, 23028 MiB
2026/02/25 17:20:01.632, 1, NVIDIA A10G, 0 %, 0 %, 1617 MiB, 23028 MiB
2026/02/25 17:20:01.632, 2, NVIDIA A10G, 0 %, 0 %, 1725 MiB, 23028 MiB
2026/02/25 17:20:01.632, 3, NVIDIA A10G, 0 %, 0 %, 0 MiB, 23028 MiB
2026/02/25 17:20:02.632, 0, NVIDIA A10G, 0 %, 0 %, 1775 MiB, 23028 MiB
2026/02/25 17:20:02.632, 1, NVIDIA A10G, 0 %, 0 %, 1617 MiB, 23028 MiB
2026/02/25 17:20:02.632, 2, NVIDIA A10G, 0 %, 0 %, 1725 MiB, 23028 MiB
2026/02/25 17:20:02.632, 3, NVIDIA A10G, 0 %, 0 %, 0 MiB, 23028 MiB
2026/02/25 17:20:03.632, 0, NVIDIA A10G, 0 %, 0 %, 1775 MiB, 23028 MiB
2026/02/25 17:20:03.632, 1, NVIDIA A10G, 100 %, 69 %, 1617 MiB, 23028 MiB
2026/02/25 17:20:03.632, 2, NVIDIA A10G, 0 %, 0 %, 1725 MiB, 23028 MiB
2026/02/25 17:20:03.632, 3, NVIDIA A10G, 0 %, 0 %, 0 MiB, 23028 MiB
2026/02/25 17:20:04.632, 0, NVIDIA A10G, 0 %, 0 %, 1775 MiB, 23028 MiB
2026/02/25 17:20:04.633, 1, NVIDIA A10G, 0 %, 0 %, 1617 MiB, 23028 MiB
2026/02/25 17:20:04.633, 2, NVIDIA A10G, 0 %, 0 %, 1725 MiB, 23028 MiB
2026/02/25 17:20:04.633, 3, NVIDIA A10G, 0 %, 0 %, 0 MiB, 23028 MiB
2026/02/25 17:20:05.633, 0, NVIDIA A10G, 0 %, 0 %, 1775 MiB, 23028 MiB
2026/02/25 17:20:05.633, 1, NVIDIA A10G, 21 %, 7 %, 1617 MiB, 23028 MiB
2026/02/25 17:20:05.633, 2, NVIDIA A10G, 0 %, 0 %, 1725 MiB, 23028 MiB
2026/02/25 17:20:05.633, 3, NVIDIA A10G, 0 %, 0 %, 0 MiB, 23028 MiB
2026/02/25 17:20:06.633, 0, NVIDIA A10G, 0 %, 0 %, 1775 MiB, 23028 MiB
2026/02/25 17:20:06.633, 1, NVIDIA A10G, 21 %, 7 %, 1617 MiB, 23028 MiB
2026/02/25 17:20:06.633, 2, NVIDIA A10G, 0 %, 0 %, 1725 MiB, 23028 MiB
2026/02/25 17:20:06.633, 3, NVIDIA A10G, 0 %, 0 %, 0 MiB, 23028 MiB
2026/02/25 17:20:07.634, 0, NVIDIA A10G, 45 %, 29 %, 1775 MiB, 23028 MiB
2026/02/25 17:20:07.634, 1, NVIDIA A10G, 21 %, 7 %, 1617 MiB, 23028 MiB
2026/02/25 17:20:07.634, 2, NVIDIA A10G, 0 %, 0 %, 1725 MiB, 23028 MiB
2026/02/25 17:20:07.634, 3, NVIDIA A10G, 0 %, 0 %, 0 MiB, 23028 MiB
2026/02/25 17:20:08.634, 0, NVIDIA A10G, 22 %, 8 %, 1775 MiB, 23028 MiB
2026/02/25 17:20:08.634, 1, NVIDIA A10G, 17 %, 6 %, 1617 MiB, 23028 MiB
2026/02/25 17:20:08.634, 2, NVIDIA A10G, 0 %, 0 %, 1725 MiB, 23028 MiB
2026/02/25 17:20:08.634, 3, NVIDIA A10G, 0 %, 0 %, 0 MiB, 23028 MiB
2026/02/25 17:20:09.634, 0, NVIDIA A10G, 18 %, 6 %, 1775 MiB, 23028 MiB
2026/02/25 17:20:09.634, 1, NVIDIA A10G, 19 %, 6 %, 1617 MiB, 23028 MiB
2026/02/25 17:20:09.634, 2, NVIDIA A10G, 0 %, 0 %, 1725 MiB, 23028 MiB
2026/02/25 17:20:09.634, 3, NVIDIA A10G, 0 %, 0 %, 0 MiB, 23028 MiB
2026/02/25 17:20:10.635, 0, NVIDIA A10G, 18 %, 6 %, 1775 MiB, 23028 MiB
2026/02/25 17:20:10.635, 1, NVIDIA A10G, 21 %, 8 %, 1617 MiB, 23028 MiB
2026/02/25 17:20:10.635, 2, NVIDIA A10G, 0 %, 0 %, 1725 MiB, 23028 MiB
2026/02/25 17:20:10.635, 3, NVIDIA A10G, 0 %, 0 %, 0 MiB, 23028 MiB
2026/02/25 17:20:11.635, 0, NVIDIA A10G, 24 %, 8 %, 1775 MiB, 23028 MiB
2026/02/25 17:20:11.635, 1, NVIDIA A10G, 20 %, 6 %, 1617 MiB, 23028 MiB
2026/02/25 17:20:11.635, 2, NVIDIA A10G, 0 %, 0 %, 1725 MiB, 23028 MiB
2026/02/25 17:20:11.635, 3, NVIDIA A10G, 0 %, 0 %, 0 MiB, 23028 MiB
2026/02/25 17:20:12.635, 0, NVIDIA A10G, 21 %, 7 %, 1775 MiB, 23028 MiB
2026/02/25 17:20:12.635, 1, NVIDIA A10G, 20 %, 6 %, 1617 MiB, 23028 MiB
2026/02/25 17:20:12.635, 2, NVIDIA A10G, 10 %, 4 %, 1725 MiB, 23028 MiB
2026/02/25 17:20:12.635, 3, NVIDIA A10G, 0 %, 0 %, 0 MiB, 23028 MiB
2026/02/25 17:20:13.636, 0, NVIDIA A10G, 20 %, 7 %, 1775 MiB, 23028 MiB
2026/02/25 17:20:13.636, 1, NVIDIA A10G, 19 %, 6 %, 1617 MiB, 23028 MiB
2026/02/25 17:20:13.636, 2, NVIDIA A10G, 21 %, 7 %, 1725 MiB, 23028 MiB
2026/02/25 17:20:13.636, 3, NVIDIA A10G, 0 %, 0 %, 0 MiB, 23028 MiB
2026/02/25 17:20:14.636, 0, NVIDIA A10G, 20 %, 7 %, 1775 MiB, 23028 MiB
2026/02/25 17:20:14.636, 1, NVIDIA A10G, 19 %, 6 %, 1617 MiB, 23028 MiB
2026/02/25 17:20:14.636, 2, NVIDIA A10G, 23 %, 8 %, 1725 MiB, 23028 MiB
2026/02/25 17:20:14.636, 3, NVIDIA A10G, 0 %, 0 %, 0 MiB, 23028 MiB
2026/02/25 17:20:15.636, 0, NVIDIA A10G, 19 %, 7 %, 1775 MiB, 23028 MiB
2026/02/25 17:20:15.637, 1, NVIDIA A10G, 19 %, 7 %, 1617 MiB, 23028 MiB
2026/02/25 17:20:15.637, 2, NVIDIA A10G, 21 %, 8 %, 1725 MiB, 23028 MiB
2026/02/25 17:20:15.637, 3, NVIDIA A10G, 0 %, 0 %, 0 MiB, 23028 MiB
2026/02/25 17:20:16.637, 0, NVIDIA A10G, 20 %, 7 %, 1775 MiB, 23028 MiB
2026/02/25 17:20:16.637, 1, NVIDIA A10G, 19 %, 6 %, 1617 MiB, 23028 MiB
2026/02/25 17:20:16.637, 2, NVIDIA A10G, 20 %, 7 %, 1725 MiB, 23028 MiB
2026/02/25 17:20:16.637, 3, NVIDIA A10G, 0 %, 0 %, 0 MiB, 23028 MiB
2026/02/25 17:20:17.637, 0, NVIDIA A10G, 19 %, 6 %, 1775 MiB, 23028 MiB
2026/02/25 17:20:17.637, 1, NVIDIA A10G, 21 %, 7 %, 1617 MiB, 23028 MiB
2026/02/25 17:20:17.637, 2, NVIDIA A10G, 20 %, 7 %, 1725 MiB, 23028 MiB
2026/02/25 17:20:17.637, 3, NVIDIA A10G, 0 %, 0 %, 0 MiB, 23028 MiB
2026/02/25 17:20:18.638, 0, NVIDIA A10G, 0 %, 0 %, 1775 MiB, 23028 MiB
2026/02/25 17:20:18.638, 1, NVIDIA A10G, 19 %, 7 %, 1617 MiB, 23028 MiB
2026/02/25 17:20:18.638, 2, NVIDIA A10G, 21 %, 8 %, 1725 MiB, 23028 MiB
2026/02/25 17:20:18.638, 3, NVIDIA A10G, 0 %, 0 %, 0 MiB, 23028 MiB
2026/02/25 17:20:19.638, 0, NVIDIA A10G, 0 %, 0 %, 1775 MiB, 23028 MiB
2026/02/25 17:20:19.638, 1, NVIDIA A10G, 21 %, 7 %, 1617 MiB, 23028 MiB
2026/02/25 17:20:19.638, 2, NVIDIA A10G, 25 %, 9 %, 1725 MiB, 23028 MiB
2026/02/25 17:20:19.638, 3, NVIDIA A10G, 0 %, 0 %, 0 MiB, 23028 MiB
2026/02/25 17:20:20.638, 0, NVIDIA A10G, 0 %, 0 %, 1775 MiB, 23028 MiB
2026/02/25 17:20:20.639, 1, NVIDIA A10G, 21 %, 7 %, 1617 MiB, 23028 MiB
2026/02/25 17:20:20.639, 2, NVIDIA A10G, 21 %, 7 %, 1725 MiB, 23028 MiB
2026/02/25 17:20:20.639, 3, NVIDIA A10G, 0 %, 0 %, 0 MiB, 23028 MiB
2026/02/25 17:20:21.639, 0, NVIDIA A10G, 0 %, 0 %, 1775 MiB, 23028 MiB
2026/02/25 17:20:21.639, 1, NVIDIA A10G, 14 %, 4 %, 1617 MiB, 23028 MiB
2026/02/25 17:20:21.639, 2, NVIDIA A10G, 21 %, 7 %, 1725 MiB, 23028 MiB
2026/02/25 17:20:21.639, 3, NVIDIA A10G, 0 %, 0 %, 0 MiB, 23028 MiB
2026/02/25 17:20:22.639, 0, NVIDIA A10G, 23 %, 8 %, 1775 MiB, 23028 MiB
2026/02/25 17:20:22.639, 1, NVIDIA A10G, 0 %, 0 %, 1617 MiB, 23028 MiB
2026/02/25 17:20:22.639, 2, NVIDIA A10G, 23 %, 8 %, 1725 MiB, 23028 MiB
2026/02/25 17:20:22.639, 3, NVIDIA A10G, 0 %, 0 %, 0 MiB, 23028 MiB
2026/02/25 17:20:23.640, 0, NVIDIA A10G, 22 %, 8 %, 1775 MiB, 23028 MiB
2026/02/25 17:20:23.640, 1, NVIDIA A10G, 0 %, 0 %, 1617 MiB, 23028 MiB
2026/02/25 17:20:23.640, 2, NVIDIA A10G, 0 %, 0 %, 1725 MiB, 23028 MiB
2026/02/25 17:20:23.640, 3, NVIDIA A10G, 0 %, 0 %, 0 MiB, 23028 MiB
2026/02/25 17:20:24.640, 0, NVIDIA A10G, 23 %, 9 %, 1775 MiB, 23028 MiB
2026/02/25 17:20:24.640, 1, NVIDIA A10G, 0 %, 0 %, 1617 MiB, 23028 MiB
2026/02/25 17:20:24.640, 2, NVIDIA A10G, 0 %, 0 %, 1725 MiB, 23028 MiB
2026/02/25 17:20:24.640, 3, NVIDIA A10G, 0 %, 0 %, 0 MiB, 23028 MiB
2026/02/25 17:20:25.640, 0, NVIDIA A10G, 22 %, 8 %, 1775 MiB, 23028 MiB
2026/02/25 17:20:25.640, 1, NVIDIA A10G, 0 %, 0 %, 1617 MiB, 23028 MiB
2026/02/25 17:20:25.640, 2, NVIDIA A10G, 0 %, 0 %, 1725 MiB, 23028 MiB
2026/02/25 17:20:25.640, 3, NVIDIA A10G, 0 %, 0 %, 0 MiB, 23028 MiB
2026/02/25 17:20:26.641, 0, NVIDIA A10G, 8 %, 3 %, 1775 MiB, 23028 MiB
2026/02/25 17:20:26.641, 1, NVIDIA A10G, 0 %, 0 %, 1617 MiB, 23028 MiB
2026/02/25 17:20:26.641, 2, NVIDIA A10G, 0 %, 0 %, 1725 MiB, 23028 MiB
2026/02/25 17:20:26.641, 3, NVIDIA A10G, 0 %, 0 %, 0 MiB, 23028 MiB
2026/02/25 17:20:27.641, 0, NVIDIA A10G, 0 %, 0 %, 1775 MiB, 23028 MiB
2026/02/25 17:20:27.641, 1, NVIDIA A10G, 0 %, 0 %, 1617 MiB, 23028 MiB
2026/02/25 17:20:27.641, 2, NVIDIA A10G, 0 %, 0 %, 1725 MiB, 23028 MiB
2026/02/25 17:20:27.641, 3, NVIDIA A10G, 0 %, 0 %, 0 MiB, 23028 MiB
2026/02/25 17:20:28.642, 0, NVIDIA A10G, 0 %, 0 %, 1775 MiB, 23028 MiB
2026/02/25 17:20:28.642, 1, NVIDIA A10G, 0 %, 0 %, 1617 MiB, 23028 MiB
2026/02/25 17:20:28.642, 2, NVIDIA A10G, 0 %, 0 %, 1725 MiB, 23028 MiB
2026/02/25 17:20:28.642, 3, NVIDIA A10G, 0 %, 0 %, 0 MiB, 23028 MiB
2026/02/25 17:20:29.642, 0, NVIDIA A10G, 0 %, 0 %, 1775 MiB, 23028 MiB
2026/02/25 17:20:29.642, 1, NVIDIA A10G, 0 %, 0 %, 1617 MiB, 23028 MiB
2026/02/25 17:20:29.642, 2, NVIDIA A10G, 21 %, 7 %, 1725 MiB, 23028 MiB
2026/02/25 17:20:29.642, 3, NVIDIA A10G, 0 %, 0 %, 0 MiB, 23028 MiB
2026/02/25 17:20:30.642, 0, NVIDIA A10G, 0 %, 0 %, 1775 MiB, 23028 MiB
2026/02/25 17:20:30.643, 1, NVIDIA A10G, 0 %, 0 %, 2001 MiB, 23028 MiB
2026/02/25 17:20:30.643, 2, NVIDIA A10G, 19 %, 6 %, 1725 MiB, 23028 MiB
2026/02/25 17:20:30.643, 3, NVIDIA A10G, 0 %, 0 %, 0 MiB, 23028 MiB
2026/02/25 17:20:31.643, 0, NVIDIA A10G, 0 %, 0 %, 1775 MiB, 23028 MiB
2026/02/25 17:20:31.643, 1, NVIDIA A10G, 19 %, 6 %, 2001 MiB, 23028 MiB
2026/02/25 17:20:31.643, 2, NVIDIA A10G, 20 %, 6 %, 1725 MiB, 23028 MiB
2026/02/25 17:20:31.643, 3, NVIDIA A10G, 0 %, 0 %, 0 MiB, 23028 MiB
2026/02/25 17:20:32.643, 0, NVIDIA A10G, 0 %, 0 %, 1775 MiB, 23028 MiB
2026/02/25 17:20:32.643, 1, NVIDIA A10G, 21 %, 7 %, 2003 MiB, 23028 MiB
2026/02/25 17:20:32.644, 2, NVIDIA A10G, 19 %, 6 %, 1725 MiB, 23028 MiB
2026/02/25 17:20:32.644, 3, NVIDIA A10G, 0 %, 0 %, 0 MiB, 23028 MiB
2026/02/25 17:20:33.644, 0, NVIDIA A10G, 0 %, 0 %, 1775 MiB, 23028 MiB
2026/02/25 17:20:33.644, 1, NVIDIA A10G, 21 %, 8 %, 2003 MiB, 23028 MiB
2026/02/25 17:20:33.644, 2, NVIDIA A10G, 20 %, 6 %, 1725 MiB, 23028 MiB
2026/02/25 17:20:33.644, 3, NVIDIA A10G, 0 %, 0 %, 0 MiB, 23028 MiB
2026/02/25 17:20:34.644, 0, NVIDIA A10G, 0 %, 0 %, 1775 MiB, 23028 MiB
2026/02/25 17:20:34.644, 1, NVIDIA A10G, 23 %, 8 %, 2003 MiB, 23028 MiB
2026/02/25 17:20:34.644, 2, NVIDIA A10G, 20 %, 6 %, 1725 MiB, 23028 MiB
2026/02/25 17:20:34.644, 3, NVIDIA A10G, 0 %, 0 %, 0 MiB, 23028 MiB
2026/02/25 17:20:35.645, 0, NVIDIA A10G, 0 %, 0 %, 1775 MiB, 23028 MiB
2026/02/25 17:20:35.645, 1, NVIDIA A10G, 23 %, 8 %, 2003 MiB, 23028 MiB
2026/02/25 17:20:35.645, 2, NVIDIA A10G, 0 %, 0 %, 1725 MiB, 23028 MiB
2026/02/25 17:20:35.645, 3, NVIDIA A10G, 0 %, 0 %, 0 MiB, 23028 MiB
2026/02/25 17:20:36.645, 0, NVIDIA A10G, 0 %, 0 %, 1775 MiB, 23028 MiB
2026/02/25 17:20:36.645, 1, NVIDIA A10G, 22 %, 8 %, 2003 MiB, 23028 MiB
2026/02/25 17:20:36.645, 2, NVIDIA A10G, 0 %, 0 %, 1725 MiB, 23028 MiB
2026/02/25 17:20:36.645, 3, NVIDIA A10G, 0 %, 0 %, 0 MiB, 23028 MiB
2026/02/25 17:20:37.645, 0, NVIDIA A10G, 83 %, 52 %, 1775 MiB, 23028 MiB
2026/02/25 17:20:37.645, 1, NVIDIA A10G, 20 %, 7 %, 2003 MiB, 23028 MiB
2026/02/25 17:20:37.646, 2, NVIDIA A10G, 0 %, 0 %, 1725 MiB, 23028 MiB
2026/02/25 17:20:37.646, 3, NVIDIA A10G, 0 %, 0 %, 0 MiB, 23028 MiB
2026/02/25 17:20:38.646, 0, NVIDIA A10G, 20 %, 7 %, 1775 MiB, 23028 MiB
2026/02/25 17:20:38.646, 1, NVIDIA A10G, 22 %, 8 %, 2003 MiB, 23028 MiB
2026/02/25 17:20:38.646, 2, NVIDIA A10G, 0 %, 0 %, 1725 MiB, 23028 MiB
2026/02/25 17:20:38.646, 3, NVIDIA A10G, 0 %, 0 %, 0 MiB, 23028 MiB
2026/02/25 17:20:39.646, 0, NVIDIA A10G, 21 %, 7 %, 1775 MiB, 23028 MiB
2026/02/25 17:20:39.646, 1, NVIDIA A10G, 19 %, 7 %, 2003 MiB, 23028 MiB
2026/02/25 17:20:39.646, 2, NVIDIA A10G, 0 %, 0 %, 1725 MiB, 23028 MiB
2026/02/25 17:20:39.646, 3, NVIDIA A10G, 0 %, 0 %, 0 MiB, 23028 MiB
2026/02/25 17:20:40.646, 0, NVIDIA A10G, 23 %, 7 %, 1775 MiB, 23028 MiB
2026/02/25 17:20:40.647, 1, NVIDIA A10G, 17 %, 6 %, 2003 MiB, 23028 MiB
2026/02/25 17:20:40.647, 2, NVIDIA A10G, 0 %, 0 %, 1725 MiB, 23028 MiB
2026/02/25 17:20:40.647, 3, NVIDIA A10G, 0 %, 0 %, 0 MiB, 23028 MiB
2026/02/25 17:20:41.647, 0, NVIDIA A10G, 22 %, 7 %, 1775 MiB, 23028 MiB
2026/02/25 17:20:41.647, 1, NVIDIA A10G, 0 %, 0 %, 2003 MiB, 23028 MiB
2026/02/25 17:20:41.647, 2, NVIDIA A10G, 0 %, 0 %, 1725 MiB, 23028 MiB
2026/02/25 17:20:41.647, 3, NVIDIA A10G, 0 %, 0 %, 0 MiB, 23028 MiB
2026/02/25 17:20:42.647, 0, NVIDIA A10G, 22 %, 8 %, 1775 MiB, 23028 MiB
2026/02/25 17:20:42.647, 1, NVIDIA A10G, 0 %, 0 %, 2003 MiB, 23028 MiB
2026/02/25 17:20:42.647, 2, NVIDIA A10G, 0 %, 0 %, 1725 MiB, 23028 MiB
2026/02/25 17:20:42.647, 3, NVIDIA A10G, 0 %, 0 %, 0 MiB, 23028 MiB
2026/02/25 17:20:43.647, 0, NVIDIA A10G, 19 %, 7 %, 1775 MiB, 23028 MiB
2026/02/25 17:20:43.648, 1, NVIDIA A10G, 0 %, 0 %, 2003 MiB, 23028 MiB
2026/02/25 17:20:43.648, 2, NVIDIA A10G, 21 %, 7 %, 1725 MiB, 23028 MiB
2026/02/25 17:20:43.648, 3, NVIDIA A10G, 0 %, 0 %, 0 MiB, 23028 MiB
2026/02/25 17:20:44.648, 0, NVIDIA A10G, 21 %, 6 %, 1775 MiB, 23028 MiB
2026/02/25 17:20:44.648, 1, NVIDIA A10G, 0 %, 0 %, 2003 MiB, 23028 MiB
2026/02/25 17:20:44.648, 2, NVIDIA A10G, 18 %, 6 %, 1725 MiB, 23028 MiB
2026/02/25 17:20:44.648, 3, NVIDIA A10G, 0 %, 0 %, 0 MiB, 23028 MiB
2026/02/25 17:20:45.648, 0, NVIDIA A10G, 20 %, 6 %, 1775 MiB, 23028 MiB
2026/02/25 17:20:45.648, 1, NVIDIA A10G, 0 %, 0 %, 2003 MiB, 23028 MiB
2026/02/25 17:20:45.648, 2, NVIDIA A10G, 21 %, 7 %, 1725 MiB, 23028 MiB
2026/02/25 17:20:45.648, 3, NVIDIA A10G, 0 %, 0 %, 0 MiB, 23028 MiB
2026/02/25 17:20:46.649, 0, NVIDIA A10G, 19 %, 7 %, 1775 MiB, 23028 MiB
2026/02/25 17:20:46.649, 1, NVIDIA A10G, 8 %, 2 %, 2003 MiB, 23028 MiB
2026/02/25 17:20:46.649, 2, NVIDIA A10G, 21 %, 8 %, 1725 MiB, 23028 MiB
2026/02/25 17:20:46.649, 3, NVIDIA A10G, 0 %, 0 %, 0 MiB, 23028 MiB
2026/02/25 17:20:47.649, 0, NVIDIA A10G, 19 %, 6 %, 1775 MiB, 23028 MiB
2026/02/25 17:20:47.649, 1, NVIDIA A10G, 19 %, 6 %, 2003 MiB, 23028 MiB
2026/02/25 17:20:47.649, 2, NVIDIA A10G, 20 %, 6 %, 1725 MiB, 23028 MiB
2026/02/25 17:20:47.649, 3, NVIDIA A10G, 0 %, 0 %, 0 MiB, 23028 MiB
2026/02/25 17:20:48.649, 0, NVIDIA A10G, 20 %, 7 %, 1775 MiB, 23028 MiB
2026/02/25 17:20:48.649, 1, NVIDIA A10G, 17 %, 5 %, 2003 MiB, 23028 MiB
2026/02/25 17:20:48.650, 2, NVIDIA A10G, 22 %, 8 %, 1725 MiB, 23028 MiB
2026/02/25 17:20:48.650, 3, NVIDIA A10G, 0 %, 0 %, 0 MiB, 23028 MiB
2026/02/25 17:20:49.650, 0, NVIDIA A10G, 21 %, 8 %, 1775 MiB, 23028 MiB
2026/02/25 17:20:49.650, 1, NVIDIA A10G, 18 %, 6 %, 2003 MiB, 23028 MiB
2026/02/25 17:20:49.650, 2, NVIDIA A10G, 21 %, 8 %, 1725 MiB, 23028 MiB
2026/02/25 17:20:49.650, 3, NVIDIA A10G, 0 %, 0 %, 0 MiB, 23028 MiB
2026/02/25 17:20:50.650, 0, NVIDIA A10G, 22 %, 7 %, 1775 MiB, 23028 MiB
2026/02/25 17:20:50.650, 1, NVIDIA A10G, 21 %, 7 %, 2003 MiB, 23028 MiB
2026/02/25 17:20:50.650, 2, NVIDIA A10G, 0 %, 0 %, 1725 MiB, 23028 MiB
2026/02/25 17:20:50.650, 3, NVIDIA A10G, 0 %, 0 %, 0 MiB, 23028 MiB
2026/02/25 17:20:51.651, 0, NVIDIA A10G, 14 %, 5 %, 1775 MiB, 23028 MiB
2026/02/25 17:20:51.651, 1, NVIDIA A10G, 18 %, 6 %, 2003 MiB, 23028 MiB
2026/02/25 17:20:51.651, 2, NVIDIA A10G, 0 %, 0 %, 1725 MiB, 23028 MiB
2026/02/25 17:20:51.651, 3, NVIDIA A10G, 0 %, 0 %, 0 MiB, 23028 MiB
2026/02/25 17:20:52.651, 0, NVIDIA A10G, 0 %, 0 %, 1775 MiB, 23028 MiB
2026/02/25 17:20:52.651, 1, NVIDIA A10G, 22 %, 7 %, 2003 MiB, 23028 MiB
2026/02/25 17:20:52.651, 2, NVIDIA A10G, 0 %, 0 %, 1725 MiB, 23028 MiB
2026/02/25 17:20:52.651, 3, NVIDIA A10G, 0 %, 0 %, 0 MiB, 23028 MiB
2026/02/25 17:20:53.652, 0, NVIDIA A10G, 0 %, 0 %, 1775 MiB, 23028 MiB
2026/02/25 17:20:53.652, 1, NVIDIA A10G, 0 %, 0 %, 2003 MiB, 23028 MiB
2026/02/25 17:20:53.652, 2, NVIDIA A10G, 0 %, 0 %, 1725 MiB, 23028 MiB
2026/02/25 17:20:53.652, 3, NVIDIA A10G, 0 %, 0 %, 0 MiB, 23028 MiB
2026/02/25 17:20:54.652, 0, NVIDIA A10G, 0 %, 0 %, 1775 MiB, 23028 MiB
2026/02/25 17:20:54.652, 1, NVIDIA A10G, 0 %, 0 %, 2003 MiB, 23028 MiB
2026/02/25 17:20:54.652, 2, NVIDIA A10G, 0 %, 0 %, 1725 MiB, 23028 MiB
2026/02/25 17:20:54.652, 3, NVIDIA A10G, 0 %, 0 %, 0 MiB, 23028 MiB
2026/02/25 17:20:55.652, 0, NVIDIA A10G, 24 %, 8 %, 1775 MiB, 23028 MiB
2026/02/25 17:20:55.653, 1, NVIDIA A10G, 0 %, 0 %, 2003 MiB, 23028 MiB
2026/02/25 17:20:55.653, 2, NVIDIA A10G, 0 %, 0 %, 1725 MiB, 23028 MiB
2026/02/25 17:20:55.653, 3, NVIDIA A10G, 0 %, 0 %, 0 MiB, 23028 MiB
2026/02/25 17:20:56.653, 0, NVIDIA A10G, 21 %, 7 %, 1775 MiB, 23028 MiB
2026/02/25 17:20:56.653, 1, NVIDIA A10G, 0 %, 0 %, 2003 MiB, 23028 MiB
2026/02/25 17:20:56.653, 2, NVIDIA A10G, 0 %, 0 %, 1725 MiB, 23028 MiB
2026/02/25 17:20:56.653, 3, NVIDIA A10G, 0 %, 0 %, 0 MiB, 23028 MiB
2026/02/25 17:20:57.653, 0, NVIDIA A10G, 21 %, 7 %, 1775 MiB, 23028 MiB
2026/02/25 17:20:57.653, 1, NVIDIA A10G, 0 %, 0 %, 2003 MiB, 23028 MiB
2026/02/25 17:20:57.653, 2, NVIDIA A10G, 0 %, 0 %, 1725 MiB, 23028 MiB
2026/02/25 17:20:57.653, 3, NVIDIA A10G, 0 %, 0 %, 0 MiB, 23028 MiB
2026/02/25 17:20:58.653, 0, NVIDIA A10G, 19 %, 7 %, 1775 MiB, 23028 MiB
2026/02/25 17:20:58.654, 1, NVIDIA A10G, 0 %, 0 %, 2003 MiB, 23028 MiB
2026/02/25 17:20:58.654, 2, NVIDIA A10G, 0 %, 0 %, 1725 MiB, 23028 MiB
2026/02/25 17:20:58.654, 3, NVIDIA A10G, 0 %, 0 %, 0 MiB, 23028 MiB
2026/02/25 17:20:59.654, 0, NVIDIA A10G, 0 %, 0 %, 1775 MiB, 23028 MiB
2026/02/25 17:20:59.654, 1, NVIDIA A10G, 0 %, 0 %, 2003 MiB, 23028 MiB
2026/02/25 17:20:59.654, 2, NVIDIA A10G, 4 %, 1 %, 1725 MiB, 23028 MiB
2026/02/25 17:20:59.654, 3, NVIDIA A10G, 0 %, 0 %, 0 MiB, 23028 MiB
2026/02/25 17:21:00.654, 0, NVIDIA A10G, 0 %, 0 %, 1775 MiB, 23028 MiB
2026/02/25 17:21:00.654, 1, NVIDIA A10G, 0 %, 0 %, 2003 MiB, 23028 MiB
2026/02/25 17:21:00.654, 2, NVIDIA A10G, 23 %, 8 %, 1725 MiB, 23028 MiB
2026/02/25 17:21:00.654, 3, NVIDIA A10G, 0 %, 0 %, 0 MiB, 23028 MiB
2026/02/25 17:21:01.654, 0, NVIDIA A10G, 0 %, 0 %, 1775 MiB, 23028 MiB
2026/02/25 17:21:01.655, 1, NVIDIA A10G, 0 %, 0 %, 2003 MiB, 23028 MiB
2026/02/25 17:21:01.655, 2, NVIDIA A10G, 22 %, 7 %, 1725 MiB, 23028 MiB
2026/02/25 17:21:01.655, 3, NVIDIA A10G, 0 %, 0 %, 0 MiB, 23028 MiB
2026/02/25 17:21:02.655, 0, NVIDIA A10G, 0 %, 0 %, 1775 MiB, 23028 MiB
2026/02/25 17:21:02.655, 1, NVIDIA A10G, 0 %, 0 %, 2003 MiB, 23028 MiB
2026/02/25 17:21:02.655, 2, NVIDIA A10G, 21 %, 7 %, 1725 MiB, 23028 MiB
2026/02/25 17:21:02.655, 3, NVIDIA A10G, 0 %, 0 %, 0 MiB, 23028 MiB
2026/02/25 17:21:03.655, 0, NVIDIA A10G, 0 %, 0 %, 1775 MiB, 23028 MiB
2026/02/25 17:21:03.655, 1, NVIDIA A10G, 0 %, 0 %, 2003 MiB, 23028 MiB
2026/02/25 17:21:03.655, 2, NVIDIA A10G, 20 %, 7 %, 1725 MiB, 23028 MiB
2026/02/25 17:21:03.655, 3, NVIDIA A10G, 0 %, 0 %, 0 MiB, 23028 MiB
2026/02/25 17:21:04.656, 0, NVIDIA A10G, 0 %, 0 %, 1775 MiB, 23028 MiB
2026/02/25 17:21:04.656, 1, NVIDIA A10G, 100 %, 68 %, 2003 MiB, 23028 MiB
2026/02/25 17:21:04.656, 2, NVIDIA A10G, 19 %, 6 %, 1725 MiB, 23028 MiB
2026/02/25 17:21:04.656, 3, NVIDIA A10G, 0 %, 0 %, 0 MiB, 23028 MiB
2026/02/25 17:21:05.656, 0, NVIDIA A10G, 0 %, 0 %, 1775 MiB, 23028 MiB
2026/02/25 17:21:05.656, 1, NVIDIA A10G, 0 %, 0 %, 2003 MiB, 23028 MiB
2026/02/25 17:21:05.656, 2, NVIDIA A10G, 20 %, 7 %, 1725 MiB, 23028 MiB
2026/02/25 17:21:05.656, 3, NVIDIA A10G, 0 %, 0 %, 0 MiB, 23028 MiB
2026/02/25 17:21:06.656, 0, NVIDIA A10G, 0 %, 0 %, 1775 MiB, 23028 MiB
2026/02/25 17:21:06.656, 1, NVIDIA A10G, 21 %, 7 %, 2003 MiB, 23028 MiB
2026/02/25 17:21:06.657, 2, NVIDIA A10G, 22 %, 8 %, 1725 MiB, 23028 MiB
2026/02/25 17:21:06.657, 3, NVIDIA A10G, 0 %, 0 %, 0 MiB, 23028 MiB
2026/02/25 17:21:07.657, 0, NVIDIA A10G, 0 %, 0 %, 1775 MiB, 23028 MiB
2026/02/25 17:21:07.657, 1, NVIDIA A10G, 21 %, 7 %, 2003 MiB, 23028 MiB
2026/02/25 17:21:07.657, 2, NVIDIA A10G, 22 %, 8 %, 1725 MiB, 23028 MiB
2026/02/25 17:21:07.657, 3, NVIDIA A10G, 0 %, 0 %, 0 MiB, 23028 MiB
2026/02/25 17:21:08.657, 0, NVIDIA A10G, 19 %, 6 %, 1775 MiB, 23028 MiB
2026/02/25 17:21:08.657, 1, NVIDIA A10G, 18 %, 6 %, 2003 MiB, 23028 MiB
2026/02/25 17:21:08.657, 2, NVIDIA A10G, 12 %, 4 %, 1725 MiB, 23028 MiB
2026/02/25 17:21:08.657, 3, NVIDIA A10G, 0 %, 0 %, 0 MiB, 23028 MiB
2026/02/25 17:21:09.658, 0, NVIDIA A10G, 21 %, 7 %, 1775 MiB, 23028 MiB
2026/02/25 17:21:09.658, 1, NVIDIA A10G, 23 %, 8 %, 2003 MiB, 23028 MiB
2026/02/25 17:21:09.658, 2, NVIDIA A10G, 0 %, 0 %, 1725 MiB, 23028 MiB
2026/02/25 17:21:09.658, 3, NVIDIA A10G, 0 %, 0 %, 0 MiB, 23028 MiB
2026/02/25 17:21:10.658, 0, NVIDIA A10G, 20 %, 7 %, 1775 MiB, 23028 MiB
2026/02/25 17:21:10.658, 1, NVIDIA A10G, 21 %, 7 %, 2003 MiB, 23028 MiB
2026/02/25 17:21:10.658, 2, NVIDIA A10G, 0 %, 0 %, 1725 MiB, 23028 MiB
2026/02/25 17:21:10.658, 3, NVIDIA A10G, 0 %, 0 %, 0 MiB, 23028 MiB
2026/02/25 17:21:11.658, 0, NVIDIA A10G, 19 %, 6 %, 1775 MiB, 23028 MiB
2026/02/25 17:21:11.658, 1, NVIDIA A10G, 19 %, 7 %, 2003 MiB, 23028 MiB
2026/02/25 17:21:11.658, 2, NVIDIA A10G, 0 %, 0 %, 1725 MiB, 23028 MiB
2026/02/25 17:21:11.659, 3, NVIDIA A10G, 0 %, 0 %, 0 MiB, 23028 MiB
2026/02/25 17:21:12.659, 0, NVIDIA A10G, 20 %, 7 %, 1775 MiB, 23028 MiB
2026/02/25 17:21:12.659, 1, NVIDIA A10G, 20 %, 6 %, 2003 MiB, 23028 MiB
2026/02/25 17:21:12.659, 2, NVIDIA A10G, 0 %, 0 %, 1725 MiB, 23028 MiB
2026/02/25 17:21:12.659, 3, NVIDIA A10G, 0 %, 0 %, 0 MiB, 23028 MiB
2026/02/25 17:21:13.659, 0, NVIDIA A10G, 17 %, 6 %, 1775 MiB, 23028 MiB
2026/02/25 17:21:13.659, 1, NVIDIA A10G, 20 %, 7 %, 2003 MiB, 23028 MiB
2026/02/25 17:21:13.659, 2, NVIDIA A10G, 0 %, 0 %, 1725 MiB, 23028 MiB
2026/02/25 17:21:13.659, 3, NVIDIA A10G, 0 %, 0 %, 0 MiB, 23028 MiB
2026/02/25 17:21:14.659, 0, NVIDIA A10G, 20 %, 7 %, 1775 MiB, 23028 MiB
2026/02/25 17:21:14.660, 1, NVIDIA A10G, 21 %, 7 %, 2003 MiB, 23028 MiB
2026/02/25 17:21:14.660, 2, NVIDIA A10G, 0 %, 0 %, 1725 MiB, 23028 MiB
2026/02/25 17:21:14.660, 3, NVIDIA A10G, 0 %, 0 %, 0 MiB, 23028 MiB
2026/02/25 17:21:15.660, 0, NVIDIA A10G, 21 %, 7 %, 1775 MiB, 23028 MiB
2026/02/25 17:21:15.660, 1, NVIDIA A10G, 22 %, 7 %, 2003 MiB, 23028 MiB
2026/02/25 17:21:15.660, 2, NVIDIA A10G, 0 %, 0 %, 1725 MiB, 23028 MiB
2026/02/25 17:21:15.660, 3, NVIDIA A10G, 0 %, 0 %, 0 MiB, 23028 MiB
2026/02/25 17:21:16.660, 0, NVIDIA A10G, 19 %, 6 %, 1775 MiB, 23028 MiB
2026/02/25 17:21:16.660, 1, NVIDIA A10G, 23 %, 8 %, 2003 MiB, 23028 MiB
2026/02/25 17:21:16.660, 2, NVIDIA A10G, 0 %, 0 %, 1725 MiB, 23028 MiB
2026/02/25 17:21:16.660, 3, NVIDIA A10G, 0 %, 0 %, 0 MiB, 23028 MiB
2026/02/25 17:21:17.661, 0, NVIDIA A10G, 21 %, 7 %, 1775 MiB, 23028 MiB
2026/02/25 17:21:17.661, 1, NVIDIA A10G, 22 %, 8 %, 2003 MiB, 23028 MiB
2026/02/25 17:21:17.661, 2, NVIDIA A10G, 0 %, 0 %, 1725 MiB, 23028 MiB
2026/02/25 17:21:17.661, 3, NVIDIA A10G, 0 %, 0 %, 0 MiB, 23028 MiB
2026/02/25 17:21:18.661, 0, NVIDIA A10G, 0 %, 0 %, 1775 MiB, 23028 MiB
2026/02/25 17:21:18.661, 1, NVIDIA A10G, 14 %, 4 %, 2003 MiB, 23028 MiB
2026/02/25 17:21:18.661, 2, NVIDIA A10G, 0 %, 0 %, 1725 MiB, 23028 MiB
2026/02/25 17:21:18.661, 3, NVIDIA A10G, 0 %, 0 %, 0 MiB, 23028 MiB
2026/02/25 17:21:19.661, 0, NVIDIA A10G, 0 %, 0 %, 1775 MiB, 23028 MiB
2026/02/25 17:21:19.661, 1, NVIDIA A10G, 0 %, 0 %, 2003 MiB, 23028 MiB
2026/02/25 17:21:19.661, 2, NVIDIA A10G, 0 %, 0 %, 1725 MiB, 23028 MiB
2026/02/25 17:21:19.661, 3, NVIDIA A10G, 0 %, 0 %, 0 MiB, 23028 MiB
2026/02/25 17:21:20.662, 0, NVIDIA A10G, 0 %, 0 %, 1775 MiB, 23028 MiB
2026/02/25 17:21:20.662, 1, NVIDIA A10G, 0 %, 0 %, 2003 MiB, 23028 MiB
2026/02/25 17:21:20.662, 2, NVIDIA A10G, 0 %, 0 %, 1725 MiB, 23028 MiB
2026/02/25 17:21:20.662, 3, NVIDIA A10G, 0 %, 0 %, 0 MiB, 23028 MiB
2026/02/25 17:21:21.662, 0, NVIDIA A10G, 10 %, 3 %, 1777 MiB, 23028 MiB
2026/02/25 17:21:21.662, 1, NVIDIA A10G, 0 %, 0 %, 2003 MiB, 23028 MiB
2026/02/25 17:21:21.662, 2, NVIDIA A10G, 24 %, 9 %, 1725 MiB, 23028 MiB
2026/02/25 17:21:21.662, 3, NVIDIA A10G, 0 %, 0 %, 0 MiB, 23028 MiB
2026/02/25 17:21:22.662, 0, NVIDIA A10G, 22 %, 7 %, 1777 MiB, 23028 MiB
2026/02/25 17:21:22.662, 1, NVIDIA A10G, 0 %, 0 %, 2003 MiB, 23028 MiB
2026/02/25 17:21:22.662, 2, NVIDIA A10G, 21 %, 8 %, 1725 MiB, 23028 MiB
2026/02/25 17:21:22.662, 3, NVIDIA A10G, 0 %, 0 %, 0 MiB, 23028 MiB
2026/02/25 17:21:23.662, 0, NVIDIA A10G, 17 %, 6 %, 1777 MiB, 23028 MiB
2026/02/25 17:21:23.663, 1, NVIDIA A10G, 0 %, 0 %, 2003 MiB, 23028 MiB
2026/02/25 17:21:23.663, 2, NVIDIA A10G, 21 %, 7 %, 1725 MiB, 23028 MiB
2026/02/25 17:21:23.663, 3, NVIDIA A10G, 0 %, 0 %, 0 MiB, 23028 MiB
2026/02/25 17:21:24.663, 0, NVIDIA A10G, 21 %, 7 %, 1777 MiB, 23028 MiB
2026/02/25 17:21:24.663, 1, NVIDIA A10G, 0 %, 0 %, 2003 MiB, 23028 MiB
2026/02/25 17:21:24.663, 2, NVIDIA A10G, 19 %, 7 %, 1725 MiB, 23028 MiB
2026/02/25 17:21:24.663, 3, NVIDIA A10G, 0 %, 0 %, 0 MiB, 23028 MiB
2026/02/25 17:21:25.663, 0, NVIDIA A10G, 14 %, 4 %, 1777 MiB, 23028 MiB
2026/02/25 17:21:25.663, 1, NVIDIA A10G, 37 %, 24 %, 2003 MiB, 23028 MiB
2026/02/25 17:21:25.663, 2, NVIDIA A10G, 23 %, 8 %, 1725 MiB, 23028 MiB
2026/02/25 17:21:25.663, 3, NVIDIA A10G, 0 %, 0 %, 0 MiB, 23028 MiB
2026/02/25 17:21:26.664, 0, NVIDIA A10G, 0 %, 0 %, 1777 MiB, 23028 MiB
2026/02/25 17:21:26.664, 1, NVIDIA A10G, 21 %, 7 %, 2003 MiB, 23028 MiB
2026/02/25 17:21:26.664, 2, NVIDIA A10G, 19 %, 7 %, 1725 MiB, 23028 MiB
2026/02/25 17:21:26.664, 3, NVIDIA A10G, 0 %, 0 %, 0 MiB, 23028 MiB
2026/02/25 17:21:27.664, 0, NVIDIA A10G, 0 %, 0 %, 1777 MiB, 23028 MiB
2026/02/25 17:21:27.664, 1, NVIDIA A10G, 21 %, 7 %, 2003 MiB, 23028 MiB
2026/02/25 17:21:27.664, 2, NVIDIA A10G, 22 %, 8 %, 1725 MiB, 23028 MiB
2026/02/25 17:21:27.664, 3, NVIDIA A10G, 0 %, 0 %, 0 MiB, 23028 MiB
2026/02/25 17:21:28.664, 0, NVIDIA A10G, 0 %, 0 %, 1777 MiB, 23028 MiB
2026/02/25 17:21:28.664, 1, NVIDIA A10G, 21 %, 7 %, 2003 MiB, 23028 MiB
2026/02/25 17:21:28.664, 2, NVIDIA A10G, 21 %, 7 %, 1725 MiB, 23028 MiB
2026/02/25 17:21:28.665, 3, NVIDIA A10G, 0 %, 0 %, 0 MiB, 23028 MiB
2026/02/25 17:21:29.665, 0, NVIDIA A10G, 0 %, 0 %, 1777 MiB, 23028 MiB
2026/02/25 17:21:29.665, 1, NVIDIA A10G, 20 %, 7 %, 2003 MiB, 23028 MiB
2026/02/25 17:21:29.665, 2, NVIDIA A10G, 22 %, 8 %, 1725 MiB, 23028 MiB
2026/02/25 17:21:29.665, 3, NVIDIA A10G, 0 %, 0 %, 0 MiB, 23028 MiB
2026/02/25 17:21:30.665, 0, NVIDIA A10G, 0 %, 0 %, 1777 MiB, 23028 MiB
2026/02/25 17:21:30.665, 1, NVIDIA A10G, 21 %, 7 %, 2003 MiB, 23028 MiB
2026/02/25 17:21:30.665, 2, NVIDIA A10G, 20 %, 7 %, 1725 MiB, 23028 MiB
2026/02/25 17:21:30.665, 3, NVIDIA A10G, 0 %, 0 %, 0 MiB, 23028 MiB
2026/02/25 17:21:31.665, 0, NVIDIA A10G, 100 %, 62 %, 1777 MiB, 23028 MiB
2026/02/25 17:21:31.666, 1, NVIDIA A10G, 21 %, 7 %, 2003 MiB, 23028 MiB
2026/02/25 17:21:31.666, 2, NVIDIA A10G, 22 %, 8 %, 1725 MiB, 23028 MiB
2026/02/25 17:21:31.666, 3, NVIDIA A10G, 0 %, 0 %, 0 MiB, 23028 MiB
2026/02/25 17:21:32.666, 0, NVIDIA A10G, 18 %, 6 %, 1777 MiB, 23028 MiB
2026/02/25 17:21:32.666, 1, NVIDIA A10G, 22 %, 8 %, 2003 MiB, 23028 MiB
2026/02/25 17:21:32.666, 2, NVIDIA A10G, 12 %, 4 %, 1725 MiB, 23028 MiB
2026/02/25 17:21:32.666, 3, NVIDIA A10G, 0 %, 0 %, 0 MiB, 23028 MiB
2026/02/25 17:21:33.666, 0, NVIDIA A10G, 22 %, 8 %, 1777 MiB, 23028 MiB
2026/02/25 17:21:33.666, 1, NVIDIA A10G, 0 %, 0 %, 2003 MiB, 23028 MiB
2026/02/25 17:21:33.666, 2, NVIDIA A10G, 0 %, 0 %, 1725 MiB, 23028 MiB
2026/02/25 17:21:33.667, 3, NVIDIA A10G, 0 %, 0 %, 0 MiB, 23028 MiB
2026/02/25 17:21:34.667, 0, NVIDIA A10G, 20 %, 6 %, 1777 MiB, 23028 MiB
2026/02/25 17:21:34.667, 1, NVIDIA A10G, 0 %, 0 %, 2003 MiB, 23028 MiB
2026/02/25 17:21:34.667, 2, NVIDIA A10G, 0 %, 0 %, 1725 MiB, 23028 MiB
2026/02/25 17:21:34.667, 3, NVIDIA A10G, 0 %, 0 %, 0 MiB, 23028 MiB
2026/02/25 17:21:35.667, 0, NVIDIA A10G, 21 %, 6 %, 1777 MiB, 23028 MiB
2026/02/25 17:21:35.667, 1, NVIDIA A10G, 0 %, 0 %, 2003 MiB, 23028 MiB
2026/02/25 17:21:35.667, 2, NVIDIA A10G, 0 %, 0 %, 1725 MiB, 23028 MiB
2026/02/25 17:21:35.667, 3, NVIDIA A10G, 0 %, 0 %, 0 MiB, 23028 MiB
2026/02/25 17:21:36.667, 0, NVIDIA A10G, 22 %, 7 %, 1777 MiB, 23028 MiB
2026/02/25 17:21:36.667, 1, NVIDIA A10G, 0 %, 0 %, 2003 MiB, 23028 MiB
2026/02/25 17:21:36.667, 2, NVIDIA A10G, 0 %, 0 %, 1725 MiB, 23028 MiB
2026/02/25 17:21:36.667, 3, NVIDIA A10G, 0 %, 0 %, 0 MiB, 23028 MiB
2026/02/25 17:21:37.668, 0, NVIDIA A10G, 21 %, 7 %, 1777 MiB, 23028 MiB
2026/02/25 17:21:37.668, 1, NVIDIA A10G, 0 %, 0 %, 2003 MiB, 23028 MiB
2026/02/25 17:21:37.668, 2, NVIDIA A10G, 0 %, 0 %, 1725 MiB, 23028 MiB
2026/02/25 17:21:37.668, 3, NVIDIA A10G, 0 %, 0 %, 0 MiB, 23028 MiB
2026/02/25 17:21:38.668, 0, NVIDIA A10G, 22 %, 8 %, 1777 MiB, 23028 MiB
2026/02/25 17:21:38.668, 1, NVIDIA A10G, 0 %, 0 %, 2003 MiB, 23028 MiB
2026/02/25 17:21:38.668, 2, NVIDIA A10G, 0 %, 0 %, 1725 MiB, 23028 MiB
2026/02/25 17:21:38.668, 3, NVIDIA A10G, 0 %, 0 %, 0 MiB, 23028 MiB
2026/02/25 17:21:39.668, 0, NVIDIA A10G, 0 %, 0 %, 1777 MiB, 23028 MiB
2026/02/25 17:21:39.668, 1, NVIDIA A10G, 20 %, 6 %, 2003 MiB, 23028 MiB
2026/02/25 17:21:39.668, 2, NVIDIA A10G, 22 %, 8 %, 1725 MiB, 23028 MiB
2026/02/25 17:21:39.668, 3, NVIDIA A10G, 0 %, 0 %, 0 MiB, 23028 MiB
2026/02/25 17:21:40.669, 0, NVIDIA A10G, 0 %, 0 %, 1777 MiB, 23028 MiB
2026/02/25 17:21:40.669, 1, NVIDIA A10G, 20 %, 7 %, 2003 MiB, 23028 MiB
2026/02/25 17:21:40.669, 2, NVIDIA A10G, 21 %, 7 %, 1725 MiB, 23028 MiB
2026/02/25 17:21:40.669, 3, NVIDIA A10G, 0 %, 0 %, 0 MiB, 23028 MiB
2026/02/25 17:21:41.669, 0, NVIDIA A10G, 0 %, 0 %, 1777 MiB, 23028 MiB
2026/02/25 17:21:41.669, 1, NVIDIA A10G, 20 %, 7 %, 2003 MiB, 23028 MiB
2026/02/25 17:21:41.669, 2, NVIDIA A10G, 20 %, 7 %, 1725 MiB, 23028 MiB
2026/02/25 17:21:41.669, 3, NVIDIA A10G, 0 %, 0 %, 0 MiB, 23028 MiB
2026/02/25 17:21:42.669, 0, NVIDIA A10G, 0 %, 0 %, 1777 MiB, 23028 MiB
2026/02/25 17:21:42.669, 1, NVIDIA A10G, 20 %, 7 %, 2003 MiB, 23028 MiB
2026/02/25 17:21:42.669, 2, NVIDIA A10G, 19 %, 6 %, 1725 MiB, 23028 MiB
2026/02/25 17:21:42.669, 3, NVIDIA A10G, 0 %, 0 %, 0 MiB, 23028 MiB
2026/02/25 17:21:43.670, 0, NVIDIA A10G, 0 %, 0 %, 1777 MiB, 23028 MiB
2026/02/25 17:21:43.670, 1, NVIDIA A10G, 18 %, 6 %, 2003 MiB, 23028 MiB
2026/02/25 17:21:43.670, 2, NVIDIA A10G, 20 %, 7 %, 1725 MiB, 23028 MiB
2026/02/25 17:21:43.670, 3, NVIDIA A10G, 0 %, 0 %, 0 MiB, 23028 MiB
2026/02/25 17:21:44.670, 0, NVIDIA A10G, 0 %, 0 %, 1777 MiB, 23028 MiB
2026/02/25 17:21:44.670, 1, NVIDIA A10G, 15 %, 5 %, 2003 MiB, 23028 MiB
2026/02/25 17:21:44.670, 2, NVIDIA A10G, 22 %, 7 %, 1725 MiB, 23028 MiB
2026/02/25 17:21:44.670, 3, NVIDIA A10G, 0 %, 0 %, 0 MiB, 23028 MiB
2026/02/25 17:21:45.670, 0, NVIDIA A10G, 0 %, 0 %, 1777 MiB, 23028 MiB
2026/02/25 17:21:45.670, 1, NVIDIA A10G, 0 %, 0 %, 2003 MiB, 23028 MiB
2026/02/25 17:21:45.670, 2, NVIDIA A10G, 21 %, 7 %, 1725 MiB, 23028 MiB
2026/02/25 17:21:45.670, 3, NVIDIA A10G, 0 %, 0 %, 0 MiB, 23028 MiB
2026/02/25 17:21:46.671, 0, NVIDIA A10G, 0 %, 0 %, 1777 MiB, 23028 MiB
2026/02/25 17:21:46.671, 1, NVIDIA A10G, 0 %, 0 %, 2003 MiB, 23028 MiB
2026/02/25 17:21:46.671, 2, NVIDIA A10G, 0 %, 0 %, 1725 MiB, 23028 MiB
2026/02/25 17:21:46.671, 3, NVIDIA A10G, 0 %, 0 %, 0 MiB, 23028 MiB
2026/02/25 17:21:47.671, 0, NVIDIA A10G, 22 %, 7 %, 1777 MiB, 23028 MiB
2026/02/25 17:21:47.671, 1, NVIDIA A10G, 0 %, 0 %, 2003 MiB, 23028 MiB
2026/02/25 17:21:47.671, 2, NVIDIA A10G, 0 %, 0 %, 1725 MiB, 23028 MiB
2026/02/25 17:21:47.671, 3, NVIDIA A10G, 0 %, 0 %, 0 MiB, 23028 MiB
2026/02/25 17:21:48.671, 0, NVIDIA A10G, 21 %, 7 %, 1777 MiB, 23028 MiB
2026/02/25 17:21:48.671, 1, NVIDIA A10G, 0 %, 0 %, 2003 MiB, 23028 MiB
2026/02/25 17:21:48.671, 2, NVIDIA A10G, 0 %, 0 %, 1725 MiB, 23028 MiB
2026/02/25 17:21:48.671, 3, NVIDIA A10G, 0 %, 0 %, 0 MiB, 23028 MiB
2026/02/25 17:21:49.671, 0, NVIDIA A10G, 19 %, 7 %, 1777 MiB, 23028 MiB
2026/02/25 17:21:49.671, 1, NVIDIA A10G, 0 %, 0 %, 2003 MiB, 23028 MiB
2026/02/25 17:21:49.672, 2, NVIDIA A10G, 0 %, 0 %, 1725 MiB, 23028 MiB
2026/02/25 17:21:49.672, 3, NVIDIA A10G, 0 %, 0 %, 0 MiB, 23028 MiB
2026/02/25 17:21:50.672, 0, NVIDIA A10G, 23 %, 8 %, 1777 MiB, 23028 MiB
2026/02/25 17:21:50.672, 1, NVIDIA A10G, 0 %, 0 %, 2003 MiB, 23028 MiB
2026/02/25 17:21:50.672, 2, NVIDIA A10G, 0 %, 0 %, 1725 MiB, 23028 MiB
2026/02/25 17:21:50.672, 3, NVIDIA A10G, 0 %, 0 %, 0 MiB, 23028 MiB
2026/02/25 17:21:51.672, 0, NVIDIA A10G, 23 %, 8 %, 1777 MiB, 23028 MiB
2026/02/25 17:21:51.672, 1, NVIDIA A10G, 0 %, 0 %, 2003 MiB, 23028 MiB
2026/02/25 17:21:51.672, 2, NVIDIA A10G, 0 %, 0 %, 1725 MiB, 23028 MiB
2026/02/25 17:21:51.672, 3, NVIDIA A10G, 0 %, 0 %, 0 MiB, 23028 MiB
2026/02/25 17:21:52.672, 0, NVIDIA A10G, 22 %, 8 %, 1777 MiB, 23028 MiB
2026/02/25 17:21:52.672, 1, NVIDIA A10G, 0 %, 0 %, 2003 MiB, 23028 MiB
2026/02/25 17:21:52.672, 2, NVIDIA A10G, 0 %, 0 %, 1725 MiB, 23028 MiB
2026/02/25 17:21:52.672, 3, NVIDIA A10G, 0 %, 0 %, 0 MiB, 23028 MiB
2026/02/25 17:21:53.673, 0, NVIDIA A10G, 22 %, 8 %, 1777 MiB, 23028 MiB
2026/02/25 17:21:53.673, 1, NVIDIA A10G, 0 %, 0 %, 2003 MiB, 23028 MiB
2026/02/25 17:21:53.673, 2, NVIDIA A10G, 0 %, 0 %, 1725 MiB, 23028 MiB
2026/02/25 17:21:53.673, 3, NVIDIA A10G, 0 %, 0 %, 0 MiB, 23028 MiB
2026/02/25 17:21:54.673, 0, NVIDIA A10G, 13 %, 4 %, 1777 MiB, 23028 MiB
2026/02/25 17:21:54.673, 1, NVIDIA A10G, 17 %, 5 %, 2003 MiB, 23028 MiB
2026/02/25 17:21:54.673, 2, NVIDIA A10G, 15 %, 5 %, 1725 MiB, 23028 MiB
2026/02/25 17:21:54.673, 3, NVIDIA A10G, 0 %, 0 %, 0 MiB, 23028 MiB
2026/02/25 17:21:55.673, 0, NVIDIA A10G, 0 %, 0 %, 1777 MiB, 23028 MiB
2026/02/25 17:21:55.673, 1, NVIDIA A10G, 18 %, 6 %, 2003 MiB, 23028 MiB
2026/02/25 17:21:55.673, 2, NVIDIA A10G, 21 %, 8 %, 1725 MiB, 23028 MiB
2026/02/25 17:21:55.673, 3, NVIDIA A10G, 0 %, 0 %, 0 MiB, 23028 MiB
2026/02/25 17:21:56.674, 0, NVIDIA A10G, 5 %, 2 %, 1777 MiB, 23028 MiB
2026/02/25 17:21:56.674, 1, NVIDIA A10G, 23 %, 8 %, 2003 MiB, 23028 MiB
2026/02/25 17:21:56.674, 2, NVIDIA A10G, 19 %, 6 %, 1725 MiB, 23028 MiB
2026/02/25 17:21:56.674, 3, NVIDIA A10G, 0 %, 0 %, 0 MiB, 23028 MiB
2026/02/25 17:21:57.674, 0, NVIDIA A10G, 19 %, 6 %, 1777 MiB, 23028 MiB
2026/02/25 17:21:57.674, 1, NVIDIA A10G, 20 %, 6 %, 2003 MiB, 23028 MiB
2026/02/25 17:21:57.674, 2, NVIDIA A10G, 19 %, 6 %, 1725 MiB, 23028 MiB
2026/02/25 17:21:57.674, 3, NVIDIA A10G, 0 %, 0 %, 0 MiB, 23028 MiB
2026/02/25 17:21:58.674, 0, NVIDIA A10G, 7 %, 2 %, 1777 MiB, 23028 MiB
2026/02/25 17:21:58.674, 1, NVIDIA A10G, 18 %, 6 %, 2003 MiB, 23028 MiB
2026/02/25 17:21:58.675, 2, NVIDIA A10G, 19 %, 6 %, 1725 MiB, 23028 MiB
2026/02/25 17:21:58.675, 3, NVIDIA A10G, 0 %, 0 %, 0 MiB, 23028 MiB
2026/02/25 17:21:59.675, 0, NVIDIA A10G, 0 %, 0 %, 1777 MiB, 23028 MiB
2026/02/25 17:21:59.675, 1, NVIDIA A10G, 21 %, 7 %, 2003 MiB, 23028 MiB
2026/02/25 17:21:59.676, 2, NVIDIA A10G, 22 %, 8 %, 1725 MiB, 23028 MiB
2026/02/25 17:21:59.676, 3, NVIDIA A10G, 0 %, 0 %, 0 MiB, 23028 MiB
2026/02/25 17:22:00.676, 0, NVIDIA A10G, 0 %, 0 %, 1777 MiB, 23028 MiB
2026/02/25 17:22:00.677, 1, NVIDIA A10G, 21 %, 7 %, 2003 MiB, 23028 MiB
2026/02/25 17:22:00.677, 2, NVIDIA A10G, 22 %, 7 %, 1725 MiB, 23028 MiB
2026/02/25 17:22:00.677, 3, NVIDIA A10G, 0 %, 0 %, 0 MiB, 23028 MiB
2026/02/25 17:22:01.677, 0, NVIDIA A10G, 0 %, 0 %, 1777 MiB, 23028 MiB
2026/02/25 17:22:01.677, 1, NVIDIA A10G, 22 %, 8 %, 2003 MiB, 23028 MiB
2026/02/25 17:22:01.677, 2, NVIDIA A10G, 20 %, 6 %, 1725 MiB, 23028 MiB
2026/02/25 17:22:01.677, 3, NVIDIA A10G, 0 %, 0 %, 0 MiB, 23028 MiB
2026/02/25 17:22:02.677, 0, NVIDIA A10G, 0 %, 0 %, 1777 MiB, 23028 MiB
2026/02/25 17:22:02.677, 1, NVIDIA A10G, 21 %, 7 %, 2003 MiB, 23028 MiB
2026/02/25 17:22:02.677, 2, NVIDIA A10G, 18 %, 6 %, 1725 MiB, 23028 MiB
2026/02/25 17:22:02.677, 3, NVIDIA A10G, 0 %, 0 %, 0 MiB, 23028 MiB
2026/02/25 17:22:03.678, 0, NVIDIA A10G, 0 %, 0 %, 1777 MiB, 23028 MiB
2026/02/25 17:22:03.678, 1, NVIDIA A10G, 20 %, 7 %, 2003 MiB, 23028 MiB
2026/02/25 17:22:03.678, 2, NVIDIA A10G, 18 %, 6 %, 1725 MiB, 23028 MiB
2026/02/25 17:22:03.678, 3, NVIDIA A10G, 0 %, 0 %, 0 MiB, 23028 MiB
2026/02/25 17:22:04.678, 0, NVIDIA A10G, 0 %, 0 %, 1777 MiB, 23028 MiB
2026/02/25 17:22:04.678, 1, NVIDIA A10G, 13 %, 4 %, 2003 MiB, 23028 MiB
2026/02/25 17:22:04.678, 2, NVIDIA A10G, 13 %, 4 %, 1725 MiB, 23028 MiB
2026/02/25 17:22:04.678, 3, NVIDIA A10G, 0 %, 0 %, 0 MiB, 23028 MiB
2026/02/25 17:22:05.678, 0, NVIDIA A10G, 0 %, 0 %, 1777 MiB, 23028 MiB
2026/02/25 17:22:05.678, 1, NVIDIA A10G, 0 %, 0 %, 2003 MiB, 23028 MiB
2026/02/25 17:22:05.678, 2, NVIDIA A10G, 0 %, 0 %, 1725 MiB, 23028 MiB
2026/02/25 17:22:05.679, 3, NVIDIA A10G, 0 %, 0 %, 0 MiB, 23028 MiB
2026/02/25 17:22:06.679, 0, NVIDIA A10G, 0 %, 0 %, 1777 MiB, 23028 MiB
2026/02/25 17:22:06.679, 1, NVIDIA A10G, 0 %, 0 %, 2003 MiB, 23028 MiB
2026/02/25 17:22:06.679, 2, NVIDIA A10G, 0 %, 0 %, 1725 MiB, 23028 MiB
2026/02/25 17:22:06.679, 3, NVIDIA A10G, 0 %, 0 %, 0 MiB, 23028 MiB
2026/02/25 17:22:07.679, 0, NVIDIA A10G, 0 %, 0 %, 1777 MiB, 23028 MiB
2026/02/25 17:22:07.679, 1, NVIDIA A10G, 0 %, 0 %, 2003 MiB, 23028 MiB
2026/02/25 17:22:07.679, 2, NVIDIA A10G, 0 %, 0 %, 1725 MiB, 23028 MiB
2026/02/25 17:22:07.679, 3, NVIDIA A10G, 0 %, 0 %, 0 MiB, 23028 MiB
2026/02/25 17:22:08.679, 0, NVIDIA A10G, 20 %, 7 %, 1777 MiB, 23028 MiB
2026/02/25 17:22:08.679, 1, NVIDIA A10G, 0 %, 0 %, 2003 MiB, 23028 MiB
2026/02/25 17:22:08.679, 2, NVIDIA A10G, 0 %, 0 %, 1725 MiB, 23028 MiB
2026/02/25 17:22:08.679, 3, NVIDIA A10G, 0 %, 0 %, 0 MiB, 23028 MiB
2026/02/25 17:22:09.680, 0, NVIDIA A10G, 22 %, 7 %, 1777 MiB, 23028 MiB
2026/02/25 17:22:09.680, 1, NVIDIA A10G, 0 %, 0 %, 2003 MiB, 23028 MiB
2026/02/25 17:22:09.680, 2, NVIDIA A10G, 0 %, 0 %, 1725 MiB, 23028 MiB
2026/02/25 17:22:09.680, 3, NVIDIA A10G, 0 %, 0 %, 0 MiB, 23028 MiB
2026/02/25 17:22:10.680, 0, NVIDIA A10G, 21 %, 7 %, 1777 MiB, 23028 MiB
2026/02/25 17:22:10.680, 1, NVIDIA A10G, 0 %, 0 %, 2003 MiB, 23028 MiB
2026/02/25 17:22:10.680, 2, NVIDIA A10G, 0 %, 0 %, 1725 MiB, 23028 MiB
2026/02/25 17:22:10.680, 3, NVIDIA A10G, 0 %, 0 %, 0 MiB, 23028 MiB
2026/02/25 17:22:11.680, 0, NVIDIA A10G, 21 %, 6 %, 1777 MiB, 23028 MiB
2026/02/25 17:22:11.680, 1, NVIDIA A10G, 0 %, 0 %, 2003 MiB, 23028 MiB
2026/02/25 17:22:11.681, 2, NVIDIA A10G, 0 %, 0 %, 1725 MiB, 23028 MiB
2026/02/25 17:22:11.681, 3, NVIDIA A10G, 0 %, 0 %, 0 MiB, 23028 MiB
2026/02/25 17:22:12.681, 0, NVIDIA A10G, 22 %, 7 %, 1777 MiB, 23028 MiB
2026/02/25 17:22:12.681, 1, NVIDIA A10G, 0 %, 0 %, 2003 MiB, 23028 MiB
2026/02/25 17:22:12.681, 2, NVIDIA A10G, 0 %, 0 %, 1725 MiB, 23028 MiB
2026/02/25 17:22:12.681, 3, NVIDIA A10G, 0 %, 0 %, 0 MiB, 23028 MiB
2026/02/25 17:22:13.681, 0, NVIDIA A10G, 20 %, 6 %, 1777 MiB, 23028 MiB
2026/02/25 17:22:13.681, 1, NVIDIA A10G, 0 %, 0 %, 2003 MiB, 23028 MiB
2026/02/25 17:22:13.681, 2, NVIDIA A10G, 0 %, 0 %, 1725 MiB, 23028 MiB
2026/02/25 17:22:13.681, 3, NVIDIA A10G, 0 %, 0 %, 0 MiB, 23028 MiB
2026/02/25 17:22:14.681, 0, NVIDIA A10G, 19 %, 6 %, 1777 MiB, 23028 MiB
2026/02/25 17:22:14.682, 1, NVIDIA A10G, 6 %, 3 %, 2003 MiB, 23028 MiB
2026/02/25 17:22:14.682, 2, NVIDIA A10G, 0 %, 0 %, 1725 MiB, 23028 MiB
2026/02/25 17:22:14.682, 3, NVIDIA A10G, 0 %, 0 %, 0 MiB, 23028 MiB
2026/02/25 17:22:15.682, 0, NVIDIA A10G, 15 %, 4 %, 1777 MiB, 23028 MiB
2026/02/25 17:22:15.682, 1, NVIDIA A10G, 19 %, 6 %, 2003 MiB, 23028 MiB
2026/02/25 17:22:15.682, 2, NVIDIA A10G, 0 %, 0 %, 1725 MiB, 23028 MiB
2026/02/25 17:22:15.682, 3, NVIDIA A10G, 0 %, 0 %, 0 MiB, 23028 MiB
2026/02/25 17:22:16.682, 0, NVIDIA A10G, 15 %, 5 %, 1777 MiB, 23028 MiB
2026/02/25 17:22:16.682, 1, NVIDIA A10G, 19 %, 6 %, 2003 MiB, 23028 MiB
2026/02/25 17:22:16.682, 2, NVIDIA A10G, 0 %, 0 %, 1725 MiB, 23028 MiB
2026/02/25 17:22:16.682, 3, NVIDIA A10G, 0 %, 0 %, 0 MiB, 23028 MiB
2026/02/25 17:22:17.682, 0, NVIDIA A10G, 19 %, 6 %, 1777 MiB, 23028 MiB
2026/02/25 17:22:17.683, 1, NVIDIA A10G, 17 %, 6 %, 2003 MiB, 23028 MiB
2026/02/25 17:22:17.683, 2, NVIDIA A10G, 0 %, 0 %, 1725 MiB, 23028 MiB
2026/02/25 17:22:17.683, 3, NVIDIA A10G, 0 %, 0 %, 0 MiB, 23028 MiB
2026/02/25 17:22:18.683, 0, NVIDIA A10G, 22 %, 7 %, 1777 MiB, 23028 MiB
2026/02/25 17:22:18.683, 1, NVIDIA A10G, 19 %, 6 %, 2003 MiB, 23028 MiB
2026/02/25 17:22:18.683, 2, NVIDIA A10G, 23 %, 8 %, 1725 MiB, 23028 MiB
2026/02/25 17:22:18.683, 3, NVIDIA A10G, 0 %, 0 %, 0 MiB, 23028 MiB
2026/02/25 17:22:19.683, 0, NVIDIA A10G, 18 %, 6 %, 1777 MiB, 23028 MiB
2026/02/25 17:22:19.683, 1, NVIDIA A10G, 18 %, 6 %, 2003 MiB, 23028 MiB
2026/02/25 17:22:19.683, 2, NVIDIA A10G, 18 %, 6 %, 1725 MiB, 23028 MiB
2026/02/25 17:22:19.683, 3, NVIDIA A10G, 0 %, 0 %, 0 MiB, 23028 MiB
2026/02/25 17:22:20.684, 0, NVIDIA A10G, 13 %, 4 %, 1777 MiB, 23028 MiB
2026/02/25 17:22:20.684, 1, NVIDIA A10G, 20 %, 6 %, 2003 MiB, 23028 MiB
2026/02/25 17:22:20.684, 2, NVIDIA A10G, 20 %, 7 %, 1725 MiB, 23028 MiB
2026/02/25 17:22:20.684, 3, NVIDIA A10G, 0 %, 0 %, 0 MiB, 23028 MiB
2026/02/25 17:22:21.684, 0, NVIDIA A10G, 0 %, 0 %, 1777 MiB, 23028 MiB
2026/02/25 17:22:21.684, 1, NVIDIA A10G, 23 %, 8 %, 2003 MiB, 23028 MiB
2026/02/25 17:22:21.684, 2, NVIDIA A10G, 20 %, 6 %, 1725 MiB, 23028 MiB
2026/02/25 17:22:21.684, 3, NVIDIA A10G, 0 %, 0 %, 0 MiB, 23028 MiB
2026/02/25 17:22:22.685, 0, NVIDIA A10G, 0 %, 0 %, 1777 MiB, 23028 MiB
2026/02/25 17:22:22.685, 1, NVIDIA A10G, 20 %, 6 %, 2003 MiB, 23028 MiB
2026/02/25 17:22:22.685, 2, NVIDIA A10G, 15 %, 5 %, 1725 MiB, 23028 MiB
2026/02/25 17:22:22.685, 3, NVIDIA A10G, 0 %, 0 %, 0 MiB, 23028 MiB
2026/02/25 17:22:23.685, 0, NVIDIA A10G, 0 %, 0 %, 1777 MiB, 23028 MiB
2026/02/25 17:22:23.685, 1, NVIDIA A10G, 18 %, 6 %, 2003 MiB, 23028 MiB
2026/02/25 17:22:23.685, 2, NVIDIA A10G, 22 %, 8 %, 1725 MiB, 23028 MiB
2026/02/25 17:22:23.685, 3, NVIDIA A10G, 0 %, 0 %, 0 MiB, 23028 MiB
2026/02/25 17:22:24.686, 0, NVIDIA A10G, 0 %, 0 %, 1777 MiB, 23028 MiB
2026/02/25 17:22:24.686, 1, NVIDIA A10G, 21 %, 8 %, 2003 MiB, 23028 MiB
2026/02/25 17:22:24.686, 2, NVIDIA A10G, 21 %, 8 %, 1725 MiB, 23028 MiB
2026/02/25 17:22:24.686, 3, NVIDIA A10G, 0 %, 0 %, 0 MiB, 23028 MiB
2026/02/25 17:22:25.686, 0, NVIDIA A10G, 0 %, 0 %, 1777 MiB, 23028 MiB
2026/02/25 17:22:25.686, 1, NVIDIA A10G, 18 %, 6 %, 2003 MiB, 23028 MiB
2026/02/25 17:22:25.686, 2, NVIDIA A10G, 20 %, 7 %, 1725 MiB, 23028 MiB
2026/02/25 17:22:25.686, 3, NVIDIA A10G, 0 %, 0 %, 0 MiB, 23028 MiB
2026/02/25 17:22:26.687, 0, NVIDIA A10G, 0 %, 0 %, 1777 MiB, 23028 MiB
2026/02/25 17:22:26.687, 1, NVIDIA A10G, 13 %, 4 %, 2003 MiB, 23028 MiB
2026/02/25 17:22:26.687, 2, NVIDIA A10G, 22 %, 7 %, 1725 MiB, 23028 MiB
2026/02/25 17:22:26.687, 3, NVIDIA A10G, 0 %, 0 %, 0 MiB, 23028 MiB
2026/02/25 17:22:27.687, 0, NVIDIA A10G, 22 %, 8 %, 1777 MiB, 23028 MiB
2026/02/25 17:22:27.687, 1, NVIDIA A10G, 0 %, 0 %, 2003 MiB, 23028 MiB
2026/02/25 17:22:27.687, 2, NVIDIA A10G, 21 %, 7 %, 1725 MiB, 23028 MiB
2026/02/25 17:22:27.687, 3, NVIDIA A10G, 0 %, 0 %, 0 MiB, 23028 MiB
2026/02/25 17:22:28.687, 0, NVIDIA A10G, 18 %, 6 %, 1777 MiB, 23028 MiB
2026/02/25 17:22:28.687, 1, NVIDIA A10G, 0 %, 0 %, 2003 MiB, 23028 MiB
2026/02/25 17:22:28.688, 2, NVIDIA A10G, 20 %, 7 %, 1725 MiB, 23028 MiB
2026/02/25 17:22:28.688, 3, NVIDIA A10G, 0 %, 0 %, 0 MiB, 23028 MiB
2026/02/25 17:22:29.688, 0, NVIDIA A10G, 22 %, 8 %, 1777 MiB, 23028 MiB
2026/02/25 17:22:29.688, 1, NVIDIA A10G, 0 %, 0 %, 2003 MiB, 23028 MiB
2026/02/25 17:22:29.688, 2, NVIDIA A10G, 21 %, 8 %, 1725 MiB, 23028 MiB
2026/02/25 17:22:29.688, 3, NVIDIA A10G, 0 %, 0 %, 0 MiB, 23028 MiB
2026/02/25 17:22:30.688, 0, NVIDIA A10G, 20 %, 7 %, 1777 MiB, 23028 MiB
2026/02/25 17:22:30.688, 1, NVIDIA A10G, 0 %, 0 %, 2003 MiB, 23028 MiB
2026/02/25 17:22:30.688, 2, NVIDIA A10G, 23 %, 8 %, 1725 MiB, 23028 MiB
2026/02/25 17:22:30.688, 3, NVIDIA A10G, 0 %, 0 %, 0 MiB, 23028 MiB
2026/02/25 17:22:31.689, 0, NVIDIA A10G, 22 %, 8 %, 1777 MiB, 23028 MiB
2026/02/25 17:22:31.689, 1, NVIDIA A10G, 0 %, 0 %, 2003 MiB, 23028 MiB
2026/02/25 17:22:31.689, 2, NVIDIA A10G, 19 %, 6 %, 1725 MiB, 23028 MiB
2026/02/25 17:22:31.689, 3, NVIDIA A10G, 0 %, 0 %, 0 MiB, 23028 MiB
2026/02/25 17:22:32.689, 0, NVIDIA A10G, 23 %, 8 %, 1777 MiB, 23028 MiB
2026/02/25 17:22:32.689, 1, NVIDIA A10G, 0 %, 0 %, 2003 MiB, 23028 MiB
2026/02/25 17:22:32.689, 2, NVIDIA A10G, 20 %, 7 %, 1725 MiB, 23028 MiB
2026/02/25 17:22:32.689, 3, NVIDIA A10G, 0 %, 0 %, 0 MiB, 23028 MiB
2026/02/25 17:22:33.689, 0, NVIDIA A10G, 21 %, 7 %, 1777 MiB, 23028 MiB
2026/02/25 17:22:33.690, 1, NVIDIA A10G, 19 %, 6 %, 2003 MiB, 23028 MiB
2026/02/25 17:22:33.690, 2, NVIDIA A10G, 20 %, 7 %, 1725 MiB, 23028 MiB
2026/02/25 17:22:33.690, 3, NVIDIA A10G, 0 %, 0 %, 0 MiB, 23028 MiB
2026/02/25 17:22:34.690, 0, NVIDIA A10G, 21 %, 7 %, 1777 MiB, 23028 MiB
2026/02/25 17:22:34.690, 1, NVIDIA A10G, 19 %, 6 %, 2003 MiB, 23028 MiB
2026/02/25 17:22:34.690, 2, NVIDIA A10G, 12 %, 4 %, 1725 MiB, 23028 MiB
2026/02/25 17:22:34.690, 3, NVIDIA A10G, 0 %, 0 %, 0 MiB, 23028 MiB
2026/02/25 17:22:35.690, 0, NVIDIA A10G, 0 %, 0 %, 1777 MiB, 23028 MiB
2026/02/25 17:22:35.690, 1, NVIDIA A10G, 18 %, 6 %, 2003 MiB, 23028 MiB
2026/02/25 17:22:35.690, 2, NVIDIA A10G, 0 %, 0 %, 1725 MiB, 23028 MiB
2026/02/25 17:22:35.690, 3, NVIDIA A10G, 0 %, 0 %, 0 MiB, 23028 MiB
2026/02/25 17:22:36.691, 0, NVIDIA A10G, 0 %, 0 %, 1777 MiB, 23028 MiB
2026/02/25 17:22:36.691, 1, NVIDIA A10G, 20 %, 6 %, 2003 MiB, 23028 MiB
2026/02/25 17:22:36.691, 2, NVIDIA A10G, 0 %, 0 %, 1725 MiB, 23028 MiB
2026/02/25 17:22:36.691, 3, NVIDIA A10G, 0 %, 0 %, 0 MiB, 23028 MiB
2026/02/25 17:22:37.691, 0, NVIDIA A10G, 0 %, 0 %, 1777 MiB, 23028 MiB
2026/02/25 17:22:37.691, 1, NVIDIA A10G, 18 %, 6 %, 2003 MiB, 23028 MiB
2026/02/25 17:22:37.691, 2, NVIDIA A10G, 0 %, 0 %, 1725 MiB, 23028 MiB
2026/02/25 17:22:37.691, 3, NVIDIA A10G, 0 %, 0 %, 0 MiB, 23028 MiB
2026/02/25 17:22:38.691, 0, NVIDIA A10G, 0 %, 0 %, 1777 MiB, 23028 MiB
2026/02/25 17:22:38.691, 1, NVIDIA A10G, 22 %, 7 %, 2003 MiB, 23028 MiB
2026/02/25 17:22:38.691, 2, NVIDIA A10G, 0 %, 0 %, 1725 MiB, 23028 MiB
2026/02/25 17:22:38.691, 3, NVIDIA A10G, 0 %, 0 %, 0 MiB, 23028 MiB
2026/02/25 17:22:39.692, 0, NVIDIA A10G, 0 %, 0 %, 1777 MiB, 23028 MiB
2026/02/25 17:22:39.692, 1, NVIDIA A10G, 22 %, 7 %, 2003 MiB, 23028 MiB
2026/02/25 17:22:39.692, 2, NVIDIA A10G, 0 %, 0 %, 1725 MiB, 23028 MiB
2026/02/25 17:22:39.692, 3, NVIDIA A10G, 0 %, 0 %, 0 MiB, 23028 MiB
2026/02/25 17:22:40.692, 0, NVIDIA A10G, 0 %, 0 %, 1777 MiB, 23028 MiB
2026/02/25 17:22:40.692, 1, NVIDIA A10G, 0 %, 0 %, 2003 MiB, 23028 MiB
2026/02/25 17:22:40.692, 2, NVIDIA A10G, 0 %, 0 %, 1725 MiB, 23028 MiB
2026/02/25 17:22:40.692, 3, NVIDIA A10G, 0 %, 0 %, 0 MiB, 23028 MiB
2026/02/25 17:22:41.692, 0, NVIDIA A10G, 25 %, 9 %, 1777 MiB, 23028 MiB
2026/02/25 17:22:41.692, 1, NVIDIA A10G, 0 %, 0 %, 2003 MiB, 23028 MiB
2026/02/25 17:22:41.692, 2, NVIDIA A10G, 0 %, 0 %, 1725 MiB, 23028 MiB
2026/02/25 17:22:41.692, 3, NVIDIA A10G, 0 %, 0 %, 0 MiB, 23028 MiB
2026/02/25 17:22:42.693, 0, NVIDIA A10G, 23 %, 8 %, 1777 MiB, 23028 MiB
2026/02/25 17:22:42.693, 1, NVIDIA A10G, 0 %, 0 %, 2003 MiB, 23028 MiB
2026/02/25 17:22:42.693, 2, NVIDIA A10G, 73 %, 49 %, 1725 MiB, 23028 MiB
2026/02/25 17:22:42.693, 3, NVIDIA A10G, 0 %, 0 %, 0 MiB, 23028 MiB
2026/02/25 17:22:43.693, 0, NVIDIA A10G, 20 %, 7 %, 1777 MiB, 23028 MiB
2026/02/25 17:22:43.693, 1, NVIDIA A10G, 0 %, 0 %, 2003 MiB, 23028 MiB
2026/02/25 17:22:43.693, 2, NVIDIA A10G, 22 %, 7 %, 1725 MiB, 23028 MiB
2026/02/25 17:22:43.693, 3, NVIDIA A10G, 0 %, 0 %, 0 MiB, 23028 MiB
2026/02/25 17:22:44.693, 0, NVIDIA A10G, 20 %, 7 %, 1777 MiB, 23028 MiB
2026/02/25 17:22:44.693, 1, NVIDIA A10G, 0 %, 0 %, 2003 MiB, 23028 MiB
2026/02/25 17:22:44.694, 2, NVIDIA A10G, 20 %, 7 %, 1725 MiB, 23028 MiB
2026/02/25 17:22:44.694, 3, NVIDIA A10G, 0 %, 0 %, 0 MiB, 23028 MiB
2026/02/25 17:22:45.694, 0, NVIDIA A10G, 21 %, 7 %, 1777 MiB, 23028 MiB
2026/02/25 17:22:45.694, 1, NVIDIA A10G, 0 %, 0 %, 2003 MiB, 23028 MiB
2026/02/25 17:22:45.694, 2, NVIDIA A10G, 20 %, 7 %, 1725 MiB, 23028 MiB
2026/02/25 17:22:45.694, 3, NVIDIA A10G, 0 %, 0 %, 0 MiB, 23028 MiB
2026/02/25 17:22:46.694, 0, NVIDIA A10G, 20 %, 6 %, 1777 MiB, 23028 MiB
2026/02/25 17:22:46.694, 1, NVIDIA A10G, 0 %, 0 %, 2003 MiB, 23028 MiB
2026/02/25 17:22:46.694, 2, NVIDIA A10G, 22 %, 8 %, 1725 MiB, 23028 MiB
2026/02/25 17:22:46.694, 3, NVIDIA A10G, 0 %, 0 %, 0 MiB, 23028 MiB
2026/02/25 17:22:47.694, 0, NVIDIA A10G, 0 %, 0 %, 1777 MiB, 23028 MiB
2026/02/25 17:22:47.694, 1, NVIDIA A10G, 0 %, 0 %, 2003 MiB, 23028 MiB
2026/02/25 17:22:47.695, 2, NVIDIA A10G, 20 %, 7 %, 1725 MiB, 23028 MiB
2026/02/25 17:22:47.695, 3, NVIDIA A10G, 0 %, 0 %, 0 MiB, 23028 MiB
2026/02/25 17:22:48.695, 0, NVIDIA A10G, 0 %, 0 %, 1777 MiB, 23028 MiB
2026/02/25 17:22:48.695, 1, NVIDIA A10G, 22 %, 8 %, 2003 MiB, 23028 MiB
2026/02/25 17:22:48.695, 2, NVIDIA A10G, 21 %, 7 %, 1725 MiB, 23028 MiB
2026/02/25 17:22:48.695, 3, NVIDIA A10G, 0 %, 0 %, 0 MiB, 23028 MiB
2026/02/25 17:22:49.695, 0, NVIDIA A10G, 0 %, 0 %, 1777 MiB, 23028 MiB
2026/02/25 17:22:49.695, 1, NVIDIA A10G, 19 %, 6 %, 2003 MiB, 23028 MiB
2026/02/25 17:22:49.695, 2, NVIDIA A10G, 22 %, 8 %, 1725 MiB, 23028 MiB
2026/02/25 17:22:49.695, 3, NVIDIA A10G, 0 %, 0 %, 0 MiB, 23028 MiB
2026/02/25 17:22:50.695, 0, NVIDIA A10G, 0 %, 0 %, 1777 MiB, 23028 MiB
2026/02/25 17:22:50.696, 1, NVIDIA A10G, 20 %, 7 %, 2003 MiB, 23028 MiB
2026/02/25 17:22:50.696, 2, NVIDIA A10G, 22 %, 8 %, 1725 MiB, 23028 MiB
2026/02/25 17:22:50.696, 3, NVIDIA A10G, 0 %, 0 %, 0 MiB, 23028 MiB
2026/02/25 17:22:51.696, 0, NVIDIA A10G, 0 %, 0 %, 1777 MiB, 23028 MiB
2026/02/25 17:22:51.696, 1, NVIDIA A10G, 23 %, 9 %, 2003 MiB, 23028 MiB
2026/02/25 17:22:51.696, 2, NVIDIA A10G, 0 %, 0 %, 1725 MiB, 23028 MiB
2026/02/25 17:22:51.696, 3, NVIDIA A10G, 0 %, 0 %, 0 MiB, 23028 MiB
2026/02/25 17:22:52.696, 0, NVIDIA A10G, 0 %, 0 %, 1777 MiB, 23028 MiB
2026/02/25 17:22:52.696, 1, NVIDIA A10G, 22 %, 8 %, 2003 MiB, 23028 MiB
2026/02/25 17:22:52.696, 2, NVIDIA A10G, 0 %, 0 %, 1725 MiB, 23028 MiB
2026/02/25 17:22:52.696, 3, NVIDIA A10G, 0 %, 0 %, 0 MiB, 23028 MiB
2026/02/25 17:22:53.697, 0, NVIDIA A10G, 0 %, 0 %, 1777 MiB, 23028 MiB
2026/02/25 17:22:53.697, 1, NVIDIA A10G, 23 %, 8 %, 2003 MiB, 23028 MiB
2026/02/25 17:22:53.697, 2, NVIDIA A10G, 0 %, 0 %, 1725 MiB, 23028 MiB
2026/02/25 17:22:53.697, 3, NVIDIA A10G, 0 %, 0 %, 0 MiB, 23028 MiB
2026/02/25 17:22:54.697, 0, NVIDIA A10G, 0 %, 0 %, 1777 MiB, 23028 MiB
2026/02/25 17:22:54.697, 1, NVIDIA A10G, 23 %, 8 %, 2003 MiB, 23028 MiB
2026/02/25 17:22:54.697, 2, NVIDIA A10G, 0 %, 0 %, 1725 MiB, 23028 MiB
2026/02/25 17:22:54.697, 3, NVIDIA A10G, 0 %, 0 %, 0 MiB, 23028 MiB
2026/02/25 17:22:55.697, 0, NVIDIA A10G, 0 %, 0 %, 1777 MiB, 23028 MiB
2026/02/25 17:22:55.697, 1, NVIDIA A10G, 15 %, 5 %, 2003 MiB, 23028 MiB
2026/02/25 17:22:55.697, 2, NVIDIA A10G, 0 %, 0 %, 1725 MiB, 23028 MiB
2026/02/25 17:22:55.698, 3, NVIDIA A10G, 0 %, 0 %, 0 MiB, 23028 MiB
2026/02/25 17:22:56.698, 0, NVIDIA A10G, 0 %, 0 %, 1777 MiB, 23028 MiB
2026/02/25 17:22:56.698, 1, NVIDIA A10G, 0 %, 0 %, 2003 MiB, 23028 MiB
2026/02/25 17:22:56.698, 2, NVIDIA A10G, 0 %, 0 %, 1725 MiB, 23028 MiB
2026/02/25 17:22:56.698, 3, NVIDIA A10G, 0 %, 0 %, 0 MiB, 23028 MiB
2026/02/25 17:22:57.698, 0, NVIDIA A10G, 0 %, 0 %, 1777 MiB, 23028 MiB
2026/02/25 17:22:57.698, 1, NVIDIA A10G, 0 %, 0 %, 2003 MiB, 23028 MiB
2026/02/25 17:22:57.698, 2, NVIDIA A10G, 0 %, 0 %, 1725 MiB, 23028 MiB
2026/02/25 17:22:57.698, 3, NVIDIA A10G, 0 %, 0 %, 0 MiB, 23028 MiB
2026/02/25 17:22:58.699, 0, NVIDIA A10G, 24 %, 9 %, 1777 MiB, 23028 MiB
2026/02/25 17:22:58.699, 1, NVIDIA A10G, 0 %, 0 %, 2003 MiB, 23028 MiB
2026/02/25 17:22:58.699, 2, NVIDIA A10G, 0 %, 0 %, 1725 MiB, 23028 MiB
2026/02/25 17:22:58.699, 3, NVIDIA A10G, 0 %, 0 %, 0 MiB, 23028 MiB
2026/02/25 17:22:59.699, 0, NVIDIA A10G, 21 %, 8 %, 1777 MiB, 23028 MiB
2026/02/25 17:22:59.700, 1, NVIDIA A10G, 0 %, 0 %, 2003 MiB, 23028 MiB
2026/02/25 17:22:59.700, 2, NVIDIA A10G, 79 %, 53 %, 1725 MiB, 23028 MiB
2026/02/25 17:22:59.700, 3, NVIDIA A10G, 0 %, 0 %, 0 MiB, 23028 MiB
2026/02/25 17:23:00.701, 0, NVIDIA A10G, 23 %, 8 %, 1777 MiB, 23028 MiB
2026/02/25 17:23:00.701, 1, NVIDIA A10G, 0 %, 0 %, 2003 MiB, 23028 MiB
2026/02/25 17:23:00.701, 2, NVIDIA A10G, 16 %, 6 %, 1725 MiB, 23028 MiB
2026/02/25 17:23:00.701, 3, NVIDIA A10G, 0 %, 0 %, 0 MiB, 23028 MiB
2026/02/25 17:23:01.701, 0, NVIDIA A10G, 20 %, 7 %, 1777 MiB, 23028 MiB
2026/02/25 17:23:01.701, 1, NVIDIA A10G, 0 %, 0 %, 2003 MiB, 23028 MiB
2026/02/25 17:23:01.701, 2, NVIDIA A10G, 20 %, 7 %, 1725 MiB, 23028 MiB
2026/02/25 17:23:01.701, 3, NVIDIA A10G, 0 %, 0 %, 0 MiB, 23028 MiB
2026/02/25 17:23:02.702, 0, NVIDIA A10G, 20 %, 8 %, 1777 MiB, 23028 MiB
2026/02/25 17:23:02.702, 1, NVIDIA A10G, 17 %, 5 %, 2003 MiB, 23028 MiB
2026/02/25 17:23:02.702, 2, NVIDIA A10G, 21 %, 7 %, 1725 MiB, 23028 MiB
2026/02/25 17:23:02.702, 3, NVIDIA A10G, 0 %, 0 %, 0 MiB, 23028 MiB
2026/02/25 17:23:03.702, 0, NVIDIA A10G, 22 %, 8 %, 1777 MiB, 23028 MiB
2026/02/25 17:23:03.702, 1, NVIDIA A10G, 18 %, 6 %, 2003 MiB, 23028 MiB
2026/02/25 17:23:03.702, 2, NVIDIA A10G, 17 %, 5 %, 1725 MiB, 23028 MiB
2026/02/25 17:23:03.702, 3, NVIDIA A10G, 0 %, 0 %, 0 MiB, 23028 MiB
2026/02/25 17:23:04.703, 0, NVIDIA A10G, 20 %, 7 %, 1777 MiB, 23028 MiB
2026/02/25 17:23:04.703, 1, NVIDIA A10G, 20 %, 7 %, 2003 MiB, 23028 MiB
2026/02/25 17:23:04.703, 2, NVIDIA A10G, 20 %, 7 %, 1725 MiB, 23028 MiB
2026/02/25 17:23:04.703, 3, NVIDIA A10G, 0 %, 0 %, 0 MiB, 23028 MiB
2026/02/25 17:23:05.703, 0, NVIDIA A10G, 23 %, 8 %, 1777 MiB, 23028 MiB
2026/02/25 17:23:05.703, 1, NVIDIA A10G, 17 %, 5 %, 2003 MiB, 23028 MiB
2026/02/25 17:23:05.703, 2, NVIDIA A10G, 21 %, 7 %, 1725 MiB, 23028 MiB
2026/02/25 17:23:05.703, 3, NVIDIA A10G, 0 %, 0 %, 0 MiB, 23028 MiB
2026/02/25 17:23:06.703, 0, NVIDIA A10G, 22 %, 8 %, 1777 MiB, 23028 MiB
2026/02/25 17:23:06.704, 1, NVIDIA A10G, 21 %, 7 %, 2003 MiB, 23028 MiB
2026/02/25 17:23:06.704, 2, NVIDIA A10G, 17 %, 5 %, 1725 MiB, 23028 MiB
2026/02/25 17:23:06.704, 3, NVIDIA A10G, 0 %, 0 %, 0 MiB, 23028 MiB
2026/02/25 17:23:07.704, 0, NVIDIA A10G, 0 %, 0 %, 1777 MiB, 23028 MiB
2026/02/25 17:23:07.704, 1, NVIDIA A10G, 17 %, 6 %, 2003 MiB, 23028 MiB
2026/02/25 17:23:07.704, 2, NVIDIA A10G, 19 %, 6 %, 1725 MiB, 23028 MiB
2026/02/25 17:23:07.704, 3, NVIDIA A10G, 0 %, 0 %, 0 MiB, 23028 MiB
2026/02/25 17:23:08.704, 0, NVIDIA A10G, 0 %, 0 %, 1777 MiB, 23028 MiB
2026/02/25 17:23:08.704, 1, NVIDIA A10G, 20 %, 7 %, 2003 MiB, 23028 MiB
2026/02/25 17:23:08.704, 2, NVIDIA A10G, 22 %, 7 %, 1725 MiB, 23028 MiB
2026/02/25 17:23:08.704, 3, NVIDIA A10G, 0 %, 0 %, 0 MiB, 23028 MiB
2026/02/25 17:23:09.705, 0, NVIDIA A10G, 0 %, 0 %, 2161 MiB, 23028 MiB
2026/02/25 17:23:09.705, 1, NVIDIA A10G, 21 %, 7 %, 2003 MiB, 23028 MiB
2026/02/25 17:23:09.705, 2, NVIDIA A10G, 22 %, 8 %, 1725 MiB, 23028 MiB
2026/02/25 17:23:09.705, 3, NVIDIA A10G, 0 %, 0 %, 0 MiB, 23028 MiB
2026/02/25 17:23:10.705, 0, NVIDIA A10G, 19 %, 6 %, 2161 MiB, 23028 MiB
2026/02/25 17:23:10.705, 1, NVIDIA A10G, 0 %, 0 %, 2003 MiB, 23028 MiB
2026/02/25 17:23:10.705, 2, NVIDIA A10G, 17 %, 6 %, 1725 MiB, 23028 MiB
2026/02/25 17:23:10.705, 3, NVIDIA A10G, 0 %, 0 %, 0 MiB, 23028 MiB
2026/02/25 17:23:11.705, 0, NVIDIA A10G, 22 %, 7 %, 2161 MiB, 23028 MiB
2026/02/25 17:23:11.706, 1, NVIDIA A10G, 0 %, 0 %, 2003 MiB, 23028 MiB
2026/02/25 17:23:11.706, 2, NVIDIA A10G, 0 %, 0 %, 1725 MiB, 23028 MiB
2026/02/25 17:23:11.706, 3, NVIDIA A10G, 0 %, 0 %, 0 MiB, 23028 MiB
2026/02/25 17:23:12.706, 0, NVIDIA A10G, 0 %, 0 %, 2161 MiB, 23028 MiB
2026/02/25 17:23:12.706, 1, NVIDIA A10G, 0 %, 0 %, 2003 MiB, 23028 MiB
2026/02/25 17:23:12.706, 2, NVIDIA A10G, 0 %, 0 %, 1725 MiB, 23028 MiB
2026/02/25 17:23:12.706, 3, NVIDIA A10G, 0 %, 0 %, 0 MiB, 23028 MiB
2026/02/25 17:23:13.706, 0, NVIDIA A10G, 0 %, 0 %, 2161 MiB, 23028 MiB
2026/02/25 17:23:13.706, 1, NVIDIA A10G, 0 %, 0 %, 2003 MiB, 23028 MiB
2026/02/25 17:23:13.706, 2, NVIDIA A10G, 18 %, 6 %, 1725 MiB, 23028 MiB
2026/02/25 17:23:13.706, 3, NVIDIA A10G, 0 %, 0 %, 0 MiB, 23028 MiB
2026/02/25 17:23:14.706, 0, NVIDIA A10G, 0 %, 0 %, 2161 MiB, 23028 MiB
2026/02/25 17:23:14.707, 1, NVIDIA A10G, 0 %, 0 %, 2003 MiB, 23028 MiB
2026/02/25 17:23:14.707, 2, NVIDIA A10G, 23 %, 8 %, 1725 MiB, 23028 MiB
2026/02/25 17:23:14.707, 3, NVIDIA A10G, 0 %, 0 %, 0 MiB, 23028 MiB
2026/02/25 17:23:15.707, 0, NVIDIA A10G, 0 %, 0 %, 2161 MiB, 23028 MiB
2026/02/25 17:23:15.707, 1, NVIDIA A10G, 0 %, 0 %, 2003 MiB, 23028 MiB
2026/02/25 17:23:15.707, 2, NVIDIA A10G, 20 %, 6 %, 1725 MiB, 23028 MiB
2026/02/25 17:23:15.707, 3, NVIDIA A10G, 0 %, 0 %, 0 MiB, 23028 MiB
2026/02/25 17:23:16.707, 0, NVIDIA A10G, 0 %, 0 %, 2161 MiB, 23028 MiB
2026/02/25 17:23:16.707, 1, NVIDIA A10G, 0 %, 0 %, 2003 MiB, 23028 MiB
2026/02/25 17:23:16.707, 2, NVIDIA A10G, 0 %, 0 %, 1725 MiB, 23028 MiB
2026/02/25 17:23:16.707, 3, NVIDIA A10G, 0 %, 0 %, 0 MiB, 23028 MiB
2026/02/25 17:23:17.708, 0, NVIDIA A10G, 21 %, 13 %, 2161 MiB, 23028 MiB
2026/02/25 17:23:17.708, 1, NVIDIA A10G, 0 %, 0 %, 2003 MiB, 23028 MiB
2026/02/25 17:23:17.708, 2, NVIDIA A10G, 0 %, 0 %, 1725 MiB, 23028 MiB
2026/02/25 17:23:17.708, 3, NVIDIA A10G, 0 %, 0 %, 0 MiB, 23028 MiB
2026/02/25 17:23:18.708, 0, NVIDIA A10G, 20 %, 7 %, 2161 MiB, 23028 MiB
2026/02/25 17:23:18.708, 1, NVIDIA A10G, 0 %, 0 %, 2003 MiB, 23028 MiB
2026/02/25 17:23:18.708, 2, NVIDIA A10G, 0 %, 0 %, 1725 MiB, 23028 MiB
2026/02/25 17:23:18.708, 3, NVIDIA A10G, 0 %, 0 %, 0 MiB, 23028 MiB
2026/02/25 17:23:19.708, 0, NVIDIA A10G, 22 %, 8 %, 2161 MiB, 23028 MiB
2026/02/25 17:23:19.709, 1, NVIDIA A10G, 0 %, 0 %, 2003 MiB, 23028 MiB
2026/02/25 17:23:19.709, 2, NVIDIA A10G, 0 %, 0 %, 1725 MiB, 23028 MiB
2026/02/25 17:23:19.709, 3, NVIDIA A10G, 0 %, 0 %, 0 MiB, 23028 MiB
2026/02/25 17:23:20.709, 0, NVIDIA A10G, 22 %, 7 %, 2161 MiB, 23028 MiB
2026/02/25 17:23:20.709, 1, NVIDIA A10G, 0 %, 0 %, 2003 MiB, 23028 MiB
2026/02/25 17:23:20.709, 2, NVIDIA A10G, 0 %, 0 %, 1725 MiB, 23028 MiB
2026/02/25 17:23:20.709, 3, NVIDIA A10G, 0 %, 0 %, 0 MiB, 23028 MiB
2026/02/25 17:23:21.709, 0, NVIDIA A10G, 21 %, 7 %, 2161 MiB, 23028 MiB
2026/02/25 17:23:21.709, 1, NVIDIA A10G, 0 %, 0 %, 2003 MiB, 23028 MiB
2026/02/25 17:23:21.709, 2, NVIDIA A10G, 0 %, 0 %, 1725 MiB, 23028 MiB
2026/02/25 17:23:21.709, 3, NVIDIA A10G, 0 %, 0 %, 0 MiB, 23028 MiB
2026/02/25 17:23:22.710, 0, NVIDIA A10G, 21 %, 7 %, 2161 MiB, 23028 MiB
2026/02/25 17:23:22.710, 1, NVIDIA A10G, 0 %, 0 %, 2003 MiB, 23028 MiB
2026/02/25 17:23:22.710, 2, NVIDIA A10G, 0 %, 0 %, 1725 MiB, 23028 MiB
2026/02/25 17:23:22.710, 3, NVIDIA A10G, 0 %, 0 %, 0 MiB, 23028 MiB
2026/02/25 17:23:23.710, 0, NVIDIA A10G, 21 %, 7 %, 2161 MiB, 23028 MiB
2026/02/25 17:23:23.710, 1, NVIDIA A10G, 20 %, 6 %, 2003 MiB, 23028 MiB
2026/02/25 17:23:23.710, 2, NVIDIA A10G, 21 %, 7 %, 1725 MiB, 23028 MiB
2026/02/25 17:23:23.710, 3, NVIDIA A10G, 0 %, 0 %, 0 MiB, 23028 MiB
2026/02/25 17:23:24.710, 0, NVIDIA A10G, 0 %, 0 %, 2161 MiB, 23028 MiB
2026/02/25 17:23:24.710, 1, NVIDIA A10G, 18 %, 6 %, 2003 MiB, 23028 MiB
2026/02/25 17:23:24.711, 2, NVIDIA A10G, 21 %, 8 %, 1725 MiB, 23028 MiB
2026/02/25 17:23:24.711, 3, NVIDIA A10G, 0 %, 0 %, 0 MiB, 23028 MiB
2026/02/25 17:23:25.711, 0, NVIDIA A10G, 0 %, 0 %, 2161 MiB, 23028 MiB
2026/02/25 17:23:25.711, 1, NVIDIA A10G, 17 %, 5 %, 2003 MiB, 23028 MiB
2026/02/25 17:23:25.711, 2, NVIDIA A10G, 19 %, 6 %, 1725 MiB, 23028 MiB
2026/02/25 17:23:25.711, 3, NVIDIA A10G, 0 %, 0 %, 0 MiB, 23028 MiB
2026/02/25 17:23:26.711, 0, NVIDIA A10G, 0 %, 0 %, 2161 MiB, 23028 MiB
2026/02/25 17:23:26.711, 1, NVIDIA A10G, 16 %, 5 %, 2003 MiB, 23028 MiB
2026/02/25 17:23:26.711, 2, NVIDIA A10G, 21 %, 7 %, 1725 MiB, 23028 MiB
2026/02/25 17:23:26.711, 3, NVIDIA A10G, 0 %, 0 %, 0 MiB, 23028 MiB
2026/02/25 17:23:27.711, 0, NVIDIA A10G, 0 %, 0 %, 2161 MiB, 23028 MiB
2026/02/25 17:23:27.712, 1, NVIDIA A10G, 18 %, 6 %, 2003 MiB, 23028 MiB
2026/02/25 17:23:27.712, 2, NVIDIA A10G, 21 %, 7 %, 1725 MiB, 23028 MiB
2026/02/25 17:23:27.712, 3, NVIDIA A10G, 0 %, 0 %, 0 MiB, 23028 MiB
2026/02/25 17:23:28.712, 0, NVIDIA A10G, 0 %, 0 %, 2161 MiB, 23028 MiB
2026/02/25 17:23:28.712, 1, NVIDIA A10G, 20 %, 7 %, 2003 MiB, 23028 MiB
2026/02/25 17:23:28.712, 2, NVIDIA A10G, 18 %, 6 %, 1725 MiB, 23028 MiB
2026/02/25 17:23:28.712, 3, NVIDIA A10G, 0 %, 0 %, 0 MiB, 23028 MiB
2026/02/25 17:23:29.712, 0, NVIDIA A10G, 0 %, 0 %, 2161 MiB, 23028 MiB
2026/02/25 17:23:29.714, 1, NVIDIA A10G, 20 %, 6 %, 2003 MiB, 23028 MiB
2026/02/25 17:23:29.714, 2, NVIDIA A10G, 21 %, 7 %, 1725 MiB, 23028 MiB
2026/02/25 17:23:29.714, 3, NVIDIA A10G, 0 %, 0 %, 0 MiB, 23028 MiB
2026/02/25 17:23:30.714, 0, NVIDIA A10G, 0 %, 0 %, 2161 MiB, 23028 MiB
2026/02/25 17:23:30.714, 1, NVIDIA A10G, 22 %, 8 %, 2003 MiB, 23028 MiB
2026/02/25 17:23:30.714, 2, NVIDIA A10G, 0 %, 0 %, 1725 MiB, 23028 MiB
2026/02/25 17:23:30.714, 3, NVIDIA A10G, 0 %, 0 %, 0 MiB, 23028 MiB
2026/02/25 17:23:31.714, 0, NVIDIA A10G, 0 %, 0 %, 2161 MiB, 23028 MiB
2026/02/25 17:23:31.714, 1, NVIDIA A10G, 18 %, 6 %, 2003 MiB, 23028 MiB
2026/02/25 17:23:31.714, 2, NVIDIA A10G, 0 %, 0 %, 1725 MiB, 23028 MiB
2026/02/25 17:23:31.714, 3, NVIDIA A10G, 0 %, 0 %, 0 MiB, 23028 MiB
2026/02/25 17:23:32.715, 0, NVIDIA A10G, 0 %, 0 %, 2161 MiB, 23028 MiB
2026/02/25 17:23:32.715, 1, NVIDIA A10G, 23 %, 8 %, 2003 MiB, 23028 MiB
2026/02/25 17:23:32.715, 2, NVIDIA A10G, 0 %, 0 %, 1725 MiB, 23028 MiB
2026/02/25 17:23:32.715, 3, NVIDIA A10G, 0 %, 0 %, 0 MiB, 23028 MiB
2026/02/25 17:23:33.715, 0, NVIDIA A10G, 20 %, 7 %, 2161 MiB, 23028 MiB
2026/02/25 17:23:33.715, 1, NVIDIA A10G, 23 %, 8 %, 2003 MiB, 23028 MiB
2026/02/25 17:23:33.715, 2, NVIDIA A10G, 0 %, 0 %, 1725 MiB, 23028 MiB
2026/02/25 17:23:33.715, 3, NVIDIA A10G, 0 %, 0 %, 0 MiB, 23028 MiB
2026/02/25 17:23:34.716, 0, NVIDIA A10G, 22 %, 8 %, 2161 MiB, 23028 MiB
2026/02/25 17:23:34.716, 1, NVIDIA A10G, 21 %, 7 %, 2003 MiB, 23028 MiB
2026/02/25 17:23:34.716, 2, NVIDIA A10G, 0 %, 0 %, 1725 MiB, 23028 MiB
2026/02/25 17:23:34.716, 3, NVIDIA A10G, 0 %, 0 %, 0 MiB, 23028 MiB
2026/02/25 17:23:35.716, 0, NVIDIA A10G, 21 %, 7 %, 2161 MiB, 23028 MiB
2026/02/25 17:23:35.716, 1, NVIDIA A10G, 21 %, 7 %, 2003 MiB, 23028 MiB
2026/02/25 17:23:35.716, 2, NVIDIA A10G, 0 %, 0 %, 1725 MiB, 23028 MiB
2026/02/25 17:23:35.716, 3, NVIDIA A10G, 0 %, 0 %, 0 MiB, 23028 MiB
2026/02/25 17:23:36.716, 0, NVIDIA A10G, 23 %, 8 %, 2161 MiB, 23028 MiB
2026/02/25 17:23:36.717, 1, NVIDIA A10G, 18 %, 6 %, 2003 MiB, 23028 MiB
2026/02/25 17:23:36.717, 2, NVIDIA A10G, 0 %, 0 %, 1725 MiB, 23028 MiB
2026/02/25 17:23:36.717, 3, NVIDIA A10G, 0 %, 0 %, 0 MiB, 23028 MiB
2026/02/25 17:23:37.717, 0, NVIDIA A10G, 21 %, 7 %, 2161 MiB, 23028 MiB
2026/02/25 17:23:37.717, 1, NVIDIA A10G, 16 %, 5 %, 2003 MiB, 23028 MiB
2026/02/25 17:23:37.717, 2, NVIDIA A10G, 0 %, 0 %, 1725 MiB, 23028 MiB
2026/02/25 17:23:37.717, 3, NVIDIA A10G, 0 %, 0 %, 0 MiB, 23028 MiB
2026/02/25 17:23:38.717, 0, NVIDIA A10G, 13 %, 4 %, 2161 MiB, 23028 MiB
2026/02/25 17:23:38.717, 1, NVIDIA A10G, 10 %, 3 %, 2003 MiB, 23028 MiB
2026/02/25 17:23:38.717, 2, NVIDIA A10G, 0 %, 0 %, 1725 MiB, 23028 MiB
2026/02/25 17:23:38.717, 3, NVIDIA A10G, 0 %, 0 %, 0 MiB, 23028 MiB
2026/02/25 17:23:39.718, 0, NVIDIA A10G, 21 %, 8 %, 2161 MiB, 23028 MiB
2026/02/25 17:23:39.718, 1, NVIDIA A10G, 0 %, 0 %, 2003 MiB, 23028 MiB
2026/02/25 17:23:39.718, 2, NVIDIA A10G, 22 %, 8 %, 1725 MiB, 23028 MiB
2026/02/25 17:23:39.718, 3, NVIDIA A10G, 0 %, 0 %, 0 MiB, 23028 MiB
2026/02/25 17:23:40.718, 0, NVIDIA A10G, 22 %, 8 %, 2161 MiB, 23028 MiB
2026/02/25 17:23:40.718, 1, NVIDIA A10G, 0 %, 0 %, 2003 MiB, 23028 MiB
2026/02/25 17:23:40.718, 2, NVIDIA A10G, 23 %, 8 %, 1725 MiB, 23028 MiB
2026/02/25 17:23:40.718, 3, NVIDIA A10G, 0 %, 0 %, 0 MiB, 23028 MiB
2026/02/25 17:23:41.718, 0, NVIDIA A10G, 23 %, 8 %, 2161 MiB, 23028 MiB
2026/02/25 17:23:41.718, 1, NVIDIA A10G, 0 %, 0 %, 2003 MiB, 23028 MiB
2026/02/25 17:23:41.718, 2, NVIDIA A10G, 23 %, 8 %, 1725 MiB, 23028 MiB
2026/02/25 17:23:41.718, 3, NVIDIA A10G, 0 %, 0 %, 0 MiB, 23028 MiB
2026/02/25 17:23:42.719, 0, NVIDIA A10G, 0 %, 0 %, 2161 MiB, 23028 MiB
2026/02/25 17:23:42.719, 1, NVIDIA A10G, 0 %, 0 %, 2003 MiB, 23028 MiB
2026/02/25 17:23:42.719, 2, NVIDIA A10G, 23 %, 9 %, 1725 MiB, 23028 MiB
2026/02/25 17:23:42.719, 3, NVIDIA A10G, 0 %, 0 %, 0 MiB, 23028 MiB
2026/02/25 17:23:43.719, 0, NVIDIA A10G, 0 %, 0 %, 2161 MiB, 23028 MiB
2026/02/25 17:23:43.719, 1, NVIDIA A10G, 0 %, 0 %, 2003 MiB, 23028 MiB
2026/02/25 17:23:43.719, 2, NVIDIA A10G, 23 %, 9 %, 1725 MiB, 23028 MiB
2026/02/25 17:23:43.719, 3, NVIDIA A10G, 0 %, 0 %, 0 MiB, 23028 MiB
2026/02/25 17:23:44.719, 0, NVIDIA A10G, 0 %, 0 %, 2161 MiB, 23028 MiB
2026/02/25 17:23:44.720, 1, NVIDIA A10G, 22 %, 7 %, 2003 MiB, 23028 MiB
2026/02/25 17:23:44.720, 2, NVIDIA A10G, 22 %, 8 %, 1725 MiB, 23028 MiB
2026/02/25 17:23:44.720, 3, NVIDIA A10G, 0 %, 0 %, 0 MiB, 23028 MiB
2026/02/25 17:23:45.720, 0, NVIDIA A10G, 0 %, 0 %, 2161 MiB, 23028 MiB
2026/02/25 17:23:45.720, 1, NVIDIA A10G, 20 %, 7 %, 2003 MiB, 23028 MiB
2026/02/25 17:23:45.720, 2, NVIDIA A10G, 23 %, 8 %, 1725 MiB, 23028 MiB
2026/02/25 17:23:45.720, 3, NVIDIA A10G, 0 %, 0 %, 0 MiB, 23028 MiB
2026/02/25 17:23:46.720, 0, NVIDIA A10G, 0 %, 0 %, 2161 MiB, 23028 MiB
2026/02/25 17:23:46.720, 1, NVIDIA A10G, 20 %, 6 %, 2003 MiB, 23028 MiB
2026/02/25 17:23:46.720, 2, NVIDIA A10G, 14 %, 5 %, 1725 MiB, 23028 MiB
2026/02/25 17:23:46.720, 3, NVIDIA A10G, 0 %, 0 %, 0 MiB, 23028 MiB
2026/02/25 17:23:47.721, 0, NVIDIA A10G, 0 %, 0 %, 2161 MiB, 23028 MiB
2026/02/25 17:23:47.721, 1, NVIDIA A10G, 21 %, 6 %, 2003 MiB, 23028 MiB
2026/02/25 17:23:47.721, 2, NVIDIA A10G, 0 %, 0 %, 1725 MiB, 23028 MiB
2026/02/25 17:23:47.721, 3, NVIDIA A10G, 0 %, 0 %, 0 MiB, 23028 MiB
2026/02/25 17:23:48.721, 0, NVIDIA A10G, 0 %, 0 %, 2161 MiB, 23028 MiB
2026/02/25 17:23:48.721, 1, NVIDIA A10G, 22 %, 7 %, 2003 MiB, 23028 MiB
2026/02/25 17:23:48.721, 2, NVIDIA A10G, 0 %, 0 %, 1725 MiB, 23028 MiB
2026/02/25 17:23:48.721, 3, NVIDIA A10G, 0 %, 0 %, 0 MiB, 23028 MiB
2026/02/25 17:23:49.721, 0, NVIDIA A10G, 0 %, 0 %, 2161 MiB, 23028 MiB
2026/02/25 17:23:49.721, 1, NVIDIA A10G, 22 %, 8 %, 2003 MiB, 23028 MiB
2026/02/25 17:23:49.722, 2, NVIDIA A10G, 0 %, 0 %, 1725 MiB, 23028 MiB
2026/02/25 17:23:49.722, 3, NVIDIA A10G, 0 %, 0 %, 0 MiB, 23028 MiB
2026/02/25 17:23:50.722, 0, NVIDIA A10G, 0 %, 0 %, 2161 MiB, 23028 MiB
2026/02/25 17:23:50.722, 1, NVIDIA A10G, 20 %, 6 %, 2003 MiB, 23028 MiB
2026/02/25 17:23:50.722, 2, NVIDIA A10G, 100 %, 75 %, 1729 MiB, 23028 MiB
2026/02/25 17:23:50.722, 3, NVIDIA A10G, 0 %, 0 %, 0 MiB, 23028 MiB
2026/02/25 17:23:51.722, 0, NVIDIA A10G, 0 %, 0 %, 2161 MiB, 23028 MiB
2026/02/25 17:23:51.722, 1, NVIDIA A10G, 0 %, 0 %, 2003 MiB, 23028 MiB
2026/02/25 17:23:51.722, 2, NVIDIA A10G, 22 %, 7 %, 1729 MiB, 23028 MiB
2026/02/25 17:23:51.722, 3, NVIDIA A10G, 0 %, 0 %, 0 MiB, 23028 MiB
2026/02/25 17:23:52.722, 0, NVIDIA A10G, 13 %, 4 %, 2161 MiB, 23028 MiB
2026/02/25 17:23:52.722, 1, NVIDIA A10G, 0 %, 0 %, 2003 MiB, 23028 MiB
2026/02/25 17:23:52.722, 2, NVIDIA A10G, 23 %, 8 %, 1729 MiB, 23028 MiB
2026/02/25 17:23:52.723, 3, NVIDIA A10G, 0 %, 0 %, 0 MiB, 23028 MiB
2026/02/25 17:23:53.723, 0, NVIDIA A10G, 17 %, 6 %, 2161 MiB, 23028 MiB
2026/02/25 17:23:53.723, 1, NVIDIA A10G, 0 %, 0 %, 2003 MiB, 23028 MiB
2026/02/25 17:23:53.723, 2, NVIDIA A10G, 21 %, 7 %, 1729 MiB, 23028 MiB
2026/02/25 17:23:53.723, 3, NVIDIA A10G, 0 %, 0 %, 0 MiB, 23028 MiB
2026/02/25 17:23:54.723, 0, NVIDIA A10G, 17 %, 5 %, 2161 MiB, 23028 MiB
2026/02/25 17:23:54.723, 1, NVIDIA A10G, 0 %, 0 %, 2003 MiB, 23028 MiB
2026/02/25 17:23:54.723, 2, NVIDIA A10G, 21 %, 8 %, 1729 MiB, 23028 MiB
2026/02/25 17:23:54.723, 3, NVIDIA A10G, 0 %, 0 %, 0 MiB, 23028 MiB
2026/02/25 17:23:55.723, 0, NVIDIA A10G, 23 %, 8 %, 2161 MiB, 23028 MiB
2026/02/25 17:23:55.724, 1, NVIDIA A10G, 0 %, 0 %, 2003 MiB, 23028 MiB
2026/02/25 17:23:55.724, 2, NVIDIA A10G, 0 %, 0 %, 1729 MiB, 23028 MiB
2026/02/25 17:23:55.724, 3, NVIDIA A10G, 0 %, 0 %, 0 MiB, 23028 MiB
2026/02/25 17:23:56.724, 0, NVIDIA A10G, 23 %, 8 %, 2161 MiB, 23028 MiB
2026/02/25 17:23:56.724, 1, NVIDIA A10G, 0 %, 0 %, 2003 MiB, 23028 MiB
2026/02/25 17:23:56.724, 2, NVIDIA A10G, 0 %, 0 %, 1729 MiB, 23028 MiB
2026/02/25 17:23:56.724, 3, NVIDIA A10G, 0 %, 0 %, 0 MiB, 23028 MiB
2026/02/25 17:23:57.724, 0, NVIDIA A10G, 24 %, 9 %, 2161 MiB, 23028 MiB
2026/02/25 17:23:57.724, 1, NVIDIA A10G, 0 %, 0 %, 2003 MiB, 23028 MiB
2026/02/25 17:23:57.724, 2, NVIDIA A10G, 0 %, 0 %, 1729 MiB, 23028 MiB
2026/02/25 17:23:57.725, 3, NVIDIA A10G, 0 %, 0 %, 0 MiB, 23028 MiB
2026/02/25 17:23:58.725, 0, NVIDIA A10G, 17 %, 6 %, 2161 MiB, 23028 MiB
2026/02/25 17:23:58.725, 1, NVIDIA A10G, 0 %, 0 %, 2003 MiB, 23028 MiB
2026/02/25 17:23:58.725, 2, NVIDIA A10G, 0 %, 0 %, 1729 MiB, 23028 MiB
2026/02/25 17:23:58.725, 3, NVIDIA A10G, 0 %, 0 %, 0 MiB, 23028 MiB
2026/02/25 17:23:59.725, 0, NVIDIA A10G, 17 %, 6 %, 2161 MiB, 23028 MiB
2026/02/25 17:23:59.725, 1, NVIDIA A10G, 0 %, 0 %, 2003 MiB, 23028 MiB
2026/02/25 17:23:59.725, 2, NVIDIA A10G, 0 %, 0 %, 1729 MiB, 23028 MiB
2026/02/25 17:23:59.725, 3, NVIDIA A10G, 0 %, 0 %, 0 MiB, 23028 MiB
2026/02/25 17:24:00.725, 0, NVIDIA A10G, 20 %, 7 %, 2161 MiB, 23028 MiB
2026/02/25 17:24:00.726, 1, NVIDIA A10G, 0 %, 0 %, 2003 MiB, 23028 MiB
2026/02/25 17:24:00.726, 2, NVIDIA A10G, 0 %, 0 %, 1729 MiB, 23028 MiB
2026/02/25 17:24:00.726, 3, NVIDIA A10G, 0 %, 0 %, 0 MiB, 23028 MiB
2026/02/25 17:24:01.726, 0, NVIDIA A10G, 22 %, 8 %, 2161 MiB, 23028 MiB
2026/02/25 17:24:01.726, 1, NVIDIA A10G, 0 %, 0 %, 2003 MiB, 23028 MiB
2026/02/25 17:24:01.726, 2, NVIDIA A10G, 0 %, 0 %, 1729 MiB, 23028 MiB
2026/02/25 17:24:01.726, 3, NVIDIA A10G, 0 %, 0 %, 0 MiB, 23028 MiB
2026/02/25 17:24:02.726, 0, NVIDIA A10G, 13 %, 4 %, 2161 MiB, 23028 MiB
2026/02/25 17:24:02.726, 1, NVIDIA A10G, 18 %, 6 %, 2003 MiB, 23028 MiB
2026/02/25 17:24:02.726, 2, NVIDIA A10G, 85 %, 56 %, 1729 MiB, 23028 MiB
2026/02/25 17:24:02.726, 3, NVIDIA A10G, 0 %, 0 %, 0 MiB, 23028 MiB
2026/02/25 17:24:03.727, 0, NVIDIA A10G, 0 %, 0 %, 2161 MiB, 23028 MiB
2026/02/25 17:24:03.727, 1, NVIDIA A10G, 22 %, 8 %, 2003 MiB, 23028 MiB
2026/02/25 17:24:03.727, 2, NVIDIA A10G, 22 %, 8 %, 1729 MiB, 23028 MiB
2026/02/25 17:24:03.727, 3, NVIDIA A10G, 0 %, 0 %, 0 MiB, 23028 MiB
2026/02/25 17:24:04.727, 0, NVIDIA A10G, 0 %, 0 %, 2161 MiB, 23028 MiB
2026/02/25 17:24:04.727, 1, NVIDIA A10G, 19 %, 7 %, 2003 MiB, 23028 MiB
2026/02/25 17:24:04.727, 2, NVIDIA A10G, 21 %, 7 %, 1729 MiB, 23028 MiB
2026/02/25 17:24:04.727, 3, NVIDIA A10G, 0 %, 0 %, 0 MiB, 23028 MiB
2026/02/25 17:24:05.727, 0, NVIDIA A10G, 0 %, 0 %, 2161 MiB, 23028 MiB
2026/02/25 17:24:05.727, 1, NVIDIA A10G, 20 %, 6 %, 2003 MiB, 23028 MiB
2026/02/25 17:24:05.727, 2, NVIDIA A10G, 21 %, 7 %, 1729 MiB, 23028 MiB
2026/02/25 17:24:05.727, 3, NVIDIA A10G, 0 %, 0 %, 0 MiB, 23028 MiB
2026/02/25 17:24:06.728, 0, NVIDIA A10G, 0 %, 0 %, 2161 MiB, 23028 MiB
2026/02/25 17:24:06.728, 1, NVIDIA A10G, 21 %, 7 %, 2003 MiB, 23028 MiB
2026/02/25 17:24:06.728, 2, NVIDIA A10G, 20 %, 7 %, 1729 MiB, 23028 MiB
2026/02/25 17:24:06.728, 3, NVIDIA A10G, 0 %, 0 %, 0 MiB, 23028 MiB
2026/02/25 17:24:07.728, 0, NVIDIA A10G, 0 %, 0 %, 2161 MiB, 23028 MiB
2026/02/25 17:24:07.728, 1, NVIDIA A10G, 21 %, 7 %, 2003 MiB, 23028 MiB
2026/02/25 17:24:07.728, 2, NVIDIA A10G, 22 %, 8 %, 1729 MiB, 23028 MiB
2026/02/25 17:24:07.728, 3, NVIDIA A10G, 0 %, 0 %, 0 MiB, 23028 MiB
2026/02/25 17:24:08.728, 0, NVIDIA A10G, 20 %, 7 %, 2161 MiB, 23028 MiB
2026/02/25 17:24:08.728, 1, NVIDIA A10G, 21 %, 7 %, 2003 MiB, 23028 MiB
2026/02/25 17:24:08.728, 2, NVIDIA A10G, 22 %, 8 %, 1729 MiB, 23028 MiB
2026/02/25 17:24:08.728, 3, NVIDIA A10G, 0 %, 0 %, 0 MiB, 23028 MiB
2026/02/25 17:24:09.729, 0, NVIDIA A10G, 21 %, 7 %, 2161 MiB, 23028 MiB
2026/02/25 17:24:09.729, 1, NVIDIA A10G, 18 %, 6 %, 2003 MiB, 23028 MiB
2026/02/25 17:24:09.729, 2, NVIDIA A10G, 19 %, 7 %, 1729 MiB, 23028 MiB
2026/02/25 17:24:09.729, 3, NVIDIA A10G, 0 %, 0 %, 0 MiB, 23028 MiB
2026/02/25 17:24:10.729, 0, NVIDIA A10G, 20 %, 7 %, 2161 MiB, 23028 MiB
2026/02/25 17:24:10.729, 1, NVIDIA A10G, 16 %, 5 %, 2003 MiB, 23028 MiB
2026/02/25 17:24:10.729, 2, NVIDIA A10G, 22 %, 8 %, 1729 MiB, 23028 MiB
2026/02/25 17:24:10.729, 3, NVIDIA A10G, 0 %, 0 %, 0 MiB, 23028 MiB
2026/02/25 17:24:11.729, 0, NVIDIA A10G, 22 %, 8 %, 2161 MiB, 23028 MiB
2026/02/25 17:24:11.730, 1, NVIDIA A10G, 15 %, 4 %, 2003 MiB, 23028 MiB
2026/02/25 17:24:11.730, 2, NVIDIA A10G, 20 %, 7 %, 1729 MiB, 23028 MiB
2026/02/25 17:24:11.730, 3, NVIDIA A10G, 0 %, 0 %, 0 MiB, 23028 MiB
2026/02/25 17:24:12.730, 0, NVIDIA A10G, 23 %, 8 %, 2161 MiB, 23028 MiB
2026/02/25 17:24:12.730, 1, NVIDIA A10G, 0 %, 0 %, 2003 MiB, 23028 MiB
2026/02/25 17:24:12.730, 2, NVIDIA A10G, 0 %, 0 %, 1729 MiB, 23028 MiB
2026/02/25 17:24:12.730, 3, NVIDIA A10G, 0 %, 0 %, 0 MiB, 23028 MiB
2026/02/25 17:24:13.730, 0, NVIDIA A10G, 23 %, 8 %, 2161 MiB, 23028 MiB
2026/02/25 17:24:13.730, 1, NVIDIA A10G, 0 %, 0 %, 2003 MiB, 23028 MiB
2026/02/25 17:24:13.731, 2, NVIDIA A10G, 0 %, 0 %, 1729 MiB, 23028 MiB
2026/02/25 17:24:13.731, 3, NVIDIA A10G, 0 %, 0 %, 0 MiB, 23028 MiB
2026/02/25 17:24:14.731, 0, NVIDIA A10G, 0 %, 0 %, 2161 MiB, 23028 MiB
2026/02/25 17:24:14.731, 1, NVIDIA A10G, 0 %, 0 %, 2003 MiB, 23028 MiB
2026/02/25 17:24:14.731, 2, NVIDIA A10G, 0 %, 0 %, 1729 MiB, 23028 MiB
2026/02/25 17:24:14.731, 3, NVIDIA A10G, 0 %, 0 %, 0 MiB, 23028 MiB
2026/02/25 17:24:15.731, 0, NVIDIA A10G, 0 %, 0 %, 2161 MiB, 23028 MiB
2026/02/25 17:24:15.731, 1, NVIDIA A10G, 0 %, 0 %, 2003 MiB, 23028 MiB
2026/02/25 17:24:15.731, 2, NVIDIA A10G, 0 %, 0 %, 1729 MiB, 23028 MiB
2026/02/25 17:24:15.731, 3, NVIDIA A10G, 0 %, 0 %, 0 MiB, 23028 MiB
2026/02/25 17:24:16.731, 0, NVIDIA A10G, 0 %, 0 %, 2161 MiB, 23028 MiB
2026/02/25 17:24:16.732, 1, NVIDIA A10G, 0 %, 0 %, 2003 MiB, 23028 MiB
2026/02/25 17:24:16.732, 2, NVIDIA A10G, 0 %, 0 %, 1729 MiB, 23028 MiB
2026/02/25 17:24:16.732, 3, NVIDIA A10G, 0 %, 0 %, 0 MiB, 23028 MiB
2026/02/25 17:24:17.732, 0, NVIDIA A10G, 0 %, 0 %, 2161 MiB, 23028 MiB
2026/02/25 17:24:17.732, 1, NVIDIA A10G, 0 %, 0 %, 2003 MiB, 23028 MiB
2026/02/25 17:24:17.732, 2, NVIDIA A10G, 0 %, 0 %, 1729 MiB, 23028 MiB
2026/02/25 17:24:17.732, 3, NVIDIA A10G, 0 %, 0 %, 0 MiB, 23028 MiB
2026/02/25 17:24:18.732, 0, NVIDIA A10G, 0 %, 0 %, 2161 MiB, 23028 MiB
2026/02/25 17:24:18.733, 1, NVIDIA A10G, 0 %, 0 %, 2003 MiB, 23028 MiB
2026/02/25 17:24:18.733, 2, NVIDIA A10G, 22 %, 8 %, 1729 MiB, 23028 MiB
2026/02/25 17:24:18.733, 3, NVIDIA A10G, 0 %, 0 %, 0 MiB, 23028 MiB
2026/02/25 17:24:19.733, 0, NVIDIA A10G, 0 %, 0 %, 2161 MiB, 23028 MiB
2026/02/25 17:24:19.733, 1, NVIDIA A10G, 0 %, 0 %, 2003 MiB, 23028 MiB
2026/02/25 17:24:19.733, 2, NVIDIA A10G, 22 %, 7 %, 1729 MiB, 23028 MiB
2026/02/25 17:24:19.733, 3, NVIDIA A10G, 0 %, 0 %, 0 MiB, 23028 MiB
2026/02/25 17:24:20.733, 0, NVIDIA A10G, 0 %, 0 %, 2161 MiB, 23028 MiB
2026/02/25 17:24:20.733, 1, NVIDIA A10G, 0 %, 0 %, 2003 MiB, 23028 MiB
2026/02/25 17:24:20.733, 2, NVIDIA A10G, 22 %, 7 %, 1729 MiB, 23028 MiB
2026/02/25 17:24:20.733, 3, NVIDIA A10G, 0 %, 0 %, 0 MiB, 23028 MiB
2026/02/25 17:24:21.734, 0, NVIDIA A10G, 0 %, 0 %, 2161 MiB, 23028 MiB
2026/02/25 17:24:21.734, 1, NVIDIA A10G, 70 %, 45 %, 2003 MiB, 23028 MiB
2026/02/25 17:24:21.734, 2, NVIDIA A10G, 21 %, 7 %, 1729 MiB, 23028 MiB
2026/02/25 17:24:21.734, 3, NVIDIA A10G, 0 %, 0 %, 0 MiB, 23028 MiB
2026/02/25 17:24:22.734, 0, NVIDIA A10G, 0 %, 0 %, 2161 MiB, 23028 MiB
2026/02/25 17:24:22.734, 1, NVIDIA A10G, 19 %, 6 %, 2003 MiB, 23028 MiB
2026/02/25 17:24:22.734, 2, NVIDIA A10G, 19 %, 7 %, 1729 MiB, 23028 MiB
2026/02/25 17:24:22.734, 3, NVIDIA A10G, 0 %, 0 %, 0 MiB, 23028 MiB
2026/02/25 17:24:23.734, 0, NVIDIA A10G, 0 %, 0 %, 2161 MiB, 23028 MiB
2026/02/25 17:24:23.734, 1, NVIDIA A10G, 21 %, 7 %, 2003 MiB, 23028 MiB
2026/02/25 17:24:23.734, 2, NVIDIA A10G, 21 %, 8 %, 1729 MiB, 23028 MiB
2026/02/25 17:24:23.735, 3, NVIDIA A10G, 0 %, 0 %, 0 MiB, 23028 MiB
2026/02/25 17:24:24.735, 0, NVIDIA A10G, 0 %, 0 %, 2161 MiB, 23028 MiB
2026/02/25 17:24:24.735, 1, NVIDIA A10G, 22 %, 7 %, 2003 MiB, 23028 MiB
2026/02/25 17:24:24.735, 2, NVIDIA A10G, 0 %, 0 %, 1729 MiB, 23028 MiB
2026/02/25 17:24:24.735, 3, NVIDIA A10G, 0 %, 0 %, 0 MiB, 23028 MiB
2026/02/25 17:24:25.735, 0, NVIDIA A10G, 0 %, 0 %, 2161 MiB, 23028 MiB
2026/02/25 17:24:25.736, 1, NVIDIA A10G, 22 %, 7 %, 2003 MiB, 23028 MiB
2026/02/25 17:24:25.736, 2, NVIDIA A10G, 0 %, 0 %, 1729 MiB, 23028 MiB
2026/02/25 17:24:25.736, 3, NVIDIA A10G, 0 %, 0 %, 0 MiB, 23028 MiB
2026/02/25 17:24:26.736, 0, NVIDIA A10G, 22 %, 8 %, 2161 MiB, 23028 MiB
2026/02/25 17:24:26.736, 1, NVIDIA A10G, 17 %, 5 %, 2003 MiB, 23028 MiB
2026/02/25 17:24:26.736, 2, NVIDIA A10G, 0 %, 0 %, 1729 MiB, 23028 MiB
2026/02/25 17:24:26.736, 3, NVIDIA A10G, 0 %, 0 %, 0 MiB, 23028 MiB
2026/02/25 17:24:27.736, 0, NVIDIA A10G, 19 %, 6 %, 2161 MiB, 23028 MiB
2026/02/25 17:24:27.736, 1, NVIDIA A10G, 19 %, 6 %, 2003 MiB, 23028 MiB
2026/02/25 17:24:27.737, 2, NVIDIA A10G, 0 %, 0 %, 1729 MiB, 23028 MiB
2026/02/25 17:24:27.737, 3, NVIDIA A10G, 0 %, 0 %, 0 MiB, 23028 MiB
2026/02/25 17:24:28.737, 0, NVIDIA A10G, 21 %, 6 %, 2161 MiB, 23028 MiB
2026/02/25 17:24:28.737, 1, NVIDIA A10G, 21 %, 7 %, 2003 MiB, 23028 MiB
2026/02/25 17:24:28.737, 2, NVIDIA A10G, 0 %, 0 %, 1729 MiB, 23028 MiB
2026/02/25 17:24:28.737, 3, NVIDIA A10G, 0 %, 0 %, 0 MiB, 23028 MiB
2026/02/25 17:24:29.737, 0, NVIDIA A10G, 21 %, 7 %, 2161 MiB, 23028 MiB
2026/02/25 17:24:29.738, 1, NVIDIA A10G, 21 %, 7 %, 2003 MiB, 23028 MiB
2026/02/25 17:24:29.738, 2, NVIDIA A10G, 0 %, 0 %, 1729 MiB, 23028 MiB
2026/02/25 17:24:29.738, 3, NVIDIA A10G, 0 %, 0 %, 0 MiB, 23028 MiB
2026/02/25 17:24:30.738, 0, NVIDIA A10G, 20 %, 6 %, 2161 MiB, 23028 MiB
2026/02/25 17:24:30.738, 1, NVIDIA A10G, 20 %, 6 %, 2003 MiB, 23028 MiB
2026/02/25 17:24:30.738, 2, NVIDIA A10G, 0 %, 0 %, 1729 MiB, 23028 MiB
2026/02/25 17:24:30.738, 3, NVIDIA A10G, 0 %, 0 %, 0 MiB, 23028 MiB
2026/02/25 17:24:31.738, 0, NVIDIA A10G, 20 %, 6 %, 2161 MiB, 23028 MiB
2026/02/25 17:24:31.738, 1, NVIDIA A10G, 20 %, 7 %, 2003 MiB, 23028 MiB
2026/02/25 17:24:31.738, 2, NVIDIA A10G, 0 %, 0 %, 1729 MiB, 23028 MiB
2026/02/25 17:24:31.738, 3, NVIDIA A10G, 0 %, 0 %, 0 MiB, 23028 MiB
2026/02/25 17:24:32.739, 0, NVIDIA A10G, 21 %, 7 %, 2161 MiB, 23028 MiB
2026/02/25 17:24:32.739, 1, NVIDIA A10G, 20 %, 7 %, 2003 MiB, 23028 MiB
2026/02/25 17:24:32.739, 2, NVIDIA A10G, 0 %, 0 %, 1729 MiB, 23028 MiB
2026/02/25 17:24:32.739, 3, NVIDIA A10G, 0 %, 0 %, 0 MiB, 23028 MiB
2026/02/25 17:24:33.739, 0, NVIDIA A10G, 20 %, 6 %, 2161 MiB, 23028 MiB
2026/02/25 17:24:33.739, 1, NVIDIA A10G, 20 %, 7 %, 2003 MiB, 23028 MiB
2026/02/25 17:24:33.739, 2, NVIDIA A10G, 0 %, 0 %, 1729 MiB, 23028 MiB
2026/02/25 17:24:33.739, 3, NVIDIA A10G, 0 %, 0 %, 0 MiB, 23028 MiB
2026/02/25 17:24:34.739, 0, NVIDIA A10G, 20 %, 6 %, 2161 MiB, 23028 MiB
2026/02/25 17:24:34.739, 1, NVIDIA A10G, 19 %, 6 %, 2003 MiB, 23028 MiB
2026/02/25 17:24:34.740, 2, NVIDIA A10G, 0 %, 0 %, 1729 MiB, 23028 MiB
2026/02/25 17:24:34.740, 3, NVIDIA A10G, 0 %, 0 %, 0 MiB, 23028 MiB
2026/02/25 17:24:35.740, 0, NVIDIA A10G, 21 %, 7 %, 2161 MiB, 23028 MiB
2026/02/25 17:24:35.740, 1, NVIDIA A10G, 13 %, 4 %, 2003 MiB, 23028 MiB
2026/02/25 17:24:35.740, 2, NVIDIA A10G, 0 %, 0 %, 1729 MiB, 23028 MiB
2026/02/25 17:24:35.740, 3, NVIDIA A10G, 0 %, 0 %, 0 MiB, 23028 MiB
2026/02/25 17:24:36.740, 0, NVIDIA A10G, 21 %, 7 %, 2161 MiB, 23028 MiB
2026/02/25 17:24:36.740, 1, NVIDIA A10G, 0 %, 0 %, 2003 MiB, 23028 MiB
2026/02/25 17:24:36.740, 2, NVIDIA A10G, 0 %, 0 %, 1729 MiB, 23028 MiB
2026/02/25 17:24:36.740, 3, NVIDIA A10G, 0 %, 0 %, 0 MiB, 23028 MiB
2026/02/25 17:24:37.741, 0, NVIDIA A10G, 18 %, 6 %, 2161 MiB, 23028 MiB
2026/02/25 17:24:37.741, 1, NVIDIA A10G, 0 %, 0 %, 2003 MiB, 23028 MiB
2026/02/25 17:24:37.741, 2, NVIDIA A10G, 19 %, 7 %, 1729 MiB, 23028 MiB
2026/02/25 17:24:37.741, 3, NVIDIA A10G, 0 %, 0 %, 0 MiB, 23028 MiB
2026/02/25 17:24:38.741, 0, NVIDIA A10G, 18 %, 6 %, 2161 MiB, 23028 MiB
2026/02/25 17:24:38.741, 1, NVIDIA A10G, 0 %, 0 %, 2003 MiB, 23028 MiB
2026/02/25 17:24:38.741, 2, NVIDIA A10G, 22 %, 9 %, 1729 MiB, 23028 MiB
2026/02/25 17:24:38.741, 3, NVIDIA A10G, 0 %, 0 %, 0 MiB, 23028 MiB
2026/02/25 17:24:39.741, 0, NVIDIA A10G, 0 %, 0 %, 2161 MiB, 23028 MiB
2026/02/25 17:24:39.741, 1, NVIDIA A10G, 0 %, 0 %, 2003 MiB, 23028 MiB
2026/02/25 17:24:39.741, 2, NVIDIA A10G, 21 %, 7 %, 1729 MiB, 23028 MiB
2026/02/25 17:24:39.742, 3, NVIDIA A10G, 0 %, 0 %, 0 MiB, 23028 MiB
2026/02/25 17:24:40.742, 0, NVIDIA A10G, 0 %, 0 %, 2161 MiB, 23028 MiB
2026/02/25 17:24:40.742, 1, NVIDIA A10G, 0 %, 0 %, 2003 MiB, 23028 MiB
2026/02/25 17:24:40.742, 2, NVIDIA A10G, 24 %, 9 %, 1729 MiB, 23028 MiB
2026/02/25 17:24:40.742, 3, NVIDIA A10G, 0 %, 0 %, 0 MiB, 23028 MiB
2026/02/25 17:24:41.742, 0, NVIDIA A10G, 0 %, 0 %, 2161 MiB, 23028 MiB
2026/02/25 17:24:41.742, 1, NVIDIA A10G, 0 %, 0 %, 2003 MiB, 23028 MiB
2026/02/25 17:24:41.742, 2, NVIDIA A10G, 23 %, 8 %, 1729 MiB, 23028 MiB
2026/02/25 17:24:41.742, 3, NVIDIA A10G, 0 %, 0 %, 0 MiB, 23028 MiB
2026/02/25 17:24:42.742, 0, NVIDIA A10G, 0 %, 0 %, 2161 MiB, 23028 MiB
2026/02/25 17:24:42.743, 1, NVIDIA A10G, 0 %, 0 %, 2003 MiB, 23028 MiB
2026/02/25 17:24:42.743, 2, NVIDIA A10G, 19 %, 7 %, 1729 MiB, 23028 MiB
2026/02/25 17:24:42.743, 3, NVIDIA A10G, 0 %, 0 %, 0 MiB, 23028 MiB
2026/02/25 17:24:43.743, 0, NVIDIA A10G, 0 %, 0 %, 2161 MiB, 23028 MiB
2026/02/25 17:24:43.743, 1, NVIDIA A10G, 0 %, 0 %, 2003 MiB, 23028 MiB
2026/02/25 17:24:43.743, 2, NVIDIA A10G, 23 %, 9 %, 1729 MiB, 23028 MiB
2026/02/25 17:24:43.743, 3, NVIDIA A10G, 0 %, 0 %, 0 MiB, 23028 MiB
2026/02/25 17:24:44.743, 0, NVIDIA A10G, 0 %, 0 %, 2161 MiB, 23028 MiB
2026/02/25 17:24:44.743, 1, NVIDIA A10G, 0 %, 0 %, 2003 MiB, 23028 MiB
2026/02/25 17:24:44.743, 2, NVIDIA A10G, 20 %, 8 %, 1729 MiB, 23028 MiB
2026/02/25 17:24:44.743, 3, NVIDIA A10G, 0 %, 0 %, 0 MiB, 23028 MiB
2026/02/25 17:24:45.744, 0, NVIDIA A10G, 20 %, 7 %, 2161 MiB, 23028 MiB
2026/02/25 17:24:45.744, 1, NVIDIA A10G, 0 %, 0 %, 2003 MiB, 23028 MiB
2026/02/25 17:24:45.744, 2, NVIDIA A10G, 18 %, 6 %, 1729 MiB, 23028 MiB
2026/02/25 17:24:45.744, 3, NVIDIA A10G, 0 %, 0 %, 0 MiB, 23028 MiB
2026/02/25 17:24:46.744, 0, NVIDIA A10G, 22 %, 8 %, 2161 MiB, 23028 MiB
2026/02/25 17:24:46.744, 1, NVIDIA A10G, 0 %, 0 %, 2003 MiB, 23028 MiB
2026/02/25 17:24:46.744, 2, NVIDIA A10G, 21 %, 7 %, 1729 MiB, 23028 MiB
2026/02/25 17:24:46.744, 3, NVIDIA A10G, 0 %, 0 %, 0 MiB, 23028 MiB
2026/02/25 17:24:47.744, 0, NVIDIA A10G, 21 %, 8 %, 2161 MiB, 23028 MiB
2026/02/25 17:24:47.744, 1, NVIDIA A10G, 84 %, 54 %, 2003 MiB, 23028 MiB
2026/02/25 17:24:47.745, 2, NVIDIA A10G, 21 %, 8 %, 1729 MiB, 23028 MiB
2026/02/25 17:24:47.745, 3, NVIDIA A10G, 0 %, 0 %, 0 MiB, 23028 MiB
2026/02/25 17:24:48.745, 0, NVIDIA A10G, 19 %, 7 %, 2161 MiB, 23028 MiB
2026/02/25 17:24:48.745, 1, NVIDIA A10G, 21 %, 7 %, 2003 MiB, 23028 MiB
2026/02/25 17:24:48.745, 2, NVIDIA A10G, 0 %, 0 %, 1729 MiB, 23028 MiB
2026/02/25 17:24:48.745, 3, NVIDIA A10G, 0 %, 0 %, 0 MiB, 23028 MiB
2026/02/25 17:24:49.745, 0, NVIDIA A10G, 23 %, 8 %, 2161 MiB, 23028 MiB
2026/02/25 17:24:49.745, 1, NVIDIA A10G, 20 %, 7 %, 2003 MiB, 23028 MiB
2026/02/25 17:24:49.745, 2, NVIDIA A10G, 0 %, 0 %, 1729 MiB, 23028 MiB
2026/02/25 17:24:49.745, 3, NVIDIA A10G, 0 %, 0 %, 0 MiB, 23028 MiB
2026/02/25 17:24:50.745, 0, NVIDIA A10G, 20 %, 7 %, 2161 MiB, 23028 MiB
2026/02/25 17:24:50.746, 1, NVIDIA A10G, 21 %, 7 %, 2003 MiB, 23028 MiB
2026/02/25 17:24:50.746, 2, NVIDIA A10G, 0 %, 0 %, 1729 MiB, 23028 MiB
2026/02/25 17:24:50.746, 3, NVIDIA A10G, 0 %, 0 %, 0 MiB, 23028 MiB
2026/02/25 17:24:51.746, 0, NVIDIA A10G, 0 %, 0 %, 2161 MiB, 23028 MiB
2026/02/25 17:24:51.746, 1, NVIDIA A10G, 20 %, 7 %, 2003 MiB, 23028 MiB
2026/02/25 17:24:51.746, 2, NVIDIA A10G, 0 %, 0 %, 1729 MiB, 23028 MiB
2026/02/25 17:24:51.746, 3, NVIDIA A10G, 0 %, 0 %, 0 MiB, 23028 MiB
2026/02/25 17:24:52.746, 0, NVIDIA A10G, 0 %, 0 %, 2161 MiB, 23028 MiB
2026/02/25 17:24:52.746, 1, NVIDIA A10G, 22 %, 8 %, 2003 MiB, 23028 MiB
2026/02/25 17:24:52.746, 2, NVIDIA A10G, 0 %, 0 %, 1729 MiB, 23028 MiB
2026/02/25 17:24:52.746, 3, NVIDIA A10G, 0 %, 0 %, 0 MiB, 23028 MiB
2026/02/25 17:24:53.746, 0, NVIDIA A10G, 0 %, 0 %, 2161 MiB, 23028 MiB
2026/02/25 17:24:53.747, 1, NVIDIA A10G, 18 %, 6 %, 2003 MiB, 23028 MiB
2026/02/25 17:24:53.747, 2, NVIDIA A10G, 20 %, 7 %, 1729 MiB, 23028 MiB
2026/02/25 17:24:53.747, 3, NVIDIA A10G, 0 %, 0 %, 0 MiB, 23028 MiB
2026/02/25 17:24:54.747, 0, NVIDIA A10G, 0 %, 0 %, 2161 MiB, 23028 MiB
2026/02/25 17:24:54.747, 1, NVIDIA A10G, 21 %, 7 %, 2003 MiB, 23028 MiB
2026/02/25 17:24:54.747, 2, NVIDIA A10G, 19 %, 7 %, 1729 MiB, 23028 MiB
2026/02/25 17:24:54.747, 3, NVIDIA A10G, 0 %, 0 %, 0 MiB, 23028 MiB
2026/02/25 17:24:55.747, 0, NVIDIA A10G, 0 %, 0 %, 2161 MiB, 23028 MiB
2026/02/25 17:24:55.747, 1, NVIDIA A10G, 22 %, 8 %, 2003 MiB, 23028 MiB
2026/02/25 17:24:55.747, 2, NVIDIA A10G, 19 %, 7 %, 1729 MiB, 23028 MiB
2026/02/25 17:24:55.747, 3, NVIDIA A10G, 0 %, 0 %, 0 MiB, 23028 MiB
2026/02/25 17:24:56.748, 0, NVIDIA A10G, 0 %, 0 %, 2161 MiB, 23028 MiB
2026/02/25 17:24:56.748, 1, NVIDIA A10G, 22 %, 7 %, 2003 MiB, 23028 MiB
2026/02/25 17:24:56.748, 2, NVIDIA A10G, 22 %, 8 %, 1729 MiB, 23028 MiB
2026/02/25 17:24:56.748, 3, NVIDIA A10G, 0 %, 0 %, 0 MiB, 23028 MiB
2026/02/25 17:24:57.748, 0, NVIDIA A10G, 0 %, 0 %, 2161 MiB, 23028 MiB
2026/02/25 17:24:57.748, 1, NVIDIA A10G, 21 %, 7 %, 2003 MiB, 23028 MiB
2026/02/25 17:24:57.748, 2, NVIDIA A10G, 23 %, 8 %, 1729 MiB, 23028 MiB
2026/02/25 17:24:57.748, 3, NVIDIA A10G, 0 %, 0 %, 0 MiB, 23028 MiB
2026/02/25 17:24:58.748, 0, NVIDIA A10G, 0 %, 0 %, 2161 MiB, 23028 MiB
2026/02/25 17:24:58.749, 1, NVIDIA A10G, 21 %, 8 %, 2003 MiB, 23028 MiB
2026/02/25 17:24:58.749, 2, NVIDIA A10G, 19 %, 7 %, 1729 MiB, 23028 MiB
2026/02/25 17:24:58.749, 3, NVIDIA A10G, 0 %, 0 %, 0 MiB, 23028 MiB
2026/02/25 17:24:59.749, 0, NVIDIA A10G, 0 %, 0 %, 2161 MiB, 23028 MiB
2026/02/25 17:24:59.749, 1, NVIDIA A10G, 20 %, 7 %, 2003 MiB, 23028 MiB
2026/02/25 17:24:59.749, 2, NVIDIA A10G, 0 %, 0 %, 1729 MiB, 23028 MiB
2026/02/25 17:24:59.749, 3, NVIDIA A10G, 0 %, 0 %, 0 MiB, 23028 MiB
2026/02/25 17:25:00.749, 0, NVIDIA A10G, 79 %, 53 %, 2161 MiB, 23028 MiB
2026/02/25 17:25:00.749, 1, NVIDIA A10G, 0 %, 0 %, 2003 MiB, 23028 MiB
2026/02/25 17:25:00.749, 2, NVIDIA A10G, 0 %, 0 %, 1729 MiB, 23028 MiB
2026/02/25 17:25:00.749, 3, NVIDIA A10G, 0 %, 0 %, 0 MiB, 23028 MiB
2026/02/25 17:25:01.750, 0, NVIDIA A10G, 21 %, 7 %, 2161 MiB, 23028 MiB
2026/02/25 17:25:01.750, 1, NVIDIA A10G, 0 %, 0 %, 2003 MiB, 23028 MiB
2026/02/25 17:25:01.750, 2, NVIDIA A10G, 0 %, 0 %, 1729 MiB, 23028 MiB
2026/02/25 17:25:01.750, 3, NVIDIA A10G, 0 %, 0 %, 0 MiB, 23028 MiB
2026/02/25 17:25:02.750, 0, NVIDIA A10G, 22 %, 8 %, 2161 MiB, 23028 MiB
2026/02/25 17:25:02.750, 1, NVIDIA A10G, 0 %, 0 %, 2003 MiB, 23028 MiB
2026/02/25 17:25:02.750, 2, NVIDIA A10G, 0 %, 0 %, 1729 MiB, 23028 MiB
2026/02/25 17:25:02.750, 3, NVIDIA A10G, 0 %, 0 %, 0 MiB, 23028 MiB
2026/02/25 17:25:03.750, 0, NVIDIA A10G, 20 %, 6 %, 2161 MiB, 23028 MiB
2026/02/25 17:25:03.750, 1, NVIDIA A10G, 0 %, 0 %, 2003 MiB, 23028 MiB
2026/02/25 17:25:03.750, 2, NVIDIA A10G, 0 %, 0 %, 1729 MiB, 23028 MiB
2026/02/25 17:25:03.751, 3, NVIDIA A10G, 0 %, 0 %, 0 MiB, 23028 MiB
2026/02/25 17:25:04.751, 0, NVIDIA A10G, 23 %, 8 %, 2161 MiB, 23028 MiB
2026/02/25 17:25:04.751, 1, NVIDIA A10G, 0 %, 0 %, 2003 MiB, 23028 MiB
2026/02/25 17:25:04.751, 2, NVIDIA A10G, 0 %, 0 %, 1729 MiB, 23028 MiB
2026/02/25 17:25:04.751, 3, NVIDIA A10G, 0 %, 0 %, 0 MiB, 23028 MiB
2026/02/25 17:25:05.751, 0, NVIDIA A10G, 23 %, 8 %, 2161 MiB, 23028 MiB
2026/02/25 17:25:05.751, 1, NVIDIA A10G, 0 %, 0 %, 2003 MiB, 23028 MiB
2026/02/25 17:25:05.751, 2, NVIDIA A10G, 54 %, 35 %, 1729 MiB, 23028 MiB
2026/02/25 17:25:05.751, 3, NVIDIA A10G, 0 %, 0 %, 0 MiB, 23028 MiB
2026/02/25 17:25:06.751, 0, NVIDIA A10G, 21 %, 7 %, 2161 MiB, 23028 MiB
2026/02/25 17:25:06.751, 1, NVIDIA A10G, 0 %, 0 %, 2003 MiB, 23028 MiB
2026/02/25 17:25:06.752, 2, NVIDIA A10G, 22 %, 8 %, 1729 MiB, 23028 MiB
2026/02/25 17:25:06.752, 3, NVIDIA A10G, 0 %, 0 %, 0 MiB, 23028 MiB
2026/02/25 17:25:07.752, 0, NVIDIA A10G, 22 %, 8 %, 2161 MiB, 23028 MiB
2026/02/25 17:25:07.752, 1, NVIDIA A10G, 0 %, 0 %, 2003 MiB, 23028 MiB
2026/02/25 17:25:07.752, 2, NVIDIA A10G, 19 %, 6 %, 1729 MiB, 23028 MiB
2026/02/25 17:25:07.752, 3, NVIDIA A10G, 0 %, 0 %, 0 MiB, 23028 MiB
2026/02/25 17:25:08.752, 0, NVIDIA A10G, 23 %, 9 %, 2161 MiB, 23028 MiB
2026/02/25 17:25:08.752, 1, NVIDIA A10G, 0 %, 0 %, 2003 MiB, 23028 MiB
2026/02/25 17:25:08.752, 2, NVIDIA A10G, 23 %, 8 %, 1729 MiB, 23028 MiB
2026/02/25 17:25:08.752, 3, NVIDIA A10G, 0 %, 0 %, 0 MiB, 23028 MiB
2026/02/25 17:25:09.752, 0, NVIDIA A10G, 21 %, 7 %, 2161 MiB, 23028 MiB
2026/02/25 17:25:09.753, 1, NVIDIA A10G, 21 %, 8 %, 2003 MiB, 23028 MiB
2026/02/25 17:25:09.753, 2, NVIDIA A10G, 22 %, 8 %, 1729 MiB, 23028 MiB
2026/02/25 17:25:09.753, 3, NVIDIA A10G, 0 %, 0 %, 0 MiB, 23028 MiB
2026/02/25 17:25:10.753, 0, NVIDIA A10G, 13 %, 4 %, 2161 MiB, 23028 MiB
2026/02/25 17:25:10.753, 1, NVIDIA A10G, 20 %, 7 %, 2003 MiB, 23028 MiB
2026/02/25 17:25:10.753, 2, NVIDIA A10G, 21 %, 7 %, 1729 MiB, 23028 MiB
2026/02/25 17:25:10.753, 3, NVIDIA A10G, 0 %, 0 %, 0 MiB, 23028 MiB
2026/02/25 17:25:11.753, 0, NVIDIA A10G, 0 %, 0 %, 2161 MiB, 23028 MiB
2026/02/25 17:25:11.753, 1, NVIDIA A10G, 20 %, 6 %, 2003 MiB, 23028 MiB
2026/02/25 17:25:11.753, 2, NVIDIA A10G, 19 %, 6 %, 1729 MiB, 23028 MiB
2026/02/25 17:25:11.753, 3, NVIDIA A10G, 0 %, 0 %, 0 MiB, 23028 MiB
2026/02/25 17:25:12.754, 0, NVIDIA A10G, 0 %, 0 %, 2161 MiB, 23028 MiB
2026/02/25 17:25:12.754, 1, NVIDIA A10G, 21 %, 7 %, 2003 MiB, 23028 MiB
2026/02/25 17:25:12.754, 2, NVIDIA A10G, 20 %, 7 %, 1729 MiB, 23028 MiB
2026/02/25 17:25:12.754, 3, NVIDIA A10G, 0 %, 0 %, 0 MiB, 23028 MiB
2026/02/25 17:25:13.754, 0, NVIDIA A10G, 0 %, 0 %, 2161 MiB, 23028 MiB
2026/02/25 17:25:13.754, 1, NVIDIA A10G, 22 %, 7 %, 2003 MiB, 23028 MiB
2026/02/25 17:25:13.754, 2, NVIDIA A10G, 0 %, 0 %, 1729 MiB, 23028 MiB
2026/02/25 17:25:13.754, 3, NVIDIA A10G, 0 %, 0 %, 0 MiB, 23028 MiB
2026/02/25 17:25:14.754, 0, NVIDIA A10G, 0 %, 0 %, 2161 MiB, 23028 MiB
2026/02/25 17:25:14.754, 1, NVIDIA A10G, 21 %, 7 %, 2003 MiB, 23028 MiB
2026/02/25 17:25:14.754, 2, NVIDIA A10G, 0 %, 0 %, 1729 MiB, 23028 MiB
2026/02/25 17:25:14.754, 3, NVIDIA A10G, 0 %, 0 %, 0 MiB, 23028 MiB
2026/02/25 17:25:15.755, 0, NVIDIA A10G, 0 %, 0 %, 2161 MiB, 23028 MiB
2026/02/25 17:25:15.755, 1, NVIDIA A10G, 24 %, 8 %, 2003 MiB, 23028 MiB
2026/02/25 17:25:15.755, 2, NVIDIA A10G, 0 %, 0 %, 1729 MiB, 23028 MiB
2026/02/25 17:25:15.755, 3, NVIDIA A10G, 0 %, 0 %, 0 MiB, 23028 MiB
2026/02/25 17:25:16.755, 0, NVIDIA A10G, 0 %, 0 %, 2161 MiB, 23028 MiB
2026/02/25 17:25:16.755, 1, NVIDIA A10G, 22 %, 7 %, 2003 MiB, 23028 MiB
2026/02/25 17:25:16.755, 2, NVIDIA A10G, 0 %, 0 %, 1729 MiB, 23028 MiB
2026/02/25 17:25:16.755, 3, NVIDIA A10G, 0 %, 0 %, 0 MiB, 23028 MiB
2026/02/25 17:25:17.755, 0, NVIDIA A10G, 0 %, 0 %, 2161 MiB, 23028 MiB
2026/02/25 17:25:17.755, 1, NVIDIA A10G, 13 %, 4 %, 2003 MiB, 23028 MiB
2026/02/25 17:25:17.755, 2, NVIDIA A10G, 0 %, 0 %, 1729 MiB, 23028 MiB
2026/02/25 17:25:17.755, 3, NVIDIA A10G, 0 %, 0 %, 0 MiB, 23028 MiB
2026/02/25 17:25:18.756, 0, NVIDIA A10G, 0 %, 0 %, 2161 MiB, 23028 MiB
2026/02/25 17:25:18.756, 1, NVIDIA A10G, 22 %, 8 %, 2003 MiB, 23028 MiB
2026/02/25 17:25:18.756, 2, NVIDIA A10G, 0 %, 0 %, 1729 MiB, 23028 MiB
2026/02/25 17:25:18.756, 3, NVIDIA A10G, 0 %, 0 %, 0 MiB, 23028 MiB
2026/02/25 17:25:19.756, 0, NVIDIA A10G, 0 %, 0 %, 2161 MiB, 23028 MiB
2026/02/25 17:25:19.756, 1, NVIDIA A10G, 0 %, 0 %, 2003 MiB, 23028 MiB
2026/02/25 17:25:19.756, 2, NVIDIA A10G, 0 %, 0 %, 1729 MiB, 23028 MiB
2026/02/25 17:25:19.756, 3, NVIDIA A10G, 0 %, 0 %, 0 MiB, 23028 MiB
2026/02/25 17:25:20.756, 0, NVIDIA A10G, 24 %, 8 %, 2161 MiB, 23028 MiB
2026/02/25 17:25:20.756, 1, NVIDIA A10G, 0 %, 0 %, 2003 MiB, 23028 MiB
2026/02/25 17:25:20.757, 2, NVIDIA A10G, 0 %, 0 %, 1729 MiB, 23028 MiB
2026/02/25 17:25:20.757, 3, NVIDIA A10G, 0 %, 0 %, 0 MiB, 23028 MiB
2026/02/25 17:25:21.757, 0, NVIDIA A10G, 19 %, 6 %, 2161 MiB, 23028 MiB
2026/02/25 17:25:21.757, 1, NVIDIA A10G, 0 %, 0 %, 2003 MiB, 23028 MiB
2026/02/25 17:25:21.757, 2, NVIDIA A10G, 80 %, 51 %, 1729 MiB, 23028 MiB
2026/02/25 17:25:21.757, 3, NVIDIA A10G, 0 %, 0 %, 0 MiB, 23028 MiB
2026/02/25 17:25:22.757, 0, NVIDIA A10G, 23 %, 8 %, 2161 MiB, 23028 MiB
2026/02/25 17:25:22.757, 1, NVIDIA A10G, 0 %, 0 %, 2003 MiB, 23028 MiB
2026/02/25 17:25:22.757, 2, NVIDIA A10G, 16 %, 5 %, 1729 MiB, 23028 MiB
2026/02/25 17:25:22.757, 3, NVIDIA A10G, 0 %, 0 %, 0 MiB, 23028 MiB
2026/02/25 17:25:23.757, 0, NVIDIA A10G, 23 %, 9 %, 2161 MiB, 23028 MiB
2026/02/25 17:25:23.758, 1, NVIDIA A10G, 0 %, 0 %, 2003 MiB, 23028 MiB
2026/02/25 17:25:23.758, 2, NVIDIA A10G, 21 %, 7 %, 1729 MiB, 23028 MiB
2026/02/25 17:25:23.758, 3, NVIDIA A10G, 0 %, 0 %, 0 MiB, 23028 MiB
2026/02/25 17:25:24.758, 0, NVIDIA A10G, 22 %, 8 %, 2161 MiB, 23028 MiB
2026/02/25 17:25:24.758, 1, NVIDIA A10G, 0 %, 0 %, 2003 MiB, 23028 MiB
2026/02/25 17:25:24.758, 2, NVIDIA A10G, 19 %, 6 %, 1729 MiB, 23028 MiB
2026/02/25 17:25:24.758, 3, NVIDIA A10G, 0 %, 0 %, 0 MiB, 23028 MiB
2026/02/25 17:25:25.758, 0, NVIDIA A10G, 23 %, 9 %, 2161 MiB, 23028 MiB
2026/02/25 17:25:25.759, 1, NVIDIA A10G, 0 %, 0 %, 2003 MiB, 23028 MiB
2026/02/25 17:25:25.759, 2, NVIDIA A10G, 20 %, 7 %, 1729 MiB, 23028 MiB
2026/02/25 17:25:25.759, 3, NVIDIA A10G, 0 %, 0 %, 0 MiB, 23028 MiB
2026/02/25 17:25:26.759, 0, NVIDIA A10G, 22 %, 7 %, 2161 MiB, 23028 MiB
2026/02/25 17:25:26.759, 1, NVIDIA A10G, 0 %, 0 %, 2003 MiB, 23028 MiB
2026/02/25 17:25:26.759, 2, NVIDIA A10G, 18 %, 6 %, 1729 MiB, 23028 MiB
2026/02/25 17:25:26.759, 3, NVIDIA A10G, 0 %, 0 %, 0 MiB, 23028 MiB
2026/02/25 17:25:27.759, 0, NVIDIA A10G, 21 %, 8 %, 2161 MiB, 23028 MiB
2026/02/25 17:25:27.759, 1, NVIDIA A10G, 0 %, 0 %, 2003 MiB, 23028 MiB
2026/02/25 17:25:27.759, 2, NVIDIA A10G, 21 %, 7 %, 1729 MiB, 23028 MiB
2026/02/25 17:25:27.759, 3, NVIDIA A10G, 0 %, 0 %, 0 MiB, 23028 MiB
2026/02/25 17:25:28.760, 0, NVIDIA A10G, 21 %, 7 %, 2161 MiB, 23028 MiB
2026/02/25 17:25:28.760, 1, NVIDIA A10G, 0 %, 0 %, 2003 MiB, 23028 MiB
2026/02/25 17:25:28.760, 2, NVIDIA A10G, 18 %, 6 %, 1729 MiB, 23028 MiB
2026/02/25 17:25:28.760, 3, NVIDIA A10G, 0 %, 0 %, 0 MiB, 23028 MiB
2026/02/25 17:25:29.760, 0, NVIDIA A10G, 0 %, 0 %, 2161 MiB, 23028 MiB
2026/02/25 17:25:29.760, 1, NVIDIA A10G, 78 %, 53 %, 2003 MiB, 23028 MiB
2026/02/25 17:25:29.760, 2, NVIDIA A10G, 22 %, 8 %, 1729 MiB, 23028 MiB
2026/02/25 17:25:29.760, 3, NVIDIA A10G, 0 %, 0 %, 0 MiB, 23028 MiB
2026/02/25 17:25:30.760, 0, NVIDIA A10G, 0 %, 0 %, 2161 MiB, 23028 MiB
2026/02/25 17:25:30.761, 1, NVIDIA A10G, 20 %, 7 %, 2003 MiB, 23028 MiB
2026/02/25 17:25:30.761, 2, NVIDIA A10G, 20 %, 7 %, 1729 MiB, 23028 MiB
2026/02/25 17:25:30.761, 3, NVIDIA A10G, 0 %, 0 %, 0 MiB, 23028 MiB
2026/02/25 17:25:31.761, 0, NVIDIA A10G, 0 %, 0 %, 2161 MiB, 23028 MiB
2026/02/25 17:25:31.761, 1, NVIDIA A10G, 21 %, 6 %, 2003 MiB, 23028 MiB
2026/02/25 17:25:31.761, 2, NVIDIA A10G, 19 %, 6 %, 1729 MiB, 23028 MiB
2026/02/25 17:25:31.761, 3, NVIDIA A10G, 0 %, 0 %, 0 MiB, 23028 MiB
2026/02/25 17:25:32.761, 0, NVIDIA A10G, 0 %, 0 %, 2161 MiB, 23028 MiB
2026/02/25 17:25:32.761, 1, NVIDIA A10G, 20 %, 7 %, 2003 MiB, 23028 MiB
2026/02/25 17:25:32.761, 2, NVIDIA A10G, 19 %, 6 %, 1729 MiB, 23028 MiB
2026/02/25 17:25:32.761, 3, NVIDIA A10G, 0 %, 0 %, 0 MiB, 23028 MiB
2026/02/25 17:25:33.762, 0, NVIDIA A10G, 0 %, 0 %, 2161 MiB, 23028 MiB
2026/02/25 17:25:33.762, 1, NVIDIA A10G, 23 %, 8 %, 2003 MiB, 23028 MiB
2026/02/25 17:25:33.762, 2, NVIDIA A10G, 0 %, 0 %, 1729 MiB, 23028 MiB
2026/02/25 17:25:33.762, 3, NVIDIA A10G, 0 %, 0 %, 0 MiB, 23028 MiB
2026/02/25 17:25:34.762, 0, NVIDIA A10G, 20 %, 7 %, 2161 MiB, 23028 MiB
2026/02/25 17:25:34.762, 1, NVIDIA A10G, 21 %, 8 %, 2003 MiB, 23028 MiB
2026/02/25 17:25:34.762, 2, NVIDIA A10G, 0 %, 0 %, 1729 MiB, 23028 MiB
2026/02/25 17:25:34.762, 3, NVIDIA A10G, 0 %, 0 %, 0 MiB, 23028 MiB
2026/02/25 17:25:35.762, 0, NVIDIA A10G, 20 %, 7 %, 2161 MiB, 23028 MiB
2026/02/25 17:25:35.763, 1, NVIDIA A10G, 22 %, 7 %, 2003 MiB, 23028 MiB
2026/02/25 17:25:35.763, 2, NVIDIA A10G, 0 %, 0 %, 1729 MiB, 23028 MiB
2026/02/25 17:25:35.763, 3, NVIDIA A10G, 0 %, 0 %, 0 MiB, 23028 MiB
2026/02/25 17:25:36.763, 0, NVIDIA A10G, 21 %, 7 %, 2161 MiB, 23028 MiB
2026/02/25 17:25:36.763, 1, NVIDIA A10G, 19 %, 7 %, 2003 MiB, 23028 MiB
2026/02/25 17:25:36.763, 2, NVIDIA A10G, 0 %, 0 %, 1729 MiB, 23028 MiB
2026/02/25 17:25:36.763, 3, NVIDIA A10G, 0 %, 0 %, 0 MiB, 23028 MiB
2026/02/25 17:25:37.763, 0, NVIDIA A10G, 20 %, 6 %, 2161 MiB, 23028 MiB
2026/02/25 17:25:37.763, 1, NVIDIA A10G, 20 %, 7 %, 2003 MiB, 23028 MiB
2026/02/25 17:25:37.763, 2, NVIDIA A10G, 0 %, 0 %, 1729 MiB, 23028 MiB
2026/02/25 17:25:37.763, 3, NVIDIA A10G, 0 %, 0 %, 0 MiB, 23028 MiB
2026/02/25 17:25:38.763, 0, NVIDIA A10G, 18 %, 6 %, 2161 MiB, 23028 MiB
2026/02/25 17:25:38.764, 1, NVIDIA A10G, 16 %, 5 %, 2003 MiB, 23028 MiB
2026/02/25 17:25:38.764, 2, NVIDIA A10G, 20 %, 7 %, 1729 MiB, 23028 MiB
2026/02/25 17:25:38.764, 3, NVIDIA A10G, 0 %, 0 %, 0 MiB, 23028 MiB
2026/02/25 17:25:39.764, 0, NVIDIA A10G, 1 %, 0 %, 2161 MiB, 23028 MiB
2026/02/25 17:25:39.764, 1, NVIDIA A10G, 20 %, 6 %, 2003 MiB, 23028 MiB
2026/02/25 17:25:39.764, 2, NVIDIA A10G, 16 %, 5 %, 1729 MiB, 23028 MiB
2026/02/25 17:25:39.764, 3, NVIDIA A10G, 0 %, 0 %, 0 MiB, 23028 MiB
2026/02/25 17:25:40.764, 0, NVIDIA A10G, 0 %, 0 %, 2161 MiB, 23028 MiB
2026/02/25 17:25:40.764, 1, NVIDIA A10G, 20 %, 6 %, 2003 MiB, 23028 MiB
2026/02/25 17:25:40.764, 2, NVIDIA A10G, 19 %, 6 %, 1729 MiB, 23028 MiB
2026/02/25 17:25:40.764, 3, NVIDIA A10G, 0 %, 0 %, 0 MiB, 23028 MiB
2026/02/25 17:25:41.764, 0, NVIDIA A10G, 0 %, 0 %, 2161 MiB, 23028 MiB
2026/02/25 17:25:41.765, 1, NVIDIA A10G, 19 %, 6 %, 2003 MiB, 23028 MiB
2026/02/25 17:25:41.765, 2, NVIDIA A10G, 20 %, 7 %, 1729 MiB, 23028 MiB
2026/02/25 17:25:41.765, 3, NVIDIA A10G, 0 %, 0 %, 0 MiB, 23028 MiB
2026/02/25 17:25:42.765, 0, NVIDIA A10G, 0 %, 0 %, 2161 MiB, 23028 MiB
2026/02/25 17:25:42.765, 1, NVIDIA A10G, 13 %, 4 %, 2003 MiB, 23028 MiB
2026/02/25 17:25:42.765, 2, NVIDIA A10G, 20 %, 6 %, 1729 MiB, 23028 MiB
2026/02/25 17:25:42.765, 3, NVIDIA A10G, 0 %, 0 %, 0 MiB, 23028 MiB
2026/02/25 17:25:43.765, 0, NVIDIA A10G, 40 %, 30 %, 2161 MiB, 23028 MiB
2026/02/25 17:25:43.765, 1, NVIDIA A10G, 0 %, 0 %, 2003 MiB, 23028 MiB
2026/02/25 17:25:43.765, 2, NVIDIA A10G, 22 %, 8 %, 1729 MiB, 23028 MiB
2026/02/25 17:25:43.765, 3, NVIDIA A10G, 0 %, 0 %, 0 MiB, 23028 MiB
2026/02/25 17:25:44.766, 0, NVIDIA A10G, 23 %, 8 %, 2161 MiB, 23028 MiB
2026/02/25 17:25:44.766, 1, NVIDIA A10G, 0 %, 0 %, 2003 MiB, 23028 MiB
2026/02/25 17:25:44.766, 2, NVIDIA A10G, 0 %, 0 %, 1729 MiB, 23028 MiB
2026/02/25 17:25:44.766, 3, NVIDIA A10G, 0 %, 0 %, 0 MiB, 23028 MiB
2026/02/25 17:25:45.766, 0, NVIDIA A10G, 22 %, 7 %, 2161 MiB, 23028 MiB
2026/02/25 17:25:45.766, 1, NVIDIA A10G, 0 %, 0 %, 2003 MiB, 23028 MiB
2026/02/25 17:25:45.766, 2, NVIDIA A10G, 0 %, 0 %, 1729 MiB, 23028 MiB
2026/02/25 17:25:45.766, 3, NVIDIA A10G, 0 %, 0 %, 0 MiB, 23028 MiB
2026/02/25 17:25:46.766, 0, NVIDIA A10G, 24 %, 9 %, 2161 MiB, 23028 MiB
2026/02/25 17:25:46.766, 1, NVIDIA A10G, 0 %, 0 %, 2003 MiB, 23028 MiB
2026/02/25 17:25:46.766, 2, NVIDIA A10G, 0 %, 0 %, 1729 MiB, 23028 MiB
2026/02/25 17:25:46.766, 3, NVIDIA A10G, 0 %, 0 %, 0 MiB, 23028 MiB
2026/02/25 17:25:47.766, 0, NVIDIA A10G, 20 %, 7 %, 2161 MiB, 23028 MiB
2026/02/25 17:25:47.767, 1, NVIDIA A10G, 0 %, 0 %, 2003 MiB, 23028 MiB
2026/02/25 17:25:47.767, 2, NVIDIA A10G, 0 %, 0 %, 1729 MiB, 23028 MiB
2026/02/25 17:25:47.767, 3, NVIDIA A10G, 0 %, 0 %, 0 MiB, 23028 MiB
2026/02/25 17:25:48.767, 0, NVIDIA A10G, 1 %, 1 %, 2161 MiB, 23028 MiB
2026/02/25 17:25:48.767, 1, NVIDIA A10G, 0 %, 0 %, 2003 MiB, 23028 MiB
2026/02/25 17:25:48.767, 2, NVIDIA A10G, 0 %, 0 %, 1729 MiB, 23028 MiB
2026/02/25 17:25:48.767, 3, NVIDIA A10G, 0 %, 0 %, 0 MiB, 23028 MiB
2026/02/25 17:25:49.767, 0, NVIDIA A10G, 0 %, 0 %, 2161 MiB, 23028 MiB
2026/02/25 17:25:49.767, 1, NVIDIA A10G, 0 %, 0 %, 2003 MiB, 23028 MiB
2026/02/25 17:25:49.767, 2, NVIDIA A10G, 0 %, 0 %, 1729 MiB, 23028 MiB
2026/02/25 17:25:49.768, 3, NVIDIA A10G, 0 %, 0 %, 0 MiB, 23028 MiB
2026/02/25 17:25:50.768, 0, NVIDIA A10G, 0 %, 0 %, 2161 MiB, 23028 MiB
2026/02/25 17:25:50.768, 1, NVIDIA A10G, 22 %, 7 %, 2003 MiB, 23028 MiB
2026/02/25 17:25:50.768, 2, NVIDIA A10G, 0 %, 0 %, 1729 MiB, 23028 MiB
2026/02/25 17:25:50.768, 3, NVIDIA A10G, 0 %, 0 %, 0 MiB, 23028 MiB
2026/02/25 17:25:51.768, 0, NVIDIA A10G, 0 %, 0 %, 2161 MiB, 23028 MiB
2026/02/25 17:25:51.768, 1, NVIDIA A10G, 23 %, 8 %, 2003 MiB, 23028 MiB
2026/02/25 17:25:51.768, 2, NVIDIA A10G, 0 %, 0 %, 1729 MiB, 23028 MiB
2026/02/25 17:25:51.768, 3, NVIDIA A10G, 0 %, 0 %, 0 MiB, 23028 MiB
2026/02/25 17:25:52.768, 0, NVIDIA A10G, 0 %, 0 %, 2161 MiB, 23028 MiB
2026/02/25 17:25:52.769, 1, NVIDIA A10G, 18 %, 6 %, 2003 MiB, 23028 MiB
2026/02/25 17:25:52.769, 2, NVIDIA A10G, 17 %, 5 %, 1729 MiB, 23028 MiB
2026/02/25 17:25:52.769, 3, NVIDIA A10G, 0 %, 0 %, 0 MiB, 23028 MiB
2026/02/25 17:25:53.769, 0, NVIDIA A10G, 0 %, 0 %, 2161 MiB, 23028 MiB
2026/02/25 17:25:53.769, 1, NVIDIA A10G, 24 %, 8 %, 2003 MiB, 23028 MiB
2026/02/25 17:25:53.769, 2, NVIDIA A10G, 21 %, 8 %, 1729 MiB, 23028 MiB
2026/02/25 17:25:53.769, 3, NVIDIA A10G, 0 %, 0 %, 0 MiB, 23028 MiB
2026/02/25 17:25:54.769, 0, NVIDIA A10G, 0 %, 0 %, 2161 MiB, 23028 MiB
2026/02/25 17:25:54.769, 1, NVIDIA A10G, 20 %, 6 %, 2003 MiB, 23028 MiB
2026/02/25 17:25:54.769, 2, NVIDIA A10G, 21 %, 7 %, 1729 MiB, 23028 MiB
2026/02/25 17:25:54.769, 3, NVIDIA A10G, 0 %, 0 %, 0 MiB, 23028 MiB
2026/02/25 17:25:55.769, 0, NVIDIA A10G, 0 %, 0 %, 2161 MiB, 23028 MiB
2026/02/25 17:25:55.770, 1, NVIDIA A10G, 19 %, 6 %, 2003 MiB, 23028 MiB
2026/02/25 17:25:55.770, 2, NVIDIA A10G, 20 %, 6 %, 1729 MiB, 23028 MiB
2026/02/25 17:25:55.770, 3, NVIDIA A10G, 0 %, 0 %, 0 MiB, 23028 MiB
2026/02/25 17:25:56.770, 0, NVIDIA A10G, 0 %, 0 %, 2161 MiB, 23028 MiB
2026/02/25 17:25:56.770, 1, NVIDIA A10G, 19 %, 6 %, 2003 MiB, 23028 MiB
2026/02/25 17:25:56.770, 2, NVIDIA A10G, 21 %, 7 %, 1729 MiB, 23028 MiB
2026/02/25 17:25:56.770, 3, NVIDIA A10G, 0 %, 0 %, 0 MiB, 23028 MiB
2026/02/25 17:25:57.770, 0, NVIDIA A10G, 0 %, 0 %, 2161 MiB, 23028 MiB
2026/02/25 17:25:57.770, 1, NVIDIA A10G, 18 %, 6 %, 2003 MiB, 23028 MiB
2026/02/25 17:25:57.770, 2, NVIDIA A10G, 20 %, 6 %, 1729 MiB, 23028 MiB
2026/02/25 17:25:57.770, 3, NVIDIA A10G, 0 %, 0 %, 0 MiB, 23028 MiB
2026/02/25 17:25:58.770, 0, NVIDIA A10G, 0 %, 0 %, 2161 MiB, 23028 MiB
2026/02/25 17:25:58.771, 1, NVIDIA A10G, 0 %, 0 %, 2003 MiB, 23028 MiB
2026/02/25 17:25:58.771, 2, NVIDIA A10G, 22 %, 7 %, 1729 MiB, 23028 MiB
2026/02/25 17:25:58.771, 3, NVIDIA A10G, 0 %, 0 %, 0 MiB, 23028 MiB
2026/02/25 17:25:59.771, 0, NVIDIA A10G, 0 %, 0 %, 2161 MiB, 23028 MiB
2026/02/25 17:25:59.771, 1, NVIDIA A10G, 0 %, 0 %, 2003 MiB, 23028 MiB
2026/02/25 17:25:59.771, 2, NVIDIA A10G, 22 %, 8 %, 1729 MiB, 23028 MiB
2026/02/25 17:25:59.771, 3, NVIDIA A10G, 0 %, 0 %, 0 MiB, 23028 MiB
2026/02/25 17:26:00.771, 0, NVIDIA A10G, 18 %, 6 %, 2161 MiB, 23028 MiB
2026/02/25 17:26:00.771, 1, NVIDIA A10G, 0 %, 0 %, 2003 MiB, 23028 MiB
2026/02/25 17:26:00.771, 2, NVIDIA A10G, 21 %, 7 %, 1729 MiB, 23028 MiB
2026/02/25 17:26:00.772, 3, NVIDIA A10G, 0 %, 0 %, 0 MiB, 23028 MiB
2026/02/25 17:26:01.772, 0, NVIDIA A10G, 22 %, 8 %, 2161 MiB, 23028 MiB
2026/02/25 17:26:01.772, 1, NVIDIA A10G, 0 %, 0 %, 2003 MiB, 23028 MiB
2026/02/25 17:26:01.772, 2, NVIDIA A10G, 12 %, 4 %, 1729 MiB, 23028 MiB
2026/02/25 17:26:01.772, 3, NVIDIA A10G, 0 %, 0 %, 0 MiB, 23028 MiB
2026/02/25 17:26:02.772, 0, NVIDIA A10G, 21 %, 7 %, 2161 MiB, 23028 MiB
2026/02/25 17:26:02.772, 1, NVIDIA A10G, 0 %, 0 %, 2003 MiB, 23028 MiB
2026/02/25 17:26:02.772, 2, NVIDIA A10G, 0 %, 0 %, 1729 MiB, 23028 MiB
2026/02/25 17:26:02.772, 3, NVIDIA A10G, 0 %, 0 %, 0 MiB, 23028 MiB
2026/02/25 17:26:03.773, 0, NVIDIA A10G, 21 %, 8 %, 2161 MiB, 23028 MiB
2026/02/25 17:26:03.773, 1, NVIDIA A10G, 0 %, 0 %, 2003 MiB, 23028 MiB
2026/02/25 17:26:03.773, 2, NVIDIA A10G, 0 %, 0 %, 1729 MiB, 23028 MiB
2026/02/25 17:26:03.773, 3, NVIDIA A10G, 0 %, 0 %, 0 MiB, 23028 MiB
2026/02/25 17:26:04.773, 0, NVIDIA A10G, 23 %, 8 %, 2161 MiB, 23028 MiB
2026/02/25 17:26:04.773, 1, NVIDIA A10G, 0 %, 0 %, 2003 MiB, 23028 MiB
2026/02/25 17:26:04.773, 2, NVIDIA A10G, 0 %, 0 %, 1729 MiB, 23028 MiB
2026/02/25 17:26:04.773, 3, NVIDIA A10G, 0 %, 0 %, 0 MiB, 23028 MiB
2026/02/25 17:26:05.773, 0, NVIDIA A10G, 22 %, 7 %, 2161 MiB, 23028 MiB
2026/02/25 17:26:05.773, 1, NVIDIA A10G, 0 %, 0 %, 2003 MiB, 23028 MiB
2026/02/25 17:26:05.773, 2, NVIDIA A10G, 0 %, 0 %, 1729 MiB, 23028 MiB
2026/02/25 17:26:05.773, 3, NVIDIA A10G, 0 %, 0 %, 0 MiB, 23028 MiB
2026/02/25 17:26:06.774, 0, NVIDIA A10G, 20 %, 7 %, 2161 MiB, 23028 MiB
2026/02/25 17:26:06.774, 1, NVIDIA A10G, 0 %, 0 %, 2003 MiB, 23028 MiB
2026/02/25 17:26:06.774, 2, NVIDIA A10G, 0 %, 0 %, 1729 MiB, 23028 MiB
2026/02/25 17:26:06.774, 3, NVIDIA A10G, 0 %, 0 %, 0 MiB, 23028 MiB
2026/02/25 17:26:07.774, 0, NVIDIA A10G, 22 %, 8 %, 2161 MiB, 23028 MiB
2026/02/25 17:26:07.774, 1, NVIDIA A10G, 0 %, 0 %, 2003 MiB, 23028 MiB
2026/02/25 17:26:07.774, 2, NVIDIA A10G, 0 %, 0 %, 1729 MiB, 23028 MiB
2026/02/25 17:26:07.774, 3, NVIDIA A10G, 0 %, 0 %, 0 MiB, 23028 MiB
2026/02/25 17:26:08.774, 0, NVIDIA A10G, 21 %, 8 %, 2161 MiB, 23028 MiB
2026/02/25 17:26:08.774, 1, NVIDIA A10G, 0 %, 0 %, 2003 MiB, 23028 MiB
2026/02/25 17:26:08.774, 2, NVIDIA A10G, 0 %, 0 %, 1729 MiB, 23028 MiB
2026/02/25 17:26:08.774, 3, NVIDIA A10G, 0 %, 0 %, 0 MiB, 23028 MiB
2026/02/25 17:26:09.775, 0, NVIDIA A10G, 23 %, 8 %, 2161 MiB, 23028 MiB
2026/02/25 17:26:09.775, 1, NVIDIA A10G, 0 %, 0 %, 2003 MiB, 23028 MiB
2026/02/25 17:26:09.775, 2, NVIDIA A10G, 82 %, 55 %, 1729 MiB, 23028 MiB
2026/02/25 17:26:09.775, 3, NVIDIA A10G, 0 %, 0 %, 0 MiB, 23028 MiB
2026/02/25 17:26:10.775, 0, NVIDIA A10G, 0 %, 0 %, 2161 MiB, 23028 MiB
2026/02/25 17:26:10.775, 1, NVIDIA A10G, 83 %, 55 %, 2003 MiB, 23028 MiB
2026/02/25 17:26:10.775, 2, NVIDIA A10G, 21 %, 7 %, 1729 MiB, 23028 MiB
2026/02/25 17:26:10.775, 3, NVIDIA A10G, 0 %, 0 %, 0 MiB, 23028 MiB
2026/02/25 17:26:11.776, 0, NVIDIA A10G, 0 %, 0 %, 2161 MiB, 23028 MiB
2026/02/25 17:26:11.776, 1, NVIDIA A10G, 20 %, 7 %, 2003 MiB, 23028 MiB
2026/02/25 17:26:11.776, 2, NVIDIA A10G, 19 %, 7 %, 1729 MiB, 23028 MiB
2026/02/25 17:26:11.776, 3, NVIDIA A10G, 0 %, 0 %, 0 MiB, 23028 MiB
2026/02/25 17:26:12.776, 0, NVIDIA A10G, 0 %, 0 %, 2161 MiB, 23028 MiB
2026/02/25 17:26:12.776, 1, NVIDIA A10G, 23 %, 8 %, 2003 MiB, 23028 MiB
2026/02/25 17:26:12.776, 2, NVIDIA A10G, 21 %, 7 %, 1729 MiB, 23028 MiB
2026/02/25 17:26:12.776, 3, NVIDIA A10G, 0 %, 0 %, 0 MiB, 23028 MiB
2026/02/25 17:26:13.777, 0, NVIDIA A10G, 0 %, 0 %, 2161 MiB, 23028 MiB
2026/02/25 17:26:13.777, 1, NVIDIA A10G, 22 %, 8 %, 2003 MiB, 23028 MiB
2026/02/25 17:26:13.777, 2, NVIDIA A10G, 22 %, 8 %, 1729 MiB, 23028 MiB
2026/02/25 17:26:13.777, 3, NVIDIA A10G, 0 %, 0 %, 0 MiB, 23028 MiB
2026/02/25 17:26:14.777, 0, NVIDIA A10G, 0 %, 0 %, 2161 MiB, 23028 MiB
2026/02/25 17:26:14.777, 1, NVIDIA A10G, 20 %, 6 %, 2003 MiB, 23028 MiB
2026/02/25 17:26:14.777, 2, NVIDIA A10G, 19 %, 7 %, 1729 MiB, 23028 MiB
2026/02/25 17:26:14.777, 3, NVIDIA A10G, 0 %, 0 %, 0 MiB, 23028 MiB
2026/02/25 17:26:15.777, 0, NVIDIA A10G, 0 %, 0 %, 2161 MiB, 23028 MiB
2026/02/25 17:26:15.777, 1, NVIDIA A10G, 22 %, 8 %, 2003 MiB, 23028 MiB
2026/02/25 17:26:15.777, 2, NVIDIA A10G, 20 %, 7 %, 1729 MiB, 23028 MiB
2026/02/25 17:26:15.777, 3, NVIDIA A10G, 0 %, 0 %, 0 MiB, 23028 MiB
2026/02/25 17:26:16.778, 0, NVIDIA A10G, 0 %, 0 %, 2161 MiB, 23028 MiB
2026/02/25 17:26:16.778, 1, NVIDIA A10G, 22 %, 7 %, 2003 MiB, 23028 MiB
2026/02/25 17:26:16.778, 2, NVIDIA A10G, 20 %, 7 %, 1729 MiB, 23028 MiB
2026/02/25 17:26:16.778, 3, NVIDIA A10G, 0 %, 0 %, 0 MiB, 23028 MiB
2026/02/25 17:26:17.778, 0, NVIDIA A10G, 0 %, 0 %, 2161 MiB, 23028 MiB
2026/02/25 17:26:17.778, 1, NVIDIA A10G, 21 %, 7 %, 2003 MiB, 23028 MiB
2026/02/25 17:26:17.778, 2, NVIDIA A10G, 21 %, 7 %, 1729 MiB, 23028 MiB
2026/02/25 17:26:17.778, 3, NVIDIA A10G, 0 %, 0 %, 0 MiB, 23028 MiB
2026/02/25 17:26:18.778, 0, NVIDIA A10G, 0 %, 0 %, 2161 MiB, 23028 MiB
2026/02/25 17:26:18.778, 1, NVIDIA A10G, 21 %, 7 %, 2003 MiB, 23028 MiB
2026/02/25 17:26:18.778, 2, NVIDIA A10G, 21 %, 7 %, 1729 MiB, 23028 MiB
2026/02/25 17:26:18.778, 3, NVIDIA A10G, 0 %, 0 %, 0 MiB, 23028 MiB
2026/02/25 17:26:19.779, 0, NVIDIA A10G, 0 %, 0 %, 2161 MiB, 23028 MiB
2026/02/25 17:26:19.779, 1, NVIDIA A10G, 23 %, 8 %, 2003 MiB, 23028 MiB
2026/02/25 17:26:19.779, 2, NVIDIA A10G, 0 %, 0 %, 1729 MiB, 23028 MiB
2026/02/25 17:26:19.779, 3, NVIDIA A10G, 0 %, 0 %, 0 MiB, 23028 MiB
2026/02/25 17:26:20.779, 0, NVIDIA A10G, 0 %, 0 %, 2161 MiB, 23028 MiB
2026/02/25 17:26:20.779, 1, NVIDIA A10G, 23 %, 8 %, 2003 MiB, 23028 MiB
2026/02/25 17:26:20.779, 2, NVIDIA A10G, 0 %, 0 %, 1729 MiB, 23028 MiB
2026/02/25 17:26:20.779, 3, NVIDIA A10G, 0 %, 0 %, 0 MiB, 23028 MiB
2026/02/25 17:26:21.779, 0, NVIDIA A10G, 0 %, 0 %, 2161 MiB, 23028 MiB
2026/02/25 17:26:21.779, 1, NVIDIA A10G, 24 %, 8 %, 2003 MiB, 23028 MiB
2026/02/25 17:26:21.780, 2, NVIDIA A10G, 0 %, 0 %, 1729 MiB, 23028 MiB
2026/02/25 17:26:21.780, 3, NVIDIA A10G, 0 %, 0 %, 0 MiB, 23028 MiB
2026/02/25 17:26:22.780, 0, NVIDIA A10G, 78 %, 49 %, 2161 MiB, 23028 MiB
2026/02/25 17:26:22.780, 1, NVIDIA A10G, 23 %, 8 %, 2003 MiB, 23028 MiB
2026/02/25 17:26:22.780, 2, NVIDIA A10G, 0 %, 0 %, 1729 MiB, 23028 MiB
2026/02/25 17:26:22.780, 3, NVIDIA A10G, 0 %, 0 %, 0 MiB, 23028 MiB
2026/02/25 17:26:23.780, 0, NVIDIA A10G, 18 %, 6 %, 2161 MiB, 23028 MiB
2026/02/25 17:26:23.780, 1, NVIDIA A10G, 22 %, 7 %, 2003 MiB, 23028 MiB
2026/02/25 17:26:23.780, 2, NVIDIA A10G, 0 %, 0 %, 1729 MiB, 23028 MiB
2026/02/25 17:26:23.780, 3, NVIDIA A10G, 0 %, 0 %, 0 MiB, 23028 MiB
2026/02/25 17:26:24.780, 0, NVIDIA A10G, 20 %, 7 %, 2161 MiB, 23028 MiB
2026/02/25 17:26:24.781, 1, NVIDIA A10G, 22 %, 7 %, 2003 MiB, 23028 MiB
2026/02/25 17:26:24.781, 2, NVIDIA A10G, 0 %, 0 %, 1729 MiB, 23028 MiB
2026/02/25 17:26:24.781, 3, NVIDIA A10G, 0 %, 0 %, 0 MiB, 23028 MiB
2026/02/25 17:26:25.781, 0, NVIDIA A10G, 22 %, 7 %, 2161 MiB, 23028 MiB
2026/02/25 17:26:25.781, 1, NVIDIA A10G, 0 %, 0 %, 2003 MiB, 23028 MiB
2026/02/25 17:26:25.781, 2, NVIDIA A10G, 0 %, 0 %, 1729 MiB, 23028 MiB
2026/02/25 17:26:25.781, 3, NVIDIA A10G, 0 %, 0 %, 0 MiB, 23028 MiB
2026/02/25 17:26:26.781, 0, NVIDIA A10G, 21 %, 7 %, 2161 MiB, 23028 MiB
2026/02/25 17:26:26.781, 1, NVIDIA A10G, 0 %, 0 %, 2003 MiB, 23028 MiB
2026/02/25 17:26:26.781, 2, NVIDIA A10G, 0 %, 0 %, 1729 MiB, 23028 MiB
2026/02/25 17:26:26.781, 3, NVIDIA A10G, 0 %, 0 %, 0 MiB, 23028 MiB
2026/02/25 17:26:27.782, 0, NVIDIA A10G, 22 %, 7 %, 2161 MiB, 23028 MiB
2026/02/25 17:26:27.782, 1, NVIDIA A10G, 0 %, 0 %, 2003 MiB, 23028 MiB
2026/02/25 17:26:27.782, 2, NVIDIA A10G, 0 %, 0 %, 1729 MiB, 23028 MiB
2026/02/25 17:26:27.782, 3, NVIDIA A10G, 0 %, 0 %, 0 MiB, 23028 MiB
2026/02/25 17:26:28.782, 0, NVIDIA A10G, 22 %, 7 %, 2161 MiB, 23028 MiB
2026/02/25 17:26:28.782, 1, NVIDIA A10G, 0 %, 0 %, 2003 MiB, 23028 MiB
2026/02/25 17:26:28.782, 2, NVIDIA A10G, 0 %, 0 %, 1729 MiB, 23028 MiB
2026/02/25 17:26:28.782, 3, NVIDIA A10G, 0 %, 0 %, 0 MiB, 23028 MiB
2026/02/25 17:26:29.782, 0, NVIDIA A10G, 21 %, 7 %, 2161 MiB, 23028 MiB
2026/02/25 17:26:29.782, 1, NVIDIA A10G, 0 %, 0 %, 2003 MiB, 23028 MiB
2026/02/25 17:26:29.782, 2, NVIDIA A10G, 0 %, 0 %, 1729 MiB, 23028 MiB
2026/02/25 17:26:29.782, 3, NVIDIA A10G, 0 %, 0 %, 0 MiB, 23028 MiB
2026/02/25 17:26:30.783, 0, NVIDIA A10G, 19 %, 6 %, 2161 MiB, 23028 MiB
2026/02/25 17:26:30.783, 1, NVIDIA A10G, 0 %, 0 %, 2003 MiB, 23028 MiB
2026/02/25 17:26:30.783, 2, NVIDIA A10G, 20 %, 7 %, 1729 MiB, 23028 MiB
2026/02/25 17:26:30.783, 3, NVIDIA A10G, 0 %, 0 %, 0 MiB, 23028 MiB
2026/02/25 17:26:31.783, 0, NVIDIA A10G, 21 %, 7 %, 2161 MiB, 23028 MiB
2026/02/25 17:26:31.783, 1, NVIDIA A10G, 0 %, 0 %, 2003 MiB, 23028 MiB
2026/02/25 17:26:31.783, 2, NVIDIA A10G, 22 %, 8 %, 1729 MiB, 23028 MiB
2026/02/25 17:26:31.783, 3, NVIDIA A10G, 0 %, 0 %, 0 MiB, 23028 MiB
2026/02/25 17:26:32.783, 0, NVIDIA A10G, 22 %, 8 %, 2161 MiB, 23028 MiB
2026/02/25 17:26:32.785, 1, NVIDIA A10G, 0 %, 0 %, 2003 MiB, 23028 MiB
2026/02/25 17:26:32.785, 2, NVIDIA A10G, 21 %, 7 %, 1729 MiB, 23028 MiB
2026/02/25 17:26:32.785, 3, NVIDIA A10G, 0 %, 0 %, 0 MiB, 23028 MiB
2026/02/25 17:26:33.785, 0, NVIDIA A10G, 21 %, 7 %, 2161 MiB, 23028 MiB
2026/02/25 17:26:33.785, 1, NVIDIA A10G, 0 %, 0 %, 2003 MiB, 23028 MiB
2026/02/25 17:26:33.785, 2, NVIDIA A10G, 23 %, 8 %, 1729 MiB, 23028 MiB
2026/02/25 17:26:33.785, 3, NVIDIA A10G, 0 %, 0 %, 0 MiB, 23028 MiB
2026/02/25 17:26:34.786, 0, NVIDIA A10G, 21 %, 7 %, 2161 MiB, 23028 MiB
2026/02/25 17:26:34.786, 1, NVIDIA A10G, 0 %, 0 %, 2003 MiB, 23028 MiB
2026/02/25 17:26:34.786, 2, NVIDIA A10G, 22 %, 7 %, 1729 MiB, 23028 MiB
2026/02/25 17:26:34.786, 3, NVIDIA A10G, 0 %, 0 %, 0 MiB, 23028 MiB
2026/02/25 17:26:35.786, 0, NVIDIA A10G, 19 %, 6 %, 2161 MiB, 23028 MiB
2026/02/25 17:26:35.786, 1, NVIDIA A10G, 0 %, 0 %, 2003 MiB, 23028 MiB
2026/02/25 17:26:35.786, 2, NVIDIA A10G, 22 %, 7 %, 1729 MiB, 23028 MiB
2026/02/25 17:26:35.786, 3, NVIDIA A10G, 0 %, 0 %, 0 MiB, 23028 MiB
2026/02/25 17:26:36.787, 0, NVIDIA A10G, 19 %, 7 %, 2161 MiB, 23028 MiB
2026/02/25 17:26:36.787, 1, NVIDIA A10G, 20 %, 7 %, 2003 MiB, 23028 MiB
2026/02/25 17:26:36.787, 2, NVIDIA A10G, 20 %, 7 %, 1729 MiB, 23028 MiB
2026/02/25 17:26:36.787, 3, NVIDIA A10G, 0 %, 0 %, 0 MiB, 23028 MiB
2026/02/25 17:26:37.787, 0, NVIDIA A10G, 8 %, 2 %, 2161 MiB, 23028 MiB
2026/02/25 17:26:37.787, 1, NVIDIA A10G, 23 %, 8 %, 2003 MiB, 23028 MiB
2026/02/25 17:26:37.787, 2, NVIDIA A10G, 19 %, 6 %, 1729 MiB, 23028 MiB
2026/02/25 17:26:37.787, 3, NVIDIA A10G, 0 %, 0 %, 0 MiB, 23028 MiB
2026/02/25 17:26:38.787, 0, NVIDIA A10G, 0 %, 0 %, 2161 MiB, 23028 MiB
2026/02/25 17:26:38.788, 1, NVIDIA A10G, 21 %, 7 %, 2003 MiB, 23028 MiB
2026/02/25 17:26:38.788, 2, NVIDIA A10G, 20 %, 7 %, 1729 MiB, 23028 MiB
2026/02/25 17:26:38.788, 3, NVIDIA A10G, 0 %, 0 %, 0 MiB, 23028 MiB
2026/02/25 17:26:39.788, 0, NVIDIA A10G, 0 %, 0 %, 2161 MiB, 23028 MiB
2026/02/25 17:26:39.788, 1, NVIDIA A10G, 22 %, 7 %, 2003 MiB, 23028 MiB
2026/02/25 17:26:39.788, 2, NVIDIA A10G, 23 %, 8 %, 1729 MiB, 23028 MiB
2026/02/25 17:26:39.788, 3, NVIDIA A10G, 0 %, 0 %, 0 MiB, 23028 MiB
2026/02/25 17:26:40.788, 0, NVIDIA A10G, 0 %, 0 %, 2161 MiB, 23028 MiB
2026/02/25 17:26:40.788, 1, NVIDIA A10G, 22 %, 8 %, 2003 MiB, 23028 MiB
2026/02/25 17:26:40.789, 2, NVIDIA A10G, 20 %, 6 %, 1729 MiB, 23028 MiB
2026/02/25 17:26:40.789, 3, NVIDIA A10G, 0 %, 0 %, 0 MiB, 23028 MiB
2026/02/25 17:26:41.789, 0, NVIDIA A10G, 0 %, 0 %, 2161 MiB, 23028 MiB
2026/02/25 17:26:41.789, 1, NVIDIA A10G, 21 %, 7 %, 2003 MiB, 23028 MiB
2026/02/25 17:26:41.789, 2, NVIDIA A10G, 14 %, 4 %, 1729 MiB, 23028 MiB
2026/02/25 17:26:41.789, 3, NVIDIA A10G, 0 %, 0 %, 0 MiB, 23028 MiB
2026/02/25 17:26:42.789, 0, NVIDIA A10G, 0 %, 0 %, 2161 MiB, 23028 MiB
2026/02/25 17:26:42.789, 1, NVIDIA A10G, 24 %, 9 %, 2003 MiB, 23028 MiB
2026/02/25 17:26:42.789, 2, NVIDIA A10G, 0 %, 0 %, 1729 MiB, 23028 MiB
2026/02/25 17:26:42.790, 3, NVIDIA A10G, 0 %, 0 %, 0 MiB, 23028 MiB
2026/02/25 17:26:43.790, 0, NVIDIA A10G, 0 %, 0 %, 2161 MiB, 23028 MiB
2026/02/25 17:26:43.790, 1, NVIDIA A10G, 23 %, 8 %, 2003 MiB, 23028 MiB
2026/02/25 17:26:43.790, 2, NVIDIA A10G, 0 %, 0 %, 1729 MiB, 23028 MiB
2026/02/25 17:26:43.790, 3, NVIDIA A10G, 0 %, 0 %, 0 MiB, 23028 MiB
2026/02/25 17:26:44.790, 0, NVIDIA A10G, 0 %, 0 %, 2161 MiB, 23028 MiB
2026/02/25 17:26:44.790, 1, NVIDIA A10G, 21 %, 7 %, 2003 MiB, 23028 MiB
2026/02/25 17:26:44.790, 2, NVIDIA A10G, 0 %, 0 %, 1729 MiB, 23028 MiB
2026/02/25 17:26:44.790, 3, NVIDIA A10G, 0 %, 0 %, 0 MiB, 23028 MiB
2026/02/25 17:26:45.790, 0, NVIDIA A10G, 0 %, 0 %, 2161 MiB, 23028 MiB
2026/02/25 17:26:45.791, 1, NVIDIA A10G, 23 %, 8 %, 2003 MiB, 23028 MiB
2026/02/25 17:26:45.791, 2, NVIDIA A10G, 0 %, 0 %, 1729 MiB, 23028 MiB
2026/02/25 17:26:45.791, 3, NVIDIA A10G, 0 %, 0 %, 0 MiB, 23028 MiB
2026/02/25 17:26:46.791, 0, NVIDIA A10G, 0 %, 0 %, 2161 MiB, 23028 MiB
2026/02/25 17:26:46.791, 1, NVIDIA A10G, 0 %, 0 %, 2003 MiB, 23028 MiB
2026/02/25 17:26:46.791, 2, NVIDIA A10G, 0 %, 0 %, 1729 MiB, 23028 MiB
2026/02/25 17:26:46.791, 3, NVIDIA A10G, 0 %, 0 %, 0 MiB, 23028 MiB
2026/02/25 17:26:47.791, 0, NVIDIA A10G, 0 %, 0 %, 2161 MiB, 23028 MiB
2026/02/25 17:26:47.791, 1, NVIDIA A10G, 0 %, 0 %, 2003 MiB, 23028 MiB
2026/02/25 17:26:47.791, 2, NVIDIA A10G, 0 %, 0 %, 1729 MiB, 23028 MiB
2026/02/25 17:26:47.791, 3, NVIDIA A10G, 0 %, 0 %, 0 MiB, 23028 MiB
2026/02/25 17:26:48.792, 0, NVIDIA A10G, 0 %, 0 %, 2161 MiB, 23028 MiB
2026/02/25 17:26:48.792, 1, NVIDIA A10G, 0 %, 0 %, 2003 MiB, 23028 MiB
2026/02/25 17:26:48.792, 2, NVIDIA A10G, 35 %, 22 %, 1729 MiB, 23028 MiB
2026/02/25 17:26:48.792, 3, NVIDIA A10G, 0 %, 0 %, 0 MiB, 23028 MiB
2026/02/25 17:26:49.792, 0, NVIDIA A10G, 0 %, 0 %, 2161 MiB, 23028 MiB
2026/02/25 17:26:49.792, 1, NVIDIA A10G, 0 %, 0 %, 2003 MiB, 23028 MiB
2026/02/25 17:26:49.792, 2, NVIDIA A10G, 21 %, 8 %, 1729 MiB, 23028 MiB
2026/02/25 17:26:49.792, 3, NVIDIA A10G, 0 %, 0 %, 0 MiB, 23028 MiB
2026/02/25 17:26:50.792, 0, NVIDIA A10G, 0 %, 0 %, 2161 MiB, 23028 MiB
2026/02/25 17:26:50.792, 1, NVIDIA A10G, 0 %, 0 %, 2003 MiB, 23028 MiB
2026/02/25 17:26:50.793, 2, NVIDIA A10G, 22 %, 7 %, 1729 MiB, 23028 MiB
2026/02/25 17:26:50.793, 3, NVIDIA A10G, 0 %, 0 %, 0 MiB, 23028 MiB
2026/02/25 17:26:51.793, 0, NVIDIA A10G, 0 %, 0 %, 2161 MiB, 23028 MiB
2026/02/25 17:26:51.793, 1, NVIDIA A10G, 0 %, 0 %, 2003 MiB, 23028 MiB
2026/02/25 17:26:51.793, 2, NVIDIA A10G, 22 %, 7 %, 1729 MiB, 23028 MiB
2026/02/25 17:26:51.793, 3, NVIDIA A10G, 0 %, 0 %, 0 MiB, 23028 MiB
2026/02/25 17:26:52.793, 0, NVIDIA A10G, 21 %, 7 %, 2161 MiB, 23028 MiB
2026/02/25 17:26:52.793, 1, NVIDIA A10G, 0 %, 0 %, 2003 MiB, 23028 MiB
2026/02/25 17:26:52.793, 2, NVIDIA A10G, 18 %, 6 %, 1729 MiB, 23028 MiB
2026/02/25 17:26:52.794, 3, NVIDIA A10G, 0 %, 0 %, 0 MiB, 23028 MiB
2026/02/25 17:26:53.794, 0, NVIDIA A10G, 21 %, 7 %, 2161 MiB, 23028 MiB
2026/02/25 17:26:53.794, 1, NVIDIA A10G, 0 %, 0 %, 2003 MiB, 23028 MiB
2026/02/25 17:26:53.794, 2, NVIDIA A10G, 22 %, 8 %, 1729 MiB, 23028 MiB
2026/02/25 17:26:53.794, 3, NVIDIA A10G, 0 %, 0 %, 0 MiB, 23028 MiB
2026/02/25 17:26:54.794, 0, NVIDIA A10G, 22 %, 7 %, 2161 MiB, 23028 MiB
2026/02/25 17:26:54.794, 1, NVIDIA A10G, 0 %, 0 %, 2003 MiB, 23028 MiB
2026/02/25 17:26:54.794, 2, NVIDIA A10G, 17 %, 6 %, 1729 MiB, 23028 MiB
2026/02/25 17:26:54.794, 3, NVIDIA A10G, 0 %, 0 %, 0 MiB, 23028 MiB
2026/02/25 17:26:55.794, 0, NVIDIA A10G, 21 %, 8 %, 2161 MiB, 23028 MiB
2026/02/25 17:26:55.794, 1, NVIDIA A10G, 20 %, 7 %, 2003 MiB, 23028 MiB
2026/02/25 17:26:55.795, 2, NVIDIA A10G, 20 %, 7 %, 1729 MiB, 23028 MiB
2026/02/25 17:26:55.795, 3, NVIDIA A10G, 0 %, 0 %, 0 MiB, 23028 MiB
2026/02/25 17:26:56.795, 0, NVIDIA A10G, 23 %, 8 %, 2161 MiB, 23028 MiB
2026/02/25 17:26:56.795, 1, NVIDIA A10G, 23 %, 8 %, 2003 MiB, 23028 MiB
2026/02/25 17:26:56.795, 2, NVIDIA A10G, 0 %, 0 %, 1729 MiB, 23028 MiB
2026/02/25 17:26:56.795, 3, NVIDIA A10G, 0 %, 0 %, 0 MiB, 23028 MiB
2026/02/25 17:26:57.795, 0, NVIDIA A10G, 17 %, 6 %, 2161 MiB, 23028 MiB
2026/02/25 17:26:57.795, 1, NVIDIA A10G, 21 %, 8 %, 2003 MiB, 23028 MiB
2026/02/25 17:26:57.795, 2, NVIDIA A10G, 0 %, 0 %, 1729 MiB, 23028 MiB
2026/02/25 17:26:57.795, 3, NVIDIA A10G, 0 %, 0 %, 0 MiB, 23028 MiB
2026/02/25 17:26:58.795, 0, NVIDIA A10G, 17 %, 6 %, 2161 MiB, 23028 MiB
2026/02/25 17:26:58.796, 1, NVIDIA A10G, 18 %, 6 %, 2003 MiB, 23028 MiB
2026/02/25 17:26:58.796, 2, NVIDIA A10G, 0 %, 0 %, 1729 MiB, 23028 MiB
2026/02/25 17:26:58.796, 3, NVIDIA A10G, 0 %, 0 %, 0 MiB, 23028 MiB
2026/02/25 17:26:59.796, 0, NVIDIA A10G, 20 %, 7 %, 2161 MiB, 23028 MiB
2026/02/25 17:26:59.796, 1, NVIDIA A10G, 22 %, 8 %, 2003 MiB, 23028 MiB
2026/02/25 17:26:59.796, 2, NVIDIA A10G, 0 %, 0 %, 1729 MiB, 23028 MiB
2026/02/25 17:26:59.796, 3, NVIDIA A10G, 0 %, 0 %, 0 MiB, 23028 MiB
2026/02/25 17:27:00.796, 0, NVIDIA A10G, 22 %, 8 %, 2161 MiB, 23028 MiB
2026/02/25 17:27:00.796, 1, NVIDIA A10G, 19 %, 6 %, 2003 MiB, 23028 MiB
2026/02/25 17:27:00.796, 2, NVIDIA A10G, 0 %, 0 %, 1729 MiB, 23028 MiB
2026/02/25 17:27:00.797, 3, NVIDIA A10G, 0 %, 0 %, 0 MiB, 23028 MiB
2026/02/25 17:27:01.797, 0, NVIDIA A10G, 21 %, 7 %, 2161 MiB, 23028 MiB
2026/02/25 17:27:01.797, 1, NVIDIA A10G, 21 %, 8 %, 2003 MiB, 23028 MiB
2026/02/25 17:27:01.797, 2, NVIDIA A10G, 0 %, 0 %, 1729 MiB, 23028 MiB
2026/02/25 17:27:01.797, 3, NVIDIA A10G, 0 %, 0 %, 0 MiB, 23028 MiB
2026/02/25 17:27:02.797, 0, NVIDIA A10G, 17 %, 6 %, 2161 MiB, 23028 MiB
2026/02/25 17:27:02.797, 1, NVIDIA A10G, 20 %, 7 %, 2003 MiB, 23028 MiB
2026/02/25 17:27:02.797, 2, NVIDIA A10G, 20 %, 7 %, 1729 MiB, 23028 MiB
2026/02/25 17:27:02.797, 3, NVIDIA A10G, 0 %, 0 %, 0 MiB, 23028 MiB
2026/02/25 17:27:03.797, 0, NVIDIA A10G, 19 %, 7 %, 2161 MiB, 23028 MiB
2026/02/25 17:27:03.798, 1, NVIDIA A10G, 20 %, 7 %, 2003 MiB, 23028 MiB
2026/02/25 17:27:03.798, 2, NVIDIA A10G, 18 %, 6 %, 1729 MiB, 23028 MiB
2026/02/25 17:27:03.798, 3, NVIDIA A10G, 0 %, 0 %, 0 MiB, 23028 MiB
2026/02/25 17:27:04.798, 0, NVIDIA A10G, 21 %, 8 %, 2161 MiB, 23028 MiB
2026/02/25 17:27:04.798, 1, NVIDIA A10G, 19 %, 6 %, 2003 MiB, 23028 MiB
2026/02/25 17:27:04.798, 2, NVIDIA A10G, 20 %, 7 %, 1729 MiB, 23028 MiB
2026/02/25 17:27:04.798, 3, NVIDIA A10G, 0 %, 0 %, 0 MiB, 23028 MiB
2026/02/25 17:27:05.798, 0, NVIDIA A10G, 24 %, 8 %, 2161 MiB, 23028 MiB
2026/02/25 17:27:05.798, 1, NVIDIA A10G, 0 %, 0 %, 2003 MiB, 23028 MiB
2026/02/25 17:27:05.799, 2, NVIDIA A10G, 19 %, 6 %, 1729 MiB, 23028 MiB
2026/02/25 17:27:05.799, 3, NVIDIA A10G, 0 %, 0 %, 0 MiB, 23028 MiB
2026/02/25 17:27:06.799, 0, NVIDIA A10G, 12 %, 4 %, 2161 MiB, 23028 MiB
2026/02/25 17:27:06.799, 1, NVIDIA A10G, 0 %, 0 %, 2003 MiB, 23028 MiB
2026/02/25 17:27:06.799, 2, NVIDIA A10G, 19 %, 7 %, 1729 MiB, 23028 MiB
2026/02/25 17:27:06.799, 3, NVIDIA A10G, 0 %, 0 %, 0 MiB, 23028 MiB
2026/02/25 17:27:07.799, 0, NVIDIA A10G, 0 %, 0 %, 2161 MiB, 23028 MiB
2026/02/25 17:27:07.799, 1, NVIDIA A10G, 0 %, 0 %, 2003 MiB, 23028 MiB
2026/02/25 17:27:07.800, 2, NVIDIA A10G, 0 %, 0 %, 1729 MiB, 23028 MiB
2026/02/25 17:27:07.800, 3, NVIDIA A10G, 0 %, 0 %, 0 MiB, 23028 MiB
2026/02/25 17:27:08.800, 0, NVIDIA A10G, 0 %, 0 %, 2161 MiB, 23028 MiB
2026/02/25 17:27:08.800, 1, NVIDIA A10G, 0 %, 0 %, 2003 MiB, 23028 MiB
2026/02/25 17:27:08.800, 2, NVIDIA A10G, 0 %, 0 %, 1729 MiB, 23028 MiB
2026/02/25 17:27:08.800, 3, NVIDIA A10G, 0 %, 0 %, 0 MiB, 23028 MiB
2026/02/25 17:27:09.800, 0, NVIDIA A10G, 0 %, 0 %, 2161 MiB, 23028 MiB
2026/02/25 17:27:09.800, 1, NVIDIA A10G, 0 %, 0 %, 2003 MiB, 23028 MiB
2026/02/25 17:27:09.800, 2, NVIDIA A10G, 0 %, 0 %, 1729 MiB, 23028 MiB
2026/02/25 17:27:09.801, 3, NVIDIA A10G, 0 %, 0 %, 0 MiB, 23028 MiB
2026/02/25 17:27:10.801, 0, NVIDIA A10G, 0 %, 0 %, 2161 MiB, 23028 MiB
2026/02/25 17:27:10.801, 1, NVIDIA A10G, 0 %, 0 %, 2003 MiB, 23028 MiB
2026/02/25 17:27:10.801, 2, NVIDIA A10G, 0 %, 0 %, 1729 MiB, 23028 MiB
2026/02/25 17:27:10.801, 3, NVIDIA A10G, 0 %, 0 %, 0 MiB, 23028 MiB
2026/02/25 17:27:11.801, 0, NVIDIA A10G, 0 %, 0 %, 2161 MiB, 23028 MiB
2026/02/25 17:27:11.801, 1, NVIDIA A10G, 0 %, 0 %, 2003 MiB, 23028 MiB
2026/02/25 17:27:11.801, 2, NVIDIA A10G, 0 %, 0 %, 1729 MiB, 23028 MiB
2026/02/25 17:27:11.801, 3, NVIDIA A10G, 0 %, 0 %, 0 MiB, 23028 MiB
2026/02/25 17:27:12.801, 0, NVIDIA A10G, 23 %, 8 %, 2161 MiB, 23028 MiB
2026/02/25 17:27:12.802, 1, NVIDIA A10G, 0 %, 0 %, 2003 MiB, 23028 MiB
2026/02/25 17:27:12.802, 2, NVIDIA A10G, 0 %, 0 %, 1729 MiB, 23028 MiB
2026/02/25 17:27:12.802, 3, NVIDIA A10G, 0 %, 0 %, 0 MiB, 23028 MiB
2026/02/25 17:27:13.802, 0, NVIDIA A10G, 20 %, 7 %, 2161 MiB, 23028 MiB
2026/02/25 17:27:13.802, 1, NVIDIA A10G, 0 %, 0 %, 2003 MiB, 23028 MiB
2026/02/25 17:27:13.802, 2, NVIDIA A10G, 0 %, 0 %, 1729 MiB, 23028 MiB
2026/02/25 17:27:13.802, 3, NVIDIA A10G, 0 %, 0 %, 0 MiB, 23028 MiB
2026/02/25 17:27:14.802, 0, NVIDIA A10G, 22 %, 7 %, 2161 MiB, 23028 MiB
2026/02/25 17:27:14.802, 1, NVIDIA A10G, 0 %, 0 %, 2003 MiB, 23028 MiB
2026/02/25 17:27:14.802, 2, NVIDIA A10G, 0 %, 0 %, 1729 MiB, 23028 MiB
2026/02/25 17:27:14.802, 3, NVIDIA A10G, 0 %, 0 %, 0 MiB, 23028 MiB
2026/02/25 17:27:15.803, 0, NVIDIA A10G, 23 %, 8 %, 2161 MiB, 23028 MiB
2026/02/25 17:27:15.803, 1, NVIDIA A10G, 0 %, 0 %, 2003 MiB, 23028 MiB
2026/02/25 17:27:15.803, 2, NVIDIA A10G, 0 %, 0 %, 1729 MiB, 23028 MiB
2026/02/25 17:27:15.803, 3, NVIDIA A10G, 0 %, 0 %, 0 MiB, 23028 MiB
2026/02/25 17:27:16.803, 0, NVIDIA A10G, 23 %, 8 %, 2161 MiB, 23028 MiB
2026/02/25 17:27:16.803, 1, NVIDIA A10G, 0 %, 0 %, 2003 MiB, 23028 MiB
2026/02/25 17:27:16.803, 2, NVIDIA A10G, 0 %, 0 %, 1729 MiB, 23028 MiB
2026/02/25 17:27:16.803, 3, NVIDIA A10G, 0 %, 0 %, 0 MiB, 23028 MiB
2026/02/25 17:27:17.803, 0, NVIDIA A10G, 0 %, 0 %, 2161 MiB, 23028 MiB
2026/02/25 17:27:17.803, 1, NVIDIA A10G, 0 %, 0 %, 2003 MiB, 23028 MiB
2026/02/25 17:27:17.803, 2, NVIDIA A10G, 0 %, 0 %, 1729 MiB, 23028 MiB
2026/02/25 17:27:17.803, 3, NVIDIA A10G, 0 %, 0 %, 0 MiB, 23028 MiB
2026/02/25 17:27:18.803, 0, NVIDIA A10G, 0 %, 0 %, 2161 MiB, 23028 MiB
2026/02/25 17:27:18.803, 1, NVIDIA A10G, 78 %, 52 %, 2003 MiB, 23028 MiB
2026/02/25 17:27:18.804, 2, NVIDIA A10G, 23 %, 8 %, 1729 MiB, 23028 MiB
2026/02/25 17:27:18.804, 3, NVIDIA A10G, 0 %, 0 %, 0 MiB, 23028 MiB
2026/02/25 17:27:19.804, 0, NVIDIA A10G, 0 %, 0 %, 2161 MiB, 23028 MiB
2026/02/25 17:27:19.804, 1, NVIDIA A10G, 10 %, 4 %, 2003 MiB, 23028 MiB
2026/02/25 17:27:19.804, 2, NVIDIA A10G, 23 %, 8 %, 1729 MiB, 23028 MiB
2026/02/25 17:27:19.804, 3, NVIDIA A10G, 0 %, 0 %, 0 MiB, 23028 MiB
2026/02/25 17:27:20.804, 0, NVIDIA A10G, 0 %, 0 %, 2161 MiB, 23028 MiB
2026/02/25 17:27:20.804, 1, NVIDIA A10G, 20 %, 7 %, 2003 MiB, 23028 MiB
2026/02/25 17:27:20.804, 2, NVIDIA A10G, 23 %, 8 %, 1729 MiB, 23028 MiB
2026/02/25 17:27:20.804, 3, NVIDIA A10G, 0 %, 0 %, 0 MiB, 23028 MiB
2026/02/25 17:27:21.805, 0, NVIDIA A10G, 0 %, 0 %, 2161 MiB, 23028 MiB
2026/02/25 17:27:21.805, 1, NVIDIA A10G, 22 %, 8 %, 2003 MiB, 23028 MiB
2026/02/25 17:27:21.805, 2, NVIDIA A10G, 26 %, 11 %, 1729 MiB, 23028 MiB
2026/02/25 17:27:21.805, 3, NVIDIA A10G, 0 %, 0 %, 0 MiB, 23028 MiB
2026/02/25 17:27:22.805, 0, NVIDIA A10G, 0 %, 0 %, 2161 MiB, 23028 MiB
2026/02/25 17:27:22.805, 1, NVIDIA A10G, 22 %, 8 %, 2003 MiB, 23028 MiB
2026/02/25 17:27:22.805, 2, NVIDIA A10G, 22 %, 8 %, 1729 MiB, 23028 MiB
2026/02/25 17:27:22.805, 3, NVIDIA A10G, 0 %, 0 %, 0 MiB, 23028 MiB
2026/02/25 17:27:23.805, 0, NVIDIA A10G, 9 %, 3 %, 2161 MiB, 23028 MiB
2026/02/25 17:27:23.805, 1, NVIDIA A10G, 18 %, 6 %, 2003 MiB, 23028 MiB
2026/02/25 17:27:23.805, 2, NVIDIA A10G, 20 %, 7 %, 1729 MiB, 23028 MiB
2026/02/25 17:27:23.806, 3, NVIDIA A10G, 0 %, 0 %, 0 MiB, 23028 MiB
2026/02/25 17:27:24.806, 0, NVIDIA A10G, 18 %, 6 %, 2161 MiB, 23028 MiB
2026/02/25 17:27:24.806, 1, NVIDIA A10G, 19 %, 7 %, 2003 MiB, 23028 MiB
2026/02/25 17:27:24.806, 2, NVIDIA A10G, 21 %, 7 %, 1729 MiB, 23028 MiB
2026/02/25 17:27:24.806, 3, NVIDIA A10G, 0 %, 0 %, 0 MiB, 23028 MiB
2026/02/25 17:27:25.806, 0, NVIDIA A10G, 18 %, 6 %, 2161 MiB, 23028 MiB
2026/02/25 17:27:25.806, 1, NVIDIA A10G, 20 %, 6 %, 2003 MiB, 23028 MiB
2026/02/25 17:27:25.806, 2, NVIDIA A10G, 20 %, 7 %, 1729 MiB, 23028 MiB
2026/02/25 17:27:25.806, 3, NVIDIA A10G, 0 %, 0 %, 0 MiB, 23028 MiB
2026/02/25 17:27:26.807, 0, NVIDIA A10G, 20 %, 7 %, 2161 MiB, 23028 MiB
2026/02/25 17:27:26.807, 1, NVIDIA A10G, 19 %, 7 %, 2003 MiB, 23028 MiB
2026/02/25 17:27:26.807, 2, NVIDIA A10G, 20 %, 7 %, 1729 MiB, 23028 MiB
2026/02/25 17:27:26.807, 3, NVIDIA A10G, 0 %, 0 %, 0 MiB, 23028 MiB
2026/02/25 17:27:27.807, 0, NVIDIA A10G, 17 %, 5 %, 2161 MiB, 23028 MiB
2026/02/25 17:27:27.807, 1, NVIDIA A10G, 21 %, 7 %, 2003 MiB, 23028 MiB
2026/02/25 17:27:27.807, 2, NVIDIA A10G, 19 %, 7 %, 1729 MiB, 23028 MiB
2026/02/25 17:27:27.807, 3, NVIDIA A10G, 0 %, 0 %, 0 MiB, 23028 MiB
2026/02/25 17:27:28.807, 0, NVIDIA A10G, 17 %, 5 %, 2161 MiB, 23028 MiB
2026/02/25 17:27:28.807, 1, NVIDIA A10G, 21 %, 7 %, 2003 MiB, 23028 MiB
2026/02/25 17:27:28.808, 2, NVIDIA A10G, 19 %, 6 %, 1729 MiB, 23028 MiB
2026/02/25 17:27:28.808, 3, NVIDIA A10G, 0 %, 0 %, 0 MiB, 23028 MiB
2026/02/25 17:27:29.808, 0, NVIDIA A10G, 20 %, 6 %, 2161 MiB, 23028 MiB
2026/02/25 17:27:29.808, 1, NVIDIA A10G, 20 %, 7 %, 2003 MiB, 23028 MiB
2026/02/25 17:27:29.808, 2, NVIDIA A10G, 0 %, 0 %, 1729 MiB, 23028 MiB
2026/02/25 17:27:29.808, 3, NVIDIA A10G, 0 %, 0 %, 0 MiB, 23028 MiB
2026/02/25 17:27:30.808, 0, NVIDIA A10G, 20 %, 6 %, 2161 MiB, 23028 MiB
2026/02/25 17:27:30.808, 1, NVIDIA A10G, 23 %, 8 %, 2003 MiB, 23028 MiB
2026/02/25 17:27:30.808, 2, NVIDIA A10G, 0 %, 0 %, 1729 MiB, 23028 MiB
2026/02/25 17:27:30.808, 3, NVIDIA A10G, 0 %, 0 %, 0 MiB, 23028 MiB
2026/02/25 17:27:31.809, 0, NVIDIA A10G, 0 %, 0 %, 2161 MiB, 23028 MiB
2026/02/25 17:27:31.809, 1, NVIDIA A10G, 21 %, 7 %, 2003 MiB, 23028 MiB
2026/02/25 17:27:31.809, 2, NVIDIA A10G, 0 %, 0 %, 1729 MiB, 23028 MiB
2026/02/25 17:27:31.809, 3, NVIDIA A10G, 0 %, 0 %, 0 MiB, 23028 MiB
2026/02/25 17:27:32.809, 0, NVIDIA A10G, 0 %, 0 %, 2161 MiB, 23028 MiB
2026/02/25 17:27:32.809, 1, NVIDIA A10G, 20 %, 7 %, 2003 MiB, 23028 MiB
2026/02/25 17:27:32.809, 2, NVIDIA A10G, 0 %, 0 %, 1729 MiB, 23028 MiB
2026/02/25 17:27:32.809, 3, NVIDIA A10G, 0 %, 0 %, 0 MiB, 23028 MiB
2026/02/25 17:27:33.809, 0, NVIDIA A10G, 0 %, 0 %, 2161 MiB, 23028 MiB
2026/02/25 17:27:33.809, 1, NVIDIA A10G, 23 %, 8 %, 2003 MiB, 23028 MiB
2026/02/25 17:27:33.809, 2, NVIDIA A10G, 0 %, 0 %, 1729 MiB, 23028 MiB
2026/02/25 17:27:33.810, 3, NVIDIA A10G, 0 %, 0 %, 0 MiB, 23028 MiB
2026/02/25 17:27:34.810, 0, NVIDIA A10G, 0 %, 0 %, 2161 MiB, 23028 MiB
2026/02/25 17:27:34.810, 1, NVIDIA A10G, 19 %, 6 %, 2003 MiB, 23028 MiB
2026/02/25 17:27:34.810, 2, NVIDIA A10G, 0 %, 0 %, 1729 MiB, 23028 MiB
2026/02/25 17:27:34.810, 3, NVIDIA A10G, 0 %, 0 %, 0 MiB, 23028 MiB
2026/02/25 17:27:35.810, 0, NVIDIA A10G, 0 %, 0 %, 2161 MiB, 23028 MiB
2026/02/25 17:27:35.810, 1, NVIDIA A10G, 0 %, 0 %, 2003 MiB, 23028 MiB
2026/02/25 17:27:35.810, 2, NVIDIA A10G, 0 %, 0 %, 1729 MiB, 23028 MiB
2026/02/25 17:27:35.810, 3, NVIDIA A10G, 0 %, 0 %, 0 MiB, 23028 MiB
2026/02/25 17:27:36.810, 0, NVIDIA A10G, 23 %, 7 %, 2161 MiB, 23028 MiB
2026/02/25 17:27:36.811, 1, NVIDIA A10G, 0 %, 0 %, 2003 MiB, 23028 MiB
2026/02/25 17:27:36.811, 2, NVIDIA A10G, 0 %, 0 %, 1729 MiB, 23028 MiB
2026/02/25 17:27:36.811, 3, NVIDIA A10G, 0 %, 0 %, 0 MiB, 23028 MiB
2026/02/25 17:27:37.811, 0, NVIDIA A10G, 22 %, 8 %, 2161 MiB, 23028 MiB
2026/02/25 17:27:37.811, 1, NVIDIA A10G, 0 %, 0 %, 2003 MiB, 23028 MiB
2026/02/25 17:27:37.811, 2, NVIDIA A10G, 20 %, 7 %, 1729 MiB, 23028 MiB
2026/02/25 17:27:37.811, 3, NVIDIA A10G, 0 %, 0 %, 0 MiB, 23028 MiB
2026/02/25 17:27:38.811, 0, NVIDIA A10G, 21 %, 7 %, 2161 MiB, 23028 MiB
2026/02/25 17:27:38.811, 1, NVIDIA A10G, 0 %, 0 %, 2003 MiB, 23028 MiB
2026/02/25 17:27:38.811, 2, NVIDIA A10G, 21 %, 7 %, 1729 MiB, 23028 MiB
2026/02/25 17:27:38.812, 3, NVIDIA A10G, 0 %, 0 %, 0 MiB, 23028 MiB
2026/02/25 17:27:39.812, 0, NVIDIA A10G, 19 %, 7 %, 2161 MiB, 23028 MiB
2026/02/25 17:27:39.812, 1, NVIDIA A10G, 0 %, 0 %, 2003 MiB, 23028 MiB
2026/02/25 17:27:39.812, 2, NVIDIA A10G, 16 %, 5 %, 1729 MiB, 23028 MiB
2026/02/25 17:27:39.812, 3, NVIDIA A10G, 0 %, 0 %, 0 MiB, 23028 MiB
2026/02/25 17:27:40.812, 0, NVIDIA A10G, 22 %, 8 %, 2161 MiB, 23028 MiB
2026/02/25 17:27:40.812, 1, NVIDIA A10G, 0 %, 0 %, 2003 MiB, 23028 MiB
2026/02/25 17:27:40.812, 2, NVIDIA A10G, 21 %, 7 %, 1729 MiB, 23028 MiB
2026/02/25 17:27:40.812, 3, NVIDIA A10G, 0 %, 0 %, 0 MiB, 23028 MiB
2026/02/25 17:27:41.812, 0, NVIDIA A10G, 0 %, 0 %, 2161 MiB, 23028 MiB
2026/02/25 17:27:41.813, 1, NVIDIA A10G, 20 %, 7 %, 2003 MiB, 23028 MiB
2026/02/25 17:27:41.813, 2, NVIDIA A10G, 21 %, 7 %, 1729 MiB, 23028 MiB
2026/02/25 17:27:41.813, 3, NVIDIA A10G, 0 %, 0 %, 0 MiB, 23028 MiB
2026/02/25 17:27:42.813, 0, NVIDIA A10G, 0 %, 0 %, 2161 MiB, 23028 MiB
2026/02/25 17:27:42.813, 1, NVIDIA A10G, 18 %, 6 %, 2003 MiB, 23028 MiB
2026/02/25 17:27:42.813, 2, NVIDIA A10G, 21 %, 7 %, 1729 MiB, 23028 MiB
2026/02/25 17:27:42.813, 3, NVIDIA A10G, 0 %, 0 %, 0 MiB, 23028 MiB
2026/02/25 17:27:43.813, 0, NVIDIA A10G, 0 %, 0 %, 2161 MiB, 23028 MiB
2026/02/25 17:27:43.813, 1, NVIDIA A10G, 23 %, 8 %, 2003 MiB, 23028 MiB
2026/02/25 17:27:43.813, 2, NVIDIA A10G, 22 %, 8 %, 1729 MiB, 23028 MiB
2026/02/25 17:27:43.813, 3, NVIDIA A10G, 0 %, 0 %, 0 MiB, 23028 MiB
2026/02/25 17:27:44.814, 0, NVIDIA A10G, 0 %, 0 %, 2161 MiB, 23028 MiB
2026/02/25 17:27:44.814, 1, NVIDIA A10G, 23 %, 8 %, 2003 MiB, 23028 MiB
2026/02/25 17:27:44.814, 2, NVIDIA A10G, 20 %, 7 %, 1729 MiB, 23028 MiB
2026/02/25 17:27:44.814, 3, NVIDIA A10G, 0 %, 0 %, 0 MiB, 23028 MiB
2026/02/25 17:27:45.814, 0, NVIDIA A10G, 0 %, 0 %, 2161 MiB, 23028 MiB
2026/02/25 17:27:45.814, 1, NVIDIA A10G, 20 %, 7 %, 2003 MiB, 23028 MiB
2026/02/25 17:27:45.814, 2, NVIDIA A10G, 21 %, 7 %, 1729 MiB, 23028 MiB
2026/02/25 17:27:45.814, 3, NVIDIA A10G, 0 %, 0 %, 0 MiB, 23028 MiB
2026/02/25 17:27:46.814, 0, NVIDIA A10G, 0 %, 0 %, 2161 MiB, 23028 MiB
2026/02/25 17:27:46.814, 1, NVIDIA A10G, 0 %, 0 %, 2003 MiB, 23028 MiB
2026/02/25 17:27:46.814, 2, NVIDIA A10G, 20 %, 6 %, 1729 MiB, 23028 MiB
2026/02/25 17:27:46.814, 3, NVIDIA A10G, 0 %, 0 %, 0 MiB, 23028 MiB
2026/02/25 17:27:47.815, 0, NVIDIA A10G, 0 %, 0 %, 2161 MiB, 23028 MiB
2026/02/25 17:27:47.815, 1, NVIDIA A10G, 0 %, 0 %, 2003 MiB, 23028 MiB
2026/02/25 17:27:47.815, 2, NVIDIA A10G, 0 %, 0 %, 1729 MiB, 23028 MiB
2026/02/25 17:27:47.815, 3, NVIDIA A10G, 0 %, 0 %, 0 MiB, 23028 MiB
2026/02/25 17:27:48.815, 0, NVIDIA A10G, 21 %, 7 %, 2161 MiB, 23028 MiB
2026/02/25 17:27:48.815, 1, NVIDIA A10G, 0 %, 0 %, 2003 MiB, 23028 MiB
2026/02/25 17:27:48.815, 2, NVIDIA A10G, 0 %, 0 %, 1729 MiB, 23028 MiB
2026/02/25 17:27:48.815, 3, NVIDIA A10G, 0 %, 0 %, 0 MiB, 23028 MiB
2026/02/25 17:27:49.815, 0, NVIDIA A10G, 22 %, 7 %, 2161 MiB, 23028 MiB
2026/02/25 17:27:49.815, 1, NVIDIA A10G, 0 %, 0 %, 2003 MiB, 23028 MiB
2026/02/25 17:27:49.815, 2, NVIDIA A10G, 0 %, 0 %, 1729 MiB, 23028 MiB
2026/02/25 17:27:49.815, 3, NVIDIA A10G, 0 %, 0 %, 0 MiB, 23028 MiB
2026/02/25 17:27:50.816, 0, NVIDIA A10G, 21 %, 7 %, 2161 MiB, 23028 MiB
2026/02/25 17:27:50.816, 1, NVIDIA A10G, 0 %, 0 %, 2003 MiB, 23028 MiB
2026/02/25 17:27:50.816, 2, NVIDIA A10G, 0 %, 0 %, 1729 MiB, 23028 MiB
2026/02/25 17:27:50.816, 3, NVIDIA A10G, 0 %, 0 %, 0 MiB, 23028 MiB
2026/02/25 17:27:51.816, 0, NVIDIA A10G, 22 %, 8 %, 2161 MiB, 23028 MiB
2026/02/25 17:27:51.816, 1, NVIDIA A10G, 0 %, 0 %, 2003 MiB, 23028 MiB
2026/02/25 17:27:51.816, 2, NVIDIA A10G, 0 %, 0 %, 1729 MiB, 23028 MiB
2026/02/25 17:27:51.816, 3, NVIDIA A10G, 0 %, 0 %, 0 MiB, 23028 MiB
2026/02/25 17:27:52.816, 0, NVIDIA A10G, 23 %, 9 %, 2161 MiB, 23028 MiB
2026/02/25 17:27:52.816, 1, NVIDIA A10G, 0 %, 0 %, 2003 MiB, 23028 MiB
2026/02/25 17:27:52.816, 2, NVIDIA A10G, 0 %, 0 %, 1729 MiB, 23028 MiB
2026/02/25 17:27:52.816, 3, NVIDIA A10G, 0 %, 0 %, 0 MiB, 23028 MiB
2026/02/25 17:27:53.816, 0, NVIDIA A10G, 0 %, 0 %, 2161 MiB, 23028 MiB
2026/02/25 17:27:53.816, 1, NVIDIA A10G, 0 %, 0 %, 2003 MiB, 23028 MiB
2026/02/25 17:27:53.817, 2, NVIDIA A10G, 0 %, 0 %, 1729 MiB, 23028 MiB
2026/02/25 17:27:53.817, 3, NVIDIA A10G, 0 %, 0 %, 0 MiB, 23028 MiB
2026/02/25 17:27:54.817, 0, NVIDIA A10G, 0 %, 0 %, 2161 MiB, 23028 MiB
2026/02/25 17:27:54.817, 1, NVIDIA A10G, 0 %, 0 %, 2003 MiB, 23028 MiB
2026/02/25 17:27:54.817, 2, NVIDIA A10G, 0 %, 0 %, 1729 MiB, 23028 MiB
2026/02/25 17:27:54.817, 3, NVIDIA A10G, 0 %, 0 %, 0 MiB, 23028 MiB
2026/02/25 17:27:55.817, 0, NVIDIA A10G, 0 %, 0 %, 2161 MiB, 23028 MiB
2026/02/25 17:27:55.817, 1, NVIDIA A10G, 21 %, 7 %, 2003 MiB, 23028 MiB
2026/02/25 17:27:55.817, 2, NVIDIA A10G, 0 %, 0 %, 1729 MiB, 23028 MiB
2026/02/25 17:27:55.817, 3, NVIDIA A10G, 0 %, 0 %, 0 MiB, 23028 MiB
2026/02/25 17:27:56.817, 0, NVIDIA A10G, 0 %, 0 %, 2161 MiB, 23028 MiB
2026/02/25 17:27:56.817, 1, NVIDIA A10G, 22 %, 8 %, 2003 MiB, 23028 MiB
2026/02/25 17:27:56.817, 2, NVIDIA A10G, 20 %, 7 %, 1729 MiB, 23028 MiB
2026/02/25 17:27:56.818, 3, NVIDIA A10G, 0 %, 0 %, 0 MiB, 23028 MiB
2026/02/25 17:27:57.818, 0, NVIDIA A10G, 0 %, 0 %, 2161 MiB, 23028 MiB
2026/02/25 17:27:57.818, 1, NVIDIA A10G, 21 %, 7 %, 2003 MiB, 23028 MiB
2026/02/25 17:27:57.818, 2, NVIDIA A10G, 19 %, 6 %, 1729 MiB, 23028 MiB
2026/02/25 17:27:57.818, 3, NVIDIA A10G, 0 %, 0 %, 0 MiB, 23028 MiB
2026/02/25 17:27:58.818, 0, NVIDIA A10G, 0 %, 0 %, 2161 MiB, 23028 MiB
2026/02/25 17:27:58.818, 1, NVIDIA A10G, 20 %, 6 %, 2003 MiB, 23028 MiB
2026/02/25 17:27:58.818, 2, NVIDIA A10G, 22 %, 8 %, 1729 MiB, 23028 MiB
2026/02/25 17:27:58.818, 3, NVIDIA A10G, 0 %, 0 %, 0 MiB, 23028 MiB
2026/02/25 17:27:59.818, 0, NVIDIA A10G, 0 %, 0 %, 2161 MiB, 23028 MiB
2026/02/25 17:27:59.818, 1, NVIDIA A10G, 22 %, 7 %, 2003 MiB, 23028 MiB
2026/02/25 17:27:59.819, 2, NVIDIA A10G, 21 %, 7 %, 1729 MiB, 23028 MiB
2026/02/25 17:27:59.819, 3, NVIDIA A10G, 0 %, 0 %, 0 MiB, 23028 MiB
2026/02/25 17:28:00.819, 0, NVIDIA A10G, 0 %, 0 %, 2161 MiB, 23028 MiB
2026/02/25 17:28:00.819, 1, NVIDIA A10G, 22 %, 7 %, 2003 MiB, 23028 MiB
2026/02/25 17:28:00.819, 2, NVIDIA A10G, 21 %, 7 %, 1729 MiB, 23028 MiB
2026/02/25 17:28:00.819, 3, NVIDIA A10G, 0 %, 0 %, 0 MiB, 23028 MiB
2026/02/25 17:28:01.819, 0, NVIDIA A10G, 63 %, 42 %, 2161 MiB, 23028 MiB
2026/02/25 17:28:01.819, 1, NVIDIA A10G, 19 %, 6 %, 2003 MiB, 23028 MiB
2026/02/25 17:28:01.819, 2, NVIDIA A10G, 22 %, 8 %, 1729 MiB, 23028 MiB
2026/02/25 17:28:01.819, 3, NVIDIA A10G, 0 %, 0 %, 0 MiB, 23028 MiB
2026/02/25 17:28:02.819, 0, NVIDIA A10G, 21 %, 8 %, 2161 MiB, 23028 MiB
2026/02/25 17:28:02.820, 1, NVIDIA A10G, 21 %, 7 %, 2003 MiB, 23028 MiB
2026/02/25 17:28:02.820, 2, NVIDIA A10G, 21 %, 7 %, 1729 MiB, 23028 MiB
2026/02/25 17:28:02.820, 3, NVIDIA A10G, 0 %, 0 %, 0 MiB, 23028 MiB
2026/02/25 17:28:03.820, 0, NVIDIA A10G, 20 %, 7 %, 2161 MiB, 23028 MiB
2026/02/25 17:28:03.820, 1, NVIDIA A10G, 21 %, 8 %, 2003 MiB, 23028 MiB
2026/02/25 17:28:03.821, 2, NVIDIA A10G, 22 %, 8 %, 1729 MiB, 23028 MiB
2026/02/25 17:28:03.821, 3, NVIDIA A10G, 0 %, 0 %, 0 MiB, 23028 MiB
2026/02/25 17:28:04.822, 0, NVIDIA A10G, 21 %, 7 %, 2161 MiB, 23028 MiB
2026/02/25 17:28:04.822, 1, NVIDIA A10G, 13 %, 4 %, 2003 MiB, 23028 MiB
2026/02/25 17:28:04.822, 2, NVIDIA A10G, 19 %, 6 %, 1729 MiB, 23028 MiB
2026/02/25 17:28:04.822, 3, NVIDIA A10G, 0 %, 0 %, 0 MiB, 23028 MiB
2026/02/25 17:28:05.822, 0, NVIDIA A10G, 20 %, 7 %, 2161 MiB, 23028 MiB
2026/02/25 17:28:05.822, 1, NVIDIA A10G, 0 %, 0 %, 2003 MiB, 23028 MiB
2026/02/25 17:28:05.822, 2, NVIDIA A10G, 22 %, 8 %, 1729 MiB, 23028 MiB
2026/02/25 17:28:05.822, 3, NVIDIA A10G, 0 %, 0 %, 0 MiB, 23028 MiB
2026/02/25 17:28:06.822, 0, NVIDIA A10G, 23 %, 8 %, 2161 MiB, 23028 MiB
2026/02/25 17:28:06.822, 1, NVIDIA A10G, 0 %, 0 %, 2003 MiB, 23028 MiB
2026/02/25 17:28:06.822, 2, NVIDIA A10G, 0 %, 0 %, 1729 MiB, 23028 MiB
2026/02/25 17:28:06.822, 3, NVIDIA A10G, 0 %, 0 %, 0 MiB, 23028 MiB
2026/02/25 17:28:07.823, 0, NVIDIA A10G, 24 %, 9 %, 2161 MiB, 23028 MiB
2026/02/25 17:28:07.823, 1, NVIDIA A10G, 0 %, 0 %, 2003 MiB, 23028 MiB
2026/02/25 17:28:07.823, 2, NVIDIA A10G, 0 %, 0 %, 1729 MiB, 23028 MiB
2026/02/25 17:28:07.823, 3, NVIDIA A10G, 0 %, 0 %, 0 MiB, 23028 MiB
2026/02/25 17:28:08.823, 0, NVIDIA A10G, 23 %, 8 %, 2161 MiB, 23028 MiB
2026/02/25 17:28:08.823, 1, NVIDIA A10G, 0 %, 0 %, 2003 MiB, 23028 MiB
2026/02/25 17:28:08.823, 2, NVIDIA A10G, 0 %, 0 %, 1729 MiB, 23028 MiB
2026/02/25 17:28:08.823, 3, NVIDIA A10G, 0 %, 0 %, 0 MiB, 23028 MiB
2026/02/25 17:28:09.823, 0, NVIDIA A10G, 24 %, 9 %, 2161 MiB, 23028 MiB
2026/02/25 17:28:09.824, 1, NVIDIA A10G, 0 %, 0 %, 2003 MiB, 23028 MiB
2026/02/25 17:28:09.824, 2, NVIDIA A10G, 0 %, 0 %, 1729 MiB, 23028 MiB
2026/02/25 17:28:09.824, 3, NVIDIA A10G, 0 %, 0 %, 0 MiB, 23028 MiB
2026/02/25 17:28:10.824, 0, NVIDIA A10G, 0 %, 0 %, 2161 MiB, 23028 MiB
2026/02/25 17:28:10.824, 1, NVIDIA A10G, 0 %, 0 %, 2003 MiB, 23028 MiB
2026/02/25 17:28:10.824, 2, NVIDIA A10G, 0 %, 0 %, 1729 MiB, 23028 MiB
2026/02/25 17:28:10.824, 3, NVIDIA A10G, 0 %, 0 %, 0 MiB, 23028 MiB
2026/02/25 17:28:11.824, 0, NVIDIA A10G, 0 %, 0 %, 2161 MiB, 23028 MiB
2026/02/25 17:28:11.824, 1, NVIDIA A10G, 0 %, 0 %, 2003 MiB, 23028 MiB
2026/02/25 17:28:11.824, 2, NVIDIA A10G, 0 %, 0 %, 1729 MiB, 23028 MiB
2026/02/25 17:28:11.824, 3, NVIDIA A10G, 0 %, 0 %, 0 MiB, 23028 MiB
2026/02/25 17:28:12.825, 0, NVIDIA A10G, 0 %, 0 %, 2161 MiB, 23028 MiB
2026/02/25 17:28:12.825, 1, NVIDIA A10G, 99 %, 83 %, 2003 MiB, 23028 MiB
2026/02/25 17:28:12.825, 2, NVIDIA A10G, 0 %, 0 %, 1729 MiB, 23028 MiB
2026/02/25 17:28:12.825, 3, NVIDIA A10G, 0 %, 0 %, 0 MiB, 23028 MiB
2026/02/25 17:28:13.825, 0, NVIDIA A10G, 0 %, 0 %, 2161 MiB, 23028 MiB
2026/02/25 17:28:13.825, 1, NVIDIA A10G, 20 %, 6 %, 2003 MiB, 23028 MiB
2026/02/25 17:28:13.825, 2, NVIDIA A10G, 0 %, 0 %, 1729 MiB, 23028 MiB
2026/02/25 17:28:13.825, 3, NVIDIA A10G, 0 %, 0 %, 0 MiB, 23028 MiB
2026/02/25 17:28:14.825, 0, NVIDIA A10G, 0 %, 0 %, 2161 MiB, 23028 MiB
2026/02/25 17:28:14.825, 1, NVIDIA A10G, 21 %, 7 %, 2003 MiB, 23028 MiB
2026/02/25 17:28:14.825, 2, NVIDIA A10G, 83 %, 55 %, 1729 MiB, 23028 MiB
2026/02/25 17:28:14.825, 3, NVIDIA A10G, 0 %, 0 %, 0 MiB, 23028 MiB
2026/02/25 17:28:15.826, 0, NVIDIA A10G, 13 %, 4 %, 2161 MiB, 23028 MiB
2026/02/25 17:28:15.826, 1, NVIDIA A10G, 21 %, 7 %, 2003 MiB, 23028 MiB
2026/02/25 17:28:15.826, 2, NVIDIA A10G, 21 %, 8 %, 1729 MiB, 23028 MiB
2026/02/25 17:28:15.826, 3, NVIDIA A10G, 0 %, 0 %, 0 MiB, 23028 MiB
2026/02/25 17:28:16.826, 0, NVIDIA A10G, 19 %, 6 %, 2161 MiB, 23028 MiB
2026/02/25 17:28:16.826, 1, NVIDIA A10G, 20 %, 7 %, 2003 MiB, 23028 MiB
2026/02/25 17:28:16.826, 2, NVIDIA A10G, 18 %, 6 %, 1729 MiB, 23028 MiB
2026/02/25 17:28:16.826, 3, NVIDIA A10G, 0 %, 0 %, 0 MiB, 23028 MiB
2026/02/25 17:28:17.826, 0, NVIDIA A10G, 18 %, 6 %, 2161 MiB, 23028 MiB
2026/02/25 17:28:17.826, 1, NVIDIA A10G, 16 %, 5 %, 2003 MiB, 23028 MiB
2026/02/25 17:28:17.827, 2, NVIDIA A10G, 20 %, 7 %, 1729 MiB, 23028 MiB
2026/02/25 17:28:17.827, 3, NVIDIA A10G, 0 %, 0 %, 0 MiB, 23028 MiB
2026/02/25 17:28:18.827, 0, NVIDIA A10G, 19 %, 7 %, 2161 MiB, 23028 MiB
2026/02/25 17:28:18.827, 1, NVIDIA A10G, 18 %, 6 %, 2003 MiB, 23028 MiB
2026/02/25 17:28:18.827, 2, NVIDIA A10G, 20 %, 6 %, 1729 MiB, 23028 MiB
2026/02/25 17:28:18.827, 3, NVIDIA A10G, 0 %, 0 %, 0 MiB, 23028 MiB
2026/02/25 17:28:19.827, 0, NVIDIA A10G, 20 %, 7 %, 2161 MiB, 23028 MiB
2026/02/25 17:28:19.827, 1, NVIDIA A10G, 23 %, 8 %, 2003 MiB, 23028 MiB
2026/02/25 17:28:19.827, 2, NVIDIA A10G, 19 %, 7 %, 1729 MiB, 23028 MiB
2026/02/25 17:28:19.827, 3, NVIDIA A10G, 0 %, 0 %, 0 MiB, 23028 MiB
2026/02/25 17:28:20.827, 0, NVIDIA A10G, 19 %, 7 %, 2161 MiB, 23028 MiB
2026/02/25 17:28:20.827, 1, NVIDIA A10G, 22 %, 7 %, 2003 MiB, 23028 MiB
2026/02/25 17:28:20.828, 2, NVIDIA A10G, 19 %, 7 %, 1729 MiB, 23028 MiB
2026/02/25 17:28:20.828, 3, NVIDIA A10G, 0 %, 0 %, 0 MiB, 23028 MiB
2026/02/25 17:28:21.828, 0, NVIDIA A10G, 0 %, 0 %, 2161 MiB, 23028 MiB
2026/02/25 17:28:21.828, 1, NVIDIA A10G, 22 %, 7 %, 2003 MiB, 23028 MiB
2026/02/25 17:28:21.828, 2, NVIDIA A10G, 23 %, 9 %, 1729 MiB, 23028 MiB
2026/02/25 17:28:21.828, 3, NVIDIA A10G, 0 %, 0 %, 0 MiB, 23028 MiB
2026/02/25 17:28:22.828, 0, NVIDIA A10G, 0 %, 0 %, 2161 MiB, 23028 MiB
2026/02/25 17:28:22.828, 1, NVIDIA A10G, 4 %, 1 %, 2003 MiB, 23028 MiB
2026/02/25 17:28:22.828, 2, NVIDIA A10G, 22 %, 7 %, 1729 MiB, 23028 MiB
2026/02/25 17:28:22.828, 3, NVIDIA A10G, 0 %, 0 %, 0 MiB, 23028 MiB
2026/02/25 17:28:23.829, 0, NVIDIA A10G, 0 %, 0 %, 2161 MiB, 23028 MiB
2026/02/25 17:28:23.829, 1, NVIDIA A10G, 0 %, 0 %, 2003 MiB, 23028 MiB
2026/02/25 17:28:23.829, 2, NVIDIA A10G, 22 %, 7 %, 1729 MiB, 23028 MiB
2026/02/25 17:28:23.829, 3, NVIDIA A10G, 0 %, 0 %, 0 MiB, 23028 MiB
2026/02/25 17:28:24.829, 0, NVIDIA A10G, 0 %, 0 %, 2161 MiB, 23028 MiB
2026/02/25 17:28:24.829, 1, NVIDIA A10G, 0 %, 0 %, 2003 MiB, 23028 MiB
2026/02/25 17:28:24.829, 2, NVIDIA A10G, 21 %, 7 %, 1729 MiB, 23028 MiB
2026/02/25 17:28:24.829, 3, NVIDIA A10G, 0 %, 0 %, 0 MiB, 23028 MiB
2026/02/25 17:28:25.829, 0, NVIDIA A10G, 0 %, 0 %, 2161 MiB, 23028 MiB
2026/02/25 17:28:25.829, 1, NVIDIA A10G, 20 %, 6 %, 2003 MiB, 23028 MiB
2026/02/25 17:28:25.830, 2, NVIDIA A10G, 0 %, 0 %, 1729 MiB, 23028 MiB
2026/02/25 17:28:25.830, 3, NVIDIA A10G, 0 %, 0 %, 0 MiB, 23028 MiB
2026/02/25 17:28:26.830, 0, NVIDIA A10G, 0 %, 0 %, 2161 MiB, 23028 MiB
2026/02/25 17:28:26.830, 1, NVIDIA A10G, 22 %, 7 %, 2003 MiB, 23028 MiB
2026/02/25 17:28:26.830, 2, NVIDIA A10G, 0 %, 0 %, 1729 MiB, 23028 MiB
2026/02/25 17:28:26.830, 3, NVIDIA A10G, 0 %, 0 %, 0 MiB, 23028 MiB
2026/02/25 17:28:27.830, 0, NVIDIA A10G, 0 %, 0 %, 2161 MiB, 23028 MiB
2026/02/25 17:28:27.830, 1, NVIDIA A10G, 0 %, 0 %, 2003 MiB, 23028 MiB
2026/02/25 17:28:27.830, 2, NVIDIA A10G, 0 %, 0 %, 1729 MiB, 23028 MiB
2026/02/25 17:28:27.830, 3, NVIDIA A10G, 0 %, 0 %, 0 MiB, 23028 MiB
2026/02/25 17:28:28.831, 0, NVIDIA A10G, 21 %, 7 %, 2161 MiB, 23028 MiB
2026/02/25 17:28:28.831, 1, NVIDIA A10G, 0 %, 0 %, 2003 MiB, 23028 MiB
2026/02/25 17:28:28.831, 2, NVIDIA A10G, 0 %, 0 %, 1729 MiB, 23028 MiB
2026/02/25 17:28:28.831, 3, NVIDIA A10G, 0 %, 0 %, 0 MiB, 23028 MiB
2026/02/25 17:28:29.831, 0, NVIDIA A10G, 22 %, 8 %, 2161 MiB, 23028 MiB
2026/02/25 17:28:29.831, 1, NVIDIA A10G, 0 %, 0 %, 2003 MiB, 23028 MiB
2026/02/25 17:28:29.831, 2, NVIDIA A10G, 0 %, 0 %, 1729 MiB, 23028 MiB
2026/02/25 17:28:29.831, 3, NVIDIA A10G, 0 %, 0 %, 0 MiB, 23028 MiB
2026/02/25 17:28:30.831, 0, NVIDIA A10G, 21 %, 7 %, 2161 MiB, 23028 MiB
2026/02/25 17:28:30.831, 1, NVIDIA A10G, 0 %, 0 %, 2003 MiB, 23028 MiB
2026/02/25 17:28:30.831, 2, NVIDIA A10G, 0 %, 0 %, 1729 MiB, 23028 MiB
2026/02/25 17:28:30.831, 3, NVIDIA A10G, 0 %, 0 %, 0 MiB, 23028 MiB
2026/02/25 17:28:31.832, 0, NVIDIA A10G, 23 %, 8 %, 2161 MiB, 23028 MiB
2026/02/25 17:28:31.832, 1, NVIDIA A10G, 0 %, 0 %, 2003 MiB, 23028 MiB
2026/02/25 17:28:31.832, 2, NVIDIA A10G, 0 %, 0 %, 1729 MiB, 23028 MiB
2026/02/25 17:28:31.832, 3, NVIDIA A10G, 0 %, 0 %, 0 MiB, 23028 MiB
2026/02/25 17:28:32.832, 0, NVIDIA A10G, 20 %, 7 %, 2161 MiB, 23028 MiB
2026/02/25 17:28:32.832, 1, NVIDIA A10G, 0 %, 0 %, 2003 MiB, 23028 MiB
2026/02/25 17:28:32.832, 2, NVIDIA A10G, 0 %, 0 %, 1729 MiB, 23028 MiB
2026/02/25 17:28:32.832, 3, NVIDIA A10G, 0 %, 0 %, 0 MiB, 23028 MiB
2026/02/25 17:28:33.832, 0, NVIDIA A10G, 20 %, 7 %, 2161 MiB, 23028 MiB
2026/02/25 17:28:33.832, 1, NVIDIA A10G, 0 %, 0 %, 2003 MiB, 23028 MiB
2026/02/25 17:28:33.832, 2, NVIDIA A10G, 0 %, 0 %, 1729 MiB, 23028 MiB
2026/02/25 17:28:33.832, 3, NVIDIA A10G, 0 %, 0 %, 0 MiB, 23028 MiB
2026/02/25 17:28:34.832, 0, NVIDIA A10G, 20 %, 7 %, 2161 MiB, 23028 MiB
2026/02/25 17:28:34.833, 1, NVIDIA A10G, 0 %, 0 %, 2003 MiB, 23028 MiB
2026/02/25 17:28:34.833, 2, NVIDIA A10G, 0 %, 0 %, 1729 MiB, 23028 MiB
2026/02/25 17:28:34.833, 3, NVIDIA A10G, 0 %, 0 %, 0 MiB, 23028 MiB
2026/02/25 17:28:35.833, 0, NVIDIA A10G, 2 %, 1 %, 2161 MiB, 23028 MiB
2026/02/25 17:28:35.833, 1, NVIDIA A10G, 0 %, 0 %, 2003 MiB, 23028 MiB
2026/02/25 17:28:35.833, 2, NVIDIA A10G, 0 %, 0 %, 1729 MiB, 23028 MiB
2026/02/25 17:28:35.833, 3, NVIDIA A10G, 0 %, 0 %, 0 MiB, 23028 MiB
2026/02/25 17:28:36.833, 0, NVIDIA A10G, 0 %, 0 %, 2161 MiB, 23028 MiB
2026/02/25 17:28:36.833, 1, NVIDIA A10G, 0 %, 0 %, 2003 MiB, 23028 MiB
2026/02/25 17:28:36.833, 2, NVIDIA A10G, 0 %, 0 %, 1729 MiB, 23028 MiB
2026/02/25 17:28:36.833, 3, NVIDIA A10G, 0 %, 0 %, 0 MiB, 23028 MiB
2026/02/25 17:28:37.833, 0, NVIDIA A10G, 0 %, 0 %, 2161 MiB, 23028 MiB
2026/02/25 17:28:37.833, 1, NVIDIA A10G, 0 %, 0 %, 2005 MiB, 23028 MiB
2026/02/25 17:28:37.833, 2, NVIDIA A10G, 23 %, 8 %, 1729 MiB, 23028 MiB
2026/02/25 17:28:37.834, 3, NVIDIA A10G, 0 %, 0 %, 0 MiB, 23028 MiB
2026/02/25 17:28:38.834, 0, NVIDIA A10G, 0 %, 0 %, 2161 MiB, 23028 MiB
2026/02/25 17:28:38.834, 1, NVIDIA A10G, 22 %, 7 %, 2005 MiB, 23028 MiB
2026/02/25 17:28:38.834, 2, NVIDIA A10G, 21 %, 7 %, 1729 MiB, 23028 MiB
2026/02/25 17:28:38.834, 3, NVIDIA A10G, 0 %, 0 %, 0 MiB, 23028 MiB
2026/02/25 17:28:39.834, 0, NVIDIA A10G, 0 %, 0 %, 2161 MiB, 23028 MiB
2026/02/25 17:28:39.834, 1, NVIDIA A10G, 21 %, 7 %, 2005 MiB, 23028 MiB
2026/02/25 17:28:39.834, 2, NVIDIA A10G, 21 %, 7 %, 1729 MiB, 23028 MiB
2026/02/25 17:28:39.834, 3, NVIDIA A10G, 0 %, 0 %, 0 MiB, 23028 MiB
2026/02/25 17:28:40.834, 0, NVIDIA A10G, 19 %, 7 %, 2161 MiB, 23028 MiB
2026/02/25 17:28:40.835, 1, NVIDIA A10G, 21 %, 7 %, 2005 MiB, 23028 MiB
2026/02/25 17:28:40.835, 2, NVIDIA A10G, 17 %, 6 %, 1729 MiB, 23028 MiB
2026/02/25 17:28:40.835, 3, NVIDIA A10G, 0 %, 0 %, 0 MiB, 23028 MiB
2026/02/25 17:28:41.835, 0, NVIDIA A10G, 21 %, 8 %, 2161 MiB, 23028 MiB
2026/02/25 17:28:41.835, 1, NVIDIA A10G, 19 %, 7 %, 2005 MiB, 23028 MiB
2026/02/25 17:28:41.835, 2, NVIDIA A10G, 20 %, 7 %, 1729 MiB, 23028 MiB
2026/02/25 17:28:41.835, 3, NVIDIA A10G, 0 %, 0 %, 0 MiB, 23028 MiB
2026/02/25 17:28:42.835, 0, NVIDIA A10G, 19 %, 6 %, 2161 MiB, 23028 MiB
2026/02/25 17:28:42.835, 1, NVIDIA A10G, 20 %, 7 %, 2005 MiB, 23028 MiB
2026/02/25 17:28:42.835, 2, NVIDIA A10G, 18 %, 6 %, 1729 MiB, 23028 MiB
2026/02/25 17:28:42.835, 3, NVIDIA A10G, 0 %, 0 %, 0 MiB, 23028 MiB
2026/02/25 17:28:43.835, 0, NVIDIA A10G, 20 %, 7 %, 2161 MiB, 23028 MiB
2026/02/25 17:28:43.836, 1, NVIDIA A10G, 22 %, 8 %, 2005 MiB, 23028 MiB
2026/02/25 17:28:43.836, 2, NVIDIA A10G, 21 %, 7 %, 1729 MiB, 23028 MiB
2026/02/25 17:28:43.836, 3, NVIDIA A10G, 0 %, 0 %, 0 MiB, 23028 MiB
2026/02/25 17:28:44.836, 0, NVIDIA A10G, 20 %, 7 %, 2161 MiB, 23028 MiB
2026/02/25 17:28:44.836, 1, NVIDIA A10G, 21 %, 7 %, 2005 MiB, 23028 MiB
2026/02/25 17:28:44.836, 2, NVIDIA A10G, 22 %, 8 %, 1729 MiB, 23028 MiB
2026/02/25 17:28:44.836, 3, NVIDIA A10G, 0 %, 0 %, 0 MiB, 23028 MiB
2026/02/25 17:28:45.836, 0, NVIDIA A10G, 20 %, 7 %, 2161 MiB, 23028 MiB
2026/02/25 17:28:45.836, 1, NVIDIA A10G, 20 %, 7 %, 2005 MiB, 23028 MiB
2026/02/25 17:28:45.836, 2, NVIDIA A10G, 20 %, 7 %, 1729 MiB, 23028 MiB
2026/02/25 17:28:45.836, 3, NVIDIA A10G, 0 %, 0 %, 0 MiB, 23028 MiB
2026/02/25 17:28:46.837, 0, NVIDIA A10G, 0 %, 0 %, 2161 MiB, 23028 MiB
2026/02/25 17:28:46.837, 1, NVIDIA A10G, 21 %, 7 %, 2005 MiB, 23028 MiB
2026/02/25 17:28:46.837, 2, NVIDIA A10G, 22 %, 8 %, 1729 MiB, 23028 MiB
2026/02/25 17:28:46.837, 3, NVIDIA A10G, 0 %, 0 %, 0 MiB, 23028 MiB
2026/02/25 17:28:47.837, 0, NVIDIA A10G, 0 %, 0 %, 2161 MiB, 23028 MiB
2026/02/25 17:28:47.837, 1, NVIDIA A10G, 22 %, 7 %, 2005 MiB, 23028 MiB
2026/02/25 17:28:47.837, 2, NVIDIA A10G, 22 %, 8 %, 1729 MiB, 23028 MiB
2026/02/25 17:28:47.837, 3, NVIDIA A10G, 0 %, 0 %, 0 MiB, 23028 MiB
2026/02/25 17:28:48.837, 0, NVIDIA A10G, 0 %, 0 %, 2161 MiB, 23028 MiB
2026/02/25 17:28:48.838, 1, NVIDIA A10G, 23 %, 8 %, 2005 MiB, 23028 MiB
2026/02/25 17:28:48.838, 2, NVIDIA A10G, 18 %, 6 %, 1729 MiB, 23028 MiB
2026/02/25 17:28:48.838, 3, NVIDIA A10G, 0 %, 0 %, 0 MiB, 23028 MiB
2026/02/25 17:28:49.838, 0, NVIDIA A10G, 0 %, 0 %, 2161 MiB, 23028 MiB
2026/02/25 17:28:49.838, 1, NVIDIA A10G, 0 %, 0 %, 2005 MiB, 23028 MiB
2026/02/25 17:28:49.838, 2, NVIDIA A10G, 0 %, 0 %, 1729 MiB, 23028 MiB
2026/02/25 17:28:49.838, 3, NVIDIA A10G, 0 %, 0 %, 0 MiB, 23028 MiB
2026/02/25 17:28:50.838, 0, NVIDIA A10G, 0 %, 0 %, 2161 MiB, 23028 MiB
2026/02/25 17:28:50.838, 1, NVIDIA A10G, 0 %, 0 %, 2005 MiB, 23028 MiB
2026/02/25 17:28:50.838, 2, NVIDIA A10G, 0 %, 0 %, 1729 MiB, 23028 MiB
2026/02/25 17:28:50.838, 3, NVIDIA A10G, 0 %, 0 %, 0 MiB, 23028 MiB
2026/02/25 17:28:51.838, 0, NVIDIA A10G, 0 %, 0 %, 2161 MiB, 23028 MiB
2026/02/25 17:28:51.838, 1, NVIDIA A10G, 0 %, 0 %, 2005 MiB, 23028 MiB
2026/02/25 17:28:51.838, 2, NVIDIA A10G, 0 %, 0 %, 1729 MiB, 23028 MiB
2026/02/25 17:28:51.839, 3, NVIDIA A10G, 0 %, 0 %, 0 MiB, 23028 MiB
2026/02/25 17:28:52.839, 0, NVIDIA A10G, 0 %, 0 %, 2161 MiB, 23028 MiB
2026/02/25 17:28:52.839, 1, NVIDIA A10G, 0 %, 0 %, 2005 MiB, 23028 MiB
2026/02/25 17:28:52.839, 2, NVIDIA A10G, 0 %, 0 %, 1729 MiB, 23028 MiB
2026/02/25 17:28:52.839, 3, NVIDIA A10G, 0 %, 0 %, 0 MiB, 23028 MiB
2026/02/25 17:28:53.839, 0, NVIDIA A10G, 0 %, 0 %, 2161 MiB, 23028 MiB
2026/02/25 17:28:53.839, 1, NVIDIA A10G, 0 %, 0 %, 2005 MiB, 23028 MiB
2026/02/25 17:28:53.839, 2, NVIDIA A10G, 20 %, 7 %, 1729 MiB, 23028 MiB
2026/02/25 17:28:53.839, 3, NVIDIA A10G, 0 %, 0 %, 0 MiB, 23028 MiB
2026/02/25 17:28:54.839, 0, NVIDIA A10G, 84 %, 51 %, 2161 MiB, 23028 MiB
2026/02/25 17:28:54.839, 1, NVIDIA A10G, 0 %, 0 %, 2005 MiB, 23028 MiB
2026/02/25 17:28:54.839, 2, NVIDIA A10G, 21 %, 7 %, 1729 MiB, 23028 MiB
2026/02/25 17:28:54.839, 3, NVIDIA A10G, 0 %, 0 %, 0 MiB, 23028 MiB
2026/02/25 17:28:55.840, 0, NVIDIA A10G, 0 %, 0 %, 2161 MiB, 23028 MiB
2026/02/25 17:28:55.840, 1, NVIDIA A10G, 0 %, 0 %, 2005 MiB, 23028 MiB
2026/02/25 17:28:55.840, 2, NVIDIA A10G, 23 %, 8 %, 1729 MiB, 23028 MiB
2026/02/25 17:28:55.840, 3, NVIDIA A10G, 0 %, 0 %, 0 MiB, 23028 MiB
2026/02/25 17:28:56.840, 0, NVIDIA A10G, 21 %, 7 %, 2161 MiB, 23028 MiB
2026/02/25 17:28:56.840, 1, NVIDIA A10G, 0 %, 0 %, 2005 MiB, 23028 MiB
2026/02/25 17:28:56.840, 2, NVIDIA A10G, 20 %, 7 %, 1729 MiB, 23028 MiB
2026/02/25 17:28:56.840, 3, NVIDIA A10G, 0 %, 0 %, 0 MiB, 23028 MiB
2026/02/25 17:28:57.840, 0, NVIDIA A10G, 16 %, 5 %, 2161 MiB, 23028 MiB
2026/02/25 17:28:57.840, 1, NVIDIA A10G, 21 %, 7 %, 2005 MiB, 23028 MiB
2026/02/25 17:28:57.841, 2, NVIDIA A10G, 0 %, 0 %, 1729 MiB, 23028 MiB
2026/02/25 17:28:57.841, 3, NVIDIA A10G, 0 %, 0 %, 0 MiB, 23028 MiB
2026/02/25 17:28:58.841, 0, NVIDIA A10G, 17 %, 5 %, 2161 MiB, 23028 MiB
2026/02/25 17:28:58.841, 1, NVIDIA A10G, 18 %, 6 %, 2005 MiB, 23028 MiB
2026/02/25 17:28:58.841, 2, NVIDIA A10G, 19 %, 6 %, 1729 MiB, 23028 MiB
2026/02/25 17:28:58.841, 3, NVIDIA A10G, 0 %, 0 %, 0 MiB, 23028 MiB
2026/02/25 17:28:59.841, 0, NVIDIA A10G, 19 %, 6 %, 2161 MiB, 23028 MiB
2026/02/25 17:28:59.841, 1, NVIDIA A10G, 18 %, 6 %, 2005 MiB, 23028 MiB
2026/02/25 17:28:59.841, 2, NVIDIA A10G, 17 %, 5 %, 1729 MiB, 23028 MiB
2026/02/25 17:28:59.842, 3, NVIDIA A10G, 0 %, 0 %, 0 MiB, 23028 MiB
2026/02/25 17:29:00.842, 0, NVIDIA A10G, 20 %, 6 %, 2161 MiB, 23028 MiB
2026/02/25 17:29:00.842, 1, NVIDIA A10G, 20 %, 7 %, 2005 MiB, 23028 MiB
2026/02/25 17:29:00.842, 2, NVIDIA A10G, 0 %, 0 %, 1729 MiB, 23028 MiB
2026/02/25 17:29:00.842, 3, NVIDIA A10G, 0 %, 0 %, 0 MiB, 23028 MiB
2026/02/25 17:29:01.842, 0, NVIDIA A10G, 21 %, 7 %, 2161 MiB, 23028 MiB
2026/02/25 17:29:01.842, 1, NVIDIA A10G, 19 %, 6 %, 2005 MiB, 23028 MiB
2026/02/25 17:29:01.842, 2, NVIDIA A10G, 0 %, 0 %, 1729 MiB, 23028 MiB
2026/02/25 17:29:01.842, 3, NVIDIA A10G, 0 %, 0 %, 0 MiB, 23028 MiB
2026/02/25 17:29:02.842, 0, NVIDIA A10G, 19 %, 6 %, 2161 MiB, 23028 MiB
2026/02/25 17:29:02.843, 1, NVIDIA A10G, 20 %, 6 %, 2005 MiB, 23028 MiB
2026/02/25 17:29:02.843, 2, NVIDIA A10G, 0 %, 0 %, 1729 MiB, 23028 MiB
2026/02/25 17:29:02.843, 3, NVIDIA A10G, 0 %, 0 %, 0 MiB, 23028 MiB
2026/02/25 17:29:03.843, 0, NVIDIA A10G, 19 %, 6 %, 2161 MiB, 23028 MiB
2026/02/25 17:29:03.843, 1, NVIDIA A10G, 19 %, 7 %, 2005 MiB, 23028 MiB
2026/02/25 17:29:03.843, 2, NVIDIA A10G, 0 %, 0 %, 1729 MiB, 23028 MiB
2026/02/25 17:29:03.843, 3, NVIDIA A10G, 0 %, 0 %, 0 MiB, 23028 MiB
2026/02/25 17:29:04.843, 0, NVIDIA A10G, 19 %, 6 %, 2161 MiB, 23028 MiB
2026/02/25 17:29:04.843, 1, NVIDIA A10G, 19 %, 7 %, 2005 MiB, 23028 MiB
2026/02/25 17:29:04.843, 2, NVIDIA A10G, 0 %, 0 %, 1729 MiB, 23028 MiB
2026/02/25 17:29:04.843, 3, NVIDIA A10G, 0 %, 0 %, 0 MiB, 23028 MiB
2026/02/25 17:29:05.844, 0, NVIDIA A10G, 20 %, 6 %, 2161 MiB, 23028 MiB
2026/02/25 17:29:05.844, 1, NVIDIA A10G, 20 %, 7 %, 2005 MiB, 23028 MiB
2026/02/25 17:29:05.844, 2, NVIDIA A10G, 0 %, 0 %, 1729 MiB, 23028 MiB
2026/02/25 17:29:05.844, 3, NVIDIA A10G, 0 %, 0 %, 0 MiB, 23028 MiB
2026/02/25 17:29:06.844, 0, NVIDIA A10G, 22 %, 7 %, 2161 MiB, 23028 MiB
2026/02/25 17:29:06.844, 1, NVIDIA A10G, 0 %, 0 %, 2005 MiB, 23028 MiB
2026/02/25 17:29:06.844, 2, NVIDIA A10G, 0 %, 0 %, 1729 MiB, 23028 MiB
2026/02/25 17:29:06.844, 3, NVIDIA A10G, 0 %, 0 %, 0 MiB, 23028 MiB
2026/02/25 17:29:07.844, 0, NVIDIA A10G, 20 %, 7 %, 2161 MiB, 23028 MiB
2026/02/25 17:29:07.844, 1, NVIDIA A10G, 0 %, 0 %, 2005 MiB, 23028 MiB
2026/02/25 17:29:07.844, 2, NVIDIA A10G, 0 %, 0 %, 1729 MiB, 23028 MiB
2026/02/25 17:29:07.844, 3, NVIDIA A10G, 0 %, 0 %, 0 MiB, 23028 MiB
2026/02/25 17:29:08.845, 0, NVIDIA A10G, 0 %, 0 %, 2161 MiB, 23028 MiB
2026/02/25 17:29:08.845, 1, NVIDIA A10G, 0 %, 0 %, 2005 MiB, 23028 MiB
2026/02/25 17:29:08.845, 2, NVIDIA A10G, 0 %, 0 %, 1729 MiB, 23028 MiB
2026/02/25 17:29:08.845, 3, NVIDIA A10G, 0 %, 0 %, 0 MiB, 23028 MiB
2026/02/25 17:29:09.845, 0, NVIDIA A10G, 0 %, 0 %, 2161 MiB, 23028 MiB
2026/02/25 17:29:09.845, 1, NVIDIA A10G, 24 %, 9 %, 2005 MiB, 23028 MiB
2026/02/25 17:29:09.845, 2, NVIDIA A10G, 0 %, 0 %, 1729 MiB, 23028 MiB
2026/02/25 17:29:09.845, 3, NVIDIA A10G, 0 %, 0 %, 0 MiB, 23028 MiB
2026/02/25 17:29:10.845, 0, NVIDIA A10G, 0 %, 0 %, 2161 MiB, 23028 MiB
2026/02/25 17:29:10.845, 1, NVIDIA A10G, 20 %, 6 %, 2005 MiB, 23028 MiB
2026/02/25 17:29:10.845, 2, NVIDIA A10G, 0 %, 0 %, 1729 MiB, 23028 MiB
2026/02/25 17:29:10.845, 3, NVIDIA A10G, 0 %, 0 %, 0 MiB, 23028 MiB
2026/02/25 17:29:11.846, 0, NVIDIA A10G, 0 %, 0 %, 2161 MiB, 23028 MiB
2026/02/25 17:29:11.846, 1, NVIDIA A10G, 20 %, 6 %, 2005 MiB, 23028 MiB
2026/02/25 17:29:11.846, 2, NVIDIA A10G, 21 %, 7 %, 1729 MiB, 23028 MiB
2026/02/25 17:29:11.846, 3, NVIDIA A10G, 0 %, 0 %, 0 MiB, 23028 MiB
2026/02/25 17:29:12.846, 0, NVIDIA A10G, 13 %, 4 %, 2161 MiB, 23028 MiB
2026/02/25 17:29:12.846, 1, NVIDIA A10G, 14 %, 4 %, 2005 MiB, 23028 MiB
2026/02/25 17:29:12.846, 2, NVIDIA A10G, 21 %, 7 %, 1729 MiB, 23028 MiB
2026/02/25 17:29:12.846, 3, NVIDIA A10G, 0 %, 0 %, 0 MiB, 23028 MiB
2026/02/25 17:29:13.846, 0, NVIDIA A10G, 20 %, 7 %, 2161 MiB, 23028 MiB
2026/02/25 17:29:13.847, 1, NVIDIA A10G, 0 %, 0 %, 2005 MiB, 23028 MiB
2026/02/25 17:29:13.847, 2, NVIDIA A10G, 21 %, 7 %, 1729 MiB, 23028 MiB
2026/02/25 17:29:13.847, 3, NVIDIA A10G, 0 %, 0 %, 0 MiB, 23028 MiB
2026/02/25 17:29:14.847, 0, NVIDIA A10G, 21 %, 7 %, 2161 MiB, 23028 MiB
2026/02/25 17:29:14.847, 1, NVIDIA A10G, 0 %, 0 %, 2005 MiB, 23028 MiB
2026/02/25 17:29:14.847, 2, NVIDIA A10G, 22 %, 8 %, 1729 MiB, 23028 MiB
2026/02/25 17:29:14.847, 3, NVIDIA A10G, 0 %, 0 %, 0 MiB, 23028 MiB
2026/02/25 17:29:15.847, 0, NVIDIA A10G, 19 %, 7 %, 2161 MiB, 23028 MiB
2026/02/25 17:29:15.847, 1, NVIDIA A10G, 0 %, 0 %, 2005 MiB, 23028 MiB
2026/02/25 17:29:15.848, 2, NVIDIA A10G, 21 %, 7 %, 1729 MiB, 23028 MiB
2026/02/25 17:29:15.848, 3, NVIDIA A10G, 0 %, 0 %, 0 MiB, 23028 MiB
2026/02/25 17:29:16.848, 0, NVIDIA A10G, 21 %, 8 %, 2161 MiB, 23028 MiB
2026/02/25 17:29:16.848, 1, NVIDIA A10G, 0 %, 0 %, 2005 MiB, 23028 MiB
2026/02/25 17:29:16.848, 2, NVIDIA A10G, 20 %, 7 %, 1729 MiB, 23028 MiB
2026/02/25 17:29:16.848, 3, NVIDIA A10G, 0 %, 0 %, 0 MiB, 23028 MiB
2026/02/25 17:29:17.848, 0, NVIDIA A10G, 0 %, 0 %, 2161 MiB, 23028 MiB
2026/02/25 17:29:17.848, 1, NVIDIA A10G, 0 %, 0 %, 2005 MiB, 23028 MiB
2026/02/25 17:29:17.848, 2, NVIDIA A10G, 18 %, 7 %, 1729 MiB, 23028 MiB
2026/02/25 17:29:17.848, 3, NVIDIA A10G, 0 %, 0 %, 0 MiB, 23028 MiB
2026/02/25 17:29:18.849, 0, NVIDIA A10G, 0 %, 0 %, 2161 MiB, 23028 MiB
2026/02/25 17:29:18.849, 1, NVIDIA A10G, 0 %, 0 %, 2005 MiB, 23028 MiB
2026/02/25 17:29:18.849, 2, NVIDIA A10G, 23 %, 8 %, 1729 MiB, 23028 MiB
2026/02/25 17:29:18.849, 3, NVIDIA A10G, 0 %, 0 %, 0 MiB, 23028 MiB
2026/02/25 17:29:19.849, 0, NVIDIA A10G, 0 %, 0 %, 2161 MiB, 23028 MiB
2026/02/25 17:29:19.849, 1, NVIDIA A10G, 0 %, 0 %, 2005 MiB, 23028 MiB
2026/02/25 17:29:19.849, 2, NVIDIA A10G, 24 %, 9 %, 1729 MiB, 23028 MiB
2026/02/25 17:29:19.849, 3, NVIDIA A10G, 0 %, 0 %, 0 MiB, 23028 MiB
2026/02/25 17:29:20.849, 0, NVIDIA A10G, 0 %, 0 %, 2161 MiB, 23028 MiB
2026/02/25 17:29:20.849, 1, NVIDIA A10G, 0 %, 0 %, 2005 MiB, 23028 MiB
2026/02/25 17:29:20.849, 2, NVIDIA A10G, 24 %, 8 %, 1729 MiB, 23028 MiB
2026/02/25 17:29:20.849, 3, NVIDIA A10G, 0 %, 0 %, 0 MiB, 23028 MiB
2026/02/25 17:29:21.849, 0, NVIDIA A10G, 0 %, 0 %, 2161 MiB, 23028 MiB
2026/02/25 17:29:21.850, 1, NVIDIA A10G, 0 %, 0 %, 2005 MiB, 23028 MiB
2026/02/25 17:29:21.850, 2, NVIDIA A10G, 22 %, 8 %, 1729 MiB, 23028 MiB
2026/02/25 17:29:21.850, 3, NVIDIA A10G, 0 %, 0 %, 0 MiB, 23028 MiB
2026/02/25 17:29:22.850, 0, NVIDIA A10G, 0 %, 0 %, 2161 MiB, 23028 MiB
2026/02/25 17:29:22.850, 1, NVIDIA A10G, 0 %, 0 %, 2005 MiB, 23028 MiB
2026/02/25 17:29:22.850, 2, NVIDIA A10G, 0 %, 0 %, 1729 MiB, 23028 MiB
2026/02/25 17:29:22.850, 3, NVIDIA A10G, 0 %, 0 %, 0 MiB, 23028 MiB
2026/02/25 17:29:23.850, 0, NVIDIA A10G, 0 %, 0 %, 2161 MiB, 23028 MiB
2026/02/25 17:29:23.850, 1, NVIDIA A10G, 0 %, 0 %, 2005 MiB, 23028 MiB
2026/02/25 17:29:23.850, 2, NVIDIA A10G, 0 %, 0 %, 1729 MiB, 23028 MiB
2026/02/25 17:29:23.850, 3, NVIDIA A10G, 0 %, 0 %, 0 MiB, 23028 MiB
2026/02/25 17:29:24.850, 0, NVIDIA A10G, 0 %, 0 %, 2161 MiB, 23028 MiB
2026/02/25 17:29:24.850, 1, NVIDIA A10G, 0 %, 0 %, 2005 MiB, 23028 MiB
2026/02/25 17:29:24.850, 2, NVIDIA A10G, 0 %, 0 %, 1729 MiB, 23028 MiB
2026/02/25 17:29:24.850, 3, NVIDIA A10G, 0 %, 0 %, 0 MiB, 23028 MiB
2026/02/25 17:29:25.851, 0, NVIDIA A10G, 0 %, 0 %, 2161 MiB, 23028 MiB
2026/02/25 17:29:25.851, 1, NVIDIA A10G, 23 %, 7 %, 2005 MiB, 23028 MiB
2026/02/25 17:29:25.851, 2, NVIDIA A10G, 0 %, 0 %, 1729 MiB, 23028 MiB
2026/02/25 17:29:25.851, 3, NVIDIA A10G, 0 %, 0 %, 0 MiB, 23028 MiB
2026/02/25 17:29:26.851, 0, NVIDIA A10G, 0 %, 0 %, 2161 MiB, 23028 MiB
2026/02/25 17:29:26.851, 1, NVIDIA A10G, 23 %, 7 %, 2005 MiB, 23028 MiB
2026/02/25 17:29:26.851, 2, NVIDIA A10G, 0 %, 0 %, 1729 MiB, 23028 MiB
2026/02/25 17:29:26.851, 3, NVIDIA A10G, 0 %, 0 %, 0 MiB, 23028 MiB
2026/02/25 17:29:27.851, 0, NVIDIA A10G, 0 %, 0 %, 2161 MiB, 23028 MiB
2026/02/25 17:29:27.851, 1, NVIDIA A10G, 20 %, 6 %, 2005 MiB, 23028 MiB
2026/02/25 17:29:27.851, 2, NVIDIA A10G, 0 %, 0 %, 1729 MiB, 23028 MiB
2026/02/25 17:29:27.851, 3, NVIDIA A10G, 0 %, 0 %, 0 MiB, 23028 MiB
2026/02/25 17:29:28.852, 0, NVIDIA A10G, 0 %, 0 %, 2161 MiB, 23028 MiB
2026/02/25 17:29:28.852, 1, NVIDIA A10G, 21 %, 7 %, 2005 MiB, 23028 MiB
2026/02/25 17:29:28.852, 2, NVIDIA A10G, 0 %, 0 %, 1729 MiB, 23028 MiB
2026/02/25 17:29:28.852, 3, NVIDIA A10G, 0 %, 0 %, 0 MiB, 23028 MiB
2026/02/25 17:29:29.852, 0, NVIDIA A10G, 0 %, 0 %, 2161 MiB, 23028 MiB
2026/02/25 17:29:29.852, 1, NVIDIA A10G, 19 %, 7 %, 2005 MiB, 23028 MiB
2026/02/25 17:29:29.852, 2, NVIDIA A10G, 0 %, 0 %, 1729 MiB, 23028 MiB
2026/02/25 17:29:29.852, 3, NVIDIA A10G, 0 %, 0 %, 0 MiB, 23028 MiB
2026/02/25 17:29:30.852, 0, NVIDIA A10G, 0 %, 0 %, 2161 MiB, 23028 MiB
2026/02/25 17:29:30.852, 1, NVIDIA A10G, 20 %, 6 %, 2005 MiB, 23028 MiB
2026/02/25 17:29:30.852, 2, NVIDIA A10G, 0 %, 0 %, 1729 MiB, 23028 MiB
2026/02/25 17:29:30.853, 3, NVIDIA A10G, 0 %, 0 %, 0 MiB, 23028 MiB
2026/02/25 17:29:31.853, 0, NVIDIA A10G, 22 %, 8 %, 2161 MiB, 23028 MiB
2026/02/25 17:29:31.853, 1, NVIDIA A10G, 21 %, 7 %, 2005 MiB, 23028 MiB
2026/02/25 17:29:31.853, 2, NVIDIA A10G, 19 %, 6 %, 1729 MiB, 23028 MiB
2026/02/25 17:29:31.853, 3, NVIDIA A10G, 0 %, 0 %, 0 MiB, 23028 MiB
2026/02/25 17:29:32.853, 0, NVIDIA A10G, 21 %, 8 %, 2161 MiB, 23028 MiB
2026/02/25 17:29:32.853, 1, NVIDIA A10G, 20 %, 7 %, 2005 MiB, 23028 MiB
2026/02/25 17:29:32.853, 2, NVIDIA A10G, 21 %, 7 %, 1729 MiB, 23028 MiB
2026/02/25 17:29:32.853, 3, NVIDIA A10G, 0 %, 0 %, 0 MiB, 23028 MiB
2026/02/25 17:29:33.853, 0, NVIDIA A10G, 19 %, 7 %, 2161 MiB, 23028 MiB
2026/02/25 17:29:33.854, 1, NVIDIA A10G, 17 %, 6 %, 2005 MiB, 23028 MiB
2026/02/25 17:29:33.854, 2, NVIDIA A10G, 20 %, 7 %, 1729 MiB, 23028 MiB
2026/02/25 17:29:33.854, 3, NVIDIA A10G, 0 %, 0 %, 0 MiB, 23028 MiB
2026/02/25 17:29:34.854, 0, NVIDIA A10G, 21 %, 8 %, 2161 MiB, 23028 MiB
2026/02/25 17:29:34.854, 1, NVIDIA A10G, 19 %, 7 %, 2005 MiB, 23028 MiB
2026/02/25 17:29:34.854, 2, NVIDIA A10G, 19 %, 7 %, 1729 MiB, 23028 MiB
2026/02/25 17:29:34.854, 3, NVIDIA A10G, 0 %, 0 %, 0 MiB, 23028 MiB
2026/02/25 17:29:35.854, 0, NVIDIA A10G, 20 %, 7 %, 2161 MiB, 23028 MiB
2026/02/25 17:29:35.854, 1, NVIDIA A10G, 21 %, 8 %, 2005 MiB, 23028 MiB
2026/02/25 17:29:35.854, 2, NVIDIA A10G, 21 %, 7 %, 1729 MiB, 23028 MiB
2026/02/25 17:29:35.854, 3, NVIDIA A10G, 0 %, 0 %, 0 MiB, 23028 MiB
2026/02/25 17:29:36.855, 0, NVIDIA A10G, 21 %, 7 %, 2161 MiB, 23028 MiB
2026/02/25 17:29:36.855, 1, NVIDIA A10G, 20 %, 7 %, 2005 MiB, 23028 MiB
2026/02/25 17:29:36.855, 2, NVIDIA A10G, 18 %, 6 %, 1729 MiB, 23028 MiB
2026/02/25 17:29:36.855, 3, NVIDIA A10G, 0 %, 0 %, 0 MiB, 23028 MiB
2026/02/25 17:29:37.855, 0, NVIDIA A10G, 21 %, 8 %, 2161 MiB, 23028 MiB
2026/02/25 17:29:37.855, 1, NVIDIA A10G, 21 %, 7 %, 2005 MiB, 23028 MiB
2026/02/25 17:29:37.855, 2, NVIDIA A10G, 18 %, 6 %, 1729 MiB, 23028 MiB
2026/02/25 17:29:37.855, 3, NVIDIA A10G, 0 %, 0 %, 0 MiB, 23028 MiB
2026/02/25 17:29:38.855, 0, NVIDIA A10G, 21 %, 7 %, 2161 MiB, 23028 MiB
2026/02/25 17:29:38.855, 1, NVIDIA A10G, 21 %, 7 %, 2005 MiB, 23028 MiB
2026/02/25 17:29:38.856, 2, NVIDIA A10G, 22 %, 8 %, 1729 MiB, 23028 MiB
2026/02/25 17:29:38.856, 3, NVIDIA A10G, 0 %, 0 %, 0 MiB, 23028 MiB
2026/02/25 17:29:39.856, 0, NVIDIA A10G, 19 %, 7 %, 2161 MiB, 23028 MiB
2026/02/25 17:29:39.856, 1, NVIDIA A10G, 19 %, 6 %, 2005 MiB, 23028 MiB
2026/02/25 17:29:39.856, 2, NVIDIA A10G, 18 %, 6 %, 1729 MiB, 23028 MiB
2026/02/25 17:29:39.856, 3, NVIDIA A10G, 0 %, 0 %, 0 MiB, 23028 MiB
2026/02/25 17:29:40.856, 0, NVIDIA A10G, 19 %, 7 %, 2161 MiB, 23028 MiB
2026/02/25 17:29:40.856, 1, NVIDIA A10G, 1 %, 0 %, 2005 MiB, 23028 MiB
2026/02/25 17:29:40.856, 2, NVIDIA A10G, 20 %, 7 %, 1729 MiB, 23028 MiB
2026/02/25 17:29:40.856, 3, NVIDIA A10G, 0 %, 0 %, 0 MiB, 23028 MiB
2026/02/25 17:29:41.857, 0, NVIDIA A10G, 22 %, 8 %, 2161 MiB, 23028 MiB
2026/02/25 17:29:41.857, 1, NVIDIA A10G, 0 %, 0 %, 2005 MiB, 23028 MiB
2026/02/25 17:29:41.857, 2, NVIDIA A10G, 0 %, 0 %, 1729 MiB, 23028 MiB
2026/02/25 17:29:41.857, 3, NVIDIA A10G, 0 %, 0 %, 0 MiB, 23028 MiB
2026/02/25 17:29:42.857, 0, NVIDIA A10G, 21 %, 7 %, 2161 MiB, 23028 MiB
2026/02/25 17:29:42.857, 1, NVIDIA A10G, 0 %, 0 %, 2005 MiB, 23028 MiB
2026/02/25 17:29:42.857, 2, NVIDIA A10G, 0 %, 0 %, 1729 MiB, 23028 MiB
2026/02/25 17:29:42.857, 3, NVIDIA A10G, 0 %, 0 %, 0 MiB, 23028 MiB
2026/02/25 17:29:43.858, 0, NVIDIA A10G, 19 %, 7 %, 2161 MiB, 23028 MiB
2026/02/25 17:29:43.858, 1, NVIDIA A10G, 0 %, 0 %, 2005 MiB, 23028 MiB
2026/02/25 17:29:43.858, 2, NVIDIA A10G, 0 %, 0 %, 1729 MiB, 23028 MiB
2026/02/25 17:29:43.858, 3, NVIDIA A10G, 0 %, 0 %, 0 MiB, 23028 MiB
2026/02/25 17:29:44.858, 0, NVIDIA A10G, 14 %, 4 %, 2161 MiB, 23028 MiB
2026/02/25 17:29:44.858, 1, NVIDIA A10G, 0 %, 0 %, 2005 MiB, 23028 MiB
2026/02/25 17:29:44.858, 2, NVIDIA A10G, 0 %, 0 %, 1729 MiB, 23028 MiB
2026/02/25 17:29:44.858, 3, NVIDIA A10G, 0 %, 0 %, 0 MiB, 23028 MiB
2026/02/25 17:29:45.858, 0, NVIDIA A10G, 0 %, 0 %, 2161 MiB, 23028 MiB
2026/02/25 17:29:45.858, 1, NVIDIA A10G, 0 %, 0 %, 2005 MiB, 23028 MiB
2026/02/25 17:29:45.858, 2, NVIDIA A10G, 0 %, 0 %, 1729 MiB, 23028 MiB
2026/02/25 17:29:45.859, 3, NVIDIA A10G, 0 %, 0 %, 0 MiB, 23028 MiB
2026/02/25 17:29:46.859, 0, NVIDIA A10G, 0 %, 0 %, 2161 MiB, 23028 MiB
2026/02/25 17:29:46.859, 1, NVIDIA A10G, 0 %, 0 %, 2005 MiB, 23028 MiB
2026/02/25 17:29:46.859, 2, NVIDIA A10G, 0 %, 0 %, 1729 MiB, 23028 MiB
2026/02/25 17:29:46.859, 3, NVIDIA A10G, 0 %, 0 %, 0 MiB, 23028 MiB
2026/02/25 17:29:47.859, 0, NVIDIA A10G, 0 %, 0 %, 2161 MiB, 23028 MiB
2026/02/25 17:29:47.859, 1, NVIDIA A10G, 0 %, 0 %, 2005 MiB, 23028 MiB
2026/02/25 17:29:47.859, 2, NVIDIA A10G, 0 %, 0 %, 1729 MiB, 23028 MiB
2026/02/25 17:29:47.859, 3, NVIDIA A10G, 0 %, 0 %, 0 MiB, 23028 MiB
2026/02/25 17:29:48.859, 0, NVIDIA A10G, 0 %, 0 %, 2161 MiB, 23028 MiB
2026/02/25 17:29:48.859, 1, NVIDIA A10G, 21 %, 7 %, 2005 MiB, 23028 MiB
2026/02/25 17:29:48.859, 2, NVIDIA A10G, 0 %, 0 %, 1729 MiB, 23028 MiB
2026/02/25 17:29:48.860, 3, NVIDIA A10G, 0 %, 0 %, 0 MiB, 23028 MiB
2026/02/25 17:29:49.860, 0, NVIDIA A10G, 0 %, 0 %, 2161 MiB, 23028 MiB
2026/02/25 17:29:49.860, 1, NVIDIA A10G, 21 %, 7 %, 2005 MiB, 23028 MiB
2026/02/25 17:29:49.860, 2, NVIDIA A10G, 0 %, 0 %, 1729 MiB, 23028 MiB
2026/02/25 17:29:49.860, 3, NVIDIA A10G, 0 %, 0 %, 0 MiB, 23028 MiB
2026/02/25 17:29:50.860, 0, NVIDIA A10G, 73 %, 46 %, 2161 MiB, 23028 MiB
2026/02/25 17:29:50.860, 1, NVIDIA A10G, 22 %, 8 %, 2005 MiB, 23028 MiB
2026/02/25 17:29:50.860, 2, NVIDIA A10G, 0 %, 0 %, 1729 MiB, 23028 MiB
2026/02/25 17:29:50.860, 3, NVIDIA A10G, 0 %, 0 %, 0 MiB, 23028 MiB
2026/02/25 17:29:51.860, 0, NVIDIA A10G, 20 %, 6 %, 2161 MiB, 23028 MiB
2026/02/25 17:29:51.860, 1, NVIDIA A10G, 19 %, 7 %, 2005 MiB, 23028 MiB
2026/02/25 17:29:51.860, 2, NVIDIA A10G, 0 %, 0 %, 1729 MiB, 23028 MiB
2026/02/25 17:29:51.861, 3, NVIDIA A10G, 0 %, 0 %, 0 MiB, 23028 MiB
2026/02/25 17:29:52.861, 0, NVIDIA A10G, 20 %, 7 %, 2161 MiB, 23028 MiB
2026/02/25 17:29:52.861, 1, NVIDIA A10G, 21 %, 8 %, 2005 MiB, 23028 MiB
2026/02/25 17:29:52.861, 2, NVIDIA A10G, 0 %, 0 %, 1729 MiB, 23028 MiB
2026/02/25 17:29:52.861, 3, NVIDIA A10G, 0 %, 0 %, 0 MiB, 23028 MiB
2026/02/25 17:29:53.861, 0, NVIDIA A10G, 19 %, 6 %, 2161 MiB, 23028 MiB
2026/02/25 17:29:53.861, 1, NVIDIA A10G, 21 %, 7 %, 2005 MiB, 23028 MiB
2026/02/25 17:29:53.861, 2, NVIDIA A10G, 0 %, 0 %, 1729 MiB, 23028 MiB
2026/02/25 17:29:53.861, 3, NVIDIA A10G, 0 %, 0 %, 0 MiB, 23028 MiB
2026/02/25 17:29:54.862, 0, NVIDIA A10G, 21 %, 7 %, 2161 MiB, 23028 MiB
2026/02/25 17:29:54.862, 1, NVIDIA A10G, 18 %, 6 %, 2005 MiB, 23028 MiB
2026/02/25 17:29:54.862, 2, NVIDIA A10G, 0 %, 0 %, 1729 MiB, 23028 MiB
2026/02/25 17:29:54.862, 3, NVIDIA A10G, 0 %, 0 %, 0 MiB, 23028 MiB
2026/02/25 17:29:55.862, 0, NVIDIA A10G, 21 %, 7 %, 2161 MiB, 23028 MiB
2026/02/25 17:29:55.862, 1, NVIDIA A10G, 0 %, 0 %, 2005 MiB, 23028 MiB
2026/02/25 17:29:55.862, 2, NVIDIA A10G, 0 %, 0 %, 1729 MiB, 23028 MiB
2026/02/25 17:29:55.862, 3, NVIDIA A10G, 0 %, 0 %, 0 MiB, 23028 MiB
2026/02/25 17:29:56.862, 0, NVIDIA A10G, 18 %, 6 %, 2161 MiB, 23028 MiB
2026/02/25 17:29:56.862, 1, NVIDIA A10G, 0 %, 0 %, 2005 MiB, 23028 MiB
2026/02/25 17:29:56.862, 2, NVIDIA A10G, 18 %, 6 %, 1729 MiB, 23028 MiB
2026/02/25 17:29:56.862, 3, NVIDIA A10G, 0 %, 0 %, 0 MiB, 23028 MiB
2026/02/25 17:29:57.862, 0, NVIDIA A10G, 22 %, 7 %, 2161 MiB, 23028 MiB
2026/02/25 17:29:57.863, 1, NVIDIA A10G, 0 %, 0 %, 2005 MiB, 23028 MiB
2026/02/25 17:29:57.863, 2, NVIDIA A10G, 18 %, 6 %, 1729 MiB, 23028 MiB
2026/02/25 17:29:57.863, 3, NVIDIA A10G, 0 %, 0 %, 0 MiB, 23028 MiB
2026/02/25 17:29:58.863, 0, NVIDIA A10G, 21 %, 7 %, 2161 MiB, 23028 MiB
2026/02/25 17:29:58.863, 1, NVIDIA A10G, 0 %, 0 %, 2005 MiB, 23028 MiB
2026/02/25 17:29:58.863, 2, NVIDIA A10G, 20 %, 7 %, 1729 MiB, 23028 MiB
2026/02/25 17:29:58.863, 3, NVIDIA A10G, 0 %, 0 %, 0 MiB, 23028 MiB
2026/02/25 17:29:59.863, 0, NVIDIA A10G, 0 %, 0 %, 2161 MiB, 23028 MiB
2026/02/25 17:29:59.863, 1, NVIDIA A10G, 0 %, 0 %, 2005 MiB, 23028 MiB
2026/02/25 17:29:59.863, 2, NVIDIA A10G, 22 %, 7 %, 1729 MiB, 23028 MiB
2026/02/25 17:29:59.863, 3, NVIDIA A10G, 0 %, 0 %, 0 MiB, 23028 MiB
2026/02/25 17:30:00.864, 0, NVIDIA A10G, 0 %, 0 %, 2161 MiB, 23028 MiB
2026/02/25 17:30:00.864, 1, NVIDIA A10G, 85 %, 58 %, 2005 MiB, 23028 MiB
2026/02/25 17:30:00.864, 2, NVIDIA A10G, 19 %, 6 %, 1729 MiB, 23028 MiB
2026/02/25 17:30:00.864, 3, NVIDIA A10G, 0 %, 0 %, 0 MiB, 23028 MiB
2026/02/25 17:30:01.864, 0, NVIDIA A10G, 0 %, 0 %, 2161 MiB, 23028 MiB
2026/02/25 17:30:01.864, 1, NVIDIA A10G, 19 %, 6 %, 2005 MiB, 23028 MiB
2026/02/25 17:30:01.864, 2, NVIDIA A10G, 18 %, 6 %, 1729 MiB, 23028 MiB
2026/02/25 17:30:01.864, 3, NVIDIA A10G, 0 %, 0 %, 0 MiB, 23028 MiB
2026/02/25 17:30:02.864, 0, NVIDIA A10G, 0 %, 0 %, 2161 MiB, 23028 MiB
2026/02/25 17:30:02.864, 1, NVIDIA A10G, 20 %, 7 %, 2005 MiB, 23028 MiB
2026/02/25 17:30:02.864, 2, NVIDIA A10G, 21 %, 7 %, 1729 MiB, 23028 MiB
2026/02/25 17:30:02.864, 3, NVIDIA A10G, 0 %, 0 %, 0 MiB, 23028 MiB
2026/02/25 17:30:03.864, 0, NVIDIA A10G, 0 %, 0 %, 2161 MiB, 23028 MiB
2026/02/25 17:30:03.864, 1, NVIDIA A10G, 21 %, 8 %, 2005 MiB, 23028 MiB
2026/02/25 17:30:03.865, 2, NVIDIA A10G, 22 %, 8 %, 1729 MiB, 23028 MiB
2026/02/25 17:30:03.865, 3, NVIDIA A10G, 0 %, 0 %, 0 MiB, 23028 MiB
2026/02/25 17:30:04.865, 0, NVIDIA A10G, 0 %, 0 %, 2161 MiB, 23028 MiB
2026/02/25 17:30:04.865, 1, NVIDIA A10G, 21 %, 7 %, 2005 MiB, 23028 MiB
2026/02/25 17:30:04.865, 2, NVIDIA A10G, 19 %, 6 %, 1729 MiB, 23028 MiB
2026/02/25 17:30:04.865, 3, NVIDIA A10G, 0 %, 0 %, 0 MiB, 23028 MiB
2026/02/25 17:30:05.865, 0, NVIDIA A10G, 0 %, 0 %, 2161 MiB, 23028 MiB
2026/02/25 17:30:05.865, 1, NVIDIA A10G, 21 %, 7 %, 2005 MiB, 23028 MiB
2026/02/25 17:30:05.865, 2, NVIDIA A10G, 20 %, 6 %, 1729 MiB, 23028 MiB
2026/02/25 17:30:05.865, 3, NVIDIA A10G, 0 %, 0 %, 0 MiB, 23028 MiB
2026/02/25 17:30:06.866, 0, NVIDIA A10G, 0 %, 0 %, 2161 MiB, 23028 MiB
2026/02/25 17:30:06.866, 1, NVIDIA A10G, 0 %, 0 %, 2005 MiB, 23028 MiB
2026/02/25 17:30:06.866, 2, NVIDIA A10G, 24 %, 10 %, 1729 MiB, 23028 MiB
2026/02/25 17:30:06.866, 3, NVIDIA A10G, 0 %, 0 %, 0 MiB, 23028 MiB
2026/02/25 17:30:07.866, 0, NVIDIA A10G, 0 %, 0 %, 2161 MiB, 23028 MiB
2026/02/25 17:30:07.866, 1, NVIDIA A10G, 0 %, 0 %, 2005 MiB, 23028 MiB
2026/02/25 17:30:07.866, 2, NVIDIA A10G, 21 %, 7 %, 1729 MiB, 23028 MiB
2026/02/25 17:30:07.866, 3, NVIDIA A10G, 0 %, 0 %, 0 MiB, 23028 MiB
2026/02/25 17:30:08.866, 0, NVIDIA A10G, 0 %, 0 %, 2161 MiB, 23028 MiB
2026/02/25 17:30:08.866, 1, NVIDIA A10G, 0 %, 0 %, 2005 MiB, 23028 MiB
2026/02/25 17:30:08.866, 2, NVIDIA A10G, 21 %, 7 %, 1729 MiB, 23028 MiB
2026/02/25 17:30:08.867, 3, NVIDIA A10G, 0 %, 0 %, 0 MiB, 23028 MiB
2026/02/25 17:30:09.867, 0, NVIDIA A10G, 50 %, 32 %, 2161 MiB, 23028 MiB
2026/02/25 17:30:09.867, 1, NVIDIA A10G, 0 %, 0 %, 2005 MiB, 23028 MiB
2026/02/25 17:30:09.867, 2, NVIDIA A10G, 23 %, 8 %, 1729 MiB, 23028 MiB
2026/02/25 17:30:09.867, 3, NVIDIA A10G, 0 %, 0 %, 0 MiB, 23028 MiB
2026/02/25 17:30:10.867, 0, NVIDIA A10G, 21 %, 7 %, 2161 MiB, 23028 MiB
2026/02/25 17:30:10.867, 1, NVIDIA A10G, 0 %, 0 %, 2005 MiB, 23028 MiB
2026/02/25 17:30:10.867, 2, NVIDIA A10G, 19 %, 6 %, 1729 MiB, 23028 MiB
2026/02/25 17:30:10.867, 3, NVIDIA A10G, 0 %, 0 %, 0 MiB, 23028 MiB
2026/02/25 17:30:11.867, 0, NVIDIA A10G, 21 %, 7 %, 2161 MiB, 23028 MiB
2026/02/25 17:30:11.868, 1, NVIDIA A10G, 0 %, 0 %, 2005 MiB, 23028 MiB
2026/02/25 17:30:11.868, 2, NVIDIA A10G, 21 %, 7 %, 1729 MiB, 23028 MiB
2026/02/25 17:30:11.868, 3, NVIDIA A10G, 0 %, 0 %, 0 MiB, 23028 MiB
2026/02/25 17:30:12.868, 0, NVIDIA A10G, 20 %, 7 %, 2161 MiB, 23028 MiB
2026/02/25 17:30:12.868, 1, NVIDIA A10G, 20 %, 6 %, 2005 MiB, 23028 MiB
2026/02/25 17:30:12.868, 2, NVIDIA A10G, 20 %, 6 %, 1729 MiB, 23028 MiB
2026/02/25 17:30:12.868, 3, NVIDIA A10G, 0 %, 0 %, 0 MiB, 23028 MiB
2026/02/25 17:30:13.868, 0, NVIDIA A10G, 19 %, 6 %, 2161 MiB, 23028 MiB
2026/02/25 17:30:13.868, 1, NVIDIA A10G, 20 %, 6 %, 2005 MiB, 23028 MiB
2026/02/25 17:30:13.868, 2, NVIDIA A10G, 0 %, 0 %, 1729 MiB, 23028 MiB
2026/02/25 17:30:13.868, 3, NVIDIA A10G, 0 %, 0 %, 0 MiB, 23028 MiB
2026/02/25 17:30:14.869, 0, NVIDIA A10G, 21 %, 7 %, 2161 MiB, 23028 MiB
2026/02/25 17:30:14.869, 1, NVIDIA A10G, 19 %, 7 %, 2005 MiB, 23028 MiB
2026/02/25 17:30:14.869, 2, NVIDIA A10G, 0 %, 0 %, 1729 MiB, 23028 MiB
2026/02/25 17:30:14.869, 3, NVIDIA A10G, 0 %, 0 %, 0 MiB, 23028 MiB
2026/02/25 17:30:15.869, 0, NVIDIA A10G, 22 %, 8 %, 2161 MiB, 23028 MiB
2026/02/25 17:30:15.869, 1, NVIDIA A10G, 18 %, 6 %, 2005 MiB, 23028 MiB
2026/02/25 17:30:15.869, 2, NVIDIA A10G, 0 %, 0 %, 1729 MiB, 23028 MiB
2026/02/25 17:30:15.869, 3, NVIDIA A10G, 0 %, 0 %, 0 MiB, 23028 MiB
2026/02/25 17:30:16.869, 0, NVIDIA A10G, 19 %, 6 %, 2161 MiB, 23028 MiB
2026/02/25 17:30:16.870, 1, NVIDIA A10G, 21 %, 7 %, 2005 MiB, 23028 MiB
2026/02/25 17:30:16.870, 2, NVIDIA A10G, 0 %, 0 %, 1729 MiB, 23028 MiB
2026/02/25 17:30:16.870, 3, NVIDIA A10G, 0 %, 0 %, 0 MiB, 23028 MiB
2026/02/25 17:30:17.870, 0, NVIDIA A10G, 19 %, 7 %, 2161 MiB, 23028 MiB
2026/02/25 17:30:17.870, 1, NVIDIA A10G, 18 %, 6 %, 2005 MiB, 23028 MiB
2026/02/25 17:30:17.870, 2, NVIDIA A10G, 20 %, 13 %, 1729 MiB, 23028 MiB
2026/02/25 17:30:17.870, 3, NVIDIA A10G, 0 %, 0 %, 0 MiB, 23028 MiB
2026/02/25 17:30:18.870, 0, NVIDIA A10G, 19 %, 7 %, 2161 MiB, 23028 MiB
2026/02/25 17:30:18.870, 1, NVIDIA A10G, 20 %, 7 %, 2005 MiB, 23028 MiB
2026/02/25 17:30:18.870, 2, NVIDIA A10G, 20 %, 7 %, 1729 MiB, 23028 MiB
2026/02/25 17:30:18.870, 3, NVIDIA A10G, 0 %, 0 %, 0 MiB, 23028 MiB
2026/02/25 17:30:19.871, 0, NVIDIA A10G, 21 %, 7 %, 2161 MiB, 23028 MiB
2026/02/25 17:30:19.871, 1, NVIDIA A10G, 0 %, 0 %, 2005 MiB, 23028 MiB
2026/02/25 17:30:19.871, 2, NVIDIA A10G, 19 %, 7 %, 1729 MiB, 23028 MiB
2026/02/25 17:30:19.871, 3, NVIDIA A10G, 0 %, 0 %, 0 MiB, 23028 MiB
2026/02/25 17:30:20.871, 0, NVIDIA A10G, 20 %, 6 %, 2161 MiB, 23028 MiB
2026/02/25 17:30:20.871, 1, NVIDIA A10G, 0 %, 0 %, 2005 MiB, 23028 MiB
2026/02/25 17:30:20.871, 2, NVIDIA A10G, 17 %, 6 %, 1729 MiB, 23028 MiB
2026/02/25 17:30:20.871, 3, NVIDIA A10G, 0 %, 0 %, 0 MiB, 23028 MiB
2026/02/25 17:30:21.871, 0, NVIDIA A10G, 19 %, 6 %, 2161 MiB, 23028 MiB
2026/02/25 17:30:21.871, 1, NVIDIA A10G, 0 %, 0 %, 2005 MiB, 23028 MiB
2026/02/25 17:30:21.872, 2, NVIDIA A10G, 21 %, 8 %, 1729 MiB, 23028 MiB
2026/02/25 17:30:21.872, 3, NVIDIA A10G, 0 %, 0 %, 0 MiB, 23028 MiB
2026/02/25 17:30:22.872, 0, NVIDIA A10G, 14 %, 4 %, 2161 MiB, 23028 MiB
2026/02/25 17:30:22.872, 1, NVIDIA A10G, 0 %, 0 %, 2005 MiB, 23028 MiB
2026/02/25 17:30:22.872, 2, NVIDIA A10G, 0 %, 0 %, 1729 MiB, 23028 MiB
2026/02/25 17:30:22.872, 3, NVIDIA A10G, 0 %, 0 %, 0 MiB, 23028 MiB
2026/02/25 17:30:23.872, 0, NVIDIA A10G, 0 %, 0 %, 2161 MiB, 23028 MiB
2026/02/25 17:30:23.872, 1, NVIDIA A10G, 0 %, 0 %, 2005 MiB, 23028 MiB
2026/02/25 17:30:23.872, 2, NVIDIA A10G, 0 %, 0 %, 1729 MiB, 23028 MiB
2026/02/25 17:30:23.872, 3, NVIDIA A10G, 0 %, 0 %, 0 MiB, 23028 MiB
2026/02/25 17:30:24.872, 0, NVIDIA A10G, 0 %, 0 %, 2161 MiB, 23028 MiB
2026/02/25 17:30:24.873, 1, NVIDIA A10G, 0 %, 0 %, 2005 MiB, 23028 MiB
2026/02/25 17:30:24.873, 2, NVIDIA A10G, 0 %, 0 %, 1729 MiB, 23028 MiB
2026/02/25 17:30:24.873, 3, NVIDIA A10G, 0 %, 0 %, 0 MiB, 23028 MiB
2026/02/25 17:30:25.873, 0, NVIDIA A10G, 0 %, 0 %, 2161 MiB, 23028 MiB
2026/02/25 17:30:25.873, 1, NVIDIA A10G, 0 %, 0 %, 2005 MiB, 23028 MiB
2026/02/25 17:30:25.873, 2, NVIDIA A10G, 0 %, 0 %, 1729 MiB, 23028 MiB
2026/02/25 17:30:25.873, 3, NVIDIA A10G, 0 %, 0 %, 0 MiB, 23028 MiB
2026/02/25 17:30:26.873, 0, NVIDIA A10G, 0 %, 0 %, 2161 MiB, 23028 MiB
2026/02/25 17:30:26.873, 1, NVIDIA A10G, 0 %, 0 %, 2005 MiB, 23028 MiB
2026/02/25 17:30:26.873, 2, NVIDIA A10G, 0 %, 0 %, 1729 MiB, 23028 MiB
2026/02/25 17:30:26.873, 3, NVIDIA A10G, 0 %, 0 %, 0 MiB, 23028 MiB
2026/02/25 17:30:27.874, 0, NVIDIA A10G, 0 %, 0 %, 2161 MiB, 23028 MiB
2026/02/25 17:30:27.874, 1, NVIDIA A10G, 0 %, 0 %, 2005 MiB, 23028 MiB
2026/02/25 17:30:27.874, 2, NVIDIA A10G, 0 %, 0 %, 1729 MiB, 23028 MiB
2026/02/25 17:30:27.874, 3, NVIDIA A10G, 0 %, 0 %, 0 MiB, 23028 MiB
2026/02/25 17:30:28.874, 0, NVIDIA A10G, 0 %, 0 %, 2161 MiB, 23028 MiB
2026/02/25 17:30:28.874, 1, NVIDIA A10G, 0 %, 0 %, 2005 MiB, 23028 MiB
2026/02/25 17:30:28.874, 2, NVIDIA A10G, 0 %, 0 %, 1729 MiB, 23028 MiB
2026/02/25 17:30:28.874, 3, NVIDIA A10G, 0 %, 0 %, 0 MiB, 23028 MiB
2026/02/25 17:30:29.874, 0, NVIDIA A10G, 21 %, 8 %, 2161 MiB, 23028 MiB
2026/02/25 17:30:29.874, 1, NVIDIA A10G, 19 %, 6 %, 2005 MiB, 23028 MiB
2026/02/25 17:30:29.874, 2, NVIDIA A10G, 0 %, 0 %, 1729 MiB, 23028 MiB
2026/02/25 17:30:29.875, 3, NVIDIA A10G, 0 %, 0 %, 0 MiB, 23028 MiB
2026/02/25 17:30:30.875, 0, NVIDIA A10G, 21 %, 7 %, 2161 MiB, 23028 MiB
2026/02/25 17:30:30.875, 1, NVIDIA A10G, 20 %, 7 %, 2005 MiB, 23028 MiB
2026/02/25 17:30:30.875, 2, NVIDIA A10G, 0 %, 0 %, 1729 MiB, 23028 MiB
2026/02/25 17:30:30.875, 3, NVIDIA A10G, 0 %, 0 %, 0 MiB, 23028 MiB
2026/02/25 17:30:31.875, 0, NVIDIA A10G, 21 %, 7 %, 2161 MiB, 23028 MiB
2026/02/25 17:30:31.875, 1, NVIDIA A10G, 15 %, 5 %, 2005 MiB, 23028 MiB
2026/02/25 17:30:31.875, 2, NVIDIA A10G, 0 %, 0 %, 1729 MiB, 23028 MiB
2026/02/25 17:30:31.875, 3, NVIDIA A10G, 0 %, 0 %, 0 MiB, 23028 MiB
2026/02/25 17:30:32.875, 0, NVIDIA A10G, 22 %, 7 %, 2161 MiB, 23028 MiB
2026/02/25 17:30:32.876, 1, NVIDIA A10G, 21 %, 7 %, 2005 MiB, 23028 MiB
2026/02/25 17:30:32.876, 2, NVIDIA A10G, 0 %, 0 %, 1729 MiB, 23028 MiB
2026/02/25 17:30:32.876, 3, NVIDIA A10G, 0 %, 0 %, 0 MiB, 23028 MiB
2026/02/25 17:30:33.876, 0, NVIDIA A10G, 20 %, 7 %, 2161 MiB, 23028 MiB
2026/02/25 17:30:33.876, 1, NVIDIA A10G, 18 %, 6 %, 2005 MiB, 23028 MiB
2026/02/25 17:30:33.876, 2, NVIDIA A10G, 17 %, 6 %, 1729 MiB, 23028 MiB
2026/02/25 17:30:33.876, 3, NVIDIA A10G, 0 %, 0 %, 0 MiB, 23028 MiB
2026/02/25 17:30:34.876, 0, NVIDIA A10G, 19 %, 7 %, 2161 MiB, 23028 MiB
2026/02/25 17:30:34.876, 1, NVIDIA A10G, 22 %, 7 %, 2005 MiB, 23028 MiB
2026/02/25 17:30:34.876, 2, NVIDIA A10G, 17 %, 5 %, 1729 MiB, 23028 MiB
2026/02/25 17:30:34.877, 3, NVIDIA A10G, 0 %, 0 %, 0 MiB, 23028 MiB
2026/02/25 17:30:35.877, 0, NVIDIA A10G, 19 %, 7 %, 2161 MiB, 23028 MiB
2026/02/25 17:30:35.877, 1, NVIDIA A10G, 18 %, 6 %, 2005 MiB, 23028 MiB
2026/02/25 17:30:35.877, 2, NVIDIA A10G, 21 %, 7 %, 1729 MiB, 23028 MiB
2026/02/25 17:30:35.877, 3, NVIDIA A10G, 0 %, 0 %, 0 MiB, 23028 MiB
2026/02/25 17:30:36.877, 0, NVIDIA A10G, 24 %, 9 %, 2161 MiB, 23028 MiB
2026/02/25 17:30:36.877, 1, NVIDIA A10G, 22 %, 7 %, 2005 MiB, 23028 MiB
2026/02/25 17:30:36.877, 2, NVIDIA A10G, 21 %, 7 %, 1729 MiB, 23028 MiB
2026/02/25 17:30:36.877, 3, NVIDIA A10G, 0 %, 0 %, 0 MiB, 23028 MiB
2026/02/25 17:30:37.877, 0, NVIDIA A10G, 0 %, 0 %, 2161 MiB, 23028 MiB
2026/02/25 17:30:37.878, 1, NVIDIA A10G, 23 %, 9 %, 2005 MiB, 23028 MiB
2026/02/25 17:30:37.878, 2, NVIDIA A10G, 19 %, 6 %, 1729 MiB, 23028 MiB
2026/02/25 17:30:37.878, 3, NVIDIA A10G, 0 %, 0 %, 0 MiB, 23028 MiB
2026/02/25 17:30:38.878, 0, NVIDIA A10G, 0 %, 0 %, 2161 MiB, 23028 MiB
2026/02/25 17:30:38.878, 1, NVIDIA A10G, 0 %, 0 %, 2005 MiB, 23028 MiB
2026/02/25 17:30:38.878, 2, NVIDIA A10G, 22 %, 8 %, 1729 MiB, 23028 MiB
2026/02/25 17:30:38.878, 3, NVIDIA A10G, 0 %, 0 %, 0 MiB, 23028 MiB
2026/02/25 17:30:39.878, 0, NVIDIA A10G, 0 %, 0 %, 2161 MiB, 23028 MiB
2026/02/25 17:30:39.878, 1, NVIDIA A10G, 0 %, 0 %, 2005 MiB, 23028 MiB
2026/02/25 17:30:39.878, 2, NVIDIA A10G, 21 %, 7 %, 1729 MiB, 23028 MiB
2026/02/25 17:30:39.878, 3, NVIDIA A10G, 0 %, 0 %, 0 MiB, 23028 MiB
2026/02/25 17:30:40.878, 0, NVIDIA A10G, 0 %, 0 %, 2161 MiB, 23028 MiB
2026/02/25 17:30:40.879, 1, NVIDIA A10G, 0 %, 0 %, 2005 MiB, 23028 MiB
2026/02/25 17:30:40.879, 2, NVIDIA A10G, 23 %, 9 %, 1729 MiB, 23028 MiB
2026/02/25 17:30:40.879, 3, NVIDIA A10G, 0 %, 0 %, 0 MiB, 23028 MiB
2026/02/25 17:30:41.879, 0, NVIDIA A10G, 18 %, 6 %, 2161 MiB, 23028 MiB
2026/02/25 17:30:41.879, 1, NVIDIA A10G, 0 %, 0 %, 2005 MiB, 23028 MiB
2026/02/25 17:30:41.879, 2, NVIDIA A10G, 21 %, 7 %, 1729 MiB, 23028 MiB
2026/02/25 17:30:41.879, 3, NVIDIA A10G, 0 %, 0 %, 0 MiB, 23028 MiB
2026/02/25 17:30:42.879, 0, NVIDIA A10G, 21 %, 6 %, 2161 MiB, 23028 MiB
2026/02/25 17:30:42.879, 1, NVIDIA A10G, 0 %, 0 %, 2005 MiB, 23028 MiB
2026/02/25 17:30:42.879, 2, NVIDIA A10G, 22 %, 7 %, 1729 MiB, 23028 MiB
2026/02/25 17:30:42.879, 3, NVIDIA A10G, 0 %, 0 %, 0 MiB, 23028 MiB
2026/02/25 17:30:43.880, 0, NVIDIA A10G, 21 %, 7 %, 2161 MiB, 23028 MiB
2026/02/25 17:30:43.880, 1, NVIDIA A10G, 0 %, 0 %, 2005 MiB, 23028 MiB
2026/02/25 17:30:43.880, 2, NVIDIA A10G, 9 %, 3 %, 1729 MiB, 23028 MiB
2026/02/25 17:30:43.880, 3, NVIDIA A10G, 0 %, 0 %, 0 MiB, 23028 MiB
2026/02/25 17:30:44.880, 0, NVIDIA A10G, 21 %, 7 %, 2161 MiB, 23028 MiB
2026/02/25 17:30:44.880, 1, NVIDIA A10G, 0 %, 0 %, 2005 MiB, 23028 MiB
2026/02/25 17:30:44.880, 2, NVIDIA A10G, 0 %, 0 %, 1729 MiB, 23028 MiB
2026/02/25 17:30:44.880, 3, NVIDIA A10G, 0 %, 0 %, 0 MiB, 23028 MiB
2026/02/25 17:30:45.880, 0, NVIDIA A10G, 19 %, 6 %, 2161 MiB, 23028 MiB
2026/02/25 17:30:45.880, 1, NVIDIA A10G, 21 %, 7 %, 2005 MiB, 23028 MiB
2026/02/25 17:30:45.880, 2, NVIDIA A10G, 0 %, 0 %, 1729 MiB, 23028 MiB
2026/02/25 17:30:45.880, 3, NVIDIA A10G, 0 %, 0 %, 0 MiB, 23028 MiB
2026/02/25 17:30:46.881, 0, NVIDIA A10G, 16 %, 5 %, 2161 MiB, 23028 MiB
2026/02/25 17:30:46.881, 1, NVIDIA A10G, 18 %, 6 %, 2005 MiB, 23028 MiB
2026/02/25 17:30:46.881, 2, NVIDIA A10G, 0 %, 0 %, 1729 MiB, 23028 MiB
2026/02/25 17:30:46.881, 3, NVIDIA A10G, 0 %, 0 %, 0 MiB, 23028 MiB
2026/02/25 17:30:47.881, 0, NVIDIA A10G, 0 %, 0 %, 2161 MiB, 23028 MiB
2026/02/25 17:30:47.881, 1, NVIDIA A10G, 22 %, 7 %, 2005 MiB, 23028 MiB
2026/02/25 17:30:47.881, 2, NVIDIA A10G, 22 %, 8 %, 1729 MiB, 23028 MiB
2026/02/25 17:30:47.881, 3, NVIDIA A10G, 0 %, 0 %, 0 MiB, 23028 MiB
2026/02/25 17:30:48.881, 0, NVIDIA A10G, 0 %, 0 %, 2161 MiB, 23028 MiB
2026/02/25 17:30:48.881, 1, NVIDIA A10G, 21 %, 7 %, 2005 MiB, 23028 MiB
2026/02/25 17:30:48.881, 2, NVIDIA A10G, 22 %, 8 %, 1729 MiB, 23028 MiB
2026/02/25 17:30:48.881, 3, NVIDIA A10G, 0 %, 0 %, 0 MiB, 23028 MiB
2026/02/25 17:30:49.882, 0, NVIDIA A10G, 0 %, 0 %, 2161 MiB, 23028 MiB
2026/02/25 17:30:49.882, 1, NVIDIA A10G, 20 %, 6 %, 2005 MiB, 23028 MiB
2026/02/25 17:30:49.882, 2, NVIDIA A10G, 21 %, 8 %, 1729 MiB, 23028 MiB
2026/02/25 17:30:49.882, 3, NVIDIA A10G, 0 %, 0 %, 0 MiB, 23028 MiB
2026/02/25 17:30:50.882, 0, NVIDIA A10G, 0 %, 0 %, 2161 MiB, 23028 MiB
2026/02/25 17:30:50.882, 1, NVIDIA A10G, 21 %, 7 %, 2005 MiB, 23028 MiB
2026/02/25 17:30:50.882, 2, NVIDIA A10G, 19 %, 6 %, 1729 MiB, 23028 MiB
2026/02/25 17:30:50.882, 3, NVIDIA A10G, 0 %, 0 %, 0 MiB, 23028 MiB
2026/02/25 17:30:51.882, 0, NVIDIA A10G, 0 %, 0 %, 2161 MiB, 23028 MiB
2026/02/25 17:30:51.882, 1, NVIDIA A10G, 14 %, 4 %, 2005 MiB, 23028 MiB
2026/02/25 17:30:51.882, 2, NVIDIA A10G, 0 %, 0 %, 1729 MiB, 23028 MiB
2026/02/25 17:30:51.882, 3, NVIDIA A10G, 0 %, 0 %, 0 MiB, 23028 MiB
2026/02/25 17:30:52.883, 0, NVIDIA A10G, 0 %, 0 %, 2161 MiB, 23028 MiB
2026/02/25 17:30:52.883, 1, NVIDIA A10G, 0 %, 0 %, 2005 MiB, 23028 MiB
2026/02/25 17:30:52.883, 2, NVIDIA A10G, 0 %, 0 %, 1729 MiB, 23028 MiB
2026/02/25 17:30:52.883, 3, NVIDIA A10G, 0 %, 0 %, 0 MiB, 23028 MiB
2026/02/25 17:30:53.883, 0, NVIDIA A10G, 0 %, 0 %, 2161 MiB, 23028 MiB
2026/02/25 17:30:53.883, 1, NVIDIA A10G, 0 %, 0 %, 2005 MiB, 23028 MiB
2026/02/25 17:30:53.883, 2, NVIDIA A10G, 0 %, 0 %, 1729 MiB, 23028 MiB
2026/02/25 17:30:53.883, 3, NVIDIA A10G, 0 %, 0 %, 0 MiB, 23028 MiB
2026/02/25 17:30:54.883, 0, NVIDIA A10G, 0 %, 0 %, 2161 MiB, 23028 MiB
2026/02/25 17:30:54.883, 1, NVIDIA A10G, 0 %, 0 %, 2005 MiB, 23028 MiB
2026/02/25 17:30:54.883, 2, NVIDIA A10G, 0 %, 0 %, 1729 MiB, 23028 MiB
2026/02/25 17:30:54.883, 3, NVIDIA A10G, 0 %, 0 %, 0 MiB, 23028 MiB
2026/02/25 17:30:55.883, 0, NVIDIA A10G, 0 %, 0 %, 2161 MiB, 23028 MiB
2026/02/25 17:30:55.884, 1, NVIDIA A10G, 0 %, 0 %, 2005 MiB, 23028 MiB
2026/02/25 17:30:55.884, 2, NVIDIA A10G, 0 %, 0 %, 1729 MiB, 23028 MiB
2026/02/25 17:30:55.884, 3, NVIDIA A10G, 0 %, 0 %, 0 MiB, 23028 MiB
2026/02/25 17:30:56.884, 0, NVIDIA A10G, 46 %, 29 %, 2161 MiB, 23028 MiB
2026/02/25 17:30:56.884, 1, NVIDIA A10G, 0 %, 0 %, 2005 MiB, 23028 MiB
2026/02/25 17:30:56.884, 2, NVIDIA A10G, 0 %, 0 %, 1729 MiB, 23028 MiB
2026/02/25 17:30:56.884, 3, NVIDIA A10G, 0 %, 0 %, 0 MiB, 23028 MiB
2026/02/25 17:30:57.884, 0, NVIDIA A10G, 22 %, 8 %, 2161 MiB, 23028 MiB
2026/02/25 17:30:57.884, 1, NVIDIA A10G, 0 %, 0 %, 2005 MiB, 23028 MiB
2026/02/25 17:30:57.885, 2, NVIDIA A10G, 0 %, 0 %, 1729 MiB, 23028 MiB
2026/02/25 17:30:57.885, 3, NVIDIA A10G, 0 %, 0 %, 0 MiB, 23028 MiB
2026/02/25 17:30:58.885, 0, NVIDIA A10G, 22 %, 8 %, 2161 MiB, 23028 MiB
2026/02/25 17:30:58.885, 1, NVIDIA A10G, 86 %, 56 %, 2005 MiB, 23028 MiB
2026/02/25 17:30:58.885, 2, NVIDIA A10G, 0 %, 0 %, 1729 MiB, 23028 MiB
2026/02/25 17:30:58.885, 3, NVIDIA A10G, 0 %, 0 %, 0 MiB, 23028 MiB
2026/02/25 17:30:59.885, 0, NVIDIA A10G, 19 %, 6 %, 2161 MiB, 23028 MiB
2026/02/25 17:30:59.885, 1, NVIDIA A10G, 22 %, 8 %, 2005 MiB, 23028 MiB
2026/02/25 17:30:59.885, 2, NVIDIA A10G, 0 %, 0 %, 1729 MiB, 23028 MiB
2026/02/25 17:30:59.885, 3, NVIDIA A10G, 0 %, 0 %, 0 MiB, 23028 MiB
2026/02/25 17:31:00.885, 0, NVIDIA A10G, 20 %, 7 %, 2161 MiB, 23028 MiB
2026/02/25 17:31:00.885, 1, NVIDIA A10G, 21 %, 7 %, 2005 MiB, 23028 MiB
2026/02/25 17:31:00.886, 2, NVIDIA A10G, 100 %, 71 %, 1729 MiB, 23028 MiB
2026/02/25 17:31:00.886, 3, NVIDIA A10G, 0 %, 0 %, 0 MiB, 23028 MiB
2026/02/25 17:31:01.886, 0, NVIDIA A10G, 21 %, 7 %, 2161 MiB, 23028 MiB
2026/02/25 17:31:01.886, 1, NVIDIA A10G, 20 %, 7 %, 2005 MiB, 23028 MiB
2026/02/25 17:31:01.886, 2, NVIDIA A10G, 0 %, 0 %, 1729 MiB, 23028 MiB
2026/02/25 17:31:01.886, 3, NVIDIA A10G, 0 %, 0 %, 0 MiB, 23028 MiB
2026/02/25 17:31:02.886, 0, NVIDIA A10G, 16 %, 6 %, 2161 MiB, 23028 MiB
2026/02/25 17:31:02.886, 1, NVIDIA A10G, 17 %, 6 %, 2005 MiB, 23028 MiB
2026/02/25 17:31:02.886, 2, NVIDIA A10G, 19 %, 6 %, 1729 MiB, 23028 MiB
2026/02/25 17:31:02.886, 3, NVIDIA A10G, 0 %, 0 %, 0 MiB, 23028 MiB
2026/02/25 17:31:03.886, 0, NVIDIA A10G, 20 %, 7 %, 2161 MiB, 23028 MiB
2026/02/25 17:31:03.887, 1, NVIDIA A10G, 17 %, 5 %, 2005 MiB, 23028 MiB
2026/02/25 17:31:03.887, 2, NVIDIA A10G, 21 %, 7 %, 1729 MiB, 23028 MiB
2026/02/25 17:31:03.887, 3, NVIDIA A10G, 0 %, 0 %, 0 MiB, 23028 MiB
2026/02/25 17:31:04.887, 0, NVIDIA A10G, 21 %, 8 %, 2161 MiB, 23028 MiB
2026/02/25 17:31:04.887, 1, NVIDIA A10G, 20 %, 7 %, 2005 MiB, 23028 MiB
2026/02/25 17:31:04.887, 2, NVIDIA A10G, 18 %, 6 %, 1729 MiB, 23028 MiB
2026/02/25 17:31:04.887, 3, NVIDIA A10G, 0 %, 0 %, 0 MiB, 23028 MiB
2026/02/25 17:31:05.887, 0, NVIDIA A10G, 19 %, 7 %, 2161 MiB, 23028 MiB
2026/02/25 17:31:05.887, 1, NVIDIA A10G, 21 %, 7 %, 2005 MiB, 23028 MiB
2026/02/25 17:31:05.887, 2, NVIDIA A10G, 15 %, 5 %, 1729 MiB, 23028 MiB
2026/02/25 17:31:05.887, 3, NVIDIA A10G, 0 %, 0 %, 0 MiB, 23028 MiB
2026/02/25 17:31:06.888, 0, NVIDIA A10G, 18 %, 5 %, 2161 MiB, 23028 MiB
2026/02/25 17:31:06.888, 1, NVIDIA A10G, 19 %, 6 %, 2005 MiB, 23028 MiB
2026/02/25 17:31:06.888, 2, NVIDIA A10G, 18 %, 6 %, 1729 MiB, 23028 MiB
2026/02/25 17:31:06.888, 3, NVIDIA A10G, 0 %, 0 %, 0 MiB, 23028 MiB
2026/02/25 17:31:07.888, 0, NVIDIA A10G, 4 %, 1 %, 2161 MiB, 23028 MiB
2026/02/25 17:31:07.888, 1, NVIDIA A10G, 0 %, 0 %, 2005 MiB, 23028 MiB
2026/02/25 17:31:07.888, 2, NVIDIA A10G, 20 %, 7 %, 1729 MiB, 23028 MiB
2026/02/25 17:31:07.888, 3, NVIDIA A10G, 0 %, 0 %, 0 MiB, 23028 MiB
2026/02/25 17:31:08.888, 0, NVIDIA A10G, 0 %, 0 %, 2161 MiB, 23028 MiB
2026/02/25 17:31:08.888, 1, NVIDIA A10G, 0 %, 0 %, 2005 MiB, 23028 MiB
2026/02/25 17:31:08.889, 2, NVIDIA A10G, 21 %, 8 %, 1729 MiB, 23028 MiB
2026/02/25 17:31:08.889, 3, NVIDIA A10G, 0 %, 0 %, 0 MiB, 23028 MiB
2026/02/25 17:31:09.889, 0, NVIDIA A10G, 0 %, 0 %, 2161 MiB, 23028 MiB
2026/02/25 17:31:09.889, 1, NVIDIA A10G, 0 %, 0 %, 2005 MiB, 23028 MiB
2026/02/25 17:31:09.889, 2, NVIDIA A10G, 23 %, 8 %, 1729 MiB, 23028 MiB
2026/02/25 17:31:09.889, 3, NVIDIA A10G, 0 %, 0 %, 0 MiB, 23028 MiB
2026/02/25 17:31:10.889, 0, NVIDIA A10G, 0 %, 0 %, 2161 MiB, 23028 MiB
2026/02/25 17:31:10.889, 1, NVIDIA A10G, 0 %, 0 %, 2005 MiB, 23028 MiB
2026/02/25 17:31:10.889, 2, NVIDIA A10G, 21 %, 7 %, 1729 MiB, 23028 MiB
2026/02/25 17:31:10.889, 3, NVIDIA A10G, 0 %, 0 %, 0 MiB, 23028 MiB
2026/02/25 17:31:11.889, 0, NVIDIA A10G, 0 %, 0 %, 2161 MiB, 23028 MiB
2026/02/25 17:31:11.890, 1, NVIDIA A10G, 0 %, 0 %, 2005 MiB, 23028 MiB
2026/02/25 17:31:11.890, 2, NVIDIA A10G, 19 %, 6 %, 1729 MiB, 23028 MiB
2026/02/25 17:31:11.890, 3, NVIDIA A10G, 0 %, 0 %, 0 MiB, 23028 MiB
2026/02/25 17:31:12.890, 0, NVIDIA A10G, 0 %, 0 %, 2161 MiB, 23028 MiB
2026/02/25 17:31:12.890, 1, NVIDIA A10G, 0 %, 0 %, 2005 MiB, 23028 MiB
2026/02/25 17:31:12.890, 2, NVIDIA A10G, 20 %, 7 %, 1729 MiB, 23028 MiB
2026/02/25 17:31:12.890, 3, NVIDIA A10G, 0 %, 0 %, 0 MiB, 23028 MiB
2026/02/25 17:31:13.890, 0, NVIDIA A10G, 21 %, 8 %, 2161 MiB, 23028 MiB
2026/02/25 17:31:13.890, 1, NVIDIA A10G, 0 %, 0 %, 2005 MiB, 23028 MiB
2026/02/25 17:31:13.890, 2, NVIDIA A10G, 19 %, 6 %, 1729 MiB, 23028 MiB
2026/02/25 17:31:13.890, 3, NVIDIA A10G, 0 %, 0 %, 0 MiB, 23028 MiB
2026/02/25 17:31:14.891, 0, NVIDIA A10G, 21 %, 7 %, 2161 MiB, 23028 MiB
2026/02/25 17:31:14.891, 1, NVIDIA A10G, 20 %, 7 %, 2007 MiB, 23028 MiB
2026/02/25 17:31:14.891, 2, NVIDIA A10G, 0 %, 0 %, 1729 MiB, 23028 MiB
2026/02/25 17:31:14.891, 3, NVIDIA A10G, 0 %, 0 %, 0 MiB, 23028 MiB
2026/02/25 17:31:15.891, 0, NVIDIA A10G, 21 %, 7 %, 2161 MiB, 23028 MiB
2026/02/25 17:31:15.891, 1, NVIDIA A10G, 19 %, 6 %, 2007 MiB, 23028 MiB
2026/02/25 17:31:15.891, 2, NVIDIA A10G, 0 %, 0 %, 1729 MiB, 23028 MiB
2026/02/25 17:31:15.891, 3, NVIDIA A10G, 0 %, 0 %, 0 MiB, 23028 MiB
2026/02/25 17:31:16.891, 0, NVIDIA A10G, 22 %, 8 %, 2161 MiB, 23028 MiB
2026/02/25 17:31:16.892, 1, NVIDIA A10G, 23 %, 8 %, 2007 MiB, 23028 MiB
2026/02/25 17:31:16.892, 2, NVIDIA A10G, 0 %, 0 %, 1729 MiB, 23028 MiB
2026/02/25 17:31:16.892, 3, NVIDIA A10G, 0 %, 0 %, 0 MiB, 23028 MiB
2026/02/25 17:31:17.892, 0, NVIDIA A10G, 19 %, 6 %, 2161 MiB, 23028 MiB
2026/02/25 17:31:17.892, 1, NVIDIA A10G, 21 %, 7 %, 2007 MiB, 23028 MiB
2026/02/25 17:31:17.892, 2, NVIDIA A10G, 0 %, 0 %, 1729 MiB, 23028 MiB
2026/02/25 17:31:17.892, 3, NVIDIA A10G, 0 %, 0 %, 0 MiB, 23028 MiB
2026/02/25 17:31:18.892, 0, NVIDIA A10G, 19 %, 6 %, 2161 MiB, 23028 MiB
2026/02/25 17:31:18.892, 1, NVIDIA A10G, 18 %, 6 %, 2007 MiB, 23028 MiB
2026/02/25 17:31:18.893, 2, NVIDIA A10G, 0 %, 0 %, 1729 MiB, 23028 MiB
2026/02/25 17:31:18.893, 3, NVIDIA A10G, 0 %, 0 %, 0 MiB, 23028 MiB
2026/02/25 17:31:19.893, 0, NVIDIA A10G, 0 %, 0 %, 2161 MiB, 23028 MiB
2026/02/25 17:31:19.893, 1, NVIDIA A10G, 18 %, 7 %, 2007 MiB, 23028 MiB
2026/02/25 17:31:19.893, 2, NVIDIA A10G, 0 %, 0 %, 1729 MiB, 23028 MiB
2026/02/25 17:31:19.893, 3, NVIDIA A10G, 0 %, 0 %, 0 MiB, 23028 MiB
2026/02/25 17:31:20.893, 0, NVIDIA A10G, 0 %, 0 %, 2161 MiB, 23028 MiB
2026/02/25 17:31:20.893, 1, NVIDIA A10G, 21 %, 7 %, 2007 MiB, 23028 MiB
2026/02/25 17:31:20.893, 2, NVIDIA A10G, 0 %, 0 %, 1729 MiB, 23028 MiB
2026/02/25 17:31:20.893, 3, NVIDIA A10G, 0 %, 0 %, 0 MiB, 23028 MiB
2026/02/25 17:31:21.893, 0, NVIDIA A10G, 0 %, 0 %, 2161 MiB, 23028 MiB
2026/02/25 17:31:21.893, 1, NVIDIA A10G, 21 %, 7 %, 2007 MiB, 23028 MiB
2026/02/25 17:31:21.893, 2, NVIDIA A10G, 1 %, 1 %, 1729 MiB, 23028 MiB
2026/02/25 17:31:21.894, 3, NVIDIA A10G, 0 %, 0 %, 0 MiB, 23028 MiB
2026/02/25 17:31:22.894, 0, NVIDIA A10G, 19 %, 7 %, 2161 MiB, 23028 MiB
2026/02/25 17:31:22.894, 1, NVIDIA A10G, 20 %, 7 %, 2007 MiB, 23028 MiB
2026/02/25 17:31:22.894, 2, NVIDIA A10G, 20 %, 6 %, 1729 MiB, 23028 MiB
2026/02/25 17:31:22.894, 3, NVIDIA A10G, 0 %, 0 %, 0 MiB, 23028 MiB
2026/02/25 17:31:23.894, 0, NVIDIA A10G, 21 %, 6 %, 2161 MiB, 23028 MiB
2026/02/25 17:31:23.894, 1, NVIDIA A10G, 0 %, 0 %, 2007 MiB, 23028 MiB
2026/02/25 17:31:23.894, 2, NVIDIA A10G, 21 %, 7 %, 1729 MiB, 23028 MiB
2026/02/25 17:31:23.894, 3, NVIDIA A10G, 0 %, 0 %, 0 MiB, 23028 MiB
2026/02/25 17:31:24.894, 0, NVIDIA A10G, 21 %, 7 %, 2161 MiB, 23028 MiB
2026/02/25 17:31:24.894, 1, NVIDIA A10G, 0 %, 0 %, 2007 MiB, 23028 MiB
2026/02/25 17:31:24.894, 2, NVIDIA A10G, 21 %, 7 %, 1729 MiB, 23028 MiB
2026/02/25 17:31:24.895, 3, NVIDIA A10G, 0 %, 0 %, 0 MiB, 23028 MiB
2026/02/25 17:31:25.895, 0, NVIDIA A10G, 22 %, 8 %, 2161 MiB, 23028 MiB
2026/02/25 17:31:25.895, 1, NVIDIA A10G, 0 %, 0 %, 2007 MiB, 23028 MiB
2026/02/25 17:31:25.895, 2, NVIDIA A10G, 20 %, 7 %, 1729 MiB, 23028 MiB
2026/02/25 17:31:25.895, 3, NVIDIA A10G, 0 %, 0 %, 0 MiB, 23028 MiB
2026/02/25 17:31:26.895, 0, NVIDIA A10G, 0 %, 0 %, 2161 MiB, 23028 MiB
2026/02/25 17:31:26.895, 1, NVIDIA A10G, 0 %, 0 %, 2007 MiB, 23028 MiB
2026/02/25 17:31:26.895, 2, NVIDIA A10G, 20 %, 6 %, 1729 MiB, 23028 MiB
2026/02/25 17:31:26.895, 3, NVIDIA A10G, 0 %, 0 %, 0 MiB, 23028 MiB
2026/02/25 17:31:27.895, 0, NVIDIA A10G, 0 %, 0 %, 2161 MiB, 23028 MiB
2026/02/25 17:31:27.896, 1, NVIDIA A10G, 0 %, 0 %, 2007 MiB, 23028 MiB
2026/02/25 17:31:27.896, 2, NVIDIA A10G, 22 %, 7 %, 1729 MiB, 23028 MiB
2026/02/25 17:31:27.896, 3, NVIDIA A10G, 0 %, 0 %, 0 MiB, 23028 MiB
2026/02/25 17:31:28.896, 0, NVIDIA A10G, 0 %, 0 %, 2161 MiB, 23028 MiB
2026/02/25 17:31:28.896, 1, NVIDIA A10G, 0 %, 0 %, 2007 MiB, 23028 MiB
2026/02/25 17:31:28.896, 2, NVIDIA A10G, 21 %, 7 %, 1729 MiB, 23028 MiB
2026/02/25 17:31:28.896, 3, NVIDIA A10G, 0 %, 0 %, 0 MiB, 23028 MiB
2026/02/25 17:31:29.896, 0, NVIDIA A10G, 0 %, 0 %, 2161 MiB, 23028 MiB
2026/02/25 17:31:29.896, 1, NVIDIA A10G, 20 %, 7 %, 2007 MiB, 23028 MiB
2026/02/25 17:31:29.896, 2, NVIDIA A10G, 20 %, 7 %, 1729 MiB, 23028 MiB
2026/02/25 17:31:29.896, 3, NVIDIA A10G, 0 %, 0 %, 0 MiB, 23028 MiB
2026/02/25 17:31:30.897, 0, NVIDIA A10G, 0 %, 0 %, 2161 MiB, 23028 MiB
2026/02/25 17:31:30.897, 1, NVIDIA A10G, 16 %, 5 %, 2007 MiB, 23028 MiB
2026/02/25 17:31:30.897, 2, NVIDIA A10G, 19 %, 6 %, 1729 MiB, 23028 MiB
2026/02/25 17:31:30.897, 3, NVIDIA A10G, 0 %, 0 %, 0 MiB, 23028 MiB
2026/02/25 17:31:31.897, 0, NVIDIA A10G, 0 %, 0 %, 2161 MiB, 23028 MiB
2026/02/25 17:31:31.897, 1, NVIDIA A10G, 22 %, 7 %, 2007 MiB, 23028 MiB
2026/02/25 17:31:31.897, 2, NVIDIA A10G, 0 %, 0 %, 1729 MiB, 23028 MiB
2026/02/25 17:31:31.897, 3, NVIDIA A10G, 0 %, 0 %, 0 MiB, 23028 MiB
2026/02/25 17:31:32.897, 0, NVIDIA A10G, 51 %, 32 %, 2161 MiB, 23028 MiB
2026/02/25 17:31:32.897, 1, NVIDIA A10G, 20 %, 7 %, 2007 MiB, 23028 MiB
2026/02/25 17:31:32.898, 2, NVIDIA A10G, 0 %, 0 %, 1729 MiB, 23028 MiB
2026/02/25 17:31:32.898, 3, NVIDIA A10G, 0 %, 0 %, 0 MiB, 23028 MiB
2026/02/25 17:31:33.898, 0, NVIDIA A10G, 20 %, 7 %, 2161 MiB, 23028 MiB
2026/02/25 17:31:33.898, 1, NVIDIA A10G, 21 %, 7 %, 2007 MiB, 23028 MiB
2026/02/25 17:31:33.898, 2, NVIDIA A10G, 0 %, 0 %, 1729 MiB, 23028 MiB
2026/02/25 17:31:33.898, 3, NVIDIA A10G, 0 %, 0 %, 0 MiB, 23028 MiB
2026/02/25 17:31:34.898, 0, NVIDIA A10G, 18 %, 5 %, 2161 MiB, 23028 MiB
2026/02/25 17:31:34.898, 1, NVIDIA A10G, 18 %, 6 %, 2007 MiB, 23028 MiB
2026/02/25 17:31:34.898, 2, NVIDIA A10G, 0 %, 0 %, 1729 MiB, 23028 MiB
2026/02/25 17:31:34.898, 3, NVIDIA A10G, 0 %, 0 %, 0 MiB, 23028 MiB
2026/02/25 17:31:35.898, 0, NVIDIA A10G, 18 %, 6 %, 2161 MiB, 23028 MiB
2026/02/25 17:31:35.899, 1, NVIDIA A10G, 19 %, 6 %, 2007 MiB, 23028 MiB
2026/02/25 17:31:35.899, 2, NVIDIA A10G, 0 %, 0 %, 1729 MiB, 23028 MiB
2026/02/25 17:31:35.899, 3, NVIDIA A10G, 0 %, 0 %, 0 MiB, 23028 MiB
2026/02/25 17:31:36.899, 0, NVIDIA A10G, 21 %, 7 %, 2161 MiB, 23028 MiB
2026/02/25 17:31:36.899, 1, NVIDIA A10G, 0 %, 0 %, 2007 MiB, 23028 MiB
2026/02/25 17:31:36.899, 2, NVIDIA A10G, 0 %, 0 %, 1729 MiB, 23028 MiB
2026/02/25 17:31:36.899, 3, NVIDIA A10G, 0 %, 0 %, 0 MiB, 23028 MiB
2026/02/25 17:31:37.899, 0, NVIDIA A10G, 22 %, 7 %, 2161 MiB, 23028 MiB
2026/02/25 17:31:37.899, 1, NVIDIA A10G, 0 %, 0 %, 2007 MiB, 23028 MiB
2026/02/25 17:31:37.899, 2, NVIDIA A10G, 0 %, 0 %, 1729 MiB, 23028 MiB
2026/02/25 17:31:37.899, 3, NVIDIA A10G, 0 %, 0 %, 0 MiB, 23028 MiB
2026/02/25 17:31:38.899, 0, NVIDIA A10G, 22 %, 7 %, 2161 MiB, 23028 MiB
2026/02/25 17:31:38.899, 1, NVIDIA A10G, 0 %, 0 %, 2007 MiB, 23028 MiB
2026/02/25 17:31:38.899, 2, NVIDIA A10G, 0 %, 0 %, 1729 MiB, 23028 MiB
2026/02/25 17:31:38.899, 3, NVIDIA A10G, 0 %, 0 %, 0 MiB, 23028 MiB
2026/02/25 17:31:39.900, 0, NVIDIA A10G, 21 %, 7 %, 2161 MiB, 23028 MiB
2026/02/25 17:31:39.900, 1, NVIDIA A10G, 0 %, 0 %, 2007 MiB, 23028 MiB
2026/02/25 17:31:39.900, 2, NVIDIA A10G, 0 %, 0 %, 1729 MiB, 23028 MiB
2026/02/25 17:31:39.900, 3, NVIDIA A10G, 0 %, 0 %, 0 MiB, 23028 MiB
2026/02/25 17:31:40.900, 0, NVIDIA A10G, 12 %, 4 %, 2161 MiB, 23028 MiB
2026/02/25 17:31:40.900, 1, NVIDIA A10G, 0 %, 0 %, 2007 MiB, 23028 MiB
2026/02/25 17:31:40.900, 2, NVIDIA A10G, 0 %, 0 %, 1729 MiB, 23028 MiB
2026/02/25 17:31:40.900, 3, NVIDIA A10G, 0 %, 0 %, 0 MiB, 23028 MiB
2026/02/25 17:31:41.900, 0, NVIDIA A10G, 0 %, 0 %, 2161 MiB, 23028 MiB
2026/02/25 17:31:41.900, 1, NVIDIA A10G, 0 %, 0 %, 2007 MiB, 23028 MiB
2026/02/25 17:31:41.900, 2, NVIDIA A10G, 20 %, 7 %, 1729 MiB, 23028 MiB
2026/02/25 17:31:41.900, 3, NVIDIA A10G, 0 %, 0 %, 0 MiB, 23028 MiB
2026/02/25 17:31:42.900, 0, NVIDIA A10G, 0 %, 0 %, 2161 MiB, 23028 MiB
2026/02/25 17:31:42.901, 1, NVIDIA A10G, 0 %, 0 %, 2007 MiB, 23028 MiB
2026/02/25 17:31:42.901, 2, NVIDIA A10G, 22 %, 7 %, 1729 MiB, 23028 MiB
2026/02/25 17:31:42.901, 3, NVIDIA A10G, 0 %, 0 %, 0 MiB, 23028 MiB
2026/02/25 17:31:43.901, 0, NVIDIA A10G, 0 %, 0 %, 2161 MiB, 23028 MiB
2026/02/25 17:31:43.901, 1, NVIDIA A10G, 100 %, 71 %, 2007 MiB, 23028 MiB
2026/02/25 17:31:43.901, 2, NVIDIA A10G, 22 %, 8 %, 1729 MiB, 23028 MiB
2026/02/25 17:31:43.901, 3, NVIDIA A10G, 0 %, 0 %, 0 MiB, 23028 MiB
2026/02/25 17:31:44.901, 0, NVIDIA A10G, 0 %, 0 %, 2161 MiB, 23028 MiB
2026/02/25 17:31:44.901, 1, NVIDIA A10G, 21 %, 7 %, 2007 MiB, 23028 MiB
2026/02/25 17:31:44.902, 2, NVIDIA A10G, 16 %, 5 %, 1729 MiB, 23028 MiB
2026/02/25 17:31:44.902, 3, NVIDIA A10G, 0 %, 0 %, 0 MiB, 23028 MiB
2026/02/25 17:31:45.902, 0, NVIDIA A10G, 0 %, 0 %, 2161 MiB, 23028 MiB
2026/02/25 17:31:45.902, 1, NVIDIA A10G, 22 %, 8 %, 2007 MiB, 23028 MiB
2026/02/25 17:31:45.902, 2, NVIDIA A10G, 16 %, 5 %, 1729 MiB, 23028 MiB
2026/02/25 17:31:45.902, 3, NVIDIA A10G, 0 %, 0 %, 0 MiB, 23028 MiB
2026/02/25 17:31:46.902, 0, NVIDIA A10G, 0 %, 0 %, 2161 MiB, 23028 MiB
2026/02/25 17:31:46.902, 1, NVIDIA A10G, 22 %, 7 %, 2007 MiB, 23028 MiB
2026/02/25 17:31:46.902, 2, NVIDIA A10G, 20 %, 7 %, 1729 MiB, 23028 MiB
2026/02/25 17:31:46.902, 3, NVIDIA A10G, 0 %, 0 %, 0 MiB, 23028 MiB
2026/02/25 17:31:47.902, 0, NVIDIA A10G, 0 %, 0 %, 2161 MiB, 23028 MiB
2026/02/25 17:31:47.903, 1, NVIDIA A10G, 18 %, 6 %, 2007 MiB, 23028 MiB
2026/02/25 17:31:47.903, 2, NVIDIA A10G, 21 %, 7 %, 1729 MiB, 23028 MiB
2026/02/25 17:31:47.903, 3, NVIDIA A10G, 0 %, 0 %, 0 MiB, 23028 MiB
2026/02/25 17:31:48.903, 0, NVIDIA A10G, 0 %, 0 %, 2161 MiB, 23028 MiB
2026/02/25 17:31:48.903, 1, NVIDIA A10G, 21 %, 8 %, 2007 MiB, 23028 MiB
2026/02/25 17:31:48.903, 2, NVIDIA A10G, 21 %, 8 %, 1729 MiB, 23028 MiB
2026/02/25 17:31:48.903, 3, NVIDIA A10G, 0 %, 0 %, 0 MiB, 23028 MiB
2026/02/25 17:31:49.903, 0, NVIDIA A10G, 0 %, 0 %, 2161 MiB, 23028 MiB
2026/02/25 17:31:49.903, 1, NVIDIA A10G, 21 %, 7 %, 2007 MiB, 23028 MiB
2026/02/25 17:31:49.903, 2, NVIDIA A10G, 22 %, 8 %, 1729 MiB, 23028 MiB
2026/02/25 17:31:49.903, 3, NVIDIA A10G, 0 %, 0 %, 0 MiB, 23028 MiB
2026/02/25 17:31:50.904, 0, NVIDIA A10G, 87 %, 58 %, 2161 MiB, 23028 MiB
2026/02/25 17:31:50.904, 1, NVIDIA A10G, 21 %, 7 %, 2007 MiB, 23028 MiB
2026/02/25 17:31:50.904, 2, NVIDIA A10G, 20 %, 7 %, 1729 MiB, 23028 MiB
2026/02/25 17:31:50.904, 3, NVIDIA A10G, 0 %, 0 %, 0 MiB, 23028 MiB
2026/02/25 17:31:51.904, 0, NVIDIA A10G, 21 %, 7 %, 2161 MiB, 23028 MiB
2026/02/25 17:31:51.904, 1, NVIDIA A10G, 19 %, 6 %, 2007 MiB, 23028 MiB
2026/02/25 17:31:51.904, 2, NVIDIA A10G, 0 %, 0 %, 1729 MiB, 23028 MiB
2026/02/25 17:31:51.904, 3, NVIDIA A10G, 0 %, 0 %, 0 MiB, 23028 MiB
2026/02/25 17:31:52.904, 0, NVIDIA A10G, 21 %, 7 %, 2161 MiB, 23028 MiB
2026/02/25 17:31:52.904, 1, NVIDIA A10G, 19 %, 6 %, 2007 MiB, 23028 MiB
2026/02/25 17:31:52.905, 2, NVIDIA A10G, 0 %, 0 %, 1729 MiB, 23028 MiB
2026/02/25 17:31:52.905, 3, NVIDIA A10G, 0 %, 0 %, 0 MiB, 23028 MiB
2026/02/25 17:31:53.905, 0, NVIDIA A10G, 22 %, 8 %, 2161 MiB, 23028 MiB
2026/02/25 17:31:53.905, 1, NVIDIA A10G, 0 %, 0 %, 2007 MiB, 23028 MiB
2026/02/25 17:31:53.905, 2, NVIDIA A10G, 0 %, 0 %, 1729 MiB, 23028 MiB
2026/02/25 17:31:53.905, 3, NVIDIA A10G, 0 %, 0 %, 0 MiB, 23028 MiB
2026/02/25 17:31:54.905, 0, NVIDIA A10G, 22 %, 8 %, 2161 MiB, 23028 MiB
2026/02/25 17:31:54.905, 1, NVIDIA A10G, 0 %, 0 %, 2007 MiB, 23028 MiB
2026/02/25 17:31:54.905, 2, NVIDIA A10G, 0 %, 0 %, 1729 MiB, 23028 MiB
2026/02/25 17:31:54.905, 3, NVIDIA A10G, 0 %, 0 %, 0 MiB, 23028 MiB
2026/02/25 17:31:55.906, 0, NVIDIA A10G, 22 %, 7 %, 2161 MiB, 23028 MiB
2026/02/25 17:31:55.906, 1, NVIDIA A10G, 0 %, 0 %, 2007 MiB, 23028 MiB
2026/02/25 17:31:55.906, 2, NVIDIA A10G, 0 %, 0 %, 1729 MiB, 23028 MiB
2026/02/25 17:31:55.906, 3, NVIDIA A10G, 0 %, 0 %, 0 MiB, 23028 MiB
2026/02/25 17:31:56.906, 0, NVIDIA A10G, 21 %, 8 %, 2161 MiB, 23028 MiB
2026/02/25 17:31:56.906, 1, NVIDIA A10G, 0 %, 0 %, 2007 MiB, 23028 MiB
2026/02/25 17:31:56.906, 2, NVIDIA A10G, 0 %, 0 %, 1729 MiB, 23028 MiB
2026/02/25 17:31:56.906, 3, NVIDIA A10G, 0 %, 0 %, 0 MiB, 23028 MiB
2026/02/25 17:31:57.906, 0, NVIDIA A10G, 18 %, 6 %, 2161 MiB, 23028 MiB
2026/02/25 17:31:57.906, 1, NVIDIA A10G, 18 %, 6 %, 2007 MiB, 23028 MiB
2026/02/25 17:31:57.906, 2, NVIDIA A10G, 0 %, 0 %, 1729 MiB, 23028 MiB
2026/02/25 17:31:57.906, 3, NVIDIA A10G, 0 %, 0 %, 0 MiB, 23028 MiB
2026/02/25 17:31:58.907, 0, NVIDIA A10G, 20 %, 7 %, 2161 MiB, 23028 MiB
2026/02/25 17:31:58.907, 1, NVIDIA A10G, 21 %, 7 %, 2007 MiB, 23028 MiB
2026/02/25 17:31:58.907, 2, NVIDIA A10G, 0 %, 0 %, 1729 MiB, 23028 MiB
2026/02/25 17:31:58.907, 3, NVIDIA A10G, 0 %, 0 %, 0 MiB, 23028 MiB
2026/02/25 17:31:59.907, 0, NVIDIA A10G, 19 %, 7 %, 2161 MiB, 23028 MiB
2026/02/25 17:31:59.907, 1, NVIDIA A10G, 20 %, 7 %, 2007 MiB, 23028 MiB
2026/02/25 17:31:59.907, 2, NVIDIA A10G, 20 %, 7 %, 1729 MiB, 23028 MiB
2026/02/25 17:31:59.907, 3, NVIDIA A10G, 0 %, 0 %, 0 MiB, 23028 MiB
2026/02/25 17:32:00.907, 0, NVIDIA A10G, 18 %, 6 %, 2161 MiB, 23028 MiB
2026/02/25 17:32:00.908, 1, NVIDIA A10G, 21 %, 7 %, 2007 MiB, 23028 MiB
2026/02/25 17:32:00.908, 2, NVIDIA A10G, 20 %, 7 %, 1729 MiB, 23028 MiB
2026/02/25 17:32:00.908, 3, NVIDIA A10G, 0 %, 0 %, 0 MiB, 23028 MiB
2026/02/25 17:32:01.908, 0, NVIDIA A10G, 16 %, 5 %, 2161 MiB, 23028 MiB
2026/02/25 17:32:01.908, 1, NVIDIA A10G, 21 %, 7 %, 2007 MiB, 23028 MiB
2026/02/25 17:32:01.908, 2, NVIDIA A10G, 21 %, 7 %, 1729 MiB, 23028 MiB
2026/02/25 17:32:01.908, 3, NVIDIA A10G, 0 %, 0 %, 0 MiB, 23028 MiB
2026/02/25 17:32:02.908, 0, NVIDIA A10G, 4 %, 1 %, 2161 MiB, 23028 MiB
2026/02/25 17:32:02.908, 1, NVIDIA A10G, 0 %, 0 %, 2007 MiB, 23028 MiB
2026/02/25 17:32:02.908, 2, NVIDIA A10G, 22 %, 8 %, 1729 MiB, 23028 MiB
2026/02/25 17:32:02.909, 3, NVIDIA A10G, 0 %, 0 %, 0 MiB, 23028 MiB
2026/02/25 17:32:03.909, 0, NVIDIA A10G, 0 %, 0 %, 2161 MiB, 23028 MiB
2026/02/25 17:32:03.909, 1, NVIDIA A10G, 0 %, 0 %, 2007 MiB, 23028 MiB
2026/02/25 17:32:03.909, 2, NVIDIA A10G, 20 %, 7 %, 1729 MiB, 23028 MiB
2026/02/25 17:32:03.909, 3, NVIDIA A10G, 0 %, 0 %, 0 MiB, 23028 MiB
2026/02/25 17:32:04.909, 0, NVIDIA A10G, 0 %, 0 %, 2161 MiB, 23028 MiB
2026/02/25 17:32:04.909, 1, NVIDIA A10G, 0 %, 0 %, 2007 MiB, 23028 MiB
2026/02/25 17:32:04.909, 2, NVIDIA A10G, 19 %, 7 %, 1729 MiB, 23028 MiB
2026/02/25 17:32:04.909, 3, NVIDIA A10G, 0 %, 0 %, 0 MiB, 23028 MiB
2026/02/25 17:32:05.909, 0, NVIDIA A10G, 0 %, 0 %, 2161 MiB, 23028 MiB
2026/02/25 17:32:05.909, 1, NVIDIA A10G, 0 %, 0 %, 2007 MiB, 23028 MiB
2026/02/25 17:32:05.910, 2, NVIDIA A10G, 21 %, 7 %, 1729 MiB, 23028 MiB
2026/02/25 17:32:05.910, 3, NVIDIA A10G, 0 %, 0 %, 0 MiB, 23028 MiB
2026/02/25 17:32:06.910, 0, NVIDIA A10G, 0 %, 0 %, 2161 MiB, 23028 MiB
2026/02/25 17:32:06.910, 1, NVIDIA A10G, 0 %, 0 %, 2007 MiB, 23028 MiB
2026/02/25 17:32:06.910, 2, NVIDIA A10G, 20 %, 6 %, 1729 MiB, 23028 MiB
2026/02/25 17:32:06.911, 3, NVIDIA A10G, 0 %, 0 %, 0 MiB, 23028 MiB
2026/02/25 17:32:07.911, 0, NVIDIA A10G, 0 %, 0 %, 2161 MiB, 23028 MiB
2026/02/25 17:32:07.911, 1, NVIDIA A10G, 0 %, 0 %, 2007 MiB, 23028 MiB
2026/02/25 17:32:07.911, 2, NVIDIA A10G, 0 %, 0 %, 1729 MiB, 23028 MiB
2026/02/25 17:32:07.911, 3, NVIDIA A10G, 0 %, 0 %, 0 MiB, 23028 MiB
2026/02/25 17:32:08.912, 0, NVIDIA A10G, 0 %, 0 %, 2161 MiB, 23028 MiB
2026/02/25 17:32:08.912, 1, NVIDIA A10G, 0 %, 0 %, 2007 MiB, 23028 MiB
2026/02/25 17:32:08.912, 2, NVIDIA A10G, 0 %, 0 %, 1729 MiB, 23028 MiB
2026/02/25 17:32:08.912, 3, NVIDIA A10G, 0 %, 0 %, 0 MiB, 23028 MiB
2026/02/25 17:32:09.912, 0, NVIDIA A10G, 0 %, 0 %, 2161 MiB, 23028 MiB
2026/02/25 17:32:09.912, 1, NVIDIA A10G, 21 %, 7 %, 2007 MiB, 23028 MiB
2026/02/25 17:32:09.912, 2, NVIDIA A10G, 0 %, 0 %, 1729 MiB, 23028 MiB
2026/02/25 17:32:09.912, 3, NVIDIA A10G, 0 %, 0 %, 0 MiB, 23028 MiB
2026/02/25 17:32:10.912, 0, NVIDIA A10G, 91 %, 63 %, 2161 MiB, 23028 MiB
2026/02/25 17:32:10.913, 1, NVIDIA A10G, 21 %, 8 %, 2007 MiB, 23028 MiB
2026/02/25 17:32:10.913, 2, NVIDIA A10G, 0 %, 0 %, 1729 MiB, 23028 MiB
2026/02/25 17:32:10.913, 3, NVIDIA A10G, 0 %, 0 %, 0 MiB, 23028 MiB
2026/02/25 17:32:11.913, 0, NVIDIA A10G, 23 %, 8 %, 2161 MiB, 23028 MiB
2026/02/25 17:32:11.913, 1, NVIDIA A10G, 20 %, 7 %, 2007 MiB, 23028 MiB
2026/02/25 17:32:11.913, 2, NVIDIA A10G, 0 %, 0 %, 1729 MiB, 23028 MiB
2026/02/25 17:32:11.913, 3, NVIDIA A10G, 0 %, 0 %, 0 MiB, 23028 MiB
2026/02/25 17:32:12.913, 0, NVIDIA A10G, 19 %, 6 %, 2161 MiB, 23028 MiB
2026/02/25 17:32:12.913, 1, NVIDIA A10G, 21 %, 7 %, 2007 MiB, 23028 MiB
2026/02/25 17:32:12.913, 2, NVIDIA A10G, 0 %, 0 %, 1729 MiB, 23028 MiB
2026/02/25 17:32:12.913, 3, NVIDIA A10G, 0 %, 0 %, 0 MiB, 23028 MiB
2026/02/25 17:32:13.913, 0, NVIDIA A10G, 22 %, 8 %, 2161 MiB, 23028 MiB
2026/02/25 17:32:13.914, 1, NVIDIA A10G, 19 %, 6 %, 2007 MiB, 23028 MiB
2026/02/25 17:32:13.914, 2, NVIDIA A10G, 0 %, 0 %, 1729 MiB, 23028 MiB
2026/02/25 17:32:13.914, 3, NVIDIA A10G, 0 %, 0 %, 0 MiB, 23028 MiB
2026/02/25 17:32:14.914, 0, NVIDIA A10G, 22 %, 8 %, 2161 MiB, 23028 MiB
2026/02/25 17:32:14.914, 1, NVIDIA A10G, 20 %, 7 %, 2007 MiB, 23028 MiB
2026/02/25 17:32:14.914, 2, NVIDIA A10G, 22 %, 8 %, 1729 MiB, 23028 MiB
2026/02/25 17:32:14.914, 3, NVIDIA A10G, 0 %, 0 %, 0 MiB, 23028 MiB
2026/02/25 17:32:15.914, 0, NVIDIA A10G, 19 %, 7 %, 2161 MiB, 23028 MiB
2026/02/25 17:32:15.914, 1, NVIDIA A10G, 18 %, 6 %, 2007 MiB, 23028 MiB
2026/02/25 17:32:15.915, 2, NVIDIA A10G, 21 %, 8 %, 1729 MiB, 23028 MiB
2026/02/25 17:32:15.915, 3, NVIDIA A10G, 0 %, 0 %, 0 MiB, 23028 MiB
2026/02/25 17:32:16.915, 0, NVIDIA A10G, 20 %, 7 %, 2161 MiB, 23028 MiB
2026/02/25 17:32:16.915, 1, NVIDIA A10G, 19 %, 7 %, 2007 MiB, 23028 MiB
2026/02/25 17:32:16.915, 2, NVIDIA A10G, 21 %, 8 %, 1729 MiB, 23028 MiB
2026/02/25 17:32:16.915, 3, NVIDIA A10G, 0 %, 0 %, 0 MiB, 23028 MiB
2026/02/25 17:32:17.915, 0, NVIDIA A10G, 16 %, 5 %, 2161 MiB, 23028 MiB
2026/02/25 17:32:17.915, 1, NVIDIA A10G, 0 %, 0 %, 2007 MiB, 23028 MiB
2026/02/25 17:32:17.915, 2, NVIDIA A10G, 21 %, 7 %, 1729 MiB, 23028 MiB
2026/02/25 17:32:17.915, 3, NVIDIA A10G, 0 %, 0 %, 0 MiB, 23028 MiB
2026/02/25 17:32:18.916, 0, NVIDIA A10G, 22 %, 8 %, 2161 MiB, 23028 MiB
2026/02/25 17:32:18.916, 1, NVIDIA A10G, 0 %, 0 %, 2007 MiB, 23028 MiB
2026/02/25 17:32:18.916, 2, NVIDIA A10G, 24 %, 9 %, 1729 MiB, 23028 MiB
2026/02/25 17:32:18.916, 3, NVIDIA A10G, 0 %, 0 %, 0 MiB, 23028 MiB
2026/02/25 17:32:19.916, 0, NVIDIA A10G, 23 %, 8 %, 2161 MiB, 23028 MiB
2026/02/25 17:32:19.916, 1, NVIDIA A10G, 0 %, 0 %, 2007 MiB, 23028 MiB
2026/02/25 17:32:19.916, 2, NVIDIA A10G, 23 %, 8 %, 1729 MiB, 23028 MiB
2026/02/25 17:32:19.916, 3, NVIDIA A10G, 0 %, 0 %, 0 MiB, 23028 MiB
2026/02/25 17:32:20.917, 0, NVIDIA A10G, 0 %, 0 %, 2161 MiB, 23028 MiB
2026/02/25 17:32:20.917, 1, NVIDIA A10G, 0 %, 0 %, 2007 MiB, 23028 MiB
2026/02/25 17:32:20.917, 2, NVIDIA A10G, 0 %, 0 %, 1729 MiB, 23028 MiB
2026/02/25 17:32:20.917, 3, NVIDIA A10G, 0 %, 0 %, 0 MiB, 23028 MiB
2026/02/25 17:32:21.917, 0, NVIDIA A10G, 0 %, 0 %, 2161 MiB, 23028 MiB
2026/02/25 17:32:21.917, 1, NVIDIA A10G, 0 %, 0 %, 2007 MiB, 23028 MiB
2026/02/25 17:32:21.917, 2, NVIDIA A10G, 0 %, 0 %, 1729 MiB, 23028 MiB
2026/02/25 17:32:21.917, 3, NVIDIA A10G, 0 %, 0 %, 0 MiB, 23028 MiB
2026/02/25 17:32:22.917, 0, NVIDIA A10G, 0 %, 0 %, 2161 MiB, 23028 MiB
2026/02/25 17:32:22.917, 1, NVIDIA A10G, 0 %, 0 %, 2007 MiB, 23028 MiB
2026/02/25 17:32:22.918, 2, NVIDIA A10G, 0 %, 0 %, 1729 MiB, 23028 MiB
2026/02/25 17:32:22.918, 3, NVIDIA A10G, 0 %, 0 %, 0 MiB, 23028 MiB
2026/02/25 17:32:23.918, 0, NVIDIA A10G, 0 %, 0 %, 2161 MiB, 23028 MiB
2026/02/25 17:32:23.918, 1, NVIDIA A10G, 0 %, 0 %, 2007 MiB, 23028 MiB
2026/02/25 17:32:23.918, 2, NVIDIA A10G, 0 %, 0 %, 1729 MiB, 23028 MiB
2026/02/25 17:32:23.918, 3, NVIDIA A10G, 0 %, 0 %, 0 MiB, 23028 MiB
2026/02/25 17:32:24.918, 0, NVIDIA A10G, 0 %, 0 %, 2161 MiB, 23028 MiB
2026/02/25 17:32:24.918, 1, NVIDIA A10G, 0 %, 0 %, 2007 MiB, 23028 MiB
2026/02/25 17:32:24.918, 2, NVIDIA A10G, 0 %, 0 %, 1729 MiB, 23028 MiB
2026/02/25 17:32:24.918, 3, NVIDIA A10G, 0 %, 0 %, 0 MiB, 23028 MiB
2026/02/25 17:32:25.919, 0, NVIDIA A10G, 0 %, 0 %, 2161 MiB, 23028 MiB
2026/02/25 17:32:25.919, 1, NVIDIA A10G, 0 %, 0 %, 2007 MiB, 23028 MiB
2026/02/25 17:32:25.919, 2, NVIDIA A10G, 0 %, 0 %, 1729 MiB, 23028 MiB
2026/02/25 17:32:25.919, 3, NVIDIA A10G, 0 %, 0 %, 0 MiB, 23028 MiB
2026/02/25 17:32:26.919, 0, NVIDIA A10G, 0 %, 0 %, 2161 MiB, 23028 MiB
2026/02/25 17:32:26.919, 1, NVIDIA A10G, 80 %, 50 %, 2007 MiB, 23028 MiB
2026/02/25 17:32:26.919, 2, NVIDIA A10G, 0 %, 0 %, 1729 MiB, 23028 MiB
2026/02/25 17:32:26.919, 3, NVIDIA A10G, 0 %, 0 %, 0 MiB, 23028 MiB
2026/02/25 17:32:27.919, 0, NVIDIA A10G, 0 %, 0 %, 2161 MiB, 23028 MiB
2026/02/25 17:32:27.919, 1, NVIDIA A10G, 21 %, 7 %, 2007 MiB, 23028 MiB
2026/02/25 17:32:27.919, 2, NVIDIA A10G, 0 %, 0 %, 1729 MiB, 23028 MiB
2026/02/25 17:32:27.920, 3, NVIDIA A10G, 0 %, 0 %, 0 MiB, 23028 MiB
2026/02/25 17:32:28.920, 0, NVIDIA A10G, 20 %, 6 %, 2161 MiB, 23028 MiB
2026/02/25 17:32:28.920, 1, NVIDIA A10G, 19 %, 6 %, 2007 MiB, 23028 MiB
2026/02/25 17:32:28.920, 2, NVIDIA A10G, 0 %, 0 %, 1729 MiB, 23028 MiB
2026/02/25 17:32:28.920, 3, NVIDIA A10G, 0 %, 0 %, 0 MiB, 23028 MiB
2026/02/25 17:32:29.920, 0, NVIDIA A10G, 20 %, 6 %, 2161 MiB, 23028 MiB
2026/02/25 17:32:29.920, 1, NVIDIA A10G, 22 %, 7 %, 2007 MiB, 23028 MiB
2026/02/25 17:32:29.920, 2, NVIDIA A10G, 0 %, 0 %, 1729 MiB, 23028 MiB
2026/02/25 17:32:29.920, 3, NVIDIA A10G, 0 %, 0 %, 0 MiB, 23028 MiB
2026/02/25 17:32:30.921, 0, NVIDIA A10G, 14 %, 5 %, 2161 MiB, 23028 MiB
2026/02/25 17:32:30.921, 1, NVIDIA A10G, 20 %, 6 %, 2007 MiB, 23028 MiB
2026/02/25 17:32:30.921, 2, NVIDIA A10G, 22 %, 7 %, 1729 MiB, 23028 MiB
2026/02/25 17:32:30.921, 3, NVIDIA A10G, 0 %, 0 %, 0 MiB, 23028 MiB
2026/02/25 17:32:31.921, 0, NVIDIA A10G, 20 %, 6 %, 2161 MiB, 23028 MiB
2026/02/25 17:32:31.921, 1, NVIDIA A10G, 22 %, 8 %, 2007 MiB, 23028 MiB
2026/02/25 17:32:31.921, 2, NVIDIA A10G, 20 %, 6 %, 1729 MiB, 23028 MiB
2026/02/25 17:32:31.921, 3, NVIDIA A10G, 0 %, 0 %, 0 MiB, 23028 MiB
2026/02/25 17:32:32.921, 0, NVIDIA A10G, 21 %, 7 %, 2161 MiB, 23028 MiB
2026/02/25 17:32:32.922, 1, NVIDIA A10G, 21 %, 7 %, 2007 MiB, 23028 MiB
2026/02/25 17:32:32.922, 2, NVIDIA A10G, 21 %, 7 %, 1729 MiB, 23028 MiB
2026/02/25 17:32:32.922, 3, NVIDIA A10G, 0 %, 0 %, 0 MiB, 23028 MiB
2026/02/25 17:32:33.922, 0, NVIDIA A10G, 18 %, 6 %, 2161 MiB, 23028 MiB
2026/02/25 17:32:33.922, 1, NVIDIA A10G, 19 %, 6 %, 2007 MiB, 23028 MiB
2026/02/25 17:32:33.922, 2, NVIDIA A10G, 19 %, 6 %, 1729 MiB, 23028 MiB
2026/02/25 17:32:33.922, 3, NVIDIA A10G, 0 %, 0 %, 0 MiB, 23028 MiB
2026/02/25 17:32:34.922, 0, NVIDIA A10G, 19 %, 6 %, 2161 MiB, 23028 MiB
2026/02/25 17:32:34.922, 1, NVIDIA A10G, 19 %, 7 %, 2007 MiB, 23028 MiB
2026/02/25 17:32:34.922, 2, NVIDIA A10G, 20 %, 7 %, 1729 MiB, 23028 MiB
2026/02/25 17:32:34.923, 3, NVIDIA A10G, 0 %, 0 %, 0 MiB, 23028 MiB
2026/02/25 17:32:35.923, 0, NVIDIA A10G, 17 %, 5 %, 2161 MiB, 23028 MiB
2026/02/25 17:32:35.923, 1, NVIDIA A10G, 19 %, 6 %, 2007 MiB, 23028 MiB
2026/02/25 17:32:35.923, 2, NVIDIA A10G, 20 %, 6 %, 1729 MiB, 23028 MiB
2026/02/25 17:32:35.923, 3, NVIDIA A10G, 0 %, 0 %, 0 MiB, 23028 MiB
2026/02/25 17:32:36.923, 0, NVIDIA A10G, 21 %, 7 %, 2161 MiB, 23028 MiB
2026/02/25 17:32:36.924, 1, NVIDIA A10G, 19 %, 6 %, 2007 MiB, 23028 MiB
2026/02/25 17:32:36.924, 2, NVIDIA A10G, 22 %, 8 %, 1729 MiB, 23028 MiB
2026/02/25 17:32:36.924, 3, NVIDIA A10G, 0 %, 0 %, 0 MiB, 23028 MiB
2026/02/25 17:32:37.924, 0, NVIDIA A10G, 19 %, 6 %, 2161 MiB, 23028 MiB
2026/02/25 17:32:37.924, 1, NVIDIA A10G, 20 %, 7 %, 2007 MiB, 23028 MiB
2026/02/25 17:32:37.924, 2, NVIDIA A10G, 20 %, 6 %, 1729 MiB, 23028 MiB
2026/02/25 17:32:37.924, 3, NVIDIA A10G, 0 %, 0 %, 0 MiB, 23028 MiB
2026/02/25 17:32:38.924, 0, NVIDIA A10G, 0 %, 0 %, 2161 MiB, 23028 MiB
2026/02/25 17:32:38.925, 1, NVIDIA A10G, 12 %, 4 %, 2007 MiB, 23028 MiB
2026/02/25 17:32:38.925, 2, NVIDIA A10G, 21 %, 7 %, 1729 MiB, 23028 MiB
2026/02/25 17:32:38.925, 3, NVIDIA A10G, 0 %, 0 %, 0 MiB, 23028 MiB
2026/02/25 17:32:39.925, 0, NVIDIA A10G, 0 %, 0 %, 2161 MiB, 23028 MiB
2026/02/25 17:32:39.925, 1, NVIDIA A10G, 0 %, 0 %, 2007 MiB, 23028 MiB
2026/02/25 17:32:39.925, 2, NVIDIA A10G, 23 %, 8 %, 1729 MiB, 23028 MiB
2026/02/25 17:32:39.925, 3, NVIDIA A10G, 0 %, 0 %, 0 MiB, 23028 MiB
2026/02/25 17:32:40.925, 0, NVIDIA A10G, 0 %, 0 %, 2161 MiB, 23028 MiB
2026/02/25 17:32:40.925, 1, NVIDIA A10G, 0 %, 0 %, 2007 MiB, 23028 MiB
2026/02/25 17:32:40.925, 2, NVIDIA A10G, 21 %, 7 %, 1729 MiB, 23028 MiB
2026/02/25 17:32:40.925, 3, NVIDIA A10G, 0 %, 0 %, 0 MiB, 23028 MiB
2026/02/25 17:32:41.926, 0, NVIDIA A10G, 0 %, 0 %, 2161 MiB, 23028 MiB
2026/02/25 17:32:41.926, 1, NVIDIA A10G, 0 %, 0 %, 2007 MiB, 23028 MiB
2026/02/25 17:32:41.926, 2, NVIDIA A10G, 0 %, 0 %, 1729 MiB, 23028 MiB
2026/02/25 17:32:41.926, 3, NVIDIA A10G, 0 %, 0 %, 0 MiB, 23028 MiB
2026/02/25 17:32:42.926, 0, NVIDIA A10G, 0 %, 0 %, 2161 MiB, 23028 MiB
2026/02/25 17:32:42.926, 1, NVIDIA A10G, 0 %, 0 %, 2007 MiB, 23028 MiB
2026/02/25 17:32:42.926, 2, NVIDIA A10G, 0 %, 0 %, 1729 MiB, 23028 MiB
2026/02/25 17:32:42.926, 3, NVIDIA A10G, 0 %, 0 %, 0 MiB, 23028 MiB
2026/02/25 17:32:43.926, 0, NVIDIA A10G, 100 %, 69 %, 2161 MiB, 23028 MiB
2026/02/25 17:32:43.926, 1, NVIDIA A10G, 0 %, 0 %, 2007 MiB, 23028 MiB
2026/02/25 17:32:43.926, 2, NVIDIA A10G, 0 %, 0 %, 1729 MiB, 23028 MiB
2026/02/25 17:32:43.926, 3, NVIDIA A10G, 0 %, 0 %, 0 MiB, 23028 MiB
2026/02/25 17:32:44.927, 0, NVIDIA A10G, 21 %, 7 %, 2161 MiB, 23028 MiB
2026/02/25 17:32:44.927, 1, NVIDIA A10G, 0 %, 0 %, 2007 MiB, 23028 MiB
2026/02/25 17:32:44.927, 2, NVIDIA A10G, 0 %, 0 %, 1729 MiB, 23028 MiB
2026/02/25 17:32:44.927, 3, NVIDIA A10G, 0 %, 0 %, 0 MiB, 23028 MiB
2026/02/25 17:32:45.927, 0, NVIDIA A10G, 19 %, 6 %, 2161 MiB, 23028 MiB
2026/02/25 17:32:45.927, 1, NVIDIA A10G, 0 %, 0 %, 2007 MiB, 23028 MiB
2026/02/25 17:32:45.927, 2, NVIDIA A10G, 0 %, 0 %, 1729 MiB, 23028 MiB
2026/02/25 17:32:45.927, 3, NVIDIA A10G, 0 %, 0 %, 0 MiB, 23028 MiB
2026/02/25 17:32:46.928, 0, NVIDIA A10G, 21 %, 7 %, 2161 MiB, 23028 MiB
2026/02/25 17:32:46.928, 1, NVIDIA A10G, 100 %, 67 %, 2007 MiB, 23028 MiB
2026/02/25 17:32:46.928, 2, NVIDIA A10G, 0 %, 0 %, 1729 MiB, 23028 MiB
2026/02/25 17:32:46.928, 3, NVIDIA A10G, 0 %, 0 %, 0 MiB, 23028 MiB
2026/02/25 17:32:47.928, 0, NVIDIA A10G, 21 %, 8 %, 2161 MiB, 23028 MiB
2026/02/25 17:32:47.928, 1, NVIDIA A10G, 19 %, 6 %, 2007 MiB, 23028 MiB
2026/02/25 17:32:47.928, 2, NVIDIA A10G, 0 %, 0 %, 1729 MiB, 23028 MiB
2026/02/25 17:32:47.928, 3, NVIDIA A10G, 0 %, 0 %, 0 MiB, 23028 MiB
2026/02/25 17:32:48.928, 0, NVIDIA A10G, 19 %, 6 %, 2161 MiB, 23028 MiB
2026/02/25 17:32:48.929, 1, NVIDIA A10G, 22 %, 7 %, 2007 MiB, 23028 MiB
2026/02/25 17:32:48.929, 2, NVIDIA A10G, 0 %, 0 %, 1729 MiB, 23028 MiB
2026/02/25 17:32:48.929, 3, NVIDIA A10G, 0 %, 0 %, 0 MiB, 23028 MiB
2026/02/25 17:32:49.929, 0, NVIDIA A10G, 20 %, 7 %, 2161 MiB, 23028 MiB
2026/02/25 17:32:49.929, 1, NVIDIA A10G, 21 %, 7 %, 2007 MiB, 23028 MiB
2026/02/25 17:32:49.929, 2, NVIDIA A10G, 0 %, 0 %, 1729 MiB, 23028 MiB
2026/02/25 17:32:49.929, 3, NVIDIA A10G, 0 %, 0 %, 0 MiB, 23028 MiB
2026/02/25 17:32:50.929, 0, NVIDIA A10G, 14 %, 4 %, 2161 MiB, 23028 MiB
2026/02/25 17:32:50.930, 1, NVIDIA A10G, 21 %, 7 %, 2007 MiB, 23028 MiB
2026/02/25 17:32:50.930, 2, NVIDIA A10G, 0 %, 0 %, 1729 MiB, 23028 MiB
2026/02/25 17:32:50.930, 3, NVIDIA A10G, 0 %, 0 %, 0 MiB, 23028 MiB
2026/02/25 17:32:51.930, 0, NVIDIA A10G, 0 %, 0 %, 2161 MiB, 23028 MiB
2026/02/25 17:32:51.930, 1, NVIDIA A10G, 18 %, 6 %, 2007 MiB, 23028 MiB
2026/02/25 17:32:51.930, 2, NVIDIA A10G, 81 %, 51 %, 1729 MiB, 23028 MiB
2026/02/25 17:32:51.930, 3, NVIDIA A10G, 0 %, 0 %, 0 MiB, 23028 MiB
2026/02/25 17:32:52.930, 0, NVIDIA A10G, 0 %, 0 %, 2161 MiB, 23028 MiB
2026/02/25 17:32:52.930, 1, NVIDIA A10G, 19 %, 7 %, 2007 MiB, 23028 MiB
2026/02/25 17:32:52.930, 2, NVIDIA A10G, 23 %, 8 %, 1729 MiB, 23028 MiB
2026/02/25 17:32:52.931, 3, NVIDIA A10G, 0 %, 0 %, 0 MiB, 23028 MiB
2026/02/25 17:32:53.931, 0, NVIDIA A10G, 0 %, 0 %, 2161 MiB, 23028 MiB
2026/02/25 17:32:53.931, 1, NVIDIA A10G, 20 %, 6 %, 2007 MiB, 23028 MiB
2026/02/25 17:32:53.931, 2, NVIDIA A10G, 22 %, 8 %, 1729 MiB, 23028 MiB
2026/02/25 17:32:53.931, 3, NVIDIA A10G, 0 %, 0 %, 0 MiB, 23028 MiB
2026/02/25 17:32:54.931, 0, NVIDIA A10G, 0 %, 0 %, 2161 MiB, 23028 MiB
2026/02/25 17:32:54.931, 1, NVIDIA A10G, 20 %, 7 %, 2007 MiB, 23028 MiB
2026/02/25 17:32:54.931, 2, NVIDIA A10G, 18 %, 6 %, 1729 MiB, 23028 MiB
2026/02/25 17:32:54.931, 3, NVIDIA A10G, 0 %, 0 %, 0 MiB, 23028 MiB
2026/02/25 17:32:55.932, 0, NVIDIA A10G, 0 %, 0 %, 2161 MiB, 23028 MiB
2026/02/25 17:32:55.932, 1, NVIDIA A10G, 20 %, 6 %, 2007 MiB, 23028 MiB
2026/02/25 17:32:55.932, 2, NVIDIA A10G, 22 %, 8 %, 1729 MiB, 23028 MiB
2026/02/25 17:32:55.932, 3, NVIDIA A10G, 0 %, 0 %, 0 MiB, 23028 MiB
2026/02/25 17:32:56.932, 0, NVIDIA A10G, 0 %, 0 %, 2161 MiB, 23028 MiB
2026/02/25 17:32:56.932, 1, NVIDIA A10G, 22 %, 7 %, 2007 MiB, 23028 MiB
2026/02/25 17:32:56.932, 2, NVIDIA A10G, 22 %, 8 %, 1729 MiB, 23028 MiB
2026/02/25 17:32:56.932, 3, NVIDIA A10G, 0 %, 0 %, 0 MiB, 23028 MiB
2026/02/25 17:32:57.932, 0, NVIDIA A10G, 20 %, 6 %, 2161 MiB, 23028 MiB
2026/02/25 17:32:57.933, 1, NVIDIA A10G, 2 %, 1 %, 2007 MiB, 23028 MiB
2026/02/25 17:32:57.933, 2, NVIDIA A10G, 18 %, 6 %, 1729 MiB, 23028 MiB
2026/02/25 17:32:57.933, 3, NVIDIA A10G, 0 %, 0 %, 0 MiB, 23028 MiB
2026/02/25 17:32:58.933, 0, NVIDIA A10G, 20 %, 7 %, 2161 MiB, 23028 MiB
2026/02/25 17:32:58.933, 1, NVIDIA A10G, 22 %, 7 %, 2007 MiB, 23028 MiB
2026/02/25 17:32:58.933, 2, NVIDIA A10G, 20 %, 7 %, 1729 MiB, 23028 MiB
2026/02/25 17:32:58.933, 3, NVIDIA A10G, 0 %, 0 %, 0 MiB, 23028 MiB
2026/02/25 17:32:59.933, 0, NVIDIA A10G, 22 %, 7 %, 2161 MiB, 23028 MiB
2026/02/25 17:32:59.933, 1, NVIDIA A10G, 0 %, 0 %, 2007 MiB, 23028 MiB
2026/02/25 17:32:59.933, 2, NVIDIA A10G, 20 %, 7 %, 1729 MiB, 23028 MiB
2026/02/25 17:32:59.934, 3, NVIDIA A10G, 0 %, 0 %, 0 MiB, 23028 MiB
2026/02/25 17:33:00.934, 0, NVIDIA A10G, 21 %, 7 %, 2161 MiB, 23028 MiB
2026/02/25 17:33:00.934, 1, NVIDIA A10G, 0 %, 0 %, 2007 MiB, 23028 MiB
2026/02/25 17:33:00.934, 2, NVIDIA A10G, 23 %, 8 %, 1729 MiB, 23028 MiB
2026/02/25 17:33:00.934, 3, NVIDIA A10G, 0 %, 0 %, 0 MiB, 23028 MiB
2026/02/25 17:33:01.934, 0, NVIDIA A10G, 14 %, 4 %, 2161 MiB, 23028 MiB
2026/02/25 17:33:01.934, 1, NVIDIA A10G, 0 %, 0 %, 2007 MiB, 23028 MiB
2026/02/25 17:33:01.934, 2, NVIDIA A10G, 16 %, 6 %, 1729 MiB, 23028 MiB
2026/02/25 17:33:01.934, 3, NVIDIA A10G, 0 %, 0 %, 0 MiB, 23028 MiB
2026/02/25 17:33:02.934, 0, NVIDIA A10G, 19 %, 6 %, 2161 MiB, 23028 MiB
2026/02/25 17:33:02.935, 1, NVIDIA A10G, 0 %, 0 %, 2007 MiB, 23028 MiB
2026/02/25 17:33:02.935, 2, NVIDIA A10G, 21 %, 7 %, 1729 MiB, 23028 MiB
2026/02/25 17:33:02.935, 3, NVIDIA A10G, 0 %, 0 %, 0 MiB, 23028 MiB
2026/02/25 17:33:03.935, 0, NVIDIA A10G, 15 %, 5 %, 2161 MiB, 23028 MiB
2026/02/25 17:33:03.935, 1, NVIDIA A10G, 0 %, 0 %, 2007 MiB, 23028 MiB
2026/02/25 17:33:03.935, 2, NVIDIA A10G, 11 %, 3 %, 1729 MiB, 23028 MiB
2026/02/25 17:33:03.935, 3, NVIDIA A10G, 0 %, 0 %, 0 MiB, 23028 MiB
2026/02/25 17:33:04.935, 0, NVIDIA A10G, 14 %, 4 %, 2161 MiB, 23028 MiB
2026/02/25 17:33:04.935, 1, NVIDIA A10G, 0 %, 0 %, 2007 MiB, 23028 MiB
2026/02/25 17:33:04.935, 2, NVIDIA A10G, 0 %, 0 %, 1729 MiB, 23028 MiB
2026/02/25 17:33:04.935, 3, NVIDIA A10G, 0 %, 0 %, 0 MiB, 23028 MiB
2026/02/25 17:33:05.935, 0, NVIDIA A10G, 0 %, 0 %, 2161 MiB, 23028 MiB
2026/02/25 17:33:05.936, 1, NVIDIA A10G, 0 %, 0 %, 2007 MiB, 23028 MiB
2026/02/25 17:33:05.936, 2, NVIDIA A10G, 0 %, 0 %, 1729 MiB, 23028 MiB
2026/02/25 17:33:05.936, 3, NVIDIA A10G, 0 %, 0 %, 0 MiB, 23028 MiB
2026/02/25 17:33:06.936, 0, NVIDIA A10G, 0 %, 0 %, 2161 MiB, 23028 MiB
2026/02/25 17:33:06.936, 1, NVIDIA A10G, 0 %, 0 %, 2007 MiB, 23028 MiB
2026/02/25 17:33:06.936, 2, NVIDIA A10G, 0 %, 0 %, 1729 MiB, 23028 MiB
2026/02/25 17:33:06.936, 3, NVIDIA A10G, 0 %, 0 %, 0 MiB, 23028 MiB
2026/02/25 17:33:07.936, 0, NVIDIA A10G, 0 %, 0 %, 2161 MiB, 23028 MiB
2026/02/25 17:33:07.936, 1, NVIDIA A10G, 0 %, 0 %, 2007 MiB, 23028 MiB
2026/02/25 17:33:07.937, 2, NVIDIA A10G, 23 %, 7 %, 1729 MiB, 23028 MiB
2026/02/25 17:33:07.937, 3, NVIDIA A10G, 0 %, 0 %, 0 MiB, 23028 MiB
2026/02/25 17:33:08.937, 0, NVIDIA A10G, 0 %, 0 %, 2161 MiB, 23028 MiB
2026/02/25 17:33:08.937, 1, NVIDIA A10G, 0 %, 0 %, 2007 MiB, 23028 MiB
2026/02/25 17:33:08.937, 2, NVIDIA A10G, 23 %, 8 %, 1729 MiB, 23028 MiB
2026/02/25 17:33:08.937, 3, NVIDIA A10G, 0 %, 0 %, 0 MiB, 23028 MiB
2026/02/25 17:33:09.937, 0, NVIDIA A10G, 22 %, 8 %, 2161 MiB, 23028 MiB
2026/02/25 17:33:09.937, 1, NVIDIA A10G, 0 %, 0 %, 2007 MiB, 23028 MiB
2026/02/25 17:33:09.937, 2, NVIDIA A10G, 23 %, 8 %, 1729 MiB, 23028 MiB
2026/02/25 17:33:09.937, 3, NVIDIA A10G, 0 %, 0 %, 0 MiB, 23028 MiB
2026/02/25 17:33:10.937, 0, NVIDIA A10G, 17 %, 5 %, 2161 MiB, 23028 MiB
2026/02/25 17:33:10.937, 1, NVIDIA A10G, 22 %, 8 %, 2007 MiB, 23028 MiB
2026/02/25 17:33:10.938, 2, NVIDIA A10G, 19 %, 7 %, 1729 MiB, 23028 MiB
2026/02/25 17:33:10.938, 3, NVIDIA A10G, 0 %, 0 %, 0 MiB, 23028 MiB
2026/02/25 17:33:11.938, 0, NVIDIA A10G, 20 %, 7 %, 2161 MiB, 23028 MiB
2026/02/25 17:33:11.938, 1, NVIDIA A10G, 21 %, 7 %, 2007 MiB, 23028 MiB
2026/02/25 17:33:11.938, 2, NVIDIA A10G, 0 %, 0 %, 1729 MiB, 23028 MiB
2026/02/25 17:33:11.938, 3, NVIDIA A10G, 0 %, 0 %, 0 MiB, 23028 MiB
2026/02/25 17:33:12.938, 0, NVIDIA A10G, 22 %, 8 %, 2161 MiB, 23028 MiB
2026/02/25 17:33:12.938, 1, NVIDIA A10G, 19 %, 7 %, 2007 MiB, 23028 MiB
2026/02/25 17:33:12.938, 2, NVIDIA A10G, 0 %, 0 %, 1729 MiB, 23028 MiB
2026/02/25 17:33:12.938, 3, NVIDIA A10G, 0 %, 0 %, 0 MiB, 23028 MiB
2026/02/25 17:33:13.938, 0, NVIDIA A10G, 19 %, 6 %, 2161 MiB, 23028 MiB
2026/02/25 17:33:13.939, 1, NVIDIA A10G, 22 %, 8 %, 2007 MiB, 23028 MiB
2026/02/25 17:33:13.939, 2, NVIDIA A10G, 0 %, 0 %, 1729 MiB, 23028 MiB
2026/02/25 17:33:13.939, 3, NVIDIA A10G, 0 %, 0 %, 0 MiB, 23028 MiB
2026/02/25 17:33:14.939, 0, NVIDIA A10G, 4 %, 1 %, 2161 MiB, 23028 MiB
2026/02/25 17:33:14.939, 1, NVIDIA A10G, 24 %, 9 %, 2007 MiB, 23028 MiB
2026/02/25 17:33:14.939, 2, NVIDIA A10G, 0 %, 0 %, 1729 MiB, 23028 MiB
2026/02/25 17:33:14.939, 3, NVIDIA A10G, 0 %, 0 %, 0 MiB, 23028 MiB
2026/02/25 17:33:15.939, 0, NVIDIA A10G, 0 %, 0 %, 2161 MiB, 23028 MiB
2026/02/25 17:33:15.939, 1, NVIDIA A10G, 22 %, 8 %, 2007 MiB, 23028 MiB
2026/02/25 17:33:15.940, 2, NVIDIA A10G, 0 %, 0 %, 1729 MiB, 23028 MiB
2026/02/25 17:33:15.940, 3, NVIDIA A10G, 0 %, 0 %, 0 MiB, 23028 MiB
2026/02/25 17:33:16.940, 0, NVIDIA A10G, 0 %, 0 %, 2161 MiB, 23028 MiB
2026/02/25 17:33:16.940, 1, NVIDIA A10G, 21 %, 7 %, 2007 MiB, 23028 MiB
2026/02/25 17:33:16.940, 2, NVIDIA A10G, 0 %, 0 %, 1729 MiB, 23028 MiB
2026/02/25 17:33:16.940, 3, NVIDIA A10G, 0 %, 0 %, 0 MiB, 23028 MiB
2026/02/25 17:33:17.940, 0, NVIDIA A10G, 0 %, 0 %, 2161 MiB, 23028 MiB
2026/02/25 17:33:17.940, 1, NVIDIA A10G, 23 %, 8 %, 2007 MiB, 23028 MiB
2026/02/25 17:33:17.940, 2, NVIDIA A10G, 0 %, 0 %, 1729 MiB, 23028 MiB
2026/02/25 17:33:17.941, 3, NVIDIA A10G, 0 %, 0 %, 0 MiB, 23028 MiB
2026/02/25 17:33:18.941, 0, NVIDIA A10G, 0 %, 0 %, 2161 MiB, 23028 MiB
2026/02/25 17:33:18.941, 1, NVIDIA A10G, 23 %, 8 %, 2007 MiB, 23028 MiB
2026/02/25 17:33:18.941, 2, NVIDIA A10G, 0 %, 0 %, 1729 MiB, 23028 MiB
2026/02/25 17:33:18.941, 3, NVIDIA A10G, 0 %, 0 %, 0 MiB, 23028 MiB
2026/02/25 17:33:19.941, 0, NVIDIA A10G, 0 %, 0 %, 2161 MiB, 23028 MiB
2026/02/25 17:33:19.941, 1, NVIDIA A10G, 21 %, 7 %, 2007 MiB, 23028 MiB
2026/02/25 17:33:19.941, 2, NVIDIA A10G, 0 %, 0 %, 1729 MiB, 23028 MiB
2026/02/25 17:33:19.941, 3, NVIDIA A10G, 0 %, 0 %, 0 MiB, 23028 MiB
2026/02/25 17:33:20.941, 0, NVIDIA A10G, 0 %, 0 %, 2161 MiB, 23028 MiB
2026/02/25 17:33:20.941, 1, NVIDIA A10G, 0 %, 0 %, 2007 MiB, 23028 MiB
2026/02/25 17:33:20.942, 2, NVIDIA A10G, 0 %, 0 %, 1729 MiB, 23028 MiB
2026/02/25 17:33:20.942, 3, NVIDIA A10G, 0 %, 0 %, 0 MiB, 23028 MiB
2026/02/25 17:33:21.942, 0, NVIDIA A10G, 19 %, 6 %, 2161 MiB, 23028 MiB
2026/02/25 17:33:21.942, 1, NVIDIA A10G, 0 %, 0 %, 2007 MiB, 23028 MiB
2026/02/25 17:33:21.942, 2, NVIDIA A10G, 0 %, 0 %, 1729 MiB, 23028 MiB
2026/02/25 17:33:21.942, 3, NVIDIA A10G, 0 %, 0 %, 0 MiB, 23028 MiB
2026/02/25 17:33:22.942, 0, NVIDIA A10G, 23 %, 9 %, 2161 MiB, 23028 MiB
2026/02/25 17:33:22.942, 1, NVIDIA A10G, 0 %, 0 %, 2007 MiB, 23028 MiB
2026/02/25 17:33:22.942, 2, NVIDIA A10G, 0 %, 0 %, 1729 MiB, 23028 MiB
2026/02/25 17:33:22.942, 3, NVIDIA A10G, 0 %, 0 %, 0 MiB, 23028 MiB
2026/02/25 17:33:23.943, 0, NVIDIA A10G, 22 %, 7 %, 2161 MiB, 23028 MiB
2026/02/25 17:33:23.943, 1, NVIDIA A10G, 0 %, 0 %, 2007 MiB, 23028 MiB
2026/02/25 17:33:23.943, 2, NVIDIA A10G, 0 %, 0 %, 1729 MiB, 23028 MiB
2026/02/25 17:33:23.943, 3, NVIDIA A10G, 0 %, 0 %, 0 MiB, 23028 MiB
2026/02/25 17:33:24.943, 0, NVIDIA A10G, 19 %, 6 %, 2161 MiB, 23028 MiB
2026/02/25 17:33:24.943, 1, NVIDIA A10G, 0 %, 0 %, 2007 MiB, 23028 MiB
2026/02/25 17:33:24.943, 2, NVIDIA A10G, 17 %, 5 %, 1729 MiB, 23028 MiB
2026/02/25 17:33:24.943, 3, NVIDIA A10G, 0 %, 0 %, 0 MiB, 23028 MiB
2026/02/25 17:33:25.943, 0, NVIDIA A10G, 20 %, 7 %, 2161 MiB, 23028 MiB
2026/02/25 17:33:25.944, 1, NVIDIA A10G, 0 %, 0 %, 2007 MiB, 23028 MiB
2026/02/25 17:33:25.944, 2, NVIDIA A10G, 22 %, 8 %, 1729 MiB, 23028 MiB
2026/02/25 17:33:25.944, 3, NVIDIA A10G, 0 %, 0 %, 0 MiB, 23028 MiB
2026/02/25 17:33:26.944, 0, NVIDIA A10G, 22 %, 8 %, 2161 MiB, 23028 MiB
2026/02/25 17:33:26.944, 1, NVIDIA A10G, 92 %, 61 %, 2007 MiB, 23028 MiB
2026/02/25 17:33:26.944, 2, NVIDIA A10G, 19 %, 6 %, 1729 MiB, 23028 MiB
2026/02/25 17:33:26.944, 3, NVIDIA A10G, 0 %, 0 %, 0 MiB, 23028 MiB
2026/02/25 17:33:27.944, 0, NVIDIA A10G, 17 %, 6 %, 2161 MiB, 23028 MiB
2026/02/25 17:33:27.944, 1, NVIDIA A10G, 20 %, 7 %, 2007 MiB, 23028 MiB
2026/02/25 17:33:27.944, 2, NVIDIA A10G, 20 %, 7 %, 1729 MiB, 23028 MiB
2026/02/25 17:33:27.944, 3, NVIDIA A10G, 0 %, 0 %, 0 MiB, 23028 MiB
2026/02/25 17:33:28.945, 0, NVIDIA A10G, 16 %, 5 %, 2161 MiB, 23028 MiB
2026/02/25 17:33:28.945, 1, NVIDIA A10G, 20 %, 7 %, 2007 MiB, 23028 MiB
2026/02/25 17:33:28.945, 2, NVIDIA A10G, 20 %, 7 %, 1729 MiB, 23028 MiB
2026/02/25 17:33:28.945, 3, NVIDIA A10G, 0 %, 0 %, 0 MiB, 23028 MiB
2026/02/25 17:33:29.945, 0, NVIDIA A10G, 0 %, 0 %, 2161 MiB, 23028 MiB
2026/02/25 17:33:29.945, 1, NVIDIA A10G, 22 %, 7 %, 2007 MiB, 23028 MiB
2026/02/25 17:33:29.945, 2, NVIDIA A10G, 21 %, 8 %, 1729 MiB, 23028 MiB
2026/02/25 17:33:29.945, 3, NVIDIA A10G, 0 %, 0 %, 0 MiB, 23028 MiB
2026/02/25 17:33:30.945, 0, NVIDIA A10G, 0 %, 0 %, 2161 MiB, 23028 MiB
2026/02/25 17:33:30.945, 1, NVIDIA A10G, 20 %, 7 %, 2007 MiB, 23028 MiB
2026/02/25 17:33:30.946, 2, NVIDIA A10G, 22 %, 8 %, 1729 MiB, 23028 MiB
2026/02/25 17:33:30.946, 3, NVIDIA A10G, 0 %, 0 %, 0 MiB, 23028 MiB
2026/02/25 17:33:31.946, 0, NVIDIA A10G, 0 %, 0 %, 2161 MiB, 23028 MiB
2026/02/25 17:33:31.946, 1, NVIDIA A10G, 19 %, 6 %, 2007 MiB, 23028 MiB
2026/02/25 17:33:31.946, 2, NVIDIA A10G, 22 %, 8 %, 1729 MiB, 23028 MiB
2026/02/25 17:33:31.946, 3, NVIDIA A10G, 0 %, 0 %, 0 MiB, 23028 MiB
2026/02/25 17:33:32.946, 0, NVIDIA A10G, 0 %, 0 %, 2161 MiB, 23028 MiB
2026/02/25 17:33:32.946, 1, NVIDIA A10G, 19 %, 6 %, 2007 MiB, 23028 MiB
2026/02/25 17:33:32.946, 2, NVIDIA A10G, 17 %, 6 %, 1729 MiB, 23028 MiB
2026/02/25 17:33:32.946, 3, NVIDIA A10G, 0 %, 0 %, 0 MiB, 23028 MiB
2026/02/25 17:33:33.946, 0, NVIDIA A10G, 0 %, 0 %, 2161 MiB, 23028 MiB
2026/02/25 17:33:33.947, 1, NVIDIA A10G, 20 %, 6 %, 2007 MiB, 23028 MiB
2026/02/25 17:33:33.947, 2, NVIDIA A10G, 23 %, 8 %, 1729 MiB, 23028 MiB
2026/02/25 17:33:33.947, 3, NVIDIA A10G, 0 %, 0 %, 0 MiB, 23028 MiB
2026/02/25 17:33:34.947, 0, NVIDIA A10G, 0 %, 0 %, 2161 MiB, 23028 MiB
2026/02/25 17:33:34.947, 1, NVIDIA A10G, 17 %, 5 %, 2007 MiB, 23028 MiB
2026/02/25 17:33:34.947, 2, NVIDIA A10G, 22 %, 8 %, 1729 MiB, 23028 MiB
2026/02/25 17:33:34.947, 3, NVIDIA A10G, 0 %, 0 %, 0 MiB, 23028 MiB
2026/02/25 17:33:35.947, 0, NVIDIA A10G, 0 %, 0 %, 2161 MiB, 23028 MiB
2026/02/25 17:33:35.947, 1, NVIDIA A10G, 6 %, 2 %, 2007 MiB, 23028 MiB
2026/02/25 17:33:35.947, 2, NVIDIA A10G, 21 %, 7 %, 1729 MiB, 23028 MiB
2026/02/25 17:33:35.947, 3, NVIDIA A10G, 0 %, 0 %, 0 MiB, 23028 MiB
2026/02/25 17:33:36.948, 0, NVIDIA A10G, 100 %, 70 %, 2161 MiB, 23028 MiB
2026/02/25 17:33:36.948, 1, NVIDIA A10G, 0 %, 0 %, 2007 MiB, 23028 MiB
2026/02/25 17:33:36.948, 2, NVIDIA A10G, 0 %, 0 %, 1729 MiB, 23028 MiB
2026/02/25 17:33:36.948, 3, NVIDIA A10G, 0 %, 0 %, 0 MiB, 23028 MiB
2026/02/25 17:33:37.948, 0, NVIDIA A10G, 21 %, 7 %, 2161 MiB, 23028 MiB
2026/02/25 17:33:37.948, 1, NVIDIA A10G, 0 %, 0 %, 2007 MiB, 23028 MiB
2026/02/25 17:33:37.948, 2, NVIDIA A10G, 0 %, 0 %, 1729 MiB, 23028 MiB
2026/02/25 17:33:37.948, 3, NVIDIA A10G, 0 %, 0 %, 0 MiB, 23028 MiB
2026/02/25 17:33:38.948, 0, NVIDIA A10G, 21 %, 8 %, 2161 MiB, 23028 MiB
2026/02/25 17:33:38.948, 1, NVIDIA A10G, 0 %, 0 %, 2007 MiB, 23028 MiB
2026/02/25 17:33:38.949, 2, NVIDIA A10G, 0 %, 0 %, 1729 MiB, 23028 MiB
2026/02/25 17:33:38.949, 3, NVIDIA A10G, 0 %, 0 %, 0 MiB, 23028 MiB
2026/02/25 17:33:39.949, 0, NVIDIA A10G, 24 %, 9 %, 2161 MiB, 23028 MiB
2026/02/25 17:33:39.949, 1, NVIDIA A10G, 22 %, 7 %, 2007 MiB, 23028 MiB
2026/02/25 17:33:39.949, 2, NVIDIA A10G, 0 %, 0 %, 1729 MiB, 23028 MiB
2026/02/25 17:33:39.949, 3, NVIDIA A10G, 0 %, 0 %, 0 MiB, 23028 MiB
2026/02/25 17:33:40.949, 0, NVIDIA A10G, 25 %, 9 %, 2161 MiB, 23028 MiB
2026/02/25 17:33:40.949, 1, NVIDIA A10G, 19 %, 6 %, 2007 MiB, 23028 MiB
2026/02/25 17:33:40.949, 2, NVIDIA A10G, 0 %, 0 %, 1729 MiB, 23028 MiB
2026/02/25 17:33:40.949, 3, NVIDIA A10G, 0 %, 0 %, 0 MiB, 23028 MiB
2026/02/25 17:33:41.950, 0, NVIDIA A10G, 22 %, 8 %, 2161 MiB, 23028 MiB
2026/02/25 17:33:41.950, 1, NVIDIA A10G, 20 %, 7 %, 2007 MiB, 23028 MiB
2026/02/25 17:33:41.950, 2, NVIDIA A10G, 0 %, 0 %, 1729 MiB, 23028 MiB
2026/02/25 17:33:41.950, 3, NVIDIA A10G, 0 %, 0 %, 0 MiB, 23028 MiB
2026/02/25 17:33:42.950, 0, NVIDIA A10G, 25 %, 9 %, 2161 MiB, 23028 MiB
2026/02/25 17:33:42.950, 1, NVIDIA A10G, 18 %, 6 %, 2007 MiB, 23028 MiB
2026/02/25 17:33:42.950, 2, NVIDIA A10G, 0 %, 0 %, 1729 MiB, 23028 MiB
2026/02/25 17:33:42.950, 3, NVIDIA A10G, 0 %, 0 %, 0 MiB, 23028 MiB
2026/02/25 17:33:43.950, 0, NVIDIA A10G, 24 %, 9 %, 2161 MiB, 23028 MiB
2026/02/25 17:33:43.950, 1, NVIDIA A10G, 19 %, 7 %, 2007 MiB, 23028 MiB
2026/02/25 17:33:43.950, 2, NVIDIA A10G, 0 %, 0 %, 1729 MiB, 23028 MiB
2026/02/25 17:33:43.951, 3, NVIDIA A10G, 0 %, 0 %, 0 MiB, 23028 MiB
2026/02/25 17:33:44.951, 0, NVIDIA A10G, 15 %, 5 %, 2161 MiB, 23028 MiB
2026/02/25 17:33:44.951, 1, NVIDIA A10G, 0 %, 0 %, 2007 MiB, 23028 MiB
2026/02/25 17:33:44.951, 2, NVIDIA A10G, 0 %, 0 %, 1729 MiB, 23028 MiB
2026/02/25 17:33:44.951, 3, NVIDIA A10G, 0 %, 0 %, 0 MiB, 23028 MiB
2026/02/25 17:33:45.951, 0, NVIDIA A10G, 0 %, 0 %, 2161 MiB, 23028 MiB
2026/02/25 17:33:45.951, 1, NVIDIA A10G, 0 %, 0 %, 2007 MiB, 23028 MiB
2026/02/25 17:33:45.951, 2, NVIDIA A10G, 0 %, 0 %, 1729 MiB, 23028 MiB
2026/02/25 17:33:45.951, 3, NVIDIA A10G, 0 %, 0 %, 0 MiB, 23028 MiB
2026/02/25 17:33:46.951, 0, NVIDIA A10G, 0 %, 0 %, 2161 MiB, 23028 MiB
2026/02/25 17:33:46.951, 1, NVIDIA A10G, 0 %, 0 %, 2007 MiB, 23028 MiB
2026/02/25 17:33:46.951, 2, NVIDIA A10G, 0 %, 0 %, 1729 MiB, 23028 MiB
2026/02/25 17:33:46.951, 3, NVIDIA A10G, 0 %, 0 %, 0 MiB, 23028 MiB
2026/02/25 17:33:47.951, 0, NVIDIA A10G, 0 %, 0 %, 2161 MiB, 23028 MiB
2026/02/25 17:33:47.952, 1, NVIDIA A10G, 0 %, 0 %, 2007 MiB, 23028 MiB
2026/02/25 17:33:47.952, 2, NVIDIA A10G, 8 %, 5 %, 1729 MiB, 23028 MiB
2026/02/25 17:33:47.952, 3, NVIDIA A10G, 0 %, 0 %, 0 MiB, 23028 MiB
2026/02/25 17:33:48.952, 0, NVIDIA A10G, 0 %, 0 %, 2161 MiB, 23028 MiB
2026/02/25 17:33:48.952, 1, NVIDIA A10G, 99 %, 84 %, 2007 MiB, 23028 MiB
2026/02/25 17:33:48.952, 2, NVIDIA A10G, 22 %, 8 %, 1729 MiB, 23028 MiB
2026/02/25 17:33:48.952, 3, NVIDIA A10G, 0 %, 0 %, 0 MiB, 23028 MiB
2026/02/25 17:33:49.952, 0, NVIDIA A10G, 0 %, 0 %, 2161 MiB, 23028 MiB
2026/02/25 17:33:49.952, 1, NVIDIA A10G, 22 %, 8 %, 2007 MiB, 23028 MiB
2026/02/25 17:33:49.952, 2, NVIDIA A10G, 19 %, 6 %, 1729 MiB, 23028 MiB
2026/02/25 17:33:49.952, 3, NVIDIA A10G, 0 %, 0 %, 0 MiB, 23028 MiB
2026/02/25 17:33:50.953, 0, NVIDIA A10G, 0 %, 0 %, 2161 MiB, 23028 MiB
2026/02/25 17:33:50.953, 1, NVIDIA A10G, 19 %, 6 %, 2007 MiB, 23028 MiB
2026/02/25 17:33:50.953, 2, NVIDIA A10G, 21 %, 7 %, 1729 MiB, 23028 MiB
2026/02/25 17:33:50.953, 3, NVIDIA A10G, 0 %, 0 %, 0 MiB, 23028 MiB
2026/02/25 17:33:51.953, 0, NVIDIA A10G, 82 %, 53 %, 2161 MiB, 23028 MiB
2026/02/25 17:33:51.953, 1, NVIDIA A10G, 19 %, 6 %, 2007 MiB, 23028 MiB
2026/02/25 17:33:51.953, 2, NVIDIA A10G, 21 %, 7 %, 1729 MiB, 23028 MiB
2026/02/25 17:33:51.953, 3, NVIDIA A10G, 0 %, 0 %, 0 MiB, 23028 MiB
2026/02/25 17:33:52.953, 0, NVIDIA A10G, 21 %, 8 %, 2161 MiB, 23028 MiB
2026/02/25 17:33:52.954, 1, NVIDIA A10G, 18 %, 6 %, 2007 MiB, 23028 MiB
2026/02/25 17:33:52.954, 2, NVIDIA A10G, 21 %, 8 %, 1729 MiB, 23028 MiB
2026/02/25 17:33:52.954, 3, NVIDIA A10G, 0 %, 0 %, 0 MiB, 23028 MiB
2026/02/25 17:33:53.954, 0, NVIDIA A10G, 20 %, 7 %, 2161 MiB, 23028 MiB
2026/02/25 17:33:53.954, 1, NVIDIA A10G, 21 %, 7 %, 2007 MiB, 23028 MiB
2026/02/25 17:33:53.954, 2, NVIDIA A10G, 20 %, 7 %, 1729 MiB, 23028 MiB
2026/02/25 17:33:53.954, 3, NVIDIA A10G, 0 %, 0 %, 0 MiB, 23028 MiB
2026/02/25 17:33:54.954, 0, NVIDIA A10G, 22 %, 8 %, 2161 MiB, 23028 MiB
2026/02/25 17:33:54.954, 1, NVIDIA A10G, 0 %, 0 %, 2007 MiB, 23028 MiB
2026/02/25 17:33:54.955, 2, NVIDIA A10G, 21 %, 7 %, 1729 MiB, 23028 MiB
2026/02/25 17:33:54.955, 3, NVIDIA A10G, 0 %, 0 %, 0 MiB, 23028 MiB
2026/02/25 17:33:55.955, 0, NVIDIA A10G, 19 %, 6 %, 2161 MiB, 23028 MiB
2026/02/25 17:33:55.955, 1, NVIDIA A10G, 0 %, 0 %, 2007 MiB, 23028 MiB
2026/02/25 17:33:55.955, 2, NVIDIA A10G, 18 %, 7 %, 1729 MiB, 23028 MiB
2026/02/25 17:33:55.955, 3, NVIDIA A10G, 0 %, 0 %, 0 MiB, 23028 MiB
2026/02/25 17:33:56.955, 0, NVIDIA A10G, 20 %, 7 %, 2161 MiB, 23028 MiB
2026/02/25 17:33:56.955, 1, NVIDIA A10G, 0 %, 0 %, 2007 MiB, 23028 MiB
2026/02/25 17:33:56.955, 2, NVIDIA A10G, 20 %, 7 %, 1729 MiB, 23028 MiB
2026/02/25 17:33:56.955, 3, NVIDIA A10G, 0 %, 0 %, 0 MiB, 23028 MiB
2026/02/25 17:33:57.956, 0, NVIDIA A10G, 20 %, 7 %, 2161 MiB, 23028 MiB
2026/02/25 17:33:57.956, 1, NVIDIA A10G, 0 %, 0 %, 2007 MiB, 23028 MiB
2026/02/25 17:33:57.956, 2, NVIDIA A10G, 21 %, 7 %, 1729 MiB, 23028 MiB
2026/02/25 17:33:57.956, 3, NVIDIA A10G, 0 %, 0 %, 0 MiB, 23028 MiB
2026/02/25 17:33:58.956, 0, NVIDIA A10G, 19 %, 6 %, 2161 MiB, 23028 MiB
2026/02/25 17:33:58.956, 1, NVIDIA A10G, 0 %, 0 %, 2007 MiB, 23028 MiB
2026/02/25 17:33:58.956, 2, NVIDIA A10G, 18 %, 6 %, 1729 MiB, 23028 MiB
2026/02/25 17:33:58.956, 3, NVIDIA A10G, 0 %, 0 %, 0 MiB, 23028 MiB
2026/02/25 17:33:59.956, 0, NVIDIA A10G, 21 %, 7 %, 2161 MiB, 23028 MiB
2026/02/25 17:33:59.956, 1, NVIDIA A10G, 0 %, 0 %, 2007 MiB, 23028 MiB
2026/02/25 17:33:59.957, 2, NVIDIA A10G, 21 %, 7 %, 1729 MiB, 23028 MiB
2026/02/25 17:33:59.957, 3, NVIDIA A10G, 0 %, 0 %, 0 MiB, 23028 MiB
2026/02/25 17:34:00.957, 0, NVIDIA A10G, 0 %, 0 %, 2161 MiB, 23028 MiB
2026/02/25 17:34:00.957, 1, NVIDIA A10G, 32 %, 21 %, 2007 MiB, 23028 MiB
2026/02/25 17:34:00.957, 2, NVIDIA A10G, 21 %, 7 %, 1729 MiB, 23028 MiB
2026/02/25 17:34:00.957, 3, NVIDIA A10G, 0 %, 0 %, 0 MiB, 23028 MiB
2026/02/25 17:34:01.957, 0, NVIDIA A10G, 0 %, 0 %, 2161 MiB, 23028 MiB
2026/02/25 17:34:01.957, 1, NVIDIA A10G, 22 %, 8 %, 2007 MiB, 23028 MiB
2026/02/25 17:34:01.957, 2, NVIDIA A10G, 0 %, 0 %, 1729 MiB, 23028 MiB
2026/02/25 17:34:01.957, 3, NVIDIA A10G, 0 %, 0 %, 0 MiB, 23028 MiB
2026/02/25 17:34:02.957, 0, NVIDIA A10G, 0 %, 0 %, 2161 MiB, 23028 MiB
2026/02/25 17:34:02.957, 1, NVIDIA A10G, 20 %, 7 %, 2007 MiB, 23028 MiB
2026/02/25 17:34:02.957, 2, NVIDIA A10G, 0 %, 0 %, 1729 MiB, 23028 MiB
2026/02/25 17:34:02.957, 3, NVIDIA A10G, 0 %, 0 %, 0 MiB, 23028 MiB
2026/02/25 17:34:03.958, 0, NVIDIA A10G, 0 %, 0 %, 2161 MiB, 23028 MiB
2026/02/25 17:34:03.958, 1, NVIDIA A10G, 18 %, 6 %, 2007 MiB, 23028 MiB
2026/02/25 17:34:03.958, 2, NVIDIA A10G, 0 %, 0 %, 1729 MiB, 23028 MiB
2026/02/25 17:34:03.958, 3, NVIDIA A10G, 0 %, 0 %, 0 MiB, 23028 MiB
2026/02/25 17:34:04.958, 0, NVIDIA A10G, 0 %, 0 %, 2161 MiB, 23028 MiB
2026/02/25 17:34:04.958, 1, NVIDIA A10G, 18 %, 6 %, 2007 MiB, 23028 MiB
2026/02/25 17:34:04.958, 2, NVIDIA A10G, 0 %, 0 %, 1729 MiB, 23028 MiB
2026/02/25 17:34:04.958, 3, NVIDIA A10G, 0 %, 0 %, 0 MiB, 23028 MiB
2026/02/25 17:34:05.958, 0, NVIDIA A10G, 0 %, 0 %, 2161 MiB, 23028 MiB
2026/02/25 17:34:05.958, 1, NVIDIA A10G, 21 %, 7 %, 2007 MiB, 23028 MiB
2026/02/25 17:34:05.958, 2, NVIDIA A10G, 0 %, 0 %, 1729 MiB, 23028 MiB
2026/02/25 17:34:05.958, 3, NVIDIA A10G, 0 %, 0 %, 0 MiB, 23028 MiB
2026/02/25 17:34:06.958, 0, NVIDIA A10G, 0 %, 0 %, 2161 MiB, 23028 MiB
2026/02/25 17:34:06.959, 1, NVIDIA A10G, 22 %, 8 %, 2007 MiB, 23028 MiB
2026/02/25 17:34:06.959, 2, NVIDIA A10G, 0 %, 0 %, 1729 MiB, 23028 MiB
2026/02/25 17:34:06.959, 3, NVIDIA A10G, 0 %, 0 %, 0 MiB, 23028 MiB
2026/02/25 17:34:07.959, 0, NVIDIA A10G, 0 %, 0 %, 2161 MiB, 23028 MiB
2026/02/25 17:34:07.959, 1, NVIDIA A10G, 21 %, 7 %, 2007 MiB, 23028 MiB
2026/02/25 17:34:07.959, 2, NVIDIA A10G, 0 %, 0 %, 1729 MiB, 23028 MiB
2026/02/25 17:34:07.959, 3, NVIDIA A10G, 0 %, 0 %, 0 MiB, 23028 MiB
2026/02/25 17:34:08.959, 0, NVIDIA A10G, 0 %, 0 %, 2161 MiB, 23028 MiB
2026/02/25 17:34:08.959, 1, NVIDIA A10G, 0 %, 0 %, 2007 MiB, 23028 MiB
2026/02/25 17:34:08.960, 2, NVIDIA A10G, 0 %, 0 %, 1729 MiB, 23028 MiB
2026/02/25 17:34:08.960, 3, NVIDIA A10G, 0 %, 0 %, 0 MiB, 23028 MiB
2026/02/25 17:34:09.960, 0, NVIDIA A10G, 0 %, 0 %, 2161 MiB, 23028 MiB
2026/02/25 17:34:09.960, 1, NVIDIA A10G, 0 %, 0 %, 2007 MiB, 23028 MiB
2026/02/25 17:34:09.960, 2, NVIDIA A10G, 58 %, 37 %, 1729 MiB, 23028 MiB
2026/02/25 17:34:09.961, 3, NVIDIA A10G, 0 %, 0 %, 0 MiB, 23028 MiB
2026/02/25 17:34:10.961, 0, NVIDIA A10G, 0 %, 0 %, 2161 MiB, 23028 MiB
2026/02/25 17:34:10.961, 1, NVIDIA A10G, 0 %, 0 %, 2007 MiB, 23028 MiB
2026/02/25 17:34:10.961, 2, NVIDIA A10G, 22 %, 7 %, 1729 MiB, 23028 MiB
2026/02/25 17:34:10.961, 3, NVIDIA A10G, 0 %, 0 %, 0 MiB, 23028 MiB
2026/02/25 17:34:11.962, 0, NVIDIA A10G, 0 %, 0 %, 2161 MiB, 23028 MiB
2026/02/25 17:34:11.962, 1, NVIDIA A10G, 0 %, 0 %, 2007 MiB, 23028 MiB
2026/02/25 17:34:11.962, 2, NVIDIA A10G, 23 %, 8 %, 1729 MiB, 23028 MiB
2026/02/25 17:34:11.962, 3, NVIDIA A10G, 0 %, 0 %, 0 MiB, 23028 MiB
2026/02/25 17:34:12.962, 0, NVIDIA A10G, 0 %, 0 %, 2161 MiB, 23028 MiB
2026/02/25 17:34:12.962, 1, NVIDIA A10G, 0 %, 0 %, 2007 MiB, 23028 MiB
2026/02/25 17:34:12.962, 2, NVIDIA A10G, 22 %, 8 %, 1729 MiB, 23028 MiB
2026/02/25 17:34:12.962, 3, NVIDIA A10G, 0 %, 0 %, 0 MiB, 23028 MiB
2026/02/25 17:34:13.962, 0, NVIDIA A10G, 0 %, 0 %, 2161 MiB, 23028 MiB
2026/02/25 17:34:13.962, 1, NVIDIA A10G, 0 %, 0 %, 2007 MiB, 23028 MiB
2026/02/25 17:34:13.962, 2, NVIDIA A10G, 24 %, 9 %, 1729 MiB, 23028 MiB
2026/02/25 17:34:13.962, 3, NVIDIA A10G, 0 %, 0 %, 0 MiB, 23028 MiB
2026/02/25 17:34:14.962, 0, NVIDIA A10G, 0 %, 0 %, 2161 MiB, 23028 MiB
2026/02/25 17:34:14.963, 1, NVIDIA A10G, 0 %, 0 %, 2007 MiB, 23028 MiB
2026/02/25 17:34:14.963, 2, NVIDIA A10G, 23 %, 9 %, 1729 MiB, 23028 MiB
2026/02/25 17:34:14.963, 3, NVIDIA A10G, 0 %, 0 %, 0 MiB, 23028 MiB
2026/02/25 17:34:15.963, 0, NVIDIA A10G, 24 %, 9 %, 2161 MiB, 23028 MiB
2026/02/25 17:34:15.963, 1, NVIDIA A10G, 0 %, 0 %, 2007 MiB, 23028 MiB
2026/02/25 17:34:15.963, 2, NVIDIA A10G, 24 %, 9 %, 1729 MiB, 23028 MiB
2026/02/25 17:34:15.963, 3, NVIDIA A10G, 0 %, 0 %, 0 MiB, 23028 MiB
2026/02/25 17:34:16.963, 0, NVIDIA A10G, 22 %, 8 %, 2161 MiB, 23028 MiB
2026/02/25 17:34:16.964, 1, NVIDIA A10G, 0 %, 0 %, 2007 MiB, 23028 MiB
2026/02/25 17:34:16.964, 2, NVIDIA A10G, 23 %, 8 %, 1729 MiB, 23028 MiB
2026/02/25 17:34:16.964, 3, NVIDIA A10G, 0 %, 0 %, 0 MiB, 23028 MiB
2026/02/25 17:34:17.964, 0, NVIDIA A10G, 22 %, 8 %, 2161 MiB, 23028 MiB
2026/02/25 17:34:17.964, 1, NVIDIA A10G, 0 %, 0 %, 2007 MiB, 23028 MiB
2026/02/25 17:34:17.964, 2, NVIDIA A10G, 0 %, 0 %, 1729 MiB, 23028 MiB
2026/02/25 17:34:17.964, 3, NVIDIA A10G, 0 %, 0 %, 0 MiB, 23028 MiB
2026/02/25 17:34:18.964, 0, NVIDIA A10G, 21 %, 7 %, 2161 MiB, 23028 MiB
2026/02/25 17:34:18.964, 1, NVIDIA A10G, 0 %, 0 %, 2007 MiB, 23028 MiB
2026/02/25 17:34:18.964, 2, NVIDIA A10G, 0 %, 0 %, 1729 MiB, 23028 MiB
2026/02/25 17:34:18.964, 3, NVIDIA A10G, 0 %, 0 %, 0 MiB, 23028 MiB
2026/02/25 17:34:19.964, 0, NVIDIA A10G, 20 %, 7 %, 2161 MiB, 23028 MiB
2026/02/25 17:34:19.965, 1, NVIDIA A10G, 0 %, 0 %, 2007 MiB, 23028 MiB
2026/02/25 17:34:19.965, 2, NVIDIA A10G, 0 %, 0 %, 1729 MiB, 23028 MiB
2026/02/25 17:34:19.965, 3, NVIDIA A10G, 0 %, 0 %, 0 MiB, 23028 MiB
2026/02/25 17:34:20.965, 0, NVIDIA A10G, 23 %, 8 %, 2161 MiB, 23028 MiB
2026/02/25 17:34:20.965, 1, NVIDIA A10G, 0 %, 0 %, 2007 MiB, 23028 MiB
2026/02/25 17:34:20.965, 2, NVIDIA A10G, 0 %, 0 %, 1729 MiB, 23028 MiB
2026/02/25 17:34:20.965, 3, NVIDIA A10G, 0 %, 0 %, 0 MiB, 23028 MiB
2026/02/25 17:34:21.965, 0, NVIDIA A10G, 21 %, 8 %, 2161 MiB, 23028 MiB
2026/02/25 17:34:21.965, 1, NVIDIA A10G, 22 %, 8 %, 2007 MiB, 23028 MiB
2026/02/25 17:34:21.965, 2, NVIDIA A10G, 0 %, 0 %, 1729 MiB, 23028 MiB
2026/02/25 17:34:21.965, 3, NVIDIA A10G, 0 %, 0 %, 0 MiB, 23028 MiB
2026/02/25 17:34:22.966, 0, NVIDIA A10G, 21 %, 8 %, 2161 MiB, 23028 MiB
2026/02/25 17:34:22.966, 1, NVIDIA A10G, 18 %, 6 %, 2007 MiB, 23028 MiB
2026/02/25 17:34:22.966, 2, NVIDIA A10G, 0 %, 0 %, 1729 MiB, 23028 MiB
2026/02/25 17:34:22.966, 3, NVIDIA A10G, 0 %, 0 %, 0 MiB, 23028 MiB
2026/02/25 17:34:23.966, 0, NVIDIA A10G, 23 %, 8 %, 2161 MiB, 23028 MiB
2026/02/25 17:34:23.966, 1, NVIDIA A10G, 20 %, 7 %, 2007 MiB, 23028 MiB
2026/02/25 17:34:23.966, 2, NVIDIA A10G, 0 %, 0 %, 1729 MiB, 23028 MiB
2026/02/25 17:34:23.966, 3, NVIDIA A10G, 0 %, 0 %, 0 MiB, 23028 MiB
2026/02/25 17:34:24.966, 0, NVIDIA A10G, 22 %, 8 %, 2161 MiB, 23028 MiB
2026/02/25 17:34:24.966, 1, NVIDIA A10G, 22 %, 8 %, 2007 MiB, 23028 MiB
2026/02/25 17:34:24.967, 2, NVIDIA A10G, 0 %, 0 %, 1729 MiB, 23028 MiB
2026/02/25 17:34:24.967, 3, NVIDIA A10G, 0 %, 0 %, 0 MiB, 23028 MiB
2026/02/25 17:34:25.967, 0, NVIDIA A10G, 23 %, 8 %, 2161 MiB, 23028 MiB
2026/02/25 17:34:25.967, 1, NVIDIA A10G, 17 %, 5 %, 2007 MiB, 23028 MiB
2026/02/25 17:34:25.967, 2, NVIDIA A10G, 0 %, 0 %, 1729 MiB, 23028 MiB
2026/02/25 17:34:25.967, 3, NVIDIA A10G, 0 %, 0 %, 0 MiB, 23028 MiB
2026/02/25 17:34:26.967, 0, NVIDIA A10G, 21 %, 7 %, 2161 MiB, 23028 MiB
2026/02/25 17:34:26.967, 1, NVIDIA A10G, 22 %, 7 %, 2007 MiB, 23028 MiB
2026/02/25 17:34:26.967, 2, NVIDIA A10G, 0 %, 0 %, 1729 MiB, 23028 MiB
2026/02/25 17:34:26.967, 3, NVIDIA A10G, 0 %, 0 %, 0 MiB, 23028 MiB
2026/02/25 17:34:27.967, 0, NVIDIA A10G, 23 %, 8 %, 2161 MiB, 23028 MiB
2026/02/25 17:34:27.968, 1, NVIDIA A10G, 21 %, 7 %, 2007 MiB, 23028 MiB
2026/02/25 17:34:27.968, 2, NVIDIA A10G, 0 %, 0 %, 1729 MiB, 23028 MiB
2026/02/25 17:34:27.968, 3, NVIDIA A10G, 0 %, 0 %, 0 MiB, 23028 MiB
2026/02/25 17:34:28.968, 0, NVIDIA A10G, 22 %, 8 %, 2161 MiB, 23028 MiB
2026/02/25 17:34:28.968, 1, NVIDIA A10G, 22 %, 7 %, 2007 MiB, 23028 MiB
2026/02/25 17:34:28.968, 2, NVIDIA A10G, 0 %, 0 %, 1729 MiB, 23028 MiB
2026/02/25 17:34:28.968, 3, NVIDIA A10G, 0 %, 0 %, 0 MiB, 23028 MiB
2026/02/25 17:34:29.968, 0, NVIDIA A10G, 20 %, 7 %, 2161 MiB, 23028 MiB
2026/02/25 17:34:29.968, 1, NVIDIA A10G, 21 %, 7 %, 2007 MiB, 23028 MiB
2026/02/25 17:34:29.968, 2, NVIDIA A10G, 0 %, 0 %, 1729 MiB, 23028 MiB
2026/02/25 17:34:29.968, 3, NVIDIA A10G, 0 %, 0 %, 0 MiB, 23028 MiB
2026/02/25 17:34:30.969, 0, NVIDIA A10G, 0 %, 0 %, 2161 MiB, 23028 MiB
2026/02/25 17:34:30.969, 1, NVIDIA A10G, 22 %, 8 %, 2007 MiB, 23028 MiB
2026/02/25 17:34:30.969, 2, NVIDIA A10G, 0 %, 0 %, 1729 MiB, 23028 MiB
2026/02/25 17:34:30.969, 3, NVIDIA A10G, 0 %, 0 %, 0 MiB, 23028 MiB
2026/02/25 17:34:31.969, 0, NVIDIA A10G, 0 %, 0 %, 2161 MiB, 23028 MiB
2026/02/25 17:34:31.969, 1, NVIDIA A10G, 22 %, 8 %, 2007 MiB, 23028 MiB
2026/02/25 17:34:31.969, 2, NVIDIA A10G, 0 %, 0 %, 1729 MiB, 23028 MiB
2026/02/25 17:34:31.969, 3, NVIDIA A10G, 0 %, 0 %, 0 MiB, 23028 MiB
2026/02/25 17:34:32.970, 0, NVIDIA A10G, 0 %, 0 %, 2161 MiB, 23028 MiB
2026/02/25 17:34:32.970, 1, NVIDIA A10G, 21 %, 7 %, 2007 MiB, 23028 MiB
2026/02/25 17:34:32.970, 2, NVIDIA A10G, 22 %, 8 %, 1729 MiB, 23028 MiB
2026/02/25 17:34:32.970, 3, NVIDIA A10G, 0 %, 0 %, 0 MiB, 23028 MiB
2026/02/25 17:34:33.970, 0, NVIDIA A10G, 0 %, 0 %, 2161 MiB, 23028 MiB
2026/02/25 17:34:33.970, 1, NVIDIA A10G, 19 %, 6 %, 2007 MiB, 23028 MiB
2026/02/25 17:34:33.970, 2, NVIDIA A10G, 19 %, 7 %, 1729 MiB, 23028 MiB
2026/02/25 17:34:33.970, 3, NVIDIA A10G, 0 %, 0 %, 0 MiB, 23028 MiB
2026/02/25 17:34:34.970, 0, NVIDIA A10G, 0 %, 0 %, 2161 MiB, 23028 MiB
2026/02/25 17:34:34.970, 1, NVIDIA A10G, 0 %, 0 %, 2007 MiB, 23028 MiB
2026/02/25 17:34:34.970, 2, NVIDIA A10G, 22 %, 8 %, 1729 MiB, 23028 MiB
2026/02/25 17:34:34.971, 3, NVIDIA A10G, 0 %, 0 %, 0 MiB, 23028 MiB
2026/02/25 17:34:35.971, 0, NVIDIA A10G, 30 %, 16 %, 2161 MiB, 23028 MiB
2026/02/25 17:34:35.971, 1, NVIDIA A10G, 0 %, 0 %, 2007 MiB, 23028 MiB
2026/02/25 17:34:35.971, 2, NVIDIA A10G, 22 %, 7 %, 1729 MiB, 23028 MiB
2026/02/25 17:34:35.971, 3, NVIDIA A10G, 0 %, 0 %, 0 MiB, 23028 MiB
2026/02/25 17:34:36.971, 0, NVIDIA A10G, 21 %, 7 %, 2161 MiB, 23028 MiB
2026/02/25 17:34:36.971, 1, NVIDIA A10G, 0 %, 0 %, 2007 MiB, 23028 MiB
2026/02/25 17:34:36.971, 2, NVIDIA A10G, 19 %, 7 %, 1729 MiB, 23028 MiB
2026/02/25 17:34:36.971, 3, NVIDIA A10G, 0 %, 0 %, 0 MiB, 23028 MiB
2026/02/25 17:34:37.971, 0, NVIDIA A10G, 17 %, 5 %, 2161 MiB, 23028 MiB
2026/02/25 17:34:37.971, 1, NVIDIA A10G, 4 %, 1 %, 2007 MiB, 23028 MiB
2026/02/25 17:34:37.971, 2, NVIDIA A10G, 20 %, 7 %, 1729 MiB, 23028 MiB
2026/02/25 17:34:37.972, 3, NVIDIA A10G, 0 %, 0 %, 0 MiB, 23028 MiB
2026/02/25 17:34:38.972, 0, NVIDIA A10G, 19 %, 7 %, 2161 MiB, 23028 MiB
2026/02/25 17:34:38.972, 1, NVIDIA A10G, 22 %, 7 %, 2007 MiB, 23028 MiB
2026/02/25 17:34:38.972, 2, NVIDIA A10G, 19 %, 7 %, 1729 MiB, 23028 MiB
2026/02/25 17:34:38.972, 3, NVIDIA A10G, 0 %, 0 %, 0 MiB, 23028 MiB
2026/02/25 17:34:39.972, 0, NVIDIA A10G, 19 %, 7 %, 2161 MiB, 23028 MiB
2026/02/25 17:34:39.972, 1, NVIDIA A10G, 21 %, 7 %, 2007 MiB, 23028 MiB
2026/02/25 17:34:39.972, 2, NVIDIA A10G, 20 %, 7 %, 1729 MiB, 23028 MiB
2026/02/25 17:34:39.972, 3, NVIDIA A10G, 0 %, 0 %, 0 MiB, 23028 MiB
2026/02/25 17:34:40.972, 0, NVIDIA A10G, 21 %, 7 %, 2161 MiB, 23028 MiB
2026/02/25 17:34:40.973, 1, NVIDIA A10G, 21 %, 8 %, 2007 MiB, 23028 MiB
2026/02/25 17:34:40.973, 2, NVIDIA A10G, 20 %, 7 %, 1729 MiB, 23028 MiB
2026/02/25 17:34:40.973, 3, NVIDIA A10G, 0 %, 0 %, 0 MiB, 23028 MiB
2026/02/25 17:34:41.973, 0, NVIDIA A10G, 19 %, 6 %, 2161 MiB, 23028 MiB
2026/02/25 17:34:41.973, 1, NVIDIA A10G, 0 %, 0 %, 2007 MiB, 23028 MiB
2026/02/25 17:34:41.973, 2, NVIDIA A10G, 21 %, 8 %, 1729 MiB, 23028 MiB
2026/02/25 17:34:41.973, 3, NVIDIA A10G, 0 %, 0 %, 0 MiB, 23028 MiB
2026/02/25 17:34:42.973, 0, NVIDIA A10G, 0 %, 0 %, 2161 MiB, 23028 MiB
2026/02/25 17:34:42.973, 1, NVIDIA A10G, 0 %, 0 %, 2007 MiB, 23028 MiB
2026/02/25 17:34:42.973, 2, NVIDIA A10G, 21 %, 7 %, 1729 MiB, 23028 MiB
2026/02/25 17:34:42.973, 3, NVIDIA A10G, 0 %, 0 %, 0 MiB, 23028 MiB
2026/02/25 17:34:43.974, 0, NVIDIA A10G, 0 %, 0 %, 2161 MiB, 23028 MiB
2026/02/25 17:34:43.974, 1, NVIDIA A10G, 0 %, 0 %, 2007 MiB, 23028 MiB
2026/02/25 17:34:43.974, 2, NVIDIA A10G, 20 %, 7 %, 1729 MiB, 23028 MiB
2026/02/25 17:34:43.974, 3, NVIDIA A10G, 0 %, 0 %, 0 MiB, 23028 MiB
2026/02/25 17:34:44.974, 0, NVIDIA A10G, 0 %, 0 %, 2161 MiB, 23028 MiB
2026/02/25 17:34:44.974, 1, NVIDIA A10G, 0 %, 0 %, 2007 MiB, 23028 MiB
2026/02/25 17:34:44.974, 2, NVIDIA A10G, 22 %, 8 %, 1729 MiB, 23028 MiB
2026/02/25 17:34:44.974, 3, NVIDIA A10G, 0 %, 0 %, 0 MiB, 23028 MiB
2026/02/25 17:34:45.974, 0, NVIDIA A10G, 0 %, 0 %, 2161 MiB, 23028 MiB
2026/02/25 17:34:45.974, 1, NVIDIA A10G, 0 %, 0 %, 2007 MiB, 23028 MiB
2026/02/25 17:34:45.974, 2, NVIDIA A10G, 21 %, 7 %, 1729 MiB, 23028 MiB
2026/02/25 17:34:45.974, 3, NVIDIA A10G, 0 %, 0 %, 0 MiB, 23028 MiB
2026/02/25 17:34:46.975, 0, NVIDIA A10G, 0 %, 0 %, 2161 MiB, 23028 MiB
2026/02/25 17:34:46.975, 1, NVIDIA A10G, 0 %, 0 %, 2007 MiB, 23028 MiB
2026/02/25 17:34:46.975, 2, NVIDIA A10G, 22 %, 8 %, 1729 MiB, 23028 MiB
2026/02/25 17:34:46.975, 3, NVIDIA A10G, 0 %, 0 %, 0 MiB, 23028 MiB
2026/02/25 17:34:47.975, 0, NVIDIA A10G, 62 %, 40 %, 2161 MiB, 23028 MiB
2026/02/25 17:34:47.975, 1, NVIDIA A10G, 0 %, 0 %, 2007 MiB, 23028 MiB
2026/02/25 17:34:47.975, 2, NVIDIA A10G, 0 %, 0 %, 1729 MiB, 23028 MiB
2026/02/25 17:34:47.975, 3, NVIDIA A10G, 0 %, 0 %, 0 MiB, 23028 MiB
2026/02/25 17:34:48.976, 0, NVIDIA A10G, 23 %, 8 %, 2161 MiB, 23028 MiB
2026/02/25 17:34:48.976, 1, NVIDIA A10G, 0 %, 0 %, 2007 MiB, 23028 MiB
2026/02/25 17:34:48.976, 2, NVIDIA A10G, 0 %, 0 %, 1729 MiB, 23028 MiB
2026/02/25 17:34:48.976, 3, NVIDIA A10G, 0 %, 0 %, 0 MiB, 23028 MiB
2026/02/25 17:34:49.976, 0, NVIDIA A10G, 24 %, 8 %, 2161 MiB, 23028 MiB
2026/02/25 17:34:49.976, 1, NVIDIA A10G, 0 %, 0 %, 2007 MiB, 23028 MiB
2026/02/25 17:34:49.976, 2, NVIDIA A10G, 0 %, 0 %, 1729 MiB, 23028 MiB
2026/02/25 17:34:49.976, 3, NVIDIA A10G, 0 %, 0 %, 0 MiB, 23028 MiB
2026/02/25 17:34:50.976, 0, NVIDIA A10G, 19 %, 6 %, 2161 MiB, 23028 MiB
2026/02/25 17:34:50.976, 1, NVIDIA A10G, 18 %, 6 %, 2007 MiB, 23028 MiB
2026/02/25 17:34:50.976, 2, NVIDIA A10G, 0 %, 0 %, 1729 MiB, 23028 MiB
2026/02/25 17:34:50.977, 3, NVIDIA A10G, 0 %, 0 %, 0 MiB, 23028 MiB
2026/02/25 17:34:51.977, 0, NVIDIA A10G, 21 %, 7 %, 2161 MiB, 23028 MiB
2026/02/25 17:34:51.977, 1, NVIDIA A10G, 22 %, 7 %, 2007 MiB, 23028 MiB
2026/02/25 17:34:51.977, 2, NVIDIA A10G, 0 %, 0 %, 1729 MiB, 23028 MiB
2026/02/25 17:34:51.977, 3, NVIDIA A10G, 0 %, 0 %, 0 MiB, 23028 MiB
2026/02/25 17:34:52.977, 0, NVIDIA A10G, 18 %, 6 %, 2161 MiB, 23028 MiB
2026/02/25 17:34:52.977, 1, NVIDIA A10G, 22 %, 7 %, 2007 MiB, 23028 MiB
2026/02/25 17:34:52.977, 2, NVIDIA A10G, 0 %, 0 %, 1729 MiB, 23028 MiB
2026/02/25 17:34:52.977, 3, NVIDIA A10G, 0 %, 0 %, 0 MiB, 23028 MiB
2026/02/25 17:34:53.977, 0, NVIDIA A10G, 22 %, 7 %, 2161 MiB, 23028 MiB
2026/02/25 17:34:53.978, 1, NVIDIA A10G, 21 %, 8 %, 2007 MiB, 23028 MiB
2026/02/25 17:34:53.978, 2, NVIDIA A10G, 0 %, 0 %, 1729 MiB, 23028 MiB
2026/02/25 17:34:53.978, 3, NVIDIA A10G, 0 %, 0 %, 0 MiB, 23028 MiB
2026/02/25 17:34:54.978, 0, NVIDIA A10G, 12 %, 4 %, 2161 MiB, 23028 MiB
2026/02/25 17:34:54.978, 1, NVIDIA A10G, 18 %, 6 %, 2007 MiB, 23028 MiB
2026/02/25 17:34:54.978, 2, NVIDIA A10G, 22 %, 8 %, 1729 MiB, 23028 MiB
2026/02/25 17:34:54.978, 3, NVIDIA A10G, 0 %, 0 %, 0 MiB, 23028 MiB
2026/02/25 17:34:55.978, 0, NVIDIA A10G, 0 %, 0 %, 2161 MiB, 23028 MiB
2026/02/25 17:34:55.978, 1, NVIDIA A10G, 21 %, 7 %, 2007 MiB, 23028 MiB
2026/02/25 17:34:55.978, 2, NVIDIA A10G, 19 %, 6 %, 1729 MiB, 23028 MiB
2026/02/25 17:34:55.978, 3, NVIDIA A10G, 0 %, 0 %, 0 MiB, 23028 MiB
2026/02/25 17:34:56.979, 0, NVIDIA A10G, 0 %, 0 %, 2161 MiB, 23028 MiB
2026/02/25 17:34:56.979, 1, NVIDIA A10G, 21 %, 7 %, 2007 MiB, 23028 MiB
2026/02/25 17:34:56.979, 2, NVIDIA A10G, 21 %, 8 %, 1729 MiB, 23028 MiB
2026/02/25 17:34:56.979, 3, NVIDIA A10G, 0 %, 0 %, 0 MiB, 23028 MiB
2026/02/25 17:34:57.979, 0, NVIDIA A10G, 0 %, 0 %, 2161 MiB, 23028 MiB
2026/02/25 17:34:57.979, 1, NVIDIA A10G, 23 %, 8 %, 2007 MiB, 23028 MiB
2026/02/25 17:34:57.979, 2, NVIDIA A10G, 23 %, 8 %, 1729 MiB, 23028 MiB
2026/02/25 17:34:57.979, 3, NVIDIA A10G, 0 %, 0 %, 0 MiB, 23028 MiB
2026/02/25 17:34:58.979, 0, NVIDIA A10G, 0 %, 0 %, 2161 MiB, 23028 MiB
2026/02/25 17:34:58.979, 1, NVIDIA A10G, 15 %, 5 %, 2007 MiB, 23028 MiB
2026/02/25 17:34:58.979, 2, NVIDIA A10G, 20 %, 7 %, 1729 MiB, 23028 MiB
2026/02/25 17:34:58.979, 3, NVIDIA A10G, 0 %, 0 %, 0 MiB, 23028 MiB
2026/02/25 17:34:59.980, 0, NVIDIA A10G, 0 %, 0 %, 2161 MiB, 23028 MiB
2026/02/25 17:34:59.980, 1, NVIDIA A10G, 0 %, 0 %, 2007 MiB, 23028 MiB
2026/02/25 17:34:59.980, 2, NVIDIA A10G, 23 %, 8 %, 1729 MiB, 23028 MiB
2026/02/25 17:34:59.980, 3, NVIDIA A10G, 0 %, 0 %, 0 MiB, 23028 MiB
2026/02/25 17:35:00.980, 0, NVIDIA A10G, 0 %, 0 %, 2161 MiB, 23028 MiB
2026/02/25 17:35:00.980, 1, NVIDIA A10G, 0 %, 0 %, 2007 MiB, 23028 MiB
2026/02/25 17:35:00.980, 2, NVIDIA A10G, 12 %, 4 %, 1729 MiB, 23028 MiB
2026/02/25 17:35:00.980, 3, NVIDIA A10G, 0 %, 0 %, 0 MiB, 23028 MiB
2026/02/25 17:35:01.980, 0, NVIDIA A10G, 0 %, 0 %, 2161 MiB, 23028 MiB
2026/02/25 17:35:01.980, 1, NVIDIA A10G, 0 %, 0 %, 2007 MiB, 23028 MiB
2026/02/25 17:35:01.980, 2, NVIDIA A10G, 0 %, 0 %, 1729 MiB, 23028 MiB
2026/02/25 17:35:01.981, 3, NVIDIA A10G, 0 %, 0 %, 0 MiB, 23028 MiB
2026/02/25 17:35:02.981, 0, NVIDIA A10G, 0 %, 0 %, 2161 MiB, 23028 MiB
2026/02/25 17:35:02.981, 1, NVIDIA A10G, 0 %, 0 %, 2007 MiB, 23028 MiB
2026/02/25 17:35:02.981, 2, NVIDIA A10G, 0 %, 0 %, 1729 MiB, 23028 MiB
2026/02/25 17:35:02.981, 3, NVIDIA A10G, 0 %, 0 %, 0 MiB, 23028 MiB
2026/02/25 17:35:03.981, 0, NVIDIA A10G, 0 %, 0 %, 2161 MiB, 23028 MiB
2026/02/25 17:35:03.981, 1, NVIDIA A10G, 0 %, 0 %, 2007 MiB, 23028 MiB
2026/02/25 17:35:03.981, 2, NVIDIA A10G, 0 %, 0 %, 1729 MiB, 23028 MiB
2026/02/25 17:35:03.981, 3, NVIDIA A10G, 0 %, 0 %, 0 MiB, 23028 MiB
2026/02/25 17:35:04.981, 0, NVIDIA A10G, 0 %, 0 %, 2161 MiB, 23028 MiB
2026/02/25 17:35:04.981, 1, NVIDIA A10G, 0 %, 0 %, 2007 MiB, 23028 MiB
2026/02/25 17:35:04.981, 2, NVIDIA A10G, 0 %, 0 %, 1729 MiB, 23028 MiB
2026/02/25 17:35:04.981, 3, NVIDIA A10G, 0 %, 0 %, 0 MiB, 23028 MiB
2026/02/25 17:35:05.982, 0, NVIDIA A10G, 0 %, 0 %, 2161 MiB, 23028 MiB
2026/02/25 17:35:05.982, 1, NVIDIA A10G, 0 %, 0 %, 2007 MiB, 23028 MiB
2026/02/25 17:35:05.982, 2, NVIDIA A10G, 0 %, 0 %, 1729 MiB, 23028 MiB
2026/02/25 17:35:05.982, 3, NVIDIA A10G, 0 %, 0 %, 0 MiB, 23028 MiB
2026/02/25 17:35:06.982, 0, NVIDIA A10G, 23 %, 8 %, 2161 MiB, 23028 MiB
2026/02/25 17:35:06.982, 1, NVIDIA A10G, 1 %, 0 %, 2007 MiB, 23028 MiB
2026/02/25 17:35:06.982, 2, NVIDIA A10G, 0 %, 0 %, 1729 MiB, 23028 MiB
2026/02/25 17:35:06.982, 3, NVIDIA A10G, 0 %, 0 %, 0 MiB, 23028 MiB
2026/02/25 17:35:07.982, 0, NVIDIA A10G, 17 %, 5 %, 2161 MiB, 23028 MiB
2026/02/25 17:35:07.982, 1, NVIDIA A10G, 20 %, 7 %, 2007 MiB, 23028 MiB
2026/02/25 17:35:07.982, 2, NVIDIA A10G, 0 %, 0 %, 1729 MiB, 23028 MiB
2026/02/25 17:35:07.982, 3, NVIDIA A10G, 0 %, 0 %, 0 MiB, 23028 MiB
2026/02/25 17:35:08.982, 0, NVIDIA A10G, 22 %, 8 %, 2161 MiB, 23028 MiB
2026/02/25 17:35:08.983, 1, NVIDIA A10G, 21 %, 7 %, 2007 MiB, 23028 MiB
2026/02/25 17:35:08.983, 2, NVIDIA A10G, 0 %, 0 %, 1729 MiB, 23028 MiB
2026/02/25 17:35:08.983, 3, NVIDIA A10G, 0 %, 0 %, 0 MiB, 23028 MiB
2026/02/25 17:35:09.983, 0, NVIDIA A10G, 22 %, 7 %, 2161 MiB, 23028 MiB
2026/02/25 17:35:09.983, 1, NVIDIA A10G, 16 %, 5 %, 2007 MiB, 23028 MiB
2026/02/25 17:35:09.983, 2, NVIDIA A10G, 0 %, 0 %, 1729 MiB, 23028 MiB
2026/02/25 17:35:09.983, 3, NVIDIA A10G, 0 %, 0 %, 0 MiB, 23028 MiB
2026/02/25 17:35:10.983, 0, NVIDIA A10G, 20 %, 7 %, 2161 MiB, 23028 MiB
2026/02/25 17:35:10.983, 1, NVIDIA A10G, 21 %, 7 %, 2007 MiB, 23028 MiB
2026/02/25 17:35:10.983, 2, NVIDIA A10G, 0 %, 0 %, 1729 MiB, 23028 MiB
2026/02/25 17:35:10.983, 3, NVIDIA A10G, 0 %, 0 %, 0 MiB, 23028 MiB
2026/02/25 17:35:11.984, 0, NVIDIA A10G, 23 %, 8 %, 2161 MiB, 23028 MiB
2026/02/25 17:35:11.984, 1, NVIDIA A10G, 20 %, 7 %, 2007 MiB, 23028 MiB
2026/02/25 17:35:11.984, 2, NVIDIA A10G, 82 %, 52 %, 1729 MiB, 23028 MiB
2026/02/25 17:35:11.984, 3, NVIDIA A10G, 0 %, 0 %, 0 MiB, 23028 MiB
2026/02/25 17:35:12.984, 0, NVIDIA A10G, 19 %, 6 %, 2161 MiB, 23028 MiB
2026/02/25 17:35:12.984, 1, NVIDIA A10G, 19 %, 6 %, 2007 MiB, 23028 MiB
2026/02/25 17:35:12.984, 2, NVIDIA A10G, 20 %, 7 %, 1729 MiB, 23028 MiB
2026/02/25 17:35:12.984, 3, NVIDIA A10G, 0 %, 0 %, 0 MiB, 23028 MiB
2026/02/25 17:35:13.984, 0, NVIDIA A10G, 18 %, 6 %, 2161 MiB, 23028 MiB
2026/02/25 17:35:13.985, 1, NVIDIA A10G, 19 %, 6 %, 2007 MiB, 23028 MiB
2026/02/25 17:35:13.985, 2, NVIDIA A10G, 19 %, 7 %, 1729 MiB, 23028 MiB
2026/02/25 17:35:13.985, 3, NVIDIA A10G, 0 %, 0 %, 0 MiB, 23028 MiB
2026/02/25 17:35:14.985, 0, NVIDIA A10G, 19 %, 7 %, 2161 MiB, 23028 MiB
2026/02/25 17:35:14.985, 1, NVIDIA A10G, 21 %, 7 %, 2007 MiB, 23028 MiB
2026/02/25 17:35:14.985, 2, NVIDIA A10G, 18 %, 6 %, 1729 MiB, 23028 MiB
2026/02/25 17:35:14.985, 3, NVIDIA A10G, 0 %, 0 %, 0 MiB, 23028 MiB
2026/02/25 17:35:15.985, 0, NVIDIA A10G, 20 %, 7 %, 2161 MiB, 23028 MiB
2026/02/25 17:35:15.985, 1, NVIDIA A10G, 0 %, 0 %, 2007 MiB, 23028 MiB
2026/02/25 17:35:15.985, 2, NVIDIA A10G, 23 %, 9 %, 1729 MiB, 23028 MiB
2026/02/25 17:35:15.986, 3, NVIDIA A10G, 0 %, 0 %, 0 MiB, 23028 MiB
2026/02/25 17:35:16.986, 0, NVIDIA A10G, 21 %, 7 %, 2161 MiB, 23028 MiB
2026/02/25 17:35:16.986, 1, NVIDIA A10G, 0 %, 0 %, 2007 MiB, 23028 MiB
2026/02/25 17:35:16.986, 2, NVIDIA A10G, 20 %, 7 %, 1729 MiB, 23028 MiB
2026/02/25 17:35:16.986, 3, NVIDIA A10G, 0 %, 0 %, 0 MiB, 23028 MiB
2026/02/25 17:35:17.986, 0, NVIDIA A10G, 0 %, 0 %, 2161 MiB, 23028 MiB
2026/02/25 17:35:17.986, 1, NVIDIA A10G, 0 %, 0 %, 2007 MiB, 23028 MiB
2026/02/25 17:35:17.986, 2, NVIDIA A10G, 22 %, 8 %, 1729 MiB, 23028 MiB
2026/02/25 17:35:17.986, 3, NVIDIA A10G, 0 %, 0 %, 0 MiB, 23028 MiB
2026/02/25 17:35:18.986, 0, NVIDIA A10G, 0 %, 0 %, 2161 MiB, 23028 MiB
2026/02/25 17:35:18.987, 1, NVIDIA A10G, 0 %, 0 %, 2007 MiB, 23028 MiB
2026/02/25 17:35:18.987, 2, NVIDIA A10G, 23 %, 8 %, 1729 MiB, 23028 MiB
2026/02/25 17:35:18.987, 3, NVIDIA A10G, 0 %, 0 %, 0 MiB, 23028 MiB
2026/02/25 17:35:19.987, 0, NVIDIA A10G, 0 %, 0 %, 2161 MiB, 23028 MiB
2026/02/25 17:35:19.987, 1, NVIDIA A10G, 0 %, 0 %, 2007 MiB, 23028 MiB
2026/02/25 17:35:19.987, 2, NVIDIA A10G, 23 %, 7 %, 1729 MiB, 23028 MiB
2026/02/25 17:35:19.987, 3, NVIDIA A10G, 0 %, 0 %, 0 MiB, 23028 MiB
2026/02/25 17:35:20.987, 0, NVIDIA A10G, 0 %, 0 %, 2161 MiB, 23028 MiB
2026/02/25 17:35:20.987, 1, NVIDIA A10G, 0 %, 0 %, 2007 MiB, 23028 MiB
2026/02/25 17:35:20.987, 2, NVIDIA A10G, 23 %, 8 %, 1729 MiB, 23028 MiB
2026/02/25 17:35:20.988, 3, NVIDIA A10G, 0 %, 0 %, 0 MiB, 23028 MiB
2026/02/25 17:35:21.988, 0, NVIDIA A10G, 0 %, 0 %, 2161 MiB, 23028 MiB
2026/02/25 17:35:21.988, 1, NVIDIA A10G, 0 %, 0 %, 2007 MiB, 23028 MiB
2026/02/25 17:35:21.988, 2, NVIDIA A10G, 20 %, 7 %, 1729 MiB, 23028 MiB
2026/02/25 17:35:21.988, 3, NVIDIA A10G, 0 %, 0 %, 0 MiB, 23028 MiB
2026/02/25 17:35:22.988, 0, NVIDIA A10G, 0 %, 0 %, 2161 MiB, 23028 MiB
2026/02/25 17:35:22.988, 1, NVIDIA A10G, 0 %, 0 %, 2007 MiB, 23028 MiB
2026/02/25 17:35:22.988, 2, NVIDIA A10G, 23 %, 8 %, 1729 MiB, 23028 MiB
2026/02/25 17:35:22.988, 3, NVIDIA A10G, 0 %, 0 %, 0 MiB, 23028 MiB
2026/02/25 17:35:23.989, 0, NVIDIA A10G, 0 %, 0 %, 2161 MiB, 23028 MiB
2026/02/25 17:35:23.989, 1, NVIDIA A10G, 100 %, 70 %, 2007 MiB, 23028 MiB
2026/02/25 17:35:23.989, 2, NVIDIA A10G, 0 %, 0 %, 1729 MiB, 23028 MiB
2026/02/25 17:35:23.989, 3, NVIDIA A10G, 0 %, 0 %, 0 MiB, 23028 MiB
2026/02/25 17:35:24.989, 0, NVIDIA A10G, 0 %, 0 %, 2161 MiB, 23028 MiB
2026/02/25 17:35:24.989, 1, NVIDIA A10G, 23 %, 8 %, 2007 MiB, 23028 MiB
2026/02/25 17:35:24.989, 2, NVIDIA A10G, 0 %, 0 %, 1729 MiB, 23028 MiB
2026/02/25 17:35:24.989, 3, NVIDIA A10G, 0 %, 0 %, 0 MiB, 23028 MiB
2026/02/25 17:35:25.989, 0, NVIDIA A10G, 0 %, 0 %, 2161 MiB, 23028 MiB
2026/02/25 17:35:25.989, 1, NVIDIA A10G, 19 %, 7 %, 2007 MiB, 23028 MiB
2026/02/25 17:35:25.990, 2, NVIDIA A10G, 0 %, 0 %, 1729 MiB, 23028 MiB
2026/02/25 17:35:25.990, 3, NVIDIA A10G, 0 %, 0 %, 0 MiB, 23028 MiB
2026/02/25 17:35:26.990, 0, NVIDIA A10G, 0 %, 0 %, 2161 MiB, 23028 MiB
2026/02/25 17:35:26.990, 1, NVIDIA A10G, 20 %, 7 %, 2007 MiB, 23028 MiB
2026/02/25 17:35:26.990, 2, NVIDIA A10G, 0 %, 0 %, 1729 MiB, 23028 MiB
2026/02/25 17:35:26.990, 3, NVIDIA A10G, 0 %, 0 %, 0 MiB, 23028 MiB
2026/02/25 17:35:27.990, 0, NVIDIA A10G, 28 %, 18 %, 2161 MiB, 23028 MiB
2026/02/25 17:35:27.990, 1, NVIDIA A10G, 21 %, 7 %, 2007 MiB, 23028 MiB
2026/02/25 17:35:27.990, 2, NVIDIA A10G, 0 %, 0 %, 1729 MiB, 23028 MiB
2026/02/25 17:35:27.990, 3, NVIDIA A10G, 0 %, 0 %, 0 MiB, 23028 MiB
2026/02/25 17:35:28.990, 0, NVIDIA A10G, 21 %, 7 %, 2161 MiB, 23028 MiB
2026/02/25 17:35:28.991, 1, NVIDIA A10G, 20 %, 7 %, 2007 MiB, 23028 MiB
2026/02/25 17:35:28.991, 2, NVIDIA A10G, 0 %, 0 %, 1729 MiB, 23028 MiB
2026/02/25 17:35:28.991, 3, NVIDIA A10G, 0 %, 0 %, 0 MiB, 23028 MiB
2026/02/25 17:35:29.991, 0, NVIDIA A10G, 19 %, 7 %, 2161 MiB, 23028 MiB
2026/02/25 17:35:29.991, 1, NVIDIA A10G, 20 %, 7 %, 2007 MiB, 23028 MiB
2026/02/25 17:35:29.991, 2, NVIDIA A10G, 0 %, 0 %, 1729 MiB, 23028 MiB
2026/02/25 17:35:29.991, 3, NVIDIA A10G, 0 %, 0 %, 0 MiB, 23028 MiB
2026/02/25 17:35:30.991, 0, NVIDIA A10G, 22 %, 7 %, 2161 MiB, 23028 MiB
2026/02/25 17:35:30.991, 1, NVIDIA A10G, 21 %, 7 %, 2007 MiB, 23028 MiB
2026/02/25 17:35:30.991, 2, NVIDIA A10G, 20 %, 7 %, 1729 MiB, 23028 MiB
2026/02/25 17:35:30.992, 3, NVIDIA A10G, 0 %, 0 %, 0 MiB, 23028 MiB
2026/02/25 17:35:31.992, 0, NVIDIA A10G, 23 %, 8 %, 2161 MiB, 23028 MiB
2026/02/25 17:35:31.992, 1, NVIDIA A10G, 21 %, 7 %, 2007 MiB, 23028 MiB
2026/02/25 17:35:31.992, 2, NVIDIA A10G, 20 %, 7 %, 1729 MiB, 23028 MiB
2026/02/25 17:35:31.992, 3, NVIDIA A10G, 0 %, 0 %, 0 MiB, 23028 MiB
2026/02/25 17:35:32.992, 0, NVIDIA A10G, 19 %, 7 %, 2161 MiB, 23028 MiB
2026/02/25 17:35:32.992, 1, NVIDIA A10G, 19 %, 6 %, 2007 MiB, 23028 MiB
2026/02/25 17:35:32.992, 2, NVIDIA A10G, 21 %, 8 %, 1729 MiB, 23028 MiB
2026/02/25 17:35:32.992, 3, NVIDIA A10G, 0 %, 0 %, 0 MiB, 23028 MiB
2026/02/25 17:35:33.993, 0, NVIDIA A10G, 18 %, 6 %, 2161 MiB, 23028 MiB
2026/02/25 17:35:33.993, 1, NVIDIA A10G, 18 %, 6 %, 2007 MiB, 23028 MiB
2026/02/25 17:35:33.993, 2, NVIDIA A10G, 20 %, 6 %, 1729 MiB, 23028 MiB
2026/02/25 17:35:33.993, 3, NVIDIA A10G, 0 %, 0 %, 0 MiB, 23028 MiB
2026/02/25 17:35:34.993, 0, NVIDIA A10G, 23 %, 8 %, 2161 MiB, 23028 MiB
2026/02/25 17:35:34.993, 1, NVIDIA A10G, 0 %, 0 %, 2007 MiB, 23028 MiB
2026/02/25 17:35:34.993, 2, NVIDIA A10G, 19 %, 7 %, 1729 MiB, 23028 MiB
2026/02/25 17:35:34.993, 3, NVIDIA A10G, 0 %, 0 %, 0 MiB, 23028 MiB
2026/02/25 17:35:35.993, 0, NVIDIA A10G, 23 %, 9 %, 2161 MiB, 23028 MiB
2026/02/25 17:35:35.993, 1, NVIDIA A10G, 0 %, 0 %, 2007 MiB, 23028 MiB
2026/02/25 17:35:35.993, 2, NVIDIA A10G, 21 %, 7 %, 1729 MiB, 23028 MiB
2026/02/25 17:35:35.994, 3, NVIDIA A10G, 0 %, 0 %, 0 MiB, 23028 MiB
2026/02/25 17:35:36.994, 0, NVIDIA A10G, 21 %, 8 %, 2161 MiB, 23028 MiB
2026/02/25 17:35:36.994, 1, NVIDIA A10G, 0 %, 0 %, 2007 MiB, 23028 MiB
2026/02/25 17:35:36.994, 2, NVIDIA A10G, 20 %, 7 %, 1729 MiB, 23028 MiB
2026/02/25 17:35:36.994, 3, NVIDIA A10G, 0 %, 0 %, 0 MiB, 23028 MiB
2026/02/25 17:35:37.994, 0, NVIDIA A10G, 24 %, 10 %, 2161 MiB, 23028 MiB
2026/02/25 17:35:37.994, 1, NVIDIA A10G, 0 %, 0 %, 2007 MiB, 23028 MiB
2026/02/25 17:35:37.994, 2, NVIDIA A10G, 11 %, 4 %, 1729 MiB, 23028 MiB
2026/02/25 17:35:37.994, 3, NVIDIA A10G, 0 %, 0 %, 0 MiB, 23028 MiB
2026/02/25 17:35:38.994, 0, NVIDIA A10G, 22 %, 7 %, 2161 MiB, 23028 MiB
2026/02/25 17:35:38.994, 1, NVIDIA A10G, 0 %, 0 %, 2007 MiB, 23028 MiB
2026/02/25 17:35:38.995, 2, NVIDIA A10G, 0 %, 0 %, 1729 MiB, 23028 MiB
2026/02/25 17:35:38.995, 3, NVIDIA A10G, 0 %, 0 %, 0 MiB, 23028 MiB
2026/02/25 17:35:39.995, 0, NVIDIA A10G, 0 %, 0 %, 2161 MiB, 23028 MiB
2026/02/25 17:35:39.995, 1, NVIDIA A10G, 0 %, 0 %, 2007 MiB, 23028 MiB
2026/02/25 17:35:39.995, 2, NVIDIA A10G, 0 %, 0 %, 1729 MiB, 23028 MiB
2026/02/25 17:35:39.995, 3, NVIDIA A10G, 0 %, 0 %, 0 MiB, 23028 MiB
2026/02/25 17:35:40.995, 0, NVIDIA A10G, 23 %, 9 %, 2161 MiB, 23028 MiB
2026/02/25 17:35:40.995, 1, NVIDIA A10G, 1 %, 0 %, 2007 MiB, 23028 MiB
2026/02/25 17:35:40.995, 2, NVIDIA A10G, 0 %, 0 %, 1729 MiB, 23028 MiB
2026/02/25 17:35:40.995, 3, NVIDIA A10G, 0 %, 0 %, 0 MiB, 23028 MiB
2026/02/25 17:35:41.995, 0, NVIDIA A10G, 0 %, 0 %, 2161 MiB, 23028 MiB
2026/02/25 17:35:41.995, 1, NVIDIA A10G, 20 %, 7 %, 2007 MiB, 23028 MiB
2026/02/25 17:35:41.996, 2, NVIDIA A10G, 0 %, 0 %, 1729 MiB, 23028 MiB
2026/02/25 17:35:41.996, 3, NVIDIA A10G, 0 %, 0 %, 0 MiB, 23028 MiB
2026/02/25 17:35:42.996, 0, NVIDIA A10G, 0 %, 0 %, 2161 MiB, 23028 MiB
2026/02/25 17:35:42.996, 1, NVIDIA A10G, 17 %, 6 %, 2007 MiB, 23028 MiB
2026/02/25 17:35:42.996, 2, NVIDIA A10G, 0 %, 0 %, 1729 MiB, 23028 MiB
2026/02/25 17:35:42.996, 3, NVIDIA A10G, 0 %, 0 %, 0 MiB, 23028 MiB
2026/02/25 17:35:43.996, 0, NVIDIA A10G, 0 %, 0 %, 2161 MiB, 23028 MiB
2026/02/25 17:35:43.996, 1, NVIDIA A10G, 21 %, 7 %, 2007 MiB, 23028 MiB
2026/02/25 17:35:43.996, 2, NVIDIA A10G, 0 %, 0 %, 1729 MiB, 23028 MiB
2026/02/25 17:35:43.996, 3, NVIDIA A10G, 0 %, 0 %, 0 MiB, 23028 MiB
2026/02/25 17:35:44.996, 0, NVIDIA A10G, 0 %, 0 %, 2161 MiB, 23028 MiB
2026/02/25 17:35:44.997, 1, NVIDIA A10G, 21 %, 7 %, 2007 MiB, 23028 MiB
2026/02/25 17:35:44.997, 2, NVIDIA A10G, 0 %, 0 %, 1729 MiB, 23028 MiB
2026/02/25 17:35:44.997, 3, NVIDIA A10G, 0 %, 0 %, 0 MiB, 23028 MiB
2026/02/25 17:35:45.997, 0, NVIDIA A10G, 0 %, 0 %, 2161 MiB, 23028 MiB
2026/02/25 17:35:45.997, 1, NVIDIA A10G, 21 %, 7 %, 2007 MiB, 23028 MiB
2026/02/25 17:35:45.997, 2, NVIDIA A10G, 0 %, 0 %, 1729 MiB, 23028 MiB
2026/02/25 17:35:45.997, 3, NVIDIA A10G, 0 %, 0 %, 0 MiB, 23028 MiB
2026/02/25 17:35:46.997, 0, NVIDIA A10G, 0 %, 0 %, 2161 MiB, 23028 MiB
2026/02/25 17:35:46.997, 1, NVIDIA A10G, 22 %, 7 %, 2007 MiB, 23028 MiB
2026/02/25 17:35:46.997, 2, NVIDIA A10G, 0 %, 0 %, 1729 MiB, 23028 MiB
2026/02/25 17:35:46.997, 3, NVIDIA A10G, 0 %, 0 %, 0 MiB, 23028 MiB
2026/02/25 17:35:47.998, 0, NVIDIA A10G, 0 %, 0 %, 2161 MiB, 23028 MiB
2026/02/25 17:35:47.998, 1, NVIDIA A10G, 6 %, 2 %, 2007 MiB, 23028 MiB
2026/02/25 17:35:47.998, 2, NVIDIA A10G, 0 %, 0 %, 1729 MiB, 23028 MiB
2026/02/25 17:35:47.998, 3, NVIDIA A10G, 0 %, 0 %, 0 MiB, 23028 MiB
2026/02/25 17:35:48.998, 0, NVIDIA A10G, 0 %, 0 %, 2161 MiB, 23028 MiB
2026/02/25 17:35:48.998, 1, NVIDIA A10G, 0 %, 0 %, 2007 MiB, 23028 MiB
2026/02/25 17:35:48.998, 2, NVIDIA A10G, 0 %, 0 %, 1729 MiB, 23028 MiB
2026/02/25 17:35:48.998, 3, NVIDIA A10G, 0 %, 0 %, 0 MiB, 23028 MiB
2026/02/25 17:35:49.998, 0, NVIDIA A10G, 0 %, 0 %, 2161 MiB, 23028 MiB
2026/02/25 17:35:49.998, 1, NVIDIA A10G, 0 %, 0 %, 2007 MiB, 23028 MiB
2026/02/25 17:35:49.999, 2, NVIDIA A10G, 23 %, 8 %, 1729 MiB, 23028 MiB
2026/02/25 17:35:49.999, 3, NVIDIA A10G, 0 %, 0 %, 0 MiB, 23028 MiB
2026/02/25 17:35:50.999, 0, NVIDIA A10G, 0 %, 0 %, 2161 MiB, 23028 MiB
2026/02/25 17:35:50.999, 1, NVIDIA A10G, 0 %, 0 %, 2007 MiB, 23028 MiB
2026/02/25 17:35:50.999, 2, NVIDIA A10G, 21 %, 7 %, 1729 MiB, 23028 MiB
2026/02/25 17:35:50.999, 3, NVIDIA A10G, 0 %, 0 %, 0 MiB, 23028 MiB
2026/02/25 17:35:51.999, 0, NVIDIA A10G, 20 %, 7 %, 2161 MiB, 23028 MiB
2026/02/25 17:35:51.999, 1, NVIDIA A10G, 0 %, 0 %, 2007 MiB, 23028 MiB
2026/02/25 17:35:51.999, 2, NVIDIA A10G, 18 %, 6 %, 1729 MiB, 23028 MiB
2026/02/25 17:35:51.999, 3, NVIDIA A10G, 0 %, 0 %, 0 MiB, 23028 MiB
2026/02/25 17:35:53.000, 0, NVIDIA A10G, 23 %, 8 %, 2161 MiB, 23028 MiB
2026/02/25 17:35:53.000, 1, NVIDIA A10G, 0 %, 0 %, 2007 MiB, 23028 MiB
2026/02/25 17:35:53.000, 2, NVIDIA A10G, 20 %, 7 %, 1729 MiB, 23028 MiB
2026/02/25 17:35:53.000, 3, NVIDIA A10G, 0 %, 0 %, 0 MiB, 23028 MiB
2026/02/25 17:35:54.000, 0, NVIDIA A10G, 21 %, 8 %, 2161 MiB, 23028 MiB
2026/02/25 17:35:54.000, 1, NVIDIA A10G, 0 %, 0 %, 2007 MiB, 23028 MiB
2026/02/25 17:35:54.000, 2, NVIDIA A10G, 20 %, 7 %, 1729 MiB, 23028 MiB
2026/02/25 17:35:54.000, 3, NVIDIA A10G, 0 %, 0 %, 0 MiB, 23028 MiB
2026/02/25 17:35:55.000, 0, NVIDIA A10G, 22 %, 8 %, 2161 MiB, 23028 MiB
2026/02/25 17:35:55.001, 1, NVIDIA A10G, 0 %, 0 %, 2007 MiB, 23028 MiB
2026/02/25 17:35:55.001, 2, NVIDIA A10G, 20 %, 7 %, 1729 MiB, 23028 MiB
2026/02/25 17:35:55.001, 3, NVIDIA A10G, 0 %, 0 %, 0 MiB, 23028 MiB
2026/02/25 17:35:56.001, 0, NVIDIA A10G, 22 %, 8 %, 2161 MiB, 23028 MiB
2026/02/25 17:35:56.001, 1, NVIDIA A10G, 20 %, 7 %, 2007 MiB, 23028 MiB
2026/02/25 17:35:56.001, 2, NVIDIA A10G, 18 %, 7 %, 1729 MiB, 23028 MiB
2026/02/25 17:35:56.001, 3, NVIDIA A10G, 0 %, 0 %, 0 MiB, 23028 MiB
2026/02/25 17:35:57.001, 0, NVIDIA A10G, 22 %, 8 %, 2161 MiB, 23028 MiB
2026/02/25 17:35:57.002, 1, NVIDIA A10G, 21 %, 7 %, 2007 MiB, 23028 MiB
2026/02/25 17:35:57.002, 2, NVIDIA A10G, 20 %, 6 %, 1729 MiB, 23028 MiB
2026/02/25 17:35:57.002, 3, NVIDIA A10G, 0 %, 0 %, 0 MiB, 23028 MiB
2026/02/25 17:35:58.002, 0, NVIDIA A10G, 14 %, 5 %, 2161 MiB, 23028 MiB
2026/02/25 17:35:58.002, 1, NVIDIA A10G, 19 %, 7 %, 2007 MiB, 23028 MiB
2026/02/25 17:35:58.002, 2, NVIDIA A10G, 19 %, 7 %, 1729 MiB, 23028 MiB
2026/02/25 17:35:58.002, 3, NVIDIA A10G, 0 %, 0 %, 0 MiB, 23028 MiB
2026/02/25 17:35:59.002, 0, NVIDIA A10G, 19 %, 7 %, 2161 MiB, 23028 MiB
2026/02/25 17:35:59.002, 1, NVIDIA A10G, 21 %, 7 %, 2007 MiB, 23028 MiB
2026/02/25 17:35:59.003, 2, NVIDIA A10G, 21 %, 7 %, 1729 MiB, 23028 MiB
2026/02/25 17:35:59.003, 3, NVIDIA A10G, 0 %, 0 %, 0 MiB, 23028 MiB
2026/02/25 17:36:00.003, 0, NVIDIA A10G, 21 %, 7 %, 2161 MiB, 23028 MiB
2026/02/25 17:36:00.003, 1, NVIDIA A10G, 19 %, 7 %, 2007 MiB, 23028 MiB
2026/02/25 17:36:00.003, 2, NVIDIA A10G, 20 %, 7 %, 1729 MiB, 23028 MiB
2026/02/25 17:36:00.003, 3, NVIDIA A10G, 0 %, 0 %, 0 MiB, 23028 MiB
2026/02/25 17:36:01.003, 0, NVIDIA A10G, 20 %, 7 %, 2161 MiB, 23028 MiB
2026/02/25 17:36:01.003, 1, NVIDIA A10G, 21 %, 7 %, 2007 MiB, 23028 MiB
2026/02/25 17:36:01.003, 2, NVIDIA A10G, 21 %, 7 %, 1729 MiB, 23028 MiB
2026/02/25 17:36:01.004, 3, NVIDIA A10G, 0 %, 0 %, 0 MiB, 23028 MiB
2026/02/25 17:36:02.004, 0, NVIDIA A10G, 0 %, 0 %, 2161 MiB, 23028 MiB
2026/02/25 17:36:02.004, 1, NVIDIA A10G, 23 %, 8 %, 2007 MiB, 23028 MiB
2026/02/25 17:36:02.004, 2, NVIDIA A10G, 21 %, 7 %, 1729 MiB, 23028 MiB
2026/02/25 17:36:02.004, 3, NVIDIA A10G, 0 %, 0 %, 0 MiB, 23028 MiB
2026/02/25 17:36:03.004, 0, NVIDIA A10G, 0 %, 0 %, 2161 MiB, 23028 MiB
2026/02/25 17:36:03.004, 1, NVIDIA A10G, 0 %, 0 %, 2007 MiB, 23028 MiB
2026/02/25 17:36:03.004, 2, NVIDIA A10G, 0 %, 0 %, 1729 MiB, 23028 MiB
2026/02/25 17:36:03.004, 3, NVIDIA A10G, 0 %, 0 %, 0 MiB, 23028 MiB
2026/02/25 17:36:04.004, 0, NVIDIA A10G, 0 %, 0 %, 2161 MiB, 23028 MiB
2026/02/25 17:36:04.005, 1, NVIDIA A10G, 0 %, 0 %, 2007 MiB, 23028 MiB
2026/02/25 17:36:04.005, 2, NVIDIA A10G, 0 %, 0 %, 1729 MiB, 23028 MiB
2026/02/25 17:36:04.005, 3, NVIDIA A10G, 0 %, 0 %, 0 MiB, 23028 MiB
2026/02/25 17:36:05.005, 0, NVIDIA A10G, 0 %, 0 %, 2161 MiB, 23028 MiB
2026/02/25 17:36:05.005, 1, NVIDIA A10G, 0 %, 0 %, 2007 MiB, 23028 MiB
2026/02/25 17:36:05.005, 2, NVIDIA A10G, 0 %, 0 %, 1729 MiB, 23028 MiB
2026/02/25 17:36:05.005, 3, NVIDIA A10G, 0 %, 0 %, 0 MiB, 23028 MiB
2026/02/25 17:36:06.005, 0, NVIDIA A10G, 0 %, 0 %, 2161 MiB, 23028 MiB
2026/02/25 17:36:06.006, 1, NVIDIA A10G, 0 %, 0 %, 2007 MiB, 23028 MiB
2026/02/25 17:36:06.006, 2, NVIDIA A10G, 0 %, 0 %, 1729 MiB, 23028 MiB
2026/02/25 17:36:06.006, 3, NVIDIA A10G, 0 %, 0 %, 0 MiB, 23028 MiB
2026/02/25 17:36:07.006, 0, NVIDIA A10G, 0 %, 0 %, 2161 MiB, 23028 MiB
2026/02/25 17:36:07.006, 1, NVIDIA A10G, 0 %, 0 %, 2007 MiB, 23028 MiB
2026/02/25 17:36:07.007, 2, NVIDIA A10G, 0 %, 0 %, 1729 MiB, 23028 MiB
2026/02/25 17:36:07.007, 3, NVIDIA A10G, 0 %, 0 %, 0 MiB, 23028 MiB
2026/02/25 17:36:08.007, 0, NVIDIA A10G, 0 %, 0 %, 2161 MiB, 23028 MiB
2026/02/25 17:36:08.007, 1, NVIDIA A10G, 0 %, 0 %, 2007 MiB, 23028 MiB
2026/02/25 17:36:08.007, 2, NVIDIA A10G, 87 %, 58 %, 1729 MiB, 23028 MiB
2026/02/25 17:36:08.007, 3, NVIDIA A10G, 0 %, 0 %, 0 MiB, 23028 MiB
2026/02/25 17:36:09.007, 0, NVIDIA A10G, 80 %, 53 %, 2161 MiB, 23028 MiB
2026/02/25 17:36:09.007, 1, NVIDIA A10G, 0 %, 0 %, 2007 MiB, 23028 MiB
2026/02/25 17:36:09.007, 2, NVIDIA A10G, 19 %, 6 %, 1729 MiB, 23028 MiB
2026/02/25 17:36:09.007, 3, NVIDIA A10G, 0 %, 0 %, 0 MiB, 23028 MiB
2026/02/25 17:36:10.007, 0, NVIDIA A10G, 22 %, 8 %, 2161 MiB, 23028 MiB
2026/02/25 17:36:10.007, 1, NVIDIA A10G, 0 %, 0 %, 2007 MiB, 23028 MiB
2026/02/25 17:36:10.007, 2, NVIDIA A10G, 21 %, 8 %, 1729 MiB, 23028 MiB
2026/02/25 17:36:10.008, 3, NVIDIA A10G, 0 %, 0 %, 0 MiB, 23028 MiB
2026/02/25 17:36:11.008, 0, NVIDIA A10G, 21 %, 8 %, 2161 MiB, 23028 MiB
2026/02/25 17:36:11.008, 1, NVIDIA A10G, 0 %, 0 %, 2007 MiB, 23028 MiB
2026/02/25 17:36:11.008, 2, NVIDIA A10G, 21 %, 8 %, 1729 MiB, 23028 MiB
2026/02/25 17:36:11.008, 3, NVIDIA A10G, 0 %, 0 %, 0 MiB, 23028 MiB
2026/02/25 17:36:12.008, 0, NVIDIA A10G, 18 %, 6 %, 2161 MiB, 23028 MiB
2026/02/25 17:36:12.008, 1, NVIDIA A10G, 0 %, 0 %, 2007 MiB, 23028 MiB
2026/02/25 17:36:12.008, 2, NVIDIA A10G, 20 %, 7 %, 1729 MiB, 23028 MiB
2026/02/25 17:36:12.008, 3, NVIDIA A10G, 0 %, 0 %, 0 MiB, 23028 MiB
2026/02/25 17:36:13.008, 0, NVIDIA A10G, 19 %, 6 %, 2161 MiB, 23028 MiB
2026/02/25 17:36:13.008, 1, NVIDIA A10G, 20 %, 7 %, 2007 MiB, 23028 MiB
2026/02/25 17:36:13.009, 2, NVIDIA A10G, 21 %, 7 %, 1729 MiB, 23028 MiB
2026/02/25 17:36:13.009, 3, NVIDIA A10G, 0 %, 0 %, 0 MiB, 23028 MiB
2026/02/25 17:36:14.009, 0, NVIDIA A10G, 20 %, 7 %, 2161 MiB, 23028 MiB
2026/02/25 17:36:14.009, 1, NVIDIA A10G, 20 %, 7 %, 2007 MiB, 23028 MiB
2026/02/25 17:36:14.009, 2, NVIDIA A10G, 20 %, 7 %, 1729 MiB, 23028 MiB
2026/02/25 17:36:14.009, 3, NVIDIA A10G, 0 %, 0 %, 0 MiB, 23028 MiB
2026/02/25 17:36:15.009, 0, NVIDIA A10G, 19 %, 6 %, 2161 MiB, 23028 MiB
2026/02/25 17:36:15.009, 1, NVIDIA A10G, 21 %, 7 %, 2007 MiB, 23028 MiB
2026/02/25 17:36:15.009, 2, NVIDIA A10G, 13 %, 4 %, 1729 MiB, 23028 MiB
2026/02/25 17:36:15.009, 3, NVIDIA A10G, 0 %, 0 %, 0 MiB, 23028 MiB
2026/02/25 17:36:16.009, 0, NVIDIA A10G, 21 %, 7 %, 2161 MiB, 23028 MiB
2026/02/25 17:36:16.010, 1, NVIDIA A10G, 22 %, 8 %, 2007 MiB, 23028 MiB
2026/02/25 17:36:16.010, 2, NVIDIA A10G, 0 %, 0 %, 1729 MiB, 23028 MiB
2026/02/25 17:36:16.010, 3, NVIDIA A10G, 0 %, 0 %, 0 MiB, 23028 MiB
2026/02/25 17:36:17.010, 0, NVIDIA A10G, 21 %, 7 %, 2161 MiB, 23028 MiB
2026/02/25 17:36:17.010, 1, NVIDIA A10G, 19 %, 7 %, 2007 MiB, 23028 MiB
2026/02/25 17:36:17.010, 2, NVIDIA A10G, 0 %, 0 %, 1729 MiB, 23028 MiB
2026/02/25 17:36:17.010, 3, NVIDIA A10G, 0 %, 0 %, 0 MiB, 23028 MiB
2026/02/25 17:36:18.010, 0, NVIDIA A10G, 22 %, 7 %, 2161 MiB, 23028 MiB
2026/02/25 17:36:18.010, 1, NVIDIA A10G, 22 %, 8 %, 2007 MiB, 23028 MiB
2026/02/25 17:36:18.010, 2, NVIDIA A10G, 0 %, 0 %, 1729 MiB, 23028 MiB
2026/02/25 17:36:18.010, 3, NVIDIA A10G, 0 %, 0 %, 0 MiB, 23028 MiB
2026/02/25 17:36:19.011, 0, NVIDIA A10G, 18 %, 6 %, 2161 MiB, 23028 MiB
2026/02/25 17:36:19.011, 1, NVIDIA A10G, 20 %, 7 %, 2007 MiB, 23028 MiB
2026/02/25 17:36:19.011, 2, NVIDIA A10G, 0 %, 0 %, 1729 MiB, 23028 MiB
2026/02/25 17:36:19.011, 3, NVIDIA A10G, 0 %, 0 %, 0 MiB, 23028 MiB
2026/02/25 17:36:20.011, 0, NVIDIA A10G, 0 %, 0 %, 2161 MiB, 23028 MiB
2026/02/25 17:36:20.011, 1, NVIDIA A10G, 17 %, 6 %, 2007 MiB, 23028 MiB
2026/02/25 17:36:20.011, 2, NVIDIA A10G, 18 %, 6 %, 1729 MiB, 23028 MiB
2026/02/25 17:36:20.011, 3, NVIDIA A10G, 0 %, 0 %, 0 MiB, 23028 MiB
2026/02/25 17:36:21.011, 0, NVIDIA A10G, 0 %, 0 %, 2161 MiB, 23028 MiB
2026/02/25 17:36:21.011, 1, NVIDIA A10G, 24 %, 8 %, 2007 MiB, 23028 MiB
2026/02/25 17:36:21.011, 2, NVIDIA A10G, 21 %, 8 %, 1729 MiB, 23028 MiB
2026/02/25 17:36:21.011, 3, NVIDIA A10G, 0 %, 0 %, 0 MiB, 23028 MiB
2026/02/25 17:36:22.012, 0, NVIDIA A10G, 0 %, 0 %, 2161 MiB, 23028 MiB
2026/02/25 17:36:22.012, 1, NVIDIA A10G, 1 %, 0 %, 2007 MiB, 23028 MiB
2026/02/25 17:36:22.012, 2, NVIDIA A10G, 22 %, 8 %, 1729 MiB, 23028 MiB
2026/02/25 17:36:22.012, 3, NVIDIA A10G, 0 %, 0 %, 0 MiB, 23028 MiB
2026/02/25 17:36:23.012, 0, NVIDIA A10G, 0 %, 0 %, 2161 MiB, 23028 MiB
2026/02/25 17:36:23.012, 1, NVIDIA A10G, 0 %, 0 %, 2007 MiB, 23028 MiB
2026/02/25 17:36:23.012, 2, NVIDIA A10G, 23 %, 8 %, 1729 MiB, 23028 MiB
2026/02/25 17:36:23.012, 3, NVIDIA A10G, 0 %, 0 %, 0 MiB, 23028 MiB
2026/02/25 17:36:24.012, 0, NVIDIA A10G, 0 %, 0 %, 2161 MiB, 23028 MiB
2026/02/25 17:36:24.012, 1, NVIDIA A10G, 0 %, 0 %, 2007 MiB, 23028 MiB
2026/02/25 17:36:24.012, 2, NVIDIA A10G, 23 %, 8 %, 1729 MiB, 23028 MiB
2026/02/25 17:36:24.012, 3, NVIDIA A10G, 0 %, 0 %, 0 MiB, 23028 MiB
2026/02/25 17:36:25.013, 0, NVIDIA A10G, 0 %, 0 %, 2161 MiB, 23028 MiB
2026/02/25 17:36:25.013, 1, NVIDIA A10G, 0 %, 0 %, 2007 MiB, 23028 MiB
2026/02/25 17:36:25.013, 2, NVIDIA A10G, 0 %, 0 %, 1729 MiB, 23028 MiB
2026/02/25 17:36:25.013, 3, NVIDIA A10G, 0 %, 0 %, 0 MiB, 23028 MiB
2026/02/25 17:36:26.013, 0, NVIDIA A10G, 21 %, 6 %, 2161 MiB, 23028 MiB
2026/02/25 17:36:26.013, 1, NVIDIA A10G, 0 %, 0 %, 2007 MiB, 23028 MiB
2026/02/25 17:36:26.013, 2, NVIDIA A10G, 0 %, 0 %, 1729 MiB, 23028 MiB
2026/02/25 17:36:26.013, 3, NVIDIA A10G, 0 %, 0 %, 0 MiB, 23028 MiB
2026/02/25 17:36:27.013, 0, NVIDIA A10G, 23 %, 8 %, 2161 MiB, 23028 MiB
2026/02/25 17:36:27.013, 1, NVIDIA A10G, 0 %, 0 %, 2007 MiB, 23028 MiB
2026/02/25 17:36:27.014, 2, NVIDIA A10G, 0 %, 0 %, 1729 MiB, 23028 MiB
2026/02/25 17:36:27.014, 3, NVIDIA A10G, 0 %, 0 %, 0 MiB, 23028 MiB
2026/02/25 17:36:28.014, 0, NVIDIA A10G, 21 %, 7 %, 2161 MiB, 23028 MiB
2026/02/25 17:36:28.014, 1, NVIDIA A10G, 28 %, 18 %, 2007 MiB, 23028 MiB
2026/02/25 17:36:28.014, 2, NVIDIA A10G, 0 %, 0 %, 1729 MiB, 23028 MiB
2026/02/25 17:36:28.014, 3, NVIDIA A10G, 0 %, 0 %, 0 MiB, 23028 MiB
2026/02/25 17:36:29.014, 0, NVIDIA A10G, 16 %, 5 %, 2161 MiB, 23028 MiB
2026/02/25 17:36:29.014, 1, NVIDIA A10G, 18 %, 5 %, 2007 MiB, 23028 MiB
2026/02/25 17:36:29.014, 2, NVIDIA A10G, 47 %, 30 %, 1729 MiB, 23028 MiB
2026/02/25 17:36:29.014, 3, NVIDIA A10G, 0 %, 0 %, 0 MiB, 23028 MiB
2026/02/25 17:36:30.014, 0, NVIDIA A10G, 21 %, 7 %, 2161 MiB, 23028 MiB
2026/02/25 17:36:30.015, 1, NVIDIA A10G, 19 %, 6 %, 2007 MiB, 23028 MiB
2026/02/25 17:36:30.015, 2, NVIDIA A10G, 18 %, 6 %, 1729 MiB, 23028 MiB
2026/02/25 17:36:30.015, 3, NVIDIA A10G, 0 %, 0 %, 0 MiB, 23028 MiB
2026/02/25 17:36:31.015, 0, NVIDIA A10G, 19 %, 7 %, 2161 MiB, 23028 MiB
2026/02/25 17:36:31.015, 1, NVIDIA A10G, 19 %, 6 %, 2007 MiB, 23028 MiB
2026/02/25 17:36:31.015, 2, NVIDIA A10G, 18 %, 6 %, 1729 MiB, 23028 MiB
2026/02/25 17:36:31.015, 3, NVIDIA A10G, 0 %, 0 %, 0 MiB, 23028 MiB
2026/02/25 17:36:32.015, 0, NVIDIA A10G, 0 %, 0 %, 2161 MiB, 23028 MiB
2026/02/25 17:36:32.016, 1, NVIDIA A10G, 18 %, 6 %, 2007 MiB, 23028 MiB
2026/02/25 17:36:32.016, 2, NVIDIA A10G, 22 %, 7 %, 1729 MiB, 23028 MiB
2026/02/25 17:36:32.016, 3, NVIDIA A10G, 0 %, 0 %, 0 MiB, 23028 MiB
2026/02/25 17:36:33.016, 0, NVIDIA A10G, 0 %, 0 %, 2161 MiB, 23028 MiB
2026/02/25 17:36:33.016, 1, NVIDIA A10G, 21 %, 7 %, 2007 MiB, 23028 MiB
2026/02/25 17:36:33.016, 2, NVIDIA A10G, 23 %, 8 %, 1729 MiB, 23028 MiB
2026/02/25 17:36:33.016, 3, NVIDIA A10G, 0 %, 0 %, 0 MiB, 23028 MiB
2026/02/25 17:36:34.016, 0, NVIDIA A10G, 0 %, 0 %, 2161 MiB, 23028 MiB
2026/02/25 17:36:34.017, 1, NVIDIA A10G, 20 %, 7 %, 2007 MiB, 23028 MiB
2026/02/25 17:36:34.017, 2, NVIDIA A10G, 21 %, 7 %, 1729 MiB, 23028 MiB
2026/02/25 17:36:34.017, 3, NVIDIA A10G, 0 %, 0 %, 0 MiB, 23028 MiB
2026/02/25 17:36:35.017, 0, NVIDIA A10G, 0 %, 0 %, 2161 MiB, 23028 MiB
2026/02/25 17:36:35.017, 1, NVIDIA A10G, 21 %, 7 %, 2007 MiB, 23028 MiB
2026/02/25 17:36:35.017, 2, NVIDIA A10G, 0 %, 0 %, 1729 MiB, 23028 MiB
2026/02/25 17:36:35.017, 3, NVIDIA A10G, 0 %, 0 %, 0 MiB, 23028 MiB
2026/02/25 17:36:36.017, 0, NVIDIA A10G, 0 %, 0 %, 2161 MiB, 23028 MiB
2026/02/25 17:36:36.018, 1, NVIDIA A10G, 1 %, 0 %, 2007 MiB, 23028 MiB
2026/02/25 17:36:36.018, 2, NVIDIA A10G, 0 %, 0 %, 1729 MiB, 23028 MiB
2026/02/25 17:36:36.018, 3, NVIDIA A10G, 0 %, 0 %, 0 MiB, 23028 MiB
2026/02/25 17:36:37.019, 0, NVIDIA A10G, 0 %, 0 %, 2161 MiB, 23028 MiB
2026/02/25 17:36:37.019, 1, NVIDIA A10G, 0 %, 0 %, 2007 MiB, 23028 MiB
2026/02/25 17:36:37.019, 2, NVIDIA A10G, 0 %, 0 %, 1729 MiB, 23028 MiB
2026/02/25 17:36:37.019, 3, NVIDIA A10G, 0 %, 0 %, 0 MiB, 23028 MiB
2026/02/25 17:36:38.019, 0, NVIDIA A10G, 0 %, 0 %, 2161 MiB, 23028 MiB
2026/02/25 17:36:38.019, 1, NVIDIA A10G, 0 %, 0 %, 2007 MiB, 23028 MiB
2026/02/25 17:36:38.019, 2, NVIDIA A10G, 0 %, 0 %, 1729 MiB, 23028 MiB
2026/02/25 17:36:38.019, 3, NVIDIA A10G, 0 %, 0 %, 0 MiB, 23028 MiB
2026/02/25 17:36:39.019, 0, NVIDIA A10G, 0 %, 0 %, 2161 MiB, 23028 MiB
2026/02/25 17:36:39.019, 1, NVIDIA A10G, 0 %, 0 %, 2007 MiB, 23028 MiB
2026/02/25 17:36:39.019, 2, NVIDIA A10G, 0 %, 0 %, 1729 MiB, 23028 MiB
2026/02/25 17:36:39.019, 3, NVIDIA A10G, 0 %, 0 %, 0 MiB, 23028 MiB
2026/02/25 17:36:40.020, 0, NVIDIA A10G, 0 %, 0 %, 2161 MiB, 23028 MiB
2026/02/25 17:36:40.020, 1, NVIDIA A10G, 0 %, 0 %, 2007 MiB, 23028 MiB
2026/02/25 17:36:40.020, 2, NVIDIA A10G, 0 %, 0 %, 1729 MiB, 23028 MiB
2026/02/25 17:36:40.020, 3, NVIDIA A10G, 0 %, 0 %, 0 MiB, 23028 MiB
2026/02/25 17:36:41.020, 0, NVIDIA A10G, 0 %, 0 %, 2161 MiB, 23028 MiB
2026/02/25 17:36:41.020, 1, NVIDIA A10G, 0 %, 0 %, 2007 MiB, 23028 MiB
2026/02/25 17:36:41.020, 2, NVIDIA A10G, 0 %, 0 %, 1729 MiB, 23028 MiB
2026/02/25 17:36:41.020, 3, NVIDIA A10G, 0 %, 0 %, 0 MiB, 23028 MiB
2026/02/25 17:36:42.020, 0, NVIDIA A10G, 22 %, 8 %, 2161 MiB, 23028 MiB
2026/02/25 17:36:42.020, 1, NVIDIA A10G, 0 %, 0 %, 2007 MiB, 23028 MiB
2026/02/25 17:36:42.021, 2, NVIDIA A10G, 0 %, 0 %, 1729 MiB, 23028 MiB
2026/02/25 17:36:42.021, 3, NVIDIA A10G, 0 %, 0 %, 0 MiB, 23028 MiB
2026/02/25 17:36:43.021, 0, NVIDIA A10G, 24 %, 9 %, 2161 MiB, 23028 MiB
2026/02/25 17:36:43.021, 1, NVIDIA A10G, 0 %, 0 %, 2007 MiB, 23028 MiB
2026/02/25 17:36:43.021, 2, NVIDIA A10G, 40 %, 26 %, 1729 MiB, 23028 MiB
2026/02/25 17:36:43.021, 3, NVIDIA A10G, 0 %, 0 %, 0 MiB, 23028 MiB
2026/02/25 17:36:44.021, 0, NVIDIA A10G, 23 %, 8 %, 2161 MiB, 23028 MiB
2026/02/25 17:36:44.021, 1, NVIDIA A10G, 0 %, 0 %, 2007 MiB, 23028 MiB
2026/02/25 17:36:44.021, 2, NVIDIA A10G, 18 %, 6 %, 1729 MiB, 23028 MiB
2026/02/25 17:36:44.021, 3, NVIDIA A10G, 0 %, 0 %, 0 MiB, 23028 MiB
2026/02/25 17:36:45.022, 0, NVIDIA A10G, 19 %, 7 %, 2161 MiB, 23028 MiB
2026/02/25 17:36:45.022, 1, NVIDIA A10G, 0 %, 0 %, 2007 MiB, 23028 MiB
2026/02/25 17:36:45.022, 2, NVIDIA A10G, 22 %, 8 %, 1729 MiB, 23028 MiB
2026/02/25 17:36:45.022, 3, NVIDIA A10G, 0 %, 0 %, 0 MiB, 23028 MiB
2026/02/25 17:36:46.022, 0, NVIDIA A10G, 23 %, 8 %, 2161 MiB, 23028 MiB
2026/02/25 17:36:46.022, 1, NVIDIA A10G, 0 %, 0 %, 2007 MiB, 23028 MiB
2026/02/25 17:36:46.022, 2, NVIDIA A10G, 18 %, 6 %, 1729 MiB, 23028 MiB
2026/02/25 17:36:46.022, 3, NVIDIA A10G, 0 %, 0 %, 0 MiB, 23028 MiB
2026/02/25 17:36:47.022, 0, NVIDIA A10G, 22 %, 8 %, 2161 MiB, 23028 MiB
2026/02/25 17:36:47.022, 1, NVIDIA A10G, 84 %, 53 %, 2007 MiB, 23028 MiB
2026/02/25 17:36:47.023, 2, NVIDIA A10G, 22 %, 8 %, 1729 MiB, 23028 MiB
2026/02/25 17:36:47.023, 3, NVIDIA A10G, 0 %, 0 %, 0 MiB, 23028 MiB
2026/02/25 17:36:48.023, 0, NVIDIA A10G, 20 %, 7 %, 2161 MiB, 23028 MiB
2026/02/25 17:36:48.023, 1, NVIDIA A10G, 20 %, 7 %, 2007 MiB, 23028 MiB
2026/02/25 17:36:48.023, 2, NVIDIA A10G, 20 %, 7 %, 1729 MiB, 23028 MiB
2026/02/25 17:36:48.023, 3, NVIDIA A10G, 0 %, 0 %, 0 MiB, 23028 MiB
2026/02/25 17:36:49.023, 0, NVIDIA A10G, 22 %, 8 %, 2161 MiB, 23028 MiB
2026/02/25 17:36:49.023, 1, NVIDIA A10G, 20 %, 7 %, 2007 MiB, 23028 MiB
2026/02/25 17:36:49.023, 2, NVIDIA A10G, 20 %, 7 %, 1729 MiB, 23028 MiB
2026/02/25 17:36:49.023, 3, NVIDIA A10G, 0 %, 0 %, 0 MiB, 23028 MiB
2026/02/25 17:36:50.024, 0, NVIDIA A10G, 22 %, 8 %, 2161 MiB, 23028 MiB
2026/02/25 17:36:50.024, 1, NVIDIA A10G, 20 %, 6 %, 2007 MiB, 23028 MiB
2026/02/25 17:36:50.024, 2, NVIDIA A10G, 20 %, 7 %, 1729 MiB, 23028 MiB
2026/02/25 17:36:50.024, 3, NVIDIA A10G, 0 %, 0 %, 0 MiB, 23028 MiB
2026/02/25 17:36:51.024, 0, NVIDIA A10G, 18 %, 7 %, 2161 MiB, 23028 MiB
2026/02/25 17:36:51.024, 1, NVIDIA A10G, 20 %, 6 %, 2007 MiB, 23028 MiB
2026/02/25 17:36:51.024, 2, NVIDIA A10G, 18 %, 6 %, 1729 MiB, 23028 MiB
2026/02/25 17:36:51.024, 3, NVIDIA A10G, 0 %, 0 %, 0 MiB, 23028 MiB
2026/02/25 17:36:52.024, 0, NVIDIA A10G, 0 %, 0 %, 2161 MiB, 23028 MiB
2026/02/25 17:36:52.024, 1, NVIDIA A10G, 21 %, 7 %, 2007 MiB, 23028 MiB
2026/02/25 17:36:52.025, 2, NVIDIA A10G, 21 %, 7 %, 1729 MiB, 23028 MiB
2026/02/25 17:36:52.025, 3, NVIDIA A10G, 0 %, 0 %, 0 MiB, 23028 MiB
2026/02/25 17:36:53.025, 0, NVIDIA A10G, 0 %, 0 %, 2161 MiB, 23028 MiB
2026/02/25 17:36:53.025, 1, NVIDIA A10G, 21 %, 8 %, 2007 MiB, 23028 MiB
2026/02/25 17:36:53.025, 2, NVIDIA A10G, 21 %, 7 %, 1729 MiB, 23028 MiB
2026/02/25 17:36:53.025, 3, NVIDIA A10G, 0 %, 0 %, 0 MiB, 23028 MiB
2026/02/25 17:36:54.025, 0, NVIDIA A10G, 0 %, 0 %, 2161 MiB, 23028 MiB
2026/02/25 17:36:54.025, 1, NVIDIA A10G, 22 %, 8 %, 2007 MiB, 23028 MiB
2026/02/25 17:36:54.025, 2, NVIDIA A10G, 0 %, 0 %, 1729 MiB, 23028 MiB
2026/02/25 17:36:54.025, 3, NVIDIA A10G, 0 %, 0 %, 0 MiB, 23028 MiB
2026/02/25 17:36:55.025, 0, NVIDIA A10G, 0 %, 0 %, 2161 MiB, 23028 MiB
2026/02/25 17:36:55.025, 1, NVIDIA A10G, 22 %, 8 %, 2007 MiB, 23028 MiB
2026/02/25 17:36:55.025, 2, NVIDIA A10G, 0 %, 0 %, 1729 MiB, 23028 MiB
2026/02/25 17:36:55.026, 3, NVIDIA A10G, 0 %, 0 %, 0 MiB, 23028 MiB
2026/02/25 17:36:56.026, 0, NVIDIA A10G, 0 %, 0 %, 2161 MiB, 23028 MiB
2026/02/25 17:36:56.026, 1, NVIDIA A10G, 23 %, 8 %, 2007 MiB, 23028 MiB
2026/02/25 17:36:56.026, 2, NVIDIA A10G, 0 %, 0 %, 1729 MiB, 23028 MiB
2026/02/25 17:36:56.026, 3, NVIDIA A10G, 0 %, 0 %, 0 MiB, 23028 MiB
2026/02/25 17:36:57.026, 0, NVIDIA A10G, 0 %, 0 %, 2161 MiB, 23028 MiB
2026/02/25 17:36:57.026, 1, NVIDIA A10G, 20 %, 6 %, 2007 MiB, 23028 MiB
2026/02/25 17:36:57.026, 2, NVIDIA A10G, 0 %, 0 %, 1729 MiB, 23028 MiB
2026/02/25 17:36:57.026, 3, NVIDIA A10G, 0 %, 0 %, 0 MiB, 23028 MiB
2026/02/25 17:36:58.026, 0, NVIDIA A10G, 0 %, 0 %, 2161 MiB, 23028 MiB
2026/02/25 17:36:58.027, 1, NVIDIA A10G, 22 %, 7 %, 2007 MiB, 23028 MiB
2026/02/25 17:36:58.027, 2, NVIDIA A10G, 0 %, 0 %, 1729 MiB, 23028 MiB
2026/02/25 17:36:58.027, 3, NVIDIA A10G, 0 %, 0 %, 0 MiB, 23028 MiB
2026/02/25 17:36:59.027, 0, NVIDIA A10G, 0 %, 0 %, 2161 MiB, 23028 MiB
2026/02/25 17:36:59.027, 1, NVIDIA A10G, 18 %, 5 %, 2007 MiB, 23028 MiB
2026/02/25 17:36:59.027, 2, NVIDIA A10G, 20 %, 7 %, 1729 MiB, 23028 MiB
2026/02/25 17:36:59.027, 3, NVIDIA A10G, 0 %, 0 %, 0 MiB, 23028 MiB
2026/02/25 17:37:00.027, 0, NVIDIA A10G, 0 %, 0 %, 2161 MiB, 23028 MiB
2026/02/25 17:37:00.027, 1, NVIDIA A10G, 13 %, 4 %, 2007 MiB, 23028 MiB
2026/02/25 17:37:00.028, 2, NVIDIA A10G, 21 %, 7 %, 1729 MiB, 23028 MiB
2026/02/25 17:37:00.028, 3, NVIDIA A10G, 0 %, 0 %, 0 MiB, 23028 MiB
2026/02/25 17:37:01.028, 0, NVIDIA A10G, 0 %, 0 %, 2161 MiB, 23028 MiB
2026/02/25 17:37:01.028, 1, NVIDIA A10G, 0 %, 0 %, 2007 MiB, 23028 MiB
2026/02/25 17:37:01.028, 2, NVIDIA A10G, 23 %, 8 %, 1729 MiB, 23028 MiB
2026/02/25 17:37:01.028, 3, NVIDIA A10G, 0 %, 0 %, 0 MiB, 23028 MiB
2026/02/25 17:37:02.028, 0, NVIDIA A10G, 0 %, 0 %, 2161 MiB, 23028 MiB
2026/02/25 17:37:02.028, 1, NVIDIA A10G, 0 %, 0 %, 2007 MiB, 23028 MiB
2026/02/25 17:37:02.028, 2, NVIDIA A10G, 20 %, 7 %, 1729 MiB, 23028 MiB
2026/02/25 17:37:02.028, 3, NVIDIA A10G, 0 %, 0 %, 0 MiB, 23028 MiB
2026/02/25 17:37:03.029, 0, NVIDIA A10G, 0 %, 0 %, 2161 MiB, 23028 MiB
2026/02/25 17:37:03.029, 1, NVIDIA A10G, 0 %, 0 %, 2007 MiB, 23028 MiB
2026/02/25 17:37:03.029, 2, NVIDIA A10G, 22 %, 8 %, 1729 MiB, 23028 MiB
2026/02/25 17:37:03.029, 3, NVIDIA A10G, 0 %, 0 %, 0 MiB, 23028 MiB
2026/02/25 17:37:04.029, 0, NVIDIA A10G, 0 %, 0 %, 2161 MiB, 23028 MiB
2026/02/25 17:37:04.029, 1, NVIDIA A10G, 0 %, 0 %, 2007 MiB, 23028 MiB
2026/02/25 17:37:04.029, 2, NVIDIA A10G, 23 %, 8 %, 1729 MiB, 23028 MiB
2026/02/25 17:37:04.029, 3, NVIDIA A10G, 0 %, 0 %, 0 MiB, 23028 MiB
2026/02/25 17:37:05.029, 0, NVIDIA A10G, 0 %, 0 %, 2161 MiB, 23028 MiB
2026/02/25 17:37:05.030, 1, NVIDIA A10G, 16 %, 6 %, 2007 MiB, 23028 MiB
2026/02/25 17:37:05.030, 2, NVIDIA A10G, 0 %, 0 %, 1729 MiB, 23028 MiB
2026/02/25 17:37:05.030, 3, NVIDIA A10G, 0 %, 0 %, 0 MiB, 23028 MiB
2026/02/25 17:37:06.030, 0, NVIDIA A10G, 0 %, 0 %, 2161 MiB, 23028 MiB
2026/02/25 17:37:06.030, 1, NVIDIA A10G, 22 %, 7 %, 2007 MiB, 23028 MiB
2026/02/25 17:37:06.030, 2, NVIDIA A10G, 0 %, 0 %, 1729 MiB, 23028 MiB
2026/02/25 17:37:06.030, 3, NVIDIA A10G, 0 %, 0 %, 0 MiB, 23028 MiB
2026/02/25 17:37:07.030, 0, NVIDIA A10G, 0 %, 0 %, 2161 MiB, 23028 MiB
2026/02/25 17:37:07.030, 1, NVIDIA A10G, 22 %, 7 %, 2007 MiB, 23028 MiB
2026/02/25 17:37:07.030, 2, NVIDIA A10G, 0 %, 0 %, 1729 MiB, 23028 MiB
2026/02/25 17:37:07.031, 3, NVIDIA A10G, 0 %, 0 %, 0 MiB, 23028 MiB
2026/02/25 17:37:08.031, 0, NVIDIA A10G, 0 %, 0 %, 2161 MiB, 23028 MiB
2026/02/25 17:37:08.031, 1, NVIDIA A10G, 21 %, 6 %, 2007 MiB, 23028 MiB
2026/02/25 17:37:08.031, 2, NVIDIA A10G, 0 %, 0 %, 1729 MiB, 23028 MiB
2026/02/25 17:37:08.031, 3, NVIDIA A10G, 0 %, 0 %, 0 MiB, 23028 MiB
2026/02/25 17:37:09.031, 0, NVIDIA A10G, 28 %, 18 %, 2161 MiB, 23028 MiB
2026/02/25 17:37:09.031, 1, NVIDIA A10G, 20 %, 6 %, 2007 MiB, 23028 MiB
2026/02/25 17:37:09.031, 2, NVIDIA A10G, 0 %, 0 %, 1729 MiB, 23028 MiB
2026/02/25 17:37:09.031, 3, NVIDIA A10G, 0 %, 0 %, 0 MiB, 23028 MiB
2026/02/25 17:37:10.031, 0, NVIDIA A10G, 11 %, 4 %, 2161 MiB, 23028 MiB
2026/02/25 17:37:10.032, 1, NVIDIA A10G, 17 %, 5 %, 2007 MiB, 23028 MiB
2026/02/25 17:37:10.032, 2, NVIDIA A10G, 0 %, 0 %, 1729 MiB, 23028 MiB
2026/02/25 17:37:10.032, 3, NVIDIA A10G, 0 %, 0 %, 0 MiB, 23028 MiB
2026/02/25 17:37:11.032, 0, NVIDIA A10G, 22 %, 8 %, 2161 MiB, 23028 MiB
2026/02/25 17:37:11.032, 1, NVIDIA A10G, 0 %, 0 %, 2007 MiB, 23028 MiB
2026/02/25 17:37:11.032, 2, NVIDIA A10G, 0 %, 0 %, 1729 MiB, 23028 MiB
2026/02/25 17:37:11.032, 3, NVIDIA A10G, 0 %, 0 %, 0 MiB, 23028 MiB
2026/02/25 17:37:12.032, 0, NVIDIA A10G, 21 %, 7 %, 2161 MiB, 23028 MiB
2026/02/25 17:37:12.032, 1, NVIDIA A10G, 0 %, 0 %, 2007 MiB, 23028 MiB
2026/02/25 17:37:12.032, 2, NVIDIA A10G, 0 %, 0 %, 1729 MiB, 23028 MiB
2026/02/25 17:37:12.032, 3, NVIDIA A10G, 0 %, 0 %, 0 MiB, 23028 MiB
2026/02/25 17:37:13.032, 0, NVIDIA A10G, 20 %, 7 %, 2161 MiB, 23028 MiB
2026/02/25 17:37:13.032, 1, NVIDIA A10G, 0 %, 0 %, 2007 MiB, 23028 MiB
2026/02/25 17:37:13.032, 2, NVIDIA A10G, 0 %, 0 %, 1729 MiB, 23028 MiB
2026/02/25 17:37:13.032, 3, NVIDIA A10G, 0 %, 0 %, 0 MiB, 23028 MiB
2026/02/25 17:37:14.033, 0, NVIDIA A10G, 23 %, 8 %, 2161 MiB, 23028 MiB
2026/02/25 17:37:14.033, 1, NVIDIA A10G, 86 %, 57 %, 2007 MiB, 23028 MiB
2026/02/25 17:37:14.033, 2, NVIDIA A10G, 0 %, 0 %, 1729 MiB, 23028 MiB
2026/02/25 17:37:14.033, 3, NVIDIA A10G, 0 %, 0 %, 0 MiB, 23028 MiB
2026/02/25 17:37:15.033, 0, NVIDIA A10G, 21 %, 7 %, 2161 MiB, 23028 MiB
2026/02/25 17:37:15.033, 1, NVIDIA A10G, 20 %, 6 %, 2007 MiB, 23028 MiB
2026/02/25 17:37:15.033, 2, NVIDIA A10G, 0 %, 0 %, 1729 MiB, 23028 MiB
2026/02/25 17:37:15.033, 3, NVIDIA A10G, 0 %, 0 %, 0 MiB, 23028 MiB
2026/02/25 17:37:16.033, 0, NVIDIA A10G, 22 %, 8 %, 2161 MiB, 23028 MiB
2026/02/25 17:37:16.033, 1, NVIDIA A10G, 21 %, 7 %, 2007 MiB, 23028 MiB
2026/02/25 17:37:16.033, 2, NVIDIA A10G, 0 %, 0 %, 1729 MiB, 23028 MiB
2026/02/25 17:37:16.033, 3, NVIDIA A10G, 0 %, 0 %, 0 MiB, 23028 MiB
2026/02/25 17:37:17.034, 0, NVIDIA A10G, 21 %, 8 %, 2161 MiB, 23028 MiB
2026/02/25 17:37:17.034, 1, NVIDIA A10G, 19 %, 6 %, 2007 MiB, 23028 MiB
2026/02/25 17:37:17.034, 2, NVIDIA A10G, 0 %, 0 %, 1729 MiB, 23028 MiB
2026/02/25 17:37:17.034, 3, NVIDIA A10G, 0 %, 0 %, 0 MiB, 23028 MiB
2026/02/25 17:37:18.034, 0, NVIDIA A10G, 21 %, 8 %, 2161 MiB, 23028 MiB
2026/02/25 17:37:18.034, 1, NVIDIA A10G, 19 %, 6 %, 2007 MiB, 23028 MiB
2026/02/25 17:37:18.034, 2, NVIDIA A10G, 19 %, 7 %, 1729 MiB, 23028 MiB
2026/02/25 17:37:18.034, 3, NVIDIA A10G, 0 %, 0 %, 0 MiB, 23028 MiB
2026/02/25 17:37:19.034, 0, NVIDIA A10G, 19 %, 7 %, 2161 MiB, 23028 MiB
2026/02/25 17:37:19.035, 1, NVIDIA A10G, 15 %, 5 %, 2007 MiB, 23028 MiB
2026/02/25 17:37:19.035, 2, NVIDIA A10G, 20 %, 7 %, 1729 MiB, 23028 MiB
2026/02/25 17:37:19.035, 3, NVIDIA A10G, 0 %, 0 %, 0 MiB, 23028 MiB
2026/02/25 17:37:20.035, 0, NVIDIA A10G, 23 %, 9 %, 2161 MiB, 23028 MiB
2026/02/25 17:37:20.035, 1, NVIDIA A10G, 0 %, 0 %, 2007 MiB, 23028 MiB
2026/02/25 17:37:20.035, 2, NVIDIA A10G, 21 %, 8 %, 1729 MiB, 23028 MiB
2026/02/25 17:37:20.035, 3, NVIDIA A10G, 0 %, 0 %, 0 MiB, 23028 MiB
2026/02/25 17:37:21.035, 0, NVIDIA A10G, 21 %, 8 %, 2161 MiB, 23028 MiB
2026/02/25 17:37:21.036, 1, NVIDIA A10G, 0 %, 0 %, 2007 MiB, 23028 MiB
2026/02/25 17:37:21.036, 2, NVIDIA A10G, 22 %, 8 %, 1729 MiB, 23028 MiB
2026/02/25 17:37:21.036, 3, NVIDIA A10G, 0 %, 0 %, 0 MiB, 23028 MiB
2026/02/25 17:37:22.036, 0, NVIDIA A10G, 21 %, 7 %, 2161 MiB, 23028 MiB
2026/02/25 17:37:22.036, 1, NVIDIA A10G, 0 %, 0 %, 2007 MiB, 23028 MiB
2026/02/25 17:37:22.036, 2, NVIDIA A10G, 17 %, 5 %, 1729 MiB, 23028 MiB
2026/02/25 17:37:22.036, 3, NVIDIA A10G, 0 %, 0 %, 0 MiB, 23028 MiB
2026/02/25 17:37:23.036, 0, NVIDIA A10G, 18 %, 6 %, 2161 MiB, 23028 MiB
2026/02/25 17:37:23.036, 1, NVIDIA A10G, 0 %, 0 %, 2007 MiB, 23028 MiB
2026/02/25 17:37:23.036, 2, NVIDIA A10G, 20 %, 6 %, 1729 MiB, 23028 MiB
2026/02/25 17:37:23.037, 3, NVIDIA A10G, 0 %, 0 %, 0 MiB, 23028 MiB
2026/02/25 17:37:24.037, 0, NVIDIA A10G, 20 %, 7 %, 2161 MiB, 23028 MiB
2026/02/25 17:37:24.037, 1, NVIDIA A10G, 21 %, 8 %, 2007 MiB, 23028 MiB
2026/02/25 17:37:24.037, 2, NVIDIA A10G, 19 %, 6 %, 1729 MiB, 23028 MiB
2026/02/25 17:37:24.037, 3, NVIDIA A10G, 0 %, 0 %, 0 MiB, 23028 MiB
2026/02/25 17:37:25.037, 0, NVIDIA A10G, 21 %, 7 %, 2161 MiB, 23028 MiB
2026/02/25 17:37:25.037, 1, NVIDIA A10G, 18 %, 6 %, 2007 MiB, 23028 MiB
2026/02/25 17:37:25.037, 2, NVIDIA A10G, 21 %, 8 %, 1729 MiB, 23028 MiB
2026/02/25 17:37:25.037, 3, NVIDIA A10G, 0 %, 0 %, 0 MiB, 23028 MiB
2026/02/25 17:37:26.037, 0, NVIDIA A10G, 18 %, 6 %, 2161 MiB, 23028 MiB
2026/02/25 17:37:26.038, 1, NVIDIA A10G, 20 %, 6 %, 2007 MiB, 23028 MiB
2026/02/25 17:37:26.038, 2, NVIDIA A10G, 20 %, 7 %, 1729 MiB, 23028 MiB
2026/02/25 17:37:26.038, 3, NVIDIA A10G, 0 %, 0 %, 0 MiB, 23028 MiB
2026/02/25 17:37:27.038, 0, NVIDIA A10G, 18 %, 6 %, 2161 MiB, 23028 MiB
2026/02/25 17:37:27.038, 1, NVIDIA A10G, 20 %, 6 %, 2007 MiB, 23028 MiB
2026/02/25 17:37:27.038, 2, NVIDIA A10G, 21 %, 8 %, 1729 MiB, 23028 MiB
2026/02/25 17:37:27.038, 3, NVIDIA A10G, 0 %, 0 %, 0 MiB, 23028 MiB
2026/02/25 17:37:28.038, 0, NVIDIA A10G, 21 %, 7 %, 2161 MiB, 23028 MiB
2026/02/25 17:37:28.038, 1, NVIDIA A10G, 0 %, 0 %, 2007 MiB, 23028 MiB
2026/02/25 17:37:28.038, 2, NVIDIA A10G, 21 %, 7 %, 1729 MiB, 23028 MiB
2026/02/25 17:37:28.038, 3, NVIDIA A10G, 0 %, 0 %, 0 MiB, 23028 MiB
2026/02/25 17:37:29.039, 0, NVIDIA A10G, 14 %, 5 %, 2161 MiB, 23028 MiB
2026/02/25 17:37:29.039, 1, NVIDIA A10G, 0 %, 0 %, 2007 MiB, 23028 MiB
2026/02/25 17:37:29.039, 2, NVIDIA A10G, 22 %, 8 %, 1729 MiB, 23028 MiB
2026/02/25 17:37:29.039, 3, NVIDIA A10G, 0 %, 0 %, 0 MiB, 23028 MiB
2026/02/25 17:37:30.039, 0, NVIDIA A10G, 0 %, 0 %, 2161 MiB, 23028 MiB
2026/02/25 17:37:30.039, 1, NVIDIA A10G, 0 %, 0 %, 2007 MiB, 23028 MiB
2026/02/25 17:37:30.039, 2, NVIDIA A10G, 0 %, 0 %, 1729 MiB, 23028 MiB
2026/02/25 17:37:30.039, 3, NVIDIA A10G, 0 %, 0 %, 0 MiB, 23028 MiB
2026/02/25 17:37:31.039, 0, NVIDIA A10G, 0 %, 0 %, 2161 MiB, 23028 MiB
2026/02/25 17:37:31.040, 1, NVIDIA A10G, 0 %, 0 %, 2007 MiB, 23028 MiB
2026/02/25 17:37:31.040, 2, NVIDIA A10G, 0 %, 0 %, 1729 MiB, 23028 MiB
2026/02/25 17:37:31.040, 3, NVIDIA A10G, 0 %, 0 %, 0 MiB, 23028 MiB
2026/02/25 17:37:32.040, 0, NVIDIA A10G, 0 %, 0 %, 2161 MiB, 23028 MiB
2026/02/25 17:37:32.040, 1, NVIDIA A10G, 0 %, 0 %, 2007 MiB, 23028 MiB
2026/02/25 17:37:32.040, 2, NVIDIA A10G, 0 %, 0 %, 1729 MiB, 23028 MiB
2026/02/25 17:37:32.040, 3, NVIDIA A10G, 0 %, 0 %, 0 MiB, 23028 MiB
2026/02/25 17:37:33.040, 0, NVIDIA A10G, 0 %, 0 %, 2161 MiB, 23028 MiB
2026/02/25 17:37:33.040, 1, NVIDIA A10G, 0 %, 0 %, 2007 MiB, 23028 MiB
2026/02/25 17:37:33.040, 2, NVIDIA A10G, 0 %, 0 %, 1729 MiB, 23028 MiB
2026/02/25 17:37:33.040, 3, NVIDIA A10G, 0 %, 0 %, 0 MiB, 23028 MiB
2026/02/25 17:37:34.041, 0, NVIDIA A10G, 0 %, 0 %, 2161 MiB, 23028 MiB
2026/02/25 17:37:34.041, 1, NVIDIA A10G, 0 %, 0 %, 2007 MiB, 23028 MiB
2026/02/25 17:37:34.041, 2, NVIDIA A10G, 0 %, 0 %, 1729 MiB, 23028 MiB
2026/02/25 17:37:34.041, 3, NVIDIA A10G, 0 %, 0 %, 0 MiB, 23028 MiB
2026/02/25 17:37:35.041, 0, NVIDIA A10G, 0 %, 0 %, 2161 MiB, 23028 MiB
2026/02/25 17:37:35.041, 1, NVIDIA A10G, 22 %, 7 %, 2007 MiB, 23028 MiB
2026/02/25 17:37:35.041, 2, NVIDIA A10G, 19 %, 6 %, 1729 MiB, 23028 MiB
2026/02/25 17:37:35.041, 3, NVIDIA A10G, 0 %, 0 %, 0 MiB, 23028 MiB
2026/02/25 17:37:36.041, 0, NVIDIA A10G, 0 %, 0 %, 2161 MiB, 23028 MiB
2026/02/25 17:37:36.041, 1, NVIDIA A10G, 22 %, 7 %, 2007 MiB, 23028 MiB
2026/02/25 17:37:36.041, 2, NVIDIA A10G, 21 %, 8 %, 1729 MiB, 23028 MiB
2026/02/25 17:37:36.042, 3, NVIDIA A10G, 0 %, 0 %, 0 MiB, 23028 MiB
2026/02/25 17:37:37.042, 0, NVIDIA A10G, 0 %, 0 %, 2161 MiB, 23028 MiB
2026/02/25 17:37:37.042, 1, NVIDIA A10G, 22 %, 8 %, 2007 MiB, 23028 MiB
2026/02/25 17:37:37.042, 2, NVIDIA A10G, 18 %, 6 %, 1729 MiB, 23028 MiB
2026/02/25 17:37:37.042, 3, NVIDIA A10G, 0 %, 0 %, 0 MiB, 23028 MiB
2026/02/25 17:37:38.042, 0, NVIDIA A10G, 0 %, 0 %, 2161 MiB, 23028 MiB
2026/02/25 17:37:38.042, 1, NVIDIA A10G, 20 %, 7 %, 2007 MiB, 23028 MiB
2026/02/25 17:37:38.042, 2, NVIDIA A10G, 20 %, 7 %, 1729 MiB, 23028 MiB
2026/02/25 17:37:38.042, 3, NVIDIA A10G, 0 %, 0 %, 0 MiB, 23028 MiB
2026/02/25 17:37:39.042, 0, NVIDIA A10G, 0 %, 0 %, 2161 MiB, 23028 MiB
2026/02/25 17:37:39.043, 1, NVIDIA A10G, 22 %, 8 %, 2007 MiB, 23028 MiB
2026/02/25 17:37:39.043, 2, NVIDIA A10G, 21 %, 7 %, 1729 MiB, 23028 MiB
2026/02/25 17:37:39.043, 3, NVIDIA A10G, 0 %, 0 %, 0 MiB, 23028 MiB
2026/02/25 17:37:40.043, 0, NVIDIA A10G, 0 %, 0 %, 2161 MiB, 23028 MiB
2026/02/25 17:37:40.043, 1, NVIDIA A10G, 22 %, 8 %, 2007 MiB, 23028 MiB
2026/02/25 17:37:40.043, 2, NVIDIA A10G, 21 %, 7 %, 1729 MiB, 23028 MiB
2026/02/25 17:37:40.043, 3, NVIDIA A10G, 0 %, 0 %, 0 MiB, 23028 MiB
2026/02/25 17:37:41.043, 0, NVIDIA A10G, 0 %, 0 %, 2161 MiB, 23028 MiB
2026/02/25 17:37:41.043, 1, NVIDIA A10G, 0 %, 0 %, 2007 MiB, 23028 MiB
2026/02/25 17:37:41.043, 2, NVIDIA A10G, 0 %, 0 %, 1729 MiB, 23028 MiB
2026/02/25 17:37:41.044, 3, NVIDIA A10G, 0 %, 0 %, 0 MiB, 23028 MiB
2026/02/25 17:37:42.044, 0, NVIDIA A10G, 0 %, 0 %, 2161 MiB, 23028 MiB
2026/02/25 17:37:42.044, 1, NVIDIA A10G, 0 %, 0 %, 2007 MiB, 23028 MiB
2026/02/25 17:37:42.044, 2, NVIDIA A10G, 0 %, 0 %, 1729 MiB, 23028 MiB
2026/02/25 17:37:42.044, 3, NVIDIA A10G, 0 %, 0 %, 0 MiB, 23028 MiB
2026/02/25 17:37:43.044, 0, NVIDIA A10G, 22 %, 8 %, 2161 MiB, 23028 MiB
2026/02/25 17:37:43.044, 1, NVIDIA A10G, 0 %, 0 %, 2007 MiB, 23028 MiB
2026/02/25 17:37:43.044, 2, NVIDIA A10G, 0 %, 0 %, 1729 MiB, 23028 MiB
2026/02/25 17:37:43.044, 3, NVIDIA A10G, 0 %, 0 %, 0 MiB, 23028 MiB
2026/02/25 17:37:44.045, 0, NVIDIA A10G, 20 %, 7 %, 2161 MiB, 23028 MiB
2026/02/25 17:37:44.045, 1, NVIDIA A10G, 0 %, 0 %, 2007 MiB, 23028 MiB
2026/02/25 17:37:44.045, 2, NVIDIA A10G, 0 %, 0 %, 1729 MiB, 23028 MiB
2026/02/25 17:37:44.045, 3, NVIDIA A10G, 0 %, 0 %, 0 MiB, 23028 MiB
2026/02/25 17:37:45.045, 0, NVIDIA A10G, 18 %, 7 %, 2161 MiB, 23028 MiB
2026/02/25 17:37:45.045, 1, NVIDIA A10G, 0 %, 0 %, 2007 MiB, 23028 MiB
2026/02/25 17:37:45.045, 2, NVIDIA A10G, 20 %, 7 %, 1729 MiB, 23028 MiB
2026/02/25 17:37:45.045, 3, NVIDIA A10G, 0 %, 0 %, 0 MiB, 23028 MiB
2026/02/25 17:37:46.045, 0, NVIDIA A10G, 20 %, 6 %, 2161 MiB, 23028 MiB
2026/02/25 17:37:46.045, 1, NVIDIA A10G, 0 %, 0 %, 2007 MiB, 23028 MiB
2026/02/25 17:37:46.046, 2, NVIDIA A10G, 19 %, 6 %, 1729 MiB, 23028 MiB
2026/02/25 17:37:46.046, 3, NVIDIA A10G, 0 %, 0 %, 0 MiB, 23028 MiB
2026/02/25 17:37:47.046, 0, NVIDIA A10G, 22 %, 8 %, 2161 MiB, 23028 MiB
2026/02/25 17:37:47.046, 1, NVIDIA A10G, 0 %, 0 %, 2007 MiB, 23028 MiB
2026/02/25 17:37:47.046, 2, NVIDIA A10G, 19 %, 6 %, 1729 MiB, 23028 MiB
2026/02/25 17:37:47.046, 3, NVIDIA A10G, 0 %, 0 %, 0 MiB, 23028 MiB
2026/02/25 17:37:48.046, 0, NVIDIA A10G, 20 %, 6 %, 2161 MiB, 23028 MiB
2026/02/25 17:37:48.046, 1, NVIDIA A10G, 0 %, 0 %, 2007 MiB, 23028 MiB
2026/02/25 17:37:48.046, 2, NVIDIA A10G, 18 %, 6 %, 1729 MiB, 23028 MiB
2026/02/25 17:37:48.046, 3, NVIDIA A10G, 0 %, 0 %, 0 MiB, 23028 MiB
2026/02/25 17:37:49.046, 0, NVIDIA A10G, 21 %, 7 %, 2161 MiB, 23028 MiB
2026/02/25 17:37:49.046, 1, NVIDIA A10G, 0 %, 0 %, 2007 MiB, 23028 MiB
2026/02/25 17:37:49.046, 2, NVIDIA A10G, 20 %, 7 %, 1729 MiB, 23028 MiB
2026/02/25 17:37:49.046, 3, NVIDIA A10G, 0 %, 0 %, 0 MiB, 23028 MiB
2026/02/25 17:37:50.047, 0, NVIDIA A10G, 21 %, 7 %, 2161 MiB, 23028 MiB
2026/02/25 17:37:50.047, 1, NVIDIA A10G, 0 %, 0 %, 2007 MiB, 23028 MiB
2026/02/25 17:37:50.047, 2, NVIDIA A10G, 0 %, 0 %, 1729 MiB, 23028 MiB
2026/02/25 17:37:50.047, 3, NVIDIA A10G, 0 %, 0 %, 0 MiB, 23028 MiB
2026/02/25 17:37:51.047, 0, NVIDIA A10G, 22 %, 7 %, 2161 MiB, 23028 MiB
2026/02/25 17:37:51.047, 1, NVIDIA A10G, 78 %, 54 %, 2007 MiB, 23028 MiB
2026/02/25 17:37:51.047, 2, NVIDIA A10G, 0 %, 0 %, 1729 MiB, 23028 MiB
2026/02/25 17:37:51.047, 3, NVIDIA A10G, 0 %, 0 %, 0 MiB, 23028 MiB
2026/02/25 17:37:52.047, 0, NVIDIA A10G, 21 %, 8 %, 2161 MiB, 23028 MiB
2026/02/25 17:37:52.047, 1, NVIDIA A10G, 20 %, 7 %, 2007 MiB, 23028 MiB
2026/02/25 17:37:52.047, 2, NVIDIA A10G, 0 %, 0 %, 1729 MiB, 23028 MiB
2026/02/25 17:37:52.047, 3, NVIDIA A10G, 0 %, 0 %, 0 MiB, 23028 MiB
2026/02/25 17:37:53.048, 0, NVIDIA A10G, 20 %, 7 %, 2161 MiB, 23028 MiB
2026/02/25 17:37:53.048, 1, NVIDIA A10G, 16 %, 5 %, 2007 MiB, 23028 MiB
2026/02/25 17:37:53.048, 2, NVIDIA A10G, 0 %, 0 %, 1729 MiB, 23028 MiB
2026/02/25 17:37:53.048, 3, NVIDIA A10G, 0 %, 0 %, 0 MiB, 23028 MiB
2026/02/25 17:37:54.048, 0, NVIDIA A10G, 20 %, 7 %, 2161 MiB, 23028 MiB
2026/02/25 17:37:54.048, 1, NVIDIA A10G, 19 %, 6 %, 2007 MiB, 23028 MiB
2026/02/25 17:37:54.048, 2, NVIDIA A10G, 0 %, 0 %, 1729 MiB, 23028 MiB
2026/02/25 17:37:54.048, 3, NVIDIA A10G, 0 %, 0 %, 0 MiB, 23028 MiB
2026/02/25 17:37:55.048, 0, NVIDIA A10G, 19 %, 6 %, 2161 MiB, 23028 MiB
2026/02/25 17:37:55.048, 1, NVIDIA A10G, 23 %, 8 %, 2007 MiB, 23028 MiB
2026/02/25 17:37:55.048, 2, NVIDIA A10G, 0 %, 0 %, 1729 MiB, 23028 MiB
2026/02/25 17:37:55.048, 3, NVIDIA A10G, 0 %, 0 %, 0 MiB, 23028 MiB
2026/02/25 17:37:56.048, 0, NVIDIA A10G, 20 %, 7 %, 2161 MiB, 23028 MiB
2026/02/25 17:37:56.049, 1, NVIDIA A10G, 22 %, 7 %, 2007 MiB, 23028 MiB
2026/02/25 17:37:56.049, 2, NVIDIA A10G, 0 %, 0 %, 1729 MiB, 23028 MiB
2026/02/25 17:37:56.049, 3, NVIDIA A10G, 0 %, 0 %, 0 MiB, 23028 MiB
2026/02/25 17:37:57.049, 0, NVIDIA A10G, 0 %, 0 %, 2161 MiB, 23028 MiB
2026/02/25 17:37:57.049, 1, NVIDIA A10G, 22 %, 7 %, 2007 MiB, 23028 MiB
2026/02/25 17:37:57.049, 2, NVIDIA A10G, 0 %, 0 %, 1729 MiB, 23028 MiB
2026/02/25 17:37:57.049, 3, NVIDIA A10G, 0 %, 0 %, 0 MiB, 23028 MiB
2026/02/25 17:37:58.049, 0, NVIDIA A10G, 0 %, 0 %, 2161 MiB, 23028 MiB
2026/02/25 17:37:58.049, 1, NVIDIA A10G, 22 %, 7 %, 2007 MiB, 23028 MiB
2026/02/25 17:37:58.049, 2, NVIDIA A10G, 0 %, 0 %, 1729 MiB, 23028 MiB
2026/02/25 17:37:58.049, 3, NVIDIA A10G, 0 %, 0 %, 0 MiB, 23028 MiB
2026/02/25 17:37:59.049, 0, NVIDIA A10G, 0 %, 0 %, 2161 MiB, 23028 MiB
2026/02/25 17:37:59.049, 1, NVIDIA A10G, 21 %, 7 %, 2007 MiB, 23028 MiB
2026/02/25 17:37:59.049, 2, NVIDIA A10G, 51 %, 34 %, 1729 MiB, 23028 MiB
2026/02/25 17:37:59.050, 3, NVIDIA A10G, 0 %, 0 %, 0 MiB, 23028 MiB
2026/02/25 17:38:00.050, 0, NVIDIA A10G, 0 %, 0 %, 2161 MiB, 23028 MiB
2026/02/25 17:38:00.050, 1, NVIDIA A10G, 22 %, 8 %, 2007 MiB, 23028 MiB
2026/02/25 17:38:00.050, 2, NVIDIA A10G, 22 %, 7 %, 1729 MiB, 23028 MiB
2026/02/25 17:38:00.050, 3, NVIDIA A10G, 0 %, 0 %, 0 MiB, 23028 MiB
2026/02/25 17:38:01.050, 0, NVIDIA A10G, 0 %, 0 %, 2161 MiB, 23028 MiB
2026/02/25 17:38:01.050, 1, NVIDIA A10G, 21 %, 7 %, 2007 MiB, 23028 MiB
2026/02/25 17:38:01.050, 2, NVIDIA A10G, 20 %, 6 %, 1729 MiB, 23028 MiB
2026/02/25 17:38:01.050, 3, NVIDIA A10G, 0 %, 0 %, 0 MiB, 23028 MiB
2026/02/25 17:38:02.051, 0, NVIDIA A10G, 0 %, 0 %, 2161 MiB, 23028 MiB
2026/02/25 17:38:02.051, 1, NVIDIA A10G, 18 %, 6 %, 2007 MiB, 23028 MiB
2026/02/25 17:38:02.051, 2, NVIDIA A10G, 20 %, 7 %, 1729 MiB, 23028 MiB
2026/02/25 17:38:02.051, 3, NVIDIA A10G, 0 %, 0 %, 0 MiB, 23028 MiB
2026/02/25 17:38:03.051, 0, NVIDIA A10G, 0 %, 0 %, 2161 MiB, 23028 MiB
2026/02/25 17:38:03.051, 1, NVIDIA A10G, 18 %, 6 %, 2007 MiB, 23028 MiB
2026/02/25 17:38:03.051, 2, NVIDIA A10G, 22 %, 7 %, 1729 MiB, 23028 MiB
2026/02/25 17:38:03.051, 3, NVIDIA A10G, 0 %, 0 %, 0 MiB, 23028 MiB
2026/02/25 17:38:04.051, 0, NVIDIA A10G, 0 %, 0 %, 2161 MiB, 23028 MiB
2026/02/25 17:38:04.052, 1, NVIDIA A10G, 0 %, 0 %, 2007 MiB, 23028 MiB
2026/02/25 17:38:04.052, 2, NVIDIA A10G, 21 %, 7 %, 1729 MiB, 23028 MiB
2026/02/25 17:38:04.052, 3, NVIDIA A10G, 0 %, 0 %, 0 MiB, 23028 MiB
2026/02/25 17:38:05.052, 0, NVIDIA A10G, 0 %, 0 %, 2161 MiB, 23028 MiB
2026/02/25 17:38:05.052, 1, NVIDIA A10G, 0 %, 0 %, 2007 MiB, 23028 MiB
2026/02/25 17:38:05.052, 2, NVIDIA A10G, 24 %, 8 %, 1729 MiB, 23028 MiB
2026/02/25 17:38:05.052, 3, NVIDIA A10G, 0 %, 0 %, 0 MiB, 23028 MiB
2026/02/25 17:38:06.052, 0, NVIDIA A10G, 0 %, 0 %, 2161 MiB, 23028 MiB
2026/02/25 17:38:06.052, 1, NVIDIA A10G, 0 %, 0 %, 2007 MiB, 23028 MiB
2026/02/25 17:38:06.052, 2, NVIDIA A10G, 22 %, 7 %, 1729 MiB, 23028 MiB
2026/02/25 17:38:06.052, 3, NVIDIA A10G, 0 %, 0 %, 0 MiB, 23028 MiB
2026/02/25 17:38:07.052, 0, NVIDIA A10G, 0 %, 0 %, 2161 MiB, 23028 MiB
2026/02/25 17:38:07.053, 1, NVIDIA A10G, 0 %, 0 %, 2007 MiB, 23028 MiB
2026/02/25 17:38:07.053, 2, NVIDIA A10G, 24 %, 9 %, 1729 MiB, 23028 MiB
2026/02/25 17:38:07.053, 3, NVIDIA A10G, 0 %, 0 %, 0 MiB, 23028 MiB
2026/02/25 17:38:08.053, 0, NVIDIA A10G, 0 %, 0 %, 2161 MiB, 23028 MiB
2026/02/25 17:38:08.053, 1, NVIDIA A10G, 0 %, 0 %, 2007 MiB, 23028 MiB
2026/02/25 17:38:08.053, 2, NVIDIA A10G, 21 %, 7 %, 1729 MiB, 23028 MiB
2026/02/25 17:38:08.053, 3, NVIDIA A10G, 0 %, 0 %, 0 MiB, 23028 MiB
2026/02/25 17:38:09.053, 0, NVIDIA A10G, 0 %, 0 %, 2161 MiB, 23028 MiB
2026/02/25 17:38:09.053, 1, NVIDIA A10G, 0 %, 0 %, 2007 MiB, 23028 MiB
2026/02/25 17:38:09.053, 2, NVIDIA A10G, 18 %, 6 %, 1729 MiB, 23028 MiB
2026/02/25 17:38:09.053, 3, NVIDIA A10G, 0 %, 0 %, 0 MiB, 23028 MiB
2026/02/25 17:38:10.053, 0, NVIDIA A10G, 0 %, 0 %, 2161 MiB, 23028 MiB
2026/02/25 17:38:10.054, 1, NVIDIA A10G, 0 %, 0 %, 2007 MiB, 23028 MiB
2026/02/25 17:38:10.054, 2, NVIDIA A10G, 22 %, 8 %, 1729 MiB, 23028 MiB
2026/02/25 17:38:10.054, 3, NVIDIA A10G, 0 %, 0 %, 0 MiB, 23028 MiB
2026/02/25 17:38:11.054, 0, NVIDIA A10G, 0 %, 0 %, 2161 MiB, 23028 MiB
2026/02/25 17:38:11.054, 1, NVIDIA A10G, 0 %, 0 %, 2007 MiB, 23028 MiB
2026/02/25 17:38:11.054, 2, NVIDIA A10G, 14 %, 4 %, 1729 MiB, 23028 MiB
2026/02/25 17:38:11.054, 3, NVIDIA A10G, 0 %, 0 %, 0 MiB, 23028 MiB
2026/02/25 17:38:12.054, 0, NVIDIA A10G, 0 %, 0 %, 2161 MiB, 23028 MiB
2026/02/25 17:38:12.054, 1, NVIDIA A10G, 0 %, 0 %, 2007 MiB, 23028 MiB
2026/02/25 17:38:12.054, 2, NVIDIA A10G, 0 %, 0 %, 1729 MiB, 23028 MiB
2026/02/25 17:38:12.055, 3, NVIDIA A10G, 0 %, 0 %, 0 MiB, 23028 MiB
2026/02/25 17:38:13.055, 0, NVIDIA A10G, 0 %, 0 %, 2161 MiB, 23028 MiB
2026/02/25 17:38:13.055, 1, NVIDIA A10G, 0 %, 0 %, 2007 MiB, 23028 MiB
2026/02/25 17:38:13.055, 2, NVIDIA A10G, 0 %, 0 %, 1729 MiB, 23028 MiB
2026/02/25 17:38:13.055, 3, NVIDIA A10G, 0 %, 0 %, 0 MiB, 23028 MiB
2026/02/25 17:38:14.055, 0, NVIDIA A10G, 78 %, 51 %, 2161 MiB, 23028 MiB
2026/02/25 17:38:14.055, 1, NVIDIA A10G, 0 %, 0 %, 2007 MiB, 23028 MiB
2026/02/25 17:38:14.055, 2, NVIDIA A10G, 0 %, 0 %, 1729 MiB, 23028 MiB
2026/02/25 17:38:14.055, 3, NVIDIA A10G, 0 %, 0 %, 0 MiB, 23028 MiB
2026/02/25 17:38:15.055, 0, NVIDIA A10G, 0 %, 0 %, 2161 MiB, 23028 MiB
2026/02/25 17:38:15.056, 1, NVIDIA A10G, 21 %, 7 %, 2007 MiB, 23028 MiB
2026/02/25 17:38:15.056, 2, NVIDIA A10G, 0 %, 0 %, 1729 MiB, 23028 MiB
2026/02/25 17:38:15.056, 3, NVIDIA A10G, 0 %, 0 %, 0 MiB, 23028 MiB
2026/02/25 17:38:16.056, 0, NVIDIA A10G, 20 %, 7 %, 2161 MiB, 23028 MiB
2026/02/25 17:38:16.056, 1, NVIDIA A10G, 19 %, 6 %, 2007 MiB, 23028 MiB
2026/02/25 17:38:16.056, 2, NVIDIA A10G, 0 %, 0 %, 1729 MiB, 23028 MiB
2026/02/25 17:38:16.056, 3, NVIDIA A10G, 0 %, 0 %, 0 MiB, 23028 MiB
2026/02/25 17:38:17.056, 0, NVIDIA A10G, 22 %, 8 %, 2161 MiB, 23028 MiB
2026/02/25 17:38:17.056, 1, NVIDIA A10G, 16 %, 5 %, 2007 MiB, 23028 MiB
2026/02/25 17:38:17.056, 2, NVIDIA A10G, 0 %, 0 %, 1729 MiB, 23028 MiB
2026/02/25 17:38:17.056, 3, NVIDIA A10G, 0 %, 0 %, 0 MiB, 23028 MiB
2026/02/25 17:38:18.056, 0, NVIDIA A10G, 18 %, 5 %, 2161 MiB, 23028 MiB
2026/02/25 17:38:18.057, 1, NVIDIA A10G, 18 %, 6 %, 2007 MiB, 23028 MiB
2026/02/25 17:38:18.057, 2, NVIDIA A10G, 0 %, 0 %, 1729 MiB, 23028 MiB
2026/02/25 17:38:18.057, 3, NVIDIA A10G, 0 %, 0 %, 0 MiB, 23028 MiB
2026/02/25 17:38:19.057, 0, NVIDIA A10G, 19 %, 6 %, 2161 MiB, 23028 MiB
2026/02/25 17:38:19.057, 1, NVIDIA A10G, 13 %, 4 %, 2007 MiB, 23028 MiB
2026/02/25 17:38:19.057, 2, NVIDIA A10G, 0 %, 0 %, 1729 MiB, 23028 MiB
2026/02/25 17:38:19.057, 3, NVIDIA A10G, 0 %, 0 %, 0 MiB, 23028 MiB
2026/02/25 17:38:20.057, 0, NVIDIA A10G, 21 %, 7 %, 2161 MiB, 23028 MiB
2026/02/25 17:38:20.057, 1, NVIDIA A10G, 18 %, 6 %, 2007 MiB, 23028 MiB
2026/02/25 17:38:20.057, 2, NVIDIA A10G, 0 %, 0 %, 1729 MiB, 23028 MiB
2026/02/25 17:38:20.057, 3, NVIDIA A10G, 0 %, 0 %, 0 MiB, 23028 MiB
2026/02/25 17:38:21.057, 0, NVIDIA A10G, 21 %, 7 %, 2161 MiB, 23028 MiB
2026/02/25 17:38:21.058, 1, NVIDIA A10G, 19 %, 6 %, 2007 MiB, 23028 MiB
2026/02/25 17:38:21.058, 2, NVIDIA A10G, 0 %, 0 %, 1729 MiB, 23028 MiB
2026/02/25 17:38:21.058, 3, NVIDIA A10G, 0 %, 0 %, 0 MiB, 23028 MiB
2026/02/25 17:38:22.058, 0, NVIDIA A10G, 20 %, 7 %, 2161 MiB, 23028 MiB
2026/02/25 17:38:22.058, 1, NVIDIA A10G, 22 %, 7 %, 2007 MiB, 23028 MiB
2026/02/25 17:38:22.058, 2, NVIDIA A10G, 77 %, 49 %, 1729 MiB, 23028 MiB
2026/02/25 17:38:22.058, 3, NVIDIA A10G, 0 %, 0 %, 0 MiB, 23028 MiB
2026/02/25 17:38:23.058, 0, NVIDIA A10G, 23 %, 8 %, 2161 MiB, 23028 MiB
2026/02/25 17:38:23.058, 1, NVIDIA A10G, 22 %, 8 %, 2007 MiB, 23028 MiB
2026/02/25 17:38:23.058, 2, NVIDIA A10G, 2 %, 1 %, 1729 MiB, 23028 MiB
2026/02/25 17:38:23.058, 3, NVIDIA A10G, 0 %, 0 %, 0 MiB, 23028 MiB
2026/02/25 17:38:24.059, 0, NVIDIA A10G, 20 %, 7 %, 2161 MiB, 23028 MiB
2026/02/25 17:38:24.059, 1, NVIDIA A10G, 18 %, 6 %, 2007 MiB, 23028 MiB
2026/02/25 17:38:24.059, 2, NVIDIA A10G, 16 %, 6 %, 1729 MiB, 23028 MiB
2026/02/25 17:38:24.059, 3, NVIDIA A10G, 0 %, 0 %, 0 MiB, 23028 MiB
2026/02/25 17:38:25.059, 0, NVIDIA A10G, 18 %, 5 %, 2161 MiB, 23028 MiB
2026/02/25 17:38:25.059, 1, NVIDIA A10G, 21 %, 7 %, 2007 MiB, 23028 MiB
2026/02/25 17:38:25.059, 2, NVIDIA A10G, 19 %, 6 %, 1729 MiB, 23028 MiB
2026/02/25 17:38:25.059, 3, NVIDIA A10G, 0 %, 0 %, 0 MiB, 23028 MiB
2026/02/25 17:38:26.059, 0, NVIDIA A10G, 21 %, 7 %, 2161 MiB, 23028 MiB
2026/02/25 17:38:26.059, 1, NVIDIA A10G, 17 %, 6 %, 2007 MiB, 23028 MiB
2026/02/25 17:38:26.060, 2, NVIDIA A10G, 17 %, 5 %, 1729 MiB, 23028 MiB
2026/02/25 17:38:26.060, 3, NVIDIA A10G, 0 %, 0 %, 0 MiB, 23028 MiB
2026/02/25 17:38:27.060, 0, NVIDIA A10G, 21 %, 8 %, 2161 MiB, 23028 MiB
2026/02/25 17:38:27.060, 1, NVIDIA A10G, 21 %, 7 %, 2007 MiB, 23028 MiB
2026/02/25 17:38:27.060, 2, NVIDIA A10G, 20 %, 6 %, 1729 MiB, 23028 MiB
2026/02/25 17:38:27.060, 3, NVIDIA A10G, 0 %, 0 %, 0 MiB, 23028 MiB
2026/02/25 17:38:28.060, 0, NVIDIA A10G, 17 %, 5 %, 2161 MiB, 23028 MiB
2026/02/25 17:38:28.060, 1, NVIDIA A10G, 18 %, 6 %, 2007 MiB, 23028 MiB
2026/02/25 17:38:28.060, 2, NVIDIA A10G, 21 %, 7 %, 1729 MiB, 23028 MiB
2026/02/25 17:38:28.060, 3, NVIDIA A10G, 0 %, 0 %, 0 MiB, 23028 MiB
2026/02/25 17:38:29.061, 0, NVIDIA A10G, 23 %, 8 %, 2161 MiB, 23028 MiB
2026/02/25 17:38:29.061, 1, NVIDIA A10G, 0 %, 0 %, 2007 MiB, 23028 MiB
2026/02/25 17:38:29.061, 2, NVIDIA A10G, 17 %, 5 %, 1729 MiB, 23028 MiB
2026/02/25 17:38:29.061, 3, NVIDIA A10G, 0 %, 0 %, 0 MiB, 23028 MiB
2026/02/25 17:38:30.061, 0, NVIDIA A10G, 18 %, 6 %, 2161 MiB, 23028 MiB
2026/02/25 17:38:30.061, 1, NVIDIA A10G, 0 %, 0 %, 2007 MiB, 23028 MiB
2026/02/25 17:38:30.061, 2, NVIDIA A10G, 17 %, 5 %, 1729 MiB, 23028 MiB
2026/02/25 17:38:30.061, 3, NVIDIA A10G, 0 %, 0 %, 0 MiB, 23028 MiB
2026/02/25 17:38:31.061, 0, NVIDIA A10G, 20 %, 7 %, 2161 MiB, 23028 MiB
2026/02/25 17:38:31.061, 1, NVIDIA A10G, 0 %, 0 %, 2007 MiB, 23028 MiB
2026/02/25 17:38:31.061, 2, NVIDIA A10G, 20 %, 7 %, 1729 MiB, 23028 MiB
2026/02/25 17:38:31.061, 3, NVIDIA A10G, 0 %, 0 %, 0 MiB, 23028 MiB
2026/02/25 17:38:32.062, 0, NVIDIA A10G, 22 %, 8 %, 2161 MiB, 23028 MiB
2026/02/25 17:38:32.062, 1, NVIDIA A10G, 0 %, 0 %, 2007 MiB, 23028 MiB
2026/02/25 17:38:32.062, 2, NVIDIA A10G, 21 %, 7 %, 1729 MiB, 23028 MiB
2026/02/25 17:38:32.062, 3, NVIDIA A10G, 0 %, 0 %, 0 MiB, 23028 MiB
2026/02/25 17:38:33.062, 0, NVIDIA A10G, 21 %, 8 %, 2161 MiB, 23028 MiB
2026/02/25 17:38:33.062, 1, NVIDIA A10G, 0 %, 0 %, 2007 MiB, 23028 MiB
2026/02/25 17:38:33.062, 2, NVIDIA A10G, 21 %, 7 %, 1729 MiB, 23028 MiB
2026/02/25 17:38:33.062, 3, NVIDIA A10G, 0 %, 0 %, 0 MiB, 23028 MiB
2026/02/25 17:38:34.062, 0, NVIDIA A10G, 18 %, 7 %, 2161 MiB, 23028 MiB
2026/02/25 17:38:34.063, 1, NVIDIA A10G, 0 %, 0 %, 2007 MiB, 23028 MiB
2026/02/25 17:38:34.063, 2, NVIDIA A10G, 21 %, 8 %, 1729 MiB, 23028 MiB
2026/02/25 17:38:34.063, 3, NVIDIA A10G, 0 %, 0 %, 0 MiB, 23028 MiB
2026/02/25 17:38:35.063, 0, NVIDIA A10G, 0 %, 0 %, 2161 MiB, 23028 MiB
2026/02/25 17:38:35.063, 1, NVIDIA A10G, 0 %, 0 %, 2007 MiB, 23028 MiB
2026/02/25 17:38:35.063, 2, NVIDIA A10G, 24 %, 8 %, 1729 MiB, 23028 MiB
2026/02/25 17:38:35.063, 3, NVIDIA A10G, 0 %, 0 %, 0 MiB, 23028 MiB
2026/02/25 17:38:36.063, 0, NVIDIA A10G, 0 %, 0 %, 2161 MiB, 23028 MiB
2026/02/25 17:38:36.063, 1, NVIDIA A10G, 0 %, 0 %, 2007 MiB, 23028 MiB
2026/02/25 17:38:36.063, 2, NVIDIA A10G, 23 %, 8 %, 1729 MiB, 23028 MiB
2026/02/25 17:38:36.063, 3, NVIDIA A10G, 0 %, 0 %, 0 MiB, 23028 MiB
2026/02/25 17:38:37.064, 0, NVIDIA A10G, 0 %, 0 %, 0 MiB, 23028 MiB
2026/02/25 17:38:37.064, 1, NVIDIA A10G, 0 %, 0 %, 2007 MiB, 23028 MiB
2026/02/25 17:38:37.064, 2, NVIDIA A10G, 15 %, 5 %, 1729 MiB, 23028 MiB
2026/02/25 17:38:37.064, 3, NVIDIA A10G, 0 %, 0 %, 0 MiB, 23028 MiB
2026/02/25 17:38:38.064, 0, NVIDIA A10G, 0 %, 0 %, 0 MiB, 23028 MiB
2026/02/25 17:38:38.064, 1, NVIDIA A10G, 0 %, 0 %, 2007 MiB, 23028 MiB
2026/02/25 17:38:38.064, 2, NVIDIA A10G, 18 %, 13 %, 1729 MiB, 23028 MiB
2026/02/25 17:38:38.064, 3, NVIDIA A10G, 0 %, 0 %, 0 MiB, 23028 MiB
2026/02/25 17:38:39.064, 0, NVIDIA A10G, 0 %, 0 %, 0 MiB, 23028 MiB
2026/02/25 17:38:39.064, 1, NVIDIA A10G, 0 %, 0 %, 2007 MiB, 23028 MiB
2026/02/25 17:38:39.064, 2, NVIDIA A10G, 23 %, 8 %, 1729 MiB, 23028 MiB
2026/02/25 17:38:39.064, 3, NVIDIA A10G, 0 %, 0 %, 0 MiB, 23028 MiB
2026/02/25 17:38:40.064, 0, NVIDIA A10G, 0 %, 0 %, 0 MiB, 23028 MiB
2026/02/25 17:38:40.065, 1, NVIDIA A10G, 0 %, 0 %, 2007 MiB, 23028 MiB
2026/02/25 17:38:40.065, 2, NVIDIA A10G, 0 %, 0 %, 1729 MiB, 23028 MiB
2026/02/25 17:38:40.065, 3, NVIDIA A10G, 0 %, 0 %, 0 MiB, 23028 MiB
2026/02/25 17:38:41.065, 0, NVIDIA A10G, 0 %, 0 %, 0 MiB, 23028 MiB
2026/02/25 17:38:41.065, 1, NVIDIA A10G, 19 %, 7 %, 2007 MiB, 23028 MiB
2026/02/25 17:38:41.065, 2, NVIDIA A10G, 0 %, 0 %, 1729 MiB, 23028 MiB
2026/02/25 17:38:41.065, 3, NVIDIA A10G, 0 %, 0 %, 0 MiB, 23028 MiB
2026/02/25 17:38:42.065, 0, NVIDIA A10G, 0 %, 0 %, 0 MiB, 23028 MiB
2026/02/25 17:38:42.065, 1, NVIDIA A10G, 21 %, 7 %, 2007 MiB, 23028 MiB
2026/02/25 17:38:42.065, 2, NVIDIA A10G, 0 %, 0 %, 1729 MiB, 23028 MiB
2026/02/25 17:38:42.065, 3, NVIDIA A10G, 0 %, 0 %, 0 MiB, 23028 MiB
2026/02/25 17:38:43.065, 0, NVIDIA A10G, 0 %, 0 %, 0 MiB, 23028 MiB
2026/02/25 17:38:43.066, 1, NVIDIA A10G, 23 %, 8 %, 2007 MiB, 23028 MiB
2026/02/25 17:38:43.066, 2, NVIDIA A10G, 0 %, 0 %, 1729 MiB, 23028 MiB
2026/02/25 17:38:43.066, 3, NVIDIA A10G, 0 %, 0 %, 0 MiB, 23028 MiB
2026/02/25 17:38:44.066, 0, NVIDIA A10G, 0 %, 0 %, 0 MiB, 23028 MiB
2026/02/25 17:38:44.066, 1, NVIDIA A10G, 23 %, 8 %, 2007 MiB, 23028 MiB
2026/02/25 17:38:44.066, 2, NVIDIA A10G, 0 %, 0 %, 1729 MiB, 23028 MiB
2026/02/25 17:38:44.066, 3, NVIDIA A10G, 0 %, 0 %, 0 MiB, 23028 MiB
2026/02/25 17:38:45.066, 0, NVIDIA A10G, 0 %, 0 %, 0 MiB, 23028 MiB
2026/02/25 17:38:45.066, 1, NVIDIA A10G, 23 %, 8 %, 2007 MiB, 23028 MiB
2026/02/25 17:38:45.066, 2, NVIDIA A10G, 0 %, 0 %, 1729 MiB, 23028 MiB
2026/02/25 17:38:45.066, 3, NVIDIA A10G, 0 %, 0 %, 0 MiB, 23028 MiB
2026/02/25 17:38:46.066, 0, NVIDIA A10G, 0 %, 0 %, 0 MiB, 23028 MiB
2026/02/25 17:38:46.066, 1, NVIDIA A10G, 23 %, 8 %, 2007 MiB, 23028 MiB
2026/02/25 17:38:46.066, 2, NVIDIA A10G, 0 %, 0 %, 1729 MiB, 23028 MiB
2026/02/25 17:38:46.066, 3, NVIDIA A10G, 0 %, 0 %, 0 MiB, 23028 MiB
2026/02/25 17:38:47.067, 0, NVIDIA A10G, 0 %, 0 %, 0 MiB, 23028 MiB
2026/02/25 17:38:47.067, 1, NVIDIA A10G, 23 %, 8 %, 2007 MiB, 23028 MiB
2026/02/25 17:38:47.067, 2, NVIDIA A10G, 0 %, 0 %, 1729 MiB, 23028 MiB
2026/02/25 17:38:47.067, 3, NVIDIA A10G, 0 %, 0 %, 0 MiB, 23028 MiB
2026/02/25 17:38:48.067, 0, NVIDIA A10G, 0 %, 0 %, 0 MiB, 23028 MiB
2026/02/25 17:38:48.067, 1, NVIDIA A10G, 19 %, 7 %, 2007 MiB, 23028 MiB
2026/02/25 17:38:48.067, 2, NVIDIA A10G, 16 %, 5 %, 1729 MiB, 23028 MiB
2026/02/25 17:38:48.067, 3, NVIDIA A10G, 0 %, 0 %, 0 MiB, 23028 MiB
2026/02/25 17:38:49.067, 0, NVIDIA A10G, 0 %, 0 %, 0 MiB, 23028 MiB
2026/02/25 17:38:49.067, 1, NVIDIA A10G, 22 %, 8 %, 2007 MiB, 23028 MiB
2026/02/25 17:38:49.067, 2, NVIDIA A10G, 21 %, 7 %, 1729 MiB, 23028 MiB
2026/02/25 17:38:49.067, 3, NVIDIA A10G, 0 %, 0 %, 0 MiB, 23028 MiB
2026/02/25 17:38:50.068, 0, NVIDIA A10G, 0 %, 0 %, 0 MiB, 23028 MiB
2026/02/25 17:38:50.068, 1, NVIDIA A10G, 5 %, 2 %, 2007 MiB, 23028 MiB
2026/02/25 17:38:50.068, 2, NVIDIA A10G, 17 %, 6 %, 1729 MiB, 23028 MiB
2026/02/25 17:38:50.068, 3, NVIDIA A10G, 0 %, 0 %, 0 MiB, 23028 MiB
2026/02/25 17:38:51.068, 0, NVIDIA A10G, 0 %, 0 %, 0 MiB, 23028 MiB
2026/02/25 17:38:51.068, 1, NVIDIA A10G, 0 %, 0 %, 2007 MiB, 23028 MiB
2026/02/25 17:38:51.068, 2, NVIDIA A10G, 22 %, 7 %, 1729 MiB, 23028 MiB
2026/02/25 17:38:51.068, 3, NVIDIA A10G, 0 %, 0 %, 0 MiB, 23028 MiB
2026/02/25 17:38:52.068, 0, NVIDIA A10G, 0 %, 0 %, 0 MiB, 23028 MiB
2026/02/25 17:38:52.068, 1, NVIDIA A10G, 0 %, 0 %, 2007 MiB, 23028 MiB
2026/02/25 17:38:52.069, 2, NVIDIA A10G, 22 %, 7 %, 1729 MiB, 23028 MiB
2026/02/25 17:38:52.069, 3, NVIDIA A10G, 0 %, 0 %, 0 MiB, 23028 MiB
2026/02/25 17:38:53.069, 0, NVIDIA A10G, 0 %, 0 %, 0 MiB, 23028 MiB
2026/02/25 17:38:53.069, 1, NVIDIA A10G, 19 %, 6 %, 2007 MiB, 23028 MiB
2026/02/25 17:38:53.069, 2, NVIDIA A10G, 19 %, 6 %, 1729 MiB, 23028 MiB
2026/02/25 17:38:53.069, 3, NVIDIA A10G, 0 %, 0 %, 0 MiB, 23028 MiB
2026/02/25 17:38:54.069, 0, NVIDIA A10G, 0 %, 0 %, 0 MiB, 23028 MiB
2026/02/25 17:38:54.069, 1, NVIDIA A10G, 22 %, 8 %, 2007 MiB, 23028 MiB
2026/02/25 17:38:54.069, 2, NVIDIA A10G, 19 %, 6 %, 1729 MiB, 23028 MiB
2026/02/25 17:38:54.069, 3, NVIDIA A10G, 0 %, 0 %, 0 MiB, 23028 MiB
2026/02/25 17:38:55.069, 0, NVIDIA A10G, 0 %, 0 %, 0 MiB, 23028 MiB
2026/02/25 17:38:55.070, 1, NVIDIA A10G, 0 %, 0 %, 2007 MiB, 23028 MiB
2026/02/25 17:38:55.070, 2, NVIDIA A10G, 21 %, 7 %, 1729 MiB, 23028 MiB
2026/02/25 17:38:55.070, 3, NVIDIA A10G, 0 %, 0 %, 0 MiB, 23028 MiB
2026/02/25 17:38:56.070, 0, NVIDIA A10G, 0 %, 0 %, 0 MiB, 23028 MiB
2026/02/25 17:38:56.070, 1, NVIDIA A10G, 0 %, 0 %, 2007 MiB, 23028 MiB
2026/02/25 17:38:56.070, 2, NVIDIA A10G, 20 %, 6 %, 1729 MiB, 23028 MiB
2026/02/25 17:38:56.070, 3, NVIDIA A10G, 0 %, 0 %, 0 MiB, 23028 MiB
2026/02/25 17:38:57.070, 0, NVIDIA A10G, 0 %, 0 %, 0 MiB, 23028 MiB
2026/02/25 17:38:57.070, 1, NVIDIA A10G, 0 %, 0 %, 2007 MiB, 23028 MiB
2026/02/25 17:38:57.070, 2, NVIDIA A10G, 20 %, 6 %, 1729 MiB, 23028 MiB
2026/02/25 17:38:57.070, 3, NVIDIA A10G, 0 %, 0 %, 0 MiB, 23028 MiB
2026/02/25 17:38:58.071, 0, NVIDIA A10G, 0 %, 0 %, 0 MiB, 23028 MiB
2026/02/25 17:38:58.071, 1, NVIDIA A10G, 0 %, 0 %, 2007 MiB, 23028 MiB
2026/02/25 17:38:58.071, 2, NVIDIA A10G, 0 %, 0 %, 1729 MiB, 23028 MiB
2026/02/25 17:38:58.071, 3, NVIDIA A10G, 0 %, 0 %, 0 MiB, 23028 MiB
2026/02/25 17:38:59.071, 0, NVIDIA A10G, 0 %, 0 %, 0 MiB, 23028 MiB
2026/02/25 17:38:59.071, 1, NVIDIA A10G, 22 %, 7 %, 2007 MiB, 23028 MiB
2026/02/25 17:38:59.071, 2, NVIDIA A10G, 0 %, 0 %, 1729 MiB, 23028 MiB
2026/02/25 17:38:59.071, 3, NVIDIA A10G, 0 %, 0 %, 0 MiB, 23028 MiB
2026/02/25 17:39:00.071, 0, NVIDIA A10G, 0 %, 0 %, 0 MiB, 23028 MiB
2026/02/25 17:39:00.071, 1, NVIDIA A10G, 22 %, 7 %, 2007 MiB, 23028 MiB
2026/02/25 17:39:00.071, 2, NVIDIA A10G, 0 %, 0 %, 1729 MiB, 23028 MiB
2026/02/25 17:39:00.071, 3, NVIDIA A10G, 0 %, 0 %, 0 MiB, 23028 MiB
2026/02/25 17:39:01.071, 0, NVIDIA A10G, 0 %, 0 %, 0 MiB, 23028 MiB
2026/02/25 17:39:01.072, 1, NVIDIA A10G, 22 %, 7 %, 2007 MiB, 23028 MiB
2026/02/25 17:39:01.072, 2, NVIDIA A10G, 0 %, 0 %, 1729 MiB, 23028 MiB
2026/02/25 17:39:01.072, 3, NVIDIA A10G, 0 %, 0 %, 0 MiB, 23028 MiB
2026/02/25 17:39:02.072, 0, NVIDIA A10G, 0 %, 0 %, 0 MiB, 23028 MiB
2026/02/25 17:39:02.072, 1, NVIDIA A10G, 23 %, 8 %, 2007 MiB, 23028 MiB
2026/02/25 17:39:02.072, 2, NVIDIA A10G, 0 %, 0 %, 1729 MiB, 23028 MiB
2026/02/25 17:39:02.072, 3, NVIDIA A10G, 0 %, 0 %, 0 MiB, 23028 MiB
2026/02/25 17:39:03.072, 0, NVIDIA A10G, 0 %, 0 %, 0 MiB, 23028 MiB
2026/02/25 17:39:03.072, 1, NVIDIA A10G, 18 %, 6 %, 2007 MiB, 23028 MiB
2026/02/25 17:39:03.072, 2, NVIDIA A10G, 0 %, 0 %, 1729 MiB, 23028 MiB
2026/02/25 17:39:03.073, 3, NVIDIA A10G, 0 %, 0 %, 0 MiB, 23028 MiB
2026/02/25 17:39:04.073, 0, NVIDIA A10G, 0 %, 0 %, 0 MiB, 23028 MiB
2026/02/25 17:39:04.073, 1, NVIDIA A10G, 0 %, 0 %, 2007 MiB, 23028 MiB
2026/02/25 17:39:04.073, 2, NVIDIA A10G, 0 %, 0 %, 1729 MiB, 23028 MiB
2026/02/25 17:39:04.073, 3, NVIDIA A10G, 0 %, 0 %, 0 MiB, 23028 MiB
2026/02/25 17:39:05.073, 0, NVIDIA A10G, 0 %, 0 %, 0 MiB, 23028 MiB
2026/02/25 17:39:05.073, 1, NVIDIA A10G, 1 %, 0 %, 0 MiB, 23028 MiB
2026/02/25 17:39:05.073, 2, NVIDIA A10G, 0 %, 0 %, 1729 MiB, 23028 MiB
2026/02/25 17:39:05.073, 3, NVIDIA A10G, 0 %, 0 %, 0 MiB, 23028 MiB
2026/02/25 17:39:06.073, 0, NVIDIA A10G, 0 %, 0 %, 0 MiB, 23028 MiB
2026/02/25 17:39:06.073, 1, NVIDIA A10G, 0 %, 0 %, 0 MiB, 23028 MiB
2026/02/25 17:39:06.073, 2, NVIDIA A10G, 0 %, 0 %, 1729 MiB, 23028 MiB
2026/02/25 17:39:06.074, 3, NVIDIA A10G, 0 %, 0 %, 0 MiB, 23028 MiB
2026/02/25 17:39:07.074, 0, NVIDIA A10G, 0 %, 0 %, 0 MiB, 23028 MiB
2026/02/25 17:39:07.074, 1, NVIDIA A10G, 0 %, 0 %, 0 MiB, 23028 MiB
2026/02/25 17:39:07.074, 2, NVIDIA A10G, 0 %, 0 %, 1729 MiB, 23028 MiB
2026/02/25 17:39:07.074, 3, NVIDIA A10G, 0 %, 0 %, 0 MiB, 23028 MiB
2026/02/25 17:39:08.074, 0, NVIDIA A10G, 0 %, 0 %, 0 MiB, 23028 MiB
2026/02/25 17:39:08.074, 1, NVIDIA A10G, 0 %, 0 %, 0 MiB, 23028 MiB
2026/02/25 17:39:08.074, 2, NVIDIA A10G, 0 %, 0 %, 1729 MiB, 23028 MiB
2026/02/25 17:39:08.074, 3, NVIDIA A10G, 0 %, 0 %, 0 MiB, 23028 MiB
2026/02/25 17:39:09.074, 0, NVIDIA A10G, 0 %, 0 %, 0 MiB, 23028 MiB
2026/02/25 17:39:09.074, 1, NVIDIA A10G, 0 %, 0 %, 0 MiB, 23028 MiB
2026/02/25 17:39:09.074, 2, NVIDIA A10G, 0 %, 0 %, 1729 MiB, 23028 MiB
2026/02/25 17:39:09.074, 3, NVIDIA A10G, 0 %, 0 %, 0 MiB, 23028 MiB
2026/02/25 17:39:10.075, 0, NVIDIA A10G, 0 %, 0 %, 0 MiB, 23028 MiB
2026/02/25 17:39:10.075, 1, NVIDIA A10G, 0 %, 0 %, 0 MiB, 23028 MiB
2026/02/25 17:39:10.075, 2, NVIDIA A10G, 0 %, 0 %, 1729 MiB, 23028 MiB
2026/02/25 17:39:10.075, 3, NVIDIA A10G, 0 %, 0 %, 0 MiB, 23028 MiB
2026/02/25 17:39:11.075, 0, NVIDIA A10G, 0 %, 0 %, 0 MiB, 23028 MiB
2026/02/25 17:39:11.075, 1, NVIDIA A10G, 0 %, 0 %, 0 MiB, 23028 MiB
2026/02/25 17:39:11.075, 2, NVIDIA A10G, 90 %, 63 %, 1729 MiB, 23028 MiB
2026/02/25 17:39:11.075, 3, NVIDIA A10G, 0 %, 0 %, 0 MiB, 23028 MiB
2026/02/25 17:39:12.075, 0, NVIDIA A10G, 0 %, 0 %, 0 MiB, 23028 MiB
2026/02/25 17:39:12.075, 1, NVIDIA A10G, 0 %, 0 %, 0 MiB, 23028 MiB
2026/02/25 17:39:12.075, 2, NVIDIA A10G, 21 %, 7 %, 1729 MiB, 23028 MiB
2026/02/25 17:39:12.076, 3, NVIDIA A10G, 0 %, 0 %, 0 MiB, 23028 MiB
2026/02/25 17:39:13.076, 0, NVIDIA A10G, 0 %, 0 %, 0 MiB, 23028 MiB
2026/02/25 17:39:13.076, 1, NVIDIA A10G, 0 %, 0 %, 0 MiB, 23028 MiB
2026/02/25 17:39:13.076, 2, NVIDIA A10G, 23 %, 9 %, 1729 MiB, 23028 MiB
2026/02/25 17:39:13.076, 3, NVIDIA A10G, 0 %, 0 %, 0 MiB, 23028 MiB
2026/02/25 17:39:14.076, 0, NVIDIA A10G, 0 %, 0 %, 0 MiB, 23028 MiB
2026/02/25 17:39:14.076, 1, NVIDIA A10G, 0 %, 0 %, 0 MiB, 23028 MiB
2026/02/25 17:39:14.076, 2, NVIDIA A10G, 24 %, 9 %, 1729 MiB, 23028 MiB
2026/02/25 17:39:14.076, 3, NVIDIA A10G, 0 %, 0 %, 0 MiB, 23028 MiB
2026/02/25 17:39:15.076, 0, NVIDIA A10G, 0 %, 0 %, 0 MiB, 23028 MiB
2026/02/25 17:39:15.076, 1, NVIDIA A10G, 0 %, 0 %, 0 MiB, 23028 MiB
2026/02/25 17:39:15.076, 2, NVIDIA A10G, 22 %, 8 %, 1729 MiB, 23028 MiB
2026/02/25 17:39:15.076, 3, NVIDIA A10G, 0 %, 0 %, 0 MiB, 23028 MiB
2026/02/25 17:39:16.077, 0, NVIDIA A10G, 0 %, 0 %, 0 MiB, 23028 MiB
2026/02/25 17:39:16.077, 1, NVIDIA A10G, 0 %, 0 %, 0 MiB, 23028 MiB
2026/02/25 17:39:16.077, 2, NVIDIA A10G, 23 %, 8 %, 1729 MiB, 23028 MiB
2026/02/25 17:39:16.077, 3, NVIDIA A10G, 0 %, 0 %, 0 MiB, 23028 MiB
2026/02/25 17:39:17.077, 0, NVIDIA A10G, 0 %, 0 %, 0 MiB, 23028 MiB
2026/02/25 17:39:17.077, 1, NVIDIA A10G, 0 %, 0 %, 0 MiB, 23028 MiB
2026/02/25 17:39:17.077, 2, NVIDIA A10G, 24 %, 9 %, 1729 MiB, 23028 MiB
2026/02/25 17:39:17.077, 3, NVIDIA A10G, 0 %, 0 %, 0 MiB, 23028 MiB
2026/02/25 17:39:18.077, 0, NVIDIA A10G, 0 %, 0 %, 0 MiB, 23028 MiB
2026/02/25 17:39:18.077, 1, NVIDIA A10G, 0 %, 0 %, 0 MiB, 23028 MiB
2026/02/25 17:39:18.077, 2, NVIDIA A10G, 23 %, 8 %, 1729 MiB, 23028 MiB
2026/02/25 17:39:18.077, 3, NVIDIA A10G, 0 %, 0 %, 0 MiB, 23028 MiB
2026/02/25 17:39:19.077, 0, NVIDIA A10G, 0 %, 0 %, 0 MiB, 23028 MiB
2026/02/25 17:39:19.078, 1, NVIDIA A10G, 0 %, 0 %, 0 MiB, 23028 MiB
2026/02/25 17:39:19.078, 2, NVIDIA A10G, 24 %, 8 %, 1729 MiB, 23028 MiB
2026/02/25 17:39:19.078, 3, NVIDIA A10G, 0 %, 0 %, 0 MiB, 23028 MiB
2026/02/25 17:39:20.078, 0, NVIDIA A10G, 0 %, 0 %, 0 MiB, 23028 MiB
2026/02/25 17:39:20.078, 1, NVIDIA A10G, 0 %, 0 %, 0 MiB, 23028 MiB
2026/02/25 17:39:20.078, 2, NVIDIA A10G, 22 %, 8 %, 1729 MiB, 23028 MiB
2026/02/25 17:39:20.078, 3, NVIDIA A10G, 0 %, 0 %, 0 MiB, 23028 MiB
2026/02/25 17:39:21.078, 0, NVIDIA A10G, 0 %, 0 %, 0 MiB, 23028 MiB
2026/02/25 17:39:21.078, 1, NVIDIA A10G, 0 %, 0 %, 0 MiB, 23028 MiB
2026/02/25 17:39:21.078, 2, NVIDIA A10G, 23 %, 9 %, 1729 MiB, 23028 MiB
2026/02/25 17:39:21.078, 3, NVIDIA A10G, 0 %, 0 %, 0 MiB, 23028 MiB
2026/02/25 17:39:22.078, 0, NVIDIA A10G, 0 %, 0 %, 0 MiB, 23028 MiB
2026/02/25 17:39:22.078, 1, NVIDIA A10G, 0 %, 0 %, 0 MiB, 23028 MiB
2026/02/25 17:39:22.078, 2, NVIDIA A10G, 23 %, 8 %, 1729 MiB, 23028 MiB
2026/02/25 17:39:22.079, 3, NVIDIA A10G, 0 %, 0 %, 0 MiB, 23028 MiB
2026/02/25 17:39:23.079, 0, NVIDIA A10G, 0 %, 0 %, 0 MiB, 23028 MiB
2026/02/25 17:39:23.079, 1, NVIDIA A10G, 0 %, 0 %, 0 MiB, 23028 MiB
2026/02/25 17:39:23.079, 2, NVIDIA A10G, 22 %, 8 %, 1729 MiB, 23028 MiB
2026/02/25 17:39:23.079, 3, NVIDIA A10G, 0 %, 0 %, 0 MiB, 23028 MiB
2026/02/25 17:39:24.079, 0, NVIDIA A10G, 0 %, 0 %, 0 MiB, 23028 MiB
2026/02/25 17:39:24.079, 1, NVIDIA A10G, 0 %, 0 %, 0 MiB, 23028 MiB
2026/02/25 17:39:24.079, 2, NVIDIA A10G, 23 %, 9 %, 1729 MiB, 23028 MiB
2026/02/25 17:39:24.079, 3, NVIDIA A10G, 0 %, 0 %, 0 MiB, 23028 MiB
2026/02/25 17:39:25.079, 0, NVIDIA A10G, 0 %, 0 %, 0 MiB, 23028 MiB
2026/02/25 17:39:25.079, 1, NVIDIA A10G, 0 %, 0 %, 0 MiB, 23028 MiB
2026/02/25 17:39:25.079, 2, NVIDIA A10G, 0 %, 0 %, 1729 MiB, 23028 MiB
2026/02/25 17:39:25.080, 3, NVIDIA A10G, 0 %, 0 %, 0 MiB, 23028 MiB
2026/02/25 17:39:26.080, 0, NVIDIA A10G, 0 %, 0 %, 0 MiB, 23028 MiB
2026/02/25 17:39:26.080, 1, NVIDIA A10G, 0 %, 0 %, 0 MiB, 23028 MiB
2026/02/25 17:39:26.080, 2, NVIDIA A10G, 0 %, 0 %, 1729 MiB, 23028 MiB
2026/02/25 17:39:26.080, 3, NVIDIA A10G, 0 %, 0 %, 0 MiB, 23028 MiB
