company,emotion,modality,hedges_g,ci_low,ci_high,p_value
KMI,happy,audio,0.002716804995206967,-0.28886742324259795,0.29430103323301193,0.9853305469420268
KMI,happy,text,0.03882316604848798,-0.2527888913694898,0.3304352234664657,0.7933966872005542
KMI,neutral,audio,-0.06552578830569031,-0.35718953890985616,0.22613796229847558,0.6588000852267207
KMI,neutral,text,0.09370742799499913,-0.19803955469192236,0.38545441068192066,0.5261366197205343
KMI,surprise,audio,-0.027060769627267108,-0.31865844847072045,0.2645369092161862,0.8556536476640437
KMI,surprise,text,-0.26024495321575425,-0.5530830607914305,0.032593154359921994,0.08032142691015612
KMI,disgust,audio,0.2974169844076162,0.004196130324268743,0.5906378384909636,0.0469052988318905
KMI,disgust,text,-0.02226440063021955,-0.3138576897655696,0.2693288885051305,0.8806357194570582
KMI,anger,audio,-0.03132454147741063,-0.32292683929266086,0.26027775633783956,0.8338940324203498
KMI,anger,text,0.07500020707021714,-0.21668824050311952,0.3666886546435538,0.6120379347490112
KMI,sadness,audio,-0.040121568264729277,-0.3317355274649082,0.2514923909354496,0.7871009455576877
KMI,sadness,text,0.13634569956636383,-0.15558313646134242,0.4282745355940701,0.35823337971356584
KMI,fear,audio,0.056853560055286675,-0.23479050233609744,0.3484976224466708,0.7018888588892732
KMI,fear,text,-0.06866452902771017,-0.3603360927358682,0.22300703468044789,0.6430180278979278
AAPL,happy,audio,0.05695486597427413,-0.19438425937897208,0.30829399132752033,0.6477648432065253
AAPL,happy,text,-0.016669624971353766,-0.2679623945127946,0.23462314457008704,0.8958756636837193
AAPL,neutral,audio,-0.057398955649720355,-0.3087388746301634,0.1939409633307227,0.6516892073297549
AAPL,neutral,text,0.1860966570099714,-0.06573251546757314,0.43792582948751596,0.14127344362381503
AAPL,surprise,audio,0.2654538436437287,0.013066379193905298,0.5178413080935521,0.03994556070639324
AAPL,surprise,text,0.06699049491772115,-0.1843680685415539,0.3183490583769962,0.5997356865193704
AAPL,disgust,audio,-0.1436958173824179,-0.3953067905780788,0.10791515581324304,0.2681709933086788
AAPL,disgust,text,-0.1311550721235752,-0.38271223156035367,0.12040208731320329,0.293031619629584
AAPL,anger,audio,0.36426901065339434,0.11091498259021582,0.6176230387165729,0.005387275743803309
AAPL,anger,text,-0.1922958082317973,-0.44416156486998803,0.05956994840639343,0.12449496507289586
AAPL,sadness,audio,-0.28090428762231157,-0.5334230910330718,-0.028385484211551293,0.028731593472106742
AAPL,sadness,text,-0.3021413645647072,-0.5548526960283657,-0.04943003310104871,0.018102013062286215
AAPL,fear,audio,-0.25647237172688475,-0.5087868723513187,-0.00415787110245075,0.04617993870569309
AAPL,fear,text,-0.009687317632358625,-0.260977210620319,0.2416025753556017,0.9393551169454214
ABNB,happy,audio,0.184047854755834,-0.09206488202566157,0.4601605915373296,0.19645928743047664
ABNB,happy,text,-0.03150976926778785,-0.307051521559176,0.24403198302360027,0.8223764913555458
ABNB,neutral,audio,-0.02972297831847656,-0.30526282869371013,0.24581687205675704,0.8322958330381679
ABNB,neutral,text,0.10703048593362847,-0.1686930819825438,0.3827540538498007,0.45006212145260466
ABNB,surprise,audio,-0.02278803760635891,-0.2983215575468373,0.25274548233411953,0.8707547368016901
ABNB,surprise,text,0.07596722042872145,-0.1996575794439714,0.3515920203014143,0.5902951426369057
ABNB,disgust,audio,-0.06714822953721822,-0.34275109508879775,0.20845463601436132,0.6338403169042743
ABNB,disgust,text,-0.03938260678645814,-0.31493406095011517,0.23616884737719887,0.7796447611673906
ABNB,anger,audio,0.4525881561293072,0.17352543168734874,0.7316508805712656,0.0012369151259321145
ABNB,anger,text,-0.061917108232372745,-0.3375082396856243,0.21367402322087886,0.6616458380336389
ABNB,sadness,audio,-0.30099662500434204,-0.5780916495856792,-0.02390160042300493,0.03328942267090149
ABNB,sadness,text,-0.13191989336863674,-0.4077467580783334,0.1439069713410599,0.35329938035345926
ABNB,fear,audio,-0.1955243787737712,-0.4717126732571199,0.08066391570957748,0.16324694056132047
ABNB,fear,text,-0.06372652629254966,-0.33932160896254693,0.21186855637744761,0.6505444839815689
WMB,happy,audio,0.07602041844297898,-0.22216127147033082,0.37420210835628875,0.6096592786755983
WMB,happy,text,-0.12785603474180898,-0.42623271382119854,0.17052064433758055,0.40867254896683475
WMB,neutral,audio,-0.17356843128434704,-0.4721991496400001,0.12506228707130604,0.2500116476418357
WMB,neutral,text,0.18193705766544943,-0.11674848387249276,0.4806225992033916,0.23613395132019768
WMB,surprise,audio,0.30775427385783377,0.00793564495772836,0.6075729027579392,0.03954113311141532
WMB,surprise,text,0.025317168581149574,-0.27276967237617616,0.3234040095384753,0.8693550804987796
WMB,disgust,audio,-0.0519788240639219,-0.3501037112543833,0.24614606312653947,0.7346385370608959
WMB,disgust,text,-0.03822586251654479,-0.33632784726071235,0.25987612222762274,0.8030317016415738
WMB,anger,audio,0.08346171525763496,-0.21474187756655905,0.38166530808182897,0.578913421704112
WMB,anger,text,-0.14499591385217175,-0.44345884018388315,0.15346701247953964,0.33169892189944095
WMB,sadness,audio,-0.12495295251221816,-0.4233160942024004,0.17341018917796408,0.4163869514244075
WMB,sadness,text,-0.10107763151490727,-0.39934121391008087,0.1971859508802663,0.49911970559750196
WMB,fear,audio,-0.2189279302806761,-0.5178865695521613,0.08003070899080905,0.14834521423246383
WMB,fear,text,-0.003004949556597174,-0.30108012316241584,0.29507022404922145,0.9841708704164417
PSX,happy,audio,-0.14480252721143047,-0.3749477746051316,0.08534272018227071,0.22676755983473268
PSX,happy,text,-0.013449607389671723,-0.2432950373193824,0.21639582254003897,0.9091577858046319
PSX,neutral,audio,0.04665469296358665,-0.18321953970048177,0.2765289256276551,0.6920568066516625
PSX,neutral,text,0.1939673502998,-0.03641784533571785,0.42435254593531785,0.10325146572478117
PSX,surprise,audio,0.008169648744024927,-0.22167413369258684,0.2380134311806367,0.9449454808428549
PSX,surprise,text,-0.1063777288657482,-0.33638381669599565,0.12362835896449925,0.3686899371439648
PSX,disgust,audio,0.06931933735421145,-0.16059282420500073,0.2992314989134236,0.5577196411820552
PSX,disgust,text,-0.3035742092523061,-0.5347433054033763,-0.07240511310123587,0.01018324367291081
PSX,anger,audio,0.09235293465265683,-0.1376129512703005,0.3223188205756142,0.42733967395432704
PSX,anger,text,-0.0852013890829112,-0.31514895727403314,0.14474617910821078,0.47256077115735906
PSX,sadness,audio,-0.024573582329950515,-0.2544251168083341,0.20527795214843306,0.8353737107731192
PSX,sadness,text,0.013495504750529434,-0.21634994302836957,0.24334095252942844,0.9096618084883296
PSX,fear,audio,0.0057495740770168256,-0.22409372217845824,0.23559287033249188,0.960947083068563
PSX,fear,text,0.02390454194288493,-0.20594652443637268,0.25375560832214256,0.8394274563653814
TDG,happy,audio,0.05396062884896008,-0.147097930149816,0.25501918784773614,0.5920946230265427
TDG,happy,text,0.10440411179428194,-0.09674582097866433,0.30555404456722823,0.30469296318027583
TDG,neutral,audio,0.21800706263917344,0.016438714530778775,0.4195754107475681,0.03434983539214364
TDG,neutral,text,0.016393406689375174,-0.18463491191597134,0.21742172529472167,0.872616525997934
TDG,surprise,audio,-0.07387173119271281,-0.2749594081781941,0.12721594579276843,0.462867591344711
TDG,surprise,text,-0.03042483609686093,-0.2314606714661139,0.17061099927239207,0.7651019513885027
TDG,disgust,audio,-0.23665172032551124,-0.43831678318749606,-0.034986657463526416,0.022720192393411238
TDG,disgust,text,-0.2174383663801649,-0.41900388847618353,-0.015872844284146287,0.02846120228539732
TDG,anger,audio,-0.13747022982714374,-0.338711602062492,0.06377114240820453,0.1947971284185733
TDG,anger,text,-0.09456733637852259,-0.2956948857010647,0.10656021294401953,0.3466598852831792
TDG,sadness,audio,-0.07860069503202603,-0.27969661989468253,0.12249522983063048,0.45013625229608567
TDG,sadness,text,0.011976681722366591,-0.18905020309611237,0.21300356654084557,0.9050316798708206
TDG,fear,audio,0.07781506101225161,-0.12327945819692651,0.27890958022142975,0.4449944903974716
TDG,fear,text,0.049216102979815574,-0.15183685538339803,0.2502690613430292,0.6186337389289015
APD,happy,audio,-0.09260541293147655,-0.4431172550347477,0.25790642917179457,0.6014921205387507
APD,happy,text,0.019056556811900136,-0.3312715523405096,0.3693846659643099,0.9144751800550472
APD,neutral,audio,0.020399851386249123,-0.32992944382923767,0.3707291466017359,0.9087466758870717
APD,neutral,text,0.1171551825730782,-0.23347181696850727,0.4677821821146637,0.511148041624874
APD,surprise,audio,0.22731397305163845,-0.12416043797800694,0.5787883840812839,0.20644822501044702
APD,surprise,text,-0.19876139584457234,-0.5499643502321939,0.15244155854304928,0.26354283483049984
APD,disgust,audio,-0.20848982034245514,-0.5597812021124186,0.1428015614275083,0.2426243627820874
APD,disgust,text,-0.0804397456613225,-0.4309044990795014,0.2700250077568564,0.6496331173659592
APD,anger,audio,-0.08947512066934873,-0.43997421458913955,0.261023973250442,0.6130501979335696
APD,anger,text,0.02649275358537657,-0.3238429351915933,0.3768284423623464,0.8816650223869614
APD,sadness,audio,0.07230970911028593,-0.27812726382882935,0.42274668204940125,0.6841675363985612
APD,sadness,text,0.0769112399105546,-0.2735410936006411,0.4273635734217503,0.6665652360309686
APD,fear,audio,-0.08411466964585598,-0.4345929500135609,0.2663636107218489,0.6374729131540312
APD,fear,text,-0.04717692081857727,-0.39754670658017427,0.3031928649430197,0.7874887487217033
AWK,happy,audio,-0.036036185750618614,-0.40198587237943867,0.3299135008782014,0.8449383989225216
AWK,happy,text,0.010310936676157694,-0.3556109365097867,0.37623280986210206,0.95575797588587
AWK,neutral,audio,0.12206746190035844,-0.24419937565759087,0.48833429945830775,0.5094212690066703
AWK,neutral,text,0.10132873807127446,-0.26483010501975146,0.4674875811623004,0.5887654668118952
AWK,surprise,audio,-0.25976101524942297,-0.6272511639523691,0.1077291334535232,0.15133551831976613
AWK,surprise,text,-0.31002455952091124,-0.6781793743588183,0.05813025531699578,0.09440502724291
AWK,disgust,audio,-0.20161755378156584,-0.5684840271852261,0.1652489196220944,0.2735124161910914
AWK,disgust,text,-0.1578736343148954,-0.5243740142973674,0.20862674566757664,0.3956424420924395
AWK,anger,audio,0.04734630455031838,-0.3186253801626383,0.4133179892632751,0.7998858272469364
AWK,anger,text,0.0831008895545603,-0.2829795708178183,0.4491813499269389,0.6577035160962013
AWK,sadness,audio,0.14556726431643296,-0.22084612784340618,0.5119806564762721,0.4328480634037855
AWK,sadness,text,0.12928286090472652,-0.23702624297025937,0.4955919647797124,0.48796222469073053
AWK,fear,audio,0.1851621447632175,-0.1815562033297998,0.5518804928562348,0.31271520269525
AWK,fear,text,0.11491804510657064,-0.2513093016923459,0.4811453919054871,0.5341311014987394
AMZN,happy,audio,-0.19885177775759982,-0.4954713908311425,0.09776783531594285,0.19261010527623296
AMZN,happy,text,-0.08958955667925135,-0.3856271866795023,0.20644807332099963,0.5514346154014309
AMZN,neutral,audio,0.3073750441345452,0.009743654730728024,0.6050064335383624,0.04044109728685305
AMZN,neutral,text,-0.013940782621715475,-0.3098336070490226,0.2819520418055916,0.926977941812487
AMZN,surprise,audio,-0.04457156905874595,-0.3404975373683667,0.2513543992508748,0.7666808277195976
AMZN,surprise,text,-0.054341439224817996,-0.3502852766248877,0.2416023981752517,0.7233654142804231
AMZN,disgust,audio,0.1599685390645125,-0.13639356965352215,0.45633064778254717,0.291797842996485
AMZN,disgust,text,0.14712063653954296,-0.14916861306431592,0.4434098861434018,0.3325345044686512
AMZN,anger,audio,0.15700845092756008,-0.13933633256755143,0.4533532344226716,0.29604543536353806
AMZN,anger,text,0.25162648513958424,-0.045431391653830255,0.5486843619329987,0.09518752326933928
AMZN,sadness,audio,-0.21684024870078117,-0.5135977799673113,0.07991728256574898,0.15466870720288042
AMZN,sadness,text,-0.0494116361826888,-0.3453460159026708,0.2465227435372932,0.7448384540601849
AMZN,fear,audio,-0.27027238007060744,-0.5675094634503932,0.026964703309178273,0.07706069030514498
AMZN,fear,text,-0.011655045705946188,-0.3075467881557637,0.28423669674387136,0.9395994861950661
ECL,happy,audio,0.003651865717087006,-0.24483767778176765,0.2521414092159417,0.9770005104844421
ECL,happy,text,-0.18753343431061337,-0.43654600634299284,0.06147913772176611,0.14292557568840308
ECL,neutral,audio,-0.07738661788072443,-0.32596513787323533,0.17119190211178648,0.5403001665103845
ECL,neutral,text,0.12526061268401306,-0.1234623010092254,0.3739835263772515,0.3196851323249011
ECL,surprise,audio,-0.09654572841513918,-0.34517385579895987,0.15208239896868148,0.453411694306913
ECL,surprise,text,0.0690986479779464,-0.1794617964478299,0.3176590924037227,0.5899598757515286
ECL,disgust,audio,-0.06629801583045496,-0.31485281433817874,0.1822567826772688,0.6008237343146527
ECL,disgust,text,-0.038649824111656496,-0.2871614156848101,0.2098617674614971,0.765121959738151
ECL,anger,audio,0.22581103345467782,-0.023436571261080924,0.4750586381704366,0.08071860411407455
ECL,anger,text,0.10250327634897125,-0.1461425016360685,0.351149054334011,0.4298129720817081
ECL,sadness,audio,-0.06386180812638197,-0.3124118852334138,0.18468826898064983,0.6180894263926158
ECL,sadness,text,0.1330448748869147,-0.1157079550316916,0.381797704805521,0.3012354431465614
ECL,fear,audio,0.12299704845480058,-0.12571750373049212,0.3717116006400933,0.3455672847414057
ECL,fear,text,-0.16581332004696808,-0.41471180431775045,0.08308516422381432,0.18773681826987945
SYK,happy,audio,-0.028227372955404652,-0.20698859844333223,0.15053385253252294,0.7567971685612513
SYK,happy,text,-0.002796627377531719,-0.18154897605785233,0.1759557213027889,0.9755355006004492
SYK,neutral,audio,0.05487851712053302,-0.12390762598583654,0.23366466022690258,0.5472390752288944
SYK,neutral,text,0.14620061030542705,-0.032791985599328,0.3251932062101821,0.10925559204097769
SYK,surprise,audio,-0.10455421957473342,-0.28342943483412747,0.07432099568466065,0.25234238187616986
SYK,surprise,text,0.04750785238097669,-0.13126980111588152,0.22628550587783489,0.6022829928035899
SYK,disgust,audio,-0.07160369419751472,-0.250413633080116,0.10720624468508655,0.4324549234959305
SYK,disgust,text,-0.08966454708674051,-0.2685072440259144,0.08917814985243339,0.32582377541272545
SYK,anger,audio,-0.024066101063379516,-0.2028248782453117,0.1546926761185527,0.7918232386538429
SYK,anger,text,-0.1634551039836368,-0.3425077254034484,0.015597517436174851,0.07367628163458562
SYK,sadness,audio,0.09117769199265363,-0.08766808223284564,0.2700234662181529,0.3178405995278804
SYK,sadness,text,-0.13377043982430362,-0.31272392777919933,0.045183048130592096,0.14275359753976444
SYK,fear,audio,0.09368028161230782,-0.08517069503169072,0.27253125825630636,0.30478303743731
SYK,fear,text,-0.06786923571669495,-0.2466733159773018,0.11093484454391189,0.4566672966699978
MCD,happy,audio,0.06645493347859922,-0.1775950860994404,0.31050495305663883,0.5932891025430712
MCD,happy,text,-0.09430416114736573,-0.3384231241040356,0.14981480180930412,0.44556894906789235
MCD,neutral,audio,0.16698363512070746,-0.07742755027960688,0.41139482052102183,0.18125680805742392
MCD,neutral,text,0.04938023050957307,-0.19463932514214552,0.29339978616129164,0.6911862244560062
MCD,surprise,audio,-0.030172116795307104,-0.2741681339855541,0.21382390039493993,0.8076075479988079
MCD,surprise,text,0.04815260343985123,-0.1958651078830579,0.29217031476276034,0.6965116805859233
MCD,disgust,audio,0.10617786228284432,-0.13797775046260044,0.35033347502828904,0.39334148977751704
MCD,disgust,text,0.003672793951084287,-0.2403094066211822,0.24765499452335074,0.9761946616897548
MCD,anger,audio,-0.10237410976072508,-0.3465175097202329,0.1417692901987827,0.4082534675892827
MCD,anger,text,0.043505546931553424,-0.20050560327751643,0.2875166971406233,0.7260749449155465
MCD,sadness,audio,-0.23216956362777427,-0.4769805661249799,0.012641438869431365,0.06191142152902902
MCD,sadness,text,0.03544124289546302,-0.20856010012641307,0.2794425859173391,0.7755938678751109
MCD,fear,audio,-0.1025273698618674,-0.3466712532950429,0.1416165135713081,0.40923689140523645
MCD,fear,text,-0.06358479686105731,-0.3076290680131769,0.18045947429106227,0.6075054205516545
CMCSA,happy,audio,-0.07450358476938487,-0.33667305448181517,0.18766588494304545,0.5769877339497592
CMCSA,happy,text,0.27354325913647526,0.010230621003041285,0.5368558972699092,0.04320836062577029
CMCSA,neutral,audio,0.02231895783252662,-0.23976693868951532,0.2844048543545686,0.8676836229711368
CMCSA,neutral,text,0.09991106529956523,-0.16233168054932423,0.3621538111484547,0.45725316272551036
CMCSA,surprise,audio,-0.14868558196551615,-0.41112871948310403,0.1137575555520717,0.27033529652880595
CMCSA,surprise,text,-0.12273291176348824,-0.3850596518526158,0.1395938283256393,0.3582333715993671
CMCSA,disgust,audio,0.15074070425276534,-0.11171259913980844,0.4131940076453391,0.2579161690712567
CMCSA,disgust,text,-0.041593589746319846,-0.3036998647813823,0.2205126852887426,0.7554404534623101
CMCSA,anger,audio,-0.0378251071215719,-0.2999264313409137,0.2242762170977699,0.775514785563462
CMCSA,anger,text,-0.19272301449552837,-0.45541441767633517,0.06996838868527844,0.15160532075361277
CMCSA,sadness,audio,0.07044652344534691,-0.19171322065685875,0.33260626754755257,0.5990846608565126
CMCSA,sadness,text,-0.14999501035931076,-0.41244460901457136,0.11245458829594981,0.26662699191259476
CMCSA,fear,audio,0.12726925300422373,-0.13507623065058103,0.38961473665902846,0.34118651483702417
CMCSA,fear,text,-0.1418068187569331,-0.4042169422830003,0.12060330476913408,0.2930945636879258
DHR,happy,audio,0.13475292370855993,-0.11882721839719598,0.3883330658143158,0.2939772934244099
DHR,happy,text,-0.03279464431657978,-0.28610785660431853,0.22051856797115896,0.797420238206022
DHR,neutral,audio,-0.19423415353085924,-0.4481197210275414,0.059651413965822936,0.13482338763930582
DHR,neutral,text,0.04677229920286563,-0.20655829979078572,0.300102898196517,0.7184201974521504
DHR,surprise,audio,0.04354170567798256,-0.20978433214056713,0.2968677434965322,0.7381511144989243
DHR,surprise,text,0.1334070349335913,-0.12016747059115901,0.3869815404583416,0.30102945989606916
DHR,disgust,audio,-0.024004896214892997,-0.27731030313853466,0.22930051070874868,0.8519458068692978
DHR,disgust,text,0.021690137382663288,-0.23161361584841156,0.27499389061373813,0.865976882919078
DHR,anger,audio,0.05902060715602981,-0.19433024769819296,0.31237146201025257,0.64773753569318
DHR,anger,text,0.04107511139957775,-0.2122476635439669,0.2943978863431224,0.7499054465945217
DHR,sadness,audio,0.042364531010535264,-0.21095992588692714,0.2956889879079977,0.7402125647283175
DHR,sadness,text,-0.18824994655591382,-0.4420998085143297,0.06559991540250204,0.14665436665365222
DHR,fear,audio,0.00426401648200184,-0.2490326655168366,0.2575606984808403,0.973553620696337
DHR,fear,text,-0.09386887636360862,-0.3473030011390297,0.1595652484118124,0.4721120554235645
CHD,happy,audio,0.20672235625219482,-0.06157326986637107,0.4750179823707607,0.12889526753595193
CHD,happy,text,-0.2063547231523993,-0.4746477791225998,0.06193833281780117,0.1299266650863349
CHD,neutral,audio,-0.2018599615851019,-0.4701219623082344,0.06640203913803061,0.14024577037048533
CHD,neutral,text,0.20519750616113058,-0.06308748932999636,0.4734825016522575,0.13300317262825115
CHD,surprise,audio,0.1127613664209978,-0.15502572743649365,0.3805484602784892,0.4078861441714228
CHD,surprise,text,0.15803814621725876,-0.10995676856931319,0.4260330610038307,0.246532767238591
CHD,disgust,audio,0.12304653751327121,-0.14478167802857278,0.3908747530551152,0.3663222287525482
CHD,disgust,text,-0.07681450318061694,-0.3444860198436525,0.19085701348241862,0.5721335619843688
CHD,anger,audio,0.09117369210933678,-0.1765387409452004,0.35888612516387397,0.5051427882887551
CHD,anger,text,0.0021431276560542763,-0.2654283541711414,0.26971460948325,0.9874080831530252
CHD,sadness,audio,-0.03868027344744904,-0.3062770661660672,0.2289165192711691,0.776441638719079
CHD,sadness,text,-0.13127599282937455,-0.3991396892882998,0.13658770362955067,0.3356593017039038
CHD,fear,audio,-0.2042732078469097,-0.4725517976201201,0.06400538192630076,0.13663811337853843
CHD,fear,text,-0.07431759853128223,-0.3419827136358502,0.19334751657328575,0.5854566217650268
MDT,happy,audio,-0.3358367359461855,-0.7080515918268968,0.03637811993452578,0.08458740484864173
MDT,happy,text,-0.24957562491330498,-0.6206201157146124,0.12146886588800243,0.17928671061139737
MDT,neutral,audio,0.27154177766735,-0.0997683344773887,0.6428518898120887,0.1501036090823111
MDT,neutral,text,0.13890664396502525,-0.23113851168190755,0.508951799611958,0.4628467365349846
MDT,surprise,audio,0.014499171051925965,-0.3551015076145488,0.38409984971840067,0.9384662413355171
MDT,surprise,text,-0.0017291845261080637,-0.37132503382976273,0.36786666477754665,0.9927724284669767
MDT,disgust,audio,0.05792789459943136,-0.3117460761289576,0.42760186532782035,0.7574787293399474
MDT,disgust,text,0.08123794094108959,-0.2885116028998536,0.4509874847820328,0.660743285556215
MDT,anger,audio,0.11975239606226847,-0.25017742474121213,0.48968221686574903,0.5127379481021672
MDT,anger,text,0.2900111001459118,-0.0815395141810989,0.6615617144729224,0.12359214517780302
MDT,sadness,audio,-0.18552931928131447,-0.5559263753676137,0.18486773680498478,0.32805184683811933
MDT,sadness,text,-0.09160432612996135,-0.46139560492525167,0.278186952665329,0.6331242408986392
MDT,fear,audio,-0.020397138938884257,-0.3900026138478787,0.34920833597011014,0.9145952427370355
MDT,fear,text,-0.10122376839467852,-0.4710582481077276,0.2686107113183706,0.5961603512907091
WEC,happy,audio,0.288873497790921,0.02467023344502295,0.553076762136819,0.032116746834553886
WEC,happy,text,-0.16103492670026187,-0.424284005612309,0.10221415221178526,0.22749647136966142
WEC,neutral,audio,-0.14429502458180551,-0.40745914133659433,0.11886909217298328,0.2829687745046486
WEC,neutral,text,-0.018652893694107546,-0.2814764152294336,0.2441706278412185,0.8890418034521771
WEC,surprise,audio,0.055474203622351406,-0.20739475122975431,0.3183431584744571,0.679264467659375
WEC,surprise,text,0.18602267763238678,-0.0773704943217654,0.44941584958653896,0.16620470532053808
WEC,disgust,audio,0.17230306520186428,-0.09100843297165268,0.43561456337538124,0.19620697420294628
WEC,disgust,text,0.13543490640019962,-0.12768800195337082,0.39855781475377006,0.3132773256358863
WEC,anger,audio,-0.04194659851518675,-0.3047936176712127,0.22090042064083923,0.7568054803083378
WEC,anger,text,0.06692203572449808,-0.19597023935298513,0.32981431080198126,0.6144585474301646
WEC,sadness,audio,-0.2155525051015902,-0.47914258395740017,0.04803757375421977,0.1078908177844057
WEC,sadness,text,0.057615592100439456,-0.20525739341229352,0.3204885776131724,0.6659005670748318
WEC,fear,audio,0.006710920797828919,-0.2561075584156233,0.2695294000112812,0.9601298703656691
WEC,fear,text,-0.098026846681677,-0.3610044963402138,0.16495080297685982,0.4657647298307656
ACN,happy,audio,-0.06994701893136089,-0.3433623643160819,0.2034683264533601,0.6161857105756796
ACN,happy,text,-0.09652469837518,-0.3700160265483751,0.17696662979801508,0.4917013234608904
ACN,neutral,audio,0.23773099159994107,-0.036569596758099815,0.512031579957982,0.09014651851307655
ACN,neutral,text,0.5340812676636959,0.25589234228015545,0.8122701930472364,0.00014123219442130664
ACN,surprise,audio,-0.297936303519312,-0.5727884708565348,-0.023084136182089154,0.035829812366569305
ACN,surprise,text,0.06387667782853505,-0.20952471431020492,0.33727806996727505,0.6477207302523511
ACN,disgust,audio,-0.12827722532295754,-0.4018910936463874,0.14533664300047233,0.3657878225133742
ACN,disgust,text,-0.2973231035305179,-0.5721690341641635,-0.022477172896872233,0.03481281444092057
ACN,anger,audio,-0.06124543644505963,-0.3346411734944481,0.21215030060432882,0.6648140075449933
ACN,anger,text,-0.33448741391388603,-0.6097342555015602,-0.05924057232621183,0.018275838939103936
ACN,sadness,audio,0.18539059307995137,-0.08853057820630517,0.4593117643662079,0.19237759380787303
ACN,sadness,text,-0.2242739749109986,-0.4984681014408626,0.04992015161886543,0.11106979166868373
ACN,fear,audio,0.11126488622297985,-0.1622790294371565,0.3848088018831162,0.42821078313184513
ACN,fear,text,-0.27821137658845996,-0.5528693013271385,-0.003553451849781397,0.048455758142328324
PFE,happy,audio,0.03456468312896849,-0.17510333433111355,0.24423270058905053,0.7463377873724556
PFE,happy,text,0.08244270019050078,-0.12729935836452988,0.29218475874553146,0.4394586164183549
PFE,neutral,audio,-0.02911657552231195,-0.23878000668565005,0.18054685564102615,0.7854014062066117
PFE,neutral,text,0.16352641280676652,-0.04647902911949814,0.3735318547330312,0.12632573941263694
PFE,surprise,audio,0.09930228213156556,-0.11048026328058827,0.30908482754371935,0.3536386599930017
PFE,surprise,text,-0.03291350042843732,-0.24258004503307518,0.17675304417620052,0.7575428779262651
PFE,disgust,audio,0.0886073598121051,-0.12114863238518891,0.2983633520093991,0.4069461169417078
PFE,disgust,text,-0.07527109078649781,-0.2849982025312429,0.13445602095824727,0.48033965793145517
PFE,anger,audio,0.02784943834115437,-0.18181303859883358,0.2375119152811423,0.7940957704747572
PFE,anger,text,-0.10912733327477533,-0.31893693254255356,0.1006822659930029,0.30657148524252886
PFE,sadness,audio,-0.14731254020170506,-0.35725145592851565,0.06262637552510553,0.16829778298106646
PFE,sadness,text,-0.15373860387513172,-0.3637030582684143,0.056225850518150905,0.15011218036509968
PFE,fear,audio,-0.1282025419269548,-0.3380719364530206,0.08166685259911102,0.23054799422745448
PFE,fear,text,-0.18147434137054744,-0.3915614888597242,0.02861280611862929,0.09018560035616476
AMAT,happy,audio,-0.03306022615637235,-0.24681648067704526,0.18069602836430054,0.7605469556714417
AMAT,happy,text,0.14059961417007302,-0.0734043673549872,0.3546035956951332,0.197985309327821
AMAT,neutral,audio,-0.11637683993182325,-0.3302982830794596,0.09754460321581308,0.28459295109453575
AMAT,neutral,text,-0.1025098381660992,-0.3163910221028873,0.1113713457706889,0.34383609596539866
AMAT,surprise,audio,0.035930007905082176,-0.17782887441248563,0.24968889022265,0.7407467292566511
AMAT,surprise,text,-0.0522410871266859,-0.2660190566423263,0.16153688238895447,0.6332119458551306
AMAT,disgust,audio,-0.008191142102477624,-0.2219337799830693,0.20555149577811405,0.9396776828826617
AMAT,disgust,text,0.05158234414432579,-0.16219471770511784,0.26535940599376945,0.6351884413765777
AMAT,anger,audio,0.10646978875063512,-0.10742237226541299,0.3203619497666832,0.32238058381980245
AMAT,anger,text,0.021327881880832907,-0.19241990318745136,0.23507566694911716,0.844136392719805
AMAT,sadness,audio,0.009905995705715645,-0.20383705410368727,0.22364904551511858,0.9275306104704003
AMAT,sadness,text,0.028119326423228296,-0.1856329159730465,0.24187156881950306,0.7958390668852966
AMAT,fear,audio,0.05902661406777001,-0.15476137518614447,0.2728146033216845,0.58672153512339
AMAT,fear,text,-0.022230474807963845,-0.23597878171709186,0.1915178321011642,0.8388439992605545
CSX,happy,audio,-0.21681049272241845,-0.468513452454312,0.0348924670094751,0.09067879588904666
CSX,happy,text,-0.3286652964457991,-0.5813343711698669,-0.07599622172173132,0.010614514756308698
CSX,neutral,audio,0.12497531160833465,-0.12622919453674136,0.37617981775341064,0.32879488801521345
CSX,neutral,text,0.30306388972123594,0.05065054531597035,0.5554772341265015,0.018382832958606068
CSX,surprise,audio,0.2076404871030264,-0.0440007162523654,0.4592816904584182,0.10526291217578634
CSX,surprise,text,0.10944098091202357,-0.14170563268493497,0.36058759450898215,0.39187336997840144
CSX,disgust,audio,-0.2368084398940448,-0.48865527413915477,0.015038394351065215,0.06467816068849466
CSX,disgust,text,-0.004054407544407134,-0.25501077300903974,0.24690195792022548,0.974689620601091
CSX,anger,audio,0.030443127982137646,-0.22052772237773702,0.2814139783420123,0.8115948183571667
CSX,anger,text,-0.07697696753209589,-0.32802733893113567,0.17407340386694392,0.547027679929434
CSX,sadness,audio,0.01823314918099044,-0.23272824453858004,0.26919454290056094,0.8864599095686252
CSX,sadness,text,0.019547185147017226,-0.23141499849626965,0.27050936879030407,0.8783086498776967
CSX,fear,audio,-0.1894380040960853,-0.4409644861788484,0.062088477986677826,0.1392407630589822
CSX,fear,text,-0.10065097493821884,-0.35176822445762024,0.15046627458118256,0.43091219429090666
CSCO,happy,audio,0.18373240696324514,-0.21894062955737834,0.5864054434838686,0.37452183914764625
CSCO,happy,text,0.05742186436608998,-0.3444976626767682,0.45934139140894814,0.7834547427155162
CSCO,neutral,audio,-0.18851926732888316,-0.5912363401981314,0.21419780554036508,0.3713246660736541
CSCO,neutral,text,-0.0889516259143878,-0.4909854098636889,0.31308215803491324,0.6699499741878603
CSCO,surprise,audio,0.01291478238193141,-0.38892722466566654,0.4147567894295293,0.952464978696592
CSCO,surprise,text,-0.1494903082441694,-0.5518812501776289,0.25290063368929006,0.47828042355309885
CSCO,disgust,audio,-0.030094083287670617,-0.4319543881165418,0.3717662215412006,0.8817983690832937
CSCO,disgust,text,0.024476435377691272,-0.3773762777034353,0.42632914845881786,0.9064544484211624
CSCO,anger,audio,-0.013509375151626153,-0.41535177130296635,0.38833302099971406,0.9482794477821265
CSCO,anger,text,-0.009455865567228836,-0.4112959563101446,0.39238422517568694,0.9635614725888977
CSCO,sadness,audio,-0.023239669891623568,-0.4250909215145155,0.37861158173126835,0.9120286172732159
CSCO,sadness,text,0.0509506253912708,-0.3509515365654044,0.45285278734794604,0.8118927294622107
CSCO,fear,audio,0.1323135572976217,-0.2699576541998664,0.5345847687951099,0.5337244489290377
CSCO,fear,text,0.17985651583903106,-0.22278169107058254,0.5824947227486447,0.39498039792410056
KKR,happy,audio,0.09183435933538006,-0.19403191854446297,0.37770063721522307,0.527255143687302
KKR,happy,text,-0.0868174638074947,-0.37266768246945325,0.19903275485446384,0.5516349625113223
KKR,neutral,audio,-0.077135166755407,-0.36295693998883105,0.20868660647801707,0.598034346140024
KKR,neutral,text,0.11317011918429022,-0.17277451638609842,0.39911475475467884,0.4366043194339288
KKR,surprise,audio,-0.048981772870198066,-0.3347399120152518,0.23677636627485565,0.7388423664612139
KKR,surprise,text,0.05965765529795112,-0.2261212716914572,0.34543658228735946,0.6828900140181401
KKR,disgust,audio,-0.052142002421411815,-0.3379058695472397,0.2336218647044161,0.7232778555753431
KKR,disgust,text,-0.05900457091635965,-0.3447821089601165,0.22677296712739725,0.6832823435433873
KKR,anger,audio,-0.04820278299450042,-0.33395956518876396,0.2375539991997631,0.7439192867365064
KKR,anger,text,0.02219419905415334,-0.2635297636559637,0.30791816176427034,0.8796641483434822
KKR,sadness,audio,-0.0004955496821050929,-0.28621068657274495,0.2852195872085348,0.9972633141380954
KKR,sadness,text,-0.12967655049723567,-0.4156929789648812,0.1563398779704099,0.371593022480242
KKR,fear,audio,0.22667412953502533,-0.059960615574972315,0.513308874645023,0.11908212035055377
KKR,fear,text,-0.03131258675771721,-0.31704529540221305,0.25442012188677865,0.8273004745548648
MA,happy,audio,-0.06010525963995157,-0.29824524746818676,0.1780347281882836,0.6272102800866447
MA,happy,text,0.18432730080005869,-0.05425513491521952,0.4229097365153369,0.13796835649802436
MA,neutral,audio,0.06264702709200194,-0.17549751133893976,0.30079156552294367,0.6109534491239635
MA,neutral,text,-0.04338815505595438,-0.2815029078177887,0.1947265977058799,0.7227794672790759
MA,surprise,audio,-0.0532910084441329,-0.2914197259888154,0.18483770910054956,0.6673852432153743
MA,surprise,text,-0.0026638578719904455,-0.24075125285376955,0.23542353710978867,0.9825568435718199
MA,disgust,audio,-0.024241813129525787,-0.26233767745934,0.21385405120028841,0.844139998535964
MA,disgust,text,0.08227063030677449,-0.15591538075736155,0.32045664137091057,0.49726876530952113
MA,anger,audio,-0.00416434183991105,-0.24225188628721336,0.23392320260739127,0.9723486089187703
MA,anger,text,-0.007463123854436001,-0.24555122785507597,0.23062498014620395,0.951061106231812
MA,sadness,audio,0.10370192119919684,-0.13454220214897727,0.34194604454737093,0.3962144995784673
MA,sadness,text,-0.26211500053993236,-0.501202467650536,-0.023027533429328784,0.03139561839500184
MA,fear,audio,-0.02421916091855602,-0.2623150092346996,0.21387668739758753,0.8437039247933754
MA,fear,text,-0.06232820123168301,-0.3004721585271664,0.1758157560638004,0.6157899625912906
PPG,happy,audio,0.022214811895009616,-0.199787317720396,0.24421694151041526,0.8444476858775383
PPG,happy,text,0.07741084144684683,-0.144668383245464,0.29949006613915763,0.4947847420992756
PPG,neutral,audio,0.06723060203097048,-0.15482798107083215,0.28928918513277313,0.5530002306278993
PPG,neutral,text,0.03081116191412728,-0.19119735944743607,0.25281968327569065,0.785748981143156
PPG,surprise,audio,-0.18023504594695453,-0.4026853169806886,0.04221522508677955,0.11211626700669458
PPG,surprise,text,0.028936704450231755,-0.19307024651218557,0.25094365541264907,0.7986556061205
PPG,disgust,audio,0.01607094169280808,-0.20592788950616264,0.23806977289177877,0.8871366013463897
PPG,disgust,text,0.12451886393936888,-0.0976936628552627,0.34673139073400044,0.27065441104888593
PPG,anger,audio,-0.0320885715760565,-0.25409821958607065,0.18992107643395764,0.7769483491220308
PPG,anger,text,-0.10136509843698827,-0.3235043444193575,0.12077414754538096,0.3707066054816156
PPG,sadness,audio,0.11457965267222463,-0.10759957958609633,0.33675888493054557,0.3119105418942746
PPG,sadness,text,-0.09613483201462139,-0.31825960162331857,0.12598993759407578,0.39678809526354625
PPG,fear,audio,0.06913202590908918,-0.15293019201644656,0.2911942438346249,0.541080193892292
PPG,fear,text,-0.14155018130374197,-0.3638261815625138,0.08072581895502987,0.2119448154772509
NEM,happy,audio,0.10077103224752529,-0.1942227645915037,0.3957648290865543,0.5043722434043941
NEM,happy,text,0.07193843939352378,-0.22296349384303127,0.36684037263007885,0.6387582023368433
NEM,neutral,audio,-0.06458430140707855,-0.3594677094963854,0.2302991066822283,0.6648065586075158
NEM,neutral,text,-0.011660976352588443,-0.3064699192267381,0.2831479665215612,0.9391685595195592
NEM,surprise,audio,-0.01802185126034974,-0.31283427885362536,0.2767905763329259,0.9046809038943463
NEM,surprise,text,0.00025270613433444456,-0.2945537282295095,0.29505914049817833,0.9986931853211753
NEM,disgust,audio,0.04040793294008413,-0.25442863467586585,0.33524450055603416,0.788555501451357
NEM,disgust,text,0.1750767086053105,-0.12029491209652987,0.47044832930715086,0.2360513690680083
NEM,anger,audio,-0.02510974717180709,-0.3199278170084673,0.2697083226648531,0.8682743057165659
NEM,anger,text,0.11045295676404367,-0.18457855846608828,0.4054844719941756,0.4554921836299263
NEM,sadness,audio,-0.07284326591485825,-0.3677476162172748,0.22206108438755834,0.6327245327066324
NEM,sadness,text,-0.0985062410072379,-0.3934917131563165,0.1964792311418407,0.5147384998429012
NEM,fear,audio,0.09063317717002219,-0.20432482652048545,0.3855911808605298,0.5516803120429026
NEM,fear,text,-0.15589539349669884,-0.45115004382469964,0.13935925683130196,0.306851481344744
RCL,happy,audio,0.2270491678526391,-0.046324654442543606,0.5004229901478218,0.10307218031923614
RCL,happy,text,0.34639893356975016,0.07184616741166572,0.6209516997278346,0.013050742354585292
RCL,neutral,audio,0.12003441181526997,-0.15269746101770215,0.3927662846482421,0.38698646815293913
RCL,neutral,text,-0.08759556200161735,-0.36021086605805847,0.1850197420548238,0.5273739074670478
RCL,surprise,audio,-0.0876240418264769,-0.3602394322681538,0.18499134861519997,0.5272543385920913
RCL,surprise,text,-0.052110981539002246,-0.32464045455468904,0.22041849147668457,0.7066595469936793
RCL,disgust,audio,-0.03632621546581725,-0.30883151447021784,0.23617908353858333,0.7931290582847107
RCL,disgust,text,-0.03329929696123873,-0.30580094618380643,0.23920235226132897,0.8099783437947075
RCL,anger,audio,-0.12759351145105777,-0.40035777181342547,0.14517074891130996,0.3577159967397559
RCL,anger,text,-0.13105582349807743,-0.40383557729098013,0.14172393029482527,0.34519219413940244
RCL,sadness,audio,-0.15971109655413465,-0.43263495981883004,0.11321276671056077,0.2500801281021763
RCL,sadness,text,-0.2707704119998423,-0.5445197077435155,0.0029788837438309845,0.05191087247025893
RCL,fear,audio,-0.04061186044833612,-0.31312286960681024,0.23189914871013803,0.7699501109168198
RCL,fear,text,0.0757875126063762,-0.1967943926077819,0.3483694178205343,0.5841959001737531
OKE,happy,audio,0.13103220505610708,-0.20881267722224,0.47087708733445416,0.45326481313299993
OKE,happy,text,-0.13124808167414304,-0.47109418068606035,0.20859801733777428,0.4474153460004127
OKE,neutral,audio,-0.3964139652449724,-0.7392536272564922,-0.053574303233452525,0.02304619074165016
OKE,neutral,text,0.15057120124920675,-0.189391900669433,0.4905343031678465,0.38669708774402195
OKE,surprise,audio,0.1260953446207501,-0.21372225781219725,0.46591294705369746,0.47171837420219676
OKE,surprise,text,-0.10297060524641323,-0.44267434798255884,0.2367331374897324,0.5501530277333949
OKE,disgust,audio,0.1667651327398772,-0.1733083454111864,0.5068386108909408,0.3341765376940419
OKE,disgust,text,0.06952115980176339,-0.2700585200098175,0.40910083961334426,0.6884695444531136
OKE,anger,audio,0.29960586584401766,-0.04179546145029783,0.6410071931383332,0.08589140359397693
OKE,anger,text,0.19262340480857026,-0.14764958548378526,0.5328963951009258,0.276697567463529
OKE,sadness,audio,0.0057955448483890835,-0.3336808979530838,0.34527198764986194,0.973284394051254
OKE,sadness,text,-0.19314233137572137,-0.533419618071796,0.14713495532035328,0.26981320224451716
OKE,fear,audio,-0.14179394693909375,-0.48170191816348823,0.19811402428530073,0.41225122337355447
OKE,fear,text,-0.036266575410120176,-0.37577058948163233,0.30323743866139197,0.834799357834335
MMC,happy,audio,-0.1421184574608918,-0.3729491887989844,0.08871227387720085,0.22572861991440624
MMC,happy,text,0.08777633851909222,-0.1428729025179877,0.3184255795561721,0.4526031452779942
MMC,neutral,audio,0.10974902033355129,-0.12096328812846698,0.34046132879556956,0.3498623522656838
MMC,neutral,text,-0.04224408593361647,-0.2728072731249039,0.18831910125767096,0.7184325676269631
MMC,surprise,audio,-0.03239099954392909,-0.2629434950539856,0.19816149596612745,0.781330008912429
MMC,surprise,text,0.057482196387151865,-0.1731030830845693,0.28806747585887305,0.6220765072040738
MMC,disgust,audio,0.06811452646375488,-0.16249016488241066,0.2987192178099204,0.5613567221637137
MMC,disgust,text,0.012818484652157527,-0.21772114528740827,0.2433581145917233,0.913004973153552
MMC,anger,audio,-0.059856386176766925,-0.29044571542868525,0.17073294307515138,0.6093522712945885
MMC,anger,text,-0.1216862894159116,-0.35243873411355464,0.10906615528173146,0.29904328821611575
MMC,sadness,audio,0.07310761531509717,-0.1575073255828211,0.3037225562130154,0.5325878880683335
MMC,sadness,text,-0.1213185214058407,-0.3520696678655155,0.10943262505383411,0.30395165948911473
MMC,fear,audio,0.030158523656936994,-0.200391941584794,0.260708988898668,0.7958659944059897
MMC,fear,text,0.007186743015479161,-0.2233512487775561,0.23772473480851444,0.9509011506890861
JPM,happy,audio,0.21183075142321106,-0.024486997926304932,0.44814850077272705,0.07708479102385668
JPM,happy,text,0.19508208273940847,-0.04113437903079775,0.4312985445096147,0.10347664728156283
JPM,neutral,audio,-0.035850438719280536,-0.2715196508893167,0.1998187734507556,0.7650425021195456
JPM,neutral,text,-0.15319294847742893,-0.38919244467136627,0.08280654771650844,0.2001734392646437
JPM,surprise,audio,0.00468609134208504,-0.23096429747981337,0.24033648016398343,0.9688320836750347
JPM,surprise,text,-0.16680212437241637,-0.402866406721894,0.06926215797706126,0.16386131395526177
JPM,disgust,audio,-0.14408352331648644,-0.3800427241276278,0.09187567749465492,0.22935351097021342
JPM,disgust,text,-0.025412761754007862,-0.26107244624244175,0.210246922734426,0.8317028357274387
JPM,anger,audio,-0.022634695473268206,-0.2582923910874465,0.2130230001409101,0.8500910124227858
JPM,anger,text,-0.13248834049572472,-0.36839981362088764,0.1034231326294382,0.27032430061785967
JPM,sadness,audio,-0.030113464042717187,-0.2657770376373232,0.20555010955188882,0.8013885774649898
JPM,sadness,text,0.010820499089427546,-0.22483130714824795,0.24647230532710307,0.9279605456965965
JPM,fear,audio,-0.03729402934338858,-0.2729648147680327,0.19837675608125555,0.7552820883144946
JPM,fear,text,0.21694162344927975,-0.01940868506968446,0.45329193196824397,0.07066917792026711
ITW,happy,audio,0.15047504095320471,-0.12036687069846,0.42131695260486945,0.2716753279511751
ITW,happy,text,0.21793671687817706,-0.05332552264009416,0.4891989563964483,0.11645765998708155
ITW,neutral,audio,0.13721520006341353,-0.13356213878221646,0.4079925389090435,0.32661781818583435
ITW,neutral,text,0.11192307784848318,-0.15874756471191195,0.3825937204088783,0.4124454805862896
ITW,surprise,audio,0.02279229299147772,-0.24767491850289808,0.29325950448585353,0.8693978311627045
ITW,surprise,text,0.08851073529914437,-0.18208042160034515,0.3591018921986339,0.5253675651536645
ITW,disgust,audio,-0.22170871857569194,-0.4929989809880716,0.04958154383668775,0.11234964674433688
ITW,disgust,text,-0.4849417404005605,-0.7593571240899153,-0.21052635671120568,0.0006224681614766548
ITW,anger,audio,-0.203764432534863,-0.47492565691028266,0.06739679184055661,0.14991962282465568
ITW,anger,text,-0.3217414456255741,-0.5939487401521301,-0.04953415109901815,0.02070168182382809
ITW,sadness,audio,-0.08554683613433028,-0.3561292532624697,0.18503558099380912,0.535920406838547
ITW,sadness,text,-0.07720006871435851,-0.3477594714105243,0.19335933398180727,0.5770411624015785
ITW,fear,audio,-0.034178778884634865,-0.30465698476462266,0.23629942699535292,0.8053275319831348
ITW,fear,text,-0.016345517797858995,-0.2868084528936429,0.2541174172979249,0.9060170111209261
CMG,happy,audio,-0.07962358122339196,-0.29601646689135624,0.1367693044445723,0.4754176899318387
CMG,happy,text,0.008251019094920587,-0.2080578842520381,0.2245599224418793,0.9411088729237481
CMG,neutral,audio,0.19962633028000468,-0.01721472631299245,0.4164673868730018,0.07334613036054427
CMG,neutral,text,0.03400331871657562,-0.18232015767216214,0.2503267951053134,0.7578199523240896
CMG,surprise,audio,-0.1320635283332825,-0.34860497901254295,0.08447792234597795,0.2354843158866227
CMG,surprise,text,-0.131800540049078,-0.3483410623425941,0.08473998224443807,0.23447810148691678
CMG,disgust,audio,-0.10077207525316872,-0.3172160306107611,0.11567188010442361,0.369206130178867
CMG,disgust,text,-0.0014574134780212878,-0.21776543348505584,0.21485060652901328,0.9894355406691309
CMG,anger,audio,0.02893974232991208,-0.1873794657309307,0.24525895039075488,0.7940120476834057
CMG,anger,text,0.08376739754570914,-0.13263455230003815,0.3001693473914564,0.4500420208882249
CMG,sadness,audio,-0.05249819083612561,-0.2688430912849978,0.16384670961274655,0.6351390815434489
CMG,sadness,text,0.046997869303504185,-0.1693397027891303,0.2633354413961387,0.6690802084795483
CMG,fear,audio,0.026298292431427204,-0.19001896156267886,0.24261554642553326,0.8151442645182494
CMG,fear,text,0.006546390770870028,-0.20976217474993747,0.2228549562916775,0.9526413113748801
WM,happy,audio,0.23215438704206007,0.052441297294006206,0.41186747679011393,0.011978419001957818
WM,happy,text,-0.03278072969503255,-0.21190045971340055,0.14633900032333547,0.7194576422218455
WM,neutral,audio,-0.1088028791554161,-0.28804367898794525,0.07043792067711303,0.23339054034230303
WM,neutral,text,0.22737933302053812,0.04769085366999001,0.40706781237108625,0.013009862291948589
WM,surprise,audio,-0.014552948891836658,-0.1936629705624171,0.16455707277874376,0.8734543906383364
WM,surprise,text,0.041060415897685484,-0.13806619324986846,0.2201870250452394,0.6530909039395008
WM,disgust,audio,-0.17327216571000775,-0.3527173303311135,0.0061729989110980155,0.05814783060463497
WM,disgust,text,-0.13160183818397247,-0.31090425769285623,0.047700581324911284,0.1489194653879047
WM,anger,audio,-0.13672502847790127,-0.31604289956027326,0.042592842604470715,0.13462075569862716
WM,anger,text,-0.05127007770184733,-0.23040729296799947,0.12786713756430482,0.5753596652114619
WM,sadness,audio,0.04432964988057396,-0.1348001002267057,0.22345939998785364,0.6281832573458992
WM,sadness,text,-0.13467239443168258,-0.3139840040746316,0.04463921521126646,0.14075032790229342
WM,fear,audio,0.1317207749661189,-0.04758199658169451,0.31102354651393227,0.15030321687107392
WM,fear,text,-0.19999921668166157,-0.3795563976416247,-0.02044203572169845,0.028452631591548837
MTCH,happy,audio,0.12944440408996166,-0.19653258555259417,0.4554213937325175,0.4398982428579008
MTCH,happy,text,0.14651845156369797,-0.1795450150700612,0.47258191819745715,0.38330904014712813
MTCH,neutral,audio,0.054338366126032364,-0.2713851575923408,0.38006188984440553,0.748036318211252
MTCH,neutral,text,0.0575019212392692,-0.2682281019533107,0.38323194443184905,0.7247990531238067
MTCH,surprise,audio,-0.24768481065374853,-0.5744792911918747,0.07910966988437762,0.15194027229685994
MTCH,surprise,text,-0.05531203261067776,-0.38103751755670023,0.27041345233534475,0.7365440648104395
MTCH,disgust,audio,-0.08119234808098966,-0.406982723234217,0.24459802707223774,0.6299623922916996
MTCH,disgust,text,-0.1264905492422751,-0.45245366177407265,0.19947256328952245,0.44446094641456
MTCH,anger,audio,0.19058203409984342,-0.13575389935681798,0.5169179675565048,0.2593879516751872
MTCH,anger,text,0.006563045148259848,-0.31910702515154055,0.3322331154480602,0.967173528621476
MTCH,sadness,audio,-0.1332797363792842,-0.4592752213360714,0.192715748577503,0.42336476582444643
MTCH,sadness,text,0.0015858565868763063,-0.3240834685284,0.3272551817021526,0.9923439967166685
MTCH,fear,audio,0.03433358535448645,-0.2913573508922188,0.3600245216011917,0.8395960780758875
MTCH,fear,text,-0.10730103467629722,-0.4331817832364291,0.21857971388383468,0.5258253784014424
SO,happy,audio,0.09412224546300078,-0.17274513738929131,0.3609896283152929,0.48841145506786454
SO,happy,text,0.10246224438042642,-0.1644329018695889,0.3693573906304417,0.45073801612076675
SO,neutral,audio,0.14966334930692088,-0.11743323430305791,0.41675993291689967,0.2709762790129215
SO,neutral,text,0.14827832420926604,-0.11881127704939035,0.41536792546792245,0.275424510656705
SO,surprise,audio,-0.17216029356497495,-0.4393793526246935,0.0950587654947436,0.2057012614862376
SO,surprise,text,0.05810650454320678,-0.2086680149125664,0.32488102399897995,0.6687249014906116
SO,disgust,audio,0.012122777750799231,-0.25459702775798815,0.2788425832595866,0.928849620719778
SO,disgust,text,-0.27996116043644953,-0.5480032522107561,-0.01191906866214304,0.04021060042595893
SO,anger,audio,-0.25601532150893697,-0.5238409303504823,0.011810287332608416,0.0604174191729449
SO,anger,text,-0.10513454719680598,-0.37203908707672184,0.16176999268310988,0.43902061178528473
SO,sadness,audio,0.026479488652519617,-0.24024970717438696,0.29320868447942616,0.8453781445611108
SO,sadness,text,-0.1368972328112699,-0.4039319104259882,0.13013744480344838,0.31387066728855495
SO,fear,audio,0.13159947176508072,-0.1354111312708832,0.3986100748010446,0.33291293603415784
SO,fear,text,-0.08853935798231347,-0.35538947052376446,0.1783107545591375,0.5145252928605201
V,happy,audio,-0.17033039924412585,-0.4404304959448427,0.09976969745659098,0.21428577002036978
V,happy,text,-0.09284431803565309,-0.3626061768411397,0.17691754076983357,0.4961385780655896
V,neutral,audio,0.14844470699399523,-0.12153971988164089,0.4184291338696313,0.2771220220261534
V,neutral,text,0.08417322329080389,-0.18556315915763377,0.3539096057392416,0.5407442511858196
V,surprise,audio,0.10241927038133798,-0.1673736168322254,0.37221215759490134,0.45811301807908145
V,surprise,text,0.09341126810420677,-0.1763523432870909,0.3631748794955044,0.4980708239152123
V,disgust,audio,0.013166807978084767,-0.25645482543155446,0.282788441387724,0.9222696901096082
V,disgust,text,-0.08927562851434263,-0.35902670029828687,0.18047544326960163,0.515552387590366
V,anger,audio,-0.07549357557353725,-0.3452069540496624,0.1942198029025879,0.5897657415767069
V,anger,text,-0.12540706285641673,-0.3952868476907242,0.14447272197789074,0.3673958709712349
V,sadness,audio,0.04068893141003506,-0.2289573139767196,0.3103351767967897,0.7688599095522051
V,sadness,text,-0.04659957130859241,-0.3162543830765716,0.22305524045938677,0.7345246136704983
V,fear,audio,-0.20418147222122573,-0.4744916328916366,0.06612868844918512,0.14045787520243866
V,fear,text,0.05095432984397629,-0.21870753538054116,0.32061619506849376,0.7154112920693485
CEG,happy,audio,-0.2546843592534308,-0.8520791773111391,0.34271045880427753,0.4096662660693952
CEG,happy,text,-0.1725107728176762,-0.7686069957363406,0.42358545010098814,0.5784009402852076
CEG,neutral,audio,-0.379345241424575,-0.9796536258689215,0.22096314301977155,0.20565960578492795
CEG,neutral,text,-0.13824049756265813,-0.73394220661091,0.4574612114855938,0.6582415860666893
CEG,surprise,audio,-0.14231225182718124,-0.7380562916500646,0.45343178799570216,0.6097493407849329
CEG,surprise,text,0.5113045130012934,-0.09331034593176646,1.1159193719343534,0.09052821448528918
CEG,disgust,audio,-0.12620433926030522,-0.7217880864674522,0.4693794079468418,0.6778181358115648
CEG,disgust,text,0.26452667635192795,-0.33305694762082183,0.8621103003246777,0.3702213008643776
CEG,anger,audio,0.3884403917581021,-0.21212472882137712,0.9890055123375813,0.20997397955315744
CEG,anger,text,0.24306768468401113,-0.3541134279648713,0.8402487973328936,0.42475102614069793
CEG,sadness,audio,0.4900070577258763,-0.11382868462726176,1.0938428000790144,0.0989203169480276
CEG,sadness,text,-0.3258753121181737,-0.9247954486746213,0.27304482443827377,0.2765950605414021
CEG,fear,audio,0.3578035900825161,-0.24192057553718277,0.957527755702215,0.23029511222810758
CEG,fear,text,-0.2337695733403099,-0.8307867694139575,0.36324762273333766,0.44979316928370777
WY,happy,audio,0.15059670902675223,-0.12601765426902925,0.42721107232253375,0.29054623063577284
WY,happy,text,0.003945864523362978,-0.27229444505385253,0.2801861741005785,0.977827439939763
WY,neutral,audio,-0.04200900824134563,-0.3182782052362262,0.23426018875353494,0.7675868121968054
WY,neutral,text,0.05092818049450344,-0.22535470491386767,0.3272110659028745,0.733162429850499
WY,surprise,audio,0.09897156136021809,-0.17743022060634348,0.37537334332677963,0.49886832456521235
WY,surprise,text,0.15950145857107784,-0.11715844468950981,0.4361613618316655,0.25854182954428145
WY,disgust,audio,-0.10059668750315896,-0.37700382269766414,0.17581044769134618,0.47554447516577447
WY,disgust,text,-0.020564998440297244,-0.2968120355670772,0.2556820386864827,0.8889656170373028
WY,anger,audio,0.1216997858661658,-0.15478476893962312,0.39818434067195474,0.3888041160379591
WY,anger,text,-0.08217676654912874,-0.35852832698938947,0.19417479389113196,0.5731178585001488
WY,sadness,audio,-0.3079133666643844,-0.5857148652088819,-0.030111868119886864,0.03445628115358915
WY,sadness,text,-0.10230682105675168,-0.37871968352700036,0.17410604141349703,0.47390710311353257
WY,fear,audio,-0.02490116485179159,-0.3011514579180043,0.25134912821442107,0.8630563576113255
WY,fear,text,-0.09998392481073552,-0.376389031314394,0.17642118169292292,0.48938249942001455
FANG,happy,audio,0.05762364807708249,-0.1682030546668215,0.28345035082098646,0.6131974490944118
FANG,happy,text,-0.006322559585623288,-0.23210298603675475,0.2194578668655082,0.9564845530354806
FANG,neutral,audio,-0.0045869492953803225,-0.23036710861854146,0.22119321002778083,0.9682285954420349
FANG,neutral,text,0.1693464174587706,-0.05683767285721014,0.39553050777475135,0.14336944528461334
FANG,surprise,audio,0.03530508035469206,-0.19049236624188837,0.2611025269512725,0.7594224434151409
FANG,surprise,text,0.039414737184724,-0.18638704118943192,0.26521651555887993,0.7313829909706282
FANG,disgust,audio,-0.13778915648151432,-0.36383671102566584,0.08825839806263719,0.2314531278106899
FANG,disgust,text,-0.04947762158402242,-0.2752920180999194,0.17633677493187455,0.665826905290598
FANG,anger,audio,0.0155552098017208,-0.21022806627874505,0.24133848588218662,0.8917450401234844
FANG,anger,text,-0.2316145439779798,-0.4581499654403989,-0.005079122515560697,0.04483808785234359
FANG,sadness,audio,0.09509806222723378,-0.13080935114269138,0.321005475597159,0.40892335415982345
FANG,sadness,text,-0.031694890315221796,-0.2574889246926896,0.194099144062246,0.7835792942096242
FANG,fear,audio,-0.10912095006452577,-0.33506873841453344,0.1168268382854819,0.34550363309402227
FANG,fear,text,-0.10211950537519104,-0.32804644283112827,0.12380743208074615,0.3755374066607424
ROST,happy,audio,0.10797637249331812,-0.08429561551638823,0.3002483605030245,0.27353593286093014
ROST,happy,text,0.005950554106244422,-0.1861836449983533,0.19808475321084215,0.9513669840461918
ROST,neutral,audio,-0.07862331688665049,-0.2708303877092991,0.11358375393599816,0.4257723513945211
ROST,neutral,text,0.27911653505955747,0.08606110767585015,0.47217196244326476,0.004474823245383032
ROST,surprise,audio,0.15659439023279173,-0.03582996417097084,0.3490187446365543,0.11291645522144297
ROST,surprise,text,-0.07618695956574056,-0.2683895592860117,0.11601564015453056,0.43506512360953686
ROST,disgust,audio,0.02450775960681281,-0.16763314211375577,0.2166486613273814,0.8015606619623626
ROST,disgust,text,-0.15067898425882992,-0.34308181521234427,0.04172384669468446,0.11822562396488866
ROST,anger,audio,0.0003806378606400458,-0.1917531430592967,0.1925144187805768,0.9969382619052781
ROST,anger,text,-0.10634662772383607,-0.29861447654520257,0.08592122109753039,0.2743264152461122
ROST,sadness,audio,-0.12984541707370226,-0.3221790268296723,0.062488192682267796,0.1866431082702058
ROST,sadness,text,-0.03767902699196857,-0.22982964125734096,0.15447158727340382,0.7002349186110685
ROST,fear,audio,-0.09686740556687101,-0.28911242555752825,0.09537761442378623,0.3227292378527664
ROST,fear,text,-0.18954870503815452,-0.38210807808390174,0.0030106680075926984,0.05308209792849989
WELL,happy,audio,0.4265544381578765,0.137467713117858,0.7156411631978951,0.003795778316985273
WELL,happy,text,-0.051026986313365774,-0.33688385064446846,0.23482987801773691,0.7256539789076174
WELL,neutral,audio,-0.32539591005932866,-0.6131171709120978,-0.037674649206559496,0.026556710482047084
WELL,neutral,text,0.2877980013187877,0.0004918788678327513,0.5751041237697426,0.048023439400260305
WELL,surprise,audio,-0.046024663196473414,-0.3318727348199449,0.23982340842699806,0.7526184645833516
WELL,surprise,text,-0.04517692882158805,-0.33102360015525434,0.2406697425120782,0.7546531380844885
WELL,disgust,audio,0.3969531020716942,0.10830326386121258,0.6856029402821758,0.007351319465938806
WELL,disgust,text,-0.22884631034137945,-0.5156030837725147,0.05791046308975581,0.11586300323655518
WELL,anger,audio,-0.12631455731105135,-0.4124131299009176,0.15978401527881492,0.3866091360905348
WELL,anger,text,-0.14512159057840884,-0.431312524908157,0.14106934375133934,0.31896531808487333
WELL,sadness,audio,0.07711758744022686,-0.20879982207545733,0.363034996955911,0.5951964148338502
WELL,sadness,text,-0.1500013528899868,-0.43621833771120255,0.13621563193122896,0.2985136465495097
WELL,fear,audio,0.01143782933191109,-0.27437424438336244,0.29724990304718457,0.9380396697374386
WELL,fear,text,-0.01579837459781667,-0.30161259958391656,0.2700158503882832,0.9130566824689127
NFLX,happy,audio,-0.2073759176518123,-0.6761703222959594,0.26141848699233483,0.3860390228411876
NFLX,happy,text,-0.4394940248924973,-0.9128232777784291,0.03383522799343458,0.06874045348819699
NFLX,neutral,audio,0.15023057308674367,-0.3179432397126458,0.6184043858861331,0.5311771828649484
NFLX,neutral,text,0.23799560615023976,-0.23121247789729552,0.7072036901977751,0.3179357910312566
NFLX,surprise,audio,-0.15211839998527749,-0.6203095576201385,0.31607275764958354,0.5202249716309848
NFLX,surprise,text,0.4131545525397744,-0.05949917990916659,0.8858082849887154,0.08477433622447524
NFLX,disgust,audio,0.07442374600184376,-0.3932322562532871,0.5420797482569746,0.7537160303640085
NFLX,disgust,text,-0.26839449108858443,-0.7380691015081453,0.2012801193309764,0.2593779698749565
NFLX,anger,audio,0.0033738932287804817,-0.4641139206919314,0.4708617071494923,0.9886366468782387
NFLX,anger,text,-0.2960066264494317,-0.7661530688395171,0.1741398159406536,0.21190566414303294
NFLX,sadness,audio,-0.10153998124212651,-0.5693411188880271,0.366261156403774,0.6706669182325462
NFLX,sadness,text,-0.10060756423951941,-0.5684029695087012,0.3671878410296623,0.673643432905602
NFLX,fear,audio,0.31623284827427967,-0.15428817416785812,0.7867538707164174,0.18117069430785862
NFLX,fear,text,0.20478679433255015,-0.2639752234625334,0.6735488121276336,0.39112022743607494
AMGN,happy,audio,-0.056799678898068716,-0.3271384295305608,0.2135390717344234,0.6789779782928144
AMGN,happy,text,0.1297708103667706,-0.1407975993099784,0.40033922004351963,0.34672630270023963
AMGN,neutral,audio,-0.04467594932788252,-0.3149939370312268,0.2256420383754618,0.7465491212111401
AMGN,neutral,text,0.1287724969312383,-0.1417915605451849,0.39933655440766147,0.3447436123367589
AMGN,surprise,audio,-0.0673941139220979,-0.3377550686871852,0.2029668408429894,0.6218366527267094
AMGN,surprise,text,0.09113013114386387,-0.17929431150321318,0.3615545737909409,0.501821703206529
AMGN,disgust,audio,0.1623716296131631,-0.10835732606951337,0.43310058529583956,0.23917820673478424
AMGN,disgust,text,-0.05671531629094053,-0.32705390531005296,0.21362327272817191,0.6824587880711062
AMGN,anger,audio,0.2215941963868566,-0.049517690109194296,0.4927060828829075,0.10624382236857204
AMGN,anger,text,-0.42024475678279805,-0.6934938235298842,-0.1469956900357119,0.0026674056479401172
AMGN,sadness,audio,-0.05034603552238039,-0.3206731163633808,0.21998104531862003,0.7130029509098113
AMGN,sadness,text,-0.21306435832932147,-0.4841138465341607,0.05798512987551774,0.12277821193277755
AMGN,fear,audio,-0.017561781435045845,-0.28785128649957764,0.252727723629486,0.8969315577938545
AMGN,fear,text,-0.08887052692445767,-0.35928810760976876,0.1815470537608534,0.5191565592469014
SHW,happy,audio,-0.05726845044741805,-0.24376083830075285,0.12922393740591676,0.5466468685589356
SHW,happy,text,0.022364868047239136,-0.16409487546626234,0.20882461156074061,0.8138711429963761
SHW,neutral,audio,0.16576597768260518,-0.021010376135618458,0.3525423315008288,0.08155760259999406
SHW,neutral,text,0.13246133611258512,-0.05419851609638979,0.31912118832156,0.16372968865669627
SHW,surprise,audio,-0.15350069482480067,-0.34023112579389386,0.03322973614429253,0.1065886025601642
SHW,surprise,text,0.03846066830128859,-0.14801057437486745,0.2249319109774446,0.6856834004301223
SHW,disgust,audio,-0.013046946039813578,-0.19950281382926732,0.17340892174964018,0.8907726560950557
SHW,disgust,text,-0.16547614871770497,-0.3522513768093098,0.021299079373899854,0.08209123031496383
SHW,anger,audio,-0.11959754440738207,-0.3062193487314506,0.06702425991668651,0.20855251055704135
SHW,anger,text,-0.11749031081373212,-0.3041062519663047,0.06912563033884042,0.2167468183307908
SHW,sadness,audio,0.12200665626907538,-0.06462197863032061,0.3086352911684714,0.199528940672797
SHW,sadness,text,-0.17423133467746915,-0.36104143476800976,0.01257876541307143,0.067193289299557
SHW,fear,audio,0.041186314182048114,-0.1452874782000355,0.22766010656413171,0.6646113191738398
SHW,fear,text,-0.010913806745958597,-0.19736907417715527,0.17554146068523807,0.9085407605347346
FI,happy,audio,-0.3315476358259195,-0.6206949041807733,-0.04240036747106568,0.024908426278306976
FI,happy,text,-0.2359060369115041,-0.5240693044429362,0.05225723061992796,0.10654872377021667
FI,neutral,audio,0.14838230371009903,-0.13916945435627154,0.4359340617764696,0.3106944425250413
FI,neutral,text,0.05542074025912265,-0.23178598817199886,0.34262746869024413,0.7068653035783243
FI,surprise,audio,-0.02775646325845136,-0.3149212584470982,0.2594083319301954,0.8498147478724525
FI,surprise,text,0.36513891922844033,0.07556837366777852,0.6547094647891021,0.013097002857658337
FI,disgust,audio,0.040619749232725086,-0.2465610751378638,0.327800573603314,0.7802727465119345
FI,disgust,text,-0.14086020128747578,-0.42837235773436505,0.14665195515941348,0.33454167066266915
FI,anger,audio,0.03797260608561671,-0.24920442685647026,0.32514963902770366,0.7952860780739559
FI,anger,text,-0.20100460619125957,-0.4888907946088884,0.08688158222636924,0.1683534090642009
FI,sadness,audio,0.1696497902872735,-0.1180250444857992,0.4573246250603462,0.24789055122393489
FI,sadness,text,-0.03760413472947243,-0.32478066016660984,0.24957239070766496,0.7960225731775389
FI,fear,audio,-0.1890866428985976,-0.476888301700267,0.0987150159030718,0.19865189724356297
FI,fear,text,0.06419360493383303,-0.22303224461791393,0.35141945448558,0.6616305471252648
KHC,happy,audio,-0.16912996115246895,-0.4846204121767539,0.14636048987181596,0.294179077087986
KHC,happy,text,-0.04981588322884439,-0.3647810142730616,0.2651492478153728,0.7561467678254347
KHC,neutral,audio,-0.24899197859842556,-0.5651526474576836,0.06716869026083247,0.12276507519502426
KHC,neutral,text,0.05921712291222891,-0.25576863752424844,0.37420288334870627,0.7121801332514387
KHC,surprise,audio,0.19373611250730025,-0.12193368812566271,0.5094059131402632,0.22793995488485239
KHC,surprise,text,-0.04769243618709716,-0.3626534000391908,0.2672685276649964,0.7661842957545164
KHC,disgust,audio,0.2608378548153245,-0.05544387984288779,0.5771195894735368,0.1043632201691895
KHC,disgust,text,-0.06959115903447255,-0.3846038101708821,0.24542149210193698,0.6645347975779665
KHC,anger,audio,0.06976401787966015,-0.24524911799401228,0.38477715375333255,0.6640582955988441
KHC,anger,text,-0.12856716876339652,-0.44381490100406856,0.18668056347727552,0.4210134162239181
KHC,sadness,audio,0.09313488419520151,-0.22195485216474387,0.40822462055514686,0.5621312410525571
KHC,sadness,text,-0.09294790886319165,-0.4080369452574088,0.2221411275310255,0.5614418582233067
KHC,fear,audio,-0.030501785847355266,-0.34543569461372925,0.28443212291901876,0.8492243774822641
KHC,fear,text,0.180059373537126,-0.1355077498446806,0.49562649691893257,0.2627610625409008
VTR,happy,audio,-0.21179659068805898,-0.4783258747713798,0.05473269339526185,0.1060224422412496
VTR,happy,text,-0.05466972744416678,-0.3205108207389055,0.21117136585057197,0.6832636767596073
VTR,neutral,audio,0.12209201295371244,-0.14394514958712099,0.38812917549454584,0.36320133817108147
VTR,neutral,text,0.035722105117030695,-0.23009079884452346,0.3015350090785849,0.785966420246551
VTR,surprise,audio,-0.0437739533364879,-0.30959739283049126,0.2220494861575155,0.7428198493164128
VTR,surprise,text,-0.05985454122483397,-0.3257054069046782,0.20599632445501026,0.6544251301396199
VTR,disgust,audio,0.2265064191395154,-0.04012868083794646,0.4931415191169773,0.09791007607489254
VTR,disgust,text,-0.02470463449814362,-0.2905065801407902,0.24109731114450297,0.8546369117847644
VTR,anger,audio,-0.06647671193615569,-0.3323413453298841,0.19938792145757273,0.6201415249061384
VTR,anger,text,0.11437655559161046,-0.1516306003164274,0.38038371149964834,0.39660300888748384
VTR,sadness,audio,0.07702325120749598,-0.18886628685865442,0.3429127892736464,0.5619998609862537
VTR,sadness,text,0.13074778488108627,-0.13532536746833038,0.39682093723050293,0.32775325655657955
VTR,fear,audio,0.040186273710550544,-0.22563220788056843,0.30600475530166954,0.7638714783728253
VTR,fear,text,-0.04195467177234332,-0.30777554421484926,0.22386620067016264,0.7527551950503953
KDP,happy,audio,0.018110880237093046,-0.2802696754993042,0.31649143597349033,0.9056929551925552
KDP,happy,text,0.06187216122269218,-0.23657185545318205,0.3603161778985664,0.6909877446103918
KDP,neutral,audio,0.26982971188404653,-0.029862228278860092,0.5695216520469532,0.08626933673166136
KDP,neutral,text,0.3132279252879673,0.013079514417006,0.6133763361589286,0.03957567785659852
KDP,surprise,audio,-0.41302936708726185,-0.7144814980382732,-0.11157723613625048,0.011115860316405197
KDP,surprise,text,0.1355137543544252,-0.16319366495115728,0.4342211736600077,0.3819936593633186
KDP,disgust,audio,-0.18226118567355842,-0.48123755474666574,0.1167151833995489,0.22935552724792974
KDP,disgust,text,-0.2569235026278546,-0.556492683308998,0.04264567805328884,0.09894529028486211
KDP,anger,audio,0.01135856928733075,-0.2870183782389429,0.3097355168136044,0.9413962747509506
KDP,anger,text,-0.21265771278128712,-0.5118512382298279,0.08653581266725366,0.16883232884515728
KDP,sadness,audio,-0.008854468957050029,-0.30723049867079766,0.28952156075669755,0.9546215432029288
KDP,sadness,text,-0.16414630500142843,-0.4630090936084501,0.1347164836055932,0.29009905947018416
KDP,fear,audio,0.27703473788857,-0.02272832754060844,0.5767978033177485,0.08069265974162618
KDP,fear,text,-0.27770865314031623,-0.5774784661747694,0.022061159894136928,0.07168123855050043
IBM,happy,audio,0.012858586918203978,-0.2773899631703543,0.30310713700676223,0.9306113673179335
IBM,happy,text,0.08841511459704132,-0.20196915807173904,0.3787993872658217,0.5450685747000438
IBM,neutral,audio,-0.009477426249840812,-0.299724636484549,0.28076978398486735,0.9490923390564012
IBM,neutral,text,0.2923759854647266,0.0006177046234286943,0.5841342663060245,0.05002174280044124
IBM,surprise,audio,0.08462650691654346,-0.2057461400061415,0.3749991538392284,0.5617299378247875
IBM,surprise,text,-0.14090191576092276,-0.4314995463771704,0.1496957148553249,0.3380390690673575
IBM,disgust,audio,0.18420030639774237,-0.1066466506811315,0.47504726347661624,0.2218915371404671
IBM,disgust,text,-0.1789520167828191,-0.4697652278610648,0.1118611942954266,0.22514291801177394
IBM,anger,audio,-0.1453408468680049,-0.43596099181526515,0.14527929807925533,0.3289629289949253
IBM,anger,text,-0.2439129493837477,-0.5352121558061869,0.04738625703869148,0.10019167522889653
IBM,sadness,audio,-0.03155296942113154,-0.32181624877410264,0.2587103099318395,0.8306836089267794
IBM,sadness,text,-0.10784546934258521,-0.3982973573435047,0.18260641865833427,0.4679962329056471
IBM,fear,audio,0.03729370568464151,-0.25297658512482074,0.3275639964941038,0.8031569292476379
IBM,fear,text,-0.16973486380447048,-0.4604911613177829,0.12102143370884191,0.2532564550185848
BKNG,happy,audio,0.14752065584217555,-0.09691307817747005,0.3919543898618212,0.23656408260955053
BKNG,happy,text,0.11270362636961676,-0.13159074504476187,0.3569979977839954,0.3641893875847428
BKNG,neutral,audio,0.0891806342708621,-0.15504065848484244,0.3334019270265666,0.47371531432136516
BKNG,neutral,text,0.20318209941699147,-0.04155162691152586,0.4479158257455088,0.10488466203821661
BKNG,surprise,audio,0.01558206283859777,-0.22852053226657354,0.2596846579437691,0.9000195270173073
BKNG,surprise,text,-0.17569292695891356,-0.4202666422792086,0.06888078836138148,0.15722938156090072
BKNG,disgust,audio,-0.17767464626292523,-0.4222591235968841,0.06690983107103368,0.1523559413241172
BKNG,disgust,text,-0.24527616886497008,-0.4902996536679953,-0.00025268406194484117,0.047780468666569875
BKNG,anger,audio,-0.12680657720151592,-0.3711529145099248,0.11753976010689299,0.30704902690347136
BKNG,anger,text,-0.11463415693003148,-0.35893528097326394,0.12966696711320097,0.3563863539231431
BKNG,sadness,audio,-0.0916949080381372,-0.33592319996643116,0.1525333838901568,0.46167627136283124
BKNG,sadness,text,-0.0727841052373024,-0.31696452191108554,0.1713963114364807,0.5582628212282418
BKNG,fear,audio,-0.019329250700373102,-0.2634338601860456,0.2247753587852994,0.8767050865294037
BKNG,fear,text,-0.042804816775171096,-0.28693188544315495,0.20132225189281275,0.7292308538048549
WBD,happy,audio,-0.09972200890648064,-0.491808533102147,0.2923645152891857,0.6165973495079563
WBD,happy,text,0.025675204524115907,-0.36618036229955403,0.4175307713477859,0.8954480286382348
WBD,neutral,audio,0.11558679221496769,-0.27658466148473876,0.5077582459146741,0.5608722325030482
WBD,neutral,text,0.13355904961269988,-0.25872370796096056,0.5258418071863603,0.5002053503604094
WBD,surprise,audio,-0.403555017941154,-0.7994256288056051,-0.007684407076702926,0.03909458024607161
WBD,surprise,text,0.20058149956062196,-0.19225746199716268,0.5934204611184066,0.30886268445963216
WBD,disgust,audio,0.10441395599967829,-0.2876963842132671,0.4965242962126237,0.5933028008872983
WBD,disgust,text,0.2842639920089397,-0.10958064876914875,0.6781086327870282,0.1531965349339315
WBD,anger,audio,0.5049450478642392,0.10681229700046574,0.9030777987280127,0.014062867331141714
WBD,anger,text,0.24768433367376397,-0.14567831314992963,0.6410469804974576,0.2206715258845654
WBD,sadness,audio,-0.20342081813985782,-0.5962882478512741,0.18944661157155848,0.30520870033630265
WBD,sadness,text,-0.4451606222385293,-0.8418999457301806,-0.048421298746878005,0.026810421685732166
WBD,fear,audio,0.10192333258860022,-0.29017422923321795,0.49402089441041835,0.6010670897853266
WBD,fear,text,-0.485781040439027,-0.883448572299557,-0.08811350857849698,0.016974984149838133
KVUE,happy,audio,0.01012284518947576,-0.5005002863825556,0.520745976761507,0.9685678495893821
KVUE,happy,text,0.18887402727339003,-0.32293174960247323,0.7006798041492532,0.4608955120747523
KVUE,neutral,audio,0.0015514182320809078,-0.5090683825594624,0.5121712190236243,0.9951275932697726
KVUE,neutral,text,0.03146235295718906,-0.47919031603698753,0.5421150219513656,0.9037758107299423
KVUE,surprise,audio,0.056698491970625334,-0.45402822343665966,0.5674252073779104,0.8250027142941497
KVUE,surprise,text,-0.0036176659564941325,-0.5142378222652677,0.5070024903522794,0.9889311597776465
KVUE,disgust,audio,-0.2911564358909491,-0.8045901470867337,0.22227727530483554,0.2574716347072942
KVUE,disgust,text,-0.41504047491649065,-0.9313622017089647,0.10128125187598336,0.11830046981423024
KVUE,anger,audio,-0.19235535385197713,-0.7042052034332548,0.31949449572930055,0.48128817260965145
KVUE,anger,text,-0.13600587988899066,-0.6472409455185093,0.37522918574052805,0.6068558454531076
KVUE,sadness,audio,0.04923917366836694,-0.46146124301915026,0.5599395903558841,0.8530928413745765
KVUE,sadness,text,0.020337164562537237,-0.4902963231288025,0.530970652253877,0.9372374621223929
KVUE,fear,audio,0.2485070456951554,-0.26416417130512004,0.7611782626954308,0.36112967850200545
KVUE,fear,text,-0.026586416319301257,-0.5372296644234819,0.48405683178487935,0.9188553160591584
DHI,happy,audio,0.006095849561387708,-0.186547465706531,0.1987391648293064,0.9500073949692664
DHI,happy,text,0.12159514893973021,-0.07122461059977504,0.3144149084792355,0.21081682204485885
DHI,neutral,audio,0.10673282093149812,-0.0860463540478399,0.29951199591083616,0.27482799749063463
DHI,neutral,text,-0.1087939896801783,-0.30157847802224685,0.08399049866189028,0.26846419109784503
DHI,surprise,audio,-0.20762611653643975,-0.4007842765309485,-0.014467956541930976,0.031667529545910005
DHI,surprise,text,-0.025570845595307524,-0.21822154226035434,0.16707985106973927,0.7945777572093454
DHI,disgust,audio,-0.12439936724738175,-0.31722737570772186,0.06842864121295834,0.2006189444386906
DHI,disgust,text,-0.10918818129588506,-0.3019736973603663,0.08359733476859613,0.26157308122677314
DHI,anger,audio,-0.1779444642093611,-0.3709659604695973,0.015077032050875072,0.06843647286137994
DHI,anger,text,-0.0782582763705262,-0.27097443703784024,0.11445788429678784,0.4248099166358868
DHI,sadness,audio,0.13932672847879188,-0.053548348848748706,0.33220180580633246,0.150171647245191
DHI,sadness,text,-0.018701563248783085,-0.21134861993586188,0.1739454934382957,0.8479270964698509
DHI,fear,audio,0.26451058229122526,0.0710320838054381,0.4579890807770124,0.00641489309185028
DHI,fear,text,0.16000500065837395,-0.03294405905288755,0.35295406036963545,0.10226244163049895
BKR,happy,audio,0.11069005917467299,-0.1554452735959892,0.3768253919453352,0.41610216489314483
BKR,happy,text,-0.06709255928934019,-0.33310271996317553,0.19891760138449519,0.6277614728341718
BKR,neutral,audio,0.10520848311380462,-0.16090774121626492,0.37132470744387414,0.44662376712411234
BKR,neutral,text,0.27068437140084234,0.0035656866145435395,0.5378030561871412,0.04828700117304724
BKR,surprise,audio,-0.31135559880293734,-0.5788548089704265,-0.04385638863544816,0.02847007592474596
BKR,surprise,text,-0.009242407866196558,-0.27518122657364436,0.2566964108412512,0.9460444963176313
BKR,disgust,audio,0.2881849501489343,0.020908980253392273,0.5554609200444763,0.029942278068182983
BKR,disgust,text,-0.20171830596684376,-0.4683123920196615,0.064875780085974,0.14039984702650357
BKR,anger,audio,-0.15355316293912274,-0.41987130271778805,0.11276497683954256,0.27119701399830143
BKR,anger,text,-0.17341234547410472,-0.4398352304694799,0.09301053952127047,0.21145401379509862
BKR,sadness,audio,0.11620896644870715,-0.14994658364883823,0.38236451654625253,0.40148834732885513
BKR,sadness,text,-0.11824746850189098,-0.384410734533806,0.14791579753002398,0.38410746174148097
BKR,fear,audio,0.1643983722479582,-0.10197539762498051,0.4307721421208969,0.24582832934289087
BKR,fear,text,-0.1010571853451538,-0.3671595833171312,0.16504521262682365,0.45805211074787094
PCG,happy,audio,0.3235898507548142,0.031236269831487307,0.6159434316781411,0.02798131748063222
PCG,happy,text,-0.09984816914424874,-0.39048200267123623,0.19078566438273878,0.4987018827727678
PCG,neutral,audio,0.04199431952451001,-0.24849007595041933,0.3324787149994393,0.77874274750995
PCG,neutral,text,0.31381754923995553,0.021576726065639873,0.6060583724142712,0.03581861319043722
PCG,surprise,audio,-0.11504494749517033,-0.4057382294734274,0.17564833448308678,0.44083167172799864
PCG,surprise,text,0.3913284381666245,0.09809968875593944,0.6845571875773095,0.00974070329276587
PCG,disgust,audio,-0.14055367635257396,-0.4313656118995495,0.15025825919440158,0.340675617901247
PCG,disgust,text,0.09204279536582127,-0.19856376851318408,0.3826493592448266,0.5316120079125894
PCG,anger,audio,-0.06667740891239446,-0.3572106599320243,0.2238558421072354,0.6582232276570424
PCG,anger,text,-0.3079512506940601,-0.6001260260648172,-0.015776475323302952,0.03710061666631165
PCG,sadness,audio,-0.1750477378918391,-0.4660576803361379,0.11596220455245967,0.23893888467251295
PCG,sadness,text,-0.3106221174808042,-0.6028268110603152,-0.018417423901293195,0.0394832258572605
PCG,fear,audio,0.10331807216767168,-0.1873285956012033,0.3939647399365467,0.4956956516889203
PCG,fear,text,-0.44125981796373787,-0.7352377711133034,-0.14728186481417233,0.0032554609985215965
ADP,happy,audio,0.2683426478457053,0.03941654084096191,0.49726875485044864,0.020415886160098363
ADP,happy,text,0.11186051073521483,-0.11623627938830428,0.33995730085873394,0.34336119463531384
ADP,neutral,audio,-0.105607610321006,-0.3336854104867491,0.1224701898447371,0.36279817001409914
ADP,neutral,text,0.1531047215524966,-0.07514462674610131,0.38135406985109455,0.18887498201559375
ADP,surprise,audio,0.09344872035503081,-0.13459527589019038,0.321492716600252,0.41688032641106815
ADP,surprise,text,0.06531527604730084,-0.16266632320161953,0.29329687529622117,0.5681906720317406
ADP,disgust,audio,-0.09262055793527199,-0.320662401787454,0.13542128591691,0.4251019004596946
ADP,disgust,text,-0.20938349547145962,-0.4379173595527325,0.0191503686098132,0.0725754531153613
ADP,anger,audio,-0.14821553292206255,-0.37644432122054244,0.08001325537641735,0.20373771493694115
ADP,anger,text,-0.2813231456588972,-0.5103485067918944,-0.05229778452590006,0.014791811744443216
ADP,sadness,audio,0.06107043426218634,-0.16690366924171196,0.28904453776608463,0.5982810066581337
ADP,sadness,text,-0.1916050353541711,-0.4200395150966376,0.03682944438829544,0.09747755679352778
ADP,fear,audio,-0.10547926909001726,-0.33355669090660856,0.12259815272657401,0.357109363107345
ADP,fear,text,-0.08678224572753165,-0.3148094589200059,0.1412449674649426,0.455030063668159
SBAC,happy,audio,0.14566342797288856,-0.12020017235751157,0.4115270283032887,0.2833510101948694
SBAC,happy,text,0.06915553593551327,-0.19643243068875532,0.33474350255978186,0.6103025357632746
SBAC,neutral,audio,-0.0385358063600727,-0.3040684371886318,0.2269968244684864,0.7750255854734384
SBAC,neutral,text,0.0412262805532936,-0.2243099518436252,0.3067625129502124,0.7625321284834987
SBAC,surprise,audio,0.01859132803868355,-0.24692218005394959,0.2841048361313167,0.8896908975632402
SBAC,surprise,text,-0.2567092188837385,-0.5233207276002669,0.009902289832790012,0.05916238811843422
SBAC,disgust,audio,-0.04158403125620679,-0.3071207608494244,0.2239526983370108,0.7583493185386654
SBAC,disgust,text,-0.34911716552120553,-0.6166628005922139,-0.08157153045019722,0.010637794879527958
SBAC,anger,audio,-0.16797932981620667,-0.43396022587578165,0.09800156624336831,0.21493506306837523
SBAC,anger,text,-0.09458459661697748,-0.36024241978862864,0.17107322655467366,0.4876124539362916
SBAC,sadness,audio,0.04540774013362165,-0.22013457186012653,0.3109500521273698,0.7367737008176212
SBAC,sadness,text,0.12563487034846982,-0.14013763395430928,0.3914073746512489,0.35546709848244806
SBAC,fear,audio,0.012109690857768718,-0.25340047727857157,0.27761985899410896,0.928112497975609
SBAC,fear,text,0.29615157551520876,0.029175824515130788,0.5631273265152867,0.029576206415004143
NVDA,happy,audio,-0.18177679332390992,-0.4543386192288491,0.0907850325810293,0.1965149369005853
NVDA,happy,text,0.06891779615321281,-0.2031608424983845,0.3409964348048101,0.620858407063438
NVDA,neutral,audio,0.021688727239073977,-0.2503167559056027,0.2936942103837507,0.8748529510826918
NVDA,neutral,text,0.20336958021824264,-0.06933410919796745,0.47607326963445273,0.1427502784927326
NVDA,surprise,audio,0.17972497398190368,-0.09282419556280413,0.4522741435266115,0.19448113702989783
NVDA,surprise,text,0.11667159864600185,-0.15555848678583556,0.38890168407783926,0.40181486474701955
NVDA,disgust,audio,0.053868277630183904,-0.21817877341535227,0.3259153286757201,0.6951944699187736
NVDA,disgust,text,0.07355635345551648,-0.1985335813283211,0.34564628823935406,0.5972479983445246
NVDA,anger,audio,-0.06872959807485036,-0.3408077939308278,0.20334859778112707,0.6334974723302493
NVDA,anger,text,-0.1009814508656084,-0.3731531895778176,0.17119028784660084,0.4688809954516568
NVDA,sadness,audio,-0.08048196992073177,-0.35259013838846975,0.19162619854700624,0.5647244558816739
NVDA,sadness,text,-0.453942248591012,-0.7294404683363548,-0.17844402884566923,0.0012289778309947119
NVDA,fear,audio,0.04286715970514935,-0.22916169822187335,0.31489601763217206,0.7573228566198847
NVDA,fear,text,-0.22651998203821574,-0.4993933408714384,0.04635337679500692,0.10477380526201892
KR,happy,audio,0.1104647432847151,-0.12412603899832499,0.3450555255677552,0.35300230468346666
KR,happy,text,0.054802559238264895,-0.17965198375930713,0.2892571022358369,0.6467722425615297
KR,neutral,audio,0.09021916155244299,-0.14431145799932538,0.3247497811042114,0.44966463774128707
KR,neutral,text,-0.05225881394051989,-0.2867093224214678,0.182191694540428,0.6606681156730072
KR,surprise,audio,-0.3110174051597686,-0.5468563835239811,-0.07517842679555611,0.009266906920024178
KR,surprise,text,0.13142889298437144,-0.10323695840782296,0.36609474437656586,0.26994139060149835
KR,disgust,audio,0.190844825181856,-0.0441042670573194,0.4257939174210314,0.11059173534692365
KR,disgust,text,0.015366491824754639,-0.219047053565063,0.24978003721457226,0.8977058491903279
KR,anger,audio,-0.06686989550955075,-0.30134618878853403,0.16760639776943254,0.5750655951682884
KR,anger,text,-0.034797214592325224,-0.26922520182062376,0.19963077263597329,0.7715226293762274
KR,sadness,audio,0.0536796002713459,-0.18077313802538708,0.2881323385680789,0.6517728172483772
KR,sadness,text,0.005274150277556146,-0.2291363085482312,0.2396846091033435,0.9646983280236842
KR,fear,audio,0.10252791458352149,-0.13203783752612475,0.3370936666931677,0.3880152170977094
KR,fear,text,-0.0974187916061334,-0.33196941681343406,0.13713183360116726,0.41370541686508305
ABT,happy,audio,0.1995155439669049,-0.06828859786262698,0.4673196857964368,0.14198286866562526
ABT,happy,text,0.02333114415035268,-0.24386673625155234,0.2905290245522577,0.8647540307438458
ABT,neutral,audio,-0.05625530672300385,-0.323493691289695,0.21098307784368733,0.6891146405099597
ABT,neutral,text,0.08947820402297169,-0.17783500594034857,0.35679141398629194,0.5209672362179488
ABT,surprise,audio,-0.0802419405644116,-0.34753092681581726,0.1870470456869941,0.5720746328975935
ABT,surprise,text,0.1293543274709967,-0.13809368768845773,0.3968023426304511,0.34793591033940735
ABT,disgust,audio,-0.14054401914649234,-0.4080386736924785,0.1269506353994938,0.32375855941033155
ABT,disgust,text,0.0026483435349169697,-0.2645412302267742,0.2698379172966082,0.9844832782196848
ABT,anger,audio,0.14291410509940647,-0.12459092332625868,0.41041913352507164,0.30576452575478336
ABT,anger,text,-0.02146299272849701,-0.2886595794916388,0.2457335940346448,0.8741152434831243
ABT,sadness,audio,-0.15145362429898485,-0.4189974652492313,0.11609021665126162,0.261683865558445
ABT,sadness,text,-0.21497353031774388,-0.48287647746961926,0.05292941683413152,0.11185568891943501
ABT,fear,audio,-0.00854202861108323,-0.2757326219563955,0.25864856473422904,0.951403294876821
ABT,fear,text,-0.1691930525027793,-0.4368246969624632,0.09843859195690455,0.22501457011017112
EQIX,happy,audio,0.14007991436062564,-0.11559013610187427,0.3957499648231255,0.287563113548663
EQIX,happy,text,0.10386972214357476,-0.15166402614473407,0.3594034704318836,0.43742402874984987
EQIX,neutral,audio,-0.014359928369726719,-0.26973028743089794,0.2410104306914445,0.9157786507407408
EQIX,neutral,text,-0.007938860258484729,-0.2633070079782627,0.24742928746129322,0.9517261836547936
EQIX,surprise,audio,-0.12225561441582575,-0.3778535230960104,0.13334229426435892,0.36683194558367405
EQIX,surprise,text,0.07437531990080484,-0.18107727369890017,0.3298279135005099,0.571380559464228
EQIX,disgust,audio,-0.10482525676449445,-0.36036208287410465,0.15071156934511576,0.4272216489943332
EQIX,disgust,text,-0.12091067076736756,-0.3765035329473571,0.134682191412622,0.36738505056451776
EQIX,anger,audio,-0.049935936754077974,-0.3053416202803607,0.20546974677220475,0.7119549264593485
EQIX,anger,text,0.0048272617612579215,-0.25054027246187216,0.260194795984388,0.9709353634637489
EQIX,sadness,audio,-0.01670289713406742,-0.272074380209619,0.23866858594148416,0.8997054938773335
EQIX,sadness,text,-0.21813117961057826,-0.4742321624542363,0.037969803233079746,0.0962169535586418
EQIX,fear,audio,0.16648000498766352,-0.08931486162747432,0.42227487160280136,0.21923450690144725
EQIX,fear,text,0.01763446834802572,-0.2377375087492728,0.27300644544532426,0.8911036456505956
CTAS,happy,audio,-0.05659970367356063,-0.26154209619732594,0.14834268885020466,0.5876199722364902
CTAS,happy,text,-0.08244266433205327,-0.2874315015356375,0.12254617287153097,0.4296685502281779
CTAS,neutral,audio,0.08390648366606898,-0.12108550057615464,0.2888984679082926,0.4217555515360587
CTAS,neutral,text,0.34515172112879217,0.13871619688113704,0.5515872453764473,0.0010294288585872076
CTAS,surprise,audio,0.05757762545977362,-0.14736621043584117,0.2625214613553884,0.5812150394763265
CTAS,surprise,text,-0.19238193752610067,-0.39776088982975477,0.012997014777553412,0.06582729220069111
CTAS,disgust,audio,-0.07252769564987722,-0.2774966738077653,0.13244128250801085,0.4873164892068057
CTAS,disgust,text,-0.0011726324815203638,-0.2060736268027267,0.20372836183968598,0.9910291692921472
CTAS,anger,audio,-0.09580850246982861,-0.3008281285125157,0.10921112357285853,0.3590100660576669
CTAS,anger,text,-0.05678054657371234,-0.26172320415147143,0.14816211100404678,0.5864868754081654
CTAS,sadness,audio,-0.02866531462480035,-0.2335769151092181,0.1762462858596174,0.7835086902130034
CTAS,sadness,text,-0.058057077604935024,-0.263001630180734,0.146887474970864,0.5779939793215205
CTAS,fear,audio,-0.039503680227213955,-0.24442483287145209,0.16541747241702418,0.7049656662299041
CTAS,fear,text,-0.2777434621538754,-0.48363942715824787,-0.07184749714950295,0.008090637525531082
GILD,happy,audio,-0.09314944783006607,-0.4375307378342162,0.25123184217408406,0.6021426081513795
GILD,happy,text,-0.06383311180837427,-0.408116044990695,0.2804498213739465,0.7180463825774923
GILD,neutral,audio,-0.1284973984716817,-0.47304606773321023,0.2160512707898468,0.4554210701747955
GILD,neutral,text,0.14165197814459557,-0.20297258442026578,0.4862765407094569,0.42798587638616553
GILD,surprise,audio,0.004609323523752381,-0.33958695703486297,0.3488056040823677,0.978931306881056
GILD,surprise,text,0.10431249271698609,-0.24011589694388755,0.4487408823778597,0.5397320675929048
GILD,disgust,audio,0.07875973815800626,-0.2655686871405719,0.4230881634565844,0.6491090809651717
GILD,disgust,text,-0.11289264388743307,-0.45736084994036436,0.23157556216549818,0.5201757046403371
GILD,anger,audio,0.017946185838427914,-0.3262565262900602,0.3621488979669161,0.9184724993818801
GILD,anger,text,-0.1337841539166846,-0.47836243796715694,0.2107941301337877,0.4414972289834638
GILD,sadness,audio,0.10433332838626273,-0.2400951541582158,0.4487618109307413,0.5499147823729941
GILD,sadness,text,-0.2153428911557873,-0.5605287563391871,0.12984297402761247,0.22384004632431923
GILD,fear,audio,0.12627524150509817,-0.21826133555201055,0.4708118185622069,0.4733344031688421
GILD,fear,text,0.0036964841998828276,-0.34049963425573,0.34789260265549565,0.9831468483128691
CSGP,happy,audio,-0.02946768150510601,-0.3478747499532841,0.28893938694307203,0.8571318846150794
CSGP,happy,text,0.1561087867051601,-0.16277525693130873,0.4749928303416289,0.3391994184295039
CSGP,neutral,audio,0.10848591948273802,-0.21014247516430107,0.4271143141297771,0.50817952800788
CSGP,neutral,text,0.01830769726503981,-0.30008854193108114,0.3367039364611608,0.9104302060665951
CSGP,surprise,audio,-0.12528109355133937,-0.4439891655740372,0.19342697847135848,0.4452467309666109
CSGP,surprise,text,-0.23084756306106982,-0.5503175861450537,0.08862246002291399,0.15773098663671878
CSGP,disgust,audio,-0.11802572106813838,-0.43669797096229446,0.20064652882601772,0.4702471293287554
CSGP,disgust,text,-0.19232109159048638,-0.5114609176418068,0.12681873446083403,0.23791163873785706
CSGP,anger,audio,0.026034976162346214,-0.2923682225947113,0.34443817491940376,0.8738987715898342
CSGP,anger,text,0.10288192500495764,-0.21572242742113779,0.42148627743105305,0.5261948220903915
CSGP,sadness,audio,0.014030988869241567,-0.3043624411954812,0.3324244189339644,0.9315079912671022
CSGP,sadness,text,0.10617092293033506,-0.2124473856104148,0.42478923147108494,0.5147500446804792
CSGP,fear,audio,0.10427366107321615,-0.21433654334719374,0.422883865493626,0.5229546243249997
CSGP,fear,text,-0.021695502921562988,-0.34009449475805226,0.2967034889149263,0.8941361599578267
GIS,happy,audio,0.05938599702028308,-0.21315752165595925,0.3319295156965254,0.6685284463578465
GIS,happy,text,-0.20349722538447215,-0.4766959426220474,0.06970149185310312,0.14267260593383158
GIS,neutral,audio,0.0788008270130619,-0.19378914288869792,0.3513907969148217,0.5701544916959161
GIS,neutral,text,0.1572441341303728,-0.11566620842360492,0.43015447668435053,0.25728762198854066
GIS,surprise,audio,0.11962866734831923,-0.15310152285320477,0.39235885754984323,0.3896743230396797
GIS,surprise,text,0.22963322841028508,-0.04376096494677775,0.5030274217673479,0.09868541174097299
GIS,disgust,audio,-0.04316174330432282,-0.3156764516835019,0.22935296507485625,0.7555749423342398
GIS,disgust,text,-0.10841109888683917,-0.38109702197905415,0.16427482420537579,0.43512924691156757
GIS,anger,audio,-0.14818129164870963,-0.4210437648526415,0.12468118155522223,0.28590543526892376
GIS,anger,text,-0.10520876055460206,-0.3778828443648554,0.16746532325565133,0.4483550367657452
GIS,sadness,audio,-0.10465815079907777,-0.37733023467646,0.16801393307830448,0.4505166644441007
GIS,sadness,text,-0.06179271299627487,-0.33434128155299825,0.2107558555604485,0.6561733290340818
GIS,fear,audio,-0.1718604025472267,-0.4448539126747605,0.10113310758030711,0.215666422962026
GIS,fear,text,-0.06347458406663653,-0.33602680061144163,0.20907763247816857,0.6465036644332346
CTVA,happy,audio,-0.2692157593010865,-0.5586738684927699,0.020242349890596867,0.06901784326639893
CTVA,happy,text,-0.03938695507094653,-0.3275598325811182,0.24878592243922515,0.7900414386411925
CTVA,neutral,audio,0.11589105464705342,-0.17249748643425816,0.40427959572836497,0.43121209954477335
CTVA,neutral,text,0.2666785959099272,-0.022754928970174892,0.5561121207900293,0.0683661230963182
CTVA,surprise,audio,0.029140748261830055,-0.25901937709545436,0.31730087361911447,0.8441054793899587
CTVA,surprise,text,0.23315625754284028,-0.05597413155391337,0.5222866466395939,0.11668831544355121
CTVA,disgust,audio,0.06426485175661378,-0.22395485313357416,0.3524845566468017,0.6602350491895331
CTVA,disgust,text,-0.16554195965619978,-0.454183973388422,0.12310005407602242,0.25973640287718186
CTVA,anger,audio,0.1628620525532978,-0.12576400318246814,0.4514881082890637,0.26557139587748624
CTVA,anger,text,-0.35640008066738366,-0.6468426999667056,-0.06595746136806174,0.014601042421758316
CTVA,sadness,audio,-0.04263240463142284,-0.33081011642606917,0.2455453071632235,0.7705302996662948
CTVA,sadness,text,-0.42854604792269785,-0.7200073251111215,-0.13708477073427416,0.0035439489144851147
CTVA,fear,audio,-0.18764547624330705,-0.47642900362651996,0.1011380511399059,0.20129453375706813
CTVA,fear,text,-0.10494226363530466,-0.3932869230091819,0.18340239573857253,0.47508010705014925
TRGP,happy,audio,0.010540512801407982,-0.1881658963396769,0.20924692194249284,0.9174156407250268
TRGP,happy,text,0.21449109535377361,0.01521160399723176,0.41377058671031547,0.03513648506337716
TRGP,neutral,audio,0.050056093541849964,-0.1486802560425553,0.2487924431262552,0.6206144147498708
TRGP,neutral,text,0.005228486863924252,-0.19347687481161063,0.20393384853945912,0.9589317528651925
TRGP,surprise,audio,-0.07248989292396847,-0.2712606120081832,0.12628082616024622,0.474441319944139
TRGP,surprise,text,0.0068133961550970465,-0.19189220417795416,0.20551899648814825,0.9465778115514681
TRGP,disgust,audio,0.0699158381712433,-0.12885029860796235,0.268681974950449,0.4892927414436005
TRGP,disgust,text,-0.08821139462027126,-0.2870136937407362,0.11059090450019367,0.3845920007244312
TRGP,anger,audio,-0.19202575725996018,-0.39119134456025567,0.007139830040335304,0.059901573783697384
TRGP,anger,text,-0.06327457484724164,-0.2620296535522936,0.1354805038578103,0.533158883235318
TRGP,sadness,audio,0.0486271648790953,-0.15010742165463675,0.24736175141282735,0.6306736967753441
TRGP,sadness,text,-0.2537059025227811,-0.4532141922930274,-0.05419761275253479,0.01252099792683436
TRGP,fear,audio,0.06887329175659174,-0.12989103619749845,0.2676376197106819,0.49706694617797625
TRGP,fear,text,-0.019995178922852304,-0.218705198205958,0.1787148403602534,0.8438920399884297
CI,happy,audio,0.11685645533191279,-0.09950783410578766,0.3332207447696132,0.2894308137833848
CI,happy,text,-0.0710572068274171,-0.28730482272769453,0.14519040907286035,0.517618197741722
CI,neutral,audio,-0.07010864255343555,-0.2863544426410817,0.14613715753421058,0.5260868404838711
CI,neutral,text,0.10073554207988025,-0.11558120082787368,0.31705228498763416,0.3593041281146769
CI,surprise,audio,0.13865297642581667,-0.07778677998482497,0.3550927328364583,0.20993563501447216
CI,surprise,text,0.05404741685994353,-0.16217134051787144,0.2702661742377585,0.6239817184103987
CI,disgust,audio,0.05389775170817838,-0.16232078656332877,0.2701162899796855,0.6278678501700953
CI,disgust,text,0.0980662425538036,-0.11824330654660804,0.31437579165421525,0.37527414665246656
CI,anger,audio,-0.005895889241248814,-0.2220754976038281,0.21028371912133048,0.9573240142282264
CI,anger,text,0.005125915948485972,-0.2110535772975049,0.22130540919447683,0.9630100953240768
CI,sadness,audio,-0.11050564144937146,-0.32685036021956104,0.10583907732081814,0.31515420226517665
CI,sadness,text,-0.11923661112868784,-0.33560851643635997,0.0971352941789843,0.2801187128353933
CI,fear,audio,-0.16735962698761622,-0.3839183676740291,0.04919911369879662,0.12887685143244698
CI,fear,text,-0.12461438098456921,-0.34100405812276874,0.09177529615363032,0.25574696206833775
QCOM,happy,audio,0.08083950546862788,-0.13821116924566995,0.2998901801829257,0.47278439400187994
QCOM,happy,text,-0.08966281599399115,-0.30873419797088336,0.12940856598290107,0.41785889718362745
QCOM,neutral,audio,-0.1591763368265049,-0.37848567252685583,0.060132998873846044,0.1540205294709124
QCOM,neutral,text,0.15343266077800571,-0.06585198699166081,0.37271730854767227,0.16816869895924005
QCOM,surprise,audio,0.17959680151901591,-0.03980762734054197,0.3990012303785738,0.10760242583861672
QCOM,surprise,text,0.04360036383152425,-0.17538651336033229,0.26258724102338077,0.695413287941422
QCOM,disgust,audio,-0.1097190789769654,-0.3288454937391332,0.10940733578520243,0.31959572873979464
QCOM,disgust,text,-0.011537413214542292,-0.23049994680989577,0.20742512038081118,0.9170910286301484
QCOM,anger,audio,0.09413297336513789,-0.12494971665515077,0.31321566338542656,0.39696047985015864
QCOM,anger,text,-0.18797028991231066,-0.40741701306295,0.03147643323832866,0.0920851467633434
QCOM,sadness,audio,-0.08698856259009843,-0.3060534422769433,0.13207631709674644,0.43670383093717385
QCOM,sadness,text,-0.13307322030406693,-0.35227764550714435,0.0861312048990105,0.2305831016264812
QCOM,fear,audio,0.0237645385028038,-0.19520393901763763,0.24273301602324523,0.8307369806296115
QCOM,fear,text,-0.005525396756011494,-0.22448651772190606,0.21343572420988308,0.960372585362641
BLK,happy,audio,0.3189723980469825,-0.06397749828999405,0.7019222943839591,0.10260261186638228
BLK,happy,text,0.1582985904669684,-0.22293806672566427,0.539535247659601,0.4093160099506704
BLK,neutral,audio,0.2657982080439904,-0.11645791864399835,0.6480543347319792,0.1798930815667717
BLK,neutral,text,-0.22602780131993086,-0.607846866374981,0.15579126373511923,0.24329737949958793
BLK,surprise,audio,-0.3548577365154291,-0.7383462714386282,0.028630798407769942,0.07085276164199551
BLK,surprise,text,-0.09306978109396453,-0.47393912049640663,0.2877995583084776,0.6397039663421046
BLK,disgust,audio,-0.19247385630312355,-0.5739788422252252,0.18903112961897814,0.33435399928395965
BLK,disgust,text,0.0565788867360242,-0.3241680394213236,0.43732581289337197,0.7846703106688946
BLK,anger,audio,-0.29076583242056847,-0.6733321571102475,0.09180049226911058,0.14016145563547414
BLK,anger,text,0.11617945594461032,-0.26479825049237654,0.4971571623815972,0.561831348765084
BLK,sadness,audio,0.01671098207954005,-0.363970428348633,0.3973923925077131,0.9283850297772224
BLK,sadness,text,0.3344261930652915,-0.04874872324645951,0.7176011093770425,0.08016057781380088
BLK,fear,audio,0.07019961351359086,-0.3105860263428255,0.45098525337000717,0.7172381851073669
BLK,fear,text,-0.06109460500074309,-0.4418534446628255,0.3196642346613393,0.7489484507302772
KO,happy,audio,0.1412629502375939,-0.12034505434204573,0.4028709548172335,0.28890985666149466
KO,happy,text,-0.024038274777942428,-0.28533341429141557,0.23725686473553073,0.8568029456146756
KO,neutral,audio,-0.009330138942313734,-0.27061734939638205,0.2519570715117546,0.9439956221026059
KO,neutral,text,0.14838201942162296,-0.113259255999104,0.4100232948423499,0.26597932577762
KO,surprise,audio,0.07450859631830795,-0.18686688360426154,0.33588407624087746,0.5672816406390591
KO,surprise,text,-0.012195526238990485,-0.2734837331858273,0.24909268070784632,0.9268071563674051
KO,disgust,audio,-0.10127557298782841,-0.3627270337938064,0.16017588781814956,0.4579189263701465
KO,disgust,text,0.12233630895666488,-0.13919117877482506,0.3838637966881548,0.3561323968008895
KO,anger,audio,0.10829652989139324,-0.15317868685326777,0.3697717466360543,0.4174900444078748
KO,anger,text,0.1394644268292481,-0.12213543052339226,0.40106428418188844,0.30357864025490994
KO,sadness,audio,-0.15779405537879715,-0.41948182119155714,0.10389371043396284,0.23715082193934378
KO,sadness,text,-0.041457261029492806,-0.3027708312140173,0.21985630915503168,0.757751681038589
KO,fear,audio,-0.10301066065531746,-0.3644678443845047,0.1584465230738698,0.44125495481643406
KO,fear,text,-0.3358511458294034,-0.5989529857912048,-0.07274930586760203,0.012181269699747494
EXC,happy,audio,0.37137359135904496,0.049398222255293,0.6933489604627969,0.023343208397210366
EXC,happy,text,-0.011260086090894982,-0.33043691272015735,0.30791674053836743,0.9447502043272151
EXC,neutral,audio,0.020338670450875573,-0.2988440080290275,0.3395213489307786,0.8999099863516691
EXC,neutral,text,0.1082430117839523,-0.21117014697984215,0.42765617054774674,0.5059470671020706
EXC,surprise,audio,0.020525069366217435,-0.2986577644891755,0.33970790322161043,0.8988889240001021
EXC,surprise,text,0.1131383685092608,-0.20629688037349309,0.43257361739201466,0.4877009842313071
EXC,disgust,audio,0.17253470165655707,-0.1472462092171176,0.4923156125302317,0.2905112687613913
EXC,disgust,text,0.02354511295166423,-0.2956404358242796,0.3427306617276081,0.8844801698818885
EXC,anger,audio,0.05984907103845736,-0.25939822887360925,0.379096370950524,0.7108094244255544
EXC,anger,text,-0.01812778946188058,-0.33730873313987714,0.30105315421611595,0.9110346170023425
EXC,sadness,audio,-0.39485736359719553,-0.7171963965655714,-0.07251833062881957,0.015590462600452777
EXC,sadness,text,-0.107446067233388,-0.4268557221409355,0.21196358767415946,0.5073675221629218
EXC,fear,audio,-0.1809281336236478,-0.5007694435635455,0.13891317631624994,0.2647978042971032
EXC,fear,text,-0.21678828260208238,-0.5369197906085068,0.10334322540434204,0.183238355842409
F,happy,audio,0.101256965556258,-0.14218439787250292,0.34469832898501895,0.41304617115577685
F,happy,text,0.16285954019549057,-0.08083192950702228,0.4065510098980034,0.1896308993150494
F,neutral,audio,0.08488366052186405,-0.1585108245312857,0.3282781455750138,0.4932825240402032
F,neutral,text,0.006222712909211941,-0.23706150574986812,0.249506931568292,0.9599123984251299
F,surprise,audio,-0.027216593596069757,-0.2705116159918589,0.2160784287997194,0.8250485334649368
F,surprise,text,-0.027700241493807773,-0.27099567263116087,0.21559518964354535,0.8229576680946621
F,disgust,audio,-0.023794645761279497,-0.2670869818477428,0.21949769032518385,0.8479592318910558
F,disgust,text,-0.396451170492425,-0.6421417651791663,-0.15076057580568367,0.001529122074466145
F,anger,audio,-0.19121277661501104,-0.4350584392596,0.05263288602957794,0.12239749081318943
F,anger,text,-0.05688244728164527,-0.300215860550789,0.18645096598749847,0.6460116359480365
F,sadness,audio,0.012582713431894469,-0.23070334588195385,0.25586877274574277,0.9190417848706772
F,sadness,text,0.016193485044499505,-0.22709417332056697,0.25948114340956596,0.8959778011588014
F,fear,audio,-0.01875237314743602,-0.2620414076863004,0.2245366613914284,0.8793204912456525
F,fear,text,0.05166158283461619,-0.19166311072577644,0.29498627639500885,0.6761117153067666
MLM,happy,audio,-0.024503837972911696,-0.2978173262881666,0.24880965034234323,0.872148128594678
MLM,happy,text,0.3392651992414771,0.06413314288694483,0.6143972555960093,0.021027892241586233
MLM,neutral,audio,0.2481420721177501,-0.026141345271908117,0.5224254895074083,0.07824146776416248
MLM,neutral,text,0.09650891265992731,-0.17694339462639816,0.36996121994625275,0.4922366609641101
MLM,surprise,audio,-0.15986035148013197,-0.43357121886261785,0.11385051590235393,0.26075339460336067
MLM,surprise,text,-0.08930572003294752,-0.36273670835001287,0.18412526828411785,0.5275900096338345
MLM,disgust,audio,-0.215705509574638,-0.48974991163159265,0.05833889248231669,0.13550336423112463
MLM,disgust,text,-0.3155040620670736,-0.5903897218006824,-0.04061840233346481,0.026434961187036702
MLM,anger,audio,-0.16241742645259846,-0.4361414066914533,0.11130655378625634,0.27089265503756593
MLM,anger,text,-0.17872958461039365,-0.45254209594650363,0.09508292672571636,0.19398271881643736
MLM,sadness,audio,-0.09569327405275911,-0.36914308443180627,0.17775653632628802,0.5000918749958418
MLM,sadness,text,-0.2995146094535907,-0.5742444148565822,-0.024784804050599296,0.031735007389310045
MLM,fear,audio,0.17863596264335835,-0.09517601650668256,0.45244794179339926,0.22039192423889017
MLM,fear,text,-0.026982071495013624,-0.30029759307468973,0.24633345008466245,0.8492833425660026
VMC,happy,audio,0.05760898354546582,-0.16726634100118773,0.2824843080921194,0.6151612353587602
VMC,happy,text,-0.0689694780541366,-0.293865238150629,0.15592628204235576,0.5473557016325645
VMC,neutral,audio,0.131106422989417,-0.09396593427926664,0.3561787802581006,0.25355463861136346
VMC,neutral,text,0.1162627719968044,-0.10875744115508337,0.34128298514869215,0.3108206567022341
VMC,surprise,audio,-0.10571689259551154,-0.3307038553100471,0.11927007011902399,0.3566605977521845
VMC,surprise,text,0.024356098401255095,-0.20048048748222516,0.24919268428473537,0.8316389269223854
VMC,disgust,audio,-0.012270277409758404,-0.23710057112952532,0.21256001631000854,0.9147436090480883
VMC,disgust,text,-0.05796007519246028,-0.28283597638676494,0.16691582600184438,0.61285673484527
VMC,anger,audio,-0.09455993103532277,-0.31951515127893526,0.13039528920828974,0.4093114365287588
VMC,anger,text,-0.007156351342088853,-0.2319852328845236,0.21767253020034588,0.9501849581246788
VMC,sadness,audio,-0.08883705666125333,-0.31377736560365815,0.1361032522811515,0.43826390718584546
VMC,sadness,text,-0.0384743982138488,-0.26332359262998595,0.18637479620228833,0.737046010872965
VMC,fear,audio,0.06392769641509051,-0.16095854189313674,0.2888139347233178,0.5770886113143262
VMC,fear,text,-0.05855820146345684,-0.2834350931107609,0.16631869018384726,0.6094520002507099
JNJ,happy,audio,0.05164655598287328,-0.20687936305375038,0.3101724750194969,0.6947086112596758
JNJ,happy,text,-0.26408197935518557,-0.5237055943266369,-0.004458364383734259,0.04570892910888829
JNJ,neutral,audio,-0.2646423312748115,-0.5242707847190717,-0.005013877830551239,0.04519142769716814
JNJ,neutral,text,0.23712728435539382,-0.02227560111833915,0.4965301698291268,0.07270306996771723
JNJ,surprise,audio,0.2720439410679451,0.012350623203688627,0.5317372589322016,0.03952645657914734
JNJ,surprise,text,0.22817882455377014,-0.031155994074070936,0.4875136431816112,0.08417767151090619
JNJ,disgust,audio,-0.06429555024569757,-0.3228455206229903,0.19425442013159522,0.625306655931781
JNJ,disgust,text,0.15314056696123177,-0.1057260106544847,0.4120071445769482,0.24520680513065726
JNJ,anger,audio,0.19820606176699684,-0.06091972657659028,0.45733185011058397,0.1333989117545806
JNJ,anger,text,-0.1377078137974079,-0.3965008618200274,0.12108523422521164,0.2955420627116338
JNJ,sadness,audio,-0.06114482526110513,-0.3196883141433415,0.1973986636211312,0.6423358067202763
JNJ,sadness,text,-0.26603432543871963,-0.5256748423300672,-0.006393808547371982,0.04437279098081102
JNJ,fear,audio,-0.061454450008299945,-0.3199985614141655,0.1970896613975656,0.6404721628791376
JNJ,fear,text,-0.16642417470103582,-0.4253602718753315,0.09251192247325984,0.20716437734837395
GS,happy,audio,0.002308615881949331,-0.19823733645390607,0.20285456821780473,0.9819093416671761
GS,happy,text,-0.07328304809586207,-0.2738966885579617,0.1273305923662375,0.47183930867265983
GS,neutral,audio,-0.024998517939411206,-0.22555228853725318,0.17555525265843075,0.8067746166991924
GS,neutral,text,0.1447651769209766,-0.05604498082781226,0.3455753346697654,0.1567987091292678
GS,surprise,audio,0.00847305869241359,-0.19207373230953273,0.20901984969435994,0.9334519447264216
GS,surprise,text,0.2294768747348856,0.028267597653963306,0.4306861518158079,0.025074684839138366
GS,disgust,audio,0.04056132506365983,-0.16000531927957135,0.24112796940689102,0.6906303164631552
GS,disgust,text,-0.022633813405049837,-0.22318616274373523,0.17791853593363557,0.8247579272892178
GS,anger,audio,0.06164981297914721,-0.13894402575654333,0.26224365171483777,0.547475487440353
GS,anger,text,-0.16709929293690942,-0.36799720691416943,0.033798621040350585,0.10225901222026187
GS,sadness,audio,-0.11120677135286162,-0.31190864892239123,0.089495106216668,0.2797868146140998
GS,sadness,text,-0.3717921304417908,-0.5740747524203691,-0.16950950846321258,0.0002852928960987032
GS,fear,audio,0.0076215718675148115,-0.19292504620565826,0.20816818994068786,0.9402305996374132
GS,fear,text,-0.05223583038657924,-0.25281614331268865,0.1483444825395302,0.6077910135487906
TT,happy,audio,-0.02516405241055187,-0.2668886081165698,0.21656050329546603,0.8380401562650052
TT,happy,text,-0.22508367584234562,-0.4675729753645254,0.01740562367983417,0.0684745076325214
TT,neutral,audio,0.03882192517556334,-0.20291600980927174,0.2805598601603984,0.7525740009333537
TT,neutral,text,0.31707422496078747,0.07382495966349448,0.5603234902580805,0.010535650450858493
TT,surprise,audio,0.027686861468323803,-0.2140397355614992,0.2694134584981468,0.8221310497444384
TT,surprise,text,0.20513530513435915,-0.03722297988337722,0.44749359015209556,0.09666565458108611
TT,disgust,audio,0.01083822074867558,-0.23087843847422973,0.2525548799715809,0.9298859805239134
TT,disgust,text,0.06723645302318071,-0.17454761337949087,0.3090205194258523,0.5850308376572435
TT,anger,audio,-0.1189446498930745,-0.3608760264406991,0.12298672665455011,0.334526198739894
TT,anger,text,-0.12420766822455977,-0.3661586197443341,0.11774328329521459,0.31377733113135614
TT,sadness,audio,-0.0761247554862192,-0.3179283249556378,0.16567881398319934,0.5365707831012659
TT,sadness,text,-0.2407993783817764,-0.48340039399397666,0.0018016372304238693,0.051478717995659735
TT,fear,audio,0.1154731157372326,-0.12644581197961258,0.35739204345407777,0.3488520925666095
TT,fear,text,-0.23550151023020627,-0.4780640292753062,0.007061008814893688,0.056775050703813765
ETR,happy,audio,0.1767380049996558,-0.11932564699846615,0.47280165699777776,0.24063285856934338
ETR,happy,text,-0.15348163993630895,-0.44940084445412387,0.14243756458150594,0.30796740258257593
ETR,neutral,audio,-0.35314243104078186,-0.650958603710228,-0.0553262583713357,0.01982619155955271
ETR,neutral,text,0.15080698112795915,-0.14509691122664398,0.4467108734825623,0.316450369680636
ETR,surprise,audio,0.40733080200476274,0.10874527657775435,0.7059163274317711,0.007495691293170285
ETR,surprise,text,0.20069350435560804,-0.09554011988528174,0.4969271285964978,0.18297680274813657
ETR,disgust,audio,0.06490258650425135,-0.23065245920646454,0.36045763221496724,0.6660251208321397
ETR,disgust,text,0.17052998511328937,-0.12549312472697915,0.4665530949535579,0.2575446882765687
ETR,anger,audio,0.19006778459203172,-0.10608779608127611,0.48622336526533955,0.2073917374481386
ETR,anger,text,-0.24816352960610732,-0.5447973236123371,0.04847026440012253,0.10012092793275888
ETR,sadness,audio,-0.1412658869108273,-0.43711734423005666,0.15458557040840204,0.34796621647394005
ETR,sadness,text,-0.12762673131630584,-0.42340916661368466,0.16815570398107302,0.39639953622987184
ETR,fear,audio,-0.35942865328308515,-0.657328550530794,-0.06152875603537633,0.01793356830887813
ETR,fear,text,-0.12990346528781052,-0.4256969363980594,0.16589000582243832,0.3880542767305348
PANW,happy,audio,0.11182845901144631,-0.23263463804112275,0.4562915560640154,0.5197781422098665
PANW,happy,text,0.17867373363034555,-0.16620397082619348,0.5235514380868846,0.3092431783436879
PANW,neutral,audio,0.2082423511014172,-0.13687938715079462,0.553364089353629,0.2408231704513022
PANW,neutral,text,0.13727027377665907,-0.20732819017875076,0.4818687377320689,0.4333086453840909
PANW,surprise,audio,-0.343097143357311,-0.689800639467907,0.0036063527532850803,0.05135237746921634
PANW,surprise,text,-0.23120854074923786,-0.576545414737909,0.11412833323943328,0.18092633369817318
PANW,disgust,audio,-0.13409961038708143,-0.47867969919028386,0.21048047841612097,0.4399277303958407
PANW,disgust,text,-0.2510475624135626,-0.5965882568745673,0.0944931320474422,0.1499265058548013
PANW,anger,audio,-0.1253098308542978,-0.4698412200805769,0.21922155837198126,0.478204819976842
PANW,anger,text,-0.011574585827724365,-0.3557732764811961,0.3326241048257474,0.9470068777131607
PANW,sadness,audio,-0.036875277083043986,-0.381100174905458,0.30734962073937,0.8344305363644772
PANW,sadness,text,-0.07828120153849441,-0.4226080207203089,0.26604561764332,0.6483865699768434
PANW,fear,audio,0.2429714427508072,-0.10248427077153185,0.5884271562731462,0.1608784176923023
PANW,fear,text,-0.048110959438593885,-0.3923562705888045,0.29613435171161673,0.7829936443948058
NOW,happy,audio,-0.21004590823846733,-0.45064077228388694,0.03054895580695227,0.09766146321847793
NOW,happy,text,0.03345090063553048,-0.2065441203485528,0.27344592161961373,0.7912924241131194
NOW,neutral,audio,0.24069867768245962,-8.860663598719842e-05,0.48148596200090643,0.059186993942575226
NOW,neutral,text,-0.2142243952414493,-0.45484395739124284,0.02639516690834426,0.09007267587249265
NOW,surprise,audio,-0.16651265955085878,-0.4068790246970718,0.07385370559535426,0.195749930069331
NOW,surprise,text,0.049549077119836825,-0.19046460534571943,0.28956275958539307,0.6961416553129629
NOW,disgust,audio,-0.3822567919670675,-0.6242685963343764,-0.1402449875997587,0.0021610662662233334
NOW,disgust,text,0.40050823923053214,0.15829863530960198,0.6427178431514623,0.001800945953703258
NOW,anger,audio,0.288884553035161,0.047742282911773015,0.530026823158549,0.01847142750148364
NOW,anger,text,0.0717296369639161,-0.16832161173699758,0.31178088566482975,0.5624407008247874
NOW,sadness,audio,-0.14920512171821282,-0.3894952719321832,0.09108502849575756,0.25295722308273044
NOW,sadness,text,-9.658137313605043e-05,-0.24007597323836566,0.23988281049209353,0.9993791785666817
NOW,fear,audio,0.14751396738407352,-0.09276918264258208,0.3877971174107291,0.2512022258868487
NOW,fear,text,-0.06071398718590411,-0.30074486236021486,0.17931688798840667,0.63471127538412
IFF,happy,audio,0.5497648666246487,0.19047041616793325,0.9090593170813642,0.0029467710847198452
IFF,happy,text,-0.3170883907061598,-0.6719907222935764,0.03781394088125678,0.07953713630960262
IFF,neutral,audio,-0.551560878074462,-0.9108981352981738,-0.19222362085075023,0.002733102212033563
IFF,neutral,text,0.2977611429586331,-0.056880721260791745,0.652403007178058,0.10505974631636678
IFF,surprise,audio,0.2030690935432631,-0.1505313742401421,0.5566695613266683,0.26165728130376736
IFF,surprise,text,0.06982319687640252,-0.2829767215855435,0.42262311533834857,0.6967906727725329
IFF,disgust,audio,0.2348639048286154,-0.11904263741105714,0.588770447068288,0.1968490780871955
IFF,disgust,text,0.2014690807494923,-0.15211715251505561,0.5550553140140402,0.27487996437215684
IFF,anger,audio,0.027664928465748535,-0.32504439051915013,0.3803742474506472,0.877707424773535
IFF,anger,text,0.07150907306155936,-0.28129609709202114,0.42431424321513983,0.7033484707095095
IFF,sadness,audio,-0.34676118078563184,-0.7020948519336836,0.008572490362419971,0.05496733437483665
IFF,sadness,text,-0.2548251513879911,-0.6089464033263243,0.09929610055034205,0.16481307526579986
IFF,fear,audio,0.37888838357362875,0.02304489348771671,0.7347318736595407,0.03485879254867132
IFF,fear,text,-0.23205013474624306,-0.5859278088608217,0.12182753936833565,0.1939384790086059
GOOG,happy,audio,0.08205304746114908,-0.16696884607344073,0.33107494099573886,0.5175565841623484
GOOG,happy,text,0.13664630215802442,-0.1125638438926567,0.38585644820870557,0.2815730392599346
GOOG,neutral,audio,-0.1320809281990409,-0.38127173698105543,0.11710988058297361,0.29788452352569206
GOOG,neutral,text,0.11453252207773146,-0.13459006260048573,0.36365510675594864,0.366572018013541
GOOG,surprise,audio,0.08707688615570476,-0.16195840917219084,0.3361121814836004,0.49226292207628264
GOOG,surprise,text,0.14575879237553993,-0.10349191055281412,0.39500949530389395,0.25078150043994557
GOOG,disgust,audio,0.01683091500400687,-0.2320892300281737,0.2657510600361874,0.8943564565308059
GOOG,disgust,text,-0.08375442920440145,-0.332780772333495,0.16527191392469215,0.5089099197486253
GOOG,anger,audio,-0.006321192699600395,-0.25523749817541935,0.2425951127762186,0.9602281269056289
GOOG,anger,text,-0.10289334772334567,-0.351976028896965,0.14618933345027363,0.41720579023608906
GOOG,sadness,audio,-0.04305890698567128,-0.2920038372143289,0.2058860232429863,0.7340834387900146
GOOG,sadness,text,-0.27691695725263327,-0.5270397538523846,-0.026794160652882038,0.029675701622669602
GOOG,fear,audio,0.06089428192915356,-0.18807989973794484,0.309868463596252,0.6309802449100764
GOOG,fear,text,-0.2388733751735839,-0.4886878351863668,0.010941084839199033,0.0603879613396598
EA,happy,audio,-0.16172657270761884,-0.45445948673888603,0.13100634132364838,0.2766369515827222
EA,happy,text,0.02795517217528618,-0.26430572619565096,0.32021607054622336,0.8504630940996406
EA,neutral,audio,0.16688864047228769,-0.12587580220335526,0.45965308314793063,0.26209057611394065
EA,neutral,text,0.21952504788612906,-0.07361716628039447,0.5126672620526526,0.13983645302558564
EA,surprise,audio,-0.07707605694375316,-0.3694329907347921,0.21528087684728572,0.6042522322390917
EA,surprise,text,0.21997572115846056,-0.07317016946284796,0.5131216117797691,0.1396857402625163
EA,disgust,audio,-0.1370841414321942,-0.42968015699163387,0.15551187412724551,0.35617315460912535
EA,disgust,text,-0.19360881880222597,-0.48655223112516954,0.0993345935207176,0.19375822616510346
EA,anger,audio,0.11959763480522048,-0.17291490112384825,0.41211017073428924,0.4211554577490427
EA,anger,text,-0.04705294078175,-0.339340507076927,0.245234625513427,0.7517211965349956
EA,sadness,audio,-0.11710998230511825,-0.4096115646949021,0.1753916000846656,0.42969658504515523
EA,sadness,text,-0.22026824043621882,-0.5134165213508248,0.07288004047838717,0.1384932621521776
EA,fear,audio,0.03748053195288061,-0.2547919703642473,0.32975303427000846,0.8007316742001551
EA,fear,text,-0.3806695352971094,-0.6756015073253456,-0.08573756326887311,0.011050878221196716
AXP,happy,audio,0.19307253663346455,-0.04794894260930149,0.4340940158762306,0.1164975075738636
AXP,happy,text,-0.12416460808599564,-0.3648540381240851,0.11652482195209382,0.31182896478240824
AXP,neutral,audio,0.04731500891804268,-0.19317402762177002,0.2878040454578554,0.698954402830186
AXP,neutral,text,0.1720851709148453,-0.06881995114385484,0.4129902929735454,0.16108480689589547
AXP,surprise,audio,0.03208909805748245,-0.20838154545238843,0.27255974156735335,0.793689926992834
AXP,surprise,text,0.24044673383158957,-0.0008862895842461083,0.4817797572474253,0.0516282951464757
AXP,disgust,audio,-0.08231958691753825,-0.32287764646287365,0.1582384726277971,0.5027017045948486
AXP,disgust,text,0.11277101113455988,-0.12787738177954633,0.3534194040486661,0.35854199440524775
AXP,anger,audio,0.05829983094859402,-0.1822068542804406,0.29880651617762866,0.6339788619118352
AXP,anger,text,-0.05664606340590952,-0.297149856962547,0.18385773015072795,0.6444883732718907
AXP,sadness,audio,-0.21954616722572948,-0.4607334001035962,0.02164106565213722,0.0741183941543896
AXP,sadness,text,-0.28537126613022934,-0.5270621272563664,-0.043680405004092315,0.02093593372614764
AXP,fear,audio,-0.1288550131789149,-0.3695624815734843,0.11185245521565451,0.29407056838772044
AXP,fear,text,-0.2177151898839346,-0.4588902780729891,0.023459898305119936,0.0765186677538275
DIS,happy,audio,0.12864870188044925,-0.1318623220974076,0.3891597258583061,0.3331419387031303
DIS,happy,text,0.2890641574983984,0.027450232240421035,0.5506780827563758,0.03053326390940312
DIS,neutral,audio,0.05240113501618944,-0.20788209354741594,0.3126843635797948,0.692829794022457
DIS,neutral,text,-0.03362963904535028,-0.29388620603340154,0.226626927942701,0.7998040493160564
DIS,surprise,audio,-0.12361945086576288,-0.38410954749957,0.13687064576804425,0.35273387516760485
DIS,surprise,text,-0.1137090063563423,-0.3741603021511888,0.1467422894385042,0.39304754585319057
DIS,disgust,audio,-0.1263277452425068,-0.38682900795410324,0.1341735174690896,0.3401749551288816
DIS,disgust,text,-0.1219798526763136,-0.3824633067435088,0.13850360139088158,0.3576618673627333
DIS,anger,audio,-0.0697436507864857,-0.3300618471823568,0.19057454560938542,0.5988154749753422
DIS,anger,text,-0.06626441098121046,-0.3265747963518484,0.1940459743894275,0.6176920435615779
DIS,sadness,audio,0.05913205334866737,-0.20116356828632073,0.3194276749836555,0.655451024345077
DIS,sadness,text,-0.09046932004735375,-0.35084232054121317,0.16990368044650567,0.4960010576249019
DIS,fear,audio,0.059547015329736705,-0.20074941927041012,0.31984344992988356,0.6531106465240912
DIS,fear,text,-0.02197629076461391,-0.28222215892726266,0.23826957739803487,0.8683096355952248
FOXA,happy,audio,0.021669631280835367,-0.3225592447732744,0.36589850733494517,0.9029883400503093
FOXA,happy,text,-0.03676631690772571,-0.38101419779252593,0.30748156397707455,0.831019703021147
FOXA,neutral,audio,-0.04359759240020929,-0.3878572994982368,0.30066211469781823,0.8059120650861985
FOXA,neutral,text,-0.10146641066902197,-0.44590690411980627,0.24297408278176236,0.5640799928533045
FOXA,surprise,audio,-0.12129361902717099,-0.46582919184527866,0.22324195379093664,0.4992975628857597
FOXA,surprise,text,0.04717749767058797,-0.2970892096072935,0.3914442049484695,0.7869753046237208
FOXA,disgust,audio,-0.05095578186624137,-0.39523047593763744,0.29331891220515466,0.7775795758421657
FOXA,disgust,text,-0.1412222472844149,-0.4858704074341238,0.203425912865294,0.42632140290753506
FOXA,anger,audio,0.18993471344385374,-0.15506037609923903,0.5349298029869465,0.2806274348625578
FOXA,anger,text,-0.10470096729441071,-0.4491558180538702,0.23975388346504883,0.5586351294611154
FOXA,sadness,audio,-0.10013403416146288,-0.44456874439534,0.24430067607241424,0.5715615572634322
FOXA,sadness,text,0.05029745408056355,-0.29397580414276725,0.3945707123038943,0.7779852944233742
FOXA,fear,audio,0.19420309485655268,-0.15082723800253162,0.539233427715637,0.2751019915840855
FOXA,fear,text,0.30963262586443935,-0.0366454513867846,0.6559107031156632,0.08021901247549247
ETN,happy,audio,0.028542602656262805,-0.16710576102577113,0.22419096633829672,0.7752474246483424
ETN,happy,text,0.06648843914734748,-0.12920411591022923,0.2621809942049242,0.5047480504019868
ETN,neutral,audio,-0.03987749117740206,-0.23553535975419707,0.15578037739939296,0.6887558874448796
ETN,neutral,text,-0.002892040480331654,-0.1985305215142,0.1927464405535367,0.9769796989336658
ETN,surprise,audio,0.019349361959977884,-0.17629360544528247,0.21499232936523824,0.8453413945206364
ETN,surprise,text,-0.14470145233366452,-0.3405963030616277,0.05119339839429862,0.14823521674499165
ETN,disgust,audio,-0.007516557446930258,-0.20315562846018229,0.1881225135663218,0.9396446572446348
ETN,disgust,text,0.106397515808363,-0.08937956644641172,0.30217459806313773,0.28763628945853736
ETN,anger,audio,0.03940837975415838,-0.15624903298711978,0.23506579249543652,0.6927614333699953
ETN,anger,text,-0.0012516524791576216,-0.1968900501999585,0.19438674524164326,0.9899935450168416
ETN,sadness,audio,-0.08791742204135566,-0.28365051667640984,0.10781567259369848,0.3779244730847606
ETN,sadness,text,-0.15384797845174764,-0.3497762521868588,0.04208029528336357,0.12367413445622738
ETN,fear,audio,0.04900328348159707,-0.14666452548063785,0.244671092443832,0.6209944047440867
ETN,fear,text,0.08117484497914798,-0.11454428166117042,0.2768939716194664,0.41633938520195213
FCX,happy,audio,0.09121893168905626,-0.3877251398744144,0.5701630032525269,0.702061530928496
FCX,happy,text,-0.5318106859611336,-1.0192133697706338,-0.044408002151633374,0.03174775608520336
FCX,neutral,audio,-0.3492063457556776,-0.8316696691849307,0.13325697767357547,0.15056837316634208
FCX,neutral,text,0.5074816255561908,0.02085193679492625,0.9941113143174554,0.03680867544407445
FCX,surprise,audio,0.24158601253580486,-0.23891120111234987,0.7220832261839596,0.31577805584588253
FCX,surprise,text,0.1446553123342606,-0.3346804219817368,0.6239910466502581,0.5458130315443055
FCX,disgust,audio,0.30089011681567945,-0.18060291894378855,0.7823831525751475,0.2121584054306895
FCX,disgust,text,0.13058301713686762,-0.3486323950215321,0.6097984292952674,0.5863014509597644
FCX,anger,audio,0.001838373686858647,-0.47684706539603255,0.4805238127697498,0.9938963832441468
FCX,anger,text,-0.04704454479388906,-0.5257987113717408,0.43170962178396277,0.8449437770740754
FCX,sadness,audio,-0.030995882957342086,-0.5097110983547208,0.44771933244003664,0.8982109723267685
FCX,sadness,text,-0.19840005601390984,-0.6783081358139165,0.28150802378609674,0.4017884380288536
FCX,fear,audio,0.0875466426660132,-0.3913770208126534,0.5664703061446799,0.712891787625878
FCX,fear,text,-0.16828464312303915,-0.6478500058787389,0.3112807196326605,0.4804200268757769
LLY,happy,audio,-0.04155500453265608,-0.27967377166422636,0.19656376259891423,0.7310300922493811
LLY,happy,text,0.01498076402288649,-0.22311543465046582,0.2530769626962388,0.9015898776435016
LLY,neutral,audio,-0.026484180591230703,-0.26458754465260265,0.21161918347014122,0.8272079528660046
LLY,neutral,text,0.14801985454723107,-0.0904018883781589,0.3864415974726211,0.22232023315953706
LLY,surprise,audio,-0.20834111867972777,-0.4470851258150049,0.030402888455549365,0.08650393706283359
LLY,surprise,text,-0.05259976908111987,-0.2907341562371413,0.18553461807490154,0.6642850266896567
LLY,disgust,audio,0.14139590308164898,-0.09699707841702826,0.3797888845803262,0.24217654695096238
LLY,disgust,text,-0.1685914007005054,-0.40711083342916565,0.06992803202815484,0.16706833818700179
LLY,anger,audio,0.08525677039327623,-0.15294522672435654,0.32345876751090896,0.4809069352285594
LLY,anger,text,-0.18964279836571257,-0.42827529189757996,0.048989695166154784,0.12101381326601339
LLY,sadness,audio,0.1389667077903451,-0.09941605516143823,0.37734947074212843,0.25285977299531875
LLY,sadness,text,-0.004562906837222948,-0.24265604688975428,0.2335302332153084,0.9698657661407873
LLY,fear,audio,0.1163058453805002,-0.12199010641013017,0.3546017971711306,0.33793613383014726
LLY,fear,text,0.017125792360012007,-0.220971440893461,0.255223025613485,0.8877877045602858
KMB,happy,audio,0.01956597964424294,-0.1854855396690067,0.22461749895749258,0.848983302705036
KMB,happy,text,0.07350074807363363,-0.13161438543843848,0.2786158815857057,0.4818640380981214
KMB,neutral,audio,0.21349914155192456,0.007875508884815252,0.4191227742190339,0.03914732770300269
KMB,neutral,text,-0.044206163306502406,-0.24927759907393934,0.16086527246093454,0.6684375231985322
KMB,surprise,audio,-0.14486828118846545,-0.35018079611979896,0.06044423374286806,0.16247807129898756
KMB,surprise,text,-0.0021022499880711527,-0.2071489728099277,0.2029444728337854,0.9838807722783502
KMB,disgust,audio,-0.022856667854835252,-0.22790995662825242,0.1821966209185819,0.825539734122986
KMB,disgust,text,-0.03705341739946633,-0.24211748649792209,0.16801065169898943,0.7254321414853109
KMB,anger,audio,0.020815802018670435,-0.18423635701653285,0.22586796105387374,0.8388069568292885
KMB,anger,text,0.14796314666916563,-0.05736084062987093,0.3532871339682022,0.16297649112642723
KMB,sadness,audio,-0.12337006307799629,-0.3286095639854465,0.0818694378294539,0.2343575967553278
KMB,sadness,text,0.034229753011084975,-0.17083176494693242,0.23929127096910235,0.743335079219498
KMB,fear,audio,-0.008161369824125672,-0.21320888092067403,0.1968861412724227,0.9371991770622492
KMB,fear,text,-0.11974647933179498,-0.32497482382016185,0.08548186515657187,0.248204266363084
EOG,happy,audio,-0.14738933782764416,-0.3776825795185197,0.08290390386323138,0.21264875374888273
EOG,happy,text,0.07399818391704578,-0.15606169861734237,0.3040580664514339,0.5326374329642444
EOG,neutral,audio,0.05633283661781901,-0.17369395952513225,0.28635963276077026,0.6291229273828494
EOG,neutral,text,0.12211162176335515,-0.10808380654348625,0.3523070500701965,0.3038095044773771
EOG,surprise,audio,-0.028661205875160026,-0.25865419819567087,0.20133178644535082,0.8063111633742187
EOG,surprise,text,-0.11794939576843998,-0.34813047403126685,0.11223168249438688,0.31169295114898804
EOG,disgust,audio,0.023193367796756004,-0.20679554902234135,0.25318228461585335,0.8406506958744094
EOG,disgust,text,-0.0014599417307856214,-0.2314411567385243,0.22852127327695307,0.9900521125508167
EOG,anger,audio,-0.04518986115725668,-0.2752003984311715,0.18482067611665817,0.6965962084593187
EOG,anger,text,0.08217676073161329,-0.1479014753482261,0.31225499681145263,0.48344642796843357
EOG,sadness,audio,0.0023900073919109533,-0.22759125908714448,0.23237127387096637,0.9837632765946102
EOG,sadness,text,-0.15787374621064545,-0.38821292703504756,0.07246543461375665,0.17912828206827575
EOG,fear,audio,0.11208710828150283,-0.11807460123040152,0.34224881779340716,0.3381661344247918
EOG,fear,text,-0.13370108930110364,-0.3639390909595779,0.09653691235737058,0.2515433952667295
CBRE,happy,audio,0.04297634987155706,-0.186894678642738,0.27284737838585216,0.7096405795227736
CBRE,happy,text,-0.034369233007776535,-0.2642309438220971,0.19549247780654402,0.7674593383972248
CBRE,neutral,audio,-0.20683446586766321,-0.4372776915573955,0.02360875982206906,0.07370511876770637
CBRE,neutral,text,0.08010149989795626,-0.14983347182449888,0.31003647162041137,0.4997194961279059
CBRE,surprise,audio,0.3061147247092396,0.07496160123156018,0.5372678481869191,0.007344044068183305
CBRE,surprise,text,0.0706222049934246,-0.15929277444610268,0.30053718443295185,0.5514887181283432
CBRE,disgust,audio,0.1933191695576848,-0.037048538128125,0.42368687724349463,0.0988913520271666
CBRE,disgust,text,0.08681029310053386,-0.14314034622441685,0.31676093242548453,0.460365160004214
CBRE,anger,audio,0.07378044212267763,-0.15614091903379712,0.30370180327915236,0.5233767112851878
CBRE,anger,text,0.11803900141489196,-0.11200112498634443,0.3480791278161284,0.31316679100502726
CBRE,sadness,audio,-0.12310459953629212,-0.35316180947063136,0.10695261039804714,0.2882967581946378
CBRE,sadness,text,-0.11626196062657922,-0.346296263792901,0.11377234253974257,0.3176264706654223
CBRE,fear,audio,-0.20071588734667012,-0.4311242960146992,0.029692521321358967,0.07847879109483272
CBRE,fear,text,-0.20943909560020368,-0.43989745821135384,0.021019267010946474,0.0733603629250284
MNST,happy,audio,-0.05200579959361984,-0.39117795769837616,0.2871663585111365,0.7624560878805594
MNST,happy,text,0.034657217135006566,-0.3044828107374476,0.37379724500746075,0.8403575063292974
MNST,neutral,audio,0.16658243486463087,-0.17312450439785382,0.5062893741271155,0.32640227448708853
MNST,neutral,text,-0.007750463212910429,-0.346866104102124,0.3313651776763031,0.9639318282842859
MNST,surprise,audio,0.05993099333049398,-0.27926012162139824,0.39912210828238615,0.7261201189702119
MNST,surprise,text,-0.05752769142036689,-0.3967127742720017,0.2816573914312679,0.7337395598951119
MNST,disgust,audio,-0.3205268071065219,-0.6618299281388926,0.020776313925848833,0.06234935192116011
MNST,disgust,text,0.028353554254021848,-0.3107779847490518,0.36748509325709555,0.8682541303108178
MNST,anger,audio,0.1896227896511169,-0.15025921038078405,0.5295047896830178,0.26219559634138884
MNST,anger,text,0.019708470016500182,-0.3194141887510386,0.35883112878403894,0.9075096650683196
MNST,sadness,audio,-0.16212599900767705,-0.5018016825319813,0.17754968451662717,0.340724491648304
MNST,sadness,text,0.03497691769757759,-0.30416358595020776,0.37411742134536297,0.8371483163773987
MNST,fear,audio,-0.249772901474311,-0.5902180463612627,0.09067224341264077,0.1481011555873705
MNST,fear,text,-0.037330369985415696,-0.3764745104478826,0.30181377047705127,0.8273545435630346
ISRG,happy,audio,0.317115946962765,0.06141619684803806,0.572815697077492,0.014758525235667829
ISRG,happy,text,-0.10717909945303854,-0.36146631629326614,0.14710811738718904,0.4079387612764067
ISRG,neutral,audio,-0.12825984656496697,-0.3826259754922426,0.12610628236230864,0.3208128684048815
ISRG,neutral,text,0.11196324495383447,-0.14234064294025423,0.36626713284792317,0.3881952644972413
ISRG,surprise,audio,-0.03119314021097129,-0.2853131048754911,0.2229268244535485,0.8091403638689482
ISRG,surprise,text,-0.04707506957709573,-0.3012148132315539,0.20706467407736245,0.7171002993489418
ISRG,disgust,audio,0.10988513724476671,-0.14441141989415013,0.3641816943836836,0.39499582697220476
ISRG,disgust,text,0.040989591248373196,-0.21314162528909236,0.29512080778583877,0.7515703307670911
ISRG,anger,audio,-0.06823807832546543,-0.3224166478873712,0.18594049123644035,0.5968081062075679
ISRG,anger,text,0.10590982393970184,-0.1483730919241465,0.36019273980355015,0.41066523168457514
ISRG,sadness,audio,-0.19494844220669222,-0.44965698685998473,0.059760102446600294,0.13149444715372974
ISRG,sadness,text,0.061836669101639055,-0.19232865362594925,0.31600199182922734,0.6323617854371149
ISRG,fear,audio,0.14421854380346305,-0.1102167017223113,0.3986537893292374,0.26460987376022793
ISRG,fear,text,-0.1423389513712678,-0.3967656368405609,0.11208773409802522,0.2758518892719659
SYY,happy,audio,0.056631347559388076,-0.2079773528668563,0.3212400479856325,0.6770900521547788
SYY,happy,text,0.01596932851510565,-0.24858987903881954,0.28052853606903083,0.9065827335100196
SYY,neutral,audio,0.07756592912952895,-0.1870898627161575,0.3422217209752154,0.5674892007973967
SYY,neutral,text,0.14666793127448993,-0.11824744225592784,0.4115833048049077,0.2784678883659407
SYY,surprise,audio,-0.1713517541267861,-0.4363985375672457,0.09369502931367352,0.20660228593229446
SYY,surprise,text,-0.13985489942066748,-0.4047375843870854,0.12502778554575045,0.3031148148593959
SYY,disgust,audio,-0.041050772729721074,-0.3056339583699672,0.22353241291052506,0.7619488954496505
SYY,disgust,text,-0.08042224395725862,-0.3450855992470174,0.1842411113325002,0.5540223395481838
SYY,anger,audio,0.19377347693566052,-0.07141028507655336,0.45895723894787444,0.15207226267318788
SYY,anger,text,0.10356945759273525,-0.16116526859237854,0.368304183777849,0.4446453390079204
SYY,sadness,audio,-0.30179973116169895,-0.5678774886661561,-0.035721973657241834,0.02661247588944922
SYY,sadness,text,-0.05951969094417303,-0.32413401529829566,0.2050946334099496,0.6590369349047194
SYY,fear,audio,0.13182876270333452,-0.13301740291621625,0.3966749283228853,0.3324870209112621
SYY,fear,text,-0.09571122068617276,-0.36041970604667456,0.16899726467432902,0.47861869815629804
ALB,happy,audio,0.05173419873770455,-0.1993319520639177,0.30280034953932683,0.6871904545466643
ALB,happy,text,-0.20939889197711337,-0.4611190200317379,0.04232123607751115,0.10186514326598117
ALB,neutral,audio,-0.015991502866907256,-0.2670191496850081,0.2350361439511936,0.9007130121862308
ALB,neutral,text,0.1296557880306646,-0.12163506550141914,0.3809466415627484,0.31122420415323027
ALB,surprise,audio,-0.10980316973427104,-0.3610184693123849,0.14141212984384285,0.3914955645430229
ALB,surprise,text,0.051307632627037504,-0.1997578190862371,0.3023730843403121,0.6874621294219462
ALB,disgust,audio,-0.0215084587893021,-0.2725393965904203,0.22952247901181613,0.8666904788652567
ALB,disgust,text,-0.10675857136121523,-0.35796339013954664,0.14444624741711615,0.40389424599937507
ALB,anger,audio,0.026313120476916575,-0.2247214722286051,0.2773477131824383,0.8369114479108909
ALB,anger,text,0.06104953690757674,-0.19003332334538042,0.3121323971605339,0.6334957288285398
ALB,sadness,audio,0.008974976122714678,-0.242049884060666,0.25999983630609536,0.9440412269573569
ALB,sadness,text,0.13997216609282562,-0.11136288486743831,0.3913072170530896,0.27387671238666234
ALB,fear,audio,0.1569357317489601,-0.0944793277650747,0.4083507912629949,0.22091494771543224
ALB,fear,text,-0.037470835420969476,-0.2885167485598908,0.21357507771795187,0.7694882750765591
D,happy,audio,0.17303635472222045,-0.20850446146920526,0.5545771709136462,0.3730225733609135
D,happy,text,0.0018608349674546834,-0.37894410103695286,0.3826657709718623,0.9923302763232634
D,neutral,audio,-0.223933843756241,-0.6059704933351043,0.15810280582262234,0.25058610452528485
D,neutral,text,0.20319840321199165,-0.1786209768871411,0.5850177833111244,0.29542507674915397
D,surprise,audio,-0.2422560542155004,-0.6245021253075611,0.13999001687656026,0.21216377607029263
D,surprise,text,0.22301987881848712,-0.15900675238330603,0.6050465100202802,0.25149281134187274
D,disgust,audio,0.45694588843616646,0.07103796840984178,0.8428538084624911,0.019825944561298763
D,disgust,text,0.058760231357149285,-0.32212956110314916,0.4396500238174478,0.7608608795083306
D,anger,audio,0.1085454011305793,-0.2725492239274442,0.4896400261886028,0.5753128740115818
D,anger,text,-0.35476074788972123,-0.7386496259245472,0.02912813014510479,0.06856936328181125
D,sadness,audio,0.06694350834830824,-0.31397158677920295,0.44785860347581946,0.7288135139702274
D,sadness,text,-0.36751034380284503,-0.7516239040352274,0.016603216429537326,0.06028512015768038
D,fear,audio,0.26682096572091185,-0.11573150360322704,0.6493734350450507,0.1697349672207674
D,fear,text,-0.21969795907466966,-0.6016885201525929,0.16229260200325357,0.2575530852120505
AVB,happy,audio,-0.007306563662061751,-0.24833583895707356,0.23372271163295005,0.9527296206064398
AVB,happy,text,0.020274619400724222,-0.2207600848809758,0.2613093236824242,0.868649348405153
AVB,neutral,audio,0.026786000305416585,-0.2142533550441834,0.2678253556550166,0.8274678349017066
AVB,neutral,text,0.17062516212795098,-0.07084479800142196,0.4120951222573239,0.16616155422208012
AVB,surprise,audio,0.09883935433886146,-0.1423373500201805,0.3400160586979034,0.42085537252538346
AVB,surprise,text,-0.08302982441366374,-0.3241629085693649,0.15810325974203746,0.4984141086724318
AVB,disgust,audio,-0.04422875031368957,-0.28528690594394723,0.19682940531656812,0.7194568930502039
AVB,disgust,text,-0.26214261528836286,-0.5042119009958999,-0.020073329580825916,0.033810166042912995
AVB,anger,audio,-0.05552740133560351,-0.2966026624254507,0.1855478597542437,0.650541524937926
AVB,anger,text,-0.22886095825885006,-0.47068314135928424,0.012961224841584101,0.061961005175104354
AVB,sadness,audio,-0.12034981973727422,-0.36159803542916735,0.12089839595461889,0.32707111672235867
AVB,sadness,text,-0.026733813280604965,-0.2677731262371304,0.21430549967592044,0.8278643426757148
AVB,fear,audio,-0.02977483456875341,-0.2708167557790794,0.21126708664157257,0.8088437678614266
AVB,fear,text,0.10900935633920276,-0.13219941144047515,0.3502181241188807,0.3762149832171429
OMC,happy,audio,-0.041533559928503244,-0.36188599580522607,0.2788188759482195,0.7982191463280031
OMC,happy,text,0.22719903454435983,-0.09417276192120791,0.5485708310099275,0.16704371807313811
OMC,neutral,audio,0.19945920308687803,-0.12167108389278164,0.5205894900665378,0.22178279426578015
OMC,neutral,text,-0.07077809838303753,-0.3911977375931184,0.24964154082704335,0.6652388069510374
OMC,surprise,audio,-0.021747465822569048,-0.34207427942341345,0.2985793477782754,0.894292127798297
OMC,surprise,text,0.007067862907300041,-0.3132502941354889,0.327386019950089,0.9653811454300126
OMC,disgust,audio,-0.04784112696060058,-0.3682050983086258,0.2725228443874247,0.7700880100602949
OMC,disgust,text,-0.2933071523502027,-0.6153800718416805,0.0287657671412751,0.07438198835184842
OMC,anger,audio,0.07301395942303068,-0.24741225713637205,0.3934401759824334,0.6553030990842302
OMC,anger,text,-0.26484563078892276,-0.5865950535128984,0.056903791935052905,0.10693258347081847
OMC,sadness,audio,-0.16095167946611724,-0.48179853456283117,0.15989517563059671,0.32516257510511737
OMC,sadness,text,-0.08387806133410598,-0.40433914675772015,0.2365830240895082,0.605644946268995
OMC,fear,audio,-0.10468671689739854,-0.4252280568784267,0.21585462308362957,0.522476418266477
OMC,fear,text,0.2154533668126229,-0.10581235802423289,0.5367190916494786,0.18864753758953462
VLO,happy,audio,0.11945202391777983,-0.06783952652028173,0.3067435743558414,0.21145885469542833
VLO,happy,text,-0.05994320626233065,-0.24711016319710954,0.12722375067244823,0.5332048723960175
VLO,neutral,audio,0.12305329909339506,-0.06424844017841035,0.31035503836520045,0.19589648320147673
VLO,neutral,text,0.1751621161251552,-0.012320826552643577,0.36264505880295395,0.06704361427272423
VLO,surprise,audio,-0.1489291093573567,-0.3363129356882212,0.0384547169735078,0.11769784705719127
VLO,surprise,text,0.062376828722087496,-0.12479360353013536,0.24954726097431035,0.5148496792966247
VLO,disgust,audio,-0.04471741162375302,-0.2318657634349615,0.1424309401874555,0.6394376784659646
VLO,disgust,text,-0.17434826739170106,-0.3618278947701902,0.013131359986788022,0.07015257923689933
VLO,anger,audio,-0.05267580748518611,-0.2398332090059648,0.1344815940355926,0.5817041389570875
VLO,anger,text,-0.2493035407551881,-0.43715291629029585,-0.06145416522008035,0.009458862926030973
VLO,sadness,audio,-0.06379321529932866,-0.25096573384446774,0.12337930324581045,0.5047803566913999
VLO,sadness,text,-0.06537321409972699,-0.25254811517528164,0.12180168697582769,0.49376155968840807
VLO,fear,audio,0.020975173528053226,-0.16615496660261428,0.20810531365872073,0.8261447211225362
VLO,fear,text,0.031831773322696766,-0.15530506118651494,0.21896860783190847,0.7390202867811163
EMN,happy,audio,-0.2979463071926558,-0.5282706361756244,-0.06762197820968721,0.011745453576116284
EMN,happy,text,-0.13329837718143675,-0.3626048237754248,0.09600806941255127,0.25603938015475725
EMN,neutral,audio,0.012021999843677118,-0.21703109545708874,0.24107509514444295,0.918928864660098
EMN,neutral,text,0.24449553911071317,0.01458631279779704,0.4744047654236293,0.037423712306957735
EMN,surprise,audio,-0.0692637421506306,-0.29838375257681177,0.1598562682755506,0.5593530263982088
EMN,surprise,text,0.10793748928992905,-0.12128104088192393,0.33715601946178203,0.35467492654377397
EMN,disgust,audio,0.05159343717484038,-0.17749586329069078,0.28068273764037155,0.6619288465327038
EMN,disgust,text,-0.05344511164426538,-0.2825372091748634,0.17564698588633265,0.6461142184229469
EMN,anger,audio,0.04638840760565645,-0.18269355840849355,0.2754703736198064,0.6909593517687551
EMN,anger,text,-0.1308909411611567,-0.360188249588519,0.09840636726620561,0.26314581762642125
EMN,sadness,audio,0.2470934121412246,0.017165886168083316,0.47702093811436586,0.03638666542842473
EMN,sadness,text,-0.16873851062494272,-0.3981986983887006,0.06072167713881513,0.14817965682286974
EMN,fear,audio,0.0484877945870741,-0.18059703595361176,0.27757262512776,0.6802625147064373
EMN,fear,text,-0.1275131766778652,-0.3567979439255542,0.10177159056982385,0.27706333321930643
AMT,happy,audio,0.02457842672674992,-0.3114213260964965,0.3605781795499963,0.8872213253060881
AMT,happy,text,0.36563766471916465,0.026800538108133154,0.7044747913301961,0.03742796406959614
AMT,neutral,audio,-0.002005896253256726,-0.33799280137105714,0.33398100886454374,0.9906490371119274
AMT,neutral,text,-0.1465639653663109,-0.4830103902476144,0.1898824595149926,0.39468741053300954
AMT,surprise,audio,-0.29063357319835514,-0.628424055828642,0.04715690943193174,0.09422196207183069
AMT,surprise,text,-0.15741553217258059,-0.4939324792264412,0.17910141488128,0.3629256893506503
AMT,disgust,audio,0.10879496508909053,-0.22744518120368973,0.4450351113818708,0.5270402704221331
AMT,disgust,text,0.018247573302326743,-0.317746374751965,0.35424152135661846,0.915482489924472
AMT,anger,audio,-0.2262243636185576,-0.5633051400558016,0.11085641281868633,0.1888568926210391
AMT,anger,text,0.04139936882305124,-0.2946241438765822,0.37742288152268466,0.8118810031603994
AMT,sadness,audio,0.3145365437459379,-0.02356185641602404,0.6526349439078999,0.07352652418306184
AMT,sadness,text,-0.13440912681123832,-0.4707825226649822,0.20196426904250556,0.43596270023543865
AMT,fear,audio,0.3344033282514007,-0.003969269243926987,0.6727759257467283,0.05588101828397965
AMT,fear,text,-0.010421346301408837,-0.3464104905460511,0.32556779794323343,0.9520446958682599
STZ,happy,audio,0.18691188620744978,-0.0930238898804768,0.46684766229537633,0.18936010401665115
STZ,happy,text,-0.14970773396882728,-0.42942138486134807,0.13000591692369354,0.29314505243436
STZ,neutral,audio,-0.14719722261121343,-0.42689764748003906,0.1325032022576122,0.3014291709690944
STZ,neutral,text,0.45445896585173146,0.1714972299741433,0.7374207017293196,0.0016500233297296186
STZ,surprise,audio,0.17675704726045083,-0.10311324641250186,0.4566273409334035,0.2148152554992736
STZ,surprise,text,0.31484594445908876,0.03377438672917532,0.5959175021890022,0.027866579124101464
STZ,disgust,audio,-0.05495377649760333,-0.3343231247964852,0.22441557180127855,0.7005258129170255
STZ,disgust,text,-0.14689246731622418,-0.4265913018368549,0.13280636720440653,0.3018329621454843
STZ,anger,audio,0.09373305511396803,-0.18573870897800138,0.3732048192059374,0.509859965795316
STZ,anger,text,-0.35506682697002934,-0.6366137625009989,-0.07351989143905974,0.013289389896067757
STZ,sadness,audio,-0.23857443793992936,-0.5188996661827899,0.041750790302931245,0.09441057241417099
STZ,sadness,text,-0.526751658311458,-0.8109548473100969,-0.24254846931281904,0.0002706351016862701
STZ,fear,audio,-0.07036621991373293,-0.34976987969627377,0.2090374398688079,0.6210842330286033
STZ,fear,text,-0.3074025504760103,-0.5883923118018899,-0.026412789150130678,0.031843961171447804
NWS,happy,audio,-0.05645429182357953,-0.40542110776833296,0.2925125241211739,0.7463175657291635
NWS,happy,text,0.065117483979413,-0.28387206374558116,0.4141070317044072,0.7093163223830491
NWS,neutral,audio,-0.07477519999879327,-0.42379390586855675,0.2742435058709702,0.6636365550098551
NWS,neutral,text,-0.012666907419050195,-0.3615683895801113,0.3362345747420109,0.9428533439458691
NWS,surprise,audio,-0.01904762289671087,-0.3679534736664757,0.32985822787305397,0.9129901874669804
NWS,surprise,text,-0.22436164359109076,-0.57434469990618,0.12562141272399843,0.20667120276859158
NWS,disgust,audio,0.10631618391624195,-0.24282576677085357,0.4554581346033375,0.5407682039972188
NWS,disgust,text,0.18623501674619097,-0.16341096422780538,0.5358809977201873,0.2951555071819744
NWS,anger,audio,0.26129423543451574,-0.08907463056423603,0.6116631014332675,0.1365682164427029
NWS,anger,text,0.013299840258129239,-0.33560199671073976,0.36220167722699825,0.94079157417539
NWS,sadness,audio,0.07964164721114624,-0.2693932755990343,0.4286765700213268,0.6435258443995071
NWS,sadness,text,0.06159361597978614,-0.28738629458928144,0.4105735265488537,0.7258044036436612
NWS,fear,audio,-0.04831152477118293,-0.3972599270628399,0.300636877520474,0.779731739507906
NWS,fear,text,-0.004854994634295758,-0.3537535217872571,0.34404353251866554,0.9782351289924515
OXY,happy,audio,-0.05184582875991301,-0.32441819793993026,0.22072654042010426,0.7129158224560238
OXY,happy,text,-0.356539471199913,-0.6312369649728293,-0.08184197742699673,0.010689033255206754
OXY,neutral,audio,0.30746796018367495,0.033325359066565086,0.5816105613007848,0.029200876064518003
OXY,neutral,text,0.23824729935582925,-0.035250600207739985,0.5117451989193985,0.09070742037777796
OXY,surprise,audio,-0.06710571447525315,-0.339709203482888,0.20549777453238172,0.6341780934008386
OXY,surprise,text,0.4746903708724711,0.198327122109274,0.7510536196356683,0.0006451414875203483
OXY,disgust,audio,0.15396342630618517,-0.11896903972341147,0.42689589233578185,0.26944764603262805
OXY,disgust,text,0.11320813427261688,-0.15953782701070823,0.385954095555942,0.4116083470758842
OXY,anger,audio,-0.06821085332534746,-0.3408169059716234,0.20439519932092845,0.6280097942180598
OXY,anger,text,0.11289748246814542,-0.15984727530351972,0.38564224023981053,0.4201735256312528
OXY,sadness,audio,-0.2160504231975721,-0.4893759622657191,0.057275115870574905,0.12344143972065309
OXY,sadness,text,-0.14451536074150848,-0.4173995362342737,0.12836881475125675,0.3041556752459535
OXY,fear,audio,-0.24807678054736276,-0.5216563496261535,0.0255027885314279,0.08012049096499108
OXY,fear,text,-0.4519222101585553,-0.7279284748188979,-0.1759159454982127,0.0013250602702027995
IRM,happy,audio,0.0037530463203010824,-0.35215700065749067,0.3596630932980929,0.9836623340567578
IRM,happy,text,0.009258079127189478,-0.34665340480528806,0.36516956305966697,0.958837480767618
IRM,neutral,audio,0.0929336398493564,-0.263149349219433,0.44901662891814587,0.6029965793330434
IRM,neutral,text,-0.04281279547032955,-0.39875932992401064,0.3131337389833515,0.8132064709076878
IRM,surprise,audio,-0.14686972720315492,-0.5032119758660626,0.2094725214597528,0.42366911724709044
IRM,surprise,text,-0.06526914103057568,-0.42126435958516234,0.290726077524011,0.7212137827012457
IRM,disgust,audio,0.03704712854353194,-0.3188901693825835,0.3929844264696474,0.8369755960635556
IRM,disgust,text,0.13712368002263153,-0.21916310445048287,0.49341046449574594,0.4493756014882861
IRM,anger,audio,0.01673345213743354,-0.3391819296868202,0.3726488339616873,0.9285185435372669
IRM,anger,text,0.2802778722158076,-0.07720438544553243,0.6377601298771476,0.11769213438791017
IRM,sadness,audio,0.014750316079283418,-0.3411638131731238,0.3706644453316906,0.9348930203113642
IRM,sadness,text,0.06215657269693692,-0.2938306907496706,0.41814383614354445,0.7376179042080436
IRM,fear,audio,-0.0037453715936850407,-0.359655417416956,0.3521646742295859,0.9835943044104792
IRM,fear,text,-0.14660925937124383,-0.5029499763326264,0.2097314575901387,0.42765009464286147
AEP,happy,audio,-0.2534532395639641,-0.7509688337878693,0.24406235465994108,0.3167966144492355
AEP,happy,text,-0.07296938957284733,-0.5685700890272569,0.4226313098815622,0.7713087298447528
AEP,neutral,audio,0.42112783996212516,-0.08004368871801687,0.9222993686422671,0.09980730321598283
AEP,neutral,text,0.2598460273012923,-0.237776006758323,0.7574680613609076,0.29696932773299656
AEP,surprise,audio,-0.15714695707621748,-0.6533780797771537,0.33908416562471877,0.5344057112077509
AEP,surprise,text,-0.04241260797568043,-0.5378984760753331,0.4530732601239723,0.86585699730756
AEP,disgust,audio,-0.2487798513364732,-0.7462192972725334,0.24865959459958706,0.3214423263177404
AEP,disgust,text,-0.15566395069743133,-0.6518799849725916,0.3405520835777289,0.5279274082359611
AEP,anger,audio,-0.7001498099915476,-1.2112974325754629,-0.18900218740763242,0.007226381589818409
AEP,anger,text,-0.157026460056676,-0.6532563514722971,0.33920343135894504,0.5240557901171674
AEP,sadness,audio,0.4182184227228108,-0.08287445730675785,0.9193113027523794,0.1036647940580983
AEP,sadness,text,-0.15915841890256818,-0.6554102345213624,0.33709339671622607,0.5249860850977836
AEP,fear,audio,0.13187660488395844,-0.3641169098752388,0.6278701196431558,0.6046415777366185
AEP,fear,text,0.00815118619104116,-0.4872782486776053,0.5035806210596876,0.9741576697979789
CRM,happy,audio,-0.008389835828573555,-0.3745477468329654,0.35776807517581827,0.9638334397110143
CRM,happy,text,0.27930003569630424,-0.08863882286811564,0.6472388942607241,0.14275766595777006
CRM,neutral,audio,0.11738084660115664,-0.24909092738897362,0.48385262059128686,0.5255190696941257
CRM,neutral,text,0.020334211088779093,-0.3458315587928464,0.38649998097040456,0.9131191169084171
CRM,surprise,audio,-0.2216201048567375,-0.5888997419917114,0.14565953227823636,0.23665203723753422
CRM,surprise,text,-0.19180474166254488,-0.5588027799524045,0.17519329662731467,0.3013852705962168
CRM,disgust,audio,-0.026237212454529858,-0.39240927936147885,0.3399348544524191,0.8870103198283705
CRM,disgust,text,-0.1892036699600172,-0.5561790586222083,0.1777717187021739,0.31511350541950484
CRM,anger,audio,-0.18961127553090137,-0.556590193201629,0.17736764213982617,0.3063954868980844
CRM,anger,text,0.010177624285014878,-0.35598104708815526,0.37633629565818505,0.9556696938539218
CRM,sadness,audio,0.12355337357335822,-0.24295243538169414,0.4900591825284106,0.4981417930491465
CRM,sadness,text,-0.14889678508475498,-0.5155605740758168,0.2177670039063068,0.42436357086341114
CRM,fear,audio,0.2213730360373353,-0.14590410164973514,0.5886501737244058,0.2386168804122316
CRM,fear,text,-0.01202292865557343,-0.37818253842537874,0.3541366811142319,0.9485001496195717
CTRA,happy,audio,-0.05046991209729202,-0.33140829884304535,0.23046847464846132,0.723517729977397
CTRA,happy,text,0.07139161509864693,-0.20959227910645478,0.35237550930374867,0.6166619888960291
CTRA,neutral,audio,-0.11662941909104431,-0.39776507928353483,0.16450624110144624,0.416243347826336
CTRA,neutral,text,-0.20874426564137524,-0.490414058274128,0.07292552699137753,0.14492684431192726
CTRA,surprise,audio,-0.032840656056231654,-0.31375282426459067,0.24807151215212736,0.8174171912140727
CTRA,surprise,text,-0.09695689452072095,-0.3780175927966465,0.1841038037552046,0.49777375490706227
CTRA,disgust,audio,0.15418764331203008,-0.1271293972407249,0.435504683864785,0.28151902891135133
CTRA,disgust,text,0.1814146126880931,-0.1000652703241468,0.46289449570033303,0.2059249731799323
CTRA,anger,audio,0.08728768076116154,-0.19374122861413362,0.36831659013645673,0.541982872699734
CTRA,anger,text,0.07691018316221881,-0.2040883175139636,0.35790868383840124,0.5901127307907569
CTRA,sadness,audio,0.08698977329234275,-0.1940382095998262,0.3680177561845117,0.5433635505357836
CTRA,sadness,text,0.21981045794294735,-0.06194375838227184,0.5015646742681665,0.12513752695725702
CTRA,fear,audio,-0.013984411535917035,-0.29488081668730115,0.266911993615467,0.9219194125909216
CTRA,fear,text,0.059587073049269315,-0.2213692246003685,0.3405433706989071,0.6778967250342194
WMT,happy,audio,0.12099035450606482,-0.10260548621310672,0.34458619522523637,0.2907822833109111
WMT,happy,text,0.0792255474187211,-0.14425346474366352,0.30270455958110576,0.4868198466848816
WMT,neutral,audio,-0.05015939518661066,-0.27358584487171883,0.1732670544984975,0.6608974884945409
WMT,neutral,text,0.1953143443526246,-0.02860962384553578,0.419238312550785,0.08753114383666763
WMT,surprise,audio,0.08581704417166883,-0.13767717062237467,0.3093112589657123,0.45340145881005073
WMT,surprise,text,0.1537231717869618,-0.06999823375662498,0.3774445773305486,0.18218474150360947
WMT,disgust,audio,-0.005259015789054235,-0.2286506803534452,0.21813264877533672,0.9634392625189465
WMT,disgust,text,-0.27362867497772847,-0.4980642720929358,-0.04919307786252111,0.016383272125637973
WMT,anger,audio,0.07750118557714426,-0.14597404974493444,0.300976420899223,0.5006577477262144
WMT,anger,text,-0.18396174093037745,-0.40782564726486026,0.03990216540410535,0.10814962853362194
WMT,sadness,audio,-0.07280933886740845,-0.2962747181237989,0.15065604038898203,0.5244196468846902
WMT,sadness,text,-0.18104090931305958,-0.40488994180773386,0.04280812318161473,0.11524320976022266
WMT,fear,audio,-0.18867572026582274,-0.4125641317043369,0.03521269117269141,0.09989138074978035
WMT,fear,text,-0.1878044294094996,-0.41168826503496037,0.036079406215961146,0.09952122324545565
DOW,happy,audio,0.06033753484885677,-0.21429460513365897,0.3349696748313725,0.6672551119360786
DOW,happy,text,-0.2136262897876857,-0.4889898954870856,0.06173731591171419,0.1274969315183695
DOW,neutral,audio,0.021779130037960993,-0.25279778154430343,0.29635604162022544,0.8761960294383321
DOW,neutral,text,0.2153886395112697,-0.05998811744870633,0.49076539647124573,0.12484186001697808
DOW,surprise,audio,0.15749718504917232,-0.11750383900553357,0.4324982091038782,0.26031925813706125
DOW,surprise,text,0.13274210013533852,-0.14213375256603752,0.40761795283671454,0.34350129806402396
DOW,disgust,audio,0.050476153256035015,-0.22413692708722746,0.3250892335992975,0.7174134057951279
DOW,disgust,text,0.04963435339721837,-0.22497725704450802,0.3242459638389448,0.7224902387251814
DOW,anger,audio,-0.13589542671539975,-0.4107860401243073,0.13899518669350783,0.333160132734358
DOW,anger,text,-0.08621397027951193,-0.3609122421436373,0.18848430158461343,0.537629948865755
DOW,sadness,audio,-0.12421388058669057,-0.39905154497489437,0.1506237838015132,0.3746179389790013
DOW,sadness,text,-0.1118628222910852,-0.3866496659372938,0.1629240213551234,0.4257299578487792
DOW,fear,audio,-0.1549958426914191,-0.42998325199514675,0.11999156661230856,0.2677842947422813
DOW,fear,text,-0.12470005143707781,-0.3995398248418864,0.1501397219677308,0.37183911492599253
VZ,happy,audio,0.15592895048465572,-0.09287097286761534,0.4047288738369268,0.21823377574211583
VZ,happy,text,0.03895508526286777,-0.20948615461064574,0.2873963251363813,0.7580368414511147
VZ,neutral,audio,-0.01162705410051994,-0.2600465276935631,0.23679241949252325,0.9267240784937855
VZ,neutral,text,0.16893808309463676,-0.07992828017808637,0.4178044463673599,0.1824503085298952
VZ,surprise,audio,0.04139486744438689,-0.20704945912357442,0.2898391940123482,0.7434397424951951
VZ,surprise,text,-0.11662543351116811,-0.3652568704965072,0.13200600347417096,0.35674800326663064
VZ,disgust,audio,-0.19113727441078293,-0.4401292517019143,0.05785470288034844,0.13156305230956725
VZ,disgust,text,0.013650438138144205,-0.23476984085060532,0.2620707171268937,0.9140332650421841
VZ,anger,audio,0.07701397988629674,-0.17149674597818576,0.32552470575077924,0.5427163205974506
VZ,anger,text,-0.13214696280170113,-0.38083914484553055,0.1165452192421283,0.29651840248864086
VZ,sadness,audio,-0.09980039885573694,-0.34837453745156477,0.14877373974009087,0.4302443350052061
VZ,sadness,text,-0.021259543226319275,-0.2696840050992873,0.22716491864664873,0.8664603287096451
VZ,fear,audio,-0.09205356821279592,-0.3406043161375256,0.1564971797119338,0.46685642935760047
VZ,fear,text,-0.1308217216003472,-0.3795084218217569,0.11786497862106252,0.30135384891245803
HON,happy,audio,0.03740767999020109,-0.19306747008178507,0.26788283006218727,0.7518688048945706
HON,happy,text,-0.15240207959663765,-0.3831944659923695,0.0783903067990942,0.19649033336376312
HON,neutral,audio,0.019680258738551747,-0.21078017192815576,0.25014068940525924,0.867783640870705
HON,neutral,text,0.20204913466904328,-0.028998697535005363,0.43309696687309196,0.08602062105408789
HON,surprise,audio,-0.04154269631457461,-0.27202259441626164,0.1889372017871124,0.7252868225763074
HON,surprise,text,-0.044353649671048184,-0.2748370593525262,0.18612976001042983,0.7061594078185853
HON,disgust,audio,0.007827073295220916,-0.22262861492736782,0.23828276151780967,0.9469616941913059
HON,disgust,text,-0.08122460298066458,-0.31177534229978443,0.1493261363384553,0.48974823031560794
HON,anger,audio,-0.08996978687432794,-0.32054229236407444,0.14060271861541856,0.44608851137671873
HON,anger,text,-0.021105186487430518,-0.2515664624552884,0.20935608948042736,0.8576133466900735
HON,sadness,audio,-0.027115602202212603,-0.25758109365422094,0.20334988924979575,0.8180186819977872
HON,sadness,text,-0.00799383958863822,-0.23844956618751112,0.22246188701023467,0.9458409433115731
HON,fear,audio,0.09498638895221734,-0.13559960519862832,0.325572383103063,0.42113281538926006
HON,fear,text,-0.04194894077581553,-0.27242933217337956,0.18853145062174848,0.7204823604108257
CB,happy,audio,0.14379241083715322,-0.1639694262244486,0.45155424789875503,0.35510254822422604
CB,happy,text,-0.009696136618595698,-0.317067293886767,0.29767502064957563,0.9502162499071233
CB,neutral,audio,-0.025245067271418363,-0.3326265434841048,0.2821364089412681,0.871223001086042
CB,neutral,text,0.21375413444775881,-0.09448184763660233,0.5219901165321199,0.1666358586822146
CB,surprise,audio,-0.10373864822125049,-0.4113123551763429,0.2038350587338419,0.5113453149523086
CB,surprise,text,-0.21206780690269514,-0.5202901882167972,0.09615457441140687,0.1792050522206721
CB,disgust,audio,0.05281685304699987,-0.25460549883219963,0.36023920492619943,0.7324769783510188
CB,disgust,text,-0.1756833220680005,-0.483638365315712,0.132271721179711,0.2553637770509668
CB,anger,audio,-0.01280596335928599,-0.3201784497422168,0.2945665230236449,0.9340213989342191
CB,anger,text,-0.22293089186414808,-0.5312427645587428,0.08538098083044662,0.1531996317528226
CB,sadness,audio,-0.0654165933000896,-0.372867233932531,0.24203404733235184,0.6686382303452446
CB,sadness,text,0.07367823576769832,-0.23379422482005796,0.3811506963554546,0.6336317081047073
CB,fear,audio,0.09164094444304195,-0.2158878950085641,0.39916978389464797,0.5563960253206239
CB,fear,text,0.038538451207227306,-0.26885912857825733,0.345936030992712,0.8051755350686096
EQT,happy,audio,-0.17948573226223855,-0.45793046887383104,0.09895900434935398,0.22026556034650374
EQT,happy,text,0.06287189648081287,-0.2150862456304211,0.34083003859204686,0.6635800520992121
EQT,neutral,audio,0.3021756551854042,0.022716211007109632,0.5816350993636987,0.03564788403884212
EQT,neutral,text,0.09692110177554354,-0.1811307818342387,0.37497298538532575,0.4976282566350958
EQT,surprise,audio,-0.21672282547344524,-0.49542123997476517,0.0619755890278747,0.13204480739420185
EQT,surprise,text,-0.051126550096016396,-0.3290616181916498,0.226808517999617,0.7205604238978438
EQT,disgust,audio,-0.12448176523876359,-0.40263874451111176,0.15367521403358458,0.38610302208074165
EQT,disgust,text,0.11266614724024653,-0.16544257692850667,0.39077487140899975,0.428937468745227
EQT,anger,audio,0.13240831662526503,-0.14578372443656312,0.4106003576870932,0.3510389028479286
EQT,anger,text,0.14590513638358815,-0.13235157280267518,0.4241618455698515,0.3053134702718988
EQT,sadness,audio,0.017376472971692813,-0.2605187484490523,0.29527169439243794,0.9026660998480663
EQT,sadness,text,-0.20446061151955314,-0.48307025021079425,0.07414902717168798,0.15452241200441436
EQT,fear,audio,-0.04630358302402864,-0.3242305528848287,0.23162338683677142,0.7457459227086846
EQT,fear,text,-0.19429055197466852,-0.47283046326715183,0.08424935931781483,0.17772912144098857
AMD,happy,audio,0.13115306607102617,-0.04493012126889609,0.3072362534109484,0.1443958297390554
AMD,happy,text,-0.04365173775601557,-0.21956580024210576,0.1322623247300746,0.6264064332679499
AMD,neutral,audio,-0.007744520866250074,-0.18363816660307344,0.1681491248705733,0.931141640166043
AMD,neutral,text,0.11718185831930619,-0.058862980390535335,0.2932266970291477,0.19268953679896653
AMD,surprise,audio,-0.01732587770513754,-0.19322218100467303,0.15857042559439793,0.8465254120298841
AMD,surprise,text,0.05393817533894132,-0.12198699178400205,0.2298633424618847,0.547096925627358
AMD,disgust,audio,0.030662820551954732,-0.1452405634852659,0.20656620458917538,0.7323470763434098
AMD,disgust,text,-0.10422501130825611,-0.2802381357315482,0.07178811311503598,0.24613372002165654
AMD,anger,audio,0.03780944808327761,-0.13809934952308137,0.21371824568963657,0.6727327660027846
AMD,anger,text,-0.03819926283814063,-0.2141083882244428,0.13770986254816156,0.6706950694958471
AMD,sadness,audio,-0.21861717755863064,-0.39503813967091,-0.04219621544635127,0.015012134819020678
AMD,sadness,text,0.019201715325578822,-0.15669534604053278,0.19509877669169043,0.8307029619589127
AMD,fear,audio,0.022274695281551682,-0.15362377618246606,0.19817316674556942,0.8037862053346484
AMD,fear,text,-0.10878462135002456,-0.284808483623623,0.06723924092357386,0.22529075356116565
EXR,happy,audio,0.11626229893812712,-0.07104362047741766,0.30356821835367187,0.22414621232569384
EXR,happy,text,0.031452418458191744,-0.15570595157037043,0.21861078848675392,0.741798097851258
EXR,neutral,audio,-0.0008138872823891778,-0.18796060883655896,0.1863328342717806,0.9931999389483366
EXR,neutral,text,0.14841926817691234,-0.03898683072093609,0.33582536707476074,0.12045544562238919
EXR,surprise,audio,-0.0015808731890695074,-0.18872761638610772,0.18556587000796868,0.9868051506282233
EXR,surprise,text,-0.0607001360906337,-0.24789026029665995,0.12648998811539253,0.5255982267447369
EXR,disgust,audio,0.056115182271040176,-0.13106863226344193,0.24329899680552228,0.5571435495251574
EXR,disgust,text,-0.2162911232921504,-0.4039882701994283,-0.02859397638487246,0.02383557605048584
EXR,anger,audio,-0.01755726935207499,-0.20470761534579784,0.16959307664164786,0.8544330362819615
EXR,anger,text,-0.15844830712658056,-0.34589061633478235,0.028994002081621256,0.09697911121770957
EXR,sadness,audio,-0.10908191685982811,-0.2963687855219624,0.07820495180230615,0.2535924065816004
EXR,sadness,text,-0.05832078026802662,-0.24550756828061635,0.1288660077445631,0.5417797610253802
EXR,fear,audio,-0.05197816659998001,-0.23915671282158754,0.13520037962162754,0.5863801707966427
EXR,fear,text,0.07207734845468851,-0.11513057101096989,0.2592852679203469,0.45027934339682285
BA,happy,audio,0.029806828203646742,-0.23466446850499487,0.29427812491228833,0.8248168041149505
BA,happy,text,-0.15955979536452652,-0.42444288678818703,0.10532329605913399,0.23723109430317435
BA,neutral,audio,-0.26842261045853516,-0.534084795374159,-0.002760425542911338,0.046600868875246615
BA,neutral,text,0.2658484158744519,0.0002091960716553709,0.5314876356772484,0.04903609549963858
BA,surprise,audio,0.1732789923153026,-0.09168055699122687,0.43823854162183207,0.19888577761561893
BA,surprise,text,0.08753397280090752,-0.17705091228202452,0.35211885788383956,0.5165139477740761
BA,disgust,audio,0.21758209052606584,-0.04766720388994025,0.4828313849420719,0.10729378693056435
BA,disgust,text,0.021115216644724415,-0.24334865653762086,0.2855790898270697,0.8754040987388838
BA,anger,audio,0.11874372379932581,-0.14594907224172804,0.38343651984037963,0.3783283042223859
BA,anger,text,-0.18667787599434063,-0.45171815807995475,0.07836240609127351,0.16815973746513632
BA,sadness,audio,-0.04544703127086106,-0.30993806824412146,0.21904400570239932,0.7357934793373726
BA,sadness,text,-0.19243650591553144,-0.4575133242677769,0.07264031243671407,0.15247887389117817
BA,fear,audio,-0.13681107706025294,-0.40158123899577614,0.12795908487527022,0.30871899299483824
BA,fear,text,-0.06299273090646386,-0.3275156758110502,0.2015302139981225,0.6387659007011848
VRTX,happy,audio,0.22439919943472653,-0.14597024374778983,0.5947686426172429,0.23943506327281022
VRTX,happy,text,-0.12348765703542872,-0.49303240252529423,0.24605708845443683,0.5151971647155347
VRTX,neutral,audio,0.18833167920212365,-0.18168828559647757,0.5583516440007249,0.3152998079599305
VRTX,neutral,text,0.06569243161113006,-0.3035950855448032,0.43497994876706325,0.7265468396126055
VRTX,surprise,audio,-0.13929896327620644,-0.5089414131013652,0.23034348654895226,0.4533066804175364
VRTX,surprise,text,0.10270008043273875,-0.26673406937965105,0.47213423024512857,0.5880068668656022
VRTX,disgust,audio,-0.3973887372644561,-0.7702736665789418,-0.024503807949970424,0.04014134704124892
VRTX,disgust,text,-0.013853059110661217,-0.3830435174428822,0.35533739922155977,0.9412780068630754
VRTX,anger,audio,-0.021624844842270088,-0.3908217938778378,0.34757210419329765,0.9081234008233822
VRTX,anger,text,-0.14933487326322745,-0.5190454234518513,0.22037567692539642,0.41917850665220824
VRTX,sadness,audio,0.03788534732313907,-0.3313343800008736,0.4071050746471518,0.8390341321040505
VRTX,sadness,text,0.07993933118230112,-0.28939701189037664,0.4492756742549789,0.6712830493224919
VRTX,fear,audio,-0.14665493838092983,-0.5163468412082078,0.2230369644463482,0.43533312453366607
VRTX,fear,text,0.030941109611508703,-0.3382673672860243,0.4001495865090417,0.8685482825215094
NEE,happy,audio,-0.1121031651911241,-0.4879455633333637,0.26373923295111557,0.5578981155905317
NEE,happy,text,-0.12641057601288602,-0.5023318765838054,0.2495107245580333,0.5076277699002416
NEE,neutral,audio,0.25485054173992966,-0.12220118069975083,0.6319022641796102,0.19915684566266637
NEE,neutral,text,-0.05722587782076972,-0.43285333965097944,0.31840158400944,0.7642209765474836
NEE,surprise,audio,-0.33110998198955915,-0.7091902803540144,0.046970316374896126,0.09931189096610872
NEE,surprise,text,0.21540613113366786,-0.16121779875103803,0.5920300610183737,0.2546313843549213
NEE,disgust,audio,-0.026056678602931434,-0.4016240750356273,0.34951071782976445,0.8932697036518071
NEE,disgust,text,0.2585171652622795,-0.1185779418402293,0.6356122723647883,0.18860242078682826
NEE,anger,audio,-0.3771235875483658,-0.7559522559529934,0.0017050808562618647,0.05091036297438588
NEE,anger,text,0.23783173307650674,-0.13902667069842983,0.6146901368514432,0.21978758499732542
NEE,sadness,audio,0.22171351983748883,-0.1549740269633575,0.5984010666383351,0.2572501046988583
NEE,sadness,text,-0.034914290371207815,-0.4104941839803939,0.3406656032379783,0.8522226287722888
NEE,fear,audio,0.31029933239620555,-0.06747400690470978,0.6880726716971208,0.11134006563279768
NEE,fear,text,-0.2827941234941794,-0.6601919800942508,0.0946037331058921,0.14164959944866962
SLB,happy,audio,-0.03967149620482165,-0.32462134954505945,0.24527835713541615,0.7856383552996866
SLB,happy,text,-0.005054879440360486,-0.2899777644854067,0.2798680056046857,0.9726413421945466
SLB,neutral,audio,0.3205971513776993,0.033889919456596695,0.6073043832988019,0.03074599428493004
SLB,neutral,text,0.030877150145104,-0.25406189669443247,0.3158161969846405,0.8331558286057581
SLB,surprise,audio,-0.046905363891365244,-0.331866125321135,0.23805539753840455,0.7520484496740912
SLB,surprise,text,0.16627340964236392,-0.11913020795381724,0.4516770272385451,0.25633764231690753
SLB,disgust,audio,-0.18483729310980454,-0.4703542342811394,0.10067964806153037,0.1968000769874755
SLB,disgust,text,0.027298757169928526,-0.2576366636091053,0.31223417794896235,0.8550598422700162
SLB,anger,audio,-0.12061296323132928,-0.4057886951288495,0.16456276866619093,0.4031835651152773
SLB,anger,text,-0.008620998343728368,-0.2935447329136536,0.2763027362261969,0.9534445229286487
SLB,sadness,audio,-0.12462681689253831,-0.4098196796788602,0.1605660458937836,0.3938508127927481
SLB,sadness,text,-0.27483444953601793,-0.5610696014213992,0.011400702349363356,0.0592247471160539
SLB,fear,audio,-0.17906970776242062,-0.4645501623366721,0.10641074681183091,0.22118952551039453
SLB,fear,text,-0.03763382263175242,-0.32258093230944884,0.24731328704594402,0.7938567666976298
TJX,happy,audio,0.036839211767567326,-0.1964425482362032,0.27012097177133787,0.7564670913154622
TJX,happy,text,-0.00521961924177041,-0.23848179060685842,0.2280425521233176,0.9650051149767128
TJX,neutral,audio,0.04502595251758701,-0.1882656787677952,0.2783175838029692,0.7055480393902142
TJX,neutral,text,0.30309626063693934,0.0684851653867074,0.5377073558871712,0.011666292802868856
TJX,surprise,audio,0.008408313610798515,-0.22485449785941977,0.24167112508101682,0.9439759446793013
TJX,surprise,text,0.20178723896277193,-0.032073549108138755,0.4356480270336826,0.09050288717996363
TJX,disgust,audio,-0.19544238794127808,-0.4292661426298612,0.03838136674730505,0.10150068918370408
TJX,disgust,text,-0.1762349293604966,-0.40995375442233445,0.05748389570134127,0.139428644301971
TJX,anger,audio,0.04476592287798757,-0.18852536452147461,0.2780572102774498,0.7052014916199844
TJX,anger,text,-0.26309281826134995,-0.49737196479643786,-0.028813671726262036,0.028014851090868993
TJX,sadness,audio,-0.06148768795938009,-0.2948051425000578,0.17182976658129762,0.6071023040795267
TJX,sadness,text,-0.37683346883192875,-0.6121776881710345,-0.14148924949282307,0.0017202202330968551
TJX,fear,audio,-0.012262541565482366,-0.24552652658835752,0.22100144345739278,0.9180465033867569
TJX,fear,text,-0.15153403188958225,-0.3851338010768025,0.08206573729763803,0.20368968810769794
XOM,happy,audio,-0.15003022407658215,-0.37470008423707746,0.07463963608391314,0.19054171448697874
XOM,happy,text,-0.11735343743190892,-0.3419002069631451,0.10719333209932726,0.3011977666541893
XOM,neutral,audio,0.12150818937234498,-0.10305256468528584,0.3460689434299758,0.2894329773454031
XOM,neutral,text,0.1946062915900815,-0.030279833385268157,0.4194924165654311,0.08778551354074418
XOM,surprise,audio,0.06640935843263614,-0.1580054491443521,0.2908241660096244,0.5581599639227339
XOM,surprise,text,0.20585252146472702,-0.019096963863598826,0.43080200679305286,0.07280730204325393
XOM,disgust,audio,-0.09060629934719278,-0.3150746713807658,0.13386207268638023,0.4304316569201322
XOM,disgust,text,-0.06263085951992121,-0.28703879204241234,0.16177707300256994,0.5821537823255515
XOM,anger,audio,0.06115116482543819,-0.16325418501702088,0.2855565146678973,0.5912951953557081
XOM,anger,text,-0.016660066989227066,-0.24101659589993174,0.20769646192147762,0.884938668851852
XOM,sadness,audio,-0.06498565120872223,-0.28939782107468187,0.1594265186572374,0.5688067552961755
XOM,sadness,text,-0.2456073475825512,-0.4708091560710125,-0.02040553909408993,0.0333762348665921
XOM,fear,audio,-0.1274879454785664,-0.3520696792009854,0.09709378824385262,0.26159719549098365
XOM,fear,text,-0.14402077429377233,-0.36866574512328676,0.08062419653574213,0.20975222800515514
DUK,happy,audio,0.06682378530343121,-0.20435665852542517,0.33800422913228756,0.6305810090130277
DUK,happy,text,-0.10709292367761902,-0.37839344824899357,0.16420760089375552,0.4411940863980765
DUK,neutral,audio,-0.05155157184384202,-0.3227010097986128,0.2195978661109288,0.7106164722047706
DUK,neutral,text,0.13772454360376188,-0.13370450167481943,0.4091535888823432,0.3208028445955844
DUK,surprise,audio,-0.08941525985300718,-0.3606562296233534,0.18182570991733904,0.5202771512467702
DUK,surprise,text,0.11797810323436726,-0.15336441513703314,0.38932062160576764,0.3954457924776222
DUK,disgust,audio,0.10457607512047874,-0.1667153170441631,0.37586746728512055,0.45078527476191727
DUK,disgust,text,0.07147577531371299,-0.19971570184498263,0.3426672524724086,0.6056799739787303
DUK,anger,audio,-0.18224445608981976,-0.45391746494158053,0.089428552761941,0.19417827198629256
DUK,anger,text,-0.09416925695906697,-0.36542519053047295,0.177086676612339,0.4960338520677771
DUK,sadness,audio,0.08167703836525629,-0.1895412302094323,0.3528953069399449,0.5572772437566569
DUK,sadness,text,-0.21405109665224392,-0.4859397966757845,0.057837603371296675,0.12451597108473873
DUK,fear,audio,0.21577709900296244,-0.05612429065821073,0.4876784886641356,0.12072537581461772
DUK,fear,text,-0.09987881717316541,-0.37115374541539736,0.17139611106906658,0.47174827867116254
DE,happy,audio,0.23045493435873102,-0.16911148587747152,0.6300213545949336,0.25490479105496044
DE,happy,text,-0.05374777520637506,-0.4520211554040289,0.3445256049912787,0.7899457429035002
DE,neutral,audio,-0.13716878125074056,-0.5358526766906254,0.2615151141891443,0.4981422799475984
DE,neutral,text,-0.060442842640404386,-0.45873593837751553,0.33785025309670674,0.7654467407501779
DE,surprise,audio,0.027289013367212237,-0.3709290680026012,0.4255070947370257,0.892220763626208
DE,surprise,text,0.06035939877193776,-0.3379334370197945,0.45865223456367,0.7651337975557376
DE,disgust,audio,0.025366790448240674,-0.3728486802889454,0.4235822611854268,0.8999103437675843
DE,disgust,text,0.05062356072816228,-0.3476414101528893,0.4488885316092138,0.8022770601293652
DE,anger,audio,0.29215690497031693,-0.10823756197679058,0.6925513719174244,0.14909167205137253
DE,anger,text,0.16308530872232757,-0.23579900771412504,0.5619696251587802,0.4219972340993447
DE,sadness,audio,-0.29598759425270704,-0.6964398517559315,0.1044646632505174,0.14526564976880962
DE,sadness,text,0.024071420395332773,-0.37414239855241177,0.4222852393430773,0.9051978104258145
DE,fear,audio,-0.18746654412917468,-0.5865708777342428,0.2116377894758934,0.3539249538084509
DE,fear,text,-0.02922662722032226,-0.4274475330062795,0.368994278565635,0.8854390712227763
CAT,happy,audio,0.1404434696885068,-0.1178734456233888,0.3987603850004024,0.2766402286074462
CAT,happy,text,-0.2865371440262306,-0.5458246095308057,-0.02724967852165555,0.028812245462417462
CAT,neutral,audio,-0.10372770992682419,-0.3619048410740686,0.15444942122042027,0.42418656632802104
CAT,neutral,text,0.40312703377098863,0.14259384549410187,0.6636602220478753,0.0022709897330253936
CAT,surprise,audio,-0.0013450945826568497,-0.25935438925928544,0.25666420009397173,0.991887412319841
CAT,surprise,text,0.1784199388501274,-0.08008566877598755,0.4369255464762424,0.16926408063398904
CAT,disgust,audio,-0.027626827839466038,-0.2856480056869929,0.23039435000806083,0.8367132422221306
CAT,disgust,text,-0.08339630025662607,-0.3415140875794209,0.17472148706616875,0.525781293375042
CAT,anger,audio,0.08175427912775193,-0.17635927770334556,0.3398678359588494,0.5271300374023936
CAT,anger,text,-0.14782808947251846,-0.4061781862509771,0.1105220073059402,0.2693691642783875
CAT,sadness,audio,-0.1214088810823542,-0.3796480896287829,0.13683032746407447,0.36127732791714656
CAT,sadness,text,-0.1943409903332215,-0.4529390253962054,0.0642570447297624,0.13988552927380452
CAT,fear,audio,0.12477034438763457,-0.13348176723085514,0.3830224560061243,0.3461050712218708
CAT,fear,text,-0.296995142106293,-0.556377361917222,-0.03761292229536406,0.024903381917425332
O,happy,audio,-0.08829410478435083,-0.33800547428869193,0.1614172647199903,0.4926921587731164
O,happy,text,-0.002883563853678743,-0.25247389401220766,0.24670676630485017,0.9821482374769758
O,neutral,audio,0.17745334955227723,-0.07262592608508753,0.42753262518964197,0.16596405640202416
O,neutral,text,-0.07050758103239342,-0.32017505648197314,0.17915989441718633,0.5830473741069145
O,surprise,audio,-0.17061123609054812,-0.4206535574980018,0.07943108531690557,0.1904490035459671
O,surprise,text,-0.0776125491658072,-0.3272963799594885,0.1720712816278741,0.5464065433964471
O,disgust,audio,-0.05908601817704426,-0.30873048838569195,0.19055845203160346,0.6431662130919948
O,disgust,text,0.12411041952918889,-0.12571913521597036,0.3739399742743481,0.32934325083523547
O,anger,audio,0.020738874558376762,-0.22885801279875528,0.2703357619155088,0.8700480488814063
O,anger,text,-0.019577199090861787,-0.2691733583594847,0.2300189601777611,0.8774982397255161
O,sadness,audio,-0.0027294701071586686,-0.2523197868190221,0.2468608466047048,0.9828989148885114
O,sadness,text,0.03839279445547586,-0.211220321001334,0.2880059099122857,0.765351336152449
O,fear,audio,0.1229850845607019,-0.12684015135297566,0.37281032047437945,0.3394279446093531
O,fear,text,0.11668791076089699,-0.13311388240501182,0.3664897039268058,0.3576082406710176
COST,happy,audio,0.12097022550150657,-0.08116624126644295,0.3231066922694561,0.24705440493057496
COST,happy,text,0.15655173023184543,-0.04570703356263489,0.35881049402632575,0.12423383532841208
COST,neutral,audio,-0.12685872249385988,-0.3290132677732993,0.07529582278557959,0.22614480105349472
COST,neutral,text,0.040140723034028186,-0.1618343472846979,0.24211579335275427,0.6991412106534084
COST,surprise,audio,0.09650908592719455,-0.10556146480949412,0.2985796366638832,0.3559865283527836
COST,surprise,text,-0.09115380443545987,-0.29321190024092997,0.11090429137001023,0.37848080450180027
COST,disgust,audio,-0.01367879000163605,-0.21563620186073482,0.18827862185746272,0.8949458456029487
COST,disgust,text,-0.22086267858527717,-0.4234217345675235,-0.01830362260303081,0.0322852178408741
COST,anger,audio,0.1599064145601454,-0.042365492907389335,0.36217832202768013,0.1246053404770945
COST,anger,text,-0.21441855124858936,-0.4169429263724006,-0.011894176124778083,0.038392839561076135
COST,sadness,audio,-0.13309042808291555,-0.33526503934975826,0.0690841831839272,0.19707936740193466
COST,sadness,text,-0.01608118338084762,-0.21803948175513468,0.18587711499343942,0.8751858010472627
COST,fear,audio,-0.11122975336087447,-0.3133381982089086,0.09087869148715967,0.2868178569072279
COST,fear,text,0.11473585655383967,-0.08738240446948459,0.3168541175771639,0.26966188105960526
PGR,happy,audio,0.296851710437498,0.0914231770595276,0.5022802438154683,0.004681450746915356
PGR,happy,text,0.09386121394871909,-0.11055867449546102,0.2982811023928992,0.37333891975700295
PGR,neutral,audio,0.1042250054351663,-0.10022105399489112,0.3086710648652237,0.31581928591734554
PGR,neutral,text,0.041072157715847615,-0.16325689959773548,0.24540121502943074,0.6933495018884438
PGR,surprise,audio,-0.14516546679689407,-0.3497416371546477,0.05941070356085956,0.1625964377179711
PGR,surprise,text,-0.041109228832799515,-0.24543832500408014,0.1632198673384811,0.6935233287084402
PGR,disgust,audio,-0.04091456637234891,-0.2452434588909303,0.16341432614623247,0.6949842975246616
PGR,disgust,text,-0.08418749901729644,-0.2885854275591319,0.12021042952453903,0.424456253043134
PGR,anger,audio,-0.19995577850377905,-0.40477269706467767,0.004861140057119601,0.052704809006080655
PGR,anger,text,-0.04807532180403312,-0.2524123418638835,0.1562616982558173,0.6461485436980304
PGR,sadness,audio,-0.22002375511108618,-0.4249478873837036,-0.015099622838468746,0.03390255737970498
PGR,sadness,text,-0.054503029137201474,-0.25884845838220866,0.1498424001078057,0.6009617044289589
PGR,fear,audio,0.12078095429766615,-0.08371258582283726,0.3252744944181696,0.2430497984324353
PGR,fear,text,-0.043678320818973215,-0.24801019527447213,0.1606535536365257,0.6778398634367565
ELV,happy,audio,0.007314140248011125,-0.37538921825037547,0.39001749874639774,0.969858536524679
ELV,happy,text,0.4650502215029665,0.0770381348326869,0.853062308173246,0.01886731792157717
ELV,neutral,audio,0.19766940176760628,-0.1859974253125295,0.581336228847742,0.30853517726649243
ELV,neutral,text,-0.16159869023086323,-0.5449458027771066,0.22174842231538008,0.40755475649345585
ELV,surprise,audio,-0.11057307039063047,-0.49357726063447427,0.27243111985321333,0.5690827538870914
ELV,surprise,text,-0.33380290542311397,-0.7192498446213755,0.05164403377514759,0.08947623426527014
ELV,disgust,audio,-0.1471454756157892,-0.5303824353219485,0.2360914840903701,0.4492994101398492
ELV,disgust,text,-0.6057944738344377,-0.9974644610056749,-0.21412448666320066,0.00238981322681995
ELV,anger,audio,0.13909445314146757,-0.24408560707220506,0.5222745133551402,0.4727802515978529
ELV,anger,text,0.0986954092617964,-0.28424737250520504,0.4816381910287978,0.6124876136289431
ELV,sadness,audio,-0.13572971225629027,-0.5188869386345982,0.24742751412201774,0.48596255079694983
ELV,sadness,text,0.21603684518527408,-0.16781732719475148,0.5998910175652996,0.2709913264646996
ELV,fear,audio,-0.1923142834221611,-0.5759296051102986,0.19130103826597641,0.32346079003216044
ELV,fear,text,0.20627802426162328,-0.17747454963669218,0.5900305981599387,0.2912239198083606
ESS,happy,audio,0.10927391352076737,-0.12175030241232013,0.34029812945385485,0.3652512285666622
ESS,happy,text,0.0795723928527704,-0.15137126816405744,0.31051605386959824,0.5057681442684161
ESS,neutral,audio,0.031859281298884844,-0.19900799634576982,0.2627265589435395,0.787904473835283
ESS,neutral,text,0.10348246011775995,-0.12752406222674856,0.3344889824622685,0.3792642855856891
ESS,surprise,audio,-0.006951051895430866,-0.23780443873029258,0.22390233493943087,0.9526862599762026
ESS,surprise,text,-0.00728958656132948,-0.23814304267221373,0.2235638695495548,0.951339073677971
ESS,disgust,audio,0.11708353540420827,-0.11396606277721119,0.3481331335856277,0.32125848677930846
ESS,disgust,text,-0.06991871274334169,-0.30084164332797425,0.16100421784129088,0.5558110062797178
ESS,anger,audio,0.032465566118093106,-0.1984022719021431,0.26333340413832934,0.7840969211447316
ESS,anger,text,-0.14105709733551114,-0.37219553108591935,0.09008133641489707,0.23333721129749682
ESS,sadness,audio,-0.19244086307959068,-0.4238251086299639,0.03894338247078255,0.10325427199241886
ESS,sadness,text,-0.3213443875705243,-0.5536762023204527,-0.08901257282059591,0.006450769676929791
ESS,fear,audio,-0.08585546528428006,-0.31681405587051725,0.1451031253019571,0.4649621542883032
ESS,fear,text,0.056916475797243994,-0.173982762897451,0.287815714491939,0.6358558251841597
BMY,happy,audio,-0.16001108004993855,-0.44487687600604253,0.12485471590616545,0.2638297898230902
BMY,happy,text,-0.05509796448517465,-0.3395640993386819,0.22936817036833265,0.7024152389286841
BMY,neutral,audio,0.023559267485540207,-0.26086290061735384,0.30798143558843427,0.8683920144586603
BMY,neutral,text,0.31881965221515823,0.03261130021061881,0.6050280042196976,0.028056543431552776
BMY,surprise,audio,-0.10488101071373163,-0.38948825143669313,0.17972623000922988,0.4652809046577859
BMY,surprise,text,-0.014514225614051034,-0.298930289731414,0.26990183850331195,0.9203169281199138
BMY,disgust,audio,0.03498769364067886,-0.24944633371320143,0.3194217209945591,0.8087589616961003
BMY,disgust,text,-0.2835788492499944,-0.5694130300813369,0.0022553315813481634,0.04946096948393165
BMY,anger,audio,0.012124203133355878,-0.27229073249767655,0.2965391387643883,0.933720260878258
BMY,anger,text,-0.15166949161798515,-0.43648927333618454,0.13315029010021423,0.2947687293174404
BMY,sadness,audio,0.16314033684960721,-0.12174335413089027,0.4480240278301047,0.2670234225048929
BMY,sadness,text,-0.27332893469331565,-0.5590624212337019,0.012404551847070622,0.057596940218352204
BMY,fear,audio,0.11509400575147496,-0.1695530263650417,0.39974103786799164,0.4346434586511268
BMY,fear,text,-0.07159023813977002,-0.35609339814490215,0.21291292186536215,0.6174361016948682
XEL,happy,audio,0.06139949456494145,-0.1877052407095927,0.3105042298394756,0.6284192903734133
XEL,happy,text,0.06181390074049322,-0.18729163964813048,0.3109194411291169,0.6252332404913904
XEL,neutral,audio,0.1636949444682413,-0.08577260052933397,0.4131624894658166,0.19665997653535122
XEL,neutral,text,-0.015802279361696044,-0.26485150249531275,0.23324694377192068,0.9006620760416766
XEL,surprise,audio,-0.17145486791109438,-0.4209633580800273,0.07805362225783849,0.176446541296632
XEL,surprise,text,-0.10504178526524081,-0.3542610303674552,0.14417745983697355,0.40714301622575205
XEL,disgust,audio,-0.3086216837692721,-0.559164674657884,-0.058078692880660254,0.01516224123547234
XEL,disgust,text,-0.08386368239752702,-0.33301986648968546,0.16529250169463144,0.506319031866878
XEL,anger,audio,-0.06590245913588229,-0.3150162329799739,0.18321131470820928,0.6013405143557705
XEL,anger,text,-0.1795677727087093,-0.429121090234953,0.06998554481753438,0.15600567282276762
XEL,sadness,audio,0.05516244774748891,-0.19393082396047345,0.30425571945545127,0.6624015471536724
XEL,sadness,text,0.03259666765721882,-0.2164653746403723,0.2816587099548099,0.7973068417322592
XEL,fear,audio,0.14898816932677444,-0.10040696095465704,0.39838329960820595,0.24095570858720136
XEL,fear,text,0.19195500175460004,-0.05767074089003374,0.4415807443992338,0.12982906067349317
CF,happy,audio,0.12983230339398774,-0.11253243438452307,0.3721970411724985,0.29397909455235527
CF,happy,text,-0.06321771365735251,-0.3053860053265234,0.17895057801181838,0.6101790722427124
CF,neutral,audio,-0.027075051493519027,-0.2691934664110975,0.21504336342405944,0.8272703522132479
CF,neutral,text,0.01583657157460303,-0.22627447179109847,0.25794761494030455,0.8980412487643471
CF,surprise,audio,-0.03968034479597602,-0.2818116213905418,0.20245093179858975,0.7492775787629378
CF,surprise,text,0.09696616083510219,-0.14528473061079794,0.33921705228100235,0.43878250667048246
CF,disgust,audio,0.028091622734363653,-0.21402764938615682,0.27021089485488414,0.820196900265277
CF,disgust,text,0.13645940357569838,-0.1059322796393774,0.37885108679077417,0.2695999463999811
CF,anger,audio,0.037914396159467165,-0.20421478603830895,0.28004357835724325,0.759432365654038
CF,anger,text,0.029363178817415528,-0.2127572099840599,0.271483567618891,0.8117823076225269
CF,sadness,audio,-0.07854865637886697,-0.32075015986566946,0.16365284710793554,0.5247683910084995
CF,sadness,text,-0.09257357447175626,-0.3348117465881593,0.1496645976446468,0.4541249452766094
CF,fear,audio,-0.018735116506173287,-0.2608476916020619,0.22337745858971533,0.8795744582803472
CF,fear,text,-0.11495725898737655,-0.3572663898025781,0.127351871827825,0.354630014782986
DD,happy,audio,0.40210915931656716,0.10726689413871926,0.696951424494415,0.0063550468771463526
DD,happy,text,-0.0571370634656322,-0.34910644974413846,0.23483232281287408,0.700502038817947
DD,neutral,audio,-0.08749623406942073,-0.37954562548383697,0.2045531573449955,0.5488655724732
DD,neutral,text,0.01789217219406384,-0.2740235513572626,0.3098078957453903,0.9043304988099882
DD,surprise,audio,0.28696042450513315,-0.006446525148160243,0.5803673741584265,0.04763217897042843
DD,surprise,text,0.07048973514383818,-0.2215107043179388,0.3624901746056151,0.6345930598674692
DD,disgust,audio,-0.3523246326820755,-0.6464883471663835,-0.058160918197767475,0.017665105812774345
DD,disgust,text,-0.10882933209150202,-0.400955014671985,0.18329635048898096,0.45961853731647273
DD,anger,audio,0.12649627298549343,-0.16570512094963225,0.4186976669206191,0.3959707455515697
DD,anger,text,-0.2843307960177256,-0.577710502465639,0.009048910430187851,0.05545202244270067
DD,sadness,audio,-0.38390190649154715,-0.6784858087647377,-0.08931800421835656,0.010064065996140532
DD,sadness,text,-0.10810550191339792,-0.4002283245674761,0.18401732074068028,0.47028314613767697
DD,fear,audio,-0.3140826477198321,-0.6077850571501986,-0.020380238289465558,0.03209624646536849
DD,fear,text,0.2470083733906353,-0.046011472277491916,0.5400282190587625,0.09541049781798881
COP,happy,audio,0.02339970369444554,-0.21172129044722124,0.2585206978361123,0.8457079706281941
COP,happy,text,-0.04742981758298784,-0.28257490777541255,0.18771527260943688,0.6969275502079015
COP,neutral,audio,0.022314630401040005,-0.2128056614609377,0.25743492226301773,0.8517378087947987
COP,neutral,text,-0.0222954518515647,-0.25741573160064396,0.21282482789751456,0.8571600488886353
COP,surprise,audio,0.1744712987632627,-0.06107253202348162,0.410015129550007,0.1454754793889598
COP,surprise,text,0.03008337569227208,-0.2050426793154902,0.26520943070003433,0.8069549761377861
COP,disgust,audio,-0.1590875904566595,-0.3945588911747515,0.07638371026143251,0.1905140450430548
COP,disgust,text,0.0016225084552789544,-0.2334907707427242,0.2367357876532821,0.9895070195515248
COP,anger,audio,0.0211778219566597,-0.21394176990035646,0.2562974138136759,0.8594459243103597
COP,anger,text,-0.0812192942790432,-0.316425914189243,0.15398732563115658,0.5004257654503895
COP,sadness,audio,-0.1368342055317159,-0.37221239324890587,0.09854398218547405,0.24207459701668066
COP,sadness,text,0.07045333904293918,-0.16473016974741722,0.3056368478332956,0.5636305216646067
COP,fear,audio,-0.10246242417839806,-0.33772426115377635,0.1327994127969802,0.3906390085010553
COP,fear,text,0.0684062480008109,-0.1667732373333886,0.3035857333350104,0.5808524559898238
DVN,happy,audio,0.4300761859778197,0.16187681716496816,0.6982755547906713,0.001641993473575218
DVN,happy,text,-0.10850417221994128,-0.37381014992385986,0.15680180548397726,0.4216050790392982
DVN,neutral,audio,-0.14192256821783858,-0.40736908316226195,0.12352394672658476,0.294139569119417
DVN,neutral,text,0.19378244184881863,-0.07195619257278082,0.45952107627041805,0.15273955243793577
DVN,surprise,audio,-0.014284037626788119,-0.2793956138080714,0.2508275385544952,0.91594397852938
DVN,surprise,text,0.10387137429535905,-0.16141807612319525,0.3691608247139133,0.44266173834194034
DVN,disgust,audio,0.08165487994261529,-0.18356532286756705,0.3468750827527976,0.5445805030580609
DVN,disgust,text,0.043333382610150406,-0.22180632718908383,0.30847309240938464,0.7485252671021947
DVN,anger,audio,0.19733098872463578,-0.068430919466337,0.46309289691560857,0.14454458178068819
DVN,anger,text,-0.14783334254384098,-0.4133086091732615,0.11764192408557952,0.27547095558519546
DVN,sadness,audio,-0.44426421465627974,-0.7126696299617017,-0.17585879935085774,0.0010942515398943793
DVN,sadness,text,-0.1283525260940447,-0.39373745989604747,0.13703240770795802,0.34105464175731287
DVN,fear,audio,-0.07094895555146281,-0.33614170518131414,0.19424379407838854,0.5988555195168469
DVN,fear,text,-0.16959138229757456,-0.43518256103876307,0.09599979644361398,0.20866600830564808
PM,happy,audio,0.07479267646743763,-0.1676390881850462,0.31722444111992143,0.5457841863857985
PM,happy,text,0.14998649190336194,-0.0927031513821488,0.3926761351888727,0.22227103343439547
PM,neutral,audio,0.04648704018564894,-0.19589231422773246,0.28886639459903035,0.7065003140867053
PM,neutral,text,0.04478458704172957,-0.19759239482323435,0.2871615689066935,0.7156726670636667
PM,surprise,audio,-0.18397894800230408,-0.4268416428959261,0.05888374689131795,0.13687900378562257
PM,surprise,text,-0.04968939205214903,-0.29207344903798993,0.19269466493369186,0.6877213381425824
PM,disgust,audio,0.10731011250439972,-0.13521202959044581,0.3498322545992453,0.39209402097680573
PM,disgust,text,-0.04577632025998525,-0.28815467345074325,0.19660203293077277,0.71250200933442
PM,anger,audio,0.0024074433551094453,-0.23993900097667195,0.24475388768689085,0.9845452453088244
PM,anger,text,-0.21857638519945935,-0.4616512172248204,0.024498446825901687,0.07899000454096838
PM,sadness,audio,-0.02547330368690687,-0.26782956835213556,0.21688296097832183,0.836217572129709
PM,sadness,text,-0.11210314431554953,-0.35464133382351865,0.1304350451924196,0.36438640197902833
PM,fear,audio,0.07234099824118688,-0.1700852597472321,0.31476725622960583,0.5596656715901747
PM,fear,text,0.004654803634557036,-0.23769188306582492,0.24700149033493898,0.9699459830816645
PSA,happy,audio,-0.18334620377837402,-0.42350297242813634,0.0568105648713883,0.14495717736811992
PSA,happy,text,-0.10992663126405094,-0.34976951855662936,0.12991625602852747,0.37573018567639554
PSA,neutral,audio,0.12413726205564164,-0.11575413953800069,0.364028663649284,0.32071749767038454
PSA,neutral,text,0.5477936202093762,0.30378592563501217,0.7918013147837402,1.1199469627792237e-05
PSA,surprise,audio,-0.22465297642563284,-0.4650551349644259,0.01574918211316023,0.07715015988314414
PSA,surprise,text,0.09596971031809928,-0.14383125496181198,0.33577067559801055,0.42352278616284705
PSA,disgust,audio,-0.17694273758717075,-0.4170658942351788,0.06318041906083732,0.1689931952992673
PSA,disgust,text,-0.4026306686037621,-0.644652113831169,-0.1606092233763552,0.001368455469535375
PSA,anger,audio,-0.08901527687749614,-0.3287974724686157,0.15076691871362338,0.47315425975896025
PSA,anger,text,-0.3602555009259994,-0.601809178723417,-0.11870182312858174,0.0036514691726188342
PSA,sadness,audio,0.1733987850080158,-0.06670628097237183,0.4135038509884035,0.1712617727514965
PSA,sadness,text,-0.1519264658763945,-0.39192972424509054,0.08807679249230158,0.2114427523354622
PSA,fear,audio,0.31789928273134227,0.07676199426608699,0.5590365711965976,0.013657981938582189
PSA,fear,text,-0.3451525085988242,-0.5865518311913167,-0.10375318600633165,0.005343072777689143
SBUX,happy,audio,0.33347487633987893,0.012974806853753684,0.6539749458260042,0.04492549109554757
SBUX,happy,text,-0.1852641450124788,-0.5042598771676341,0.13373158714267658,0.25614295489640093
SBUX,neutral,audio,-0.1367494713566703,-0.4554386575731052,0.1819397148597646,0.40396876867216436
SBUX,neutral,text,0.1419831742331018,-0.17673464943881723,0.46070099790502084,0.38100592730210214
SBUX,surprise,audio,-0.10402832788512993,-0.42256280802312324,0.21450615225286335,0.5260861923984224
SBUX,surprise,text,0.01239958196355122,-0.30592529412343455,0.330724458050537,0.9406697052377478
SBUX,disgust,audio,-0.12184232338570719,-0.4404558231904462,0.19677117641903177,0.4580813016010902
SBUX,disgust,text,0.25657353323130433,-0.06303954531609329,0.576186611778702,0.11438985406618939
SBUX,anger,audio,0.08296337984006778,-0.23549372480884717,0.40142048448898277,0.6089288585600493
SBUX,anger,text,0.2096653268440904,-0.10951935287525605,0.5288500065634368,0.2008588808320953
SBUX,sadness,audio,-0.15215528338412743,-0.4709318344632723,0.16662126769501745,0.3562480660736081
SBUX,sadness,text,-0.1278258310267066,-0.44646866401519625,0.19081700196178306,0.4276881138545116
SBUX,fear,audio,0.1457933210547318,-0.17294602549706695,0.46453266760653056,0.3721904933564675
SBUX,fear,text,-0.27956684943216714,-0.5994211495269481,0.0402874506626138,0.09070717275583659
MOS,happy,audio,0.1539591196384571,-0.164498269510918,0.4724165087878322,0.3416915274648036
MOS,happy,text,0.27462946179478853,-0.04487645887494418,0.5941353824645212,0.09076770853530595
MOS,neutral,audio,0.11467136992909281,-0.20357162483930813,0.4329143646974938,0.47774301971844496
MOS,neutral,text,0.1168914646437223,-0.201361976856265,0.4351449061437096,0.4696555087788747
MOS,surprise,audio,-0.06417795006021718,-0.3822373778519538,0.25388147773151937,0.6910383971397661
MOS,surprise,text,-0.03490792100714011,-0.35290837312189344,0.2830925311076132,0.8290236701210955
MOS,disgust,audio,-0.07795474777565525,-0.39605398746561427,0.24014449191430376,0.6292266430386804
MOS,disgust,text,-0.013224483946775988,-0.3312037105336836,0.3047547426401316,0.9347893359174311
MOS,anger,audio,-0.07639452616477073,-0.39448886989712983,0.2416998175675884,0.6367324484955145
MOS,anger,text,-0.2898224728534086,-0.6095019257116823,0.029856980004865086,0.07441136365142778
MOS,sadness,audio,-0.2442414679799725,-0.5634280837517506,0.07494514779180553,0.13269374405261955
MOS,sadness,text,-0.346535116574055,-0.6669438210168122,-0.026126412131297905,0.03323274470454395
MOS,fear,audio,0.13619320275484495,-0.18215948805344653,0.45454589356313646,0.3992293519106312
MOS,fear,text,-0.13481225445326353,-0.4531573427310013,0.18353283382447425,0.4051856141725975
SCHW,happy,audio,-0.07378607652764889,-0.9506698263255868,0.803097673270289,0.8658076995554604
SCHW,happy,text,-0.04462448337355839,-0.921279157510746,0.8320301907636292,0.918183498715724
SCHW,neutral,audio,0.23655727571744037,-0.6436708351017969,1.1167853865366777,0.5878083046366989
SCHW,neutral,text,0.10134305434502004,-0.7758607553519358,0.9785468640419758,0.8156368660427948
SCHW,surprise,audio,-0.5043147391590159,-1.397555143347887,0.38892566502985504,0.2543586347618418
SCHW,surprise,text,0.32066478579869956,-0.5626548190888894,1.2039843906862884,0.46393709618213774
SCHW,disgust,audio,-0.017744890103866068,-0.8942883256104438,0.8587985454027117,0.9674097807299324
SCHW,disgust,text,0.21984390834536216,-0.6598800029323378,1.0995678196230623,0.6142727755218597
SCHW,anger,audio,-0.20305501442779084,-1.0823093660832073,0.6761993372276256,0.6413130467782259
SCHW,anger,text,0.07790231514251736,-0.7990228501802286,0.9548274804652632,0.8577393868650828
SCHW,sadness,audio,0.10302909787541896,-0.7741975597533594,0.9802557555041972,0.8131139427962215
SCHW,sadness,text,-0.4629468668639607,-1.3535778982260038,0.42768416449808244,0.29403707615634356
SCHW,fear,audio,0.4184518711952043,-0.46961423830322085,1.3065179806936293,0.341992434889208
SCHW,fear,text,-0.25991029640985847,-1.1409042020035178,0.621083609183801,0.5515508093449766
UNP,happy,audio,-0.15640736491844992,-0.3720631931047287,0.059248463267828816,0.15254070232616543
UNP,happy,text,0.07169900154977285,-0.14369552284494458,0.2870935259444903,0.5101368233698652
UNP,neutral,audio,0.04452240006195544,-0.1708293808690549,0.2598741809929658,0.6853810179672756
UNP,neutral,text,0.015266797233285114,-0.20006130884956316,0.2305949033161334,0.889091935508674
UNP,surprise,audio,0.025186082401923326,-0.1901474549790677,0.24051961978291436,0.8176977713745589
UNP,surprise,text,0.0653246235413468,-0.1500580815862819,0.2807073286689755,0.550136241300054
UNP,disgust,audio,0.031066656012880167,-0.18427135878149015,0.24640467080725048,0.7781425257382443
UNP,disgust,text,-0.015768016761866094,-0.23109633339518693,0.19956029987145474,0.8850568753952651
UNP,anger,audio,0.08103685331006057,-0.13437696915497765,0.29645067577509876,0.46175042527963744
UNP,anger,text,0.04319273972645007,-0.17215746269062424,0.25854294214352436,0.6949263630897612
UNP,sadness,audio,-0.014789372093531743,-0.2301172839454405,0.20053853975837704,0.8927536272099109
UNP,sadness,text,-0.13425652845503444,-0.3498253228935574,0.08131226598348848,0.21853009733743067
UNP,fear,audio,-0.02032122170808713,-0.23565176252970665,0.19500931911353242,0.8523607133378063
UNP,fear,text,-0.11682381186015531,-0.3323334185891726,0.09868579486886198,0.28397082604655005
PPL,happy,audio,0.2288496688911667,-0.14303375711640992,0.6007330948987433,0.22520498975033418
PPL,happy,text,-0.10224685860412959,-0.47313126400000427,0.2686375467917451,0.5869432117194975
PPL,neutral,audio,-0.023421456886650625,-0.3940693838938067,0.3472264701205054,0.9008117420114597
PPL,neutral,text,-0.09981848266089646,-0.47069117755237333,0.27105421223058035,0.5964803386345913
PPL,surprise,audio,0.46962956948230294,0.09376463334310386,0.845494505621502,0.013748338649919794
PPL,surprise,text,-0.07433276595359133,-0.4450995207925181,0.2964339888853354,0.6921492649375969
PPL,disgust,audio,-0.01664395090629928,-0.3872853933421833,0.35399749152958476,0.9292496597524867
PPL,disgust,text,0.10736022159205363,-0.2635497613331602,0.4782702045172674,0.5671723982103979
PPL,anger,audio,-0.2619859402226414,-0.6342562732268591,0.11028439278157631,0.16417799424964802
PPL,anger,text,-0.012641919268880702,-0.3832805628144436,0.3579967242766822,0.9465273766225364
PPL,sadness,audio,-0.3830009664821542,-0.7571224974518301,-0.008879435512478273,0.04363166181587568
PPL,sadness,text,0.268659234864921,-0.10369528349610402,0.641013753225946,0.15304840332536732
PPL,fear,audio,-0.3484198522216258,-0.7219425016789235,0.02510279723567188,0.0665682765788031
PPL,fear,text,0.14570768477815924,-0.22543380787334957,0.5168491774296681,0.43825259413245354
T,happy,audio,0.14751403752414532,-0.12547214613150692,0.4205002211797976,0.28856566782152837
T,happy,text,-0.030986183283104606,-0.3036125480413754,0.2416401814751662,0.8234057014343825
T,neutral,audio,-0.11017677802226136,-0.38299658099802103,0.16264302495349828,0.4295946287313703
T,neutral,text,0.000789358830325649,-0.27182039593545854,0.27339911359610986,0.9954835255616268
T,surprise,audio,-0.028815887514638934,-0.30144000560491296,0.2438082305756351,0.8357179142523452
T,surprise,text,0.21836471939063462,-0.055069233596753975,0.4917986723780232,0.11749971857055853
T,disgust,audio,0.11365481893925665,-0.15917845005748776,0.3864880879360011,0.41633514600043775
T,disgust,text,0.21343932801054982,-0.059957915856055755,0.4868365718771554,0.12726531253020718
T,anger,audio,-0.003795199113748599,-0.27640519243622275,0.26881479420872556,0.9782817948768734
T,anger,text,-0.05130694842625911,-0.3239622587844371,0.22134836193191887,0.7134446248314491
T,sadness,audio,-0.026894757017743385,-0.2995170224209632,0.24572750838547638,0.8466673976538962
T,sadness,text,-0.012892670392705318,-0.2855052918493829,0.2597199510639723,0.926234242346226
T,fear,audio,0.029788855079028297,-0.24283625005380982,0.3024139602118664,0.8300514953279122
T,fear,text,-0.27032902010947824,-0.5442009100470198,0.0035428698280632887,0.054071952838934643
ABBV,happy,audio,-0.1879056180446584,-0.4341408854581995,0.058329649368882686,0.13632332708920725
ABBV,happy,text,-0.04755589705357419,-0.29331945434934237,0.19820766024219397,0.7050374532907302
ABBV,neutral,audio,-0.003882449774937969,-0.24961390795064375,0.24184900840076784,0.9756029032522157
ABBV,neutral,text,0.11063468951073836,-0.13527139519154896,0.35654077421302566,0.3700948556286485
ABBV,surprise,audio,0.08031353796186086,-0.16550985867247706,0.32613693459619875,0.5080087236028565
ABBV,surprise,text,0.28380116222103313,0.03692168056310277,0.5306806438789635,0.020768533600816146
ABBV,disgust,audio,-0.060388861535546116,-0.30617220999606837,0.18539448692497615,0.6339619855281167
ABBV,disgust,text,0.10369792158090746,-0.14218693201301302,0.34958277517482794,0.4093487939468133
ABBV,anger,audio,0.11620788712361307,-0.12971624942268611,0.36213202366991226,0.35506574125039375
ABBV,anger,text,-0.23026794285587623,-0.4767556985763662,0.016219812864613714,0.06877695720312298
ABBV,sadness,audio,-0.08174907987835332,-0.3275757996657965,0.1640776399090898,0.5109770796146434
ABBV,sadness,text,-0.23574861128119495,-0.4822727488907771,0.010775526328387214,0.06153191453849271
ABBV,fear,audio,0.11051618203831033,-0.13538952842999602,0.35642189250661666,0.3688608458469687
ABBV,fear,text,-0.18785046010896908,-0.4340854319651376,0.05838451174719944,0.12940969866880003
UPS,happy,audio,0.025137516993803108,-0.22500471801071886,0.2752797519983251,0.84358877614566
UPS,happy,text,0.13402192659550102,-0.11639452654264468,0.3844383797336467,0.2920055826408836
UPS,neutral,audio,0.050032293907908504,-0.20013956634633182,0.30020415416214885,0.695384902564993
UPS,neutral,text,0.033596869713899906,-0.2165532313783105,0.28374697080611033,0.7916177159523904
UPS,surprise,audio,-0.009159173055489115,-0.2592927319001463,0.24097438578916805,0.9425778948750995
UPS,surprise,text,-0.022800828505305914,-0.2729412900496556,0.2273396330390438,0.8579917512210369
UPS,disgust,audio,0.0020803170380360365,-0.2480519821218323,0.25221261619790436,0.9870110369981383
UPS,disgust,text,-0.20206624527765663,-0.4528441016447603,0.04871161108944702,0.11046335832089853
UPS,anger,audio,-0.009789943404705601,-0.2599236914885938,0.24034380467918257,0.9389402588505331
UPS,anger,text,-0.12468512681750625,-0.37506337676373896,0.12569312312872644,0.32753920097270406
UPS,sadness,audio,-0.05661410954098794,-0.3067970811468258,0.1935688620648499,0.6561198042437315
UPS,sadness,text,-0.08803396384856814,-0.33828886705280226,0.16222093935566595,0.4900059899697764
UPS,fear,audio,-0.03708643992899617,-0.28724044590227815,0.21306756604428578,0.7707208992185033
UPS,fear,text,0.056440570855182476,-0.19374209018713598,0.30662323189750096,0.6558659109956575
ORLY,happy,audio,0.13796896480505455,-0.11710431100736579,0.3930422406174749,0.27970864958275854
ORLY,happy,text,0.17644541281956713,-0.0788203813473454,0.4317112069864797,0.16952264501261302
ORLY,neutral,audio,-0.08319041935279672,-0.33807075671605125,0.17168991801045783,0.5121947467737266
ORLY,neutral,text,-0.029648901697686785,-0.28443296696461673,0.22513516356924315,0.8188985896643415
ORLY,surprise,audio,-0.08812941663862486,-0.3430232343842916,0.16676440110704185,0.492713342470014
ORLY,surprise,text,-0.12304287520475457,-0.3780541216007385,0.1319683711912293,0.3413957677899516
ORLY,disgust,audio,0.28420464669640394,0.028150416586893656,0.5402588768059142,0.029557068292629253
ORLY,disgust,text,-0.20972595653162823,-0.465196116226665,0.04574420316340855,0.10121952574104022
ORLY,anger,audio,0.09406862453774321,-0.16084243180173263,0.3489796808772191,0.4584777211541557
ORLY,anger,text,0.1270756807222487,-0.12795162708762745,0.3821029885321249,0.3266837568847307
ORLY,sadness,audio,-0.17158779336038466,-0.42682669212642743,0.08365110540565812,0.17628421016528417
ORLY,sadness,text,0.05834096165021781,-0.19648333745015917,0.31316526075059475,0.646029499164427
ORLY,fear,audio,-0.03880558450088842,-0.29359963970830616,0.2159884707065293,0.7629422756077403
ORLY,fear,text,-0.059063791241532666,-0.3138894426735347,0.19576186019046937,0.6470251310263856
MCK,happy,audio,-0.2146600878934444,-0.5697263277943623,0.1404061520074735,0.2337151195234915
MCK,happy,text,0.03282607672902109,-0.32122015530005044,0.38687230875809264,0.8544091188067328
MCK,neutral,audio,0.26338431933242723,-0.09220871892503951,0.618977357589894,0.14284842128344824
MCK,neutral,text,-0.08690763089960946,-0.4411008158093118,0.2672855540100929,0.6278010017510885
MCK,surprise,audio,-0.009809452098398813,-0.3638334085186816,0.34421450432188394,0.9566101774304825
MCK,surprise,text,-0.08494737641538168,-0.4391329176584218,0.2692381648276584,0.6368174699635529
MCK,disgust,audio,-0.05986920359027227,-0.4139723316885674,0.2942339245080229,0.7382224045386766
MCK,disgust,text,0.1428525232032665,-0.2116321887652863,0.49733723517181927,0.4296935927843617
MCK,anger,audio,-0.3048887829404891,-0.661014464070578,0.051236898189599756,0.09147489605648997
MCK,anger,text,-0.011140791680890551,-0.3651653812524585,0.3428837978906774,0.9505411793479193
MCK,sadness,audio,0.0988709801956439,-0.25537262902689584,0.4531145894181836,0.5814408948035712
MCK,sadness,text,0.05664833484807964,-0.29744627594138334,0.4107429456375426,0.7515939506877309
MCK,fear,audio,0.06277351745618633,-0.2913376943984106,0.41688472931078324,0.7269012139260501
MCK,fear,text,0.08501454427002827,-0.26917125599982794,0.43920034453988455,0.6359482034146741
WFC,happy,audio,0.19800497138950965,-0.027006986785739706,0.423016929564759,0.0736331645770282
WFC,happy,text,0.008978736027312256,-0.21550331430733805,0.23346078636196255,0.9356401390233581
WFC,neutral,audio,-0.023121303113860743,-0.24760950921652816,0.2013669029888067,0.8413677481474751
WFC,neutral,text,0.16655248933947422,-0.058304301217183385,0.39140927989613183,0.15355554111312406
WFC,surprise,audio,-0.17701498395680812,-0.4019204298305057,0.04789046191688945,0.11436068218408126
WFC,surprise,text,-0.033607193963881406,-0.2581034657521558,0.190889077824393,0.7620433196470645
WFC,disgust,audio,0.03646354844212298,-0.1880354371163841,0.2609625340006301,0.7506126805637412
WFC,disgust,text,0.11124234911916156,-0.11340634725448964,0.3358910454928128,0.3251938843508244
WFC,anger,audio,-0.029219348604254406,-0.25371188251586846,0.19527318530735965,0.7972562868388989
WFC,anger,text,-0.1695116908410179,-0.3943819435272455,0.05535856184520971,0.141340391774119
WFC,sadness,audio,0.03438151849955809,-0.190115467104299,0.2588785041034152,0.7581922964269995
WFC,sadness,text,-0.15654802173199592,-0.38136104961022854,0.06826500614623668,0.16963801103443413
WFC,fear,audio,0.1410425338981826,-0.0837080084478194,0.3657930762441846,0.2064818494794748
WFC,fear,text,-0.15753608901383914,-0.3823533187654583,0.06728114073778005,0.16891538584915064
LOW,happy,audio,0.04842093865178081,-0.29547194370202773,0.39231382100558937,0.7816020346825424
LOW,happy,text,-0.1977356862276038,-0.5424390073378216,0.146967634882614,0.2590292211906465
LOW,neutral,audio,-0.03325233897257779,-0.37711787114856665,0.3106131932034111,0.8488816573447273
LOW,neutral,text,0.10911981814358096,-0.23498410080702864,0.45322373709419056,0.5329287135403528
LOW,surprise,audio,-0.020352480183090747,-0.36420274547587095,0.3234977851096894,0.9074955262279383
LOW,surprise,text,0.08695507028582176,-0.257052953597397,0.43096309416904055,0.6188080054704977
LOW,disgust,audio,-0.2600852084312861,-0.605416628936253,0.08524621207368083,0.13824735573750108
LOW,disgust,text,-0.09150203223480645,-0.43552796283125,0.2525238983616371,0.5999922998172371
LOW,anger,audio,0.171681540430756,-0.17280973828039292,0.5161728191419049,0.3267213170440636
LOW,anger,text,0.09274908290187471,-0.2512819180737903,0.43678008387753975,0.5957903822148803
LOW,sadness,audio,-0.023161262487131188,-0.36701422622787927,0.3206917012536169,0.8945143255783533
LOW,sadness,text,0.034980399601584895,-0.30888773574173284,0.3788485349449026,0.841205965998293
LOW,fear,audio,0.029677610810325637,-0.3141829548078625,0.37353817642851384,0.8654105558424208
LOW,fear,text,-0.025942504894493793,-0.36979848385921293,0.31791347407022535,0.8819012307559851
CCI,happy,audio,-0.026974909738580796,-0.23841463995975357,0.18446482048259197,0.8016048344863849
CCI,happy,text,0.03324083645617443,-0.17820389731876554,0.2446855702311144,0.7588472450708081
CCI,neutral,audio,0.08064902653045943,-0.130867295698134,0.29216534875905287,0.45299614029535246
CCI,neutral,text,0.2049128774806727,-0.007073332346844485,0.41689908730818986,0.05948518399629666
CCI,surprise,audio,0.007182173915435937,-0.2042485906069323,0.21861293843780416,0.9467690146426516
CCI,surprise,text,0.01970620727453542,-0.1917290231687371,0.23114143771780796,0.8546372261907217
CCI,disgust,audio,-0.0051744922550452654,-0.21660492777184756,0.20625594326175703,0.9613595372078441
CCI,disgust,text,-0.23905686591564532,-0.45124349049748624,-0.02687024133380439,0.02709280577118019
CCI,anger,audio,-0.07407623133034982,-0.285579071500917,0.13742660884021735,0.48947127267592555
CCI,anger,text,-0.0900803985218124,-0.3016180655644272,0.12145726852080241,0.40292126644603043
CCI,sadness,audio,-0.0504069614570158,-0.2618707360357441,0.1610568131217125,0.6394914003127998
CCI,sadness,text,-0.07478313021546615,-0.28628736543912037,0.13672110500818804,0.48959646802156165
CCI,fear,audio,-0.01894761754395656,-0.23038245912353195,0.19248722403561885,0.8594476399933567
CCI,fear,text,-0.15764642775383728,-0.3694058434938886,0.054112987986214056,0.14747211595126594
MDLZ,happy,audio,0.184037424266664,-0.0940496507352411,0.46212449926856913,0.19065642784751005
MDLZ,happy,text,-0.009836738327223746,-0.28735289239687134,0.2676794157424238,0.9446961207604916
MDLZ,neutral,audio,0.0025026647883542876,-0.27501195786494576,0.2800172874416544,0.986007772208554
MDLZ,neutral,text,0.09456379810297405,-0.1831020003626238,0.3722295965685719,0.5014118458077961
MDLZ,surprise,audio,-0.31786935002639494,-0.5970884600256225,-0.03865024002716727,0.028795434056741582
MDLZ,surprise,text,0.05229605951974401,-0.2252647332663131,0.32985685230580114,0.7088741243835729
MDLZ,disgust,audio,0.17060876681158207,-0.10739787212068444,0.4486154057438486,0.2314646326481667
MDLZ,disgust,text,-0.03930154523672975,-0.3168421987984002,0.23823910832494072,0.7869013856226749
MDLZ,anger,audio,-0.18579215766817836,-0.46389019150448146,0.09230587616812475,0.1826865920240775
MDLZ,anger,text,-0.13161791753671437,-0.4094254264037841,0.14618959133035536,0.36366492050435323
MDLZ,sadness,audio,0.05376531742293175,-0.22379811191336083,0.3313287467592243,0.6996470706272122
MDLZ,sadness,text,-0.10373773459568697,-0.38143429943333335,0.1739588302419594,0.468027527450038
MDLZ,fear,audio,0.34266948531762487,0.06317499424127826,0.6221639763939715,0.018089620025926834
MDLZ,fear,text,-0.015801462355839922,-0.29332020421256855,0.26171727950088874,0.9101271888054762
VST,happy,audio,0.0994136615715205,-0.25850109982276587,0.45732842296580684,0.5794442779236659
VST,happy,text,-0.3702999334705152,-0.7310368134543241,-0.009563053486706219,0.046102927683667964
VST,neutral,audio,-0.12938745920007505,-0.4874548967613733,0.22867997836122322,0.48455633855268
VST,neutral,text,0.3525232014011487,-0.007929685363795624,0.7129760881660929,0.05300281334367126
VST,surprise,audio,0.23523423406242563,-0.12369118684508548,0.5941596549699367,0.19335104375400022
VST,surprise,text,0.48064048389214525,0.11783515887827573,0.8434458089060148,0.008734109539062767
VST,disgust,audio,-0.504828905138034,-0.8681574780657245,-0.14150033221034353,0.005711477413325136
VST,disgust,text,-0.15067574321167312,-0.5088758575715171,0.20752437114817082,0.41186277850595754
VST,anger,audio,0.1334560592223579,-0.22463517996160773,0.4915472984063235,0.47271334529363995
VST,anger,text,0.13171802686455553,-0.22636295473683338,0.48979900846594443,0.47152031129069416
VST,sadness,audio,-0.12779078336863312,-0.48584908116030134,0.23026751442303514,0.4802787224271139
VST,sadness,text,-0.11876865586812785,-0.47677743710262155,0.23924012536636585,0.49963979726150637
VST,fear,audio,0.0435598408414552,-0.31417705972325244,0.40129674140616284,0.8071167519933528
VST,fear,text,-0.45875375393015255,-0.8211071509421213,-0.09640035691818388,0.01192341915472352
RTX,happy,audio,0.08696336486423038,-0.12554006361476172,0.29946679334322246,0.41742518122113753
RTX,happy,text,-0.1391387017614915,-0.3517981893763994,0.07352078585341637,0.19908777804294858
RTX,neutral,audio,-0.002945397711343705,-0.2153488365005781,0.2094580410778907,0.9782245718633971
RTX,neutral,text,0.30095988394117684,0.08736070136549384,0.5145590665168598,0.005883300139098959
RTX,surprise,audio,-0.001675672093570637,-0.21407903319806226,0.21072768901092098,0.9877870568296351
RTX,surprise,text,0.07626441253750066,-0.13621590392805125,0.2887447290030526,0.4828783335757752
RTX,disgust,audio,0.01629638612538613,-0.1961104539135375,0.2287032261643098,0.8799181730494923
RTX,disgust,text,-0.2084965291429545,-0.42147462285187115,0.0044815645659621595,0.05452304088755041
RTX,anger,audio,-0.20493946935466117,-0.41789814396334846,0.008019205254026107,0.05967945213202677
RTX,anger,text,-0.1323444983827761,-0.34497959292927705,0.08029059616372489,0.22581906621651138
RTX,sadness,audio,0.04933802897364769,-0.1630975215278101,0.2617735794751055,0.6457825683266398
RTX,sadness,text,0.02192158404001177,-0.19048810228664978,0.2343312703666733,0.8409102669115357
RTX,fear,audio,0.12856083154717463,-0.08406120673259238,0.3411828698269416,0.23606929875950247
RTX,fear,text,-0.21669865195933996,-0.4297227901414612,-0.003674513777218752,0.04715899673555973
TSLA,happy,audio,0.062131713927702406,-0.1579328542333991,0.28219628208880393,0.5803678851639805
TSLA,happy,text,-0.11703238254959217,-0.33722798149703526,0.10316321639785092,0.3032171736797702
TSLA,neutral,audio,-0.04889950813457013,-0.2689444981890242,0.17114548191988393,0.6633921155860663
TSLA,neutral,text,0.06845874360234554,-0.1516168342326566,0.2885343214373477,0.5432771856985269
TSLA,surprise,audio,0.09682151627319953,-0.1233165155720252,0.31695954811842425,0.3957552208321467
TSLA,surprise,text,-0.0517995832343483,-0.27184846502683924,0.16824929855814263,0.6355195921453028
TSLA,disgust,audio,-0.024462288777496913,-0.24448338653140828,0.19555880897641448,0.8228639160468268
TSLA,disgust,text,-0.01627848359763666,-0.23629513761066256,0.20373817041538927,0.8834644051472709
TSLA,anger,audio,-0.05871766045424241,-0.27877673074928766,0.1613414098408028,0.6054914225705311
TSLA,anger,text,0.1524354032594334,-0.06788720554684305,0.3727580120657098,0.1716029286185524
TSLA,sadness,audio,-0.06485371292901829,-0.28492288695617907,0.1552154610981425,0.5609891726121968
TSLA,sadness,text,0.08961552285498085,-0.13050461229836097,0.3097356580083227,0.42013296949059825
TSLA,fear,audio,-0.0337538407234559,-0.2537821476308784,0.1862744661839666,0.7642790167139959
TSLA,fear,text,-0.04219136391693671,-0.2622282107183521,0.17784548288447868,0.7058793871419031
HAL,happy,audio,-0.024128668850482014,-0.2946884887925087,0.24643115109154465,0.8610331976788866
HAL,happy,text,-0.1789414055748677,-0.45004107226249007,0.09215826111275466,0.1949612660631487
HAL,neutral,audio,-0.039886059043165015,-0.3104632170733398,0.2306910989870098,0.7720647044851596
HAL,neutral,text,0.16470871196771078,-0.1063070365381151,0.43572446047353663,0.2329488609161773
HAL,surprise,audio,0.07139506853372966,-0.19924234975756616,0.3420324868250255,0.6042087373173509
HAL,surprise,text,0.021140898747855102,-0.24941659628324878,0.291698393778959,0.8781327114666746
HAL,disgust,audio,-0.05482267145548302,-0.32542414288671173,0.21577879997574567,0.6911106412252187
HAL,disgust,text,0.13720625147844692,-0.133666972339107,0.40807947529600086,0.31958591373377376
HAL,anger,audio,0.25420821616224376,-0.017450151484921406,0.525866583809409,0.06578368573330222
HAL,anger,text,0.3138275478131613,0.04159002993326871,0.5860650656930539,0.02339787789499802
HAL,sadness,audio,-0.17882502180537604,-0.4499239741976505,0.09227393058689845,0.1950665330034576
HAL,sadness,text,-0.1766792893284017,-0.44776515540721806,0.09440657675041464,0.20048868675389875
HAL,fear,audio,0.016324138718482248,-0.2542302543373483,0.28687853177431283,0.9056722922493413
HAL,fear,text,-0.23340748349040036,-0.5048921565368156,0.03807718955601486,0.09166390827878133
HLT,happy,audio,-0.055841090501845395,-0.3552425720676134,0.24356039106392263,0.7148792679362655
HLT,happy,text,0.11529350044036124,-0.1842887313054934,0.4148757321862159,0.46770780632055214
HLT,neutral,audio,0.07996277969197342,-0.21949690954131806,0.3794224689252649,0.6162888105011348
HLT,neutral,text,0.01396725336752116,-0.28538227762772583,0.3133167843627681,0.9281926041986007
HLT,surprise,audio,-0.23520096141465502,-0.5355286590987763,0.0651267362694663,0.143489008127792
HLT,surprise,text,-0.08695695658681471,-0.3864373876650937,0.21252347449146433,0.5664279201093767
HLT,disgust,audio,0.15860571765604567,-0.1411871289525465,0.4583985642646379,0.3105053390714573
HLT,disgust,text,-0.00500646782959934,-0.30435297693450836,0.29434004127530966,0.9746027555958985
HLT,anger,audio,0.009191256229861845,-0.2901563088989842,0.30853882135870786,0.9534569128983157
HLT,anger,text,0.08573204855775673,-0.21374462450182719,0.38520872161734065,0.5928062245255294
HLT,sadness,audio,0.19037270096987613,-0.10961682886894902,0.4903622308087013,0.20905068531091464
HLT,sadness,text,-0.013723574850469732,-0.3130729859147911,0.2856258362138517,0.9311111560048583
HLT,fear,audio,0.059009561297757133,-0.24039838694293375,0.35841750953844803,0.70984516003087
HLT,fear,text,-0.15558608422891246,-0.45536209260523564,0.14418992414741072,0.3183356311135217
SPG,happy,audio,-0.13751554922508719,-0.4165178088568678,0.14148671040669342,0.32971186391542673
SPG,happy,text,-0.06104833087104843,-0.33978312773036584,0.21768646598826896,0.6657326148626191
SPG,neutral,audio,0.2038128430453577,-0.07558755862574681,0.4832132447164622,0.14874159792043246
SPG,neutral,text,0.2122561738695021,-0.0672059855516792,0.4917183332906834,0.1361568297494691
SPG,surprise,audio,-0.2096892708125602,-0.4891323912020371,0.06975384957691674,0.13369382158183413
SPG,surprise,text,0.22277673117649627,-0.056765866501353957,0.5023193288543465,0.11634827583416553
SPG,disgust,audio,-0.08474179913313083,-0.36353746629463224,0.19405386802837055,0.5454075333189313
SPG,disgust,text,-0.09179079047630308,-0.3706083824598362,0.18702680150723006,0.5172186379282822
SPG,anger,audio,0.10923440825115771,-0.16964495778388583,0.38811377428620125,0.4437479353208857
SPG,anger,text,-0.04760645412371793,-0.32631551001148407,0.23110260176404818,0.7363885512711108
SPG,sadness,audio,-0.00904973427579796,-0.28772028547119705,0.2696208169196011,0.9484892921310075
SPG,sadness,text,-0.05342224810588803,-0.33214165975285737,0.2252971635410813,0.7061634617723277
SPG,fear,audio,0.17329910397061854,-0.10589891037135707,0.45249711831259415,0.2153407460964913
SPG,fear,text,-0.40327806721418596,-0.6847994456738491,-0.12175668875452289,0.004814281814949905
BAC,happy,audio,0.1469535687225463,-0.057783545777171125,0.3516906832222637,0.15912837558820056
BAC,happy,text,0.15742995630555287,-0.04734796705269245,0.3622078796637982,0.1321991338354238
BAC,neutral,audio,-0.10560468536040545,-0.3102080996135379,0.09899872889272703,0.31100791092239166
BAC,neutral,text,0.013397910522055172,-0.19106492577692236,0.21786074682103268,0.8981757525696427
BAC,surprise,audio,-0.006104986334423897,-0.21056599978738225,0.19835602711853448,0.9532490377001552
BAC,surprise,text,-0.09214217908740292,-0.296711496004977,0.11242713783017115,0.3768934887902754
BAC,disgust,audio,-0.007340950449836858,-0.2118021768871967,0.19712027598752302,0.9433270783482764
BAC,disgust,text,-0.2017522174936623,-0.40673375094373543,0.003229315956410822,0.0546331568209967
BAC,anger,audio,-0.09688316756060718,-0.3014639633146673,0.10769762819345295,0.3526761965584354
BAC,anger,text,-0.11082167853460984,-0.31543955263865575,0.09379619556943605,0.28922408651613696
BAC,sadness,audio,0.10074306309633826,-0.10384750292649392,0.30533362911917045,0.33147384157357546
BAC,sadness,text,0.04316035220051895,-0.16132405602506616,0.24764476042610406,0.67780024133068
BAC,fear,audio,0.03707230077560994,-0.16740584798059194,0.24155044953181182,0.7209113628671944
BAC,fear,text,0.01421045095823646,-0.19025267283722355,0.21867357475369645,0.8919828591994892
SPGI,happy,audio,0.0637303864235386,-0.13145326680888936,0.25891403965596654,0.5251499892854073
SPGI,happy,text,-0.049917703739349624,-0.2450826316483676,0.14524722416966837,0.6196965894440926
SPGI,neutral,audio,0.05958295223647061,-0.13559460050673844,0.25476050497967967,0.5515528697950309
SPGI,neutral,text,0.18202875516976133,-0.0135013727114493,0.37755888305097196,0.07022388156236356
SPGI,surprise,audio,-0.19751433176383051,-0.3931144291568137,-0.001914234370847312,0.049675218508624316
SPGI,surprise,text,0.20196673136865034,0.006345464528103528,0.39758799820919716,0.04563904868466261
SPGI,disgust,audio,-0.10618039446948785,-0.3014500621381755,0.08908927319919982,0.2889184134258093
SPGI,disgust,text,-0.024916696606209054,-0.2200593045452542,0.1702259113328361,0.8019295077680865
SPGI,anger,audio,0.16553984963767618,-0.029922027678890406,0.36100172695424276,0.09276266181666899
SPGI,anger,text,-0.1400345954573181,-0.3354036190021422,0.055334428087505966,0.1612171827449337
SPGI,sadness,audio,-0.08702099698541921,-0.2822465260944914,0.10820453212365302,0.3833055714551922
SPGI,sadness,text,-0.25561025383153596,-0.45152343353969837,-0.05969707412337352,0.01176357825975409
SPGI,fear,audio,0.059391263557393124,-0.13578601714660288,0.25456854426138914,0.5540548649324455
SPGI,fear,text,-0.22190269506761046,-0.4176245052755305,-0.026180884859690418,0.029146987705217026
HD,happy,audio,0.29912664443425246,0.046588839836185114,0.5516644490323198,0.02050015274188106
HD,happy,text,-0.2395384031145358,-0.4915805323715635,0.012503726142491928,0.0613190406734524
HD,neutral,audio,-0.14568130794243248,-0.3971639338272155,0.10580131794235051,0.26237725093014336
HD,neutral,text,0.09636788571559317,-0.15492975432972872,0.3476655257609151,0.45238620261562296
HD,surprise,audio,0.1476019984108175,-0.10388935411542422,0.3990933509370592,0.24714197362796778
HD,surprise,text,0.10543164871914165,-0.14589434659177378,0.35675764403005705,0.4086918045643091
HD,disgust,audio,0.018449660838388362,-0.23270924079055041,0.2696085624673271,0.8844787672205213
HD,disgust,text,0.10392635722097797,-0.14739475274850683,0.3552474671904628,0.4175298418002831
HD,anger,audio,-0.05951403939168329,-0.3107225984371904,0.19169451965382386,0.6395074677993557
HD,anger,text,0.02230407106549082,-0.2288572672101677,0.2734654093411493,0.8628635185849434
HD,sadness,audio,-0.14415291944842143,-0.39562868256548267,0.10732284366863984,0.26404972229847046
HD,sadness,text,-0.08678683008949296,-0.3380572628942333,0.16448360271524742,0.5002279336401189
HD,fear,audio,-0.16354242717144493,-0.4151106025751128,0.08802574823222295,0.2006248851309508
HD,fear,text,0.01411134824171892,-0.23704536214722408,0.26526805863066194,0.9119160154792249
TGT,happy,audio,0.2056559154892136,-0.1835357586060438,0.594847589584471,0.29817409355896185
TGT,happy,text,0.23045325806006298,-0.1590092339302777,0.6199157500504037,0.24376711104457177
TGT,neutral,audio,-0.21218721542076238,-0.6014472496373479,0.17707281879582307,0.28297793627654055
TGT,neutral,text,0.0038475275730292047,-0.3842835490077815,0.3919786041538399,0.9844222682333182
TGT,surprise,audio,-0.14586116932151727,-0.5345259392699955,0.24280360062696088,0.45975008393736055
TGT,surprise,text,-0.17682421904570722,-0.5657395419341142,0.21209110384269975,0.37052699454903787
TGT,disgust,audio,-0.06944860009270303,-0.457700440705782,0.3188032405203759,0.7245815744004324
TGT,disgust,text,-0.21082185565670505,-0.6000674236006852,0.17842371228727513,0.2862995892919451
TGT,anger,audio,0.13000232689360608,-0.25855268321084995,0.5185573369980621,0.5098492754336686
TGT,anger,text,0.05859462379121965,-0.32962231540347864,0.44681156298591795,0.7662751209501034
TGT,sadness,audio,0.051943576272411744,-0.33625489874777226,0.44014205129259576,0.7921028077927207
TGT,sadness,text,0.12284655415022272,-0.2656630532158748,0.5113561615163202,0.5333852588531202
TGT,fear,audio,0.22876917621154483,-0.16067395498952222,0.6182123074126119,0.2472030592835914
TGT,fear,text,-0.09896382976159362,-0.4873404744017895,0.28941281487860226,0.615767579187848
DLR,happy,audio,0.04113485512079523,-0.25737240681093493,0.3396421170525254,0.7875671534780652
DLR,happy,text,0.18093912912319954,-0.11814998072350202,0.4800282389699011,0.23785773692979498
DLR,neutral,audio,0.09030312752652936,-0.20832534262579216,0.3889315976788509,0.5509248698797948
DLR,neutral,text,0.29294840627504815,-0.007132855662190851,0.5930296682122871,0.057712494719207606
DLR,surprise,audio,-0.1969742731937929,-0.4961768192003263,0.1022282728127405,0.20301343335958666
DLR,surprise,text,-0.15175865488129153,-0.45066594416984596,0.1471486344072629,0.3186802909366773
DLR,disgust,audio,0.12355250689652586,-0.1752092679414775,0.42231428173452923,0.41169171093825646
DLR,disgust,text,-0.3627341230062013,-0.6636680412633693,-0.061800204749033194,0.019424122020595364
DLR,anger,audio,-0.003006280505898048,-0.3014819683037432,0.29546940729194704,0.9841747779799146
DLR,anger,text,-0.1726437810755119,-0.4716779704250792,0.12639040827405537,0.26130337873715964
DLR,sadness,audio,-0.07326874778513254,-0.371844964958928,0.22530746938866292,0.6321154696859453
DLR,sadness,text,-0.17651835728026347,-0.47557787932615025,0.12254116476562335,0.25485606818963247
DLR,fear,audio,0.05931073962786803,-0.23923076878408994,0.357852248039826,0.7001533586098344
DLR,fear,text,-0.188891079470471,-0.4880352453326473,0.11025308639170528,0.21319127094104173
NUE,happy,audio,-0.08529931064351584,-0.4254530209266604,0.25485439963962864,0.6229959579707446
NUE,happy,text,-0.03185408788434682,-0.37187231167894474,0.30816413591025116,0.8539515445529989
NUE,neutral,audio,0.08412977073148939,-0.25601965257179116,0.4242791940347699,0.62802549337679
NUE,neutral,text,0.050609879114495465,-0.2894418178589597,0.3906615760879507,0.7674554060864975
NUE,surprise,audio,0.06576314328533331,-0.2743267138414015,0.4058530004120682,0.705510580043767
NUE,surprise,text,0.10206684864444586,-0.2381548231102939,0.44228852039918565,0.5554609120215951
NUE,disgust,audio,-0.0065574638920197605,-0.34655465684897013,0.3334397290649306,0.9699344767182061
NUE,disgust,text,-0.07288025502303674,-0.41299146306926965,0.26723095302319616,0.6694705545993638
NUE,anger,audio,0.058535020818825424,-0.2815353948035886,0.39860543644123947,0.7363421978302965
NUE,anger,text,-0.06743755908974308,-0.40753224229056095,0.2726571241110748,0.6944562983284038
NUE,sadness,audio,-0.08523272829240534,-0.42538619292882873,0.254920736344018,0.626270148134186
NUE,sadness,text,0.11315120822851588,-0.22712205944184954,0.4534244758988813,0.5174273958803246
NUE,fear,audio,-0.1943412905521864,-0.5351540520091745,0.14647147090480173,0.26181130797864466
NUE,fear,text,-0.139940147768826,-0.48036001490097324,0.20047971936332123,0.41794794172790334
MMM,happy,audio,-0.05975384294712841,-0.3089516110948375,0.18944392520058068,0.6365547169499941
MMM,happy,text,-0.04936758235658924,-0.29854755853804255,0.19981239382486404,0.6967318077170441
MMM,neutral,audio,0.09118201057004773,-0.15809021119457173,0.3404542323346672,0.4703999488256141
MMM,neutral,text,0.15525071904035204,-0.09426915261334987,0.40477059069405397,0.22301156363947527
MMM,surprise,audio,-0.005968133059615207,-0.25511040477349084,0.2431741386542604,0.9622678960424111
MMM,surprise,text,0.07095648968973998,-0.17826426373435295,0.3201772431138329,0.5770165428190838
MMM,disgust,audio,-0.0952894853281399,-0.3445737265912987,0.15399475593501888,0.45381436522602026
MMM,disgust,text,0.019134281471121884,-0.23001317950532751,0.2682817424475713,0.8809225975568779
MMM,anger,audio,-0.1281327528042723,-0.3775321167779415,0.12126661116939694,0.3027899684268971
MMM,anger,text,-0.12381812162369857,-0.37320043410485676,0.12556419085745962,0.3291155047494935
MMM,sadness,audio,0.07988947380827773,-0.1693524296448936,0.3291313772614491,0.5322782585725025
MMM,sadness,text,0.006406335661150038,-0.2427360211934548,0.2555486925157549,0.9600325059499343
MMM,fear,audio,0.030776104058652373,-0.21838047977402048,0.2799326878913252,0.807488719585999
MMM,fear,text,-0.2159103623896832,-0.46578295692936567,0.03396223214999927,0.0892841610602995
LIN,happy,audio,0.025913245119294243,-0.20284697881517738,0.25467346905376587,0.8247779395538577
LIN,happy,text,-0.02814163857435281,-0.25690357960500754,0.20062030245630194,0.809365842084582
LIN,neutral,audio,0.1418508967649474,-0.0871864230892895,0.37088821661918425,0.22520946758344448
LIN,neutral,text,0.044881181594596066,-0.18389818359570737,0.2736605467848995,0.7029570769508456
LIN,surprise,audio,0.08110670080434501,-0.1477377095128603,0.3099511111215503,0.47891195902713113
LIN,surprise,text,0.10098292303182578,-0.12791305522248825,0.32987890128613984,0.39307935394980753
LIN,disgust,audio,-0.026599911956628093,-0.2553606499148143,0.2021608260015581,0.8193539340620232
LIN,disgust,text,0.03555998214184685,-0.19320869512353966,0.2643286594072334,0.7648584508672591
LIN,anger,audio,0.06365843721668657,-0.16514997662291703,0.29246685105629017,0.5819590855003426
LIN,anger,text,-0.08509781537640948,-0.31395167799785756,0.1437560472450386,0.4710657275216568
LIN,sadness,audio,-0.2660982915984421,-0.49585614544488144,-0.03634043775200277,0.02311903794014151
LIN,sadness,text,-0.12091561635838585,-0.349874599241054,0.10804336652428231,0.3021880217843615
LIN,fear,audio,-0.24634372641582408,-0.475957856806086,-0.016729596025562177,0.0345907129565871
LIN,fear,text,-0.03189909914988323,-0.2606642560882796,0.19686605778851315,0.7857383197367505
PEG,happy,audio,-0.08189769564995353,-0.33523522971960434,0.1714398384196973,0.5286806712948324
PEG,happy,text,0.15716619941413204,-0.09645717871633522,0.4107895775445993,0.21970929029951639
PEG,neutral,audio,-0.10154203286041258,-0.3549368371081052,0.15185277138728004,0.4301219694809396
PEG,neutral,text,0.07422045303853769,-0.17909802985342949,0.32753893593050487,0.5601167611942627
PEG,surprise,audio,-0.05447372033365936,-0.30775180444431105,0.19880436377699232,0.6705131977168987
PEG,surprise,text,-0.020493319323456532,-0.2737309008853197,0.23274426223840664,0.8721652597385656
PEG,disgust,audio,0.15484562062283658,-0.09876626183721349,0.40845750308288664,0.22480775781556062
PEG,disgust,text,-0.18028082366761403,-0.434028008326921,0.07346636099169293,0.1602083241043386
PEG,anger,audio,0.17922168358483168,-0.07451945872771801,0.43296282589738133,0.16440792054857414
PEG,anger,text,-0.05627283294975807,-0.309554084691657,0.1970084187921409,0.6605241883178729
PEG,sadness,audio,0.05188739840196606,-0.2013863123208237,0.3051611091247558,0.6865127536152485
PEG,sadness,text,0.016190366951811263,-0.23704470469002803,0.26942543859365053,0.8995153848680528
PEG,fear,audio,0.016367703702518107,-0.23686745974717927,0.2696028671522155,0.8983994783071327
PEG,fear,text,-0.17505664803791687,-0.42877437294197046,0.07866107686613671,0.16741781246274387
MRK,happy,audio,0.09414373154959378,-0.171597270866178,0.3598847339653655,0.4874031628698074
MRK,happy,text,-0.03646521098160432,-0.3020792614594081,0.22914883949619946,0.7870591595693506
MRK,neutral,audio,0.07111749489114189,-0.19455938732095163,0.3367943771032354,0.5982750176181655
MRK,neutral,text,0.024447586738407356,-0.24115412435937544,0.29004929783619016,0.8563848331313314
MRK,surprise,audio,-0.3580093084927352,-0.6257528613572048,-0.09026575562826572,0.008461917717825711
MRK,surprise,text,0.10929916080317204,-0.1564937833989105,0.3750921050052546,0.4186451544799149
MRK,disgust,audio,0.13373152962241558,-0.13216141657950925,0.3996244758243404,0.32172255063092836
MRK,disgust,text,-0.0060612276018905415,-0.27165348275201145,0.2595310275482304,0.9641715703261775
MRK,anger,audio,-0.008199899143190643,-0.2737926684425912,0.25739287015620993,0.9516838369687908
MRK,anger,text,-0.1257321285745209,-0.3915901235142173,0.14012586636517546,0.35266141676482043
MRK,sadness,audio,0.07170034658802382,-0.1939779384143434,0.33737863159039105,0.595282655725557
MRK,sadness,text,-0.09339821358769253,-0.35913686037381465,0.17234043319842962,0.48912001954732787
MRK,fear,audio,0.1269137313242381,-0.13894929094062303,0.39277675358909925,0.34645576163458874
MRK,fear,text,0.0337182243742504,-0.2318925763539079,0.29932902510240866,0.8036495604499195
GE,happy,audio,0.11113779869386681,-0.18890884300855815,0.41118444039629176,0.4666491075211066
GE,happy,text,-0.4071831291883118,-0.7101477355516501,-0.10421852282497351,0.008261454591928306
GE,neutral,audio,-0.32039863443464206,-0.6221659226884838,-0.018631346180800312,0.03709752937622603
GE,neutral,text,0.43404914876189254,0.13065713738277424,0.7374411601410109,0.004943687345365714
GE,surprise,audio,0.05542653881896028,-0.2444427316845256,0.35529580932244614,0.7155010958064206
GE,surprise,text,0.3372936313359826,0.03531529795055699,0.6392719647214082,0.028151426544084708
GE,disgust,audio,0.1985227560123374,-0.10204051441777126,0.49908602644244604,0.19445957185467536
GE,disgust,text,0.10541821653945027,-0.19460475608178757,0.4054411891606881,0.48974364374981794
GE,anger,audio,0.29174596897386146,-0.00968788873852433,0.5931798266862472,0.057409548864815335
GE,anger,text,-0.12915567839526634,-0.4292850410486012,0.17097368425806855,0.39731407470981345
GE,sadness,audio,0.0695060979448229,-0.23039680257918657,0.36940899846883235,0.6488801997201404
GE,sadness,text,-0.25851319801741357,-0.5595990302201341,0.04257263418530699,0.09085075786361113
GE,fear,audio,-0.036813511514323854,-0.33664995383516205,0.2630229308065144,0.8089838129833813
GE,fear,text,-0.3726355692175523,-0.6750899015074816,-0.07018123692762307,0.015483254224988223
PYPL,happy,audio,-0.2357363290279196,-0.5713074243532505,0.09983476629741136,0.2074749011802071
PYPL,happy,text,-0.17376737438638729,-0.5088619083734391,0.16132715960066457,0.31355623816335637
PYPL,neutral,audio,0.3590970847304171,0.02215175020855309,0.6960424192522812,0.05284702857228687
PYPL,neutral,text,0.3690022094724489,0.03192211304936238,0.7060823058955354,0.035310298797349475
PYPL,surprise,audio,-0.46829913928510253,-0.8069289448003238,-0.12966933376988127,0.016670092045983704
PYPL,surprise,text,0.21059218691429107,-0.12476823675186319,0.5459526105804453,0.2114062942770017
PYPL,disgust,audio,-0.015909897802484464,-0.3504412597772011,0.31862146417223214,0.9281801616772902
PYPL,disgust,text,-0.14933576664011433,-0.4842819173679249,0.18561038408769626,0.38751118703552734
PYPL,anger,audio,-0.2096657723258468,-0.5450188849864428,0.12568734033474924,0.21612726615937725
PYPL,anger,text,-0.2510415991697425,-0.5867524792289774,0.08466928088949244,0.1550568757173537
PYPL,sadness,audio,0.3050427881912152,-0.03123092228892488,0.6413164986713553,0.09290772886613907
PYPL,sadness,text,-0.19795560208983104,-0.5332190671384374,0.13730786295877523,0.23704494295573653
PYPL,fear,audio,0.4582275273335965,0.11977130430614202,0.796683750361051,0.018143731719449413
PYPL,fear,text,-0.26787312475804476,-0.6037478037166348,0.06800155420054527,0.10920276485471508
BSX,happy,audio,-0.13063217674412853,-0.380230199199896,0.11896584571163896,0.3132370196279657
BSX,happy,text,0.06839719676081808,-0.18100818950752112,0.31780258302915726,0.5935314144573165
BSX,neutral,audio,0.16975426622564643,-0.08002638199076936,0.41953491444206226,0.1829886903270899
BSX,neutral,text,0.14460537862793038,-0.1050524257864815,0.39426318304234226,0.2645048063655952
BSX,surprise,audio,-0.18982855422428113,-0.43972131196398845,0.06006420351542616,0.14485325920150563
BSX,surprise,text,0.015042121245547324,-0.23429399255906694,0.26437823505016156,0.906641038500891
BSX,disgust,audio,-0.17261335638865277,-0.42240921036718376,0.07718249758987822,0.18305326232547747
BSX,disgust,text,-0.28882090489358964,-0.5394483241255513,-0.038193485661627946,0.025876878957598604
BSX,anger,audio,0.21359700884387633,-0.036444596218403236,0.4636386139061559,0.08974791091295944
BSX,anger,text,-0.10462414564286737,-0.3541270309620008,0.1448787396762661,0.41388379944560555
BSX,sadness,audio,0.013640673794669586,-0.2356948144436991,0.2629761620330383,0.915870317452071
BSX,sadness,text,-0.21191472505521386,-0.46194522130002624,0.038115771189598524,0.10247863919930966
BSX,fear,audio,0.01992437826176112,-0.22941439225778315,0.26926314878130536,0.8780209966991425
BSX,fear,text,0.035341814993675114,-0.2140102151137444,0.28469384510109463,0.7848165230985507
PLD,happy,audio,0.21720411659394595,0.015474057531553231,0.41893417565633867,0.03524807161739439
PLD,happy,text,-0.07216608141112886,-0.2733647569288703,0.12903259410661255,0.48199539878236747
PLD,neutral,audio,-0.20221334515453096,-0.40386388792621286,-0.0005628023828490314,0.049519248542253785
PLD,neutral,text,-0.05654308112643572,-0.25771626211825627,0.14463009986538483,0.5811787604445022
PLD,surprise,audio,0.2547443654736624,0.05279040809942223,0.45669832284790257,0.013933574686872764
PLD,surprise,text,0.18865481572395187,-0.012928678969966911,0.39023831041787066,0.06644419550237977
PLD,disgust,audio,0.11164971090409313,-0.08964095578221375,0.3129403775904,0.27748737377438426
PLD,disgust,text,-0.004384246729889128,-0.2055171296688396,0.19674863620906133,0.9658891455975405
PLD,anger,audio,-0.06372860974625907,-0.26491274822260846,0.13745552873009032,0.5343461528757207
PLD,anger,text,-0.010178759347459827,-0.21131271246028854,0.1909551937653689,0.9208855700403196
PLD,sadness,audio,-0.08908410838228947,-0.2903173665400641,0.11214914977548521,0.3854506914342427
PLD,sadness,text,-0.04820767104760327,-0.2493697807902624,0.15295443869505587,0.6378063550195875
PLD,fear,audio,-0.23616163148390434,-0.4380003364105961,-0.034322926557212585,0.022054575702218297
PLD,fear,text,0.0699673170643569,-0.1312273963607814,0.2711620304894952,0.4955227758630961
PEP,happy,audio,-0.05309308800713877,-0.3401364954249023,0.23395031941062475,0.7193665436976611
PEP,happy,text,-0.17403804207785017,-0.46156349861777335,0.113487414462073,0.24193687829603694
PEP,neutral,audio,0.002267555401662853,-0.2847264309793621,0.2892615417826878,0.9876150190951258
PEP,neutral,text,0.13121228965598714,-0.15608387059647838,0.41850844990845265,0.3801950023352484
PEP,surprise,audio,-0.039634760596028565,-0.3266562495934826,0.2473867284014255,0.7945247123699959
PEP,surprise,text,0.35021943882029877,0.06107906814012354,0.639359809500474,0.018525170542047265
PEP,disgust,audio,-0.03389448612448283,-0.3209085616278773,0.25311958937891166,0.8168028207362287
PEP,disgust,text,-0.05897984832980148,-0.34603484244684524,0.2280751457872423,0.6805774479995332
PEP,anger,audio,0.15838235369297907,-0.12905184054246885,0.44581654792842695,0.27939079337637684
PEP,anger,text,-0.10573836852948046,-0.3929285929339824,0.18145185587502152,0.47063878070541626
PEP,sadness,audio,0.016243702383454905,-0.2707548284977574,0.3032422332646672,0.9141983685286039
PEP,sadness,text,-0.2346887431335645,-0.5226485135580139,0.05327102729088487,0.10787288075290628
PEP,fear,audio,0.00443839233412093,-0.2825558497602227,0.2914326344284645,0.9762367426566819
PEP,fear,text,-0.09235628109047372,-0.3794999682019746,0.19478740602102718,0.5286632424596339
SRE,happy,audio,-0.03080507371021775,-0.3199572225811329,0.25834707516069744,0.8339615113221007
SRE,happy,text,-0.005003422434944656,-0.2941385702294611,0.28413172535957176,0.9729309800237032
SRE,neutral,audio,-0.14771315955504116,-0.4372490767198352,0.14182275760975288,0.31537422157235306
SRE,neutral,text,0.12533432882028503,-0.16408927952521543,0.41475793716578546,0.3951110181304285
SRE,surprise,audio,0.12097920363704674,-0.16842468383028547,0.4103830911043789,0.41321913679814587
SRE,surprise,text,0.023670867903244738,-0.2654741296541587,0.31281586546064816,0.8719286569978429
SRE,disgust,audio,0.37391956279925626,0.08222338267094692,0.6656157429275655,0.011440557933985556
SRE,disgust,text,-0.12527029870869877,-0.41469361207179944,0.1641530146544019,0.3944110323825836
SRE,anger,audio,0.30254245174802974,0.01172830544397041,0.5933565980520891,0.039928057393674346
SRE,anger,text,0.09309681734192651,-0.1961973130676001,0.3823909477514531,0.5255669702855157
SRE,sadness,audio,-0.33451347116833235,-0.6257000066375309,-0.04332693569913382,0.024224068315823303
SRE,sadness,text,-0.029203225077394146,-0.31835360520754186,0.25994715505275356,0.8422057571342741
SRE,fear,audio,-0.20274372952534078,-0.4926338291979059,0.08714637014722434,0.16980344021619417
SRE,fear,text,-0.21614964290600103,-0.5061427920627991,0.07384350625079705,0.14450428443063892
MPC,happy,audio,0.06729713894782202,-0.23121954736720768,0.3658138252628517,0.6576742119651668
MPC,happy,text,-0.05166627625499969,-0.3501476672521997,0.2468151147422003,0.7346451226185278
MPC,neutral,audio,0.00048582027289620236,-0.29794489975757926,0.2989165403033716,0.9974315350641224
MPC,neutral,text,0.2981988755629909,-0.0019153236855318778,0.5983130748115137,0.05221324269416635
MPC,surprise,audio,0.15464014614699875,-0.14424423377096166,0.4535245260649592,0.3085353113291471
MPC,surprise,text,0.10621397820678223,-0.1924308427971856,0.4048587992107501,0.48640193548681293
MPC,disgust,audio,-0.027426409843726365,-0.32587140603333903,0.2710185863458863,0.8564974279374978
MPC,disgust,text,-0.22625291692082902,-0.525653925863703,0.07314809202204489,0.1372450139856416
MPC,anger,audio,-0.0947407422297847,-0.3933418186164898,0.20386033415692045,0.5321936749809167
MPC,anger,text,-0.10833389858756735,-0.40698734830746747,0.19031955113233273,0.47463450028821197
MPC,sadness,audio,0.011341649033740124,-0.2870915086569861,0.3097748067244664,0.9401506808041289
MPC,sadness,text,-0.03545824293251539,-0.33391282764538494,0.2629963417803542,0.8154109420445856
MPC,fear,audio,-0.1827401449883473,-0.4818041867882997,0.11632389681160515,0.2282862329249267
MPC,fear,text,-0.3203449898983205,-0.6207176877284308,-0.019972292068210218,0.03613521243864156
CVX,happy,audio,0.12163730791458131,-0.08466915343998814,0.32794376926915075,0.25333322175505424
CVX,happy,text,-0.011209343198699165,-0.2173309063637019,0.19491221996630353,0.9153310367780471
CVX,neutral,audio,-0.01755733250201032,-0.2236811982811298,0.18856653327710915,0.8657743781167291
CVX,neutral,text,0.037174016035148014,-0.16896338730249055,0.24331141937278655,0.7235455046394454
CVX,surprise,audio,0.13394865876425954,-0.07239744036971821,0.34029475789823727,0.19259888271235415
CVX,surprise,text,0.021296223977191487,-0.1848294735451011,0.2274219214994841,0.8388115864712483
CVX,disgust,audio,-0.13069177052972253,-0.3370270130255796,0.07564347196613455,0.22068228018322314
CVX,disgust,text,-0.16258120687928052,-0.3690342215527542,0.04387180779419317,0.12034497513745432
CVX,anger,audio,-0.07187667351317728,-0.27806178639268353,0.13430843936632894,0.4932278608921641
CVX,anger,text,-0.046342806276650224,-0.2524898643453353,0.1598042517920349,0.6591016769621596
CVX,sadness,audio,-0.1511770633080379,-0.3575850269054324,0.05523090028935662,0.14965501352111935
CVX,sadness,text,0.07141288361823304,-0.1347713915380555,0.2775971587745216,0.4983655934098191
CVX,fear,audio,-0.05306852353594098,-0.25922401125614203,0.15308696418426004,0.6087247556168579
CVX,fear,text,0.015657746663394444,-0.1904653235282695,0.2217808168550584,0.881895723996272
MSFT,happy,audio,-0.03871457332659951,-0.33107394113989946,0.25364479448670046,0.7932771934684263
MSFT,happy,text,0.029386735485896553,-0.262961135313208,0.3217346062850011,0.8479726167214973
MSFT,neutral,audio,0.21588333757904465,-0.07729125430686379,0.5090579294649531,0.14700202791440115
MSFT,neutral,text,-0.09863839702704168,-0.3911466896511705,0.19386989559708712,0.5113905588826743
MSFT,surprise,audio,0.107209983489309,-0.1853302247989395,0.3997501917775575,0.47997008964490917
MSFT,surprise,text,0.21727904087750927,-0.07590646205775065,0.5104645438127692,0.14981001784721928
MSFT,disgust,audio,-0.24259152026537648,-0.5359870280812968,0.05080398755054391,0.10224030889953602
MSFT,disgust,text,0.0036033741312372068,-0.2887291012354923,0.29593584949796664,0.9808488281209212
MSFT,anger,audio,0.19747178172352797,-0.0955654229382849,0.49050898638534085,0.1902406653012913
MSFT,anger,text,-0.1066994641509911,-0.3992376972206688,0.18583876891868664,0.47577725576644386
MSFT,sadness,audio,-0.2322322705805286,-0.5255390566509437,0.06107451548988646,0.12463899877167592
MSFT,sadness,text,-0.036943861073419015,-0.32930080424694097,0.25541308210010294,0.8030106723041149
MSFT,fear,audio,-0.24860429416271532,-0.5420530610697165,0.04484447274428585,0.10480711245416614
MSFT,fear,text,0.005304863816531533,-0.287027885897667,0.2976376135307301,0.9715950854066446
NKE,happy,audio,0.06308107016787795,-0.3341554079399724,0.4603175482757283,0.7662576829324084
NKE,happy,text,-0.09246659452116016,-0.4898163932455484,0.3048832042032281,0.6496030631576412
NKE,neutral,audio,-0.4040669007800226,-0.805233641493223,-0.002900160066822255,0.05104051210919171
NKE,neutral,text,0.2734005208800043,-0.12558684623929717,0.6723878879993058,0.18116688396076908
NKE,surprise,audio,0.33772372458553196,-0.06223288827461548,0.7376803374456794,0.11179128906538556
NKE,surprise,text,-0.018668063874930762,-0.4158145059224855,0.378478378172624,0.9286666699349713
NKE,disgust,audio,0.10725187260460108,-0.2901711171366624,0.5046748623458646,0.6044465145605482
NKE,disgust,text,-0.3600474377676174,-0.760387476575742,0.04029260104050725,0.08535907971194649
NKE,anger,audio,0.21729020238300373,-0.18101688915091296,0.6155972939169204,0.2927967131149256
NKE,anger,text,-0.22476557226971564,-0.6231543728658407,0.1736232283264095,0.27600774379382387
NKE,sadness,audio,-0.09567500892997063,-0.49303977060275084,0.3016897527428096,0.6465561801631561
NKE,sadness,text,0.005246566265692253,-0.3918919152629832,0.40238504779436773,0.9795776104187697
NKE,fear,audio,-0.007977380421148603,-0.4051167575905386,0.3891619967482414,0.9696367571562295
NKE,fear,text,-0.040715420408398026,-0.4378943320474941,0.35646349123069804,0.8421354193299367
TMO,happy,audio,0.029777823197670486,-0.29318444260283916,0.3527400889981801,0.8563244027355144
TMO,happy,text,-0.3441438569280213,-0.6694833125824498,-0.01880440127359284,0.036231361638611875
TMO,neutral,audio,0.03202837151473821,-0.2909367176145199,0.3549934606439963,0.8462478228536306
TMO,neutral,text,0.4112044054515042,0.08484590621445642,0.737562904688552,0.013089431475901416
TMO,surprise,audio,0.09513229199609016,-0.2279956287987245,0.41826021279090486,0.5625534844235434
TMO,surprise,text,0.16415495893189946,-0.15933583048249444,0.4876457483462934,0.3139861129711672
TMO,disgust,audio,-0.15215059225516298,-0.4755644277772871,0.17126324326696113,0.36118708398138394
TMO,disgust,text,-0.1891037851417632,-0.5127731229990973,0.13456555271557083,0.25677992030075886
TMO,anger,audio,-0.2868533649171194,-0.6114636065111891,0.03775687667695038,0.08236714016347843
TMO,anger,text,-0.07236314514662938,-0.3954136871325128,0.250687396839254,0.6576101276561683
TMO,sadness,audio,-0.015158838958329661,-0.3381077704664031,0.3077900925497438,0.9265418450770913
TMO,sadness,text,-0.21050411288256704,-0.5343466043543009,0.11333837858916684,0.2034268387573636
TMO,fear,audio,0.12781292655653054,-0.1954627721905145,0.4510886253035756,0.44327955480516795
TMO,fear,text,-0.21008342452436096,-0.5339223343699788,0.11375548532125684,0.20601547703901898
MS,happy,audio,0.170073606097426,-0.08470753632192302,0.424854748516775,0.18948516788591382
MS,happy,text,-0.015041758941463286,-0.2693611781842699,0.23927766030134331,0.9074638143280539
MS,neutral,audio,-0.14296063218079813,-0.3976053131748087,0.11168404881321242,0.27062468815833873
MS,neutral,text,0.07730379109851929,-0.17710819863668645,0.331715780833725,0.550291979711377
MS,surprise,audio,-0.2970587657467918,-0.5527916236582593,-0.04132590783532425,0.02227712569256557
MS,surprise,text,0.2481599237679005,-0.0071456294862739245,0.5034654770220749,0.055978294879512905
MS,disgust,audio,0.11942186930507288,-0.13512346337838327,0.373967201988529,0.3553312110667995
MS,disgust,text,-0.1566266261290153,-0.41133714346333927,0.0980838912053087,0.22824043174297182
MS,anger,audio,0.21266376084037786,-0.04237926712122836,0.4677067888019841,0.1019459636469965
MS,anger,text,-0.0489264562467967,-0.3032807774954611,0.20542786500186772,0.7064245326891303
MS,sadness,audio,-0.10808974637001856,-0.36259359540266883,0.14641410266263172,0.4049590687716942
MS,sadness,text,-0.09245784695662833,-0.3469112449908449,0.16199555107758823,0.4752231827015247
MS,fear,audio,0.38817022920444444,0.13143951588146252,0.6449009425274264,0.003063146507007804
MS,fear,text,-0.1917954590850467,-0.4467029195122466,0.06311200134215322,0.13836271670991093
TMUS,happy,audio,-0.14418369479772705,-0.5057324151130649,0.21736502551761075,0.43259204607935364
TMUS,happy,text,-0.21153166096853954,-0.5736357116028715,0.15057238966579245,0.24902432443429906
TMUS,neutral,audio,-0.02918342728811544,-0.3902693390944416,0.3319024845182107,0.8727452037876621
TMUS,neutral,text,0.08704219340815479,-0.274199886061808,0.44828427287811756,0.6351382847952438
TMUS,surprise,audio,-0.1506490880491403,-0.5122420266451337,0.21094385054685316,0.409871227605198
TMUS,surprise,text,-0.027724020033196493,-0.38880800271286686,0.33335996264647383,0.8793710832195101
TMUS,disgust,audio,0.046212174662633616,-0.31490355831916694,0.40732790764443416,0.8004151441937103
TMUS,disgust,text,0.15729782395834344,-0.20434260341609536,0.5189382513327823,0.3914536774218623
TMUS,anger,audio,-0.004625323543416587,-0.36569194902261887,0.35644130193578566,0.9798489793899712
TMUS,anger,text,0.3143535927371158,-0.04900077089356569,0.6777079563677972,0.08864118950148657
TMUS,sadness,audio,0.27381156436268717,-0.08899195577237251,0.6366150844977468,0.13610628798372315
TMUS,sadness,text,0.1478791133831391,-0.2136946439472097,0.5094528707134879,0.42193427692009294
TMUS,fear,audio,0.269057679403179,-0.09368617394560247,0.6318015327519604,0.14344643201324767
TMUS,fear,text,-0.2821838045717953,-0.645094922035091,0.08072731289150031,0.12554067091795248
EQR,happy,audio,0.18449050249926174,-0.10288607336523203,0.4718670783637555,0.20754655836909616
EQR,happy,text,0.03398311677365899,-0.2527940044096124,0.3207602379569304,0.815137914409632
EQR,neutral,audio,0.09083683747091194,-0.19606976234082057,0.3777434372826444,0.5331218633578683
EQR,neutral,text,0.07169719886426466,-0.21515264933824785,0.3585470470667772,0.6227944582293169
EQR,surprise,audio,0.11024817163380858,-0.17672962135483222,0.39722596462244936,0.45037260663490103
EQR,surprise,text,-0.14545837540309028,-0.43260031639993,0.14168356559374948,0.3182798644928657
EQR,disgust,audio,0.005705149325803133,-0.2810514895427384,0.29246178819434465,0.9688677871200478
EQR,disgust,text,-0.21856114445251598,-0.5061876964328281,0.06906540752779614,0.13452870165610734
EQR,anger,audio,-0.09018081521919002,-0.3770852488321229,0.19672361839374286,0.5373678546544491
EQR,anger,text,-0.17209952464181938,-0.45939562162439895,0.1151965723407602,0.23969163343651032
EQR,sadness,audio,-0.30834202445909753,-0.5968280549332358,-0.019855993984959297,0.03563010019053817
EQR,sadness,text,0.07661009712635938,-0.21025304439159617,0.3634732386443149,0.5989918737369445
EQR,fear,audio,-0.19847490169152437,-0.48594899358810195,0.0889991902050532,0.17451112806539826
EQR,fear,text,0.19949598590872916,-0.08798550385075152,0.4869774756682098,0.17174826410655553
HES,happy,audio,0.06296652624837824,-0.1992970121187827,0.32523006461553916,0.6416979663778272
HES,happy,text,-0.11006252897441747,-0.3724589515552251,0.15233389360639016,0.41154265411334273
HES,neutral,audio,0.07122805726842445,-0.1910535636985103,0.3335096782353592,0.5904206328691696
HES,neutral,text,0.27379686481972765,0.010377792798693886,0.5372159368407614,0.041907271592149097
HES,surprise,audio,0.11159348689672324,-0.15080846789236876,0.3739954416858152,0.3945753521718416
HES,surprise,text,0.24567410919274763,-0.017507614664166782,0.508855833049662,0.06672726070860745
HES,disgust,audio,-0.1522905019914536,-0.41486747447375344,0.11028647049084622,0.258745329820883
HES,disgust,text,-0.19961871533451175,-0.4624668868451763,0.06322945617615278,0.13532009151133068
HES,anger,audio,0.09144274067682581,-0.17089250716868423,0.3537779885223359,0.49623211748339957
HES,anger,text,-0.27107552432611426,-0.534470515677822,-0.007680532974406462,0.04204067978936025
HES,sadness,audio,-0.1921446773841242,-0.45494519133547273,0.07065583656722432,0.14916957529165828
HES,sadness,text,-0.11349033091717986,-0.37589924589955886,0.14891858406519914,0.40122496039306943
HES,fear,audio,-0.1990296845726193,-0.46187403449029296,0.0638146653450544,0.1345714591059757
HES,fear,text,-0.21877307703179374,-0.48175164218110655,0.04420548811751904,0.10546081567350549
AVGO,happy,audio,0.08829941394926279,-0.15738974815845092,0.33398857605697646,0.4817273820037338
AVGO,happy,text,0.4487496466556818,0.20007004408501688,0.6974292492263467,0.0003910212177499027
AVGO,neutral,audio,0.1214406401085985,-0.12435653235899032,0.3672378125761873,0.3317056704889824
AVGO,neutral,text,-0.06237442807681072,-0.30800287169261875,0.18325401553899728,0.6194210836019685
AVGO,surprise,audio,-0.1830263837490855,-0.42911468380844553,0.06306191631027452,0.14334459192018947
AVGO,surprise,text,0.09050398309934943,-0.15519130540335652,0.33619927160205537,0.46829512193835954
AVGO,disgust,audio,-0.02926171938185252,-0.27484298695593773,0.21631954819223267,0.8150278540434349
AVGO,disgust,text,-0.0461377028066981,-0.2917387547083713,0.19946334909497507,0.7118283249595164
AVGO,anger,audio,-0.2774500644971381,-0.5242121167452242,-0.030688012249052044,0.027149941858262177
AVGO,anger,text,-0.1183877269292794,-0.36417352456235397,0.1273980707037952,0.34376352445741926
AVGO,sadness,audio,0.10867989922851641,-0.13707164942225847,0.35443144787929126,0.38433300761097494
AVGO,sadness,text,-0.3717726984740795,-0.6194805450649589,-0.12406485188320013,0.003150968010737558
AVGO,fear,audio,0.2309475678961858,-0.015448366732201319,0.4773435025245729,0.06517814683402715
AVGO,fear,text,-0.23619880179757377,-0.4826327504827863,0.010235146887638796,0.059118433943299534
META,happy,audio,-0.017229684617120558,-0.25708659182040394,0.2226272225861628,0.8880476508186808
META,happy,text,-0.08685487607904036,-0.3268206361272514,0.15311088396917066,0.47489983883041054
META,neutral,audio,0.13531891704283505,-0.10480848520839406,0.37544631929406413,0.26859358596159955
META,neutral,text,0.18654426174726935,-0.05383044312417279,0.4269189666187115,0.12935688320546074
META,surprise,audio,-0.1093040251771397,-0.34933590580170254,0.1307278554474231,0.37293278813245057
META,surprise,text,0.153047550481587,-0.087156560848169,0.39325166181134297,0.2118124018370114
META,disgust,audio,-0.26444933735038495,-0.50535019292071,-0.023548481780059888,0.030932393323967636
META,disgust,text,0.09566311584335561,-0.14432678555302558,0.33565301723973684,0.4348063842468329
META,anger,audio,-0.19048019673368535,-0.4308771473224491,0.04991675385507838,0.12234973175861152
META,anger,text,-0.016503024311341954,-0.2563595632427163,0.2233535146200324,0.8926645994202848
META,sadness,audio,0.0953438619875131,-0.14464512375553948,0.3353328477305657,0.4360967472826991
META,sadness,text,-0.25408424579661326,-0.49490468915448604,-0.013263802438740507,0.03986493120532101
META,fear,audio,0.23304226085531757,-0.007624752137373125,0.47370927384800826,0.05929788548294757
META,fear,text,-0.2511386243873091,-0.491936797525952,-0.0103404512486662,0.041379960834656136
CHTR,happy,audio,-0.11042278587127069,-0.32931246199880915,0.1084668902562678,0.3094396157073246
CHTR,happy,text,-0.015876509601934038,-0.23460615514475655,0.20285313594088847,0.8858119733527774
CHTR,neutral,audio,0.23346886688562857,0.014013046645275251,0.4529246871259819,0.03571141214526581
CHTR,neutral,text,-0.01618957093744472,-0.23491935106371759,0.20254020918882815,0.8828298435639875
CHTR,surprise,audio,-0.187467424544867,-0.4066643513191258,0.031729502229391804,0.09059739997444242
CHTR,surprise,text,0.05018406601825835,-0.16857596167135208,0.2689440937078688,0.6508243408373181
CHTR,disgust,audio,-0.12712452588896592,-0.34606734647308096,0.09181829469514913,0.2487796052416991
CHTR,disgust,text,-0.10611635540262995,-0.3249935385775446,0.11276082777228469,0.3322046987823643
CHTR,anger,audio,-0.2613176628373327,-0.48095752605359116,-0.04167779962107426,0.019974863526102764
CHTR,anger,text,0.08408811909210455,-0.13473292312803264,0.3029091613122417,0.4387636545711579
CHTR,sadness,audio,0.19443212947504177,-0.024800377327944906,0.4136646362780284,0.07905725208908507
CHTR,sadness,text,0.15813112668896045,-0.060930124621552145,0.377192377999473,0.15104000037097304
CHTR,fear,audio,0.13442464888896188,-0.08454374292351075,0.3533930407014345,0.21957561136837994
CHTR,fear,text,-0.0751436852948681,-0.2939456405596386,0.14365826996990244,0.49282977976278486
VICI,happy,audio,0.3158063464797731,0.028673863593163484,0.6029388293663828,0.030846506790523615
VICI,happy,text,0.13934270250658795,-0.14633795017806092,0.4250233551912368,0.3395108243545412
VICI,neutral,audio,-0.10313959025582635,-0.388661111498783,0.1823819309871303,0.47842342016678985
VICI,neutral,text,0.043936804725421566,-0.24142678954510366,0.32930039899594676,0.7622254410365098
VICI,surprise,audio,0.06726675863632349,-0.21814389955701352,0.3526774168296605,0.6436259960590655
VICI,surprise,text,-0.1669738835377547,-0.45280787871126216,0.11886011163575275,0.25083945728777496
VICI,disgust,audio,-0.14506768951710228,-0.43077784794962326,0.14064246891541868,0.3190957389066219
VICI,disgust,text,-0.24671137350487612,-0.533142205299307,0.03971945828955478,0.09116020469305995
VICI,anger,audio,-0.06873600104476377,-0.3541502838219275,0.21667828173239992,0.6355761940103885
VICI,anger,text,-0.2118695182955545,-0.4980114108787743,0.07427237428766531,0.14672070435738205
VICI,sadness,audio,-0.052465002170389644,-0.3378435114121994,0.23291350707142017,0.7182839353344767
VICI,sadness,text,0.08178923866725499,-0.20366068222062364,0.36723915955513364,0.5737427428736614
VICI,fear,audio,-0.04636056352310163,-0.3317281283632907,0.2390070013170874,0.7499015832920743
VICI,fear,text,0.15932448634708365,-0.1264642969531148,0.44511326964728215,0.2744759579556783
LMT,happy,audio,0.07947034186810699,-0.16836661176672252,0.3273072955029365,0.5285756687449784
LMT,happy,text,-0.11771809561106131,-0.365670765262869,0.1302345740407464,0.35011430469113547
LMT,neutral,audio,0.14007978099995153,-0.10796130064737894,0.38812086264728196,0.2631269485529738
LMT,neutral,text,0.3427263978024068,0.09318958126267063,0.592263214342143,0.007033180074121665
LMT,surprise,audio,-0.08028130223041054,-0.3281202440223168,0.16755763956149572,0.5293774298099659
LMT,surprise,text,0.04709308770711509,-0.20068097169401156,0.29486714710824175,0.7105223402151488
LMT,disgust,audio,-0.18514326396913497,-0.43340897128382894,0.06312244334555897,0.14529526970949064
LMT,disgust,text,-0.1565212307462421,-0.40463707719888364,0.09159461570639943,0.21365266082174078
LMT,anger,audio,0.021285806829986847,-0.22646116277334763,0.26903277643332135,0.8648121629965665
LMT,anger,text,-0.13116397978069394,-0.3791679760663354,0.11684001650494752,0.30054313152436307
LMT,sadness,audio,-0.11782653828808423,-0.3657795997519945,0.13012652317582601,0.34722441197572956
LMT,sadness,text,-0.23933116193506482,-0.48794899902462907,0.009286675154499408,0.06009639356598544
LMT,fear,audio,0.003714916349449383,-0.2440253092558221,0.25145514195472085,0.9765117101432222
LMT,fear,text,-0.15275485932733007,-0.40085284895871687,0.0953431303040567,0.23062982402299748
STLD,happy,audio,-0.07243270260941757,-0.3581447439380459,0.21327933871921073,0.6187426521357134
STLD,happy,text,0.41122237565389036,0.12255648673059194,0.6998882645771888,0.004975834087307308
STLD,neutral,audio,0.12346162239122248,-0.1624314954001761,0.4093547401826211,0.3962607334036594
STLD,neutral,text,-0.1391068882250177,-0.42507438586887364,0.14686060941883822,0.33882902328284353
STLD,surprise,audio,-0.132931663209995,-0.4188687464311137,0.15300542001112372,0.3608783355558798
STLD,surprise,text,-0.3491067939705642,-0.6369244106916814,-0.06128917724944699,0.017168810597488232
STLD,disgust,audio,0.042023972937714975,-0.24362499463139575,0.3276729405068257,0.7727941526274577
STLD,disgust,text,-0.10556418123415647,-0.39138306244420334,0.18025469997589044,0.4689995980501636
STLD,anger,audio,-0.2913263290800499,-0.5784775528108019,-0.004175105349297936,0.04483491524411221
STLD,anger,text,-0.014021813358810462,-0.2996423354408079,0.271598708723187,0.9234752353322536
STLD,sadness,audio,0.18926342448476235,-0.0970020883681239,0.4755289373376486,0.19383931225415305
STLD,sadness,text,0.028794479192450824,-0.2568375075111487,0.31442646589605033,0.8432493960445534
STLD,fear,audio,0.1475556597544337,-0.13845568131444186,0.43356700082330923,0.30931703330353477
STLD,fear,text,0.1283537901293687,-0.1575616352656934,0.4142692155244308,0.3798335173252334
UBER,happy,audio,-0.028366494982237398,-0.25988935667591523,0.2031563667114404,0.8114463399301363
UBER,happy,text,0.27379099108561633,0.041208019497750825,0.5063739626734818,0.022552360885201177
UBER,neutral,audio,0.10714855407907127,-0.12452722759157024,0.33882433574971277,0.37429289191243253
UBER,neutral,text,-0.08863842308456488,-0.3202623070738747,0.14298546090474493,0.45623438033356994
UBER,surprise,audio,-0.28459544498393896,-0.5172644497769271,-0.0519264401909508,0.01985940247846575
UBER,surprise,text,-0.015889468064313926,-0.24740441781590877,0.2156254816872809,0.8952198831327256
UBER,disgust,audio,0.04181004988277858,-0.18972632899411102,0.2733464287596682,0.7246529145607618
UBER,disgust,text,-0.02671225045763869,-0.2582338066487176,0.20480930573344022,0.821319726326024
UBER,anger,audio,-0.05984379435937891,-0.29140643673035876,0.17171884801160092,0.616226043559002
UBER,anger,text,-0.08218972706270491,-0.3137978331429505,0.1494183790175407,0.4873397681852546
UBER,sadness,audio,0.07549586240117413,-0.1560971249248888,0.3070888497272371,0.5196939659756912
UBER,sadness,text,-0.15467935853678255,-0.3865332673902149,0.07717455031664977,0.1973131908408698
UBER,fear,audio,0.28449249514305375,0.05182432567214734,0.5171606646139602,0.019614305014583073
UBER,fear,text,-0.016512734246845285,-0.2480279733697258,0.2150025048760352,0.8900677841900826
IPG,happy,audio,0.18177334947677992,-0.5783458947144872,0.941892593668047,0.6220523871588732
IPG,happy,text,0.375151981376068,-0.3904992800866749,1.1408032428388108,0.32873505397922015
IPG,neutral,audio,0.045972017245835634,-0.7125511076182022,0.8044951421098735,0.9010590413525981
IPG,neutral,text,-1.4690804879296473,-2.331829828246316,-0.6063311476129785,0.000333954080796535
IPG,surprise,audio,-0.18488160679849758,-0.945059601725047,0.5752963881280517,0.6216394234477518
IPG,surprise,text,0.019044777134201267,-0.7393878970662701,0.7774774513346726,0.9587094440831218
IPG,disgust,audio,-0.26535759346699644,-1.0274011046965608,0.4966859177625678,0.46652176239690824
IPG,disgust,text,0.3221078053932679,-0.4416481625612385,1.0858637733477743,0.37313074753745795
IPG,anger,audio,-0.39432534142805203,-1.160731323741451,0.3720806408853469,0.30030428574749857
IPG,anger,text,0.4614532640095493,-0.3078843755908119,1.2307909036099105,0.19880419857066467
IPG,sadness,audio,0.18863428916472755,-0.5716159581581172,0.9488845364875723,0.6130385465259757
IPG,sadness,text,0.8816206400135214,0.08405709267747619,1.6791841873495665,0.02409173419546078
IPG,fear,audio,0.4466357280077336,-0.3220162366322286,1.2152876926476959,0.24386361442998475
IPG,fear,text,0.2659922860065347,-0.49606856711837266,1.028053139131442,0.4695721667608153
EMR,happy,audio,0.029101477391317458,-0.2853919683504528,0.3435949231330877,0.8552764184848886
EMR,happy,text,-0.4872171818899086,-0.8061245443426988,-0.16830981943711837,0.0031320384909849634
EMR,neutral,audio,-0.3441955805912708,-0.6608916728055867,-0.027499488376954928,0.03780852823608561
EMR,neutral,text,0.24353855307687797,-0.0720516260191065,0.5591287321728624,0.15136309824289493
EMR,surprise,audio,0.06465657835078868,-0.2498995050349911,0.3792126617365685,0.6898037859467293
EMR,surprise,text,0.5211937675344169,0.20165209619002367,0.8407354388788102,0.001219838790602674
EMR,disgust,audio,0.3003922367139669,-0.0157765186370748,0.6165609920650086,0.06114236219624041
EMR,disgust,text,0.09627587171389543,-0.21837580145190752,0.4109275448796984,0.5438690139922265
EMR,anger,audio,0.15045485385340246,-0.1644477944003137,0.4653575021071186,0.34257010432671664
EMR,anger,text,-0.05935944216871852,-0.37390318288463864,0.2551842985472016,0.7098017523540077
EMR,sadness,audio,0.03974728407383753,-0.2747599348202412,0.3542545029679163,0.8065903922998202
EMR,sadness,text,-0.24818641918204534,-0.5638193942307272,0.06744655586663659,0.12452438496011324
EMR,fear,audio,0.04625875073358072,-0.26825899140386117,0.3607764928710226,0.7764459938323397
EMR,fear,text,-0.10086928920041283,-0.41553797063102493,0.21379939223019928,0.5380524654939794
AZO,happy,audio,0.17900149812882613,-0.13265842393737662,0.4906614201950289,0.2613269101049722
AZO,happy,text,-0.10299275801851883,-0.41422764819232705,0.20824213215528942,0.5156685813807146
AZO,neutral,audio,0.03065872972057054,-0.28038426507343256,0.34170172451457365,0.8469738538849039
AZO,neutral,text,0.2114812539828002,-0.10042989206298192,0.5233924000285823,0.1832212386674505
AZO,surprise,audio,0.1599734714715174,-0.1515586090685526,0.4715055520115874,0.31421392640730095
AZO,surprise,text,0.19416708872613236,-0.11760495971259483,0.5059391371648596,0.2234183736788102
AZO,disgust,audio,0.14557059521069923,-0.16587423168569534,0.4570154221070938,0.3601974920719803
AZO,disgust,text,0.012208521574103171,-0.2988187688727658,0.3232358120209722,0.9388855751043163
AZO,anger,audio,0.0467716802723966,-0.26429608596743986,0.35783944651223304,0.7677298596151129
AZO,anger,text,-0.16464220291483475,-0.4762043267181969,0.14691992088852737,0.2992220862593036
AZO,sadness,audio,-0.3258581957101046,-0.6389838879236271,-0.012732503496582004,0.041206012450847866
AZO,sadness,text,-0.3094917159886696,-0.6224122474481104,0.0034288154707712293,0.05206013275981602
AZO,fear,audio,-0.2983985178565546,-0.6111859295013832,0.014388893788274015,0.06106575236988465
AZO,fear,text,-0.193950054107531,-0.5057204339231085,0.11782032570804654,0.22350727536670717
UNH,happy,audio,0.39788644269655726,0.149352008886065,0.6464208765070495,0.001668606490255151
UNH,happy,text,-0.06836896180990357,-0.3145220163297994,0.1777840927099923,0.5842199579822133
UNH,neutral,audio,-0.12109049287032056,-0.3673990683972206,0.1252180826565795,0.3334043003786004
UNH,neutral,text,0.08313274895436999,-0.16305513981997055,0.3293206377287105,0.5070710406638149
UNH,surprise,audio,0.1995419341716174,-0.0471578525236975,0.44624172086693226,0.11055213754741161
UNH,surprise,text,0.15784237842486137,-0.08862570652866861,0.4043104633783914,0.2078125634240516
UNH,disgust,audio,-0.14012786329926766,-0.386513829755616,0.10625810315708065,0.2627113088348748
UNH,disgust,text,-0.1841841364361141,-0.43079232443884546,0.06242405156661729,0.1427620417339453
UNH,anger,audio,-0.004881267501061233,-0.2509618810288969,0.2411993460267744,0.9689172472929081
UNH,anger,text,-0.19384783879938786,-0.44051281286447075,0.05281713526569501,0.1231924523324023
UNH,sadness,audio,-0.23888289245239688,-0.48585057298699763,0.008084788082203836,0.05766962527895497
UNH,sadness,text,0.02553548021905225,-0.22055492060086826,0.2716258810389728,0.8382629082006687
UNH,fear,audio,-0.14982122543960413,-0.3962509208254714,0.09660846994626318,0.23106087300766334
UNH,fear,text,-0.028129652903403506,-0.2742222225341436,0.21796291672733656,0.8224435598912748
LYV,happy,audio,0.11162696766541208,-0.26683304337114916,0.4900869787019733,0.5622949013883437
LYV,happy,text,-0.35656459996692125,-0.737772894570599,0.024643694636756475,0.06981389288955162
LYV,neutral,audio,0.11797923197782692,-0.26051585816308176,0.49647432211873554,0.543966922585364
LYV,neutral,text,0.33791232953197314,-0.042986522588233045,0.7188111816521794,0.08573416777567522
LYV,surprise,audio,-0.047108238049860154,-0.4253218398840541,0.3311053637843338,0.8069217180122998
LYV,surprise,text,0.2056368201826834,-0.17353989398813366,0.5848135343535005,0.2944938638582644
LYV,disgust,audio,-0.0887551647161327,-0.4671049256229804,0.289594596190715,0.6506222229728458
LYV,disgust,text,0.02249255085471345,-0.35567981378512403,0.40066491549455097,0.9068404051656166
LYV,anger,audio,0.045003390962537186,-0.33320554452499535,0.42321232645006973,0.8146583154962695
LYV,anger,text,-0.04032272162372938,-0.4185220445282003,0.3378766012807415,0.8343161192683437
LYV,sadness,audio,-0.2285694898841737,-0.6079851769825232,0.1508461972141758,0.24029579751775934
LYV,sadness,text,-0.2313592632590267,-0.6108057327969734,0.14808720627891994,0.23612784397037492
LYV,fear,audio,-0.07255442628136491,-0.4508413069646876,0.30573245440195773,0.7137705852534136
LYV,fear,text,-0.1570306651374735,-0.5357839535875049,0.22172262331255788,0.41578008571611674
EIX,happy,audio,-0.013778759839856543,-0.34159160668913296,0.31403408700941987,0.9343013560530867
EIX,happy,text,-0.14701494194034656,-0.4752773877927262,0.18124750391203312,0.37817410820354325
EIX,neutral,audio,-0.16707597886802816,-0.49547054150202635,0.16131858376597003,0.31711750619813067
EIX,neutral,text,-0.07123515022007328,-0.39915056042940195,0.2566802599892554,0.6690205195031665
EIX,surprise,audio,0.41320154511959056,0.08182649038761902,0.7445765998515621,0.014181904065108933
EIX,surprise,text,0.03270461214847025,-0.29512670920017525,0.36053593349711577,0.8443854202470742
EIX,disgust,audio,0.21411242961280896,-0.11465778679787353,0.5428826460234915,0.19996155264859852
EIX,disgust,text,0.23797714986295923,-0.09101890456597464,0.5669732042918931,0.15493797989030872
EIX,anger,audio,0.25753511574760796,-0.07166366560605614,0.5867338971012721,0.12366309605533786
EIX,anger,text,0.49663144001101667,0.1636831572539718,0.8295797227680615,0.003335147363003399
EIX,sadness,audio,-0.2968967119191961,-0.6265515509044397,0.03275812706604753,0.07653455425832222
EIX,sadness,text,-0.07329375589508466,-0.4012154123597317,0.2546279005695624,0.6602790721123621
EIX,fear,audio,-0.44768088142590445,-0.7796720163087709,-0.11568974654303804,0.007971848869189394
EIX,fear,text,-0.08666801488776324,-0.41463458144068854,0.24129855166516204,0.6030439453535412
MO,happy,audio,0.07979625471404704,-0.15720205353016192,0.31679456295825603,0.5070077136344809
MO,happy,text,0.0707358628118643,-0.166243018616475,0.3077147442402036,0.5539987913802499
MO,neutral,audio,0.05180527595379215,-0.18514055942562013,0.2887511113332044,0.6678728133302849
MO,neutral,text,0.20345020185070975,-0.034046444138108284,0.44094684783952776,0.08783757596451179
MO,surprise,audio,-0.16430655427187904,-0.4015985065104218,0.0729853979666637,0.17289745856697408
MO,surprise,text,0.07567607033249728,-0.1613131139012513,0.3126652545662459,0.5260012082143793
MO,disgust,audio,-0.04281444036826434,-0.27974815591453855,0.1941192751780099,0.7212147778613454
MO,disgust,text,-0.1557332274231257,-0.39298614423093625,0.08151968938468487,0.20430440943714742
MO,anger,audio,-0.07377812183184944,-0.3107632657004411,0.16320702203674226,0.546476529404897
MO,anger,text,-0.24452112053254474,-0.48227912775044723,-0.006763113314642244,0.04467646995854822
MO,sadness,audio,0.2535817615053146,0.015759686868114964,0.4914038361425142,0.033363657920251186
MO,sadness,text,-0.19976399896231642,-0.43723951834158326,0.037711520416950445,0.09716191889459577
MO,fear,audio,-0.07343481765385519,-0.3104192416467252,0.16354960633901483,0.5399314823271351
MO,fear,text,-0.13707832864628428,-0.37425351456876005,0.1000968572761915,0.25169501759239055
PARA,happy,audio,-0.1631259794522853,-0.4856167356688122,0.1593647767642416,0.32126731959913923
PARA,happy,text,-0.06809371728733658,-0.39014648268228386,0.25395904810761066,0.6775856056929581
PARA,neutral,audio,0.09329582989369062,-0.2288380543901269,0.4154297141775081,0.5753626393190854
PARA,neutral,text,0.13934473168808692,-0.18300271054362377,0.4616921739197976,0.392739479700937
PARA,surprise,audio,0.0353516822367997,-0.2866335173860661,0.35733688185966545,0.8265166551634345
PARA,surprise,text,-0.02250126274190816,-0.3444716300737821,0.2994691045899658,0.8902826710185392
PARA,disgust,audio,0.03203357475473507,-0.2899471640573179,0.35401431356678803,0.8504711995769493
PARA,disgust,text,-0.045856404431100624,-0.36785862281068515,0.2761458139484839,0.7786996542885939
PARA,anger,audio,0.04918552440799344,-0.27282300605799253,0.37119405487397944,0.7643405987739581
PARA,anger,text,0.07560230594987151,-0.24647197997130454,0.39767659187104754,0.6502724068669776
PARA,sadness,audio,-0.18049459861300168,-0.5031042155959026,0.14211501836989918,0.27228121636914115
PARA,sadness,text,-0.02256317734546066,-0.34453360034493524,0.29940724565401394,0.8919665388916106
PARA,fear,audio,0.04196756069908584,-0.2800278441746821,0.3639629655728538,0.798995878637364
PARA,fear,text,-0.1365191074866767,-0.45885101559392094,0.18581280062056751,0.40039720763847786
MAR,happy,audio,0.03192284824693146,-0.18407176191688593,0.24791745841074883,0.7698922831865126
MAR,happy,text,-0.14043329451785394,-0.35668166545554325,0.0758150764198354,0.2030130359790686
MAR,neutral,audio,-0.1728106463322577,-0.38919650288224306,0.04357521021772767,0.11639587102344087
MAR,neutral,text,0.28580277104723034,0.06871580285338294,0.5028897392410777,0.009857874393495432
MAR,surprise,audio,0.21470866823991294,-0.0018971066730675001,0.43131444315289336,0.053275789096837015
MAR,surprise,text,0.3803960397169674,0.16245948918962097,0.5983325902443138,0.0006503125055896216
MAR,disgust,audio,0.04289376161781187,-0.17311199176903094,0.2588995150046547,0.6971214548640332
MAR,disgust,text,-0.21419963791815327,-0.43080245709833975,0.002403181262033177,0.0526763423433265
MAR,anger,audio,0.20454993523240425,-0.011998171872726004,0.4210980423375345,0.06435703255824517
MAR,anger,text,-0.32865257713111296,-0.5460949099933488,-0.1112102442688771,0.0032832507952989874
MAR,sadness,audio,-0.07861934475660329,-0.2946840234738704,0.13744533396066383,0.4750582346304453
MAR,sadness,text,-0.36783902451677586,-0.5856491175563122,-0.15002893147723947,0.0009261744402346027
MAR,fear,audio,-0.2468657266856507,-0.46367235112700317,-0.030059102244298253,0.025834883147916366
MAR,fear,text,-0.17312936236085383,-0.38951671307548175,0.04325798835377406,0.11530032131878218
TXN,happy,audio,-0.2025307781417425,-0.5013820953834641,0.09632053909997909,0.16772149734766534
TXN,happy,text,-0.231429701750443,-0.5305054499942438,0.06764604649335779,0.13380254758713683
TXN,neutral,audio,0.0452754313480667,-0.25287742925712864,0.3434282919532621,0.7627601783350759
TXN,neutral,text,0.3865827909913425,0.08579661160292851,0.6873689703797565,0.012411456660483693
TXN,surprise,audio,-0.04488163871108165,-0.3430338622302468,0.2532705848080835,0.7702727967123576
TXN,surprise,text,0.2174809690323497,-0.0814827415449581,0.5164446796096576,0.14878507832269156
TXN,disgust,audio,0.14183771026716524,-0.15663919591161218,0.44031461644594266,0.35069345493428217
TXN,disgust,text,-0.22041640188843398,-0.5194031151502998,0.0785703113734319,0.15327902721298778
TXN,anger,audio,0.04660461394762937,-0.2515504381223136,0.34475966601757235,0.7613345821327577
TXN,anger,text,-0.4050556942674643,-0.7061018810678736,-0.104009507467055,0.009483711066453904
TXN,sadness,audio,-0.012085164602855487,-0.3102038603580814,0.28603353115237046,0.9352408408542257
TXN,sadness,text,-0.04163351268277828,-0.33978069353968526,0.25651366817412874,0.786529150262548
TXN,fear,audio,0.0928361956024534,-0.20543451334602073,0.39110690455092756,0.551183665944289
TXN,fear,text,-0.05940581189712941,-0.3575852145018292,0.23877359070757037,0.696824177150818
GM,happy,audio,0.14534556890522066,-0.072421008587426,0.3631121463978673,0.19147481618076226
GM,happy,text,-0.06779693944081379,-0.28533876788651513,0.14974488900488758,0.543346459765068
GM,neutral,audio,-0.14320040443642257,-0.3609585696534522,0.07455776078060708,0.197706118947595
GM,neutral,text,0.3575173380616746,0.1383055604558985,0.5767291156674508,0.0013853931095680113
GM,surprise,audio,0.12188895862496128,-0.09579241245403607,0.3395703297039586,0.2732042775955727
GM,surprise,text,0.09359195234359619,-0.12400650404824098,0.31119040873543335,0.4008155674798835
GM,disgust,audio,0.08444313217741581,-0.13313316993126473,0.30201943428609634,0.44380392919708345
GM,disgust,text,-0.1173589127630473,-0.3350255483434908,0.1003077228173962,0.2908893395651651
GM,anger,audio,0.06750515988827933,-0.15003613147879735,0.28504645125535605,0.5409301740382061
GM,anger,text,-0.20031847573726946,-0.4183431455722364,0.01770619409769747,0.07159574448091463
GM,sadness,audio,-0.09210577622028282,-0.30970047903343484,0.1254889265928692,0.4064203591824179
GM,sadness,text,-0.3596433973897651,-0.5788757589270155,-0.1404110358525147,0.0012257206381158282
GM,fear,audio,-0.13531259325892486,-0.353040899286202,0.0824157127683523,0.2220003538718896
GM,fear,text,-0.22028808215433657,-0.43842673683451217,-0.00214942747416097,0.04619493719629103
TTWO,happy,audio,-0.12715682813240078,-0.3286656673618762,0.07435201109707465,0.22272575316143578
TTWO,happy,text,-0.10212175344496939,-0.30356141244233664,0.09931790555239785,0.3100298809544106
TTWO,neutral,audio,-0.0503170083542764,-0.25166145093963654,0.15102743423108375,0.6269251689035932
TTWO,neutral,text,-0.041498009131538866,-0.24283268624816956,0.15983666798509183,0.6901581239293931
TTWO,surprise,audio,0.1315195868158924,-0.07000285114676733,0.33304202477855216,0.20432668165186496
TTWO,surprise,text,-0.01042630510637737,-0.21174152291333573,0.19088891270058098,0.9197136795320814
TTWO,disgust,audio,-0.02713127120928259,-0.22845405643160355,0.17419151401303834,0.7895373881500032
TTWO,disgust,text,-0.18753262716562222,-0.389270286223699,0.01420503189245459,0.05839265449795136
TTWO,anger,audio,0.05679910445837037,-0.14455371169929832,0.2581519206160391,0.5798074947450704
TTWO,anger,text,0.016381427323845232,-0.18493571606175305,0.2176985707094435,0.8729215040701979
TTWO,sadness,audio,0.06324990750145733,-0.13811224751429413,0.26461206251720876,0.5389124120486953
TTWO,sadness,text,0.28948389313424555,0.08716171386050248,0.4918060724079886,0.004708179045617234
TTWO,fear,audio,-0.07167185280318655,-0.27304771004005474,0.12970400443368163,0.48658581831327874
TTWO,fear,text,0.13668222137862834,-0.06485689984272669,0.3382213425999834,0.18421013867723385
ADBE,happy,audio,0.08141077690854231,-0.18217329758896822,0.34499485140605285,0.5426442877776028
ADBE,happy,text,-0.052599113041963096,-0.31611879699159073,0.21092057090766456,0.6941742899047378
ADBE,neutral,audio,-0.2780004086387484,-0.5427600536713478,-0.013240763606149009,0.03880174951550476
ADBE,neutral,text,0.14399513880084033,-0.11982406207752086,0.40781433967920155,0.2805725921405469
ADBE,surprise,audio,0.21502574645000447,-0.04921796901439593,0.4792694619144049,0.10766618266548993
ADBE,surprise,text,0.11682307367701425,-0.14687803140947028,0.38052417876349875,0.37918389659804
ADBE,disgust,audio,0.06083517418804536,-0.2027000916846482,0.3243704400607389,0.6490490656797437
ADBE,disgust,text,-0.13796549231795285,-0.40175636752008675,0.12582538288418105,0.3015746372423395
ADBE,anger,audio,0.06415788987472347,-0.1993843025595014,0.32770008230894837,0.6315212068932826
ADBE,anger,text,-0.08395808931023237,-0.3475491879621994,0.1796330093417347,0.5300058815185763
ADBE,sadness,audio,0.02790676255543188,-0.23557976347100165,0.2913932885818654,0.8348550994972584
ADBE,sadness,text,-0.012800248478199995,-0.27627651641321954,0.25067601945681955,0.924054568301961
ADBE,fear,audio,-0.03480184211155945,-0.298295580626117,0.22869189640299808,0.7933702326397354
ADBE,fear,text,-0.1600672974592342,-0.4239679025035855,0.10383330758511711,0.231643502315505
GD,happy,audio,0.049536609490249295,-0.13912251325764968,0.23819573223814827,0.606567699103237
GD,happy,text,-0.08744359446106455,-0.2761643927800322,0.10127720385790308,0.3629459105657489
GD,neutral,audio,-0.07750184979822632,-0.26620317253290005,0.1111994729364474,0.42047605850353625
GD,neutral,text,0.19830119540742755,0.009204579810715985,0.3873978110041391,0.03955063767700632
GD,surprise,audio,-0.001986374663129386,-0.1906163906226007,0.1866436412963419,0.9835477684202258
GD,surprise,text,0.018500698967060226,-0.17013333684594567,0.2071347347800661,0.8473198917185575
GD,disgust,audio,-0.025383983389345968,-0.21402160816888013,0.1632536413901882,0.7917390888089828
GD,disgust,text,-0.055240267137000816,-0.24390648922263722,0.1334259549486356,0.565664175965173
GD,anger,audio,0.030909415734712915,-0.15773190456933017,0.21955073603875602,0.7479404144409588
GD,anger,text,-0.22999295565385394,-0.4192503782872157,-0.04073553302049221,0.017240232867686136
GD,sadness,audio,0.06487275536614327,-0.12380721041525618,0.25355272114754274,0.5005021502938944
GD,sadness,text,-0.06175122872688672,-0.25042649937899764,0.12692404192522422,0.5204337676664781
GD,fear,audio,0.03325956417873668,-0.15538354783012562,0.22190267618759899,0.7299456122805165
GD,fear,text,-0.046892559422904566,-0.23554865324457797,0.14176353439876882,0.6256521506372209
GEV,happy,audio,0.10015434070991086,-0.6594761006548704,0.8597847820746922,0.7849759978428219
GEV,happy,text,-0.5973820715059607,-1.3754417560213061,0.18067761300938479,0.11815578453461954
GEV,neutral,audio,-0.8244492468012363,-1.6192798977744123,-0.029618595828060368,0.03511767647564852
GEV,neutral,text,0.4454334508276835,-0.3242614202549814,1.2151283219103484,0.2572531210001634
GEV,surprise,audio,0.5969738514309483,-0.1810602327013796,1.3750079355632763,0.14101975344655593
GEV,surprise,text,1.2469256251234284,0.40832126227141097,2.0855299879754456,0.0034661096752689577
GEV,disgust,audio,0.33980880472074243,-0.42547115722064116,1.105088766662126,0.37382376718458965
GEV,disgust,text,1.2434617326245472,0.4052777159995642,2.08164574924953,0.003473912615808477
GEV,anger,audio,0.6833554328956014,-0.10046435949526311,1.467175225286466,0.08778678338868522
GEV,anger,text,0.12353767013402793,-0.6363740248857614,0.8834493651538173,0.7469887173975305
GEV,sadness,audio,-0.48455826574889854,-1.2561819628996551,0.2870654314018581,0.21612639040020135
GEV,sadness,text,-1.3205134419569016,-2.168271768382806,-0.4727551155309968,0.0014663876054490847
GEV,fear,audio,-0.08412080443974096,-0.843592331403654,0.6753507225241719,0.8231314936160713
GEV,fear,text,-1.3858185852147062,-2.242051433868726,-0.5295857365606865,0.0020164268664365844
INTU,happy,audio,-0.08751176141426727,-0.27028610066596304,0.09526257783742849,0.35491999894992793
INTU,happy,text,-0.0616197549060623,-0.24435124062019392,0.1211117308080693,0.5193415365848905
INTU,neutral,audio,0.0475276382929908,-0.1351867743226965,0.2302420509086781,0.6123152974186078
INTU,neutral,text,0.1102115531607897,-0.07261258515911773,0.29303569148069714,0.24470870494294192
INTU,surprise,audio,-0.22553226723854672,-0.4087854362710303,-0.042279098206063126,0.018547654406306006
INTU,surprise,text,-0.01779793661958735,-0.20049078954817126,0.16489491630899658,0.8478503359608642
INTU,disgust,audio,0.1488998963633915,-0.03403541948499719,0.33183521221178014,0.11468506693830631
INTU,disgust,text,0.057289626807499806,-0.1254361437765989,0.2400153973915985,0.5380434604828177
INTU,anger,audio,0.07997922015444749,-0.10278111838264066,0.26273955869153565,0.3914813943436105
INTU,anger,text,-0.09715382520243174,-0.2799479220054929,0.0856402716006294,0.3051491367466142
INTU,sadness,audio,0.02338069982852426,-0.1593147052866516,0.2060761049437001,0.8052555168637311
INTU,sadness,text,-0.10667908474596091,-0.2894947232112324,0.07613655371931052,0.264277467286694
INTU,fear,audio,0.22122027549406004,0.037988428787197825,0.40445212220092225,0.019899508784207556
INTU,fear,text,0.03041386770834617,-0.15228573763256978,0.21311347304926212,0.7471518479328205
ICE,happy,audio,0.015144266676819194,-0.26413593239380806,0.2944244657474464,0.9158667951347228
ICE,happy,text,0.25858315667999826,-0.021872669096412334,0.5390389824564088,0.07300043388291552
ICE,neutral,audio,-0.10662159871000663,-0.38609865906063995,0.17285546164062665,0.4543203547793751
ICE,neutral,text,-0.0707176931886439,-0.35008224062786053,0.20864685425057272,0.6195754493046911
ICE,surprise,audio,-0.12251070061271026,-0.4020520747332722,0.15703067350785171,0.39591388212668716
ICE,surprise,text,-0.03195190710811598,-0.31124610062716235,0.2473422864109304,0.8231359666387695
ICE,disgust,audio,0.17098486912787345,-0.10880768506917118,0.4507774233249181,0.2288080049637143
ICE,disgust,text,0.004108554060038999,-0.27516788860945446,0.2833849967295325,0.9770286075762334
ICE,anger,audio,-0.0501846632836833,-0.3295053308803394,0.22913600431297276,0.723822347263094
ICE,anger,text,-0.1783108725035969,-0.4581485814719857,0.10152683646479194,0.20990769289552988
ICE,sadness,audio,0.12642236815703206,-0.1531362048176262,0.4059809411316903,0.3789884389059756
ICE,sadness,text,-0.11170549936113051,-0.39120216881501846,0.16779117009275746,0.43049466377207707
ICE,fear,audio,0.21163925480044235,-0.06842767478063486,0.4917061843815196,0.14115504083409483
ICE,fear,text,-0.02096669900410384,-0.30025061526639524,0.2583172172581875,0.8829238712431101
DTE,happy,audio,0.08043826140095647,-0.13406665902605208,0.29494318182796503,0.4668505877442553
DTE,happy,text,-0.23632488262909945,-0.451476196811156,-0.02117356844704288,0.029199399897407125
DTE,neutral,audio,-0.10565766583433762,-0.3202241063493736,0.10890877468069836,0.33603581995165677
DTE,neutral,text,0.15996477017812682,-0.05479064917790186,0.37472018953415553,0.14211335711954995
DTE,surprise,audio,0.017947709345740918,-0.1964765922156816,0.23237201090716342,0.8696098825551214
DTE,surprise,text,0.22933044886621493,0.014221710295876072,0.44443918743655375,0.03464048618286597
DTE,disgust,audio,-0.018482812289995786,-0.2329073695175808,0.1959417449375892,0.8652934662869701
DTE,disgust,text,-0.05127914188737732,-0.2657337034329304,0.16317541965817578,0.6370708356372109
DTE,anger,audio,0.12744745387666873,-0.08718554773217208,0.3420804554855095,0.23390120333329795
DTE,anger,text,0.06558804154241302,-0.14888844735121012,0.2800645304360362,0.5435649072315833
DTE,sadness,audio,-0.07483389023503167,-0.28932740187332273,0.13965962140325935,0.48999322642281107
DTE,sadness,text,-0.012675593533978652,-0.22709777766132866,0.20174659059337136,0.907760357777205
DTE,fear,audio,0.00918385220634609,-0.2052373308674935,0.2236050352801857,0.9319503920841172
DTE,fear,text,-0.19281340118972065,-0.40772051380313235,0.022093711423691043,0.07863530461838082
PH,happy,audio,-0.032337383788381274,-0.22849952894344286,0.1638247613666803,0.7493407881817761
PH,happy,text,-0.12249673254938312,-0.31882693268153295,0.07383346758276674,0.2229504735344318
PH,neutral,audio,-0.11382922170733976,-0.3101347716014281,0.08247632818674856,0.25529733406508254
PH,neutral,text,0.23631742523252228,0.03949638922972759,0.43313846123531696,0.018378125921531444
PH,surprise,audio,0.004792269804158312,-0.1913575573834098,0.2009420969917264,0.9619577389183318
PH,surprise,text,0.21333729238236424,0.01664032793611883,0.4100342568286096,0.03202662348535162
PH,disgust,audio,0.16777651173274924,-0.028711785724185562,0.36426480918968407,0.09055342914394149
PH,disgust,text,-0.14164891024351808,-0.33803997743740155,0.054742156950365384,0.15684195901019665
PH,anger,audio,-0.1725096580268859,-0.36901732020665245,0.023998004152880642,0.08656451238002771
PH,anger,text,-0.16104161295967098,-0.3575032814256882,0.035420055506346276,0.10610225987443225
PH,sadness,audio,0.10333491305165815,-0.09294320753460142,0.2996130336379177,0.3016778786086123
PH,sadness,text,-0.047294516899550484,-0.24347100635952607,0.14888197256042512,0.6372807194054189
PH,fear,audio,0.18279621836935533,-0.013755379725898631,0.3793478164646093,0.06674905836627175
PH,fear,text,-0.19832153901082866,-0.3949442453215581,-0.0016988327000992398,0.04857159642189664
BX,happy,audio,0.01582060618666158,-0.5135392407948844,0.5451804531682076,0.9529541874871587
BX,happy,text,0.3334779942355059,-0.19977596895463973,0.8667319574256516,0.21141713945736093
BX,neutral,audio,0.044424705606702385,-0.4849958393499068,0.5738452505633116,0.8678383042572232
BX,neutral,text,-0.14993101459018832,-0.6800732942735319,0.3802112650931553,0.5756070286868573
BX,surprise,audio,-0.1332204909636414,-0.6631963208622074,0.39675533893492454,0.6153969127329886
BX,surprise,text,-0.016212636216086183,-0.5455729255492496,0.5131476531170773,0.9511142884512783
BX,disgust,audio,-0.2713395351897303,-0.8032777117977378,0.26059864141827715,0.31448778865762367
BX,disgust,text,-0.27326694894350706,-0.8052419198174685,0.25870802193045433,0.3086336612036546
BX,anger,audio,0.24105697046509308,-0.2903370062843873,0.7724509472145735,0.37110868255776147
BX,anger,text,-0.3053865881655776,-0.8380126339374835,0.22723945760632824,0.25212236280477496
BX,sadness,audio,-0.05636278263275599,-0.585825703728826,0.4731001384633141,0.8321008238039818
BX,sadness,text,0.1503428771621399,-0.37980375237078035,0.6804895066950601,0.572011404104929
BX,fear,audio,0.026146135411238055,-0.5032289752370561,0.5555212460595321,0.9213963537902765
BX,fear,text,0.1008154202314046,-0.42889351042265295,0.6305243508854621,0.7043678025096947
CL,happy,audio,-0.06791191382512805,-0.30652987279984717,0.17070604514959103,0.5734213999786792
CL,happy,text,-0.0320652537591554,-0.27063008026358726,0.20649957274527644,0.7917730312247567
CL,neutral,audio,0.06912796592299078,-0.1694924634048055,0.30774839525078707,0.5772676360884182
CL,neutral,text,0.0920669764378094,-0.1466082596149714,0.3307422124905902,0.4531575065166325
CL,surprise,audio,-0.057458074973330275,-0.29605660500404024,0.1811404550573797,0.6473185512355838
CL,surprise,text,0.03155563408666749,-0.20700871168337664,0.2701199798567116,0.796556523263226
CL,disgust,audio,-0.013021150023429707,-0.2515732451160902,0.2255309450692308,0.9151991253873011
CL,disgust,text,0.04580586297978408,-0.19277482803940404,0.2843865539989722,0.7088725121922029
CL,anger,audio,-0.11197862117969133,-0.35071406291521906,0.12675682055583642,0.36222924470412016
CL,anger,text,-0.005554964222636643,-0.24410500277341812,0.2329950743281448,0.9638602479294371
CL,sadness,audio,0.15830390242224318,-0.08061698457589775,0.3972247894203841,0.1956454422691314
CL,sadness,text,-0.20489829818883867,-0.44406960330886525,0.03427300693118793,0.09408083625854359
CL,fear,audio,0.01595582464355149,-0.22259753138750255,0.25450918067460554,0.8977153831254556
CL,fear,text,-0.04829828815102169,-0.28688245659468947,0.19028588029264612,0.6949171046723243
C,happy,audio,-0.06362730913093356,-0.23719884866628527,0.10994423040441814,0.4710317262138448
C,happy,text,0.03875192315793581,-0.13479184881546474,0.2122956951313364,0.6602717953019518
C,neutral,audio,0.13423490004070146,-0.03948888522943372,0.30795868531083664,0.12962995698141314
C,neutral,text,0.21334143931939575,0.03931840743128773,0.3873644712075038,0.016121127953227916
C,surprise,audio,-0.043435521487492953,-0.21698349076720058,0.1301124477922147,0.623206998019684
C,surprise,text,0.053129871249102914,-0.1204283052562682,0.22668804775447404,0.5477781017634425
C,disgust,audio,-0.03205134333931296,-0.20558994206888925,0.1414872553902633,0.7173120819779506
C,disgust,text,-0.13267207234864173,-0.30639131383934676,0.0410471691420633,0.13307857987030342
C,anger,audio,-0.0026293020269560364,-0.1761567737680936,0.1708981697141815,0.9762887415904317
C,anger,text,-0.1711454528781575,-0.34499197607906246,0.0027010703227474675,0.05321702899698769
C,sadness,audio,-0.03035396768224631,-0.20389141135138555,0.1431834759868929,0.730632522458146
C,sadness,text,-0.07916309190012694,-0.2527588151613855,0.09443263136113161,0.3696036354278239
C,fear,audio,-0.041122906149366506,-0.2146687431538516,0.13242293085511858,0.6417413283175518
C,fear,text,-0.21934685838979193,-0.3933981440418205,-0.045295572737763384,0.013441995402672349
LYB,happy,audio,0.05584424442957088,-0.30042082781125684,0.4121093166703986,0.7547173106607059
LYB,happy,text,0.18575246197504572,-0.17118078171859277,0.5426857056686842,0.3043653951539683
LYB,neutral,audio,-0.1761527854925192,-0.5330121282335114,0.18070655724847304,0.3484168996289862
LYB,neutral,text,-0.15121591020506356,-0.5079015415052794,0.2054697210951523,0.4021994388174161
LYB,surprise,audio,-0.15036827745203243,-0.5070484678040433,0.2063119128999785,0.39863659886749375
LYB,surprise,text,-0.20300499731532687,-0.5600808669419294,0.15407087231127567,0.2571124302698045
LYB,disgust,audio,0.41403276895716834,0.054199132064959965,0.7738664058493767,0.027187203829074545
LYB,disgust,text,0.0486096093474882,-0.3076393594680395,0.4048585781630159,0.7807397066631616
LYB,anger,audio,-0.06519661656542097,-0.4214858104240226,0.29109257729318067,0.7190419840110209
LYB,anger,text,-0.03460352679171544,-0.3908276579464016,0.3216206043629707,0.844876459366685
LYB,sadness,audio,0.1634530289938317,-0.1933145502665599,0.5202206082542233,0.35647403233984537
LYB,sadness,text,-0.011509784707028353,-0.3677112197365194,0.3446916503224627,0.9490261669012849
LYB,fear,audio,0.14085620138329813,-0.21576502310036927,0.49747742586696553,0.44516528744781086
LYB,fear,text,0.23272141676952462,-0.12462963683716394,0.5900724703762132,0.1885144597670003
