timestamp, index, name, utilization.gpu [%], utilization.memory [%], memory.used [MiB], memory.total [MiB]
2026/02/25 15:52:01.647, 0, NVIDIA A10G, 2 %, 0 %, 0 MiB, 23028 MiB
2026/02/25 15:52:01.650, 1, NVIDIA A10G, 0 %, 0 %, 0 MiB, 23028 MiB
2026/02/25 15:52:01.653, 2, NVIDIA A10G, 2 %, 0 %, 0 MiB, 23028 MiB
2026/02/25 15:52:01.656, 3, NVIDIA A10G, 0 %, 0 %, 0 MiB, 23028 MiB
2026/02/25 15:52:02.659, 0, NVIDIA A10G, 0 %, 0 %, 3 MiB, 23028 MiB
2026/02/25 15:52:02.659, 1, NVIDIA A10G, 0 %, 0 %, 0 MiB, 23028 MiB
2026/02/25 15:52:02.659, 2, NVIDIA A10G, 0 %, 0 %, 0 MiB, 23028 MiB
2026/02/25 15:52:02.659, 3, NVIDIA A10G, 0 %, 0 %, 0 MiB, 23028 MiB
2026/02/25 15:52:03.659, 0, NVIDIA A10G, 0 %, 0 %, 3 MiB, 23028 MiB
2026/02/25 15:52:03.659, 1, NVIDIA A10G, 0 %, 0 %, 0 MiB, 23028 MiB
2026/02/25 15:52:03.659, 2, NVIDIA A10G, 0 %, 0 %, 0 MiB, 23028 MiB
2026/02/25 15:52:03.659, 3, NVIDIA A10G, 0 %, 0 %, 0 MiB, 23028 MiB
2026/02/25 15:52:04.660, 0, NVIDIA A10G, 0 %, 0 %, 3 MiB, 23028 MiB
2026/02/25 15:52:04.660, 1, NVIDIA A10G, 0 %, 0 %, 0 MiB, 23028 MiB
2026/02/25 15:52:04.660, 2, NVIDIA A10G, 0 %, 0 %, 0 MiB, 23028 MiB
2026/02/25 15:52:04.660, 3, NVIDIA A10G, 0 %, 0 %, 0 MiB, 23028 MiB
2026/02/25 15:52:05.660, 0, NVIDIA A10G, 0 %, 0 %, 3 MiB, 23028 MiB
2026/02/25 15:52:05.660, 1, NVIDIA A10G, 0 %, 0 %, 0 MiB, 23028 MiB
2026/02/25 15:52:05.660, 2, NVIDIA A10G, 0 %, 0 %, 0 MiB, 23028 MiB
2026/02/25 15:52:05.660, 3, NVIDIA A10G, 0 %, 0 %, 0 MiB, 23028 MiB
2026/02/25 15:52:06.660, 0, NVIDIA A10G, 0 %, 0 %, 3 MiB, 23028 MiB
2026/02/25 15:52:06.660, 1, NVIDIA A10G, 0 %, 0 %, 0 MiB, 23028 MiB
2026/02/25 15:52:06.660, 2, NVIDIA A10G, 0 %, 0 %, 0 MiB, 23028 MiB
2026/02/25 15:52:06.660, 3, NVIDIA A10G, 0 %, 0 %, 0 MiB, 23028 MiB
2026/02/25 15:52:07.660, 0, NVIDIA A10G, 0 %, 0 %, 3 MiB, 23028 MiB
2026/02/25 15:52:07.661, 1, NVIDIA A10G, 0 %, 0 %, 0 MiB, 23028 MiB
2026/02/25 15:52:07.661, 2, NVIDIA A10G, 0 %, 0 %, 0 MiB, 23028 MiB
2026/02/25 15:52:07.661, 3, NVIDIA A10G, 0 %, 0 %, 0 MiB, 23028 MiB
2026/02/25 15:52:08.661, 0, NVIDIA A10G, 0 %, 0 %, 3 MiB, 23028 MiB
2026/02/25 15:52:08.661, 1, NVIDIA A10G, 0 %, 0 %, 0 MiB, 23028 MiB
2026/02/25 15:52:08.661, 2, NVIDIA A10G, 0 %, 0 %, 0 MiB, 23028 MiB
2026/02/25 15:52:08.661, 3, NVIDIA A10G, 0 %, 0 %, 0 MiB, 23028 MiB
2026/02/25 15:52:09.661, 0, NVIDIA A10G, 0 %, 0 %, 3 MiB, 23028 MiB
2026/02/25 15:52:09.661, 1, NVIDIA A10G, 0 %, 0 %, 0 MiB, 23028 MiB
2026/02/25 15:52:09.661, 2, NVIDIA A10G, 0 %, 0 %, 0 MiB, 23028 MiB
2026/02/25 15:52:09.661, 3, NVIDIA A10G, 0 %, 0 %, 0 MiB, 23028 MiB
2026/02/25 15:52:10.661, 0, NVIDIA A10G, 0 %, 0 %, 3 MiB, 23028 MiB
2026/02/25 15:52:10.662, 1, NVIDIA A10G, 0 %, 0 %, 0 MiB, 23028 MiB
2026/02/25 15:52:10.662, 2, NVIDIA A10G, 0 %, 0 %, 0 MiB, 23028 MiB
2026/02/25 15:52:10.662, 3, NVIDIA A10G, 0 %, 0 %, 0 MiB, 23028 MiB
2026/02/25 15:52:11.662, 0, NVIDIA A10G, 0 %, 0 %, 3 MiB, 23028 MiB
2026/02/25 15:52:11.662, 1, NVIDIA A10G, 0 %, 0 %, 0 MiB, 23028 MiB
2026/02/25 15:52:11.662, 2, NVIDIA A10G, 0 %, 0 %, 0 MiB, 23028 MiB
2026/02/25 15:52:11.662, 3, NVIDIA A10G, 0 %, 0 %, 0 MiB, 23028 MiB
2026/02/25 15:52:12.662, 0, NVIDIA A10G, 0 %, 0 %, 3 MiB, 23028 MiB
2026/02/25 15:52:12.662, 1, NVIDIA A10G, 0 %, 0 %, 0 MiB, 23028 MiB
2026/02/25 15:52:12.662, 2, NVIDIA A10G, 0 %, 0 %, 0 MiB, 23028 MiB
2026/02/25 15:52:12.662, 3, NVIDIA A10G, 0 %, 0 %, 0 MiB, 23028 MiB
2026/02/25 15:52:13.662, 0, NVIDIA A10G, 0 %, 0 %, 3 MiB, 23028 MiB
2026/02/25 15:52:13.663, 1, NVIDIA A10G, 0 %, 0 %, 0 MiB, 23028 MiB
2026/02/25 15:52:13.663, 2, NVIDIA A10G, 0 %, 0 %, 0 MiB, 23028 MiB
2026/02/25 15:52:13.663, 3, NVIDIA A10G, 0 %, 0 %, 0 MiB, 23028 MiB
2026/02/25 15:52:14.663, 0, NVIDIA A10G, 0 %, 0 %, 3 MiB, 23028 MiB
2026/02/25 15:52:14.663, 1, NVIDIA A10G, 0 %, 0 %, 0 MiB, 23028 MiB
2026/02/25 15:52:14.663, 2, NVIDIA A10G, 0 %, 0 %, 0 MiB, 23028 MiB
2026/02/25 15:52:14.663, 3, NVIDIA A10G, 0 %, 0 %, 0 MiB, 23028 MiB
2026/02/25 15:52:15.663, 0, NVIDIA A10G, 0 %, 0 %, 3 MiB, 23028 MiB
2026/02/25 15:52:15.663, 1, NVIDIA A10G, 0 %, 0 %, 0 MiB, 23028 MiB
2026/02/25 15:52:15.663, 2, NVIDIA A10G, 0 %, 0 %, 0 MiB, 23028 MiB
2026/02/25 15:52:15.663, 3, NVIDIA A10G, 0 %, 0 %, 0 MiB, 23028 MiB
2026/02/25 15:52:16.664, 0, NVIDIA A10G, 0 %, 0 %, 18 MiB, 23028 MiB
2026/02/25 15:52:16.668, 1, NVIDIA A10G, 0 %, 0 %, 0 MiB, 23028 MiB
2026/02/25 15:52:16.668, 2, NVIDIA A10G, 0 %, 0 %, 0 MiB, 23028 MiB
2026/02/25 15:52:16.668, 3, NVIDIA A10G, 0 %, 0 %, 0 MiB, 23028 MiB
2026/02/25 15:52:17.668, 0, NVIDIA A10G, 0 %, 0 %, 399 MiB, 23028 MiB
2026/02/25 15:52:17.668, 1, NVIDIA A10G, 0 %, 0 %, 0 MiB, 23028 MiB
2026/02/25 15:52:17.668, 2, NVIDIA A10G, 0 %, 0 %, 0 MiB, 23028 MiB
2026/02/25 15:52:17.668, 3, NVIDIA A10G, 0 %, 0 %, 0 MiB, 23028 MiB
2026/02/25 15:52:18.669, 0, NVIDIA A10G, 0 %, 0 %, 503 MiB, 23028 MiB
2026/02/25 15:52:18.669, 1, NVIDIA A10G, 0 %, 0 %, 0 MiB, 23028 MiB
2026/02/25 15:52:18.669, 2, NVIDIA A10G, 0 %, 0 %, 0 MiB, 23028 MiB
2026/02/25 15:52:18.669, 3, NVIDIA A10G, 0 %, 0 %, 0 MiB, 23028 MiB
2026/02/25 15:52:19.669, 0, NVIDIA A10G, 0 %, 0 %, 503 MiB, 23028 MiB
2026/02/25 15:52:19.669, 1, NVIDIA A10G, 0 %, 0 %, 0 MiB, 23028 MiB
2026/02/25 15:52:19.669, 2, NVIDIA A10G, 0 %, 0 %, 0 MiB, 23028 MiB
2026/02/25 15:52:19.669, 3, NVIDIA A10G, 0 %, 0 %, 0 MiB, 23028 MiB
2026/02/25 15:52:20.669, 0, NVIDIA A10G, 0 %, 0 %, 503 MiB, 23028 MiB
2026/02/25 15:52:20.669, 1, NVIDIA A10G, 0 %, 0 %, 0 MiB, 23028 MiB
2026/02/25 15:52:20.669, 2, NVIDIA A10G, 0 %, 0 %, 0 MiB, 23028 MiB
2026/02/25 15:52:20.669, 3, NVIDIA A10G, 0 %, 0 %, 0 MiB, 23028 MiB
2026/02/25 15:52:21.669, 0, NVIDIA A10G, 0 %, 0 %, 503 MiB, 23028 MiB
2026/02/25 15:52:21.669, 1, NVIDIA A10G, 0 %, 0 %, 0 MiB, 23028 MiB
2026/02/25 15:52:21.669, 2, NVIDIA A10G, 0 %, 0 %, 0 MiB, 23028 MiB
2026/02/25 15:52:21.669, 3, NVIDIA A10G, 0 %, 0 %, 0 MiB, 23028 MiB
2026/02/25 15:52:22.670, 0, NVIDIA A10G, 0 %, 0 %, 503 MiB, 23028 MiB
2026/02/25 15:52:22.670, 1, NVIDIA A10G, 0 %, 0 %, 0 MiB, 23028 MiB
2026/02/25 15:52:22.670, 2, NVIDIA A10G, 0 %, 0 %, 0 MiB, 23028 MiB
2026/02/25 15:52:22.670, 3, NVIDIA A10G, 0 %, 0 %, 0 MiB, 23028 MiB
2026/02/25 15:52:23.670, 0, NVIDIA A10G, 0 %, 0 %, 503 MiB, 23028 MiB
2026/02/25 15:52:23.670, 1, NVIDIA A10G, 0 %, 0 %, 0 MiB, 23028 MiB
2026/02/25 15:52:23.670, 2, NVIDIA A10G, 0 %, 0 %, 0 MiB, 23028 MiB
2026/02/25 15:52:23.670, 3, NVIDIA A10G, 0 %, 0 %, 0 MiB, 23028 MiB
2026/02/25 15:52:24.670, 0, NVIDIA A10G, 0 %, 0 %, 1247 MiB, 23028 MiB
2026/02/25 15:52:24.670, 1, NVIDIA A10G, 0 %, 0 %, 0 MiB, 23028 MiB
2026/02/25 15:52:24.670, 2, NVIDIA A10G, 0 %, 0 %, 0 MiB, 23028 MiB
2026/02/25 15:52:24.670, 3, NVIDIA A10G, 0 %, 0 %, 0 MiB, 23028 MiB
2026/02/25 15:52:25.671, 0, NVIDIA A10G, 0 %, 0 %, 1247 MiB, 23028 MiB
2026/02/25 15:52:25.671, 1, NVIDIA A10G, 0 %, 0 %, 0 MiB, 23028 MiB
2026/02/25 15:52:25.671, 2, NVIDIA A10G, 0 %, 0 %, 0 MiB, 23028 MiB
2026/02/25 15:52:25.671, 3, NVIDIA A10G, 0 %, 0 %, 0 MiB, 23028 MiB
2026/02/25 15:52:26.671, 0, NVIDIA A10G, 0 %, 0 %, 1247 MiB, 23028 MiB
2026/02/25 15:52:26.671, 1, NVIDIA A10G, 0 %, 0 %, 0 MiB, 23028 MiB
2026/02/25 15:52:26.671, 2, NVIDIA A10G, 0 %, 0 %, 0 MiB, 23028 MiB
2026/02/25 15:52:26.671, 3, NVIDIA A10G, 0 %, 0 %, 0 MiB, 23028 MiB
2026/02/25 15:52:27.671, 0, NVIDIA A10G, 0 %, 0 %, 1247 MiB, 23028 MiB
2026/02/25 15:52:27.671, 1, NVIDIA A10G, 0 %, 0 %, 0 MiB, 23028 MiB
2026/02/25 15:52:27.672, 2, NVIDIA A10G, 0 %, 0 %, 0 MiB, 23028 MiB
2026/02/25 15:52:27.672, 3, NVIDIA A10G, 0 %, 0 %, 0 MiB, 23028 MiB
2026/02/25 15:52:28.672, 0, NVIDIA A10G, 0 %, 0 %, 1247 MiB, 23028 MiB
2026/02/25 15:52:28.672, 1, NVIDIA A10G, 0 %, 0 %, 0 MiB, 23028 MiB
2026/02/25 15:52:28.672, 2, NVIDIA A10G, 0 %, 0 %, 0 MiB, 23028 MiB
2026/02/25 15:52:28.672, 3, NVIDIA A10G, 0 %, 0 %, 0 MiB, 23028 MiB
2026/02/25 15:52:29.672, 0, NVIDIA A10G, 0 %, 0 %, 1247 MiB, 23028 MiB
2026/02/25 15:52:29.672, 1, NVIDIA A10G, 0 %, 0 %, 0 MiB, 23028 MiB
2026/02/25 15:52:29.672, 2, NVIDIA A10G, 0 %, 0 %, 0 MiB, 23028 MiB
2026/02/25 15:52:29.672, 3, NVIDIA A10G, 0 %, 0 %, 0 MiB, 23028 MiB
2026/02/25 15:52:30.672, 0, NVIDIA A10G, 0 %, 0 %, 1247 MiB, 23028 MiB
2026/02/25 15:52:30.673, 1, NVIDIA A10G, 0 %, 0 %, 0 MiB, 23028 MiB
2026/02/25 15:52:30.673, 2, NVIDIA A10G, 0 %, 0 %, 0 MiB, 23028 MiB
2026/02/25 15:52:30.673, 3, NVIDIA A10G, 0 %, 0 %, 0 MiB, 23028 MiB
2026/02/25 15:52:31.673, 0, NVIDIA A10G, 19 %, 6 %, 1247 MiB, 23028 MiB
2026/02/25 15:52:31.673, 1, NVIDIA A10G, 0 %, 0 %, 0 MiB, 23028 MiB
2026/02/25 15:52:31.673, 2, NVIDIA A10G, 0 %, 0 %, 0 MiB, 23028 MiB
2026/02/25 15:52:31.673, 3, NVIDIA A10G, 0 %, 0 %, 0 MiB, 23028 MiB
2026/02/25 15:52:32.673, 0, NVIDIA A10G, 21 %, 7 %, 1247 MiB, 23028 MiB
2026/02/25 15:52:32.673, 1, NVIDIA A10G, 0 %, 0 %, 0 MiB, 23028 MiB
2026/02/25 15:52:32.673, 2, NVIDIA A10G, 0 %, 0 %, 0 MiB, 23028 MiB
2026/02/25 15:52:32.673, 3, NVIDIA A10G, 0 %, 0 %, 0 MiB, 23028 MiB
2026/02/25 15:52:33.673, 0, NVIDIA A10G, 22 %, 7 %, 1247 MiB, 23028 MiB
2026/02/25 15:52:33.674, 1, NVIDIA A10G, 0 %, 0 %, 0 MiB, 23028 MiB
2026/02/25 15:52:33.674, 2, NVIDIA A10G, 0 %, 0 %, 0 MiB, 23028 MiB
2026/02/25 15:52:33.674, 3, NVIDIA A10G, 0 %, 0 %, 0 MiB, 23028 MiB
2026/02/25 15:52:34.674, 0, NVIDIA A10G, 22 %, 7 %, 1247 MiB, 23028 MiB
2026/02/25 15:52:34.678, 1, NVIDIA A10G, 0 %, 0 %, 0 MiB, 23028 MiB
2026/02/25 15:52:34.678, 2, NVIDIA A10G, 0 %, 0 %, 0 MiB, 23028 MiB
2026/02/25 15:52:34.678, 3, NVIDIA A10G, 0 %, 0 %, 0 MiB, 23028 MiB
2026/02/25 15:52:35.678, 0, NVIDIA A10G, 23 %, 8 %, 1247 MiB, 23028 MiB
2026/02/25 15:52:35.678, 1, NVIDIA A10G, 0 %, 0 %, 0 MiB, 23028 MiB
2026/02/25 15:52:35.678, 2, NVIDIA A10G, 0 %, 0 %, 0 MiB, 23028 MiB
2026/02/25 15:52:35.678, 3, NVIDIA A10G, 0 %, 0 %, 0 MiB, 23028 MiB
2026/02/25 15:52:36.678, 0, NVIDIA A10G, 16 %, 5 %, 1247 MiB, 23028 MiB
2026/02/25 15:52:36.678, 1, NVIDIA A10G, 0 %, 0 %, 0 MiB, 23028 MiB
2026/02/25 15:52:36.678, 2, NVIDIA A10G, 0 %, 0 %, 0 MiB, 23028 MiB
2026/02/25 15:52:36.678, 3, NVIDIA A10G, 0 %, 0 %, 0 MiB, 23028 MiB
2026/02/25 15:52:37.679, 0, NVIDIA A10G, 0 %, 0 %, 1247 MiB, 23028 MiB
2026/02/25 15:52:37.679, 1, NVIDIA A10G, 0 %, 0 %, 0 MiB, 23028 MiB
2026/02/25 15:52:37.679, 2, NVIDIA A10G, 0 %, 0 %, 0 MiB, 23028 MiB
2026/02/25 15:52:37.679, 3, NVIDIA A10G, 0 %, 0 %, 0 MiB, 23028 MiB
2026/02/25 15:52:38.679, 0, NVIDIA A10G, 0 %, 0 %, 1247 MiB, 23028 MiB
2026/02/25 15:52:38.679, 1, NVIDIA A10G, 0 %, 0 %, 0 MiB, 23028 MiB
2026/02/25 15:52:38.679, 2, NVIDIA A10G, 0 %, 0 %, 0 MiB, 23028 MiB
2026/02/25 15:52:38.679, 3, NVIDIA A10G, 0 %, 0 %, 0 MiB, 23028 MiB
2026/02/25 15:52:39.679, 0, NVIDIA A10G, 0 %, 0 %, 1247 MiB, 23028 MiB
2026/02/25 15:52:39.680, 1, NVIDIA A10G, 0 %, 0 %, 0 MiB, 23028 MiB
2026/02/25 15:52:39.680, 2, NVIDIA A10G, 0 %, 0 %, 0 MiB, 23028 MiB
2026/02/25 15:52:39.680, 3, NVIDIA A10G, 0 %, 0 %, 0 MiB, 23028 MiB
2026/02/25 15:52:40.680, 0, NVIDIA A10G, 0 %, 0 %, 1247 MiB, 23028 MiB
2026/02/25 15:52:40.680, 1, NVIDIA A10G, 0 %, 0 %, 0 MiB, 23028 MiB
2026/02/25 15:52:40.680, 2, NVIDIA A10G, 0 %, 0 %, 0 MiB, 23028 MiB
2026/02/25 15:52:40.680, 3, NVIDIA A10G, 0 %, 0 %, 0 MiB, 23028 MiB
2026/02/25 15:52:41.680, 0, NVIDIA A10G, 0 %, 0 %, 1247 MiB, 23028 MiB
2026/02/25 15:52:41.680, 1, NVIDIA A10G, 0 %, 0 %, 0 MiB, 23028 MiB
2026/02/25 15:52:41.680, 2, NVIDIA A10G, 0 %, 0 %, 0 MiB, 23028 MiB
2026/02/25 15:52:41.680, 3, NVIDIA A10G, 0 %, 0 %, 0 MiB, 23028 MiB
2026/02/25 15:52:42.680, 0, NVIDIA A10G, 0 %, 0 %, 1247 MiB, 23028 MiB
2026/02/25 15:52:42.681, 1, NVIDIA A10G, 0 %, 0 %, 0 MiB, 23028 MiB
2026/02/25 15:52:42.681, 2, NVIDIA A10G, 0 %, 0 %, 0 MiB, 23028 MiB
2026/02/25 15:52:42.817, 3, NVIDIA A10G, 0 %, 0 %, 0 MiB, 23028 MiB
2026/02/25 15:52:44.112, 0, NVIDIA A10G, 0 %, 0 %, 1659 MiB, 23028 MiB
2026/02/25 15:52:44.112, 1, NVIDIA A10G, 0 %, 0 %, 0 MiB, 23028 MiB
2026/02/25 15:52:44.112, 2, NVIDIA A10G, 0 %, 0 %, 0 MiB, 23028 MiB
2026/02/25 15:52:44.112, 3, NVIDIA A10G, 0 %, 0 %, 0 MiB, 23028 MiB
2026/02/25 15:52:45.112, 0, NVIDIA A10G, 23 %, 9 %, 1659 MiB, 23028 MiB
2026/02/25 15:52:45.112, 1, NVIDIA A10G, 0 %, 0 %, 0 MiB, 23028 MiB
2026/02/25 15:52:45.112, 2, NVIDIA A10G, 0 %, 0 %, 0 MiB, 23028 MiB
2026/02/25 15:52:45.113, 3, NVIDIA A10G, 0 %, 0 %, 0 MiB, 23028 MiB
2026/02/25 15:52:46.113, 0, NVIDIA A10G, 21 %, 7 %, 1659 MiB, 23028 MiB
2026/02/25 15:52:46.113, 1, NVIDIA A10G, 0 %, 0 %, 0 MiB, 23028 MiB
2026/02/25 15:52:46.113, 2, NVIDIA A10G, 0 %, 0 %, 0 MiB, 23028 MiB
2026/02/25 15:52:46.113, 3, NVIDIA A10G, 0 %, 0 %, 0 MiB, 23028 MiB
2026/02/25 15:52:47.113, 0, NVIDIA A10G, 21 %, 7 %, 1659 MiB, 23028 MiB
2026/02/25 15:52:47.113, 1, NVIDIA A10G, 0 %, 0 %, 0 MiB, 23028 MiB
2026/02/25 15:52:47.113, 2, NVIDIA A10G, 0 %, 0 %, 0 MiB, 23028 MiB
2026/02/25 15:52:47.113, 3, NVIDIA A10G, 0 %, 0 %, 0 MiB, 23028 MiB
2026/02/25 15:52:48.113, 0, NVIDIA A10G, 21 %, 7 %, 1659 MiB, 23028 MiB
2026/02/25 15:52:48.114, 1, NVIDIA A10G, 0 %, 0 %, 0 MiB, 23028 MiB
2026/02/25 15:52:48.114, 2, NVIDIA A10G, 0 %, 0 %, 0 MiB, 23028 MiB
2026/02/25 15:52:48.114, 3, NVIDIA A10G, 0 %, 0 %, 0 MiB, 23028 MiB
2026/02/25 15:52:49.114, 0, NVIDIA A10G, 22 %, 7 %, 1659 MiB, 23028 MiB
2026/02/25 15:52:49.114, 1, NVIDIA A10G, 0 %, 0 %, 0 MiB, 23028 MiB
2026/02/25 15:52:49.114, 2, NVIDIA A10G, 0 %, 0 %, 0 MiB, 23028 MiB
2026/02/25 15:52:49.114, 3, NVIDIA A10G, 0 %, 0 %, 0 MiB, 23028 MiB
2026/02/25 15:52:50.114, 0, NVIDIA A10G, 22 %, 7 %, 1659 MiB, 23028 MiB
2026/02/25 15:52:50.114, 1, NVIDIA A10G, 0 %, 0 %, 0 MiB, 23028 MiB
2026/02/25 15:52:50.114, 2, NVIDIA A10G, 0 %, 0 %, 0 MiB, 23028 MiB
2026/02/25 15:52:50.114, 3, NVIDIA A10G, 0 %, 0 %, 0 MiB, 23028 MiB
2026/02/25 15:52:51.114, 0, NVIDIA A10G, 22 %, 7 %, 1659 MiB, 23028 MiB
2026/02/25 15:52:51.115, 1, NVIDIA A10G, 0 %, 0 %, 0 MiB, 23028 MiB
2026/02/25 15:52:51.115, 2, NVIDIA A10G, 0 %, 0 %, 0 MiB, 23028 MiB
2026/02/25 15:52:51.115, 3, NVIDIA A10G, 0 %, 0 %, 0 MiB, 23028 MiB
2026/02/25 15:52:52.115, 0, NVIDIA A10G, 0 %, 0 %, 1659 MiB, 23028 MiB
2026/02/25 15:52:52.115, 1, NVIDIA A10G, 0 %, 0 %, 0 MiB, 23028 MiB
2026/02/25 15:52:52.115, 2, NVIDIA A10G, 0 %, 0 %, 0 MiB, 23028 MiB
2026/02/25 15:52:52.115, 3, NVIDIA A10G, 0 %, 0 %, 0 MiB, 23028 MiB
2026/02/25 15:52:53.115, 0, NVIDIA A10G, 0 %, 0 %, 1659 MiB, 23028 MiB
2026/02/25 15:52:53.115, 1, NVIDIA A10G, 0 %, 0 %, 0 MiB, 23028 MiB
2026/02/25 15:52:53.115, 2, NVIDIA A10G, 0 %, 0 %, 0 MiB, 23028 MiB
2026/02/25 15:52:53.115, 3, NVIDIA A10G, 0 %, 0 %, 0 MiB, 23028 MiB
2026/02/25 15:52:54.115, 0, NVIDIA A10G, 0 %, 0 %, 1659 MiB, 23028 MiB
2026/02/25 15:52:54.116, 1, NVIDIA A10G, 0 %, 0 %, 0 MiB, 23028 MiB
2026/02/25 15:52:54.116, 2, NVIDIA A10G, 0 %, 0 %, 0 MiB, 23028 MiB
2026/02/25 15:52:54.116, 3, NVIDIA A10G, 0 %, 0 %, 0 MiB, 23028 MiB
2026/02/25 15:52:55.116, 0, NVIDIA A10G, 0 %, 0 %, 1659 MiB, 23028 MiB
2026/02/25 15:52:55.116, 1, NVIDIA A10G, 0 %, 0 %, 0 MiB, 23028 MiB
2026/02/25 15:52:55.116, 2, NVIDIA A10G, 0 %, 0 %, 0 MiB, 23028 MiB
2026/02/25 15:52:55.116, 3, NVIDIA A10G, 0 %, 0 %, 0 MiB, 23028 MiB
2026/02/25 15:52:56.116, 0, NVIDIA A10G, 0 %, 0 %, 1659 MiB, 23028 MiB
2026/02/25 15:52:56.116, 1, NVIDIA A10G, 0 %, 0 %, 0 MiB, 23028 MiB
2026/02/25 15:52:56.116, 2, NVIDIA A10G, 0 %, 0 %, 0 MiB, 23028 MiB
2026/02/25 15:52:56.116, 3, NVIDIA A10G, 0 %, 0 %, 0 MiB, 23028 MiB
2026/02/25 15:52:57.117, 0, NVIDIA A10G, 0 %, 0 %, 1659 MiB, 23028 MiB
2026/02/25 15:52:57.117, 1, NVIDIA A10G, 0 %, 0 %, 0 MiB, 23028 MiB
2026/02/25 15:52:57.117, 2, NVIDIA A10G, 0 %, 0 %, 0 MiB, 23028 MiB
2026/02/25 15:52:57.117, 3, NVIDIA A10G, 0 %, 0 %, 0 MiB, 23028 MiB
2026/02/25 15:52:58.117, 0, NVIDIA A10G, 0 %, 0 %, 1659 MiB, 23028 MiB
2026/02/25 15:52:58.117, 1, NVIDIA A10G, 0 %, 0 %, 0 MiB, 23028 MiB
2026/02/25 15:52:58.117, 2, NVIDIA A10G, 0 %, 0 %, 0 MiB, 23028 MiB
2026/02/25 15:52:58.117, 3, NVIDIA A10G, 0 %, 0 %, 0 MiB, 23028 MiB
2026/02/25 15:52:59.117, 0, NVIDIA A10G, 0 %, 0 %, 1659 MiB, 23028 MiB
2026/02/25 15:52:59.117, 1, NVIDIA A10G, 0 %, 0 %, 0 MiB, 23028 MiB
2026/02/25 15:52:59.117, 2, NVIDIA A10G, 0 %, 0 %, 0 MiB, 23028 MiB
2026/02/25 15:52:59.117, 3, NVIDIA A10G, 0 %, 0 %, 0 MiB, 23028 MiB
2026/02/25 15:53:00.117, 0, NVIDIA A10G, 58 %, 38 %, 2043 MiB, 23028 MiB
2026/02/25 15:53:00.118, 1, NVIDIA A10G, 0 %, 0 %, 0 MiB, 23028 MiB
2026/02/25 15:53:00.118, 2, NVIDIA A10G, 0 %, 0 %, 0 MiB, 23028 MiB
2026/02/25 15:53:00.118, 3, NVIDIA A10G, 0 %, 0 %, 0 MiB, 23028 MiB
2026/02/25 15:53:01.118, 0, NVIDIA A10G, 24 %, 9 %, 2043 MiB, 23028 MiB
2026/02/25 15:53:01.118, 1, NVIDIA A10G, 0 %, 0 %, 0 MiB, 23028 MiB
2026/02/25 15:53:01.118, 2, NVIDIA A10G, 0 %, 0 %, 0 MiB, 23028 MiB
2026/02/25 15:53:01.118, 3, NVIDIA A10G, 0 %, 0 %, 0 MiB, 23028 MiB
2026/02/25 15:53:02.118, 0, NVIDIA A10G, 25 %, 9 %, 2043 MiB, 23028 MiB
2026/02/25 15:53:02.118, 1, NVIDIA A10G, 0 %, 0 %, 0 MiB, 23028 MiB
2026/02/25 15:53:02.118, 2, NVIDIA A10G, 0 %, 0 %, 0 MiB, 23028 MiB
2026/02/25 15:53:02.118, 3, NVIDIA A10G, 0 %, 0 %, 0 MiB, 23028 MiB
2026/02/25 15:53:03.118, 0, NVIDIA A10G, 21 %, 7 %, 2043 MiB, 23028 MiB
2026/02/25 15:53:03.119, 1, NVIDIA A10G, 0 %, 0 %, 0 MiB, 23028 MiB
2026/02/25 15:53:03.119, 2, NVIDIA A10G, 0 %, 0 %, 0 MiB, 23028 MiB
2026/02/25 15:53:03.119, 3, NVIDIA A10G, 0 %, 0 %, 0 MiB, 23028 MiB
2026/02/25 15:53:04.119, 0, NVIDIA A10G, 22 %, 7 %, 2043 MiB, 23028 MiB
2026/02/25 15:53:04.119, 1, NVIDIA A10G, 0 %, 0 %, 0 MiB, 23028 MiB
2026/02/25 15:53:04.119, 2, NVIDIA A10G, 0 %, 0 %, 0 MiB, 23028 MiB
2026/02/25 15:53:04.119, 3, NVIDIA A10G, 0 %, 0 %, 0 MiB, 23028 MiB
2026/02/25 15:53:05.119, 0, NVIDIA A10G, 22 %, 7 %, 2043 MiB, 23028 MiB
2026/02/25 15:53:05.121, 1, NVIDIA A10G, 0 %, 0 %, 0 MiB, 23028 MiB
2026/02/25 15:53:05.121, 2, NVIDIA A10G, 0 %, 0 %, 0 MiB, 23028 MiB
2026/02/25 15:53:05.121, 3, NVIDIA A10G, 0 %, 0 %, 0 MiB, 23028 MiB
2026/02/25 15:53:06.121, 0, NVIDIA A10G, 21 %, 7 %, 2043 MiB, 23028 MiB
2026/02/25 15:53:06.121, 1, NVIDIA A10G, 0 %, 0 %, 0 MiB, 23028 MiB
2026/02/25 15:53:06.121, 2, NVIDIA A10G, 0 %, 0 %, 0 MiB, 23028 MiB
2026/02/25 15:53:06.121, 3, NVIDIA A10G, 0 %, 0 %, 0 MiB, 23028 MiB
2026/02/25 15:53:07.121, 0, NVIDIA A10G, 21 %, 7 %, 2045 MiB, 23028 MiB
2026/02/25 15:53:07.121, 1, NVIDIA A10G, 0 %, 0 %, 0 MiB, 23028 MiB
2026/02/25 15:53:07.122, 2, NVIDIA A10G, 0 %, 0 %, 0 MiB, 23028 MiB
2026/02/25 15:53:07.122, 3, NVIDIA A10G, 0 %, 0 %, 0 MiB, 23028 MiB
2026/02/25 15:53:08.122, 0, NVIDIA A10G, 14 %, 4 %, 2045 MiB, 23028 MiB
2026/02/25 15:53:08.122, 1, NVIDIA A10G, 0 %, 0 %, 0 MiB, 23028 MiB
2026/02/25 15:53:08.122, 2, NVIDIA A10G, 0 %, 0 %, 0 MiB, 23028 MiB
2026/02/25 15:53:08.122, 3, NVIDIA A10G, 0 %, 0 %, 0 MiB, 23028 MiB
2026/02/25 15:53:09.122, 0, NVIDIA A10G, 0 %, 0 %, 2045 MiB, 23028 MiB
2026/02/25 15:53:09.122, 1, NVIDIA A10G, 0 %, 0 %, 0 MiB, 23028 MiB
2026/02/25 15:53:09.122, 2, NVIDIA A10G, 0 %, 0 %, 0 MiB, 23028 MiB
2026/02/25 15:53:09.122, 3, NVIDIA A10G, 0 %, 0 %, 0 MiB, 23028 MiB
2026/02/25 15:53:10.123, 0, NVIDIA A10G, 0 %, 0 %, 2045 MiB, 23028 MiB
2026/02/25 15:53:10.123, 1, NVIDIA A10G, 0 %, 0 %, 0 MiB, 23028 MiB
2026/02/25 15:53:10.123, 2, NVIDIA A10G, 0 %, 0 %, 0 MiB, 23028 MiB
2026/02/25 15:53:10.123, 3, NVIDIA A10G, 0 %, 0 %, 0 MiB, 23028 MiB
2026/02/25 15:53:11.123, 0, NVIDIA A10G, 0 %, 0 %, 2045 MiB, 23028 MiB
2026/02/25 15:53:11.123, 1, NVIDIA A10G, 0 %, 0 %, 0 MiB, 23028 MiB
2026/02/25 15:53:11.123, 2, NVIDIA A10G, 0 %, 0 %, 0 MiB, 23028 MiB
2026/02/25 15:53:11.123, 3, NVIDIA A10G, 0 %, 0 %, 0 MiB, 23028 MiB
2026/02/25 15:53:12.123, 0, NVIDIA A10G, 0 %, 0 %, 2045 MiB, 23028 MiB
2026/02/25 15:53:12.123, 1, NVIDIA A10G, 0 %, 0 %, 0 MiB, 23028 MiB
2026/02/25 15:53:12.124, 2, NVIDIA A10G, 0 %, 0 %, 0 MiB, 23028 MiB
2026/02/25 15:53:12.124, 3, NVIDIA A10G, 0 %, 0 %, 0 MiB, 23028 MiB
2026/02/25 15:53:13.124, 0, NVIDIA A10G, 0 %, 0 %, 2045 MiB, 23028 MiB
2026/02/25 15:53:13.124, 1, NVIDIA A10G, 0 %, 0 %, 0 MiB, 23028 MiB
2026/02/25 15:53:13.124, 2, NVIDIA A10G, 0 %, 0 %, 0 MiB, 23028 MiB
2026/02/25 15:53:13.124, 3, NVIDIA A10G, 0 %, 0 %, 0 MiB, 23028 MiB
2026/02/25 15:53:14.124, 0, NVIDIA A10G, 96 %, 65 %, 2045 MiB, 23028 MiB
2026/02/25 15:53:14.124, 1, NVIDIA A10G, 0 %, 0 %, 0 MiB, 23028 MiB
2026/02/25 15:53:14.124, 2, NVIDIA A10G, 0 %, 0 %, 0 MiB, 23028 MiB
2026/02/25 15:53:14.124, 3, NVIDIA A10G, 0 %, 0 %, 0 MiB, 23028 MiB
2026/02/25 15:53:15.125, 0, NVIDIA A10G, 23 %, 8 %, 2045 MiB, 23028 MiB
2026/02/25 15:53:15.125, 1, NVIDIA A10G, 0 %, 0 %, 0 MiB, 23028 MiB
2026/02/25 15:53:15.125, 2, NVIDIA A10G, 0 %, 0 %, 0 MiB, 23028 MiB
2026/02/25 15:53:15.125, 3, NVIDIA A10G, 0 %, 0 %, 0 MiB, 23028 MiB
2026/02/25 15:53:16.125, 0, NVIDIA A10G, 22 %, 7 %, 2045 MiB, 23028 MiB
2026/02/25 15:53:16.125, 1, NVIDIA A10G, 0 %, 0 %, 0 MiB, 23028 MiB
2026/02/25 15:53:16.125, 2, NVIDIA A10G, 0 %, 0 %, 0 MiB, 23028 MiB
2026/02/25 15:53:16.125, 3, NVIDIA A10G, 0 %, 0 %, 0 MiB, 23028 MiB
2026/02/25 15:53:17.126, 0, NVIDIA A10G, 24 %, 9 %, 2045 MiB, 23028 MiB
2026/02/25 15:53:17.126, 1, NVIDIA A10G, 0 %, 0 %, 0 MiB, 23028 MiB
2026/02/25 15:53:17.126, 2, NVIDIA A10G, 0 %, 0 %, 0 MiB, 23028 MiB
2026/02/25 15:53:17.126, 3, NVIDIA A10G, 0 %, 0 %, 0 MiB, 23028 MiB
2026/02/25 15:53:18.126, 0, NVIDIA A10G, 23 %, 8 %, 2045 MiB, 23028 MiB
2026/02/25 15:53:18.126, 1, NVIDIA A10G, 0 %, 0 %, 0 MiB, 23028 MiB
2026/02/25 15:53:18.126, 2, NVIDIA A10G, 0 %, 0 %, 0 MiB, 23028 MiB
2026/02/25 15:53:18.126, 3, NVIDIA A10G, 0 %, 0 %, 0 MiB, 23028 MiB
2026/02/25 15:53:19.126, 0, NVIDIA A10G, 24 %, 9 %, 2045 MiB, 23028 MiB
2026/02/25 15:53:19.126, 1, NVIDIA A10G, 0 %, 0 %, 0 MiB, 23028 MiB
2026/02/25 15:53:19.126, 2, NVIDIA A10G, 0 %, 0 %, 0 MiB, 23028 MiB
2026/02/25 15:53:19.126, 3, NVIDIA A10G, 0 %, 0 %, 0 MiB, 23028 MiB
2026/02/25 15:53:20.126, 0, NVIDIA A10G, 23 %, 8 %, 2045 MiB, 23028 MiB
2026/02/25 15:53:20.127, 1, NVIDIA A10G, 0 %, 0 %, 0 MiB, 23028 MiB
2026/02/25 15:53:20.127, 2, NVIDIA A10G, 0 %, 0 %, 0 MiB, 23028 MiB
2026/02/25 15:53:20.127, 3, NVIDIA A10G, 0 %, 0 %, 0 MiB, 23028 MiB
2026/02/25 15:53:21.127, 0, NVIDIA A10G, 0 %, 0 %, 2045 MiB, 23028 MiB
2026/02/25 15:53:21.127, 1, NVIDIA A10G, 0 %, 0 %, 0 MiB, 23028 MiB
2026/02/25 15:53:21.127, 2, NVIDIA A10G, 0 %, 0 %, 0 MiB, 23028 MiB
2026/02/25 15:53:21.127, 3, NVIDIA A10G, 0 %, 0 %, 0 MiB, 23028 MiB
2026/02/25 15:53:22.127, 0, NVIDIA A10G, 0 %, 0 %, 2045 MiB, 23028 MiB
2026/02/25 15:53:22.127, 1, NVIDIA A10G, 0 %, 0 %, 0 MiB, 23028 MiB
2026/02/25 15:53:22.127, 2, NVIDIA A10G, 0 %, 0 %, 0 MiB, 23028 MiB
2026/02/25 15:53:22.127, 3, NVIDIA A10G, 0 %, 0 %, 0 MiB, 23028 MiB
2026/02/25 15:53:23.127, 0, NVIDIA A10G, 0 %, 0 %, 2045 MiB, 23028 MiB
2026/02/25 15:53:23.127, 1, NVIDIA A10G, 0 %, 0 %, 0 MiB, 23028 MiB
2026/02/25 15:53:23.127, 2, NVIDIA A10G, 0 %, 0 %, 0 MiB, 23028 MiB
2026/02/25 15:53:23.127, 3, NVIDIA A10G, 0 %, 0 %, 0 MiB, 23028 MiB
2026/02/25 15:53:24.128, 0, NVIDIA A10G, 0 %, 0 %, 2045 MiB, 23028 MiB
2026/02/25 15:53:24.128, 1, NVIDIA A10G, 0 %, 0 %, 0 MiB, 23028 MiB
2026/02/25 15:53:24.128, 2, NVIDIA A10G, 0 %, 0 %, 0 MiB, 23028 MiB
2026/02/25 15:53:24.128, 3, NVIDIA A10G, 0 %, 0 %, 0 MiB, 23028 MiB
2026/02/25 15:53:25.128, 0, NVIDIA A10G, 0 %, 0 %, 2045 MiB, 23028 MiB
2026/02/25 15:53:25.128, 1, NVIDIA A10G, 0 %, 0 %, 0 MiB, 23028 MiB
2026/02/25 15:53:25.128, 2, NVIDIA A10G, 0 %, 0 %, 0 MiB, 23028 MiB
2026/02/25 15:53:25.128, 3, NVIDIA A10G, 0 %, 0 %, 0 MiB, 23028 MiB
2026/02/25 15:53:26.128, 0, NVIDIA A10G, 0 %, 0 %, 2045 MiB, 23028 MiB
2026/02/25 15:53:26.128, 1, NVIDIA A10G, 0 %, 0 %, 0 MiB, 23028 MiB
2026/02/25 15:53:26.128, 2, NVIDIA A10G, 0 %, 0 %, 0 MiB, 23028 MiB
2026/02/25 15:53:26.128, 3, NVIDIA A10G, 0 %, 0 %, 0 MiB, 23028 MiB
2026/02/25 15:53:27.129, 0, NVIDIA A10G, 0 %, 0 %, 2045 MiB, 23028 MiB
2026/02/25 15:53:27.129, 1, NVIDIA A10G, 0 %, 0 %, 0 MiB, 23028 MiB
2026/02/25 15:53:27.129, 2, NVIDIA A10G, 0 %, 0 %, 0 MiB, 23028 MiB
2026/02/25 15:53:27.129, 3, NVIDIA A10G, 0 %, 0 %, 0 MiB, 23028 MiB
2026/02/25 15:53:28.129, 0, NVIDIA A10G, 0 %, 0 %, 2045 MiB, 23028 MiB
2026/02/25 15:53:28.129, 1, NVIDIA A10G, 0 %, 0 %, 0 MiB, 23028 MiB
2026/02/25 15:53:28.129, 2, NVIDIA A10G, 0 %, 0 %, 0 MiB, 23028 MiB
2026/02/25 15:53:28.129, 3, NVIDIA A10G, 0 %, 0 %, 0 MiB, 23028 MiB
2026/02/25 15:53:29.129, 0, NVIDIA A10G, 0 %, 0 %, 2045 MiB, 23028 MiB
2026/02/25 15:53:29.129, 1, NVIDIA A10G, 0 %, 0 %, 0 MiB, 23028 MiB
2026/02/25 15:53:29.129, 2, NVIDIA A10G, 0 %, 0 %, 0 MiB, 23028 MiB
2026/02/25 15:53:29.129, 3, NVIDIA A10G, 0 %, 0 %, 0 MiB, 23028 MiB
2026/02/25 15:53:30.129, 0, NVIDIA A10G, 18 %, 6 %, 2045 MiB, 23028 MiB
2026/02/25 15:53:30.129, 1, NVIDIA A10G, 0 %, 0 %, 0 MiB, 23028 MiB
2026/02/25 15:53:30.129, 2, NVIDIA A10G, 0 %, 0 %, 0 MiB, 23028 MiB
2026/02/25 15:53:30.130, 3, NVIDIA A10G, 0 %, 0 %, 0 MiB, 23028 MiB
2026/02/25 15:53:31.130, 0, NVIDIA A10G, 22 %, 8 %, 2045 MiB, 23028 MiB
2026/02/25 15:53:31.130, 1, NVIDIA A10G, 0 %, 0 %, 0 MiB, 23028 MiB
2026/02/25 15:53:31.130, 2, NVIDIA A10G, 0 %, 0 %, 0 MiB, 23028 MiB
2026/02/25 15:53:31.130, 3, NVIDIA A10G, 0 %, 0 %, 0 MiB, 23028 MiB
2026/02/25 15:53:32.130, 0, NVIDIA A10G, 23 %, 8 %, 2045 MiB, 23028 MiB
2026/02/25 15:53:32.130, 1, NVIDIA A10G, 0 %, 0 %, 0 MiB, 23028 MiB
2026/02/25 15:53:32.130, 2, NVIDIA A10G, 0 %, 0 %, 0 MiB, 23028 MiB
2026/02/25 15:53:32.130, 3, NVIDIA A10G, 0 %, 0 %, 0 MiB, 23028 MiB
2026/02/25 15:53:33.130, 0, NVIDIA A10G, 22 %, 7 %, 2045 MiB, 23028 MiB
2026/02/25 15:53:33.130, 1, NVIDIA A10G, 0 %, 0 %, 0 MiB, 23028 MiB
2026/02/25 15:53:33.130, 2, NVIDIA A10G, 0 %, 0 %, 0 MiB, 23028 MiB
2026/02/25 15:53:33.131, 3, NVIDIA A10G, 0 %, 0 %, 0 MiB, 23028 MiB
2026/02/25 15:53:34.131, 0, NVIDIA A10G, 23 %, 8 %, 2045 MiB, 23028 MiB
2026/02/25 15:53:34.131, 1, NVIDIA A10G, 0 %, 0 %, 0 MiB, 23028 MiB
2026/02/25 15:53:34.131, 2, NVIDIA A10G, 0 %, 0 %, 0 MiB, 23028 MiB
2026/02/25 15:53:34.131, 3, NVIDIA A10G, 0 %, 0 %, 0 MiB, 23028 MiB
2026/02/25 15:53:35.131, 0, NVIDIA A10G, 23 %, 8 %, 2045 MiB, 23028 MiB
2026/02/25 15:53:35.131, 1, NVIDIA A10G, 0 %, 0 %, 0 MiB, 23028 MiB
2026/02/25 15:53:35.131, 2, NVIDIA A10G, 0 %, 0 %, 0 MiB, 23028 MiB
2026/02/25 15:53:35.131, 3, NVIDIA A10G, 0 %, 0 %, 0 MiB, 23028 MiB
2026/02/25 15:53:36.131, 0, NVIDIA A10G, 23 %, 8 %, 2045 MiB, 23028 MiB
2026/02/25 15:53:36.132, 1, NVIDIA A10G, 0 %, 0 %, 0 MiB, 23028 MiB
2026/02/25 15:53:36.132, 2, NVIDIA A10G, 0 %, 0 %, 0 MiB, 23028 MiB
2026/02/25 15:53:36.132, 3, NVIDIA A10G, 0 %, 0 %, 0 MiB, 23028 MiB
2026/02/25 15:53:37.132, 0, NVIDIA A10G, 23 %, 8 %, 2045 MiB, 23028 MiB
2026/02/25 15:53:37.132, 1, NVIDIA A10G, 0 %, 0 %, 0 MiB, 23028 MiB
2026/02/25 15:53:37.132, 2, NVIDIA A10G, 0 %, 0 %, 0 MiB, 23028 MiB
2026/02/25 15:53:37.132, 3, NVIDIA A10G, 0 %, 0 %, 0 MiB, 23028 MiB
2026/02/25 15:53:38.132, 0, NVIDIA A10G, 22 %, 8 %, 2045 MiB, 23028 MiB
2026/02/25 15:53:38.132, 1, NVIDIA A10G, 0 %, 0 %, 0 MiB, 23028 MiB
2026/02/25 15:53:38.133, 2, NVIDIA A10G, 0 %, 0 %, 0 MiB, 23028 MiB
2026/02/25 15:53:38.133, 3, NVIDIA A10G, 0 %, 0 %, 0 MiB, 23028 MiB
2026/02/25 15:53:39.133, 0, NVIDIA A10G, 24 %, 9 %, 2045 MiB, 23028 MiB
2026/02/25 15:53:39.133, 1, NVIDIA A10G, 0 %, 0 %, 0 MiB, 23028 MiB
2026/02/25 15:53:39.133, 2, NVIDIA A10G, 0 %, 0 %, 0 MiB, 23028 MiB
2026/02/25 15:53:39.133, 3, NVIDIA A10G, 0 %, 0 %, 0 MiB, 23028 MiB
2026/02/25 15:53:40.133, 0, NVIDIA A10G, 0 %, 0 %, 2045 MiB, 23028 MiB
2026/02/25 15:53:40.133, 1, NVIDIA A10G, 0 %, 0 %, 0 MiB, 23028 MiB
2026/02/25 15:53:40.133, 2, NVIDIA A10G, 0 %, 0 %, 0 MiB, 23028 MiB
2026/02/25 15:53:40.133, 3, NVIDIA A10G, 0 %, 0 %, 0 MiB, 23028 MiB
2026/02/25 15:53:41.134, 0, NVIDIA A10G, 0 %, 0 %, 2045 MiB, 23028 MiB
2026/02/25 15:53:41.134, 1, NVIDIA A10G, 0 %, 0 %, 0 MiB, 23028 MiB
2026/02/25 15:53:41.134, 2, NVIDIA A10G, 0 %, 0 %, 0 MiB, 23028 MiB
2026/02/25 15:53:41.134, 3, NVIDIA A10G, 0 %, 0 %, 0 MiB, 23028 MiB
2026/02/25 15:53:42.134, 0, NVIDIA A10G, 0 %, 0 %, 2045 MiB, 23028 MiB
2026/02/25 15:53:42.134, 1, NVIDIA A10G, 0 %, 0 %, 0 MiB, 23028 MiB
2026/02/25 15:53:42.134, 2, NVIDIA A10G, 0 %, 0 %, 0 MiB, 23028 MiB
2026/02/25 15:53:42.134, 3, NVIDIA A10G, 0 %, 0 %, 0 MiB, 23028 MiB
2026/02/25 15:53:43.134, 0, NVIDIA A10G, 0 %, 0 %, 2045 MiB, 23028 MiB
2026/02/25 15:53:43.135, 1, NVIDIA A10G, 0 %, 0 %, 0 MiB, 23028 MiB
2026/02/25 15:53:43.135, 2, NVIDIA A10G, 0 %, 0 %, 0 MiB, 23028 MiB
2026/02/25 15:53:43.135, 3, NVIDIA A10G, 0 %, 0 %, 0 MiB, 23028 MiB
2026/02/25 15:53:44.135, 0, NVIDIA A10G, 0 %, 0 %, 2045 MiB, 23028 MiB
2026/02/25 15:53:44.135, 1, NVIDIA A10G, 0 %, 0 %, 0 MiB, 23028 MiB
2026/02/25 15:53:44.135, 2, NVIDIA A10G, 0 %, 0 %, 0 MiB, 23028 MiB
2026/02/25 15:53:44.135, 3, NVIDIA A10G, 0 %, 0 %, 0 MiB, 23028 MiB
2026/02/25 15:53:45.135, 0, NVIDIA A10G, 0 %, 0 %, 2045 MiB, 23028 MiB
2026/02/25 15:53:45.135, 1, NVIDIA A10G, 0 %, 0 %, 0 MiB, 23028 MiB
2026/02/25 15:53:45.135, 2, NVIDIA A10G, 0 %, 0 %, 0 MiB, 23028 MiB
2026/02/25 15:53:45.135, 3, NVIDIA A10G, 0 %, 0 %, 0 MiB, 23028 MiB
2026/02/25 15:53:46.136, 0, NVIDIA A10G, 0 %, 0 %, 2045 MiB, 23028 MiB
2026/02/25 15:53:46.136, 1, NVIDIA A10G, 0 %, 0 %, 0 MiB, 23028 MiB
2026/02/25 15:53:46.136, 2, NVIDIA A10G, 0 %, 0 %, 0 MiB, 23028 MiB
2026/02/25 15:53:46.136, 3, NVIDIA A10G, 0 %, 0 %, 0 MiB, 23028 MiB
2026/02/25 15:53:47.136, 0, NVIDIA A10G, 0 %, 0 %, 2045 MiB, 23028 MiB
2026/02/25 15:53:47.136, 1, NVIDIA A10G, 0 %, 0 %, 0 MiB, 23028 MiB
2026/02/25 15:53:47.136, 2, NVIDIA A10G, 0 %, 0 %, 0 MiB, 23028 MiB
2026/02/25 15:53:47.136, 3, NVIDIA A10G, 0 %, 0 %, 0 MiB, 23028 MiB
2026/02/25 15:53:48.136, 0, NVIDIA A10G, 0 %, 0 %, 2045 MiB, 23028 MiB
2026/02/25 15:53:48.136, 1, NVIDIA A10G, 0 %, 0 %, 0 MiB, 23028 MiB
2026/02/25 15:53:48.136, 2, NVIDIA A10G, 0 %, 0 %, 0 MiB, 23028 MiB
2026/02/25 15:53:48.136, 3, NVIDIA A10G, 0 %, 0 %, 0 MiB, 23028 MiB
2026/02/25 15:53:49.137, 0, NVIDIA A10G, 21 %, 7 %, 2045 MiB, 23028 MiB
2026/02/25 15:53:49.137, 1, NVIDIA A10G, 0 %, 0 %, 0 MiB, 23028 MiB
2026/02/25 15:53:49.137, 2, NVIDIA A10G, 0 %, 0 %, 0 MiB, 23028 MiB
2026/02/25 15:53:49.137, 3, NVIDIA A10G, 0 %, 0 %, 0 MiB, 23028 MiB
2026/02/25 15:53:50.137, 0, NVIDIA A10G, 22 %, 7 %, 2045 MiB, 23028 MiB
2026/02/25 15:53:50.137, 1, NVIDIA A10G, 0 %, 0 %, 0 MiB, 23028 MiB
2026/02/25 15:53:50.137, 2, NVIDIA A10G, 0 %, 0 %, 0 MiB, 23028 MiB
2026/02/25 15:53:50.137, 3, NVIDIA A10G, 0 %, 0 %, 0 MiB, 23028 MiB
2026/02/25 15:53:51.137, 0, NVIDIA A10G, 17 %, 5 %, 2045 MiB, 23028 MiB
2026/02/25 15:53:51.137, 1, NVIDIA A10G, 0 %, 0 %, 0 MiB, 23028 MiB
2026/02/25 15:53:51.137, 2, NVIDIA A10G, 0 %, 0 %, 0 MiB, 23028 MiB
2026/02/25 15:53:51.138, 3, NVIDIA A10G, 0 %, 0 %, 0 MiB, 23028 MiB
2026/02/25 15:53:52.138, 0, NVIDIA A10G, 19 %, 6 %, 2045 MiB, 23028 MiB
2026/02/25 15:53:52.138, 1, NVIDIA A10G, 0 %, 0 %, 0 MiB, 23028 MiB
2026/02/25 15:53:52.138, 2, NVIDIA A10G, 0 %, 0 %, 0 MiB, 23028 MiB
2026/02/25 15:53:52.138, 3, NVIDIA A10G, 0 %, 0 %, 0 MiB, 23028 MiB
2026/02/25 15:53:53.138, 0, NVIDIA A10G, 19 %, 6 %, 2045 MiB, 23028 MiB
2026/02/25 15:53:53.138, 1, NVIDIA A10G, 0 %, 0 %, 0 MiB, 23028 MiB
2026/02/25 15:53:53.138, 2, NVIDIA A10G, 0 %, 0 %, 0 MiB, 23028 MiB
2026/02/25 15:53:53.138, 3, NVIDIA A10G, 0 %, 0 %, 0 MiB, 23028 MiB
2026/02/25 15:53:54.138, 0, NVIDIA A10G, 20 %, 6 %, 2045 MiB, 23028 MiB
2026/02/25 15:53:54.139, 1, NVIDIA A10G, 0 %, 0 %, 0 MiB, 23028 MiB
2026/02/25 15:53:54.139, 2, NVIDIA A10G, 0 %, 0 %, 0 MiB, 23028 MiB
2026/02/25 15:53:54.139, 3, NVIDIA A10G, 0 %, 0 %, 0 MiB, 23028 MiB
2026/02/25 15:53:55.139, 0, NVIDIA A10G, 20 %, 7 %, 2045 MiB, 23028 MiB
2026/02/25 15:53:55.139, 1, NVIDIA A10G, 0 %, 0 %, 0 MiB, 23028 MiB
2026/02/25 15:53:55.139, 2, NVIDIA A10G, 0 %, 0 %, 0 MiB, 23028 MiB
2026/02/25 15:53:55.139, 3, NVIDIA A10G, 0 %, 0 %, 0 MiB, 23028 MiB
2026/02/25 15:53:56.139, 0, NVIDIA A10G, 20 %, 6 %, 2045 MiB, 23028 MiB
2026/02/25 15:53:56.139, 1, NVIDIA A10G, 0 %, 0 %, 0 MiB, 23028 MiB
2026/02/25 15:53:56.139, 2, NVIDIA A10G, 0 %, 0 %, 0 MiB, 23028 MiB
2026/02/25 15:53:56.140, 3, NVIDIA A10G, 0 %, 0 %, 0 MiB, 23028 MiB
2026/02/25 15:53:57.140, 0, NVIDIA A10G, 21 %, 7 %, 2045 MiB, 23028 MiB
2026/02/25 15:53:57.140, 1, NVIDIA A10G, 0 %, 0 %, 0 MiB, 23028 MiB
2026/02/25 15:53:57.140, 2, NVIDIA A10G, 0 %, 0 %, 0 MiB, 23028 MiB
2026/02/25 15:53:57.140, 3, NVIDIA A10G, 0 %, 0 %, 0 MiB, 23028 MiB
2026/02/25 15:53:58.140, 0, NVIDIA A10G, 18 %, 6 %, 2045 MiB, 23028 MiB
2026/02/25 15:53:58.140, 1, NVIDIA A10G, 0 %, 0 %, 0 MiB, 23028 MiB
2026/02/25 15:53:58.140, 2, NVIDIA A10G, 0 %, 0 %, 0 MiB, 23028 MiB
2026/02/25 15:53:58.140, 3, NVIDIA A10G, 0 %, 0 %, 0 MiB, 23028 MiB
2026/02/25 15:53:59.141, 0, NVIDIA A10G, 15 %, 5 %, 2045 MiB, 23028 MiB
2026/02/25 15:53:59.141, 1, NVIDIA A10G, 0 %, 0 %, 0 MiB, 23028 MiB
2026/02/25 15:53:59.141, 2, NVIDIA A10G, 0 %, 0 %, 0 MiB, 23028 MiB
2026/02/25 15:53:59.141, 3, NVIDIA A10G, 0 %, 0 %, 0 MiB, 23028 MiB
2026/02/25 15:54:00.141, 0, NVIDIA A10G, 0 %, 0 %, 2045 MiB, 23028 MiB
2026/02/25 15:54:00.141, 1, NVIDIA A10G, 0 %, 0 %, 0 MiB, 23028 MiB
2026/02/25 15:54:00.141, 2, NVIDIA A10G, 0 %, 0 %, 0 MiB, 23028 MiB
2026/02/25 15:54:00.141, 3, NVIDIA A10G, 0 %, 0 %, 0 MiB, 23028 MiB
2026/02/25 15:54:01.141, 0, NVIDIA A10G, 0 %, 0 %, 2045 MiB, 23028 MiB
2026/02/25 15:54:01.141, 1, NVIDIA A10G, 0 %, 0 %, 0 MiB, 23028 MiB
2026/02/25 15:54:01.141, 2, NVIDIA A10G, 0 %, 0 %, 0 MiB, 23028 MiB
2026/02/25 15:54:01.142, 3, NVIDIA A10G, 0 %, 0 %, 0 MiB, 23028 MiB
2026/02/25 15:54:02.142, 0, NVIDIA A10G, 0 %, 0 %, 2045 MiB, 23028 MiB
2026/02/25 15:54:02.142, 1, NVIDIA A10G, 0 %, 0 %, 0 MiB, 23028 MiB
2026/02/25 15:54:02.142, 2, NVIDIA A10G, 0 %, 0 %, 0 MiB, 23028 MiB
2026/02/25 15:54:02.142, 3, NVIDIA A10G, 0 %, 0 %, 0 MiB, 23028 MiB
2026/02/25 15:54:03.142, 0, NVIDIA A10G, 22 %, 7 %, 2045 MiB, 23028 MiB
2026/02/25 15:54:03.142, 1, NVIDIA A10G, 0 %, 0 %, 0 MiB, 23028 MiB
2026/02/25 15:54:03.142, 2, NVIDIA A10G, 0 %, 0 %, 0 MiB, 23028 MiB
2026/02/25 15:54:03.142, 3, NVIDIA A10G, 0 %, 0 %, 0 MiB, 23028 MiB
2026/02/25 15:54:04.142, 0, NVIDIA A10G, 23 %, 7 %, 2045 MiB, 23028 MiB
2026/02/25 15:54:04.142, 1, NVIDIA A10G, 0 %, 0 %, 0 MiB, 23028 MiB
2026/02/25 15:54:04.143, 2, NVIDIA A10G, 0 %, 0 %, 0 MiB, 23028 MiB
2026/02/25 15:54:04.143, 3, NVIDIA A10G, 0 %, 0 %, 0 MiB, 23028 MiB
2026/02/25 15:54:05.143, 0, NVIDIA A10G, 20 %, 6 %, 2045 MiB, 23028 MiB
2026/02/25 15:54:05.143, 1, NVIDIA A10G, 0 %, 0 %, 0 MiB, 23028 MiB
2026/02/25 15:54:05.143, 2, NVIDIA A10G, 0 %, 0 %, 0 MiB, 23028 MiB
2026/02/25 15:54:05.143, 3, NVIDIA A10G, 0 %, 0 %, 0 MiB, 23028 MiB
2026/02/25 15:54:06.143, 0, NVIDIA A10G, 11 %, 4 %, 2045 MiB, 23028 MiB
2026/02/25 15:54:06.143, 1, NVIDIA A10G, 0 %, 0 %, 0 MiB, 23028 MiB
2026/02/25 15:54:06.143, 2, NVIDIA A10G, 0 %, 0 %, 0 MiB, 23028 MiB
2026/02/25 15:54:06.143, 3, NVIDIA A10G, 0 %, 0 %, 0 MiB, 23028 MiB
2026/02/25 15:54:07.144, 0, NVIDIA A10G, 0 %, 0 %, 2045 MiB, 23028 MiB
2026/02/25 15:54:07.144, 1, NVIDIA A10G, 0 %, 0 %, 0 MiB, 23028 MiB
2026/02/25 15:54:07.144, 2, NVIDIA A10G, 0 %, 0 %, 0 MiB, 23028 MiB
2026/02/25 15:54:07.144, 3, NVIDIA A10G, 0 %, 0 %, 0 MiB, 23028 MiB
2026/02/25 15:54:08.144, 0, NVIDIA A10G, 0 %, 0 %, 2045 MiB, 23028 MiB
2026/02/25 15:54:08.144, 1, NVIDIA A10G, 0 %, 0 %, 0 MiB, 23028 MiB
2026/02/25 15:54:08.144, 2, NVIDIA A10G, 0 %, 0 %, 0 MiB, 23028 MiB
2026/02/25 15:54:08.144, 3, NVIDIA A10G, 0 %, 0 %, 0 MiB, 23028 MiB
2026/02/25 15:54:09.144, 0, NVIDIA A10G, 21 %, 7 %, 2045 MiB, 23028 MiB
2026/02/25 15:54:09.144, 1, NVIDIA A10G, 0 %, 0 %, 0 MiB, 23028 MiB
2026/02/25 15:54:09.145, 2, NVIDIA A10G, 0 %, 0 %, 0 MiB, 23028 MiB
2026/02/25 15:54:09.145, 3, NVIDIA A10G, 0 %, 0 %, 0 MiB, 23028 MiB
2026/02/25 15:54:10.145, 0, NVIDIA A10G, 19 %, 6 %, 2045 MiB, 23028 MiB
2026/02/25 15:54:10.145, 1, NVIDIA A10G, 0 %, 0 %, 0 MiB, 23028 MiB
2026/02/25 15:54:10.145, 2, NVIDIA A10G, 0 %, 0 %, 0 MiB, 23028 MiB
2026/02/25 15:54:10.145, 3, NVIDIA A10G, 0 %, 0 %, 0 MiB, 23028 MiB
2026/02/25 15:54:11.145, 0, NVIDIA A10G, 21 %, 7 %, 2045 MiB, 23028 MiB
2026/02/25 15:54:11.145, 1, NVIDIA A10G, 0 %, 0 %, 0 MiB, 23028 MiB
2026/02/25 15:54:11.145, 2, NVIDIA A10G, 0 %, 0 %, 0 MiB, 23028 MiB
2026/02/25 15:54:11.145, 3, NVIDIA A10G, 0 %, 0 %, 0 MiB, 23028 MiB
2026/02/25 15:54:12.146, 0, NVIDIA A10G, 0 %, 0 %, 2045 MiB, 23028 MiB
2026/02/25 15:54:12.146, 1, NVIDIA A10G, 0 %, 0 %, 0 MiB, 23028 MiB
2026/02/25 15:54:12.146, 2, NVIDIA A10G, 0 %, 0 %, 0 MiB, 23028 MiB
2026/02/25 15:54:12.146, 3, NVIDIA A10G, 0 %, 0 %, 0 MiB, 23028 MiB
2026/02/25 15:54:13.146, 0, NVIDIA A10G, 0 %, 0 %, 2045 MiB, 23028 MiB
2026/02/25 15:54:13.146, 1, NVIDIA A10G, 0 %, 0 %, 0 MiB, 23028 MiB
2026/02/25 15:54:13.146, 2, NVIDIA A10G, 0 %, 0 %, 0 MiB, 23028 MiB
2026/02/25 15:54:13.146, 3, NVIDIA A10G, 0 %, 0 %, 0 MiB, 23028 MiB
2026/02/25 15:54:14.146, 0, NVIDIA A10G, 0 %, 0 %, 2045 MiB, 23028 MiB
2026/02/25 15:54:14.146, 1, NVIDIA A10G, 0 %, 0 %, 0 MiB, 23028 MiB
2026/02/25 15:54:14.146, 2, NVIDIA A10G, 0 %, 0 %, 0 MiB, 23028 MiB
2026/02/25 15:54:14.147, 3, NVIDIA A10G, 0 %, 0 %, 0 MiB, 23028 MiB
2026/02/25 15:54:15.147, 0, NVIDIA A10G, 0 %, 0 %, 2045 MiB, 23028 MiB
2026/02/25 15:54:15.147, 1, NVIDIA A10G, 0 %, 0 %, 0 MiB, 23028 MiB
2026/02/25 15:54:15.147, 2, NVIDIA A10G, 0 %, 0 %, 0 MiB, 23028 MiB
2026/02/25 15:54:15.147, 3, NVIDIA A10G, 0 %, 0 %, 0 MiB, 23028 MiB
2026/02/25 15:54:16.147, 0, NVIDIA A10G, 0 %, 0 %, 2045 MiB, 23028 MiB
2026/02/25 15:54:16.147, 1, NVIDIA A10G, 0 %, 0 %, 0 MiB, 23028 MiB
2026/02/25 15:54:16.147, 2, NVIDIA A10G, 0 %, 0 %, 0 MiB, 23028 MiB
2026/02/25 15:54:16.147, 3, NVIDIA A10G, 0 %, 0 %, 0 MiB, 23028 MiB
2026/02/25 15:54:17.147, 0, NVIDIA A10G, 0 %, 0 %, 2045 MiB, 23028 MiB
2026/02/25 15:54:17.147, 1, NVIDIA A10G, 0 %, 0 %, 0 MiB, 23028 MiB
2026/02/25 15:54:17.148, 2, NVIDIA A10G, 0 %, 0 %, 0 MiB, 23028 MiB
2026/02/25 15:54:17.148, 3, NVIDIA A10G, 0 %, 0 %, 0 MiB, 23028 MiB
2026/02/25 15:54:18.148, 0, NVIDIA A10G, 0 %, 0 %, 2045 MiB, 23028 MiB
2026/02/25 15:54:18.148, 1, NVIDIA A10G, 0 %, 0 %, 0 MiB, 23028 MiB
2026/02/25 15:54:18.148, 2, NVIDIA A10G, 0 %, 0 %, 0 MiB, 23028 MiB
2026/02/25 15:54:18.148, 3, NVIDIA A10G, 0 %, 0 %, 0 MiB, 23028 MiB
2026/02/25 15:54:19.148, 0, NVIDIA A10G, 8 %, 5 %, 2045 MiB, 23028 MiB
2026/02/25 15:54:19.148, 1, NVIDIA A10G, 0 %, 0 %, 0 MiB, 23028 MiB
2026/02/25 15:54:19.148, 2, NVIDIA A10G, 0 %, 0 %, 0 MiB, 23028 MiB
2026/02/25 15:54:19.148, 3, NVIDIA A10G, 0 %, 0 %, 0 MiB, 23028 MiB
2026/02/25 15:54:20.148, 0, NVIDIA A10G, 23 %, 8 %, 2045 MiB, 23028 MiB
2026/02/25 15:54:20.149, 1, NVIDIA A10G, 0 %, 0 %, 0 MiB, 23028 MiB
2026/02/25 15:54:20.149, 2, NVIDIA A10G, 0 %, 0 %, 0 MiB, 23028 MiB
2026/02/25 15:54:20.149, 3, NVIDIA A10G, 0 %, 0 %, 0 MiB, 23028 MiB
2026/02/25 15:54:21.149, 0, NVIDIA A10G, 23 %, 8 %, 2045 MiB, 23028 MiB
2026/02/25 15:54:21.149, 1, NVIDIA A10G, 0 %, 0 %, 0 MiB, 23028 MiB
2026/02/25 15:54:21.149, 2, NVIDIA A10G, 0 %, 0 %, 0 MiB, 23028 MiB
2026/02/25 15:54:21.149, 3, NVIDIA A10G, 0 %, 0 %, 0 MiB, 23028 MiB
2026/02/25 15:54:22.149, 0, NVIDIA A10G, 21 %, 7 %, 2045 MiB, 23028 MiB
2026/02/25 15:54:22.149, 1, NVIDIA A10G, 0 %, 0 %, 0 MiB, 23028 MiB
2026/02/25 15:54:22.149, 2, NVIDIA A10G, 0 %, 0 %, 0 MiB, 23028 MiB
2026/02/25 15:54:22.149, 3, NVIDIA A10G, 0 %, 0 %, 0 MiB, 23028 MiB
2026/02/25 15:54:23.149, 0, NVIDIA A10G, 25 %, 10 %, 2045 MiB, 23028 MiB
2026/02/25 15:54:23.150, 1, NVIDIA A10G, 0 %, 0 %, 0 MiB, 23028 MiB
2026/02/25 15:54:23.150, 2, NVIDIA A10G, 0 %, 0 %, 0 MiB, 23028 MiB
2026/02/25 15:54:23.150, 3, NVIDIA A10G, 0 %, 0 %, 0 MiB, 23028 MiB
2026/02/25 15:54:24.150, 0, NVIDIA A10G, 23 %, 8 %, 2045 MiB, 23028 MiB
2026/02/25 15:54:24.150, 1, NVIDIA A10G, 0 %, 0 %, 0 MiB, 23028 MiB
2026/02/25 15:54:24.150, 2, NVIDIA A10G, 0 %, 0 %, 0 MiB, 23028 MiB
2026/02/25 15:54:24.150, 3, NVIDIA A10G, 0 %, 0 %, 0 MiB, 23028 MiB
2026/02/25 15:54:25.150, 0, NVIDIA A10G, 24 %, 8 %, 2045 MiB, 23028 MiB
2026/02/25 15:54:25.150, 1, NVIDIA A10G, 0 %, 0 %, 0 MiB, 23028 MiB
2026/02/25 15:54:25.150, 2, NVIDIA A10G, 0 %, 0 %, 0 MiB, 23028 MiB
2026/02/25 15:54:25.150, 3, NVIDIA A10G, 0 %, 0 %, 0 MiB, 23028 MiB
2026/02/25 15:54:26.150, 0, NVIDIA A10G, 24 %, 8 %, 2045 MiB, 23028 MiB
2026/02/25 15:54:26.151, 1, NVIDIA A10G, 0 %, 0 %, 0 MiB, 23028 MiB
2026/02/25 15:54:26.151, 2, NVIDIA A10G, 0 %, 0 %, 0 MiB, 23028 MiB
2026/02/25 15:54:26.151, 3, NVIDIA A10G, 0 %, 0 %, 0 MiB, 23028 MiB
2026/02/25 15:54:27.151, 0, NVIDIA A10G, 0 %, 0 %, 2045 MiB, 23028 MiB
2026/02/25 15:54:27.151, 1, NVIDIA A10G, 0 %, 0 %, 0 MiB, 23028 MiB
2026/02/25 15:54:27.151, 2, NVIDIA A10G, 0 %, 0 %, 0 MiB, 23028 MiB
2026/02/25 15:54:27.151, 3, NVIDIA A10G, 0 %, 0 %, 0 MiB, 23028 MiB
2026/02/25 15:54:28.151, 0, NVIDIA A10G, 0 %, 0 %, 2045 MiB, 23028 MiB
2026/02/25 15:54:28.151, 1, NVIDIA A10G, 0 %, 0 %, 0 MiB, 23028 MiB
2026/02/25 15:54:28.151, 2, NVIDIA A10G, 0 %, 0 %, 0 MiB, 23028 MiB
2026/02/25 15:54:28.151, 3, NVIDIA A10G, 0 %, 0 %, 0 MiB, 23028 MiB
2026/02/25 15:54:29.151, 0, NVIDIA A10G, 0 %, 0 %, 2045 MiB, 23028 MiB
2026/02/25 15:54:29.152, 1, NVIDIA A10G, 0 %, 0 %, 0 MiB, 23028 MiB
2026/02/25 15:54:29.152, 2, NVIDIA A10G, 0 %, 0 %, 0 MiB, 23028 MiB
2026/02/25 15:54:29.152, 3, NVIDIA A10G, 0 %, 0 %, 0 MiB, 23028 MiB
2026/02/25 15:54:30.152, 0, NVIDIA A10G, 0 %, 0 %, 2045 MiB, 23028 MiB
2026/02/25 15:54:30.152, 1, NVIDIA A10G, 0 %, 0 %, 0 MiB, 23028 MiB
2026/02/25 15:54:30.152, 2, NVIDIA A10G, 0 %, 0 %, 0 MiB, 23028 MiB
2026/02/25 15:54:30.152, 3, NVIDIA A10G, 0 %, 0 %, 0 MiB, 23028 MiB
2026/02/25 15:54:31.152, 0, NVIDIA A10G, 0 %, 0 %, 2045 MiB, 23028 MiB
2026/02/25 15:54:31.152, 1, NVIDIA A10G, 0 %, 0 %, 0 MiB, 23028 MiB
2026/02/25 15:54:31.152, 2, NVIDIA A10G, 0 %, 0 %, 0 MiB, 23028 MiB
2026/02/25 15:54:31.152, 3, NVIDIA A10G, 0 %, 0 %, 0 MiB, 23028 MiB
2026/02/25 15:54:32.152, 0, NVIDIA A10G, 0 %, 0 %, 2045 MiB, 23028 MiB
2026/02/25 15:54:32.152, 1, NVIDIA A10G, 0 %, 0 %, 0 MiB, 23028 MiB
2026/02/25 15:54:32.153, 2, NVIDIA A10G, 0 %, 0 %, 0 MiB, 23028 MiB
2026/02/25 15:54:32.153, 3, NVIDIA A10G, 0 %, 0 %, 0 MiB, 23028 MiB
2026/02/25 15:54:33.153, 0, NVIDIA A10G, 0 %, 0 %, 2045 MiB, 23028 MiB
2026/02/25 15:54:33.153, 1, NVIDIA A10G, 0 %, 0 %, 0 MiB, 23028 MiB
2026/02/25 15:54:33.153, 2, NVIDIA A10G, 0 %, 0 %, 0 MiB, 23028 MiB
2026/02/25 15:54:33.153, 3, NVIDIA A10G, 0 %, 0 %, 0 MiB, 23028 MiB
2026/02/25 15:54:34.153, 0, NVIDIA A10G, 0 %, 0 %, 2045 MiB, 23028 MiB
2026/02/25 15:54:34.153, 1, NVIDIA A10G, 0 %, 0 %, 0 MiB, 23028 MiB
2026/02/25 15:54:34.153, 2, NVIDIA A10G, 0 %, 0 %, 0 MiB, 23028 MiB
2026/02/25 15:54:34.153, 3, NVIDIA A10G, 0 %, 0 %, 0 MiB, 23028 MiB
2026/02/25 15:54:35.153, 0, NVIDIA A10G, 0 %, 0 %, 2047 MiB, 23028 MiB
2026/02/25 15:54:35.154, 1, NVIDIA A10G, 0 %, 0 %, 0 MiB, 23028 MiB
2026/02/25 15:54:35.154, 2, NVIDIA A10G, 0 %, 0 %, 0 MiB, 23028 MiB
2026/02/25 15:54:35.154, 3, NVIDIA A10G, 0 %, 0 %, 0 MiB, 23028 MiB
2026/02/25 15:54:36.154, 0, NVIDIA A10G, 22 %, 7 %, 2047 MiB, 23028 MiB
2026/02/25 15:54:36.154, 1, NVIDIA A10G, 0 %, 0 %, 0 MiB, 23028 MiB
2026/02/25 15:54:36.154, 2, NVIDIA A10G, 0 %, 0 %, 0 MiB, 23028 MiB
2026/02/25 15:54:36.154, 3, NVIDIA A10G, 0 %, 0 %, 0 MiB, 23028 MiB
2026/02/25 15:54:37.154, 0, NVIDIA A10G, 22 %, 7 %, 2047 MiB, 23028 MiB
2026/02/25 15:54:37.154, 1, NVIDIA A10G, 0 %, 0 %, 0 MiB, 23028 MiB
2026/02/25 15:54:37.154, 2, NVIDIA A10G, 0 %, 0 %, 0 MiB, 23028 MiB
2026/02/25 15:54:37.154, 3, NVIDIA A10G, 0 %, 0 %, 0 MiB, 23028 MiB
2026/02/25 15:54:38.154, 0, NVIDIA A10G, 22 %, 8 %, 2047 MiB, 23028 MiB
2026/02/25 15:54:38.154, 1, NVIDIA A10G, 0 %, 0 %, 0 MiB, 23028 MiB
2026/02/25 15:54:38.155, 2, NVIDIA A10G, 0 %, 0 %, 0 MiB, 23028 MiB
2026/02/25 15:54:38.155, 3, NVIDIA A10G, 0 %, 0 %, 0 MiB, 23028 MiB
2026/02/25 15:54:39.155, 0, NVIDIA A10G, 20 %, 6 %, 2047 MiB, 23028 MiB
2026/02/25 15:54:39.155, 1, NVIDIA A10G, 0 %, 0 %, 0 MiB, 23028 MiB
2026/02/25 15:54:39.155, 2, NVIDIA A10G, 0 %, 0 %, 0 MiB, 23028 MiB
2026/02/25 15:54:39.155, 3, NVIDIA A10G, 0 %, 0 %, 0 MiB, 23028 MiB
2026/02/25 15:54:40.155, 0, NVIDIA A10G, 21 %, 7 %, 2047 MiB, 23028 MiB
2026/02/25 15:54:40.155, 1, NVIDIA A10G, 0 %, 0 %, 0 MiB, 23028 MiB
2026/02/25 15:54:40.155, 2, NVIDIA A10G, 0 %, 0 %, 0 MiB, 23028 MiB
2026/02/25 15:54:40.155, 3, NVIDIA A10G, 0 %, 0 %, 0 MiB, 23028 MiB
2026/02/25 15:54:41.155, 0, NVIDIA A10G, 23 %, 8 %, 2047 MiB, 23028 MiB
2026/02/25 15:54:41.155, 1, NVIDIA A10G, 0 %, 0 %, 0 MiB, 23028 MiB
2026/02/25 15:54:41.155, 2, NVIDIA A10G, 0 %, 0 %, 0 MiB, 23028 MiB
2026/02/25 15:54:41.155, 3, NVIDIA A10G, 0 %, 0 %, 0 MiB, 23028 MiB
2026/02/25 15:54:42.156, 0, NVIDIA A10G, 23 %, 8 %, 2047 MiB, 23028 MiB
2026/02/25 15:54:42.156, 1, NVIDIA A10G, 0 %, 0 %, 0 MiB, 23028 MiB
2026/02/25 15:54:42.156, 2, NVIDIA A10G, 0 %, 0 %, 0 MiB, 23028 MiB
2026/02/25 15:54:42.156, 3, NVIDIA A10G, 0 %, 0 %, 0 MiB, 23028 MiB
2026/02/25 15:54:43.156, 0, NVIDIA A10G, 20 %, 7 %, 2047 MiB, 23028 MiB
2026/02/25 15:54:43.156, 1, NVIDIA A10G, 0 %, 0 %, 0 MiB, 23028 MiB
2026/02/25 15:54:43.156, 2, NVIDIA A10G, 0 %, 0 %, 0 MiB, 23028 MiB
2026/02/25 15:54:43.156, 3, NVIDIA A10G, 0 %, 0 %, 0 MiB, 23028 MiB
2026/02/25 15:54:44.156, 0, NVIDIA A10G, 15 %, 5 %, 2047 MiB, 23028 MiB
2026/02/25 15:54:44.157, 1, NVIDIA A10G, 0 %, 0 %, 0 MiB, 23028 MiB
2026/02/25 15:54:44.157, 2, NVIDIA A10G, 0 %, 0 %, 0 MiB, 23028 MiB
2026/02/25 15:54:44.157, 3, NVIDIA A10G, 0 %, 0 %, 0 MiB, 23028 MiB
2026/02/25 15:54:45.157, 0, NVIDIA A10G, 0 %, 0 %, 2047 MiB, 23028 MiB
2026/02/25 15:54:45.157, 1, NVIDIA A10G, 0 %, 0 %, 0 MiB, 23028 MiB
2026/02/25 15:54:45.157, 2, NVIDIA A10G, 0 %, 0 %, 0 MiB, 23028 MiB
2026/02/25 15:54:45.157, 3, NVIDIA A10G, 0 %, 0 %, 0 MiB, 23028 MiB
2026/02/25 15:54:46.157, 0, NVIDIA A10G, 0 %, 0 %, 2047 MiB, 23028 MiB
2026/02/25 15:54:46.157, 1, NVIDIA A10G, 0 %, 0 %, 0 MiB, 23028 MiB
2026/02/25 15:54:46.157, 2, NVIDIA A10G, 0 %, 0 %, 0 MiB, 23028 MiB
2026/02/25 15:54:46.157, 3, NVIDIA A10G, 0 %, 0 %, 0 MiB, 23028 MiB
2026/02/25 15:54:47.157, 0, NVIDIA A10G, 0 %, 0 %, 2047 MiB, 23028 MiB
2026/02/25 15:54:47.158, 1, NVIDIA A10G, 0 %, 0 %, 0 MiB, 23028 MiB
2026/02/25 15:54:47.158, 2, NVIDIA A10G, 0 %, 0 %, 0 MiB, 23028 MiB
2026/02/25 15:54:47.158, 3, NVIDIA A10G, 0 %, 0 %, 0 MiB, 23028 MiB
2026/02/25 15:54:48.158, 0, NVIDIA A10G, 0 %, 0 %, 2047 MiB, 23028 MiB
2026/02/25 15:54:48.158, 1, NVIDIA A10G, 0 %, 0 %, 0 MiB, 23028 MiB
2026/02/25 15:54:48.158, 2, NVIDIA A10G, 0 %, 0 %, 0 MiB, 23028 MiB
2026/02/25 15:54:48.158, 3, NVIDIA A10G, 0 %, 0 %, 0 MiB, 23028 MiB
2026/02/25 15:54:49.158, 0, NVIDIA A10G, 0 %, 0 %, 2047 MiB, 23028 MiB
2026/02/25 15:54:49.158, 1, NVIDIA A10G, 0 %, 0 %, 0 MiB, 23028 MiB
2026/02/25 15:54:49.158, 2, NVIDIA A10G, 0 %, 0 %, 0 MiB, 23028 MiB
2026/02/25 15:54:49.158, 3, NVIDIA A10G, 0 %, 0 %, 0 MiB, 23028 MiB
2026/02/25 15:54:50.158, 0, NVIDIA A10G, 0 %, 0 %, 2047 MiB, 23028 MiB
2026/02/25 15:54:50.159, 1, NVIDIA A10G, 0 %, 0 %, 0 MiB, 23028 MiB
2026/02/25 15:54:50.159, 2, NVIDIA A10G, 0 %, 0 %, 0 MiB, 23028 MiB
2026/02/25 15:54:50.159, 3, NVIDIA A10G, 0 %, 0 %, 0 MiB, 23028 MiB
2026/02/25 15:54:51.159, 0, NVIDIA A10G, 0 %, 0 %, 2047 MiB, 23028 MiB
2026/02/25 15:54:51.159, 1, NVIDIA A10G, 0 %, 0 %, 0 MiB, 23028 MiB
2026/02/25 15:54:51.159, 2, NVIDIA A10G, 0 %, 0 %, 0 MiB, 23028 MiB
2026/02/25 15:54:51.159, 3, NVIDIA A10G, 0 %, 0 %, 0 MiB, 23028 MiB
2026/02/25 15:54:52.159, 0, NVIDIA A10G, 0 %, 0 %, 2047 MiB, 23028 MiB
2026/02/25 15:54:52.159, 1, NVIDIA A10G, 0 %, 0 %, 0 MiB, 23028 MiB
2026/02/25 15:54:52.159, 2, NVIDIA A10G, 0 %, 0 %, 0 MiB, 23028 MiB
2026/02/25 15:54:52.159, 3, NVIDIA A10G, 0 %, 0 %, 0 MiB, 23028 MiB
2026/02/25 15:54:53.159, 0, NVIDIA A10G, 0 %, 0 %, 2047 MiB, 23028 MiB
2026/02/25 15:54:53.159, 1, NVIDIA A10G, 0 %, 0 %, 0 MiB, 23028 MiB
2026/02/25 15:54:53.160, 2, NVIDIA A10G, 0 %, 0 %, 0 MiB, 23028 MiB
2026/02/25 15:54:53.160, 3, NVIDIA A10G, 0 %, 0 %, 0 MiB, 23028 MiB
2026/02/25 15:54:54.160, 0, NVIDIA A10G, 0 %, 0 %, 2047 MiB, 23028 MiB
2026/02/25 15:54:54.160, 1, NVIDIA A10G, 0 %, 0 %, 0 MiB, 23028 MiB
2026/02/25 15:54:54.160, 2, NVIDIA A10G, 0 %, 0 %, 0 MiB, 23028 MiB
2026/02/25 15:54:54.160, 3, NVIDIA A10G, 0 %, 0 %, 0 MiB, 23028 MiB
2026/02/25 15:54:55.160, 0, NVIDIA A10G, 0 %, 0 %, 2047 MiB, 23028 MiB
2026/02/25 15:54:55.160, 1, NVIDIA A10G, 0 %, 0 %, 0 MiB, 23028 MiB
2026/02/25 15:54:55.160, 2, NVIDIA A10G, 0 %, 0 %, 0 MiB, 23028 MiB
2026/02/25 15:54:55.160, 3, NVIDIA A10G, 0 %, 0 %, 0 MiB, 23028 MiB
2026/02/25 15:54:56.160, 0, NVIDIA A10G, 0 %, 0 %, 2047 MiB, 23028 MiB
2026/02/25 15:54:56.160, 1, NVIDIA A10G, 0 %, 0 %, 0 MiB, 23028 MiB
2026/02/25 15:54:56.161, 2, NVIDIA A10G, 0 %, 0 %, 0 MiB, 23028 MiB
2026/02/25 15:54:56.161, 3, NVIDIA A10G, 0 %, 0 %, 0 MiB, 23028 MiB
2026/02/25 15:54:57.161, 0, NVIDIA A10G, 87 %, 57 %, 2047 MiB, 23028 MiB
2026/02/25 15:54:57.161, 1, NVIDIA A10G, 0 %, 0 %, 0 MiB, 23028 MiB
2026/02/25 15:54:57.161, 2, NVIDIA A10G, 0 %, 0 %, 0 MiB, 23028 MiB
2026/02/25 15:54:57.161, 3, NVIDIA A10G, 0 %, 0 %, 0 MiB, 23028 MiB
2026/02/25 15:54:58.161, 0, NVIDIA A10G, 0 %, 0 %, 2047 MiB, 23028 MiB
2026/02/25 15:54:58.161, 1, NVIDIA A10G, 0 %, 0 %, 0 MiB, 23028 MiB
2026/02/25 15:54:58.161, 2, NVIDIA A10G, 0 %, 0 %, 0 MiB, 23028 MiB
2026/02/25 15:54:58.161, 3, NVIDIA A10G, 0 %, 0 %, 0 MiB, 23028 MiB
2026/02/25 15:54:59.161, 0, NVIDIA A10G, 24 %, 9 %, 2047 MiB, 23028 MiB
2026/02/25 15:54:59.162, 1, NVIDIA A10G, 0 %, 0 %, 0 MiB, 23028 MiB
2026/02/25 15:54:59.162, 2, NVIDIA A10G, 0 %, 0 %, 0 MiB, 23028 MiB
2026/02/25 15:54:59.162, 3, NVIDIA A10G, 0 %, 0 %, 0 MiB, 23028 MiB
2026/02/25 15:55:00.162, 0, NVIDIA A10G, 21 %, 7 %, 2047 MiB, 23028 MiB
2026/02/25 15:55:00.162, 1, NVIDIA A10G, 0 %, 0 %, 0 MiB, 23028 MiB
2026/02/25 15:55:00.325, 2, NVIDIA A10G, 0 %, 0 %, 0 MiB, 23028 MiB
2026/02/25 15:55:00.595, 3, NVIDIA A10G, 0 %, 0 %, 0 MiB, 23028 MiB
2026/02/25 15:55:01.891, 0, NVIDIA A10G, 22 %, 8 %, 2047 MiB, 23028 MiB
2026/02/25 15:55:01.891, 1, NVIDIA A10G, 0 %, 0 %, 0 MiB, 23028 MiB
2026/02/25 15:55:01.891, 2, NVIDIA A10G, 0 %, 0 %, 0 MiB, 23028 MiB
2026/02/25 15:55:01.891, 3, NVIDIA A10G, 0 %, 0 %, 0 MiB, 23028 MiB
2026/02/25 15:55:02.891, 0, NVIDIA A10G, 21 %, 7 %, 2047 MiB, 23028 MiB
2026/02/25 15:55:02.891, 1, NVIDIA A10G, 0 %, 0 %, 0 MiB, 23028 MiB
2026/02/25 15:55:02.891, 2, NVIDIA A10G, 0 %, 0 %, 0 MiB, 23028 MiB
2026/02/25 15:55:02.891, 3, NVIDIA A10G, 0 %, 0 %, 0 MiB, 23028 MiB
2026/02/25 15:55:03.997, 0, NVIDIA A10G, 22 %, 7 %, 2047 MiB, 23028 MiB
2026/02/25 15:55:03.997, 1, NVIDIA A10G, 0 %, 0 %, 0 MiB, 23028 MiB
2026/02/25 15:55:03.997, 2, NVIDIA A10G, 0 %, 0 %, 0 MiB, 23028 MiB
2026/02/25 15:55:03.997, 3, NVIDIA A10G, 0 %, 0 %, 0 MiB, 23028 MiB
2026/02/25 15:55:04.998, 0, NVIDIA A10G, 21 %, 7 %, 2047 MiB, 23028 MiB
2026/02/25 15:55:04.998, 1, NVIDIA A10G, 0 %, 0 %, 0 MiB, 23028 MiB
2026/02/25 15:55:04.999, 2, NVIDIA A10G, 0 %, 0 %, 0 MiB, 23028 MiB
2026/02/25 15:55:05.001, 3, NVIDIA A10G, 0 %, 0 %, 0 MiB, 23028 MiB
2026/02/25 15:55:06.001, 0, NVIDIA A10G, 22 %, 7 %, 2047 MiB, 23028 MiB
2026/02/25 15:55:06.001, 1, NVIDIA A10G, 0 %, 0 %, 0 MiB, 23028 MiB
2026/02/25 15:55:06.001, 2, NVIDIA A10G, 0 %, 0 %, 0 MiB, 23028 MiB
2026/02/25 15:55:06.001, 3, NVIDIA A10G, 0 %, 0 %, 0 MiB, 23028 MiB
2026/02/25 15:55:07.001, 0, NVIDIA A10G, 21 %, 7 %, 2047 MiB, 23028 MiB
2026/02/25 15:55:07.003, 1, NVIDIA A10G, 0 %, 0 %, 0 MiB, 23028 MiB
2026/02/25 15:55:07.003, 2, NVIDIA A10G, 0 %, 0 %, 0 MiB, 23028 MiB
2026/02/25 15:55:07.005, 3, NVIDIA A10G, 0 %, 0 %, 0 MiB, 23028 MiB
2026/02/25 15:55:08.005, 0, NVIDIA A10G, 23 %, 8 %, 2047 MiB, 23028 MiB
2026/02/25 15:55:08.005, 1, NVIDIA A10G, 0 %, 0 %, 0 MiB, 23028 MiB
2026/02/25 15:55:08.005, 2, NVIDIA A10G, 0 %, 0 %, 0 MiB, 23028 MiB
2026/02/25 15:55:08.005, 3, NVIDIA A10G, 0 %, 0 %, 0 MiB, 23028 MiB
2026/02/25 15:55:09.005, 0, NVIDIA A10G, 20 %, 7 %, 2047 MiB, 23028 MiB
2026/02/25 15:55:09.007, 1, NVIDIA A10G, 0 %, 0 %, 0 MiB, 23028 MiB
2026/02/25 15:55:09.007, 2, NVIDIA A10G, 0 %, 0 %, 0 MiB, 23028 MiB
2026/02/25 15:55:09.007, 3, NVIDIA A10G, 0 %, 0 %, 0 MiB, 23028 MiB
2026/02/25 15:55:10.007, 0, NVIDIA A10G, 21 %, 7 %, 2047 MiB, 23028 MiB
2026/02/25 15:55:10.008, 1, NVIDIA A10G, 0 %, 0 %, 0 MiB, 23028 MiB
2026/02/25 15:55:10.008, 2, NVIDIA A10G, 0 %, 0 %, 0 MiB, 23028 MiB
2026/02/25 15:55:10.008, 3, NVIDIA A10G, 0 %, 0 %, 0 MiB, 23028 MiB
2026/02/25 15:55:11.008, 0, NVIDIA A10G, 21 %, 8 %, 2047 MiB, 23028 MiB
2026/02/25 15:55:11.008, 1, NVIDIA A10G, 0 %, 0 %, 0 MiB, 23028 MiB
2026/02/25 15:55:11.008, 2, NVIDIA A10G, 0 %, 0 %, 0 MiB, 23028 MiB
2026/02/25 15:55:11.008, 3, NVIDIA A10G, 0 %, 0 %, 0 MiB, 23028 MiB
2026/02/25 15:55:12.008, 0, NVIDIA A10G, 21 %, 7 %, 2047 MiB, 23028 MiB
2026/02/25 15:55:12.009, 1, NVIDIA A10G, 0 %, 0 %, 0 MiB, 23028 MiB
2026/02/25 15:55:12.009, 2, NVIDIA A10G, 0 %, 0 %, 0 MiB, 23028 MiB
2026/02/25 15:55:12.009, 3, NVIDIA A10G, 0 %, 0 %, 0 MiB, 23028 MiB
2026/02/25 15:55:13.009, 0, NVIDIA A10G, 23 %, 8 %, 2047 MiB, 23028 MiB
2026/02/25 15:55:13.009, 1, NVIDIA A10G, 0 %, 0 %, 0 MiB, 23028 MiB
2026/02/25 15:55:13.009, 2, NVIDIA A10G, 0 %, 0 %, 0 MiB, 23028 MiB
2026/02/25 15:55:13.009, 3, NVIDIA A10G, 0 %, 0 %, 0 MiB, 23028 MiB
2026/02/25 15:55:14.009, 0, NVIDIA A10G, 0 %, 0 %, 2047 MiB, 23028 MiB
2026/02/25 15:55:14.009, 1, NVIDIA A10G, 0 %, 0 %, 0 MiB, 23028 MiB
2026/02/25 15:55:14.009, 2, NVIDIA A10G, 0 %, 0 %, 0 MiB, 23028 MiB
2026/02/25 15:55:14.010, 3, NVIDIA A10G, 0 %, 0 %, 0 MiB, 23028 MiB
2026/02/25 15:55:15.010, 0, NVIDIA A10G, 0 %, 0 %, 2047 MiB, 23028 MiB
2026/02/25 15:55:15.010, 1, NVIDIA A10G, 0 %, 0 %, 0 MiB, 23028 MiB
2026/02/25 15:55:15.010, 2, NVIDIA A10G, 0 %, 0 %, 0 MiB, 23028 MiB
2026/02/25 15:55:15.010, 3, NVIDIA A10G, 0 %, 0 %, 0 MiB, 23028 MiB
2026/02/25 15:55:16.010, 0, NVIDIA A10G, 0 %, 0 %, 2047 MiB, 23028 MiB
2026/02/25 15:55:16.010, 1, NVIDIA A10G, 0 %, 0 %, 0 MiB, 23028 MiB
2026/02/25 15:55:16.010, 2, NVIDIA A10G, 0 %, 0 %, 0 MiB, 23028 MiB
2026/02/25 15:55:16.010, 3, NVIDIA A10G, 0 %, 0 %, 0 MiB, 23028 MiB
2026/02/25 15:55:17.010, 0, NVIDIA A10G, 0 %, 0 %, 2047 MiB, 23028 MiB
2026/02/25 15:55:17.010, 1, NVIDIA A10G, 0 %, 0 %, 0 MiB, 23028 MiB
2026/02/25 15:55:17.010, 2, NVIDIA A10G, 0 %, 0 %, 0 MiB, 23028 MiB
2026/02/25 15:55:17.010, 3, NVIDIA A10G, 0 %, 0 %, 0 MiB, 23028 MiB
2026/02/25 15:55:18.011, 0, NVIDIA A10G, 0 %, 0 %, 2047 MiB, 23028 MiB
2026/02/25 15:55:18.011, 1, NVIDIA A10G, 0 %, 0 %, 0 MiB, 23028 MiB
2026/02/25 15:55:18.011, 2, NVIDIA A10G, 0 %, 0 %, 0 MiB, 23028 MiB
2026/02/25 15:55:18.011, 3, NVIDIA A10G, 0 %, 0 %, 0 MiB, 23028 MiB
2026/02/25 15:55:19.011, 0, NVIDIA A10G, 0 %, 0 %, 2047 MiB, 23028 MiB
2026/02/25 15:55:19.011, 1, NVIDIA A10G, 0 %, 0 %, 0 MiB, 23028 MiB
2026/02/25 15:55:19.011, 2, NVIDIA A10G, 0 %, 0 %, 0 MiB, 23028 MiB
2026/02/25 15:55:19.011, 3, NVIDIA A10G, 0 %, 0 %, 0 MiB, 23028 MiB
2026/02/25 15:55:20.011, 0, NVIDIA A10G, 0 %, 0 %, 2047 MiB, 23028 MiB
2026/02/25 15:55:20.011, 1, NVIDIA A10G, 0 %, 0 %, 0 MiB, 23028 MiB
2026/02/25 15:55:20.012, 2, NVIDIA A10G, 0 %, 0 %, 0 MiB, 23028 MiB
2026/02/25 15:55:20.012, 3, NVIDIA A10G, 0 %, 0 %, 0 MiB, 23028 MiB
2026/02/25 15:55:21.012, 0, NVIDIA A10G, 0 %, 0 %, 2047 MiB, 23028 MiB
2026/02/25 15:55:21.012, 1, NVIDIA A10G, 0 %, 0 %, 0 MiB, 23028 MiB
2026/02/25 15:55:21.012, 2, NVIDIA A10G, 0 %, 0 %, 0 MiB, 23028 MiB
2026/02/25 15:55:21.012, 3, NVIDIA A10G, 0 %, 0 %, 0 MiB, 23028 MiB
2026/02/25 15:55:22.012, 0, NVIDIA A10G, 0 %, 0 %, 2047 MiB, 23028 MiB
2026/02/25 15:55:22.012, 1, NVIDIA A10G, 0 %, 0 %, 0 MiB, 23028 MiB
2026/02/25 15:55:22.012, 2, NVIDIA A10G, 0 %, 0 %, 0 MiB, 23028 MiB
2026/02/25 15:55:22.012, 3, NVIDIA A10G, 0 %, 0 %, 0 MiB, 23028 MiB
2026/02/25 15:55:23.012, 0, NVIDIA A10G, 0 %, 0 %, 2047 MiB, 23028 MiB
2026/02/25 15:55:23.012, 1, NVIDIA A10G, 0 %, 0 %, 0 MiB, 23028 MiB
2026/02/25 15:55:23.012, 2, NVIDIA A10G, 0 %, 0 %, 0 MiB, 23028 MiB
2026/02/25 15:55:23.012, 3, NVIDIA A10G, 0 %, 0 %, 0 MiB, 23028 MiB
2026/02/25 15:55:24.013, 0, NVIDIA A10G, 0 %, 0 %, 2047 MiB, 23028 MiB
2026/02/25 15:55:24.013, 1, NVIDIA A10G, 0 %, 0 %, 0 MiB, 23028 MiB
2026/02/25 15:55:24.013, 2, NVIDIA A10G, 0 %, 0 %, 0 MiB, 23028 MiB
2026/02/25 15:55:24.013, 3, NVIDIA A10G, 0 %, 0 %, 0 MiB, 23028 MiB
2026/02/25 15:55:25.013, 0, NVIDIA A10G, 27 %, 11 %, 2047 MiB, 23028 MiB
2026/02/25 15:55:25.013, 1, NVIDIA A10G, 0 %, 0 %, 0 MiB, 23028 MiB
2026/02/25 15:55:25.013, 2, NVIDIA A10G, 0 %, 0 %, 0 MiB, 23028 MiB
2026/02/25 15:55:25.013, 3, NVIDIA A10G, 0 %, 0 %, 0 MiB, 23028 MiB
2026/02/25 15:55:26.014, 0, NVIDIA A10G, 22 %, 8 %, 2047 MiB, 23028 MiB
2026/02/25 15:55:26.014, 1, NVIDIA A10G, 0 %, 0 %, 0 MiB, 23028 MiB
2026/02/25 15:55:26.014, 2, NVIDIA A10G, 0 %, 0 %, 0 MiB, 23028 MiB
2026/02/25 15:55:26.014, 3, NVIDIA A10G, 0 %, 0 %, 0 MiB, 23028 MiB
2026/02/25 15:55:27.014, 0, NVIDIA A10G, 23 %, 8 %, 2047 MiB, 23028 MiB
2026/02/25 15:55:27.014, 1, NVIDIA A10G, 0 %, 0 %, 0 MiB, 23028 MiB
2026/02/25 15:55:27.014, 2, NVIDIA A10G, 0 %, 0 %, 0 MiB, 23028 MiB
2026/02/25 15:55:27.014, 3, NVIDIA A10G, 0 %, 0 %, 0 MiB, 23028 MiB
2026/02/25 15:55:28.014, 0, NVIDIA A10G, 22 %, 8 %, 2047 MiB, 23028 MiB
2026/02/25 15:55:28.014, 1, NVIDIA A10G, 0 %, 0 %, 0 MiB, 23028 MiB
2026/02/25 15:55:28.014, 2, NVIDIA A10G, 0 %, 0 %, 0 MiB, 23028 MiB
2026/02/25 15:55:28.015, 3, NVIDIA A10G, 0 %, 0 %, 0 MiB, 23028 MiB
2026/02/25 15:55:29.015, 0, NVIDIA A10G, 23 %, 8 %, 2047 MiB, 23028 MiB
2026/02/25 15:55:29.015, 1, NVIDIA A10G, 0 %, 0 %, 0 MiB, 23028 MiB
2026/02/25 15:55:29.015, 2, NVIDIA A10G, 0 %, 0 %, 0 MiB, 23028 MiB
2026/02/25 15:55:29.015, 3, NVIDIA A10G, 0 %, 0 %, 0 MiB, 23028 MiB
2026/02/25 15:55:30.015, 0, NVIDIA A10G, 22 %, 8 %, 2047 MiB, 23028 MiB
2026/02/25 15:55:30.015, 1, NVIDIA A10G, 0 %, 0 %, 0 MiB, 23028 MiB
2026/02/25 15:55:30.015, 2, NVIDIA A10G, 0 %, 0 %, 0 MiB, 23028 MiB
2026/02/25 15:55:30.015, 3, NVIDIA A10G, 0 %, 0 %, 0 MiB, 23028 MiB
2026/02/25 15:55:31.015, 0, NVIDIA A10G, 23 %, 8 %, 2047 MiB, 23028 MiB
2026/02/25 15:55:31.015, 1, NVIDIA A10G, 0 %, 0 %, 0 MiB, 23028 MiB
2026/02/25 15:55:31.015, 2, NVIDIA A10G, 0 %, 0 %, 0 MiB, 23028 MiB
2026/02/25 15:55:31.015, 3, NVIDIA A10G, 0 %, 0 %, 0 MiB, 23028 MiB
2026/02/25 15:55:32.015, 0, NVIDIA A10G, 23 %, 8 %, 2047 MiB, 23028 MiB
2026/02/25 15:55:32.016, 1, NVIDIA A10G, 0 %, 0 %, 0 MiB, 23028 MiB
2026/02/25 15:55:32.016, 2, NVIDIA A10G, 0 %, 0 %, 0 MiB, 23028 MiB
2026/02/25 15:55:32.016, 3, NVIDIA A10G, 0 %, 0 %, 0 MiB, 23028 MiB
2026/02/25 15:55:33.016, 0, NVIDIA A10G, 25 %, 9 %, 2047 MiB, 23028 MiB
2026/02/25 15:55:33.016, 1, NVIDIA A10G, 0 %, 0 %, 0 MiB, 23028 MiB
2026/02/25 15:55:33.016, 2, NVIDIA A10G, 0 %, 0 %, 0 MiB, 23028 MiB
2026/02/25 15:55:33.016, 3, NVIDIA A10G, 0 %, 0 %, 0 MiB, 23028 MiB
2026/02/25 15:55:34.016, 0, NVIDIA A10G, 22 %, 7 %, 2047 MiB, 23028 MiB
2026/02/25 15:55:34.016, 1, NVIDIA A10G, 0 %, 0 %, 0 MiB, 23028 MiB
2026/02/25 15:55:34.016, 2, NVIDIA A10G, 0 %, 0 %, 0 MiB, 23028 MiB
2026/02/25 15:55:34.016, 3, NVIDIA A10G, 0 %, 0 %, 0 MiB, 23028 MiB
2026/02/25 15:55:35.016, 0, NVIDIA A10G, 0 %, 0 %, 2047 MiB, 23028 MiB
2026/02/25 15:55:35.017, 1, NVIDIA A10G, 0 %, 0 %, 0 MiB, 23028 MiB
2026/02/25 15:55:35.017, 2, NVIDIA A10G, 0 %, 0 %, 0 MiB, 23028 MiB
2026/02/25 15:55:35.017, 3, NVIDIA A10G, 0 %, 0 %, 0 MiB, 23028 MiB
2026/02/25 15:55:36.017, 0, NVIDIA A10G, 0 %, 0 %, 2047 MiB, 23028 MiB
2026/02/25 15:55:36.017, 1, NVIDIA A10G, 0 %, 0 %, 0 MiB, 23028 MiB
2026/02/25 15:55:36.017, 2, NVIDIA A10G, 0 %, 0 %, 0 MiB, 23028 MiB
2026/02/25 15:55:36.017, 3, NVIDIA A10G, 0 %, 0 %, 0 MiB, 23028 MiB
2026/02/25 15:55:37.017, 0, NVIDIA A10G, 0 %, 0 %, 2047 MiB, 23028 MiB
2026/02/25 15:55:37.017, 1, NVIDIA A10G, 0 %, 0 %, 0 MiB, 23028 MiB
2026/02/25 15:55:37.017, 2, NVIDIA A10G, 0 %, 0 %, 0 MiB, 23028 MiB
2026/02/25 15:55:37.017, 3, NVIDIA A10G, 0 %, 0 %, 0 MiB, 23028 MiB
2026/02/25 15:55:38.018, 0, NVIDIA A10G, 0 %, 0 %, 2047 MiB, 23028 MiB
2026/02/25 15:55:38.018, 1, NVIDIA A10G, 0 %, 0 %, 0 MiB, 23028 MiB
2026/02/25 15:55:38.018, 2, NVIDIA A10G, 0 %, 0 %, 0 MiB, 23028 MiB
2026/02/25 15:55:38.018, 3, NVIDIA A10G, 0 %, 0 %, 0 MiB, 23028 MiB
2026/02/25 15:55:39.018, 0, NVIDIA A10G, 0 %, 0 %, 2047 MiB, 23028 MiB
2026/02/25 15:55:39.018, 1, NVIDIA A10G, 0 %, 0 %, 0 MiB, 23028 MiB
2026/02/25 15:55:39.018, 2, NVIDIA A10G, 0 %, 0 %, 0 MiB, 23028 MiB
2026/02/25 15:55:39.018, 3, NVIDIA A10G, 0 %, 0 %, 0 MiB, 23028 MiB
2026/02/25 15:55:40.018, 0, NVIDIA A10G, 0 %, 0 %, 2047 MiB, 23028 MiB
2026/02/25 15:55:40.018, 1, NVIDIA A10G, 0 %, 0 %, 0 MiB, 23028 MiB
2026/02/25 15:55:40.018, 2, NVIDIA A10G, 0 %, 0 %, 0 MiB, 23028 MiB
2026/02/25 15:55:40.018, 3, NVIDIA A10G, 0 %, 0 %, 0 MiB, 23028 MiB
2026/02/25 15:55:41.018, 0, NVIDIA A10G, 0 %, 0 %, 2047 MiB, 23028 MiB
2026/02/25 15:55:41.019, 1, NVIDIA A10G, 0 %, 0 %, 0 MiB, 23028 MiB
2026/02/25 15:55:41.019, 2, NVIDIA A10G, 0 %, 0 %, 0 MiB, 23028 MiB
2026/02/25 15:55:41.019, 3, NVIDIA A10G, 0 %, 0 %, 0 MiB, 23028 MiB
2026/02/25 15:55:42.019, 0, NVIDIA A10G, 0 %, 0 %, 2047 MiB, 23028 MiB
2026/02/25 15:55:42.019, 1, NVIDIA A10G, 0 %, 0 %, 0 MiB, 23028 MiB
2026/02/25 15:55:42.019, 2, NVIDIA A10G, 0 %, 0 %, 0 MiB, 23028 MiB
2026/02/25 15:55:42.019, 3, NVIDIA A10G, 0 %, 0 %, 0 MiB, 23028 MiB
2026/02/25 15:55:43.019, 0, NVIDIA A10G, 0 %, 0 %, 2047 MiB, 23028 MiB
2026/02/25 15:55:43.019, 1, NVIDIA A10G, 0 %, 0 %, 0 MiB, 23028 MiB
2026/02/25 15:55:43.019, 2, NVIDIA A10G, 0 %, 0 %, 0 MiB, 23028 MiB
2026/02/25 15:55:43.020, 3, NVIDIA A10G, 0 %, 0 %, 0 MiB, 23028 MiB
2026/02/25 15:55:44.020, 0, NVIDIA A10G, 0 %, 0 %, 2047 MiB, 23028 MiB
2026/02/25 15:55:44.020, 1, NVIDIA A10G, 0 %, 0 %, 0 MiB, 23028 MiB
2026/02/25 15:55:44.020, 2, NVIDIA A10G, 0 %, 0 %, 0 MiB, 23028 MiB
2026/02/25 15:55:44.020, 3, NVIDIA A10G, 0 %, 0 %, 0 MiB, 23028 MiB
2026/02/25 15:55:45.020, 0, NVIDIA A10G, 22 %, 7 %, 2047 MiB, 23028 MiB
2026/02/25 15:55:45.020, 1, NVIDIA A10G, 0 %, 0 %, 0 MiB, 23028 MiB
2026/02/25 15:55:45.020, 2, NVIDIA A10G, 0 %, 0 %, 0 MiB, 23028 MiB
2026/02/25 15:55:45.020, 3, NVIDIA A10G, 0 %, 0 %, 0 MiB, 23028 MiB
2026/02/25 15:55:46.020, 0, NVIDIA A10G, 23 %, 8 %, 2047 MiB, 23028 MiB
2026/02/25 15:55:46.021, 1, NVIDIA A10G, 0 %, 0 %, 0 MiB, 23028 MiB
2026/02/25 15:55:46.021, 2, NVIDIA A10G, 0 %, 0 %, 0 MiB, 23028 MiB
2026/02/25 15:55:46.021, 3, NVIDIA A10G, 0 %, 0 %, 0 MiB, 23028 MiB
2026/02/25 15:55:47.021, 0, NVIDIA A10G, 23 %, 8 %, 2047 MiB, 23028 MiB
2026/02/25 15:55:47.021, 1, NVIDIA A10G, 0 %, 0 %, 0 MiB, 23028 MiB
2026/02/25 15:55:47.021, 2, NVIDIA A10G, 0 %, 0 %, 0 MiB, 23028 MiB
2026/02/25 15:55:47.021, 3, NVIDIA A10G, 0 %, 0 %, 0 MiB, 23028 MiB
2026/02/25 15:55:48.021, 0, NVIDIA A10G, 23 %, 8 %, 2047 MiB, 23028 MiB
2026/02/25 15:55:48.021, 1, NVIDIA A10G, 0 %, 0 %, 0 MiB, 23028 MiB
2026/02/25 15:55:48.021, 2, NVIDIA A10G, 0 %, 0 %, 0 MiB, 23028 MiB
2026/02/25 15:55:48.021, 3, NVIDIA A10G, 0 %, 0 %, 0 MiB, 23028 MiB
2026/02/25 15:55:49.021, 0, NVIDIA A10G, 22 %, 8 %, 2047 MiB, 23028 MiB
2026/02/25 15:55:49.021, 1, NVIDIA A10G, 0 %, 0 %, 0 MiB, 23028 MiB
2026/02/25 15:55:49.022, 2, NVIDIA A10G, 0 %, 0 %, 0 MiB, 23028 MiB
2026/02/25 15:55:49.022, 3, NVIDIA A10G, 0 %, 0 %, 0 MiB, 23028 MiB
2026/02/25 15:55:50.022, 0, NVIDIA A10G, 23 %, 8 %, 2047 MiB, 23028 MiB
2026/02/25 15:55:50.022, 1, NVIDIA A10G, 0 %, 0 %, 0 MiB, 23028 MiB
2026/02/25 15:55:50.022, 2, NVIDIA A10G, 0 %, 0 %, 0 MiB, 23028 MiB
2026/02/25 15:55:50.022, 3, NVIDIA A10G, 0 %, 0 %, 0 MiB, 23028 MiB
2026/02/25 15:55:51.022, 0, NVIDIA A10G, 22 %, 8 %, 2047 MiB, 23028 MiB
2026/02/25 15:55:51.022, 1, NVIDIA A10G, 0 %, 0 %, 0 MiB, 23028 MiB
2026/02/25 15:55:51.022, 2, NVIDIA A10G, 0 %, 0 %, 0 MiB, 23028 MiB
2026/02/25 15:55:51.022, 3, NVIDIA A10G, 0 %, 0 %, 0 MiB, 23028 MiB
2026/02/25 15:55:52.022, 0, NVIDIA A10G, 24 %, 9 %, 2047 MiB, 23028 MiB
2026/02/25 15:55:52.022, 1, NVIDIA A10G, 0 %, 0 %, 0 MiB, 23028 MiB
2026/02/25 15:55:52.023, 2, NVIDIA A10G, 0 %, 0 %, 0 MiB, 23028 MiB
2026/02/25 15:55:52.023, 3, NVIDIA A10G, 0 %, 0 %, 0 MiB, 23028 MiB
2026/02/25 15:55:53.023, 0, NVIDIA A10G, 22 %, 7 %, 2047 MiB, 23028 MiB
2026/02/25 15:55:53.023, 1, NVIDIA A10G, 0 %, 0 %, 0 MiB, 23028 MiB
2026/02/25 15:55:53.023, 2, NVIDIA A10G, 0 %, 0 %, 0 MiB, 23028 MiB
2026/02/25 15:55:53.023, 3, NVIDIA A10G, 0 %, 0 %, 0 MiB, 23028 MiB
2026/02/25 15:55:54.023, 0, NVIDIA A10G, 0 %, 0 %, 2047 MiB, 23028 MiB
2026/02/25 15:55:54.023, 1, NVIDIA A10G, 0 %, 0 %, 0 MiB, 23028 MiB
2026/02/25 15:55:54.023, 2, NVIDIA A10G, 0 %, 0 %, 0 MiB, 23028 MiB
2026/02/25 15:55:54.023, 3, NVIDIA A10G, 0 %, 0 %, 0 MiB, 23028 MiB
2026/02/25 15:55:55.023, 0, NVIDIA A10G, 0 %, 0 %, 2047 MiB, 23028 MiB
2026/02/25 15:55:55.023, 1, NVIDIA A10G, 0 %, 0 %, 0 MiB, 23028 MiB
2026/02/25 15:55:55.023, 2, NVIDIA A10G, 0 %, 0 %, 0 MiB, 23028 MiB
2026/02/25 15:55:55.023, 3, NVIDIA A10G, 0 %, 0 %, 0 MiB, 23028 MiB
2026/02/25 15:55:56.024, 0, NVIDIA A10G, 0 %, 0 %, 2047 MiB, 23028 MiB
2026/02/25 15:55:56.024, 1, NVIDIA A10G, 0 %, 0 %, 0 MiB, 23028 MiB
2026/02/25 15:55:56.024, 2, NVIDIA A10G, 0 %, 0 %, 0 MiB, 23028 MiB
2026/02/25 15:55:56.024, 3, NVIDIA A10G, 0 %, 0 %, 0 MiB, 23028 MiB
2026/02/25 15:55:57.024, 0, NVIDIA A10G, 0 %, 0 %, 2047 MiB, 23028 MiB
2026/02/25 15:55:57.024, 1, NVIDIA A10G, 0 %, 0 %, 0 MiB, 23028 MiB
2026/02/25 15:55:57.024, 2, NVIDIA A10G, 0 %, 0 %, 0 MiB, 23028 MiB
2026/02/25 15:55:57.024, 3, NVIDIA A10G, 0 %, 0 %, 0 MiB, 23028 MiB
2026/02/25 15:55:58.024, 0, NVIDIA A10G, 0 %, 0 %, 2047 MiB, 23028 MiB
2026/02/25 15:55:58.024, 1, NVIDIA A10G, 0 %, 0 %, 0 MiB, 23028 MiB
2026/02/25 15:55:58.024, 2, NVIDIA A10G, 0 %, 0 %, 0 MiB, 23028 MiB
2026/02/25 15:55:58.025, 3, NVIDIA A10G, 0 %, 0 %, 0 MiB, 23028 MiB
2026/02/25 15:55:59.025, 0, NVIDIA A10G, 0 %, 0 %, 2047 MiB, 23028 MiB
2026/02/25 15:55:59.025, 1, NVIDIA A10G, 0 %, 0 %, 0 MiB, 23028 MiB
2026/02/25 15:55:59.025, 2, NVIDIA A10G, 0 %, 0 %, 0 MiB, 23028 MiB
2026/02/25 15:55:59.025, 3, NVIDIA A10G, 0 %, 0 %, 0 MiB, 23028 MiB
2026/02/25 15:56:00.025, 0, NVIDIA A10G, 0 %, 0 %, 2047 MiB, 23028 MiB
2026/02/25 15:56:00.025, 1, NVIDIA A10G, 0 %, 0 %, 0 MiB, 23028 MiB
2026/02/25 15:56:00.025, 2, NVIDIA A10G, 0 %, 0 %, 0 MiB, 23028 MiB
2026/02/25 15:56:00.025, 3, NVIDIA A10G, 0 %, 0 %, 0 MiB, 23028 MiB
2026/02/25 15:56:01.025, 0, NVIDIA A10G, 0 %, 0 %, 2047 MiB, 23028 MiB
2026/02/25 15:56:01.025, 1, NVIDIA A10G, 0 %, 0 %, 0 MiB, 23028 MiB
2026/02/25 15:56:01.025, 2, NVIDIA A10G, 0 %, 0 %, 0 MiB, 23028 MiB
2026/02/25 15:56:01.025, 3, NVIDIA A10G, 0 %, 0 %, 0 MiB, 23028 MiB
2026/02/25 15:56:02.026, 0, NVIDIA A10G, 85 %, 54 %, 2047 MiB, 23028 MiB
2026/02/25 15:56:02.026, 1, NVIDIA A10G, 0 %, 0 %, 0 MiB, 23028 MiB
2026/02/25 15:56:02.026, 2, NVIDIA A10G, 0 %, 0 %, 0 MiB, 23028 MiB
2026/02/25 15:56:02.026, 3, NVIDIA A10G, 0 %, 0 %, 0 MiB, 23028 MiB
2026/02/25 15:56:03.026, 0, NVIDIA A10G, 24 %, 9 %, 2047 MiB, 23028 MiB
2026/02/25 15:56:03.026, 1, NVIDIA A10G, 0 %, 0 %, 0 MiB, 23028 MiB
2026/02/25 15:56:03.026, 2, NVIDIA A10G, 0 %, 0 %, 0 MiB, 23028 MiB
2026/02/25 15:56:03.026, 3, NVIDIA A10G, 0 %, 0 %, 0 MiB, 23028 MiB
2026/02/25 15:56:04.026, 0, NVIDIA A10G, 23 %, 8 %, 2047 MiB, 23028 MiB
2026/02/25 15:56:04.026, 1, NVIDIA A10G, 0 %, 0 %, 0 MiB, 23028 MiB
2026/02/25 15:56:04.027, 2, NVIDIA A10G, 0 %, 0 %, 0 MiB, 23028 MiB
2026/02/25 15:56:04.027, 3, NVIDIA A10G, 0 %, 0 %, 0 MiB, 23028 MiB
2026/02/25 15:56:05.027, 0, NVIDIA A10G, 22 %, 8 %, 2047 MiB, 23028 MiB
2026/02/25 15:56:05.027, 1, NVIDIA A10G, 0 %, 0 %, 0 MiB, 23028 MiB
2026/02/25 15:56:05.027, 2, NVIDIA A10G, 0 %, 0 %, 0 MiB, 23028 MiB
2026/02/25 15:56:05.027, 3, NVIDIA A10G, 0 %, 0 %, 0 MiB, 23028 MiB
2026/02/25 15:56:06.027, 0, NVIDIA A10G, 22 %, 8 %, 2047 MiB, 23028 MiB
2026/02/25 15:56:06.027, 1, NVIDIA A10G, 0 %, 0 %, 0 MiB, 23028 MiB
2026/02/25 15:56:06.027, 2, NVIDIA A10G, 0 %, 0 %, 0 MiB, 23028 MiB
2026/02/25 15:56:06.027, 3, NVIDIA A10G, 0 %, 0 %, 0 MiB, 23028 MiB
2026/02/25 15:56:07.027, 0, NVIDIA A10G, 21 %, 8 %, 2047 MiB, 23028 MiB
2026/02/25 15:56:07.028, 1, NVIDIA A10G, 0 %, 0 %, 0 MiB, 23028 MiB
2026/02/25 15:56:07.028, 2, NVIDIA A10G, 0 %, 0 %, 0 MiB, 23028 MiB
2026/02/25 15:56:07.028, 3, NVIDIA A10G, 0 %, 0 %, 0 MiB, 23028 MiB
2026/02/25 15:56:08.028, 0, NVIDIA A10G, 22 %, 7 %, 2047 MiB, 23028 MiB
2026/02/25 15:56:08.028, 1, NVIDIA A10G, 0 %, 0 %, 0 MiB, 23028 MiB
2026/02/25 15:56:08.028, 2, NVIDIA A10G, 0 %, 0 %, 0 MiB, 23028 MiB
2026/02/25 15:56:08.028, 3, NVIDIA A10G, 0 %, 0 %, 0 MiB, 23028 MiB
2026/02/25 15:56:09.028, 0, NVIDIA A10G, 22 %, 7 %, 2047 MiB, 23028 MiB
2026/02/25 15:56:09.028, 1, NVIDIA A10G, 0 %, 0 %, 0 MiB, 23028 MiB
2026/02/25 15:56:09.028, 2, NVIDIA A10G, 0 %, 0 %, 0 MiB, 23028 MiB
2026/02/25 15:56:09.028, 3, NVIDIA A10G, 0 %, 0 %, 0 MiB, 23028 MiB
2026/02/25 15:56:10.029, 0, NVIDIA A10G, 23 %, 8 %, 2047 MiB, 23028 MiB
2026/02/25 15:56:10.029, 1, NVIDIA A10G, 0 %, 0 %, 0 MiB, 23028 MiB
2026/02/25 15:56:10.029, 2, NVIDIA A10G, 0 %, 0 %, 0 MiB, 23028 MiB
2026/02/25 15:56:10.029, 3, NVIDIA A10G, 0 %, 0 %, 0 MiB, 23028 MiB
2026/02/25 15:56:11.029, 0, NVIDIA A10G, 23 %, 7 %, 2047 MiB, 23028 MiB
2026/02/25 15:56:11.029, 1, NVIDIA A10G, 0 %, 0 %, 0 MiB, 23028 MiB
2026/02/25 15:56:11.029, 2, NVIDIA A10G, 0 %, 0 %, 0 MiB, 23028 MiB
2026/02/25 15:56:11.029, 3, NVIDIA A10G, 0 %, 0 %, 0 MiB, 23028 MiB
2026/02/25 15:56:12.029, 0, NVIDIA A10G, 0 %, 0 %, 2047 MiB, 23028 MiB
2026/02/25 15:56:12.030, 1, NVIDIA A10G, 0 %, 0 %, 0 MiB, 23028 MiB
2026/02/25 15:56:12.030, 2, NVIDIA A10G, 0 %, 0 %, 0 MiB, 23028 MiB
2026/02/25 15:56:12.030, 3, NVIDIA A10G, 0 %, 0 %, 0 MiB, 23028 MiB
2026/02/25 15:56:13.030, 0, NVIDIA A10G, 0 %, 0 %, 2047 MiB, 23028 MiB
2026/02/25 15:56:13.030, 1, NVIDIA A10G, 0 %, 0 %, 0 MiB, 23028 MiB
2026/02/25 15:56:13.030, 2, NVIDIA A10G, 0 %, 0 %, 0 MiB, 23028 MiB
2026/02/25 15:56:13.030, 3, NVIDIA A10G, 0 %, 0 %, 0 MiB, 23028 MiB
2026/02/25 15:56:14.030, 0, NVIDIA A10G, 0 %, 0 %, 2047 MiB, 23028 MiB
2026/02/25 15:56:14.030, 1, NVIDIA A10G, 0 %, 0 %, 0 MiB, 23028 MiB
2026/02/25 15:56:14.030, 2, NVIDIA A10G, 0 %, 0 %, 0 MiB, 23028 MiB
2026/02/25 15:56:14.030, 3, NVIDIA A10G, 0 %, 0 %, 0 MiB, 23028 MiB
2026/02/25 15:56:15.031, 0, NVIDIA A10G, 0 %, 0 %, 2047 MiB, 23028 MiB
2026/02/25 15:56:15.031, 1, NVIDIA A10G, 0 %, 0 %, 0 MiB, 23028 MiB
2026/02/25 15:56:15.031, 2, NVIDIA A10G, 0 %, 0 %, 0 MiB, 23028 MiB
2026/02/25 15:56:15.031, 3, NVIDIA A10G, 0 %, 0 %, 0 MiB, 23028 MiB
2026/02/25 15:56:16.031, 0, NVIDIA A10G, 0 %, 0 %, 2047 MiB, 23028 MiB
2026/02/25 15:56:16.031, 1, NVIDIA A10G, 0 %, 0 %, 0 MiB, 23028 MiB
2026/02/25 15:56:16.031, 2, NVIDIA A10G, 0 %, 0 %, 0 MiB, 23028 MiB
2026/02/25 15:56:16.031, 3, NVIDIA A10G, 0 %, 0 %, 0 MiB, 23028 MiB
2026/02/25 15:56:17.031, 0, NVIDIA A10G, 3 %, 1 %, 2047 MiB, 23028 MiB
2026/02/25 15:56:17.032, 1, NVIDIA A10G, 0 %, 0 %, 0 MiB, 23028 MiB
2026/02/25 15:56:17.032, 2, NVIDIA A10G, 0 %, 0 %, 0 MiB, 23028 MiB
2026/02/25 15:56:17.032, 3, NVIDIA A10G, 0 %, 0 %, 0 MiB, 23028 MiB
2026/02/25 15:56:18.032, 0, NVIDIA A10G, 21 %, 7 %, 2047 MiB, 23028 MiB
2026/02/25 15:56:18.032, 1, NVIDIA A10G, 0 %, 0 %, 0 MiB, 23028 MiB
2026/02/25 15:56:18.032, 2, NVIDIA A10G, 0 %, 0 %, 0 MiB, 23028 MiB
2026/02/25 15:56:18.032, 3, NVIDIA A10G, 0 %, 0 %, 0 MiB, 23028 MiB
2026/02/25 15:56:19.032, 0, NVIDIA A10G, 23 %, 7 %, 2047 MiB, 23028 MiB
2026/02/25 15:56:19.032, 1, NVIDIA A10G, 0 %, 0 %, 0 MiB, 23028 MiB
2026/02/25 15:56:19.032, 2, NVIDIA A10G, 0 %, 0 %, 0 MiB, 23028 MiB
2026/02/25 15:56:19.032, 3, NVIDIA A10G, 0 %, 0 %, 0 MiB, 23028 MiB
2026/02/25 15:56:20.033, 0, NVIDIA A10G, 21 %, 7 %, 2047 MiB, 23028 MiB
2026/02/25 15:56:20.033, 1, NVIDIA A10G, 0 %, 0 %, 0 MiB, 23028 MiB
2026/02/25 15:56:20.033, 2, NVIDIA A10G, 0 %, 0 %, 0 MiB, 23028 MiB
2026/02/25 15:56:20.033, 3, NVIDIA A10G, 0 %, 0 %, 0 MiB, 23028 MiB
2026/02/25 15:56:21.033, 0, NVIDIA A10G, 21 %, 7 %, 2047 MiB, 23028 MiB
2026/02/25 15:56:21.033, 1, NVIDIA A10G, 0 %, 0 %, 0 MiB, 23028 MiB
2026/02/25 15:56:21.033, 2, NVIDIA A10G, 0 %, 0 %, 0 MiB, 23028 MiB
2026/02/25 15:56:21.033, 3, NVIDIA A10G, 0 %, 0 %, 0 MiB, 23028 MiB
2026/02/25 15:56:22.033, 0, NVIDIA A10G, 23 %, 8 %, 2047 MiB, 23028 MiB
2026/02/25 15:56:22.033, 1, NVIDIA A10G, 0 %, 0 %, 0 MiB, 23028 MiB
2026/02/25 15:56:22.033, 2, NVIDIA A10G, 0 %, 0 %, 0 MiB, 23028 MiB
2026/02/25 15:56:22.033, 3, NVIDIA A10G, 0 %, 0 %, 0 MiB, 23028 MiB
2026/02/25 15:56:23.034, 0, NVIDIA A10G, 19 %, 6 %, 2047 MiB, 23028 MiB
2026/02/25 15:56:23.034, 1, NVIDIA A10G, 0 %, 0 %, 0 MiB, 23028 MiB
2026/02/25 15:56:23.034, 2, NVIDIA A10G, 0 %, 0 %, 0 MiB, 23028 MiB
2026/02/25 15:56:23.034, 3, NVIDIA A10G, 0 %, 0 %, 0 MiB, 23028 MiB
2026/02/25 15:56:24.034, 0, NVIDIA A10G, 0 %, 0 %, 2047 MiB, 23028 MiB
2026/02/25 15:56:24.034, 1, NVIDIA A10G, 0 %, 0 %, 0 MiB, 23028 MiB
2026/02/25 15:56:24.034, 2, NVIDIA A10G, 0 %, 0 %, 0 MiB, 23028 MiB
2026/02/25 15:56:24.034, 3, NVIDIA A10G, 0 %, 0 %, 0 MiB, 23028 MiB
2026/02/25 15:56:25.034, 0, NVIDIA A10G, 0 %, 0 %, 2047 MiB, 23028 MiB
2026/02/25 15:56:25.034, 1, NVIDIA A10G, 0 %, 0 %, 0 MiB, 23028 MiB
2026/02/25 15:56:25.034, 2, NVIDIA A10G, 0 %, 0 %, 0 MiB, 23028 MiB
2026/02/25 15:56:25.034, 3, NVIDIA A10G, 0 %, 0 %, 0 MiB, 23028 MiB
2026/02/25 15:56:26.035, 0, NVIDIA A10G, 0 %, 0 %, 2047 MiB, 23028 MiB
2026/02/25 15:56:26.035, 1, NVIDIA A10G, 0 %, 0 %, 0 MiB, 23028 MiB
2026/02/25 15:56:26.035, 2, NVIDIA A10G, 0 %, 0 %, 0 MiB, 23028 MiB
2026/02/25 15:56:26.035, 3, NVIDIA A10G, 0 %, 0 %, 0 MiB, 23028 MiB
2026/02/25 15:56:27.035, 0, NVIDIA A10G, 84 %, 53 %, 2047 MiB, 23028 MiB
2026/02/25 15:56:27.035, 1, NVIDIA A10G, 0 %, 0 %, 0 MiB, 23028 MiB
2026/02/25 15:56:27.035, 2, NVIDIA A10G, 0 %, 0 %, 0 MiB, 23028 MiB
2026/02/25 15:56:27.035, 3, NVIDIA A10G, 0 %, 0 %, 0 MiB, 23028 MiB
2026/02/25 15:56:28.035, 0, NVIDIA A10G, 23 %, 8 %, 2047 MiB, 23028 MiB
2026/02/25 15:56:28.035, 1, NVIDIA A10G, 0 %, 0 %, 0 MiB, 23028 MiB
2026/02/25 15:56:28.035, 2, NVIDIA A10G, 0 %, 0 %, 0 MiB, 23028 MiB
2026/02/25 15:56:28.035, 3, NVIDIA A10G, 0 %, 0 %, 0 MiB, 23028 MiB
2026/02/25 15:56:29.036, 0, NVIDIA A10G, 22 %, 8 %, 2047 MiB, 23028 MiB
2026/02/25 15:56:29.036, 1, NVIDIA A10G, 0 %, 0 %, 0 MiB, 23028 MiB
2026/02/25 15:56:29.036, 2, NVIDIA A10G, 0 %, 0 %, 0 MiB, 23028 MiB
2026/02/25 15:56:29.036, 3, NVIDIA A10G, 0 %, 0 %, 0 MiB, 23028 MiB
2026/02/25 15:56:30.036, 0, NVIDIA A10G, 23 %, 8 %, 2047 MiB, 23028 MiB
2026/02/25 15:56:30.036, 1, NVIDIA A10G, 0 %, 0 %, 0 MiB, 23028 MiB
2026/02/25 15:56:30.036, 2, NVIDIA A10G, 0 %, 0 %, 0 MiB, 23028 MiB
2026/02/25 15:56:30.036, 3, NVIDIA A10G, 0 %, 0 %, 0 MiB, 23028 MiB
2026/02/25 15:56:31.036, 0, NVIDIA A10G, 20 %, 7 %, 2047 MiB, 23028 MiB
2026/02/25 15:56:31.036, 1, NVIDIA A10G, 0 %, 0 %, 0 MiB, 23028 MiB
2026/02/25 15:56:31.036, 2, NVIDIA A10G, 0 %, 0 %, 0 MiB, 23028 MiB
2026/02/25 15:56:31.036, 3, NVIDIA A10G, 0 %, 0 %, 0 MiB, 23028 MiB
2026/02/25 15:56:32.037, 0, NVIDIA A10G, 0 %, 0 %, 2047 MiB, 23028 MiB
2026/02/25 15:56:32.037, 1, NVIDIA A10G, 0 %, 0 %, 0 MiB, 23028 MiB
2026/02/25 15:56:32.037, 2, NVIDIA A10G, 0 %, 0 %, 0 MiB, 23028 MiB
2026/02/25 15:56:32.037, 3, NVIDIA A10G, 0 %, 0 %, 0 MiB, 23028 MiB
2026/02/25 15:56:33.037, 0, NVIDIA A10G, 0 %, 0 %, 2047 MiB, 23028 MiB
2026/02/25 15:56:33.037, 1, NVIDIA A10G, 0 %, 0 %, 0 MiB, 23028 MiB
2026/02/25 15:56:33.037, 2, NVIDIA A10G, 0 %, 0 %, 0 MiB, 23028 MiB
2026/02/25 15:56:33.037, 3, NVIDIA A10G, 0 %, 0 %, 0 MiB, 23028 MiB
2026/02/25 15:56:34.037, 0, NVIDIA A10G, 0 %, 0 %, 2047 MiB, 23028 MiB
2026/02/25 15:56:34.038, 1, NVIDIA A10G, 0 %, 0 %, 0 MiB, 23028 MiB
2026/02/25 15:56:34.038, 2, NVIDIA A10G, 0 %, 0 %, 0 MiB, 23028 MiB
2026/02/25 15:56:34.038, 3, NVIDIA A10G, 0 %, 0 %, 0 MiB, 23028 MiB
2026/02/25 15:56:35.038, 0, NVIDIA A10G, 0 %, 0 %, 2047 MiB, 23028 MiB
2026/02/25 15:56:35.038, 1, NVIDIA A10G, 0 %, 0 %, 0 MiB, 23028 MiB
2026/02/25 15:56:35.038, 2, NVIDIA A10G, 0 %, 0 %, 0 MiB, 23028 MiB
2026/02/25 15:56:35.038, 3, NVIDIA A10G, 0 %, 0 %, 0 MiB, 23028 MiB
2026/02/25 15:56:36.038, 0, NVIDIA A10G, 100 %, 64 %, 2047 MiB, 23028 MiB
2026/02/25 15:56:36.038, 1, NVIDIA A10G, 0 %, 0 %, 0 MiB, 23028 MiB
2026/02/25 15:56:36.038, 2, NVIDIA A10G, 0 %, 0 %, 0 MiB, 23028 MiB
2026/02/25 15:56:36.038, 3, NVIDIA A10G, 0 %, 0 %, 0 MiB, 23028 MiB
2026/02/25 15:56:37.038, 0, NVIDIA A10G, 21 %, 7 %, 2047 MiB, 23028 MiB
2026/02/25 15:56:37.039, 1, NVIDIA A10G, 0 %, 0 %, 0 MiB, 23028 MiB
2026/02/25 15:56:37.039, 2, NVIDIA A10G, 0 %, 0 %, 0 MiB, 23028 MiB
2026/02/25 15:56:37.039, 3, NVIDIA A10G, 0 %, 0 %, 0 MiB, 23028 MiB
2026/02/25 15:56:38.039, 0, NVIDIA A10G, 23 %, 8 %, 2047 MiB, 23028 MiB
2026/02/25 15:56:38.039, 1, NVIDIA A10G, 0 %, 0 %, 0 MiB, 23028 MiB
2026/02/25 15:56:38.039, 2, NVIDIA A10G, 0 %, 0 %, 0 MiB, 23028 MiB
2026/02/25 15:56:38.039, 3, NVIDIA A10G, 0 %, 0 %, 0 MiB, 23028 MiB
2026/02/25 15:56:39.039, 0, NVIDIA A10G, 22 %, 7 %, 2047 MiB, 23028 MiB
2026/02/25 15:56:39.039, 1, NVIDIA A10G, 0 %, 0 %, 0 MiB, 23028 MiB
2026/02/25 15:56:39.039, 2, NVIDIA A10G, 0 %, 0 %, 0 MiB, 23028 MiB
2026/02/25 15:56:39.039, 3, NVIDIA A10G, 0 %, 0 %, 0 MiB, 23028 MiB
2026/02/25 15:56:40.040, 0, NVIDIA A10G, 18 %, 6 %, 2047 MiB, 23028 MiB
2026/02/25 15:56:40.040, 1, NVIDIA A10G, 0 %, 0 %, 0 MiB, 23028 MiB
2026/02/25 15:56:40.040, 2, NVIDIA A10G, 0 %, 0 %, 0 MiB, 23028 MiB
2026/02/25 15:56:40.040, 3, NVIDIA A10G, 0 %, 0 %, 0 MiB, 23028 MiB
2026/02/25 15:56:41.040, 0, NVIDIA A10G, 20 %, 6 %, 2047 MiB, 23028 MiB
2026/02/25 15:56:41.040, 1, NVIDIA A10G, 0 %, 0 %, 0 MiB, 23028 MiB
2026/02/25 15:56:41.040, 2, NVIDIA A10G, 0 %, 0 %, 0 MiB, 23028 MiB
2026/02/25 15:56:41.040, 3, NVIDIA A10G, 0 %, 0 %, 0 MiB, 23028 MiB
2026/02/25 15:56:42.040, 0, NVIDIA A10G, 21 %, 7 %, 2047 MiB, 23028 MiB
2026/02/25 15:56:42.040, 1, NVIDIA A10G, 0 %, 0 %, 0 MiB, 23028 MiB
2026/02/25 15:56:42.040, 2, NVIDIA A10G, 0 %, 0 %, 0 MiB, 23028 MiB
2026/02/25 15:56:42.040, 3, NVIDIA A10G, 0 %, 0 %, 0 MiB, 23028 MiB
2026/02/25 15:56:43.040, 0, NVIDIA A10G, 0 %, 0 %, 2047 MiB, 23028 MiB
2026/02/25 15:56:43.041, 1, NVIDIA A10G, 0 %, 0 %, 0 MiB, 23028 MiB
2026/02/25 15:56:43.041, 2, NVIDIA A10G, 0 %, 0 %, 0 MiB, 23028 MiB
2026/02/25 15:56:43.041, 3, NVIDIA A10G, 0 %, 0 %, 0 MiB, 23028 MiB
2026/02/25 15:56:44.041, 0, NVIDIA A10G, 0 %, 0 %, 2047 MiB, 23028 MiB
2026/02/25 15:56:44.041, 1, NVIDIA A10G, 0 %, 0 %, 0 MiB, 23028 MiB
2026/02/25 15:56:44.041, 2, NVIDIA A10G, 0 %, 0 %, 0 MiB, 23028 MiB
2026/02/25 15:56:44.041, 3, NVIDIA A10G, 0 %, 0 %, 0 MiB, 23028 MiB
2026/02/25 15:56:45.041, 0, NVIDIA A10G, 0 %, 0 %, 2047 MiB, 23028 MiB
2026/02/25 15:56:45.041, 1, NVIDIA A10G, 0 %, 0 %, 0 MiB, 23028 MiB
2026/02/25 15:56:45.041, 2, NVIDIA A10G, 0 %, 0 %, 0 MiB, 23028 MiB
2026/02/25 15:56:45.042, 3, NVIDIA A10G, 0 %, 0 %, 0 MiB, 23028 MiB
2026/02/25 15:56:46.042, 0, NVIDIA A10G, 0 %, 0 %, 2047 MiB, 23028 MiB
2026/02/25 15:56:46.042, 1, NVIDIA A10G, 0 %, 0 %, 0 MiB, 23028 MiB
2026/02/25 15:56:46.042, 2, NVIDIA A10G, 0 %, 0 %, 0 MiB, 23028 MiB
2026/02/25 15:56:46.042, 3, NVIDIA A10G, 0 %, 0 %, 0 MiB, 23028 MiB
2026/02/25 15:56:47.042, 0, NVIDIA A10G, 0 %, 0 %, 2047 MiB, 23028 MiB
2026/02/25 15:56:47.042, 1, NVIDIA A10G, 0 %, 0 %, 0 MiB, 23028 MiB
2026/02/25 15:56:47.042, 2, NVIDIA A10G, 0 %, 0 %, 0 MiB, 23028 MiB
2026/02/25 15:56:47.042, 3, NVIDIA A10G, 0 %, 0 %, 0 MiB, 23028 MiB
2026/02/25 15:56:48.042, 0, NVIDIA A10G, 0 %, 0 %, 2047 MiB, 23028 MiB
2026/02/25 15:56:48.043, 1, NVIDIA A10G, 0 %, 0 %, 0 MiB, 23028 MiB
2026/02/25 15:56:48.043, 2, NVIDIA A10G, 0 %, 0 %, 0 MiB, 23028 MiB
2026/02/25 15:56:48.043, 3, NVIDIA A10G, 0 %, 0 %, 0 MiB, 23028 MiB
2026/02/25 15:56:49.043, 0, NVIDIA A10G, 0 %, 0 %, 2047 MiB, 23028 MiB
2026/02/25 15:56:49.043, 1, NVIDIA A10G, 0 %, 0 %, 0 MiB, 23028 MiB
2026/02/25 15:56:49.043, 2, NVIDIA A10G, 0 %, 0 %, 0 MiB, 23028 MiB
2026/02/25 15:56:49.043, 3, NVIDIA A10G, 0 %, 0 %, 0 MiB, 23028 MiB
2026/02/25 15:56:50.043, 0, NVIDIA A10G, 10 %, 4 %, 2047 MiB, 23028 MiB
2026/02/25 15:56:50.043, 1, NVIDIA A10G, 0 %, 0 %, 0 MiB, 23028 MiB
2026/02/25 15:56:50.043, 2, NVIDIA A10G, 0 %, 0 %, 0 MiB, 23028 MiB
2026/02/25 15:56:50.043, 3, NVIDIA A10G, 0 %, 0 %, 0 MiB, 23028 MiB
2026/02/25 15:56:51.043, 0, NVIDIA A10G, 23 %, 8 %, 2047 MiB, 23028 MiB
2026/02/25 15:56:51.044, 1, NVIDIA A10G, 0 %, 0 %, 0 MiB, 23028 MiB
2026/02/25 15:56:51.044, 2, NVIDIA A10G, 0 %, 0 %, 0 MiB, 23028 MiB
2026/02/25 15:56:51.044, 3, NVIDIA A10G, 0 %, 0 %, 0 MiB, 23028 MiB
2026/02/25 15:56:52.044, 0, NVIDIA A10G, 22 %, 7 %, 2047 MiB, 23028 MiB
2026/02/25 15:56:52.044, 1, NVIDIA A10G, 0 %, 0 %, 0 MiB, 23028 MiB
2026/02/25 15:56:52.044, 2, NVIDIA A10G, 0 %, 0 %, 0 MiB, 23028 MiB
2026/02/25 15:56:52.044, 3, NVIDIA A10G, 0 %, 0 %, 0 MiB, 23028 MiB
2026/02/25 15:56:53.044, 0, NVIDIA A10G, 21 %, 7 %, 2047 MiB, 23028 MiB
2026/02/25 15:56:53.044, 1, NVIDIA A10G, 0 %, 0 %, 0 MiB, 23028 MiB
2026/02/25 15:56:53.044, 2, NVIDIA A10G, 0 %, 0 %, 0 MiB, 23028 MiB
2026/02/25 15:56:53.044, 3, NVIDIA A10G, 0 %, 0 %, 0 MiB, 23028 MiB
2026/02/25 15:56:54.044, 0, NVIDIA A10G, 22 %, 7 %, 2047 MiB, 23028 MiB
2026/02/25 15:56:54.045, 1, NVIDIA A10G, 0 %, 0 %, 0 MiB, 23028 MiB
2026/02/25 15:56:54.045, 2, NVIDIA A10G, 0 %, 0 %, 0 MiB, 23028 MiB
2026/02/25 15:56:54.045, 3, NVIDIA A10G, 0 %, 0 %, 0 MiB, 23028 MiB
2026/02/25 15:56:55.045, 0, NVIDIA A10G, 22 %, 7 %, 2047 MiB, 23028 MiB
2026/02/25 15:56:55.045, 1, NVIDIA A10G, 0 %, 0 %, 0 MiB, 23028 MiB
2026/02/25 15:56:55.045, 2, NVIDIA A10G, 0 %, 0 %, 0 MiB, 23028 MiB
2026/02/25 15:56:55.045, 3, NVIDIA A10G, 0 %, 0 %, 0 MiB, 23028 MiB
2026/02/25 15:56:56.045, 0, NVIDIA A10G, 21 %, 6 %, 2047 MiB, 23028 MiB
2026/02/25 15:56:56.045, 1, NVIDIA A10G, 0 %, 0 %, 0 MiB, 23028 MiB
2026/02/25 15:56:56.045, 2, NVIDIA A10G, 0 %, 0 %, 0 MiB, 23028 MiB
2026/02/25 15:56:56.045, 3, NVIDIA A10G, 0 %, 0 %, 0 MiB, 23028 MiB
2026/02/25 15:56:57.046, 0, NVIDIA A10G, 0 %, 0 %, 2047 MiB, 23028 MiB
2026/02/25 15:56:57.046, 1, NVIDIA A10G, 0 %, 0 %, 0 MiB, 23028 MiB
2026/02/25 15:56:57.046, 2, NVIDIA A10G, 0 %, 0 %, 0 MiB, 23028 MiB
2026/02/25 15:56:57.046, 3, NVIDIA A10G, 0 %, 0 %, 0 MiB, 23028 MiB
2026/02/25 15:56:58.046, 0, NVIDIA A10G, 0 %, 0 %, 2047 MiB, 23028 MiB
2026/02/25 15:56:58.046, 1, NVIDIA A10G, 0 %, 0 %, 0 MiB, 23028 MiB
2026/02/25 15:56:58.046, 2, NVIDIA A10G, 0 %, 0 %, 0 MiB, 23028 MiB
2026/02/25 15:56:58.046, 3, NVIDIA A10G, 0 %, 0 %, 0 MiB, 23028 MiB
2026/02/25 15:56:59.046, 0, NVIDIA A10G, 0 %, 0 %, 2047 MiB, 23028 MiB
2026/02/25 15:56:59.046, 1, NVIDIA A10G, 0 %, 0 %, 0 MiB, 23028 MiB
2026/02/25 15:56:59.046, 2, NVIDIA A10G, 0 %, 0 %, 0 MiB, 23028 MiB
2026/02/25 15:56:59.046, 3, NVIDIA A10G, 0 %, 0 %, 0 MiB, 23028 MiB
2026/02/25 15:57:00.047, 0, NVIDIA A10G, 0 %, 0 %, 2047 MiB, 23028 MiB
2026/02/25 15:57:00.047, 1, NVIDIA A10G, 0 %, 0 %, 0 MiB, 23028 MiB
2026/02/25 15:57:00.047, 2, NVIDIA A10G, 0 %, 0 %, 0 MiB, 23028 MiB
2026/02/25 15:57:00.047, 3, NVIDIA A10G, 0 %, 0 %, 0 MiB, 23028 MiB
2026/02/25 15:57:01.047, 0, NVIDIA A10G, 0 %, 0 %, 2047 MiB, 23028 MiB
2026/02/25 15:57:01.047, 1, NVIDIA A10G, 0 %, 0 %, 0 MiB, 23028 MiB
2026/02/25 15:57:01.047, 2, NVIDIA A10G, 0 %, 0 %, 0 MiB, 23028 MiB
2026/02/25 15:57:01.047, 3, NVIDIA A10G, 0 %, 0 %, 0 MiB, 23028 MiB
2026/02/25 15:57:02.047, 0, NVIDIA A10G, 0 %, 0 %, 2047 MiB, 23028 MiB
2026/02/25 15:57:02.047, 1, NVIDIA A10G, 0 %, 0 %, 0 MiB, 23028 MiB
2026/02/25 15:57:02.047, 2, NVIDIA A10G, 0 %, 0 %, 0 MiB, 23028 MiB
2026/02/25 15:57:02.047, 3, NVIDIA A10G, 0 %, 0 %, 0 MiB, 23028 MiB
2026/02/25 15:57:03.048, 0, NVIDIA A10G, 0 %, 0 %, 2047 MiB, 23028 MiB
2026/02/25 15:57:03.048, 1, NVIDIA A10G, 0 %, 0 %, 0 MiB, 23028 MiB
2026/02/25 15:57:03.048, 2, NVIDIA A10G, 0 %, 0 %, 0 MiB, 23028 MiB
2026/02/25 15:57:03.048, 3, NVIDIA A10G, 0 %, 0 %, 0 MiB, 23028 MiB
2026/02/25 15:57:04.048, 0, NVIDIA A10G, 0 %, 0 %, 2047 MiB, 23028 MiB
2026/02/25 15:57:04.048, 1, NVIDIA A10G, 0 %, 0 %, 0 MiB, 23028 MiB
2026/02/25 15:57:04.048, 2, NVIDIA A10G, 0 %, 0 %, 0 MiB, 23028 MiB
2026/02/25 15:57:04.048, 3, NVIDIA A10G, 0 %, 0 %, 0 MiB, 23028 MiB
2026/02/25 15:57:05.048, 0, NVIDIA A10G, 0 %, 0 %, 2047 MiB, 23028 MiB
2026/02/25 15:57:05.049, 1, NVIDIA A10G, 0 %, 0 %, 0 MiB, 23028 MiB
2026/02/25 15:57:05.049, 2, NVIDIA A10G, 0 %, 0 %, 0 MiB, 23028 MiB
2026/02/25 15:57:05.049, 3, NVIDIA A10G, 0 %, 0 %, 0 MiB, 23028 MiB
2026/02/25 15:57:06.049, 0, NVIDIA A10G, 0 %, 0 %, 2047 MiB, 23028 MiB
2026/02/25 15:57:06.049, 1, NVIDIA A10G, 0 %, 0 %, 0 MiB, 23028 MiB
2026/02/25 15:57:06.049, 2, NVIDIA A10G, 0 %, 0 %, 0 MiB, 23028 MiB
2026/02/25 15:57:06.049, 3, NVIDIA A10G, 0 %, 0 %, 0 MiB, 23028 MiB
2026/02/25 15:57:07.049, 0, NVIDIA A10G, 0 %, 0 %, 2047 MiB, 23028 MiB
2026/02/25 15:57:07.049, 1, NVIDIA A10G, 0 %, 0 %, 0 MiB, 23028 MiB
2026/02/25 15:57:07.049, 2, NVIDIA A10G, 0 %, 0 %, 0 MiB, 23028 MiB
2026/02/25 15:57:07.049, 3, NVIDIA A10G, 0 %, 0 %, 0 MiB, 23028 MiB
2026/02/25 15:57:08.050, 0, NVIDIA A10G, 0 %, 0 %, 2047 MiB, 23028 MiB
2026/02/25 15:57:08.050, 1, NVIDIA A10G, 0 %, 0 %, 0 MiB, 23028 MiB
2026/02/25 15:57:08.050, 2, NVIDIA A10G, 0 %, 0 %, 0 MiB, 23028 MiB
2026/02/25 15:57:08.050, 3, NVIDIA A10G, 0 %, 0 %, 0 MiB, 23028 MiB
2026/02/25 15:57:09.050, 0, NVIDIA A10G, 23 %, 7 %, 2047 MiB, 23028 MiB
2026/02/25 15:57:09.050, 1, NVIDIA A10G, 0 %, 0 %, 0 MiB, 23028 MiB
2026/02/25 15:57:09.050, 2, NVIDIA A10G, 0 %, 0 %, 0 MiB, 23028 MiB
2026/02/25 15:57:09.050, 3, NVIDIA A10G, 0 %, 0 %, 0 MiB, 23028 MiB
2026/02/25 15:57:10.050, 0, NVIDIA A10G, 24 %, 8 %, 2047 MiB, 23028 MiB
2026/02/25 15:57:10.050, 1, NVIDIA A10G, 0 %, 0 %, 0 MiB, 23028 MiB
2026/02/25 15:57:10.050, 2, NVIDIA A10G, 0 %, 0 %, 0 MiB, 23028 MiB
2026/02/25 15:57:10.051, 3, NVIDIA A10G, 0 %, 0 %, 0 MiB, 23028 MiB
2026/02/25 15:57:11.051, 0, NVIDIA A10G, 23 %, 8 %, 2047 MiB, 23028 MiB
2026/02/25 15:57:11.051, 1, NVIDIA A10G, 0 %, 0 %, 0 MiB, 23028 MiB
2026/02/25 15:57:11.051, 2, NVIDIA A10G, 0 %, 0 %, 0 MiB, 23028 MiB
2026/02/25 15:57:11.051, 3, NVIDIA A10G, 0 %, 0 %, 0 MiB, 23028 MiB
2026/02/25 15:57:12.051, 0, NVIDIA A10G, 25 %, 9 %, 2047 MiB, 23028 MiB
2026/02/25 15:57:12.051, 1, NVIDIA A10G, 0 %, 0 %, 0 MiB, 23028 MiB
2026/02/25 15:57:12.051, 2, NVIDIA A10G, 0 %, 0 %, 0 MiB, 23028 MiB
2026/02/25 15:57:12.051, 3, NVIDIA A10G, 0 %, 0 %, 0 MiB, 23028 MiB
2026/02/25 15:57:13.051, 0, NVIDIA A10G, 22 %, 7 %, 2047 MiB, 23028 MiB
2026/02/25 15:57:13.052, 1, NVIDIA A10G, 0 %, 0 %, 0 MiB, 23028 MiB
2026/02/25 15:57:13.052, 2, NVIDIA A10G, 0 %, 0 %, 0 MiB, 23028 MiB
2026/02/25 15:57:13.052, 3, NVIDIA A10G, 0 %, 0 %, 0 MiB, 23028 MiB
2026/02/25 15:57:14.052, 0, NVIDIA A10G, 23 %, 7 %, 2047 MiB, 23028 MiB
2026/02/25 15:57:14.052, 1, NVIDIA A10G, 0 %, 0 %, 0 MiB, 23028 MiB
2026/02/25 15:57:14.052, 2, NVIDIA A10G, 0 %, 0 %, 0 MiB, 23028 MiB
2026/02/25 15:57:14.052, 3, NVIDIA A10G, 0 %, 0 %, 0 MiB, 23028 MiB
2026/02/25 15:57:15.052, 0, NVIDIA A10G, 22 %, 8 %, 2047 MiB, 23028 MiB
2026/02/25 15:57:15.052, 1, NVIDIA A10G, 0 %, 0 %, 0 MiB, 23028 MiB
2026/02/25 15:57:15.052, 2, NVIDIA A10G, 0 %, 0 %, 0 MiB, 23028 MiB
2026/02/25 15:57:15.052, 3, NVIDIA A10G, 0 %, 0 %, 0 MiB, 23028 MiB
2026/02/25 15:57:16.052, 0, NVIDIA A10G, 24 %, 9 %, 2047 MiB, 23028 MiB
2026/02/25 15:57:16.052, 1, NVIDIA A10G, 0 %, 0 %, 0 MiB, 23028 MiB
2026/02/25 15:57:16.052, 2, NVIDIA A10G, 0 %, 0 %, 0 MiB, 23028 MiB
2026/02/25 15:57:16.053, 3, NVIDIA A10G, 0 %, 0 %, 0 MiB, 23028 MiB
2026/02/25 15:57:17.053, 0, NVIDIA A10G, 23 %, 8 %, 2047 MiB, 23028 MiB
2026/02/25 15:57:17.053, 1, NVIDIA A10G, 0 %, 0 %, 0 MiB, 23028 MiB
2026/02/25 15:57:17.053, 2, NVIDIA A10G, 0 %, 0 %, 0 MiB, 23028 MiB
2026/02/25 15:57:17.053, 3, NVIDIA A10G, 0 %, 0 %, 0 MiB, 23028 MiB
2026/02/25 15:57:18.053, 0, NVIDIA A10G, 21 %, 7 %, 2047 MiB, 23028 MiB
2026/02/25 15:57:18.053, 1, NVIDIA A10G, 0 %, 0 %, 0 MiB, 23028 MiB
2026/02/25 15:57:18.053, 2, NVIDIA A10G, 0 %, 0 %, 0 MiB, 23028 MiB
2026/02/25 15:57:18.053, 3, NVIDIA A10G, 0 %, 0 %, 0 MiB, 23028 MiB
2026/02/25 15:57:19.053, 0, NVIDIA A10G, 21 %, 7 %, 2047 MiB, 23028 MiB
2026/02/25 15:57:19.053, 1, NVIDIA A10G, 0 %, 0 %, 0 MiB, 23028 MiB
2026/02/25 15:57:19.053, 2, NVIDIA A10G, 0 %, 0 %, 0 MiB, 23028 MiB
2026/02/25 15:57:19.053, 3, NVIDIA A10G, 0 %, 0 %, 0 MiB, 23028 MiB
2026/02/25 15:57:20.054, 0, NVIDIA A10G, 24 %, 8 %, 2047 MiB, 23028 MiB
2026/02/25 15:57:20.054, 1, NVIDIA A10G, 0 %, 0 %, 0 MiB, 23028 MiB
2026/02/25 15:57:20.054, 2, NVIDIA A10G, 0 %, 0 %, 0 MiB, 23028 MiB
2026/02/25 15:57:20.054, 3, NVIDIA A10G, 0 %, 0 %, 0 MiB, 23028 MiB
2026/02/25 15:57:21.054, 0, NVIDIA A10G, 0 %, 0 %, 2047 MiB, 23028 MiB
2026/02/25 15:57:21.054, 1, NVIDIA A10G, 0 %, 0 %, 0 MiB, 23028 MiB
2026/02/25 15:57:21.054, 2, NVIDIA A10G, 0 %, 0 %, 0 MiB, 23028 MiB
2026/02/25 15:57:21.054, 3, NVIDIA A10G, 0 %, 0 %, 0 MiB, 23028 MiB
2026/02/25 15:57:22.054, 0, NVIDIA A10G, 0 %, 0 %, 2047 MiB, 23028 MiB
2026/02/25 15:57:22.054, 1, NVIDIA A10G, 0 %, 0 %, 0 MiB, 23028 MiB
2026/02/25 15:57:22.054, 2, NVIDIA A10G, 0 %, 0 %, 0 MiB, 23028 MiB
2026/02/25 15:57:22.054, 3, NVIDIA A10G, 0 %, 0 %, 0 MiB, 23028 MiB
2026/02/25 15:57:23.055, 0, NVIDIA A10G, 0 %, 0 %, 2047 MiB, 23028 MiB
2026/02/25 15:57:23.055, 1, NVIDIA A10G, 0 %, 0 %, 0 MiB, 23028 MiB
2026/02/25 15:57:23.055, 2, NVIDIA A10G, 0 %, 0 %, 0 MiB, 23028 MiB
2026/02/25 15:57:23.055, 3, NVIDIA A10G, 0 %, 0 %, 0 MiB, 23028 MiB
2026/02/25 15:57:24.055, 0, NVIDIA A10G, 0 %, 0 %, 2047 MiB, 23028 MiB
2026/02/25 15:57:24.055, 1, NVIDIA A10G, 0 %, 0 %, 0 MiB, 23028 MiB
2026/02/25 15:57:24.055, 2, NVIDIA A10G, 0 %, 0 %, 0 MiB, 23028 MiB
2026/02/25 15:57:24.055, 3, NVIDIA A10G, 0 %, 0 %, 0 MiB, 23028 MiB
2026/02/25 15:57:25.055, 0, NVIDIA A10G, 0 %, 0 %, 2047 MiB, 23028 MiB
2026/02/25 15:57:25.056, 1, NVIDIA A10G, 0 %, 0 %, 0 MiB, 23028 MiB
2026/02/25 15:57:25.056, 2, NVIDIA A10G, 0 %, 0 %, 0 MiB, 23028 MiB
2026/02/25 15:57:25.056, 3, NVIDIA A10G, 0 %, 0 %, 0 MiB, 23028 MiB
2026/02/25 15:57:26.056, 0, NVIDIA A10G, 0 %, 0 %, 2047 MiB, 23028 MiB
2026/02/25 15:57:26.056, 1, NVIDIA A10G, 0 %, 0 %, 0 MiB, 23028 MiB
2026/02/25 15:57:26.056, 2, NVIDIA A10G, 0 %, 0 %, 0 MiB, 23028 MiB
2026/02/25 15:57:26.056, 3, NVIDIA A10G, 0 %, 0 %, 0 MiB, 23028 MiB
2026/02/25 15:57:27.056, 0, NVIDIA A10G, 0 %, 0 %, 2047 MiB, 23028 MiB
2026/02/25 15:57:27.056, 1, NVIDIA A10G, 0 %, 0 %, 0 MiB, 23028 MiB
2026/02/25 15:57:27.057, 2, NVIDIA A10G, 0 %, 0 %, 0 MiB, 23028 MiB
2026/02/25 15:57:27.057, 3, NVIDIA A10G, 0 %, 0 %, 0 MiB, 23028 MiB
2026/02/25 15:57:28.057, 0, NVIDIA A10G, 0 %, 0 %, 2047 MiB, 23028 MiB
2026/02/25 15:57:28.057, 1, NVIDIA A10G, 0 %, 0 %, 0 MiB, 23028 MiB
2026/02/25 15:57:28.057, 2, NVIDIA A10G, 0 %, 0 %, 0 MiB, 23028 MiB
2026/02/25 15:57:28.057, 3, NVIDIA A10G, 0 %, 0 %, 0 MiB, 23028 MiB
2026/02/25 15:57:29.057, 0, NVIDIA A10G, 0 %, 0 %, 2047 MiB, 23028 MiB
2026/02/25 15:57:29.057, 1, NVIDIA A10G, 0 %, 0 %, 0 MiB, 23028 MiB
2026/02/25 15:57:29.057, 2, NVIDIA A10G, 0 %, 0 %, 0 MiB, 23028 MiB
2026/02/25 15:57:29.057, 3, NVIDIA A10G, 0 %, 0 %, 0 MiB, 23028 MiB
2026/02/25 15:57:30.057, 0, NVIDIA A10G, 0 %, 0 %, 2047 MiB, 23028 MiB
2026/02/25 15:57:30.057, 1, NVIDIA A10G, 0 %, 0 %, 0 MiB, 23028 MiB
2026/02/25 15:57:30.058, 2, NVIDIA A10G, 0 %, 0 %, 0 MiB, 23028 MiB
2026/02/25 15:57:30.058, 3, NVIDIA A10G, 0 %, 0 %, 0 MiB, 23028 MiB
2026/02/25 15:57:31.058, 0, NVIDIA A10G, 0 %, 0 %, 2047 MiB, 23028 MiB
2026/02/25 15:57:31.058, 1, NVIDIA A10G, 0 %, 0 %, 0 MiB, 23028 MiB
2026/02/25 15:57:31.058, 2, NVIDIA A10G, 0 %, 0 %, 0 MiB, 23028 MiB
2026/02/25 15:57:31.058, 3, NVIDIA A10G, 0 %, 0 %, 0 MiB, 23028 MiB
2026/02/25 15:57:32.058, 0, NVIDIA A10G, 0 %, 0 %, 2047 MiB, 23028 MiB
2026/02/25 15:57:32.058, 1, NVIDIA A10G, 0 %, 0 %, 0 MiB, 23028 MiB
2026/02/25 15:57:32.058, 2, NVIDIA A10G, 0 %, 0 %, 0 MiB, 23028 MiB
2026/02/25 15:57:32.058, 3, NVIDIA A10G, 0 %, 0 %, 0 MiB, 23028 MiB
2026/02/25 15:57:33.058, 0, NVIDIA A10G, 23 %, 8 %, 2047 MiB, 23028 MiB
2026/02/25 15:57:33.059, 1, NVIDIA A10G, 0 %, 0 %, 0 MiB, 23028 MiB
2026/02/25 15:57:33.059, 2, NVIDIA A10G, 0 %, 0 %, 0 MiB, 23028 MiB
2026/02/25 15:57:33.059, 3, NVIDIA A10G, 0 %, 0 %, 0 MiB, 23028 MiB
2026/02/25 15:57:34.059, 0, NVIDIA A10G, 23 %, 7 %, 2047 MiB, 23028 MiB
2026/02/25 15:57:34.059, 1, NVIDIA A10G, 0 %, 0 %, 0 MiB, 23028 MiB
2026/02/25 15:57:34.059, 2, NVIDIA A10G, 0 %, 0 %, 0 MiB, 23028 MiB
2026/02/25 15:57:34.059, 3, NVIDIA A10G, 0 %, 0 %, 0 MiB, 23028 MiB
2026/02/25 15:57:35.059, 0, NVIDIA A10G, 23 %, 8 %, 2047 MiB, 23028 MiB
2026/02/25 15:57:35.059, 1, NVIDIA A10G, 0 %, 0 %, 0 MiB, 23028 MiB
2026/02/25 15:57:35.059, 2, NVIDIA A10G, 0 %, 0 %, 0 MiB, 23028 MiB
2026/02/25 15:57:35.059, 3, NVIDIA A10G, 0 %, 0 %, 0 MiB, 23028 MiB
2026/02/25 15:57:36.060, 0, NVIDIA A10G, 21 %, 7 %, 2047 MiB, 23028 MiB
2026/02/25 15:57:36.060, 1, NVIDIA A10G, 0 %, 0 %, 0 MiB, 23028 MiB
2026/02/25 15:57:36.060, 2, NVIDIA A10G, 0 %, 0 %, 0 MiB, 23028 MiB
2026/02/25 15:57:36.060, 3, NVIDIA A10G, 0 %, 0 %, 0 MiB, 23028 MiB
2026/02/25 15:57:37.060, 0, NVIDIA A10G, 21 %, 7 %, 2047 MiB, 23028 MiB
2026/02/25 15:57:37.060, 1, NVIDIA A10G, 0 %, 0 %, 0 MiB, 23028 MiB
2026/02/25 15:57:37.060, 2, NVIDIA A10G, 0 %, 0 %, 0 MiB, 23028 MiB
2026/02/25 15:57:37.060, 3, NVIDIA A10G, 0 %, 0 %, 0 MiB, 23028 MiB
2026/02/25 15:57:38.060, 0, NVIDIA A10G, 22 %, 8 %, 2047 MiB, 23028 MiB
2026/02/25 15:57:38.060, 1, NVIDIA A10G, 0 %, 0 %, 0 MiB, 23028 MiB
2026/02/25 15:57:38.060, 2, NVIDIA A10G, 0 %, 0 %, 0 MiB, 23028 MiB
2026/02/25 15:57:38.060, 3, NVIDIA A10G, 0 %, 0 %, 0 MiB, 23028 MiB
2026/02/25 15:57:39.061, 0, NVIDIA A10G, 22 %, 7 %, 2047 MiB, 23028 MiB
2026/02/25 15:57:39.061, 1, NVIDIA A10G, 0 %, 0 %, 0 MiB, 23028 MiB
2026/02/25 15:57:39.061, 2, NVIDIA A10G, 0 %, 0 %, 0 MiB, 23028 MiB
2026/02/25 15:57:39.061, 3, NVIDIA A10G, 0 %, 0 %, 0 MiB, 23028 MiB
2026/02/25 15:57:40.061, 0, NVIDIA A10G, 21 %, 7 %, 2047 MiB, 23028 MiB
2026/02/25 15:57:40.061, 1, NVIDIA A10G, 0 %, 0 %, 0 MiB, 23028 MiB
2026/02/25 15:57:40.061, 2, NVIDIA A10G, 0 %, 0 %, 0 MiB, 23028 MiB
2026/02/25 15:57:40.061, 3, NVIDIA A10G, 0 %, 0 %, 0 MiB, 23028 MiB
2026/02/25 15:57:41.061, 0, NVIDIA A10G, 22 %, 8 %, 2047 MiB, 23028 MiB
2026/02/25 15:57:41.061, 1, NVIDIA A10G, 0 %, 0 %, 0 MiB, 23028 MiB
2026/02/25 15:57:41.061, 2, NVIDIA A10G, 0 %, 0 %, 0 MiB, 23028 MiB
2026/02/25 15:57:41.061, 3, NVIDIA A10G, 0 %, 0 %, 0 MiB, 23028 MiB
2026/02/25 15:57:42.061, 0, NVIDIA A10G, 22 %, 8 %, 2047 MiB, 23028 MiB
2026/02/25 15:57:42.062, 1, NVIDIA A10G, 0 %, 0 %, 0 MiB, 23028 MiB
2026/02/25 15:57:42.062, 2, NVIDIA A10G, 0 %, 0 %, 0 MiB, 23028 MiB
2026/02/25 15:57:42.062, 3, NVIDIA A10G, 0 %, 0 %, 0 MiB, 23028 MiB
2026/02/25 15:57:43.062, 0, NVIDIA A10G, 21 %, 8 %, 2047 MiB, 23028 MiB
2026/02/25 15:57:43.062, 1, NVIDIA A10G, 0 %, 0 %, 0 MiB, 23028 MiB
2026/02/25 15:57:43.062, 2, NVIDIA A10G, 0 %, 0 %, 0 MiB, 23028 MiB
2026/02/25 15:57:43.062, 3, NVIDIA A10G, 0 %, 0 %, 0 MiB, 23028 MiB
2026/02/25 15:57:44.062, 0, NVIDIA A10G, 21 %, 7 %, 2047 MiB, 23028 MiB
2026/02/25 15:57:44.062, 1, NVIDIA A10G, 0 %, 0 %, 0 MiB, 23028 MiB
2026/02/25 15:57:44.062, 2, NVIDIA A10G, 0 %, 0 %, 0 MiB, 23028 MiB
2026/02/25 15:57:44.062, 3, NVIDIA A10G, 0 %, 0 %, 0 MiB, 23028 MiB
2026/02/25 15:57:45.062, 0, NVIDIA A10G, 0 %, 0 %, 2047 MiB, 23028 MiB
2026/02/25 15:57:45.063, 1, NVIDIA A10G, 0 %, 0 %, 0 MiB, 23028 MiB
2026/02/25 15:57:45.063, 2, NVIDIA A10G, 0 %, 0 %, 0 MiB, 23028 MiB
2026/02/25 15:57:45.063, 3, NVIDIA A10G, 0 %, 0 %, 0 MiB, 23028 MiB
2026/02/25 15:57:46.063, 0, NVIDIA A10G, 0 %, 0 %, 2047 MiB, 23028 MiB
2026/02/25 15:57:46.063, 1, NVIDIA A10G, 0 %, 0 %, 0 MiB, 23028 MiB
2026/02/25 15:57:46.063, 2, NVIDIA A10G, 0 %, 0 %, 0 MiB, 23028 MiB
2026/02/25 15:57:46.063, 3, NVIDIA A10G, 0 %, 0 %, 0 MiB, 23028 MiB
2026/02/25 15:57:47.063, 0, NVIDIA A10G, 0 %, 0 %, 2047 MiB, 23028 MiB
2026/02/25 15:57:47.063, 1, NVIDIA A10G, 0 %, 0 %, 0 MiB, 23028 MiB
2026/02/25 15:57:47.063, 2, NVIDIA A10G, 0 %, 0 %, 0 MiB, 23028 MiB
2026/02/25 15:57:47.063, 3, NVIDIA A10G, 0 %, 0 %, 0 MiB, 23028 MiB
2026/02/25 15:57:48.063, 0, NVIDIA A10G, 0 %, 0 %, 2047 MiB, 23028 MiB
2026/02/25 15:57:48.063, 1, NVIDIA A10G, 0 %, 0 %, 0 MiB, 23028 MiB
2026/02/25 15:57:48.063, 2, NVIDIA A10G, 0 %, 0 %, 0 MiB, 23028 MiB
2026/02/25 15:57:48.064, 3, NVIDIA A10G, 0 %, 0 %, 0 MiB, 23028 MiB
2026/02/25 15:57:49.064, 0, NVIDIA A10G, 0 %, 0 %, 2047 MiB, 23028 MiB
2026/02/25 15:57:49.064, 1, NVIDIA A10G, 0 %, 0 %, 0 MiB, 23028 MiB
2026/02/25 15:57:49.064, 2, NVIDIA A10G, 0 %, 0 %, 0 MiB, 23028 MiB
2026/02/25 15:57:49.064, 3, NVIDIA A10G, 0 %, 0 %, 0 MiB, 23028 MiB
2026/02/25 15:57:50.064, 0, NVIDIA A10G, 0 %, 0 %, 2047 MiB, 23028 MiB
2026/02/25 15:57:50.064, 1, NVIDIA A10G, 0 %, 0 %, 0 MiB, 23028 MiB
2026/02/25 15:57:50.064, 2, NVIDIA A10G, 0 %, 0 %, 0 MiB, 23028 MiB
2026/02/25 15:57:50.064, 3, NVIDIA A10G, 0 %, 0 %, 0 MiB, 23028 MiB
2026/02/25 15:57:51.064, 0, NVIDIA A10G, 0 %, 0 %, 2047 MiB, 23028 MiB
2026/02/25 15:57:51.064, 1, NVIDIA A10G, 0 %, 0 %, 0 MiB, 23028 MiB
2026/02/25 15:57:51.064, 2, NVIDIA A10G, 0 %, 0 %, 0 MiB, 23028 MiB
2026/02/25 15:57:51.065, 3, NVIDIA A10G, 0 %, 0 %, 0 MiB, 23028 MiB
2026/02/25 15:57:52.065, 0, NVIDIA A10G, 0 %, 0 %, 2047 MiB, 23028 MiB
2026/02/25 15:57:52.065, 1, NVIDIA A10G, 0 %, 0 %, 0 MiB, 23028 MiB
2026/02/25 15:57:52.065, 2, NVIDIA A10G, 0 %, 0 %, 0 MiB, 23028 MiB
2026/02/25 15:57:52.065, 3, NVIDIA A10G, 0 %, 0 %, 0 MiB, 23028 MiB
2026/02/25 15:57:53.065, 0, NVIDIA A10G, 100 %, 67 %, 2047 MiB, 23028 MiB
2026/02/25 15:57:53.065, 1, NVIDIA A10G, 0 %, 0 %, 0 MiB, 23028 MiB
2026/02/25 15:57:53.065, 2, NVIDIA A10G, 0 %, 0 %, 0 MiB, 23028 MiB
2026/02/25 15:57:53.066, 3, NVIDIA A10G, 0 %, 0 %, 0 MiB, 23028 MiB
2026/02/25 15:57:54.066, 0, NVIDIA A10G, 24 %, 8 %, 2047 MiB, 23028 MiB
2026/02/25 15:57:54.066, 1, NVIDIA A10G, 0 %, 0 %, 0 MiB, 23028 MiB
2026/02/25 15:57:54.066, 2, NVIDIA A10G, 0 %, 0 %, 0 MiB, 23028 MiB
2026/02/25 15:57:54.066, 3, NVIDIA A10G, 0 %, 0 %, 0 MiB, 23028 MiB
2026/02/25 15:57:55.066, 0, NVIDIA A10G, 23 %, 8 %, 2047 MiB, 23028 MiB
2026/02/25 15:57:55.066, 1, NVIDIA A10G, 0 %, 0 %, 0 MiB, 23028 MiB
2026/02/25 15:57:55.066, 2, NVIDIA A10G, 0 %, 0 %, 0 MiB, 23028 MiB
2026/02/25 15:57:55.066, 3, NVIDIA A10G, 0 %, 0 %, 0 MiB, 23028 MiB
2026/02/25 15:57:56.066, 0, NVIDIA A10G, 23 %, 8 %, 2047 MiB, 23028 MiB
2026/02/25 15:57:56.067, 1, NVIDIA A10G, 0 %, 0 %, 0 MiB, 23028 MiB
2026/02/25 15:57:56.067, 2, NVIDIA A10G, 0 %, 0 %, 0 MiB, 23028 MiB
2026/02/25 15:57:56.067, 3, NVIDIA A10G, 0 %, 0 %, 0 MiB, 23028 MiB
2026/02/25 15:57:57.067, 0, NVIDIA A10G, 23 %, 8 %, 2047 MiB, 23028 MiB
2026/02/25 15:57:57.067, 1, NVIDIA A10G, 0 %, 0 %, 0 MiB, 23028 MiB
2026/02/25 15:57:57.067, 2, NVIDIA A10G, 0 %, 0 %, 0 MiB, 23028 MiB
2026/02/25 15:57:57.067, 3, NVIDIA A10G, 0 %, 0 %, 0 MiB, 23028 MiB
2026/02/25 15:57:58.067, 0, NVIDIA A10G, 22 %, 7 %, 2047 MiB, 23028 MiB
2026/02/25 15:57:58.067, 1, NVIDIA A10G, 0 %, 0 %, 0 MiB, 23028 MiB
2026/02/25 15:57:58.067, 2, NVIDIA A10G, 0 %, 0 %, 0 MiB, 23028 MiB
2026/02/25 15:57:58.067, 3, NVIDIA A10G, 0 %, 0 %, 0 MiB, 23028 MiB
2026/02/25 15:57:59.068, 0, NVIDIA A10G, 23 %, 7 %, 2047 MiB, 23028 MiB
2026/02/25 15:57:59.068, 1, NVIDIA A10G, 0 %, 0 %, 0 MiB, 23028 MiB
2026/02/25 15:57:59.068, 2, NVIDIA A10G, 0 %, 0 %, 0 MiB, 23028 MiB
2026/02/25 15:57:59.068, 3, NVIDIA A10G, 0 %, 0 %, 0 MiB, 23028 MiB
2026/02/25 15:58:00.068, 0, NVIDIA A10G, 19 %, 6 %, 2047 MiB, 23028 MiB
2026/02/25 15:58:00.068, 1, NVIDIA A10G, 0 %, 0 %, 0 MiB, 23028 MiB
2026/02/25 15:58:00.068, 2, NVIDIA A10G, 0 %, 0 %, 0 MiB, 23028 MiB
2026/02/25 15:58:00.068, 3, NVIDIA A10G, 0 %, 0 %, 0 MiB, 23028 MiB
2026/02/25 15:58:01.068, 0, NVIDIA A10G, 25 %, 9 %, 2047 MiB, 23028 MiB
2026/02/25 15:58:01.068, 1, NVIDIA A10G, 0 %, 0 %, 0 MiB, 23028 MiB
2026/02/25 15:58:01.068, 2, NVIDIA A10G, 0 %, 0 %, 0 MiB, 23028 MiB
2026/02/25 15:58:01.068, 3, NVIDIA A10G, 0 %, 0 %, 0 MiB, 23028 MiB
2026/02/25 15:58:02.069, 0, NVIDIA A10G, 22 %, 7 %, 2047 MiB, 23028 MiB
2026/02/25 15:58:02.069, 1, NVIDIA A10G, 0 %, 0 %, 0 MiB, 23028 MiB
2026/02/25 15:58:02.069, 2, NVIDIA A10G, 0 %, 0 %, 0 MiB, 23028 MiB
2026/02/25 15:58:02.069, 3, NVIDIA A10G, 0 %, 0 %, 0 MiB, 23028 MiB
2026/02/25 15:58:03.069, 0, NVIDIA A10G, 0 %, 0 %, 2047 MiB, 23028 MiB
2026/02/25 15:58:03.069, 1, NVIDIA A10G, 0 %, 0 %, 0 MiB, 23028 MiB
2026/02/25 15:58:03.069, 2, NVIDIA A10G, 0 %, 0 %, 0 MiB, 23028 MiB
2026/02/25 15:58:03.069, 3, NVIDIA A10G, 0 %, 0 %, 0 MiB, 23028 MiB
2026/02/25 15:58:04.069, 0, NVIDIA A10G, 0 %, 0 %, 2047 MiB, 23028 MiB
2026/02/25 15:58:04.069, 1, NVIDIA A10G, 0 %, 0 %, 0 MiB, 23028 MiB
2026/02/25 15:58:04.069, 2, NVIDIA A10G, 0 %, 0 %, 0 MiB, 23028 MiB
2026/02/25 15:58:04.069, 3, NVIDIA A10G, 0 %, 0 %, 0 MiB, 23028 MiB
2026/02/25 15:58:05.070, 0, NVIDIA A10G, 0 %, 0 %, 2047 MiB, 23028 MiB
2026/02/25 15:58:05.070, 1, NVIDIA A10G, 0 %, 0 %, 0 MiB, 23028 MiB
2026/02/25 15:58:05.070, 2, NVIDIA A10G, 0 %, 0 %, 0 MiB, 23028 MiB
2026/02/25 15:58:05.070, 3, NVIDIA A10G, 0 %, 0 %, 0 MiB, 23028 MiB
2026/02/25 15:58:06.070, 0, NVIDIA A10G, 22 %, 7 %, 2047 MiB, 23028 MiB
2026/02/25 15:58:06.070, 1, NVIDIA A10G, 0 %, 0 %, 0 MiB, 23028 MiB
2026/02/25 15:58:06.070, 2, NVIDIA A10G, 0 %, 0 %, 0 MiB, 23028 MiB
2026/02/25 15:58:06.070, 3, NVIDIA A10G, 0 %, 0 %, 0 MiB, 23028 MiB
2026/02/25 15:58:07.070, 0, NVIDIA A10G, 22 %, 7 %, 2047 MiB, 23028 MiB
2026/02/25 15:58:07.070, 1, NVIDIA A10G, 0 %, 0 %, 0 MiB, 23028 MiB
2026/02/25 15:58:07.070, 2, NVIDIA A10G, 0 %, 0 %, 0 MiB, 23028 MiB
2026/02/25 15:58:07.070, 3, NVIDIA A10G, 0 %, 0 %, 0 MiB, 23028 MiB
2026/02/25 15:58:08.070, 0, NVIDIA A10G, 22 %, 8 %, 2047 MiB, 23028 MiB
2026/02/25 15:58:08.071, 1, NVIDIA A10G, 0 %, 0 %, 0 MiB, 23028 MiB
2026/02/25 15:58:08.071, 2, NVIDIA A10G, 0 %, 0 %, 0 MiB, 23028 MiB
2026/02/25 15:58:08.071, 3, NVIDIA A10G, 0 %, 0 %, 0 MiB, 23028 MiB
2026/02/25 15:58:09.071, 0, NVIDIA A10G, 20 %, 7 %, 2047 MiB, 23028 MiB
2026/02/25 15:58:09.071, 1, NVIDIA A10G, 0 %, 0 %, 0 MiB, 23028 MiB
2026/02/25 15:58:09.071, 2, NVIDIA A10G, 0 %, 0 %, 0 MiB, 23028 MiB
2026/02/25 15:58:09.071, 3, NVIDIA A10G, 0 %, 0 %, 0 MiB, 23028 MiB
2026/02/25 15:58:10.071, 0, NVIDIA A10G, 0 %, 0 %, 2047 MiB, 23028 MiB
2026/02/25 15:58:10.071, 1, NVIDIA A10G, 0 %, 0 %, 0 MiB, 23028 MiB
2026/02/25 15:58:10.071, 2, NVIDIA A10G, 0 %, 0 %, 0 MiB, 23028 MiB
2026/02/25 15:58:10.071, 3, NVIDIA A10G, 0 %, 0 %, 0 MiB, 23028 MiB
2026/02/25 15:58:11.071, 0, NVIDIA A10G, 0 %, 0 %, 2047 MiB, 23028 MiB
2026/02/25 15:58:11.072, 1, NVIDIA A10G, 0 %, 0 %, 0 MiB, 23028 MiB
2026/02/25 15:58:11.072, 2, NVIDIA A10G, 0 %, 0 %, 0 MiB, 23028 MiB
2026/02/25 15:58:11.072, 3, NVIDIA A10G, 0 %, 0 %, 0 MiB, 23028 MiB
2026/02/25 15:58:12.072, 0, NVIDIA A10G, 0 %, 0 %, 2047 MiB, 23028 MiB
2026/02/25 15:58:12.072, 1, NVIDIA A10G, 0 %, 0 %, 0 MiB, 23028 MiB
2026/02/25 15:58:12.072, 2, NVIDIA A10G, 0 %, 0 %, 0 MiB, 23028 MiB
2026/02/25 15:58:12.072, 3, NVIDIA A10G, 0 %, 0 %, 0 MiB, 23028 MiB
2026/02/25 15:58:13.072, 0, NVIDIA A10G, 0 %, 0 %, 2047 MiB, 23028 MiB
2026/02/25 15:58:13.072, 1, NVIDIA A10G, 0 %, 0 %, 0 MiB, 23028 MiB
2026/02/25 15:58:13.072, 2, NVIDIA A10G, 0 %, 0 %, 0 MiB, 23028 MiB
2026/02/25 15:58:13.072, 3, NVIDIA A10G, 0 %, 0 %, 0 MiB, 23028 MiB
2026/02/25 15:58:14.073, 0, NVIDIA A10G, 0 %, 0 %, 2047 MiB, 23028 MiB
2026/02/25 15:58:14.073, 1, NVIDIA A10G, 0 %, 0 %, 0 MiB, 23028 MiB
2026/02/25 15:58:14.073, 2, NVIDIA A10G, 0 %, 0 %, 0 MiB, 23028 MiB
2026/02/25 15:58:14.073, 3, NVIDIA A10G, 0 %, 0 %, 0 MiB, 23028 MiB
2026/02/25 15:58:15.073, 0, NVIDIA A10G, 0 %, 0 %, 2047 MiB, 23028 MiB
2026/02/25 15:58:15.073, 1, NVIDIA A10G, 0 %, 0 %, 0 MiB, 23028 MiB
2026/02/25 15:58:15.073, 2, NVIDIA A10G, 0 %, 0 %, 0 MiB, 23028 MiB
2026/02/25 15:58:15.073, 3, NVIDIA A10G, 0 %, 0 %, 0 MiB, 23028 MiB
2026/02/25 15:58:16.074, 0, NVIDIA A10G, 22 %, 8 %, 2047 MiB, 23028 MiB
2026/02/25 15:58:16.074, 1, NVIDIA A10G, 0 %, 0 %, 0 MiB, 23028 MiB
2026/02/25 15:58:16.074, 2, NVIDIA A10G, 0 %, 0 %, 0 MiB, 23028 MiB
2026/02/25 15:58:16.074, 3, NVIDIA A10G, 0 %, 0 %, 0 MiB, 23028 MiB
2026/02/25 15:58:17.074, 0, NVIDIA A10G, 22 %, 7 %, 2047 MiB, 23028 MiB
2026/02/25 15:58:17.074, 1, NVIDIA A10G, 0 %, 0 %, 0 MiB, 23028 MiB
2026/02/25 15:58:17.074, 2, NVIDIA A10G, 0 %, 0 %, 0 MiB, 23028 MiB
2026/02/25 15:58:17.074, 3, NVIDIA A10G, 0 %, 0 %, 0 MiB, 23028 MiB
2026/02/25 15:58:18.074, 0, NVIDIA A10G, 19 %, 6 %, 2047 MiB, 23028 MiB
2026/02/25 15:58:18.075, 1, NVIDIA A10G, 0 %, 0 %, 0 MiB, 23028 MiB
2026/02/25 15:58:18.075, 2, NVIDIA A10G, 0 %, 0 %, 0 MiB, 23028 MiB
2026/02/25 15:58:18.075, 3, NVIDIA A10G, 0 %, 0 %, 0 MiB, 23028 MiB
2026/02/25 15:58:19.075, 0, NVIDIA A10G, 22 %, 8 %, 2047 MiB, 23028 MiB
2026/02/25 15:58:19.075, 1, NVIDIA A10G, 0 %, 0 %, 0 MiB, 23028 MiB
2026/02/25 15:58:19.075, 2, NVIDIA A10G, 0 %, 0 %, 0 MiB, 23028 MiB
2026/02/25 15:58:19.075, 3, NVIDIA A10G, 0 %, 0 %, 0 MiB, 23028 MiB
2026/02/25 15:58:20.075, 0, NVIDIA A10G, 21 %, 7 %, 2047 MiB, 23028 MiB
2026/02/25 15:58:20.075, 1, NVIDIA A10G, 0 %, 0 %, 0 MiB, 23028 MiB
2026/02/25 15:58:20.075, 2, NVIDIA A10G, 0 %, 0 %, 0 MiB, 23028 MiB
2026/02/25 15:58:20.075, 3, NVIDIA A10G, 0 %, 0 %, 0 MiB, 23028 MiB
2026/02/25 15:58:21.076, 0, NVIDIA A10G, 23 %, 8 %, 2047 MiB, 23028 MiB
2026/02/25 15:58:21.076, 1, NVIDIA A10G, 0 %, 0 %, 0 MiB, 23028 MiB
2026/02/25 15:58:21.076, 2, NVIDIA A10G, 0 %, 0 %, 0 MiB, 23028 MiB
2026/02/25 15:58:21.076, 3, NVIDIA A10G, 0 %, 0 %, 0 MiB, 23028 MiB
2026/02/25 15:58:22.076, 0, NVIDIA A10G, 22 %, 8 %, 2047 MiB, 23028 MiB
2026/02/25 15:58:22.076, 1, NVIDIA A10G, 0 %, 0 %, 0 MiB, 23028 MiB
2026/02/25 15:58:22.076, 2, NVIDIA A10G, 0 %, 0 %, 0 MiB, 23028 MiB
2026/02/25 15:58:22.076, 3, NVIDIA A10G, 0 %, 0 %, 0 MiB, 23028 MiB
2026/02/25 15:58:23.076, 0, NVIDIA A10G, 0 %, 0 %, 2047 MiB, 23028 MiB
2026/02/25 15:58:23.077, 1, NVIDIA A10G, 0 %, 0 %, 0 MiB, 23028 MiB
2026/02/25 15:58:23.077, 2, NVIDIA A10G, 0 %, 0 %, 0 MiB, 23028 MiB
2026/02/25 15:58:23.077, 3, NVIDIA A10G, 0 %, 0 %, 0 MiB, 23028 MiB
2026/02/25 15:58:24.077, 0, NVIDIA A10G, 0 %, 0 %, 2047 MiB, 23028 MiB
2026/02/25 15:58:24.077, 1, NVIDIA A10G, 0 %, 0 %, 0 MiB, 23028 MiB
2026/02/25 15:58:24.077, 2, NVIDIA A10G, 0 %, 0 %, 0 MiB, 23028 MiB
2026/02/25 15:58:24.077, 3, NVIDIA A10G, 0 %, 0 %, 0 MiB, 23028 MiB
2026/02/25 15:58:25.077, 0, NVIDIA A10G, 0 %, 0 %, 2047 MiB, 23028 MiB
2026/02/25 15:58:25.077, 1, NVIDIA A10G, 0 %, 0 %, 0 MiB, 23028 MiB
2026/02/25 15:58:25.077, 2, NVIDIA A10G, 0 %, 0 %, 0 MiB, 23028 MiB
2026/02/25 15:58:25.077, 3, NVIDIA A10G, 0 %, 0 %, 0 MiB, 23028 MiB
2026/02/25 15:58:26.078, 0, NVIDIA A10G, 0 %, 0 %, 2047 MiB, 23028 MiB
2026/02/25 15:58:26.078, 1, NVIDIA A10G, 0 %, 0 %, 0 MiB, 23028 MiB
2026/02/25 15:58:26.078, 2, NVIDIA A10G, 0 %, 0 %, 0 MiB, 23028 MiB
2026/02/25 15:58:26.078, 3, NVIDIA A10G, 0 %, 0 %, 0 MiB, 23028 MiB
2026/02/25 15:58:27.078, 0, NVIDIA A10G, 0 %, 0 %, 2047 MiB, 23028 MiB
2026/02/25 15:58:27.078, 1, NVIDIA A10G, 0 %, 0 %, 0 MiB, 23028 MiB
2026/02/25 15:58:27.078, 2, NVIDIA A10G, 0 %, 0 %, 0 MiB, 23028 MiB
2026/02/25 15:58:27.078, 3, NVIDIA A10G, 0 %, 0 %, 0 MiB, 23028 MiB
2026/02/25 15:58:28.078, 0, NVIDIA A10G, 0 %, 0 %, 2047 MiB, 23028 MiB
2026/02/25 15:58:28.078, 1, NVIDIA A10G, 0 %, 0 %, 0 MiB, 23028 MiB
2026/02/25 15:58:28.078, 2, NVIDIA A10G, 0 %, 0 %, 0 MiB, 23028 MiB
2026/02/25 15:58:28.078, 3, NVIDIA A10G, 0 %, 0 %, 0 MiB, 23028 MiB
2026/02/25 15:58:29.079, 0, NVIDIA A10G, 0 %, 0 %, 2047 MiB, 23028 MiB
2026/02/25 15:58:29.079, 1, NVIDIA A10G, 0 %, 0 %, 0 MiB, 23028 MiB
2026/02/25 15:58:29.079, 2, NVIDIA A10G, 0 %, 0 %, 0 MiB, 23028 MiB
2026/02/25 15:58:29.079, 3, NVIDIA A10G, 0 %, 0 %, 0 MiB, 23028 MiB
2026/02/25 15:58:30.079, 0, NVIDIA A10G, 0 %, 0 %, 2047 MiB, 23028 MiB
2026/02/25 15:58:30.079, 1, NVIDIA A10G, 0 %, 0 %, 0 MiB, 23028 MiB
2026/02/25 15:58:30.079, 2, NVIDIA A10G, 0 %, 0 %, 0 MiB, 23028 MiB
2026/02/25 15:58:30.079, 3, NVIDIA A10G, 0 %, 0 %, 0 MiB, 23028 MiB
2026/02/25 15:58:31.079, 0, NVIDIA A10G, 0 %, 0 %, 2047 MiB, 23028 MiB
2026/02/25 15:58:31.079, 1, NVIDIA A10G, 0 %, 0 %, 0 MiB, 23028 MiB
2026/02/25 15:58:31.079, 2, NVIDIA A10G, 0 %, 0 %, 0 MiB, 23028 MiB
2026/02/25 15:58:31.079, 3, NVIDIA A10G, 0 %, 0 %, 0 MiB, 23028 MiB
2026/02/25 15:58:32.080, 0, NVIDIA A10G, 0 %, 0 %, 2047 MiB, 23028 MiB
2026/02/25 15:58:32.080, 1, NVIDIA A10G, 0 %, 0 %, 0 MiB, 23028 MiB
2026/02/25 15:58:32.080, 2, NVIDIA A10G, 0 %, 0 %, 0 MiB, 23028 MiB
2026/02/25 15:58:32.080, 3, NVIDIA A10G, 0 %, 0 %, 0 MiB, 23028 MiB
2026/02/25 15:58:33.080, 0, NVIDIA A10G, 0 %, 0 %, 2047 MiB, 23028 MiB
2026/02/25 15:58:33.080, 1, NVIDIA A10G, 0 %, 0 %, 0 MiB, 23028 MiB
2026/02/25 15:58:33.080, 2, NVIDIA A10G, 0 %, 0 %, 0 MiB, 23028 MiB
2026/02/25 15:58:33.080, 3, NVIDIA A10G, 0 %, 0 %, 0 MiB, 23028 MiB
2026/02/25 15:58:34.081, 0, NVIDIA A10G, 4 %, 1 %, 2047 MiB, 23028 MiB
2026/02/25 15:58:34.081, 1, NVIDIA A10G, 0 %, 0 %, 0 MiB, 23028 MiB
2026/02/25 15:58:34.081, 2, NVIDIA A10G, 0 %, 0 %, 0 MiB, 23028 MiB
2026/02/25 15:58:34.081, 3, NVIDIA A10G, 0 %, 0 %, 0 MiB, 23028 MiB
2026/02/25 15:58:35.081, 0, NVIDIA A10G, 23 %, 8 %, 2047 MiB, 23028 MiB
2026/02/25 15:58:35.081, 1, NVIDIA A10G, 0 %, 0 %, 0 MiB, 23028 MiB
2026/02/25 15:58:35.081, 2, NVIDIA A10G, 0 %, 0 %, 0 MiB, 23028 MiB
2026/02/25 15:58:35.081, 3, NVIDIA A10G, 0 %, 0 %, 0 MiB, 23028 MiB
2026/02/25 15:58:36.081, 0, NVIDIA A10G, 22 %, 7 %, 2047 MiB, 23028 MiB
2026/02/25 15:58:36.081, 1, NVIDIA A10G, 0 %, 0 %, 0 MiB, 23028 MiB
2026/02/25 15:58:36.082, 2, NVIDIA A10G, 0 %, 0 %, 0 MiB, 23028 MiB
2026/02/25 15:58:36.082, 3, NVIDIA A10G, 0 %, 0 %, 0 MiB, 23028 MiB
2026/02/25 15:58:37.082, 0, NVIDIA A10G, 23 %, 8 %, 2047 MiB, 23028 MiB
2026/02/25 15:58:37.082, 1, NVIDIA A10G, 0 %, 0 %, 0 MiB, 23028 MiB
2026/02/25 15:58:37.082, 2, NVIDIA A10G, 0 %, 0 %, 0 MiB, 23028 MiB
2026/02/25 15:58:37.082, 3, NVIDIA A10G, 0 %, 0 %, 0 MiB, 23028 MiB
2026/02/25 15:58:38.082, 0, NVIDIA A10G, 22 %, 8 %, 2047 MiB, 23028 MiB
2026/02/25 15:58:38.082, 1, NVIDIA A10G, 0 %, 0 %, 0 MiB, 23028 MiB
2026/02/25 15:58:38.082, 2, NVIDIA A10G, 0 %, 0 %, 0 MiB, 23028 MiB
2026/02/25 15:58:38.082, 3, NVIDIA A10G, 0 %, 0 %, 0 MiB, 23028 MiB
2026/02/25 15:58:39.082, 0, NVIDIA A10G, 22 %, 8 %, 2047 MiB, 23028 MiB
2026/02/25 15:58:39.083, 1, NVIDIA A10G, 0 %, 0 %, 0 MiB, 23028 MiB
2026/02/25 15:58:39.083, 2, NVIDIA A10G, 0 %, 0 %, 0 MiB, 23028 MiB
2026/02/25 15:58:39.083, 3, NVIDIA A10G, 0 %, 0 %, 0 MiB, 23028 MiB
2026/02/25 15:58:40.083, 0, NVIDIA A10G, 23 %, 8 %, 2047 MiB, 23028 MiB
2026/02/25 15:58:40.083, 1, NVIDIA A10G, 0 %, 0 %, 0 MiB, 23028 MiB
2026/02/25 15:58:40.083, 2, NVIDIA A10G, 0 %, 0 %, 0 MiB, 23028 MiB
2026/02/25 15:58:40.083, 3, NVIDIA A10G, 0 %, 0 %, 0 MiB, 23028 MiB
2026/02/25 15:58:41.083, 0, NVIDIA A10G, 23 %, 8 %, 2047 MiB, 23028 MiB
2026/02/25 15:58:41.083, 1, NVIDIA A10G, 0 %, 0 %, 0 MiB, 23028 MiB
2026/02/25 15:58:41.083, 2, NVIDIA A10G, 0 %, 0 %, 0 MiB, 23028 MiB
2026/02/25 15:58:41.083, 3, NVIDIA A10G, 0 %, 0 %, 0 MiB, 23028 MiB
2026/02/25 15:58:42.083, 0, NVIDIA A10G, 23 %, 9 %, 2047 MiB, 23028 MiB
2026/02/25 15:58:42.084, 1, NVIDIA A10G, 0 %, 0 %, 0 MiB, 23028 MiB
2026/02/25 15:58:42.084, 2, NVIDIA A10G, 0 %, 0 %, 0 MiB, 23028 MiB
2026/02/25 15:58:42.084, 3, NVIDIA A10G, 0 %, 0 %, 0 MiB, 23028 MiB
2026/02/25 15:58:43.084, 0, NVIDIA A10G, 23 %, 8 %, 2047 MiB, 23028 MiB
2026/02/25 15:58:43.084, 1, NVIDIA A10G, 0 %, 0 %, 0 MiB, 23028 MiB
2026/02/25 15:58:43.084, 2, NVIDIA A10G, 0 %, 0 %, 0 MiB, 23028 MiB
2026/02/25 15:58:43.084, 3, NVIDIA A10G, 0 %, 0 %, 0 MiB, 23028 MiB
2026/02/25 15:58:44.084, 0, NVIDIA A10G, 22 %, 8 %, 2047 MiB, 23028 MiB
2026/02/25 15:58:44.084, 1, NVIDIA A10G, 0 %, 0 %, 0 MiB, 23028 MiB
2026/02/25 15:58:44.084, 2, NVIDIA A10G, 0 %, 0 %, 0 MiB, 23028 MiB
2026/02/25 15:58:44.084, 3, NVIDIA A10G, 0 %, 0 %, 0 MiB, 23028 MiB
2026/02/25 15:58:45.084, 0, NVIDIA A10G, 14 %, 4 %, 2047 MiB, 23028 MiB
2026/02/25 15:58:45.085, 1, NVIDIA A10G, 0 %, 0 %, 0 MiB, 23028 MiB
2026/02/25 15:58:45.085, 2, NVIDIA A10G, 0 %, 0 %, 0 MiB, 23028 MiB
2026/02/25 15:58:45.085, 3, NVIDIA A10G, 0 %, 0 %, 0 MiB, 23028 MiB
2026/02/25 15:58:46.085, 0, NVIDIA A10G, 0 %, 0 %, 2047 MiB, 23028 MiB
2026/02/25 15:58:46.085, 1, NVIDIA A10G, 0 %, 0 %, 0 MiB, 23028 MiB
2026/02/25 15:58:46.085, 2, NVIDIA A10G, 0 %, 0 %, 0 MiB, 23028 MiB
2026/02/25 15:58:46.085, 3, NVIDIA A10G, 0 %, 0 %, 0 MiB, 23028 MiB
2026/02/25 15:58:47.085, 0, NVIDIA A10G, 0 %, 0 %, 2047 MiB, 23028 MiB
2026/02/25 15:58:47.085, 1, NVIDIA A10G, 0 %, 0 %, 0 MiB, 23028 MiB
2026/02/25 15:58:47.085, 2, NVIDIA A10G, 0 %, 0 %, 0 MiB, 23028 MiB
2026/02/25 15:58:47.085, 3, NVIDIA A10G, 0 %, 0 %, 0 MiB, 23028 MiB
2026/02/25 15:58:48.085, 0, NVIDIA A10G, 0 %, 0 %, 2047 MiB, 23028 MiB
2026/02/25 15:58:48.086, 1, NVIDIA A10G, 0 %, 0 %, 0 MiB, 23028 MiB
2026/02/25 15:58:48.086, 2, NVIDIA A10G, 0 %, 0 %, 0 MiB, 23028 MiB
2026/02/25 15:58:48.086, 3, NVIDIA A10G, 0 %, 0 %, 0 MiB, 23028 MiB
2026/02/25 15:58:49.086, 0, NVIDIA A10G, 0 %, 0 %, 2047 MiB, 23028 MiB
2026/02/25 15:58:49.086, 1, NVIDIA A10G, 0 %, 0 %, 0 MiB, 23028 MiB
2026/02/25 15:58:49.086, 2, NVIDIA A10G, 0 %, 0 %, 0 MiB, 23028 MiB
2026/02/25 15:58:49.086, 3, NVIDIA A10G, 0 %, 0 %, 0 MiB, 23028 MiB
2026/02/25 15:58:50.086, 0, NVIDIA A10G, 0 %, 0 %, 2047 MiB, 23028 MiB
2026/02/25 15:58:50.086, 1, NVIDIA A10G, 0 %, 0 %, 0 MiB, 23028 MiB
2026/02/25 15:58:50.086, 2, NVIDIA A10G, 0 %, 0 %, 0 MiB, 23028 MiB
2026/02/25 15:58:50.086, 3, NVIDIA A10G, 0 %, 0 %, 0 MiB, 23028 MiB
2026/02/25 15:58:51.087, 0, NVIDIA A10G, 0 %, 0 %, 2047 MiB, 23028 MiB
2026/02/25 15:58:51.087, 1, NVIDIA A10G, 0 %, 0 %, 0 MiB, 23028 MiB
2026/02/25 15:58:51.088, 2, NVIDIA A10G, 0 %, 0 %, 0 MiB, 23028 MiB
2026/02/25 15:58:51.088, 3, NVIDIA A10G, 0 %, 0 %, 0 MiB, 23028 MiB
2026/02/25 15:58:52.088, 0, NVIDIA A10G, 0 %, 0 %, 2047 MiB, 23028 MiB
2026/02/25 15:58:52.088, 1, NVIDIA A10G, 0 %, 0 %, 0 MiB, 23028 MiB
2026/02/25 15:58:52.088, 2, NVIDIA A10G, 0 %, 0 %, 0 MiB, 23028 MiB
2026/02/25 15:58:52.089, 3, NVIDIA A10G, 0 %, 0 %, 0 MiB, 23028 MiB
2026/02/25 15:58:53.089, 0, NVIDIA A10G, 81 %, 52 %, 2047 MiB, 23028 MiB
2026/02/25 15:58:53.089, 1, NVIDIA A10G, 0 %, 0 %, 0 MiB, 23028 MiB
2026/02/25 15:58:53.089, 2, NVIDIA A10G, 0 %, 0 %, 0 MiB, 23028 MiB
2026/02/25 15:58:53.089, 3, NVIDIA A10G, 0 %, 0 %, 0 MiB, 23028 MiB
2026/02/25 15:58:54.089, 0, NVIDIA A10G, 22 %, 7 %, 2047 MiB, 23028 MiB
2026/02/25 15:58:54.089, 1, NVIDIA A10G, 0 %, 0 %, 0 MiB, 23028 MiB
2026/02/25 15:58:54.089, 2, NVIDIA A10G, 0 %, 0 %, 0 MiB, 23028 MiB
2026/02/25 15:58:54.089, 3, NVIDIA A10G, 0 %, 0 %, 0 MiB, 23028 MiB
2026/02/25 15:58:55.090, 0, NVIDIA A10G, 21 %, 6 %, 2047 MiB, 23028 MiB
2026/02/25 15:58:55.090, 1, NVIDIA A10G, 0 %, 0 %, 0 MiB, 23028 MiB
2026/02/25 15:58:55.090, 2, NVIDIA A10G, 0 %, 0 %, 0 MiB, 23028 MiB
2026/02/25 15:58:55.090, 3, NVIDIA A10G, 0 %, 0 %, 0 MiB, 23028 MiB
2026/02/25 15:58:56.090, 0, NVIDIA A10G, 22 %, 8 %, 2047 MiB, 23028 MiB
2026/02/25 15:58:56.090, 1, NVIDIA A10G, 0 %, 0 %, 0 MiB, 23028 MiB
2026/02/25 15:58:56.090, 2, NVIDIA A10G, 0 %, 0 %, 0 MiB, 23028 MiB
2026/02/25 15:58:56.090, 3, NVIDIA A10G, 0 %, 0 %, 0 MiB, 23028 MiB
2026/02/25 15:58:57.090, 0, NVIDIA A10G, 20 %, 7 %, 2047 MiB, 23028 MiB
2026/02/25 15:58:57.091, 1, NVIDIA A10G, 0 %, 0 %, 0 MiB, 23028 MiB
2026/02/25 15:58:57.091, 2, NVIDIA A10G, 0 %, 0 %, 0 MiB, 23028 MiB
2026/02/25 15:58:57.091, 3, NVIDIA A10G, 0 %, 0 %, 0 MiB, 23028 MiB
2026/02/25 15:58:58.091, 0, NVIDIA A10G, 23 %, 8 %, 2047 MiB, 23028 MiB
2026/02/25 15:58:58.091, 1, NVIDIA A10G, 0 %, 0 %, 0 MiB, 23028 MiB
2026/02/25 15:58:58.091, 2, NVIDIA A10G, 0 %, 0 %, 0 MiB, 23028 MiB
2026/02/25 15:58:58.091, 3, NVIDIA A10G, 0 %, 0 %, 0 MiB, 23028 MiB
2026/02/25 15:58:59.091, 0, NVIDIA A10G, 20 %, 7 %, 2047 MiB, 23028 MiB
2026/02/25 15:58:59.091, 1, NVIDIA A10G, 0 %, 0 %, 0 MiB, 23028 MiB
2026/02/25 15:58:59.091, 2, NVIDIA A10G, 0 %, 0 %, 0 MiB, 23028 MiB
2026/02/25 15:58:59.091, 3, NVIDIA A10G, 0 %, 0 %, 0 MiB, 23028 MiB
2026/02/25 15:59:00.091, 0, NVIDIA A10G, 21 %, 7 %, 2047 MiB, 23028 MiB
2026/02/25 15:59:00.092, 1, NVIDIA A10G, 0 %, 0 %, 0 MiB, 23028 MiB
2026/02/25 15:59:00.092, 2, NVIDIA A10G, 0 %, 0 %, 0 MiB, 23028 MiB
2026/02/25 15:59:00.092, 3, NVIDIA A10G, 0 %, 0 %, 0 MiB, 23028 MiB
2026/02/25 15:59:01.092, 0, NVIDIA A10G, 21 %, 7 %, 2047 MiB, 23028 MiB
2026/02/25 15:59:01.092, 1, NVIDIA A10G, 0 %, 0 %, 0 MiB, 23028 MiB
2026/02/25 15:59:01.092, 2, NVIDIA A10G, 0 %, 0 %, 0 MiB, 23028 MiB
2026/02/25 15:59:01.092, 3, NVIDIA A10G, 0 %, 0 %, 0 MiB, 23028 MiB
2026/02/25 15:59:02.092, 0, NVIDIA A10G, 20 %, 6 %, 2047 MiB, 23028 MiB
2026/02/25 15:59:02.092, 1, NVIDIA A10G, 0 %, 0 %, 0 MiB, 23028 MiB
2026/02/25 15:59:02.092, 2, NVIDIA A10G, 0 %, 0 %, 0 MiB, 23028 MiB
2026/02/25 15:59:02.092, 3, NVIDIA A10G, 0 %, 0 %, 0 MiB, 23028 MiB
2026/02/25 15:59:03.093, 0, NVIDIA A10G, 21 %, 7 %, 2047 MiB, 23028 MiB
2026/02/25 15:59:03.093, 1, NVIDIA A10G, 0 %, 0 %, 0 MiB, 23028 MiB
2026/02/25 15:59:03.093, 2, NVIDIA A10G, 0 %, 0 %, 0 MiB, 23028 MiB
2026/02/25 15:59:03.093, 3, NVIDIA A10G, 0 %, 0 %, 0 MiB, 23028 MiB
2026/02/25 15:59:04.093, 0, NVIDIA A10G, 0 %, 0 %, 2047 MiB, 23028 MiB
2026/02/25 15:59:04.093, 1, NVIDIA A10G, 0 %, 0 %, 0 MiB, 23028 MiB
2026/02/25 15:59:04.093, 2, NVIDIA A10G, 0 %, 0 %, 0 MiB, 23028 MiB
2026/02/25 15:59:04.093, 3, NVIDIA A10G, 0 %, 0 %, 0 MiB, 23028 MiB
2026/02/25 15:59:05.093, 0, NVIDIA A10G, 0 %, 0 %, 2047 MiB, 23028 MiB
2026/02/25 15:59:05.093, 1, NVIDIA A10G, 0 %, 0 %, 0 MiB, 23028 MiB
2026/02/25 15:59:05.093, 2, NVIDIA A10G, 0 %, 0 %, 0 MiB, 23028 MiB
2026/02/25 15:59:05.094, 3, NVIDIA A10G, 0 %, 0 %, 0 MiB, 23028 MiB
2026/02/25 15:59:06.094, 0, NVIDIA A10G, 0 %, 0 %, 2047 MiB, 23028 MiB
2026/02/25 15:59:06.094, 1, NVIDIA A10G, 0 %, 0 %, 0 MiB, 23028 MiB
2026/02/25 15:59:06.094, 2, NVIDIA A10G, 0 %, 0 %, 0 MiB, 23028 MiB
2026/02/25 15:59:06.094, 3, NVIDIA A10G, 0 %, 0 %, 0 MiB, 23028 MiB
2026/02/25 15:59:07.094, 0, NVIDIA A10G, 0 %, 0 %, 2047 MiB, 23028 MiB
2026/02/25 15:59:07.094, 1, NVIDIA A10G, 0 %, 0 %, 0 MiB, 23028 MiB
2026/02/25 15:59:07.094, 2, NVIDIA A10G, 0 %, 0 %, 0 MiB, 23028 MiB
2026/02/25 15:59:07.094, 3, NVIDIA A10G, 0 %, 0 %, 0 MiB, 23028 MiB
2026/02/25 15:59:08.094, 0, NVIDIA A10G, 0 %, 0 %, 2047 MiB, 23028 MiB
2026/02/25 15:59:08.094, 1, NVIDIA A10G, 0 %, 0 %, 0 MiB, 23028 MiB
2026/02/25 15:59:08.094, 2, NVIDIA A10G, 0 %, 0 %, 0 MiB, 23028 MiB
2026/02/25 15:59:08.095, 3, NVIDIA A10G, 0 %, 0 %, 0 MiB, 23028 MiB
2026/02/25 15:59:09.095, 0, NVIDIA A10G, 22 %, 7 %, 2047 MiB, 23028 MiB
2026/02/25 15:59:09.095, 1, NVIDIA A10G, 0 %, 0 %, 0 MiB, 23028 MiB
2026/02/25 15:59:09.095, 2, NVIDIA A10G, 0 %, 0 %, 0 MiB, 23028 MiB
2026/02/25 15:59:09.095, 3, NVIDIA A10G, 0 %, 0 %, 0 MiB, 23028 MiB
2026/02/25 15:59:10.095, 0, NVIDIA A10G, 22 %, 8 %, 2047 MiB, 23028 MiB
2026/02/25 15:59:10.095, 1, NVIDIA A10G, 0 %, 0 %, 0 MiB, 23028 MiB
2026/02/25 15:59:10.095, 2, NVIDIA A10G, 0 %, 0 %, 0 MiB, 23028 MiB
2026/02/25 15:59:10.095, 3, NVIDIA A10G, 0 %, 0 %, 0 MiB, 23028 MiB
2026/02/25 15:59:11.095, 0, NVIDIA A10G, 23 %, 7 %, 2047 MiB, 23028 MiB
2026/02/25 15:59:11.096, 1, NVIDIA A10G, 0 %, 0 %, 0 MiB, 23028 MiB
2026/02/25 15:59:11.096, 2, NVIDIA A10G, 0 %, 0 %, 0 MiB, 23028 MiB
2026/02/25 15:59:11.096, 3, NVIDIA A10G, 0 %, 0 %, 0 MiB, 23028 MiB
2026/02/25 15:59:12.096, 0, NVIDIA A10G, 20 %, 7 %, 2047 MiB, 23028 MiB
2026/02/25 15:59:12.096, 1, NVIDIA A10G, 0 %, 0 %, 0 MiB, 23028 MiB
2026/02/25 15:59:12.096, 2, NVIDIA A10G, 0 %, 0 %, 0 MiB, 23028 MiB
2026/02/25 15:59:12.096, 3, NVIDIA A10G, 0 %, 0 %, 0 MiB, 23028 MiB
2026/02/25 15:59:13.096, 0, NVIDIA A10G, 20 %, 6 %, 2047 MiB, 23028 MiB
2026/02/25 15:59:13.096, 1, NVIDIA A10G, 0 %, 0 %, 0 MiB, 23028 MiB
2026/02/25 15:59:13.096, 2, NVIDIA A10G, 0 %, 0 %, 0 MiB, 23028 MiB
2026/02/25 15:59:13.096, 3, NVIDIA A10G, 0 %, 0 %, 0 MiB, 23028 MiB
2026/02/25 15:59:14.097, 0, NVIDIA A10G, 23 %, 8 %, 2047 MiB, 23028 MiB
2026/02/25 15:59:14.097, 1, NVIDIA A10G, 0 %, 0 %, 0 MiB, 23028 MiB
2026/02/25 15:59:14.097, 2, NVIDIA A10G, 0 %, 0 %, 0 MiB, 23028 MiB
2026/02/25 15:59:14.097, 3, NVIDIA A10G, 0 %, 0 %, 0 MiB, 23028 MiB
2026/02/25 15:59:15.097, 0, NVIDIA A10G, 0 %, 0 %, 2047 MiB, 23028 MiB
2026/02/25 15:59:15.097, 1, NVIDIA A10G, 0 %, 0 %, 0 MiB, 23028 MiB
2026/02/25 15:59:15.097, 2, NVIDIA A10G, 0 %, 0 %, 0 MiB, 23028 MiB
2026/02/25 15:59:15.097, 3, NVIDIA A10G, 0 %, 0 %, 0 MiB, 23028 MiB
2026/02/25 15:59:16.098, 0, NVIDIA A10G, 0 %, 0 %, 2047 MiB, 23028 MiB
2026/02/25 15:59:16.098, 1, NVIDIA A10G, 0 %, 0 %, 0 MiB, 23028 MiB
2026/02/25 15:59:16.098, 2, NVIDIA A10G, 0 %, 0 %, 0 MiB, 23028 MiB
2026/02/25 15:59:16.098, 3, NVIDIA A10G, 0 %, 0 %, 0 MiB, 23028 MiB
2026/02/25 15:59:17.098, 0, NVIDIA A10G, 0 %, 0 %, 2047 MiB, 23028 MiB
2026/02/25 15:59:17.098, 1, NVIDIA A10G, 0 %, 0 %, 0 MiB, 23028 MiB
2026/02/25 15:59:17.098, 2, NVIDIA A10G, 0 %, 0 %, 0 MiB, 23028 MiB
2026/02/25 15:59:17.098, 3, NVIDIA A10G, 0 %, 0 %, 0 MiB, 23028 MiB
2026/02/25 15:59:18.098, 0, NVIDIA A10G, 0 %, 0 %, 2047 MiB, 23028 MiB
2026/02/25 15:59:18.098, 1, NVIDIA A10G, 0 %, 0 %, 0 MiB, 23028 MiB
2026/02/25 15:59:18.098, 2, NVIDIA A10G, 0 %, 0 %, 0 MiB, 23028 MiB
2026/02/25 15:59:18.098, 3, NVIDIA A10G, 0 %, 0 %, 0 MiB, 23028 MiB
2026/02/25 15:59:19.099, 0, NVIDIA A10G, 0 %, 0 %, 2047 MiB, 23028 MiB
2026/02/25 15:59:19.099, 1, NVIDIA A10G, 0 %, 0 %, 0 MiB, 23028 MiB
2026/02/25 15:59:19.099, 2, NVIDIA A10G, 0 %, 0 %, 0 MiB, 23028 MiB
2026/02/25 15:59:19.099, 3, NVIDIA A10G, 0 %, 0 %, 0 MiB, 23028 MiB
2026/02/25 15:59:20.099, 0, NVIDIA A10G, 100 %, 72 %, 2047 MiB, 23028 MiB
2026/02/25 15:59:20.099, 1, NVIDIA A10G, 0 %, 0 %, 0 MiB, 23028 MiB
2026/02/25 15:59:20.099, 2, NVIDIA A10G, 0 %, 0 %, 0 MiB, 23028 MiB
2026/02/25 15:59:20.099, 3, NVIDIA A10G, 0 %, 0 %, 0 MiB, 23028 MiB
2026/02/25 15:59:21.099, 0, NVIDIA A10G, 22 %, 8 %, 2047 MiB, 23028 MiB
2026/02/25 15:59:21.100, 1, NVIDIA A10G, 0 %, 0 %, 0 MiB, 23028 MiB
2026/02/25 15:59:21.100, 2, NVIDIA A10G, 0 %, 0 %, 0 MiB, 23028 MiB
2026/02/25 15:59:21.101, 3, NVIDIA A10G, 0 %, 0 %, 0 MiB, 23028 MiB
2026/02/25 15:59:22.101, 0, NVIDIA A10G, 22 %, 7 %, 2047 MiB, 23028 MiB
2026/02/25 15:59:22.101, 1, NVIDIA A10G, 0 %, 0 %, 0 MiB, 23028 MiB
2026/02/25 15:59:22.101, 2, NVIDIA A10G, 0 %, 0 %, 0 MiB, 23028 MiB
2026/02/25 15:59:22.101, 3, NVIDIA A10G, 0 %, 0 %, 0 MiB, 23028 MiB
2026/02/25 15:59:23.101, 0, NVIDIA A10G, 21 %, 7 %, 2047 MiB, 23028 MiB
2026/02/25 15:59:23.101, 1, NVIDIA A10G, 0 %, 0 %, 0 MiB, 23028 MiB
2026/02/25 15:59:23.101, 2, NVIDIA A10G, 0 %, 0 %, 0 MiB, 23028 MiB
2026/02/25 15:59:23.101, 3, NVIDIA A10G, 0 %, 0 %, 0 MiB, 23028 MiB
2026/02/25 15:59:24.101, 0, NVIDIA A10G, 22 %, 7 %, 2047 MiB, 23028 MiB
2026/02/25 15:59:24.102, 1, NVIDIA A10G, 0 %, 0 %, 0 MiB, 23028 MiB
2026/02/25 15:59:24.102, 2, NVIDIA A10G, 0 %, 0 %, 0 MiB, 23028 MiB
2026/02/25 15:59:24.102, 3, NVIDIA A10G, 0 %, 0 %, 0 MiB, 23028 MiB
2026/02/25 15:59:25.102, 0, NVIDIA A10G, 22 %, 8 %, 2047 MiB, 23028 MiB
2026/02/25 15:59:25.102, 1, NVIDIA A10G, 0 %, 0 %, 0 MiB, 23028 MiB
2026/02/25 15:59:25.102, 2, NVIDIA A10G, 0 %, 0 %, 0 MiB, 23028 MiB
2026/02/25 15:59:25.102, 3, NVIDIA A10G, 0 %, 0 %, 0 MiB, 23028 MiB
2026/02/25 15:59:26.102, 0, NVIDIA A10G, 21 %, 7 %, 2047 MiB, 23028 MiB
2026/02/25 15:59:26.102, 1, NVIDIA A10G, 0 %, 0 %, 0 MiB, 23028 MiB
2026/02/25 15:59:26.102, 2, NVIDIA A10G, 0 %, 0 %, 0 MiB, 23028 MiB
2026/02/25 15:59:26.102, 3, NVIDIA A10G, 0 %, 0 %, 0 MiB, 23028 MiB
2026/02/25 15:59:27.102, 0, NVIDIA A10G, 5 %, 1 %, 2047 MiB, 23028 MiB
2026/02/25 15:59:27.103, 1, NVIDIA A10G, 0 %, 0 %, 0 MiB, 23028 MiB
2026/02/25 15:59:27.103, 2, NVIDIA A10G, 0 %, 0 %, 0 MiB, 23028 MiB
2026/02/25 15:59:27.103, 3, NVIDIA A10G, 0 %, 0 %, 0 MiB, 23028 MiB
2026/02/25 15:59:28.103, 0, NVIDIA A10G, 0 %, 0 %, 2047 MiB, 23028 MiB
2026/02/25 15:59:28.103, 1, NVIDIA A10G, 0 %, 0 %, 0 MiB, 23028 MiB
2026/02/25 15:59:28.103, 2, NVIDIA A10G, 0 %, 0 %, 0 MiB, 23028 MiB
2026/02/25 15:59:28.103, 3, NVIDIA A10G, 0 %, 0 %, 0 MiB, 23028 MiB
2026/02/25 15:59:29.103, 0, NVIDIA A10G, 0 %, 0 %, 2047 MiB, 23028 MiB
2026/02/25 15:59:29.103, 1, NVIDIA A10G, 0 %, 0 %, 0 MiB, 23028 MiB
2026/02/25 15:59:29.103, 2, NVIDIA A10G, 0 %, 0 %, 0 MiB, 23028 MiB
2026/02/25 15:59:29.103, 3, NVIDIA A10G, 0 %, 0 %, 0 MiB, 23028 MiB
2026/02/25 15:59:30.103, 0, NVIDIA A10G, 0 %, 0 %, 2047 MiB, 23028 MiB
2026/02/25 15:59:30.103, 1, NVIDIA A10G, 0 %, 0 %, 0 MiB, 23028 MiB
2026/02/25 15:59:30.104, 2, NVIDIA A10G, 0 %, 0 %, 0 MiB, 23028 MiB
2026/02/25 15:59:30.104, 3, NVIDIA A10G, 0 %, 0 %, 0 MiB, 23028 MiB
2026/02/25 15:59:31.104, 0, NVIDIA A10G, 22 %, 7 %, 2049 MiB, 23028 MiB
2026/02/25 15:59:31.104, 1, NVIDIA A10G, 0 %, 0 %, 0 MiB, 23028 MiB
2026/02/25 15:59:31.104, 2, NVIDIA A10G, 0 %, 0 %, 0 MiB, 23028 MiB
2026/02/25 15:59:31.104, 3, NVIDIA A10G, 0 %, 0 %, 0 MiB, 23028 MiB
2026/02/25 15:59:32.104, 0, NVIDIA A10G, 21 %, 7 %, 2049 MiB, 23028 MiB
2026/02/25 15:59:32.104, 1, NVIDIA A10G, 0 %, 0 %, 0 MiB, 23028 MiB
2026/02/25 15:59:32.104, 2, NVIDIA A10G, 0 %, 0 %, 0 MiB, 23028 MiB
2026/02/25 15:59:32.105, 3, NVIDIA A10G, 0 %, 0 %, 0 MiB, 23028 MiB
2026/02/25 15:59:33.105, 0, NVIDIA A10G, 21 %, 7 %, 2049 MiB, 23028 MiB
2026/02/25 15:59:33.105, 1, NVIDIA A10G, 0 %, 0 %, 0 MiB, 23028 MiB
2026/02/25 15:59:33.105, 2, NVIDIA A10G, 0 %, 0 %, 0 MiB, 23028 MiB
2026/02/25 15:59:33.105, 3, NVIDIA A10G, 0 %, 0 %, 0 MiB, 23028 MiB
2026/02/25 15:59:34.105, 0, NVIDIA A10G, 20 %, 6 %, 2049 MiB, 23028 MiB
2026/02/25 15:59:34.105, 1, NVIDIA A10G, 0 %, 0 %, 0 MiB, 23028 MiB
2026/02/25 15:59:34.105, 2, NVIDIA A10G, 0 %, 0 %, 0 MiB, 23028 MiB
2026/02/25 15:59:34.105, 3, NVIDIA A10G, 0 %, 0 %, 0 MiB, 23028 MiB
2026/02/25 15:59:35.105, 0, NVIDIA A10G, 0 %, 0 %, 2049 MiB, 23028 MiB
2026/02/25 15:59:35.106, 1, NVIDIA A10G, 0 %, 0 %, 0 MiB, 23028 MiB
2026/02/25 15:59:35.106, 2, NVIDIA A10G, 0 %, 0 %, 0 MiB, 23028 MiB
2026/02/25 15:59:35.106, 3, NVIDIA A10G, 0 %, 0 %, 0 MiB, 23028 MiB
2026/02/25 15:59:36.106, 0, NVIDIA A10G, 0 %, 0 %, 2049 MiB, 23028 MiB
2026/02/25 15:59:36.106, 1, NVIDIA A10G, 0 %, 0 %, 0 MiB, 23028 MiB
2026/02/25 15:59:36.106, 2, NVIDIA A10G, 0 %, 0 %, 0 MiB, 23028 MiB
2026/02/25 15:59:36.106, 3, NVIDIA A10G, 0 %, 0 %, 0 MiB, 23028 MiB
2026/02/25 15:59:37.106, 0, NVIDIA A10G, 0 %, 0 %, 2049 MiB, 23028 MiB
2026/02/25 15:59:37.106, 1, NVIDIA A10G, 0 %, 0 %, 0 MiB, 23028 MiB
2026/02/25 15:59:37.106, 2, NVIDIA A10G, 0 %, 0 %, 0 MiB, 23028 MiB
2026/02/25 15:59:37.106, 3, NVIDIA A10G, 0 %, 0 %, 0 MiB, 23028 MiB
2026/02/25 15:59:38.106, 0, NVIDIA A10G, 0 %, 0 %, 2049 MiB, 23028 MiB
2026/02/25 15:59:38.106, 1, NVIDIA A10G, 0 %, 0 %, 0 MiB, 23028 MiB
2026/02/25 15:59:38.107, 2, NVIDIA A10G, 0 %, 0 %, 0 MiB, 23028 MiB
2026/02/25 15:59:38.107, 3, NVIDIA A10G, 0 %, 0 %, 0 MiB, 23028 MiB
2026/02/25 15:59:39.107, 0, NVIDIA A10G, 0 %, 0 %, 2049 MiB, 23028 MiB
2026/02/25 15:59:39.107, 1, NVIDIA A10G, 0 %, 0 %, 0 MiB, 23028 MiB
2026/02/25 15:59:39.107, 2, NVIDIA A10G, 0 %, 0 %, 0 MiB, 23028 MiB
2026/02/25 15:59:39.107, 3, NVIDIA A10G, 0 %, 0 %, 0 MiB, 23028 MiB
2026/02/25 15:59:40.107, 0, NVIDIA A10G, 0 %, 0 %, 2049 MiB, 23028 MiB
2026/02/25 15:59:40.107, 1, NVIDIA A10G, 0 %, 0 %, 0 MiB, 23028 MiB
2026/02/25 15:59:40.107, 2, NVIDIA A10G, 0 %, 0 %, 0 MiB, 23028 MiB
2026/02/25 15:59:40.107, 3, NVIDIA A10G, 0 %, 0 %, 0 MiB, 23028 MiB
2026/02/25 15:59:41.107, 0, NVIDIA A10G, 0 %, 0 %, 2049 MiB, 23028 MiB
2026/02/25 15:59:41.107, 1, NVIDIA A10G, 0 %, 0 %, 0 MiB, 23028 MiB
2026/02/25 15:59:41.107, 2, NVIDIA A10G, 0 %, 0 %, 0 MiB, 23028 MiB
2026/02/25 15:59:41.107, 3, NVIDIA A10G, 0 %, 0 %, 0 MiB, 23028 MiB
2026/02/25 15:59:42.108, 0, NVIDIA A10G, 0 %, 0 %, 2049 MiB, 23028 MiB
2026/02/25 15:59:42.108, 1, NVIDIA A10G, 0 %, 0 %, 0 MiB, 23028 MiB
2026/02/25 15:59:42.108, 2, NVIDIA A10G, 0 %, 0 %, 0 MiB, 23028 MiB
2026/02/25 15:59:42.108, 3, NVIDIA A10G, 0 %, 0 %, 0 MiB, 23028 MiB
2026/02/25 15:59:43.108, 0, NVIDIA A10G, 0 %, 0 %, 2049 MiB, 23028 MiB
2026/02/25 15:59:43.108, 1, NVIDIA A10G, 0 %, 0 %, 0 MiB, 23028 MiB
2026/02/25 15:59:43.108, 2, NVIDIA A10G, 0 %, 0 %, 0 MiB, 23028 MiB
2026/02/25 15:59:43.108, 3, NVIDIA A10G, 0 %, 0 %, 0 MiB, 23028 MiB
2026/02/25 15:59:44.108, 0, NVIDIA A10G, 21 %, 7 %, 2049 MiB, 23028 MiB
2026/02/25 15:59:44.108, 1, NVIDIA A10G, 0 %, 0 %, 0 MiB, 23028 MiB
2026/02/25 15:59:44.108, 2, NVIDIA A10G, 0 %, 0 %, 0 MiB, 23028 MiB
2026/02/25 15:59:44.108, 3, NVIDIA A10G, 0 %, 0 %, 0 MiB, 23028 MiB
2026/02/25 15:59:45.109, 0, NVIDIA A10G, 23 %, 7 %, 2049 MiB, 23028 MiB
2026/02/25 15:59:45.109, 1, NVIDIA A10G, 0 %, 0 %, 0 MiB, 23028 MiB
2026/02/25 15:59:45.109, 2, NVIDIA A10G, 0 %, 0 %, 0 MiB, 23028 MiB
2026/02/25 15:59:45.109, 3, NVIDIA A10G, 0 %, 0 %, 0 MiB, 23028 MiB
2026/02/25 15:59:46.109, 0, NVIDIA A10G, 22 %, 7 %, 2049 MiB, 23028 MiB
2026/02/25 15:59:46.109, 1, NVIDIA A10G, 0 %, 0 %, 0 MiB, 23028 MiB
2026/02/25 15:59:46.109, 2, NVIDIA A10G, 0 %, 0 %, 0 MiB, 23028 MiB
2026/02/25 15:59:46.109, 3, NVIDIA A10G, 0 %, 0 %, 0 MiB, 23028 MiB
2026/02/25 15:59:47.109, 0, NVIDIA A10G, 23 %, 8 %, 2049 MiB, 23028 MiB
2026/02/25 15:59:47.110, 1, NVIDIA A10G, 0 %, 0 %, 0 MiB, 23028 MiB
2026/02/25 15:59:47.110, 2, NVIDIA A10G, 0 %, 0 %, 0 MiB, 23028 MiB
2026/02/25 15:59:47.110, 3, NVIDIA A10G, 0 %, 0 %, 0 MiB, 23028 MiB
2026/02/25 15:59:48.110, 0, NVIDIA A10G, 22 %, 7 %, 2049 MiB, 23028 MiB
2026/02/25 15:59:48.110, 1, NVIDIA A10G, 0 %, 0 %, 0 MiB, 23028 MiB
2026/02/25 15:59:48.110, 2, NVIDIA A10G, 0 %, 0 %, 0 MiB, 23028 MiB
2026/02/25 15:59:48.110, 3, NVIDIA A10G, 0 %, 0 %, 0 MiB, 23028 MiB
2026/02/25 15:59:49.110, 0, NVIDIA A10G, 21 %, 7 %, 2049 MiB, 23028 MiB
2026/02/25 15:59:49.110, 1, NVIDIA A10G, 0 %, 0 %, 0 MiB, 23028 MiB
2026/02/25 15:59:49.110, 2, NVIDIA A10G, 0 %, 0 %, 0 MiB, 23028 MiB
2026/02/25 15:59:49.110, 3, NVIDIA A10G, 0 %, 0 %, 0 MiB, 23028 MiB
2026/02/25 15:59:50.110, 0, NVIDIA A10G, 24 %, 8 %, 2049 MiB, 23028 MiB
2026/02/25 15:59:50.110, 1, NVIDIA A10G, 0 %, 0 %, 0 MiB, 23028 MiB
2026/02/25 15:59:50.110, 2, NVIDIA A10G, 0 %, 0 %, 0 MiB, 23028 MiB
2026/02/25 15:59:50.110, 3, NVIDIA A10G, 0 %, 0 %, 0 MiB, 23028 MiB
2026/02/25 15:59:51.111, 0, NVIDIA A10G, 23 %, 8 %, 2049 MiB, 23028 MiB
2026/02/25 15:59:51.112, 1, NVIDIA A10G, 0 %, 0 %, 0 MiB, 23028 MiB
2026/02/25 15:59:51.112, 2, NVIDIA A10G, 0 %, 0 %, 0 MiB, 23028 MiB
2026/02/25 15:59:51.112, 3, NVIDIA A10G, 0 %, 0 %, 0 MiB, 23028 MiB
2026/02/25 15:59:52.112, 0, NVIDIA A10G, 23 %, 8 %, 2049 MiB, 23028 MiB
2026/02/25 15:59:52.112, 1, NVIDIA A10G, 0 %, 0 %, 0 MiB, 23028 MiB
2026/02/25 15:59:52.113, 2, NVIDIA A10G, 0 %, 0 %, 0 MiB, 23028 MiB
2026/02/25 15:59:52.113, 3, NVIDIA A10G, 0 %, 0 %, 0 MiB, 23028 MiB
2026/02/25 15:59:53.113, 0, NVIDIA A10G, 13 %, 4 %, 2049 MiB, 23028 MiB
2026/02/25 15:59:53.113, 1, NVIDIA A10G, 0 %, 0 %, 0 MiB, 23028 MiB
2026/02/25 15:59:53.113, 2, NVIDIA A10G, 0 %, 0 %, 0 MiB, 23028 MiB
2026/02/25 15:59:53.113, 3, NVIDIA A10G, 0 %, 0 %, 0 MiB, 23028 MiB
2026/02/25 15:59:54.113, 0, NVIDIA A10G, 0 %, 0 %, 2049 MiB, 23028 MiB
2026/02/25 15:59:54.113, 1, NVIDIA A10G, 0 %, 0 %, 0 MiB, 23028 MiB
2026/02/25 15:59:54.113, 2, NVIDIA A10G, 0 %, 0 %, 0 MiB, 23028 MiB
2026/02/25 15:59:54.113, 3, NVIDIA A10G, 0 %, 0 %, 0 MiB, 23028 MiB
2026/02/25 15:59:55.113, 0, NVIDIA A10G, 0 %, 0 %, 2049 MiB, 23028 MiB
2026/02/25 15:59:55.114, 1, NVIDIA A10G, 0 %, 0 %, 0 MiB, 23028 MiB
2026/02/25 15:59:55.114, 2, NVIDIA A10G, 0 %, 0 %, 0 MiB, 23028 MiB
2026/02/25 15:59:55.114, 3, NVIDIA A10G, 0 %, 0 %, 0 MiB, 23028 MiB
2026/02/25 15:59:56.114, 0, NVIDIA A10G, 0 %, 0 %, 2049 MiB, 23028 MiB
2026/02/25 15:59:56.114, 1, NVIDIA A10G, 0 %, 0 %, 0 MiB, 23028 MiB
2026/02/25 15:59:56.114, 2, NVIDIA A10G, 0 %, 0 %, 0 MiB, 23028 MiB
2026/02/25 15:59:56.114, 3, NVIDIA A10G, 0 %, 0 %, 0 MiB, 23028 MiB
2026/02/25 15:59:57.114, 0, NVIDIA A10G, 0 %, 0 %, 2049 MiB, 23028 MiB
2026/02/25 15:59:57.114, 1, NVIDIA A10G, 0 %, 0 %, 0 MiB, 23028 MiB
2026/02/25 15:59:57.114, 2, NVIDIA A10G, 0 %, 0 %, 0 MiB, 23028 MiB
2026/02/25 15:59:57.114, 3, NVIDIA A10G, 0 %, 0 %, 0 MiB, 23028 MiB
2026/02/25 15:59:58.114, 0, NVIDIA A10G, 0 %, 0 %, 2049 MiB, 23028 MiB
2026/02/25 15:59:58.114, 1, NVIDIA A10G, 0 %, 0 %, 0 MiB, 23028 MiB
2026/02/25 15:59:58.114, 2, NVIDIA A10G, 0 %, 0 %, 0 MiB, 23028 MiB
2026/02/25 15:59:58.115, 3, NVIDIA A10G, 0 %, 0 %, 0 MiB, 23028 MiB
2026/02/25 15:59:59.115, 0, NVIDIA A10G, 0 %, 0 %, 2049 MiB, 23028 MiB
2026/02/25 15:59:59.115, 1, NVIDIA A10G, 0 %, 0 %, 0 MiB, 23028 MiB
2026/02/25 15:59:59.115, 2, NVIDIA A10G, 0 %, 0 %, 0 MiB, 23028 MiB
2026/02/25 15:59:59.115, 3, NVIDIA A10G, 0 %, 0 %, 0 MiB, 23028 MiB
2026/02/25 16:00:00.115, 0, NVIDIA A10G, 0 %, 0 %, 2049 MiB, 23028 MiB
2026/02/25 16:00:00.115, 1, NVIDIA A10G, 0 %, 0 %, 0 MiB, 23028 MiB
2026/02/25 16:00:00.115, 2, NVIDIA A10G, 0 %, 0 %, 0 MiB, 23028 MiB
2026/02/25 16:00:00.115, 3, NVIDIA A10G, 0 %, 0 %, 0 MiB, 23028 MiB
2026/02/25 16:00:01.115, 0, NVIDIA A10G, 0 %, 0 %, 2049 MiB, 23028 MiB
2026/02/25 16:00:01.115, 1, NVIDIA A10G, 0 %, 0 %, 0 MiB, 23028 MiB
2026/02/25 16:00:01.115, 2, NVIDIA A10G, 0 %, 0 %, 0 MiB, 23028 MiB
2026/02/25 16:00:01.115, 3, NVIDIA A10G, 0 %, 0 %, 0 MiB, 23028 MiB
2026/02/25 16:00:02.115, 0, NVIDIA A10G, 23 %, 8 %, 2049 MiB, 23028 MiB
2026/02/25 16:00:02.116, 1, NVIDIA A10G, 0 %, 0 %, 0 MiB, 23028 MiB
2026/02/25 16:00:02.116, 2, NVIDIA A10G, 0 %, 0 %, 0 MiB, 23028 MiB
2026/02/25 16:00:02.116, 3, NVIDIA A10G, 0 %, 0 %, 0 MiB, 23028 MiB
2026/02/25 16:00:03.116, 0, NVIDIA A10G, 21 %, 7 %, 2049 MiB, 23028 MiB
2026/02/25 16:00:03.116, 1, NVIDIA A10G, 0 %, 0 %, 0 MiB, 23028 MiB
2026/02/25 16:00:03.116, 2, NVIDIA A10G, 0 %, 0 %, 0 MiB, 23028 MiB
2026/02/25 16:00:03.116, 3, NVIDIA A10G, 0 %, 0 %, 0 MiB, 23028 MiB
2026/02/25 16:00:04.116, 0, NVIDIA A10G, 18 %, 6 %, 2049 MiB, 23028 MiB
2026/02/25 16:00:04.116, 1, NVIDIA A10G, 0 %, 0 %, 0 MiB, 23028 MiB
2026/02/25 16:00:04.116, 2, NVIDIA A10G, 0 %, 0 %, 0 MiB, 23028 MiB
2026/02/25 16:00:04.116, 3, NVIDIA A10G, 0 %, 0 %, 0 MiB, 23028 MiB
2026/02/25 16:00:05.116, 0, NVIDIA A10G, 21 %, 7 %, 2049 MiB, 23028 MiB
2026/02/25 16:00:05.116, 1, NVIDIA A10G, 0 %, 0 %, 0 MiB, 23028 MiB
2026/02/25 16:00:05.116, 2, NVIDIA A10G, 0 %, 0 %, 0 MiB, 23028 MiB
2026/02/25 16:00:05.116, 3, NVIDIA A10G, 0 %, 0 %, 0 MiB, 23028 MiB
2026/02/25 16:00:06.117, 0, NVIDIA A10G, 22 %, 7 %, 2049 MiB, 23028 MiB
2026/02/25 16:00:06.117, 1, NVIDIA A10G, 0 %, 0 %, 0 MiB, 23028 MiB
2026/02/25 16:00:06.117, 2, NVIDIA A10G, 0 %, 0 %, 0 MiB, 23028 MiB
2026/02/25 16:00:06.117, 3, NVIDIA A10G, 0 %, 0 %, 0 MiB, 23028 MiB
2026/02/25 16:00:07.117, 0, NVIDIA A10G, 21 %, 7 %, 2049 MiB, 23028 MiB
2026/02/25 16:00:07.117, 1, NVIDIA A10G, 0 %, 0 %, 0 MiB, 23028 MiB
2026/02/25 16:00:07.117, 2, NVIDIA A10G, 0 %, 0 %, 0 MiB, 23028 MiB
2026/02/25 16:00:07.117, 3, NVIDIA A10G, 0 %, 0 %, 0 MiB, 23028 MiB
2026/02/25 16:00:08.118, 0, NVIDIA A10G, 19 %, 6 %, 2049 MiB, 23028 MiB
2026/02/25 16:00:08.118, 1, NVIDIA A10G, 0 %, 0 %, 0 MiB, 23028 MiB
2026/02/25 16:00:08.118, 2, NVIDIA A10G, 0 %, 0 %, 0 MiB, 23028 MiB
2026/02/25 16:00:08.118, 3, NVIDIA A10G, 0 %, 0 %, 0 MiB, 23028 MiB
2026/02/25 16:00:09.118, 0, NVIDIA A10G, 21 %, 7 %, 2049 MiB, 23028 MiB
2026/02/25 16:00:09.118, 1, NVIDIA A10G, 0 %, 0 %, 0 MiB, 23028 MiB
2026/02/25 16:00:09.118, 2, NVIDIA A10G, 0 %, 0 %, 0 MiB, 23028 MiB
2026/02/25 16:00:09.118, 3, NVIDIA A10G, 0 %, 0 %, 0 MiB, 23028 MiB
2026/02/25 16:00:10.118, 0, NVIDIA A10G, 23 %, 8 %, 2049 MiB, 23028 MiB
2026/02/25 16:00:10.118, 1, NVIDIA A10G, 0 %, 0 %, 0 MiB, 23028 MiB
2026/02/25 16:00:10.118, 2, NVIDIA A10G, 0 %, 0 %, 0 MiB, 23028 MiB
2026/02/25 16:00:10.118, 3, NVIDIA A10G, 0 %, 0 %, 0 MiB, 23028 MiB
2026/02/25 16:00:11.119, 0, NVIDIA A10G, 0 %, 0 %, 2049 MiB, 23028 MiB
2026/02/25 16:00:11.119, 1, NVIDIA A10G, 0 %, 0 %, 0 MiB, 23028 MiB
2026/02/25 16:00:11.119, 2, NVIDIA A10G, 0 %, 0 %, 0 MiB, 23028 MiB
2026/02/25 16:00:11.119, 3, NVIDIA A10G, 0 %, 0 %, 0 MiB, 23028 MiB
2026/02/25 16:00:12.119, 0, NVIDIA A10G, 0 %, 0 %, 2049 MiB, 23028 MiB
2026/02/25 16:00:12.119, 1, NVIDIA A10G, 0 %, 0 %, 0 MiB, 23028 MiB
2026/02/25 16:00:12.119, 2, NVIDIA A10G, 0 %, 0 %, 0 MiB, 23028 MiB
2026/02/25 16:00:12.119, 3, NVIDIA A10G, 0 %, 0 %, 0 MiB, 23028 MiB
2026/02/25 16:00:13.119, 0, NVIDIA A10G, 0 %, 0 %, 2049 MiB, 23028 MiB
2026/02/25 16:00:13.119, 1, NVIDIA A10G, 0 %, 0 %, 0 MiB, 23028 MiB
2026/02/25 16:00:13.119, 2, NVIDIA A10G, 0 %, 0 %, 0 MiB, 23028 MiB
2026/02/25 16:00:13.120, 3, NVIDIA A10G, 0 %, 0 %, 0 MiB, 23028 MiB
2026/02/25 16:00:14.120, 0, NVIDIA A10G, 0 %, 0 %, 2049 MiB, 23028 MiB
2026/02/25 16:00:14.120, 1, NVIDIA A10G, 0 %, 0 %, 0 MiB, 23028 MiB
2026/02/25 16:00:14.120, 2, NVIDIA A10G, 0 %, 0 %, 0 MiB, 23028 MiB
2026/02/25 16:00:14.120, 3, NVIDIA A10G, 0 %, 0 %, 0 MiB, 23028 MiB
2026/02/25 16:00:15.120, 0, NVIDIA A10G, 0 %, 0 %, 2049 MiB, 23028 MiB
2026/02/25 16:00:15.120, 1, NVIDIA A10G, 0 %, 0 %, 0 MiB, 23028 MiB
2026/02/25 16:00:15.120, 2, NVIDIA A10G, 0 %, 0 %, 0 MiB, 23028 MiB
2026/02/25 16:00:15.120, 3, NVIDIA A10G, 0 %, 0 %, 0 MiB, 23028 MiB
2026/02/25 16:00:16.120, 0, NVIDIA A10G, 89 %, 56 %, 2049 MiB, 23028 MiB
2026/02/25 16:00:16.120, 1, NVIDIA A10G, 0 %, 0 %, 0 MiB, 23028 MiB
2026/02/25 16:00:16.120, 2, NVIDIA A10G, 0 %, 0 %, 0 MiB, 23028 MiB
2026/02/25 16:00:16.120, 3, NVIDIA A10G, 0 %, 0 %, 0 MiB, 23028 MiB
2026/02/25 16:00:17.121, 0, NVIDIA A10G, 21 %, 7 %, 2049 MiB, 23028 MiB
2026/02/25 16:00:17.121, 1, NVIDIA A10G, 0 %, 0 %, 0 MiB, 23028 MiB
2026/02/25 16:00:17.121, 2, NVIDIA A10G, 0 %, 0 %, 0 MiB, 23028 MiB
2026/02/25 16:00:17.121, 3, NVIDIA A10G, 0 %, 0 %, 0 MiB, 23028 MiB
2026/02/25 16:00:18.121, 0, NVIDIA A10G, 21 %, 7 %, 2049 MiB, 23028 MiB
2026/02/25 16:00:18.121, 1, NVIDIA A10G, 0 %, 0 %, 0 MiB, 23028 MiB
2026/02/25 16:00:18.121, 2, NVIDIA A10G, 0 %, 0 %, 0 MiB, 23028 MiB
2026/02/25 16:00:18.121, 3, NVIDIA A10G, 0 %, 0 %, 0 MiB, 23028 MiB
2026/02/25 16:00:19.121, 0, NVIDIA A10G, 21 %, 6 %, 2049 MiB, 23028 MiB
2026/02/25 16:00:19.121, 1, NVIDIA A10G, 0 %, 0 %, 0 MiB, 23028 MiB
2026/02/25 16:00:19.121, 2, NVIDIA A10G, 0 %, 0 %, 0 MiB, 23028 MiB
2026/02/25 16:00:19.121, 3, NVIDIA A10G, 0 %, 0 %, 0 MiB, 23028 MiB
2026/02/25 16:00:20.122, 0, NVIDIA A10G, 22 %, 7 %, 2049 MiB, 23028 MiB
2026/02/25 16:00:20.122, 1, NVIDIA A10G, 0 %, 0 %, 0 MiB, 23028 MiB
2026/02/25 16:00:20.122, 2, NVIDIA A10G, 0 %, 0 %, 0 MiB, 23028 MiB
2026/02/25 16:00:20.122, 3, NVIDIA A10G, 0 %, 0 %, 0 MiB, 23028 MiB
2026/02/25 16:00:21.122, 0, NVIDIA A10G, 22 %, 7 %, 2049 MiB, 23028 MiB
2026/02/25 16:00:21.122, 1, NVIDIA A10G, 0 %, 0 %, 0 MiB, 23028 MiB
2026/02/25 16:00:21.122, 2, NVIDIA A10G, 0 %, 0 %, 0 MiB, 23028 MiB
2026/02/25 16:00:21.122, 3, NVIDIA A10G, 0 %, 0 %, 0 MiB, 23028 MiB
2026/02/25 16:00:22.122, 0, NVIDIA A10G, 22 %, 7 %, 2049 MiB, 23028 MiB
2026/02/25 16:00:22.123, 1, NVIDIA A10G, 0 %, 0 %, 0 MiB, 23028 MiB
2026/02/25 16:00:22.123, 2, NVIDIA A10G, 0 %, 0 %, 0 MiB, 23028 MiB
2026/02/25 16:00:22.123, 3, NVIDIA A10G, 0 %, 0 %, 0 MiB, 23028 MiB
2026/02/25 16:00:23.123, 0, NVIDIA A10G, 23 %, 8 %, 2049 MiB, 23028 MiB
2026/02/25 16:00:23.123, 1, NVIDIA A10G, 0 %, 0 %, 0 MiB, 23028 MiB
2026/02/25 16:00:23.123, 2, NVIDIA A10G, 0 %, 0 %, 0 MiB, 23028 MiB
2026/02/25 16:00:23.123, 3, NVIDIA A10G, 0 %, 0 %, 0 MiB, 23028 MiB
2026/02/25 16:00:24.123, 0, NVIDIA A10G, 0 %, 0 %, 2049 MiB, 23028 MiB
2026/02/25 16:00:24.123, 1, NVIDIA A10G, 0 %, 0 %, 0 MiB, 23028 MiB
2026/02/25 16:00:24.123, 2, NVIDIA A10G, 0 %, 0 %, 0 MiB, 23028 MiB
2026/02/25 16:00:24.123, 3, NVIDIA A10G, 0 %, 0 %, 0 MiB, 23028 MiB
2026/02/25 16:00:25.123, 0, NVIDIA A10G, 0 %, 0 %, 2049 MiB, 23028 MiB
2026/02/25 16:00:25.124, 1, NVIDIA A10G, 0 %, 0 %, 0 MiB, 23028 MiB
2026/02/25 16:00:25.124, 2, NVIDIA A10G, 0 %, 0 %, 0 MiB, 23028 MiB
2026/02/25 16:00:25.124, 3, NVIDIA A10G, 0 %, 0 %, 0 MiB, 23028 MiB
2026/02/25 16:00:26.124, 0, NVIDIA A10G, 0 %, 0 %, 2049 MiB, 23028 MiB
2026/02/25 16:00:26.124, 1, NVIDIA A10G, 0 %, 0 %, 0 MiB, 23028 MiB
2026/02/25 16:00:26.124, 2, NVIDIA A10G, 0 %, 0 %, 0 MiB, 23028 MiB
2026/02/25 16:00:26.124, 3, NVIDIA A10G, 0 %, 0 %, 0 MiB, 23028 MiB
2026/02/25 16:00:27.125, 0, NVIDIA A10G, 0 %, 0 %, 2049 MiB, 23028 MiB
2026/02/25 16:00:27.125, 1, NVIDIA A10G, 0 %, 0 %, 0 MiB, 23028 MiB
2026/02/25 16:00:27.125, 2, NVIDIA A10G, 0 %, 0 %, 0 MiB, 23028 MiB
2026/02/25 16:00:27.125, 3, NVIDIA A10G, 0 %, 0 %, 0 MiB, 23028 MiB
2026/02/25 16:00:28.125, 0, NVIDIA A10G, 0 %, 0 %, 2049 MiB, 23028 MiB
2026/02/25 16:00:28.125, 1, NVIDIA A10G, 0 %, 0 %, 0 MiB, 23028 MiB
2026/02/25 16:00:28.125, 2, NVIDIA A10G, 0 %, 0 %, 0 MiB, 23028 MiB
2026/02/25 16:00:28.125, 3, NVIDIA A10G, 0 %, 0 %, 0 MiB, 23028 MiB
2026/02/25 16:00:29.125, 0, NVIDIA A10G, 0 %, 0 %, 2049 MiB, 23028 MiB
2026/02/25 16:00:29.125, 1, NVIDIA A10G, 0 %, 0 %, 0 MiB, 23028 MiB
2026/02/25 16:00:29.125, 2, NVIDIA A10G, 0 %, 0 %, 0 MiB, 23028 MiB
2026/02/25 16:00:29.126, 3, NVIDIA A10G, 0 %, 0 %, 0 MiB, 23028 MiB
2026/02/25 16:00:30.126, 0, NVIDIA A10G, 0 %, 0 %, 2049 MiB, 23028 MiB
2026/02/25 16:00:30.126, 1, NVIDIA A10G, 0 %, 0 %, 0 MiB, 23028 MiB
2026/02/25 16:00:30.126, 2, NVIDIA A10G, 0 %, 0 %, 0 MiB, 23028 MiB
2026/02/25 16:00:30.126, 3, NVIDIA A10G, 0 %, 0 %, 0 MiB, 23028 MiB
2026/02/25 16:00:31.126, 0, NVIDIA A10G, 0 %, 0 %, 2049 MiB, 23028 MiB
2026/02/25 16:00:31.126, 1, NVIDIA A10G, 0 %, 0 %, 0 MiB, 23028 MiB
2026/02/25 16:00:31.126, 2, NVIDIA A10G, 0 %, 0 %, 0 MiB, 23028 MiB
2026/02/25 16:00:31.126, 3, NVIDIA A10G, 0 %, 0 %, 0 MiB, 23028 MiB
2026/02/25 16:00:32.126, 0, NVIDIA A10G, 0 %, 0 %, 2049 MiB, 23028 MiB
2026/02/25 16:00:32.126, 1, NVIDIA A10G, 0 %, 0 %, 0 MiB, 23028 MiB
2026/02/25 16:00:32.126, 2, NVIDIA A10G, 0 %, 0 %, 0 MiB, 23028 MiB
2026/02/25 16:00:32.126, 3, NVIDIA A10G, 0 %, 0 %, 0 MiB, 23028 MiB
2026/02/25 16:00:33.127, 0, NVIDIA A10G, 0 %, 0 %, 2049 MiB, 23028 MiB
2026/02/25 16:00:33.127, 1, NVIDIA A10G, 0 %, 0 %, 0 MiB, 23028 MiB
2026/02/25 16:00:33.127, 2, NVIDIA A10G, 0 %, 0 %, 0 MiB, 23028 MiB
2026/02/25 16:00:33.127, 3, NVIDIA A10G, 0 %, 0 %, 0 MiB, 23028 MiB
2026/02/25 16:00:34.127, 0, NVIDIA A10G, 23 %, 7 %, 2049 MiB, 23028 MiB
2026/02/25 16:00:34.127, 1, NVIDIA A10G, 0 %, 0 %, 0 MiB, 23028 MiB
2026/02/25 16:00:34.127, 2, NVIDIA A10G, 0 %, 0 %, 0 MiB, 23028 MiB
2026/02/25 16:00:34.127, 3, NVIDIA A10G, 0 %, 0 %, 0 MiB, 23028 MiB
2026/02/25 16:00:35.127, 0, NVIDIA A10G, 22 %, 7 %, 2049 MiB, 23028 MiB
2026/02/25 16:00:35.127, 1, NVIDIA A10G, 0 %, 0 %, 0 MiB, 23028 MiB
2026/02/25 16:00:35.128, 2, NVIDIA A10G, 0 %, 0 %, 0 MiB, 23028 MiB
2026/02/25 16:00:35.128, 3, NVIDIA A10G, 0 %, 0 %, 0 MiB, 23028 MiB
2026/02/25 16:00:36.128, 0, NVIDIA A10G, 23 %, 8 %, 2049 MiB, 23028 MiB
2026/02/25 16:00:36.128, 1, NVIDIA A10G, 0 %, 0 %, 0 MiB, 23028 MiB
2026/02/25 16:00:36.128, 2, NVIDIA A10G, 0 %, 0 %, 0 MiB, 23028 MiB
2026/02/25 16:00:36.128, 3, NVIDIA A10G, 0 %, 0 %, 0 MiB, 23028 MiB
2026/02/25 16:00:37.128, 0, NVIDIA A10G, 22 %, 7 %, 2049 MiB, 23028 MiB
2026/02/25 16:00:37.128, 1, NVIDIA A10G, 0 %, 0 %, 0 MiB, 23028 MiB
2026/02/25 16:00:37.128, 2, NVIDIA A10G, 0 %, 0 %, 0 MiB, 23028 MiB
2026/02/25 16:00:37.128, 3, NVIDIA A10G, 0 %, 0 %, 0 MiB, 23028 MiB
2026/02/25 16:00:38.128, 0, NVIDIA A10G, 21 %, 7 %, 2049 MiB, 23028 MiB
2026/02/25 16:00:38.129, 1, NVIDIA A10G, 0 %, 0 %, 0 MiB, 23028 MiB
2026/02/25 16:00:38.129, 2, NVIDIA A10G, 0 %, 0 %, 0 MiB, 23028 MiB
2026/02/25 16:00:38.129, 3, NVIDIA A10G, 0 %, 0 %, 0 MiB, 23028 MiB
2026/02/25 16:00:39.129, 0, NVIDIA A10G, 18 %, 5 %, 2049 MiB, 23028 MiB
2026/02/25 16:00:39.129, 1, NVIDIA A10G, 0 %, 0 %, 0 MiB, 23028 MiB
2026/02/25 16:00:39.129, 2, NVIDIA A10G, 0 %, 0 %, 0 MiB, 23028 MiB
2026/02/25 16:00:39.129, 3, NVIDIA A10G, 0 %, 0 %, 0 MiB, 23028 MiB
2026/02/25 16:00:40.129, 0, NVIDIA A10G, 23 %, 8 %, 2049 MiB, 23028 MiB
2026/02/25 16:00:40.129, 1, NVIDIA A10G, 0 %, 0 %, 0 MiB, 23028 MiB
2026/02/25 16:00:40.129, 2, NVIDIA A10G, 0 %, 0 %, 0 MiB, 23028 MiB
2026/02/25 16:00:40.129, 3, NVIDIA A10G, 0 %, 0 %, 0 MiB, 23028 MiB
2026/02/25 16:00:41.130, 0, NVIDIA A10G, 23 %, 8 %, 2049 MiB, 23028 MiB
2026/02/25 16:00:41.130, 1, NVIDIA A10G, 0 %, 0 %, 0 MiB, 23028 MiB
2026/02/25 16:00:41.130, 2, NVIDIA A10G, 0 %, 0 %, 0 MiB, 23028 MiB
2026/02/25 16:00:41.130, 3, NVIDIA A10G, 0 %, 0 %, 0 MiB, 23028 MiB
2026/02/25 16:00:42.130, 0, NVIDIA A10G, 21 %, 7 %, 2049 MiB, 23028 MiB
2026/02/25 16:00:42.130, 1, NVIDIA A10G, 0 %, 0 %, 0 MiB, 23028 MiB
2026/02/25 16:00:42.130, 2, NVIDIA A10G, 0 %, 0 %, 0 MiB, 23028 MiB
2026/02/25 16:00:42.130, 3, NVIDIA A10G, 0 %, 0 %, 0 MiB, 23028 MiB
2026/02/25 16:00:43.130, 0, NVIDIA A10G, 22 %, 8 %, 2049 MiB, 23028 MiB
2026/02/25 16:00:43.130, 1, NVIDIA A10G, 0 %, 0 %, 0 MiB, 23028 MiB
2026/02/25 16:00:43.130, 2, NVIDIA A10G, 0 %, 0 %, 0 MiB, 23028 MiB
2026/02/25 16:00:43.131, 3, NVIDIA A10G, 0 %, 0 %, 0 MiB, 23028 MiB
2026/02/25 16:00:44.131, 0, NVIDIA A10G, 10 %, 3 %, 2049 MiB, 23028 MiB
2026/02/25 16:00:44.131, 1, NVIDIA A10G, 0 %, 0 %, 0 MiB, 23028 MiB
2026/02/25 16:00:44.131, 2, NVIDIA A10G, 0 %, 0 %, 0 MiB, 23028 MiB
2026/02/25 16:00:44.131, 3, NVIDIA A10G, 0 %, 0 %, 0 MiB, 23028 MiB
2026/02/25 16:00:45.131, 0, NVIDIA A10G, 0 %, 0 %, 2049 MiB, 23028 MiB
2026/02/25 16:00:45.131, 1, NVIDIA A10G, 0 %, 0 %, 0 MiB, 23028 MiB
2026/02/25 16:00:45.131, 2, NVIDIA A10G, 0 %, 0 %, 0 MiB, 23028 MiB
2026/02/25 16:00:45.131, 3, NVIDIA A10G, 0 %, 0 %, 0 MiB, 23028 MiB
2026/02/25 16:00:46.131, 0, NVIDIA A10G, 0 %, 0 %, 2049 MiB, 23028 MiB
2026/02/25 16:00:46.131, 1, NVIDIA A10G, 0 %, 0 %, 0 MiB, 23028 MiB
2026/02/25 16:00:46.131, 2, NVIDIA A10G, 0 %, 0 %, 0 MiB, 23028 MiB
2026/02/25 16:00:46.132, 3, NVIDIA A10G, 0 %, 0 %, 0 MiB, 23028 MiB
2026/02/25 16:00:47.132, 0, NVIDIA A10G, 0 %, 0 %, 2049 MiB, 23028 MiB
2026/02/25 16:00:47.132, 1, NVIDIA A10G, 0 %, 0 %, 0 MiB, 23028 MiB
2026/02/25 16:00:47.132, 2, NVIDIA A10G, 0 %, 0 %, 0 MiB, 23028 MiB
2026/02/25 16:00:47.132, 3, NVIDIA A10G, 0 %, 0 %, 0 MiB, 23028 MiB
2026/02/25 16:00:48.132, 0, NVIDIA A10G, 0 %, 0 %, 2049 MiB, 23028 MiB
2026/02/25 16:00:48.132, 1, NVIDIA A10G, 0 %, 0 %, 0 MiB, 23028 MiB
2026/02/25 16:00:48.132, 2, NVIDIA A10G, 0 %, 0 %, 0 MiB, 23028 MiB
2026/02/25 16:00:48.132, 3, NVIDIA A10G, 0 %, 0 %, 0 MiB, 23028 MiB
2026/02/25 16:00:49.132, 0, NVIDIA A10G, 0 %, 0 %, 2049 MiB, 23028 MiB
2026/02/25 16:00:49.132, 1, NVIDIA A10G, 0 %, 0 %, 0 MiB, 23028 MiB
2026/02/25 16:00:49.133, 2, NVIDIA A10G, 0 %, 0 %, 0 MiB, 23028 MiB
2026/02/25 16:00:49.133, 3, NVIDIA A10G, 0 %, 0 %, 0 MiB, 23028 MiB
2026/02/25 16:00:50.133, 0, NVIDIA A10G, 0 %, 0 %, 2049 MiB, 23028 MiB
2026/02/25 16:00:50.133, 1, NVIDIA A10G, 0 %, 0 %, 0 MiB, 23028 MiB
2026/02/25 16:00:50.133, 2, NVIDIA A10G, 0 %, 0 %, 0 MiB, 23028 MiB
2026/02/25 16:00:50.133, 3, NVIDIA A10G, 0 %, 0 %, 0 MiB, 23028 MiB
2026/02/25 16:00:51.133, 0, NVIDIA A10G, 0 %, 0 %, 2049 MiB, 23028 MiB
2026/02/25 16:00:51.133, 1, NVIDIA A10G, 0 %, 0 %, 0 MiB, 23028 MiB
2026/02/25 16:00:51.133, 2, NVIDIA A10G, 0 %, 0 %, 0 MiB, 23028 MiB
2026/02/25 16:00:51.133, 3, NVIDIA A10G, 0 %, 0 %, 0 MiB, 23028 MiB
2026/02/25 16:00:52.133, 0, NVIDIA A10G, 0 %, 0 %, 2049 MiB, 23028 MiB
2026/02/25 16:00:52.134, 1, NVIDIA A10G, 0 %, 0 %, 0 MiB, 23028 MiB
2026/02/25 16:00:52.134, 2, NVIDIA A10G, 0 %, 0 %, 0 MiB, 23028 MiB
2026/02/25 16:00:52.134, 3, NVIDIA A10G, 0 %, 0 %, 0 MiB, 23028 MiB
2026/02/25 16:00:53.134, 0, NVIDIA A10G, 0 %, 0 %, 2049 MiB, 23028 MiB
2026/02/25 16:00:53.134, 1, NVIDIA A10G, 0 %, 0 %, 0 MiB, 23028 MiB
2026/02/25 16:00:53.134, 2, NVIDIA A10G, 0 %, 0 %, 0 MiB, 23028 MiB
2026/02/25 16:00:53.134, 3, NVIDIA A10G, 0 %, 0 %, 0 MiB, 23028 MiB
2026/02/25 16:00:54.134, 0, NVIDIA A10G, 0 %, 0 %, 2049 MiB, 23028 MiB
2026/02/25 16:00:54.134, 1, NVIDIA A10G, 0 %, 0 %, 0 MiB, 23028 MiB
2026/02/25 16:00:54.134, 2, NVIDIA A10G, 0 %, 0 %, 0 MiB, 23028 MiB
2026/02/25 16:00:54.134, 3, NVIDIA A10G, 0 %, 0 %, 0 MiB, 23028 MiB
2026/02/25 16:00:55.135, 0, NVIDIA A10G, 0 %, 0 %, 2049 MiB, 23028 MiB
2026/02/25 16:00:55.135, 1, NVIDIA A10G, 0 %, 0 %, 0 MiB, 23028 MiB
2026/02/25 16:00:55.135, 2, NVIDIA A10G, 0 %, 0 %, 0 MiB, 23028 MiB
2026/02/25 16:00:55.135, 3, NVIDIA A10G, 0 %, 0 %, 0 MiB, 23028 MiB
2026/02/25 16:00:56.135, 0, NVIDIA A10G, 0 %, 0 %, 2049 MiB, 23028 MiB
2026/02/25 16:00:56.135, 1, NVIDIA A10G, 0 %, 0 %, 0 MiB, 23028 MiB
2026/02/25 16:00:56.135, 2, NVIDIA A10G, 0 %, 0 %, 0 MiB, 23028 MiB
2026/02/25 16:00:56.135, 3, NVIDIA A10G, 0 %, 0 %, 0 MiB, 23028 MiB
2026/02/25 16:00:57.135, 0, NVIDIA A10G, 0 %, 0 %, 2049 MiB, 23028 MiB
2026/02/25 16:00:57.136, 1, NVIDIA A10G, 0 %, 0 %, 0 MiB, 23028 MiB
2026/02/25 16:00:57.136, 2, NVIDIA A10G, 0 %, 0 %, 0 MiB, 23028 MiB
2026/02/25 16:00:57.136, 3, NVIDIA A10G, 0 %, 0 %, 0 MiB, 23028 MiB
2026/02/25 16:00:58.136, 0, NVIDIA A10G, 21 %, 7 %, 2049 MiB, 23028 MiB
2026/02/25 16:00:58.136, 1, NVIDIA A10G, 0 %, 0 %, 0 MiB, 23028 MiB
2026/02/25 16:00:58.136, 2, NVIDIA A10G, 0 %, 0 %, 0 MiB, 23028 MiB
2026/02/25 16:00:58.136, 3, NVIDIA A10G, 0 %, 0 %, 0 MiB, 23028 MiB
2026/02/25 16:00:59.136, 0, NVIDIA A10G, 22 %, 7 %, 2049 MiB, 23028 MiB
2026/02/25 16:00:59.137, 1, NVIDIA A10G, 0 %, 0 %, 0 MiB, 23028 MiB
2026/02/25 16:00:59.137, 2, NVIDIA A10G, 0 %, 0 %, 0 MiB, 23028 MiB
2026/02/25 16:00:59.137, 3, NVIDIA A10G, 0 %, 0 %, 0 MiB, 23028 MiB
2026/02/25 16:01:00.137, 0, NVIDIA A10G, 20 %, 6 %, 2049 MiB, 23028 MiB
2026/02/25 16:01:00.137, 1, NVIDIA A10G, 0 %, 0 %, 0 MiB, 23028 MiB
2026/02/25 16:01:00.137, 2, NVIDIA A10G, 0 %, 0 %, 0 MiB, 23028 MiB
2026/02/25 16:01:00.137, 3, NVIDIA A10G, 0 %, 0 %, 0 MiB, 23028 MiB
2026/02/25 16:01:01.137, 0, NVIDIA A10G, 22 %, 7 %, 2049 MiB, 23028 MiB
2026/02/25 16:01:01.137, 1, NVIDIA A10G, 0 %, 0 %, 0 MiB, 23028 MiB
2026/02/25 16:01:01.137, 2, NVIDIA A10G, 0 %, 0 %, 0 MiB, 23028 MiB
2026/02/25 16:01:01.137, 3, NVIDIA A10G, 0 %, 0 %, 0 MiB, 23028 MiB
2026/02/25 16:01:02.138, 0, NVIDIA A10G, 22 %, 8 %, 2049 MiB, 23028 MiB
2026/02/25 16:01:02.138, 1, NVIDIA A10G, 0 %, 0 %, 0 MiB, 23028 MiB
2026/02/25 16:01:02.138, 2, NVIDIA A10G, 0 %, 0 %, 0 MiB, 23028 MiB
2026/02/25 16:01:02.138, 3, NVIDIA A10G, 0 %, 0 %, 0 MiB, 23028 MiB
2026/02/25 16:01:03.138, 0, NVIDIA A10G, 22 %, 8 %, 2049 MiB, 23028 MiB
2026/02/25 16:01:03.138, 1, NVIDIA A10G, 0 %, 0 %, 0 MiB, 23028 MiB
2026/02/25 16:01:03.138, 2, NVIDIA A10G, 0 %, 0 %, 0 MiB, 23028 MiB
2026/02/25 16:01:03.138, 3, NVIDIA A10G, 0 %, 0 %, 0 MiB, 23028 MiB
2026/02/25 16:01:04.138, 0, NVIDIA A10G, 24 %, 8 %, 2049 MiB, 23028 MiB
2026/02/25 16:01:04.139, 1, NVIDIA A10G, 0 %, 0 %, 0 MiB, 23028 MiB
2026/02/25 16:01:04.139, 2, NVIDIA A10G, 0 %, 0 %, 0 MiB, 23028 MiB
2026/02/25 16:01:04.139, 3, NVIDIA A10G, 0 %, 0 %, 0 MiB, 23028 MiB
2026/02/25 16:01:05.139, 0, NVIDIA A10G, 22 %, 8 %, 2049 MiB, 23028 MiB
2026/02/25 16:01:05.139, 1, NVIDIA A10G, 0 %, 0 %, 0 MiB, 23028 MiB
2026/02/25 16:01:05.139, 2, NVIDIA A10G, 0 %, 0 %, 0 MiB, 23028 MiB
2026/02/25 16:01:05.139, 3, NVIDIA A10G, 0 %, 0 %, 0 MiB, 23028 MiB
2026/02/25 16:01:06.139, 0, NVIDIA A10G, 22 %, 8 %, 2049 MiB, 23028 MiB
2026/02/25 16:01:06.139, 1, NVIDIA A10G, 0 %, 0 %, 0 MiB, 23028 MiB
2026/02/25 16:01:06.140, 2, NVIDIA A10G, 0 %, 0 %, 0 MiB, 23028 MiB
2026/02/25 16:01:06.140, 3, NVIDIA A10G, 0 %, 0 %, 0 MiB, 23028 MiB
2026/02/25 16:01:07.140, 0, NVIDIA A10G, 21 %, 7 %, 2049 MiB, 23028 MiB
2026/02/25 16:01:07.140, 1, NVIDIA A10G, 0 %, 0 %, 0 MiB, 23028 MiB
2026/02/25 16:01:07.140, 2, NVIDIA A10G, 0 %, 0 %, 0 MiB, 23028 MiB
2026/02/25 16:01:07.140, 3, NVIDIA A10G, 0 %, 0 %, 0 MiB, 23028 MiB
2026/02/25 16:01:08.140, 0, NVIDIA A10G, 22 %, 7 %, 2049 MiB, 23028 MiB
2026/02/25 16:01:08.140, 1, NVIDIA A10G, 0 %, 0 %, 0 MiB, 23028 MiB
2026/02/25 16:01:08.140, 2, NVIDIA A10G, 0 %, 0 %, 0 MiB, 23028 MiB
2026/02/25 16:01:08.140, 3, NVIDIA A10G, 0 %, 0 %, 0 MiB, 23028 MiB
2026/02/25 16:01:09.140, 0, NVIDIA A10G, 20 %, 7 %, 2049 MiB, 23028 MiB
2026/02/25 16:01:09.140, 1, NVIDIA A10G, 0 %, 0 %, 0 MiB, 23028 MiB
2026/02/25 16:01:09.140, 2, NVIDIA A10G, 0 %, 0 %, 0 MiB, 23028 MiB
2026/02/25 16:01:09.141, 3, NVIDIA A10G, 0 %, 0 %, 0 MiB, 23028 MiB
2026/02/25 16:01:10.141, 0, NVIDIA A10G, 22 %, 7 %, 2049 MiB, 23028 MiB
2026/02/25 16:01:10.141, 1, NVIDIA A10G, 0 %, 0 %, 0 MiB, 23028 MiB
2026/02/25 16:01:10.141, 2, NVIDIA A10G, 0 %, 0 %, 0 MiB, 23028 MiB
2026/02/25 16:01:10.141, 3, NVIDIA A10G, 0 %, 0 %, 0 MiB, 23028 MiB
2026/02/25 16:01:11.141, 0, NVIDIA A10G, 21 %, 7 %, 2049 MiB, 23028 MiB
2026/02/25 16:01:11.141, 1, NVIDIA A10G, 0 %, 0 %, 0 MiB, 23028 MiB
2026/02/25 16:01:11.141, 2, NVIDIA A10G, 0 %, 0 %, 0 MiB, 23028 MiB
2026/02/25 16:01:11.141, 3, NVIDIA A10G, 0 %, 0 %, 0 MiB, 23028 MiB
2026/02/25 16:01:12.141, 0, NVIDIA A10G, 12 %, 4 %, 2049 MiB, 23028 MiB
2026/02/25 16:01:12.141, 1, NVIDIA A10G, 0 %, 0 %, 0 MiB, 23028 MiB
2026/02/25 16:01:12.141, 2, NVIDIA A10G, 0 %, 0 %, 0 MiB, 23028 MiB
2026/02/25 16:01:12.142, 3, NVIDIA A10G, 0 %, 0 %, 0 MiB, 23028 MiB
2026/02/25 16:01:13.142, 0, NVIDIA A10G, 0 %, 0 %, 2049 MiB, 23028 MiB
2026/02/25 16:01:13.142, 1, NVIDIA A10G, 0 %, 0 %, 0 MiB, 23028 MiB
2026/02/25 16:01:13.142, 2, NVIDIA A10G, 0 %, 0 %, 0 MiB, 23028 MiB
2026/02/25 16:01:13.142, 3, NVIDIA A10G, 0 %, 0 %, 0 MiB, 23028 MiB
2026/02/25 16:01:14.142, 0, NVIDIA A10G, 0 %, 0 %, 2049 MiB, 23028 MiB
2026/02/25 16:01:14.142, 1, NVIDIA A10G, 0 %, 0 %, 0 MiB, 23028 MiB
2026/02/25 16:01:14.142, 2, NVIDIA A10G, 0 %, 0 %, 0 MiB, 23028 MiB
2026/02/25 16:01:14.142, 3, NVIDIA A10G, 0 %, 0 %, 0 MiB, 23028 MiB
2026/02/25 16:01:15.142, 0, NVIDIA A10G, 0 %, 0 %, 2049 MiB, 23028 MiB
2026/02/25 16:01:15.142, 1, NVIDIA A10G, 0 %, 0 %, 0 MiB, 23028 MiB
2026/02/25 16:01:15.143, 2, NVIDIA A10G, 0 %, 0 %, 0 MiB, 23028 MiB
2026/02/25 16:01:15.143, 3, NVIDIA A10G, 0 %, 0 %, 0 MiB, 23028 MiB
2026/02/25 16:01:16.143, 0, NVIDIA A10G, 0 %, 0 %, 2049 MiB, 23028 MiB
2026/02/25 16:01:16.143, 1, NVIDIA A10G, 0 %, 0 %, 0 MiB, 23028 MiB
2026/02/25 16:01:16.143, 2, NVIDIA A10G, 0 %, 0 %, 0 MiB, 23028 MiB
2026/02/25 16:01:16.143, 3, NVIDIA A10G, 0 %, 0 %, 0 MiB, 23028 MiB
2026/02/25 16:01:17.143, 0, NVIDIA A10G, 0 %, 0 %, 2049 MiB, 23028 MiB
2026/02/25 16:01:17.143, 1, NVIDIA A10G, 0 %, 0 %, 0 MiB, 23028 MiB
2026/02/25 16:01:17.143, 2, NVIDIA A10G, 0 %, 0 %, 0 MiB, 23028 MiB
2026/02/25 16:01:17.143, 3, NVIDIA A10G, 0 %, 0 %, 0 MiB, 23028 MiB
2026/02/25 16:01:18.143, 0, NVIDIA A10G, 0 %, 0 %, 2049 MiB, 23028 MiB
2026/02/25 16:01:18.143, 1, NVIDIA A10G, 0 %, 0 %, 0 MiB, 23028 MiB
2026/02/25 16:01:18.143, 2, NVIDIA A10G, 0 %, 0 %, 0 MiB, 23028 MiB
2026/02/25 16:01:18.143, 3, NVIDIA A10G, 0 %, 0 %, 0 MiB, 23028 MiB
2026/02/25 16:01:19.144, 0, NVIDIA A10G, 0 %, 0 %, 2049 MiB, 23028 MiB
2026/02/25 16:01:19.144, 1, NVIDIA A10G, 0 %, 0 %, 0 MiB, 23028 MiB
2026/02/25 16:01:19.144, 2, NVIDIA A10G, 0 %, 0 %, 0 MiB, 23028 MiB
2026/02/25 16:01:19.144, 3, NVIDIA A10G, 0 %, 0 %, 0 MiB, 23028 MiB
2026/02/25 16:01:20.144, 0, NVIDIA A10G, 0 %, 0 %, 2049 MiB, 23028 MiB
2026/02/25 16:01:20.144, 1, NVIDIA A10G, 0 %, 0 %, 0 MiB, 23028 MiB
2026/02/25 16:01:20.144, 2, NVIDIA A10G, 0 %, 0 %, 0 MiB, 23028 MiB
2026/02/25 16:01:20.144, 3, NVIDIA A10G, 0 %, 0 %, 0 MiB, 23028 MiB
2026/02/25 16:01:21.144, 0, NVIDIA A10G, 23 %, 8 %, 2049 MiB, 23028 MiB
2026/02/25 16:01:21.144, 1, NVIDIA A10G, 0 %, 0 %, 0 MiB, 23028 MiB
2026/02/25 16:01:21.144, 2, NVIDIA A10G, 0 %, 0 %, 0 MiB, 23028 MiB
2026/02/25 16:01:21.145, 3, NVIDIA A10G, 0 %, 0 %, 0 MiB, 23028 MiB
2026/02/25 16:01:22.145, 0, NVIDIA A10G, 24 %, 9 %, 2049 MiB, 23028 MiB
2026/02/25 16:01:22.145, 1, NVIDIA A10G, 0 %, 0 %, 0 MiB, 23028 MiB
2026/02/25 16:01:22.145, 2, NVIDIA A10G, 0 %, 0 %, 0 MiB, 23028 MiB
2026/02/25 16:01:22.145, 3, NVIDIA A10G, 0 %, 0 %, 0 MiB, 23028 MiB
2026/02/25 16:01:23.145, 0, NVIDIA A10G, 21 %, 7 %, 2049 MiB, 23028 MiB
2026/02/25 16:01:23.145, 1, NVIDIA A10G, 0 %, 0 %, 0 MiB, 23028 MiB
2026/02/25 16:01:23.145, 2, NVIDIA A10G, 0 %, 0 %, 0 MiB, 23028 MiB
2026/02/25 16:01:23.146, 3, NVIDIA A10G, 0 %, 0 %, 0 MiB, 23028 MiB
2026/02/25 16:01:24.146, 0, NVIDIA A10G, 22 %, 7 %, 2049 MiB, 23028 MiB
2026/02/25 16:01:24.146, 1, NVIDIA A10G, 0 %, 0 %, 0 MiB, 23028 MiB
2026/02/25 16:01:24.146, 2, NVIDIA A10G, 0 %, 0 %, 0 MiB, 23028 MiB
2026/02/25 16:01:24.146, 3, NVIDIA A10G, 0 %, 0 %, 0 MiB, 23028 MiB
2026/02/25 16:01:25.146, 0, NVIDIA A10G, 23 %, 9 %, 2049 MiB, 23028 MiB
2026/02/25 16:01:25.146, 1, NVIDIA A10G, 0 %, 0 %, 0 MiB, 23028 MiB
2026/02/25 16:01:25.146, 2, NVIDIA A10G, 0 %, 0 %, 0 MiB, 23028 MiB
2026/02/25 16:01:25.146, 3, NVIDIA A10G, 0 %, 0 %, 0 MiB, 23028 MiB
2026/02/25 16:01:26.146, 0, NVIDIA A10G, 23 %, 8 %, 2049 MiB, 23028 MiB
2026/02/25 16:01:26.147, 1, NVIDIA A10G, 0 %, 0 %, 0 MiB, 23028 MiB
2026/02/25 16:01:26.147, 2, NVIDIA A10G, 0 %, 0 %, 0 MiB, 23028 MiB
2026/02/25 16:01:26.147, 3, NVIDIA A10G, 0 %, 0 %, 0 MiB, 23028 MiB
2026/02/25 16:01:27.147, 0, NVIDIA A10G, 13 %, 4 %, 2049 MiB, 23028 MiB
2026/02/25 16:01:27.147, 1, NVIDIA A10G, 0 %, 0 %, 0 MiB, 23028 MiB
2026/02/25 16:01:27.147, 2, NVIDIA A10G, 0 %, 0 %, 0 MiB, 23028 MiB
2026/02/25 16:01:27.147, 3, NVIDIA A10G, 0 %, 0 %, 0 MiB, 23028 MiB
2026/02/25 16:01:28.147, 0, NVIDIA A10G, 0 %, 0 %, 2049 MiB, 23028 MiB
2026/02/25 16:01:28.147, 1, NVIDIA A10G, 0 %, 0 %, 0 MiB, 23028 MiB
2026/02/25 16:01:28.147, 2, NVIDIA A10G, 0 %, 0 %, 0 MiB, 23028 MiB
2026/02/25 16:01:28.147, 3, NVIDIA A10G, 0 %, 0 %, 0 MiB, 23028 MiB
2026/02/25 16:01:29.147, 0, NVIDIA A10G, 0 %, 0 %, 2049 MiB, 23028 MiB
2026/02/25 16:01:29.147, 1, NVIDIA A10G, 0 %, 0 %, 0 MiB, 23028 MiB
2026/02/25 16:01:29.148, 2, NVIDIA A10G, 0 %, 0 %, 0 MiB, 23028 MiB
2026/02/25 16:01:29.148, 3, NVIDIA A10G, 0 %, 0 %, 0 MiB, 23028 MiB
2026/02/25 16:01:30.148, 0, NVIDIA A10G, 0 %, 0 %, 2049 MiB, 23028 MiB
2026/02/25 16:01:30.148, 1, NVIDIA A10G, 0 %, 0 %, 0 MiB, 23028 MiB
2026/02/25 16:01:30.148, 2, NVIDIA A10G, 0 %, 0 %, 0 MiB, 23028 MiB
2026/02/25 16:01:30.148, 3, NVIDIA A10G, 0 %, 0 %, 0 MiB, 23028 MiB
2026/02/25 16:01:31.148, 0, NVIDIA A10G, 0 %, 0 %, 2049 MiB, 23028 MiB
2026/02/25 16:01:31.148, 1, NVIDIA A10G, 0 %, 0 %, 0 MiB, 23028 MiB
2026/02/25 16:01:31.148, 2, NVIDIA A10G, 0 %, 0 %, 0 MiB, 23028 MiB
2026/02/25 16:01:31.148, 3, NVIDIA A10G, 0 %, 0 %, 0 MiB, 23028 MiB
2026/02/25 16:01:32.148, 0, NVIDIA A10G, 0 %, 0 %, 2049 MiB, 23028 MiB
2026/02/25 16:01:32.149, 1, NVIDIA A10G, 0 %, 0 %, 0 MiB, 23028 MiB
2026/02/25 16:01:32.149, 2, NVIDIA A10G, 0 %, 0 %, 0 MiB, 23028 MiB
2026/02/25 16:01:32.149, 3, NVIDIA A10G, 0 %, 0 %, 0 MiB, 23028 MiB
2026/02/25 16:01:33.149, 0, NVIDIA A10G, 20 %, 6 %, 2049 MiB, 23028 MiB
2026/02/25 16:01:33.149, 1, NVIDIA A10G, 0 %, 0 %, 0 MiB, 23028 MiB
2026/02/25 16:01:33.149, 2, NVIDIA A10G, 0 %, 0 %, 0 MiB, 23028 MiB
2026/02/25 16:01:33.149, 3, NVIDIA A10G, 0 %, 0 %, 0 MiB, 23028 MiB
2026/02/25 16:01:34.149, 0, NVIDIA A10G, 20 %, 6 %, 2049 MiB, 23028 MiB
2026/02/25 16:01:34.149, 1, NVIDIA A10G, 0 %, 0 %, 0 MiB, 23028 MiB
2026/02/25 16:01:34.149, 2, NVIDIA A10G, 0 %, 0 %, 0 MiB, 23028 MiB
2026/02/25 16:01:34.149, 3, NVIDIA A10G, 0 %, 0 %, 0 MiB, 23028 MiB
2026/02/25 16:01:35.149, 0, NVIDIA A10G, 23 %, 8 %, 2049 MiB, 23028 MiB
2026/02/25 16:01:35.149, 1, NVIDIA A10G, 0 %, 0 %, 0 MiB, 23028 MiB
2026/02/25 16:01:35.149, 2, NVIDIA A10G, 0 %, 0 %, 0 MiB, 23028 MiB
2026/02/25 16:01:35.149, 3, NVIDIA A10G, 0 %, 0 %, 0 MiB, 23028 MiB
2026/02/25 16:01:36.150, 0, NVIDIA A10G, 19 %, 7 %, 2049 MiB, 23028 MiB
2026/02/25 16:01:36.150, 1, NVIDIA A10G, 0 %, 0 %, 0 MiB, 23028 MiB
2026/02/25 16:01:36.150, 2, NVIDIA A10G, 0 %, 0 %, 0 MiB, 23028 MiB
2026/02/25 16:01:36.150, 3, NVIDIA A10G, 0 %, 0 %, 0 MiB, 23028 MiB
2026/02/25 16:01:37.150, 0, NVIDIA A10G, 22 %, 7 %, 2049 MiB, 23028 MiB
2026/02/25 16:01:37.150, 1, NVIDIA A10G, 0 %, 0 %, 0 MiB, 23028 MiB
2026/02/25 16:01:37.150, 2, NVIDIA A10G, 0 %, 0 %, 0 MiB, 23028 MiB
2026/02/25 16:01:37.150, 3, NVIDIA A10G, 0 %, 0 %, 0 MiB, 23028 MiB
2026/02/25 16:01:38.150, 0, NVIDIA A10G, 22 %, 8 %, 2049 MiB, 23028 MiB
2026/02/25 16:01:38.150, 1, NVIDIA A10G, 0 %, 0 %, 0 MiB, 23028 MiB
2026/02/25 16:01:38.150, 2, NVIDIA A10G, 0 %, 0 %, 0 MiB, 23028 MiB
2026/02/25 16:01:38.151, 3, NVIDIA A10G, 0 %, 0 %, 0 MiB, 23028 MiB
2026/02/25 16:01:39.151, 0, NVIDIA A10G, 22 %, 7 %, 2049 MiB, 23028 MiB
2026/02/25 16:01:39.151, 1, NVIDIA A10G, 0 %, 0 %, 0 MiB, 23028 MiB
2026/02/25 16:01:39.151, 2, NVIDIA A10G, 0 %, 0 %, 0 MiB, 23028 MiB
2026/02/25 16:01:39.151, 3, NVIDIA A10G, 0 %, 0 %, 0 MiB, 23028 MiB
2026/02/25 16:01:40.151, 0, NVIDIA A10G, 0 %, 0 %, 2049 MiB, 23028 MiB
2026/02/25 16:01:40.151, 1, NVIDIA A10G, 0 %, 0 %, 0 MiB, 23028 MiB
2026/02/25 16:01:40.151, 2, NVIDIA A10G, 0 %, 0 %, 0 MiB, 23028 MiB
2026/02/25 16:01:40.151, 3, NVIDIA A10G, 0 %, 0 %, 0 MiB, 23028 MiB
2026/02/25 16:01:41.151, 0, NVIDIA A10G, 0 %, 0 %, 2049 MiB, 23028 MiB
2026/02/25 16:01:41.151, 1, NVIDIA A10G, 0 %, 0 %, 0 MiB, 23028 MiB
2026/02/25 16:01:41.152, 2, NVIDIA A10G, 0 %, 0 %, 0 MiB, 23028 MiB
2026/02/25 16:01:41.152, 3, NVIDIA A10G, 0 %, 0 %, 0 MiB, 23028 MiB
2026/02/25 16:01:42.152, 0, NVIDIA A10G, 0 %, 0 %, 2049 MiB, 23028 MiB
2026/02/25 16:01:42.152, 1, NVIDIA A10G, 0 %, 0 %, 0 MiB, 23028 MiB
2026/02/25 16:01:42.152, 2, NVIDIA A10G, 0 %, 0 %, 0 MiB, 23028 MiB
2026/02/25 16:01:42.152, 3, NVIDIA A10G, 0 %, 0 %, 0 MiB, 23028 MiB
2026/02/25 16:01:43.152, 0, NVIDIA A10G, 0 %, 0 %, 2049 MiB, 23028 MiB
2026/02/25 16:01:43.152, 1, NVIDIA A10G, 0 %, 0 %, 0 MiB, 23028 MiB
2026/02/25 16:01:43.152, 2, NVIDIA A10G, 0 %, 0 %, 0 MiB, 23028 MiB
2026/02/25 16:01:43.152, 3, NVIDIA A10G, 0 %, 0 %, 0 MiB, 23028 MiB
2026/02/25 16:01:44.152, 0, NVIDIA A10G, 0 %, 0 %, 2049 MiB, 23028 MiB
2026/02/25 16:01:44.152, 1, NVIDIA A10G, 0 %, 0 %, 0 MiB, 23028 MiB
2026/02/25 16:01:44.152, 2, NVIDIA A10G, 0 %, 0 %, 0 MiB, 23028 MiB
2026/02/25 16:01:44.152, 3, NVIDIA A10G, 0 %, 0 %, 0 MiB, 23028 MiB
2026/02/25 16:01:45.153, 0, NVIDIA A10G, 0 %, 0 %, 2049 MiB, 23028 MiB
2026/02/25 16:01:45.153, 1, NVIDIA A10G, 0 %, 0 %, 0 MiB, 23028 MiB
2026/02/25 16:01:45.153, 2, NVIDIA A10G, 0 %, 0 %, 0 MiB, 23028 MiB
2026/02/25 16:01:45.153, 3, NVIDIA A10G, 0 %, 0 %, 0 MiB, 23028 MiB
2026/02/25 16:01:46.153, 0, NVIDIA A10G, 0 %, 0 %, 2049 MiB, 23028 MiB
2026/02/25 16:01:46.153, 1, NVIDIA A10G, 0 %, 0 %, 0 MiB, 23028 MiB
2026/02/25 16:01:46.153, 2, NVIDIA A10G, 0 %, 0 %, 0 MiB, 23028 MiB
2026/02/25 16:01:46.153, 3, NVIDIA A10G, 0 %, 0 %, 0 MiB, 23028 MiB
2026/02/25 16:01:47.153, 0, NVIDIA A10G, 0 %, 0 %, 2049 MiB, 23028 MiB
2026/02/25 16:01:47.153, 1, NVIDIA A10G, 0 %, 0 %, 0 MiB, 23028 MiB
2026/02/25 16:01:47.153, 2, NVIDIA A10G, 0 %, 0 %, 0 MiB, 23028 MiB
2026/02/25 16:01:47.153, 3, NVIDIA A10G, 0 %, 0 %, 0 MiB, 23028 MiB
2026/02/25 16:01:48.153, 0, NVIDIA A10G, 23 %, 8 %, 2049 MiB, 23028 MiB
2026/02/25 16:01:48.153, 1, NVIDIA A10G, 0 %, 0 %, 0 MiB, 23028 MiB
2026/02/25 16:01:48.154, 2, NVIDIA A10G, 0 %, 0 %, 0 MiB, 23028 MiB
2026/02/25 16:01:48.154, 3, NVIDIA A10G, 0 %, 0 %, 0 MiB, 23028 MiB
2026/02/25 16:01:49.154, 0, NVIDIA A10G, 22 %, 8 %, 2049 MiB, 23028 MiB
2026/02/25 16:01:49.154, 1, NVIDIA A10G, 0 %, 0 %, 0 MiB, 23028 MiB
2026/02/25 16:01:49.154, 2, NVIDIA A10G, 0 %, 0 %, 0 MiB, 23028 MiB
2026/02/25 16:01:49.154, 3, NVIDIA A10G, 0 %, 0 %, 0 MiB, 23028 MiB
2026/02/25 16:01:50.154, 0, NVIDIA A10G, 24 %, 8 %, 2049 MiB, 23028 MiB
2026/02/25 16:01:50.154, 1, NVIDIA A10G, 0 %, 0 %, 0 MiB, 23028 MiB
2026/02/25 16:01:50.154, 2, NVIDIA A10G, 0 %, 0 %, 0 MiB, 23028 MiB
2026/02/25 16:01:50.154, 3, NVIDIA A10G, 0 %, 0 %, 0 MiB, 23028 MiB
2026/02/25 16:01:51.154, 0, NVIDIA A10G, 22 %, 8 %, 2049 MiB, 23028 MiB
2026/02/25 16:01:51.154, 1, NVIDIA A10G, 0 %, 0 %, 0 MiB, 23028 MiB
2026/02/25 16:01:51.154, 2, NVIDIA A10G, 0 %, 0 %, 0 MiB, 23028 MiB
2026/02/25 16:01:51.155, 3, NVIDIA A10G, 0 %, 0 %, 0 MiB, 23028 MiB
2026/02/25 16:01:52.155, 0, NVIDIA A10G, 23 %, 8 %, 2049 MiB, 23028 MiB
2026/02/25 16:01:52.155, 1, NVIDIA A10G, 0 %, 0 %, 0 MiB, 23028 MiB
2026/02/25 16:01:52.155, 2, NVIDIA A10G, 0 %, 0 %, 0 MiB, 23028 MiB
2026/02/25 16:01:52.155, 3, NVIDIA A10G, 0 %, 0 %, 0 MiB, 23028 MiB
2026/02/25 16:01:53.155, 0, NVIDIA A10G, 23 %, 8 %, 2049 MiB, 23028 MiB
2026/02/25 16:01:53.155, 1, NVIDIA A10G, 0 %, 0 %, 0 MiB, 23028 MiB
2026/02/25 16:01:53.155, 2, NVIDIA A10G, 0 %, 0 %, 0 MiB, 23028 MiB
2026/02/25 16:01:53.155, 3, NVIDIA A10G, 0 %, 0 %, 0 MiB, 23028 MiB
2026/02/25 16:01:54.155, 0, NVIDIA A10G, 21 %, 7 %, 2049 MiB, 23028 MiB
2026/02/25 16:01:54.156, 1, NVIDIA A10G, 0 %, 0 %, 0 MiB, 23028 MiB
2026/02/25 16:01:54.156, 2, NVIDIA A10G, 0 %, 0 %, 0 MiB, 23028 MiB
2026/02/25 16:01:54.156, 3, NVIDIA A10G, 0 %, 0 %, 0 MiB, 23028 MiB
2026/02/25 16:01:55.156, 0, NVIDIA A10G, 15 %, 5 %, 2049 MiB, 23028 MiB
2026/02/25 16:01:55.156, 1, NVIDIA A10G, 0 %, 0 %, 0 MiB, 23028 MiB
2026/02/25 16:01:55.156, 2, NVIDIA A10G, 0 %, 0 %, 0 MiB, 23028 MiB
2026/02/25 16:01:55.156, 3, NVIDIA A10G, 0 %, 0 %, 0 MiB, 23028 MiB
2026/02/25 16:01:56.156, 0, NVIDIA A10G, 0 %, 0 %, 2049 MiB, 23028 MiB
2026/02/25 16:01:56.156, 1, NVIDIA A10G, 0 %, 0 %, 0 MiB, 23028 MiB
2026/02/25 16:01:56.156, 2, NVIDIA A10G, 0 %, 0 %, 0 MiB, 23028 MiB
2026/02/25 16:01:56.156, 3, NVIDIA A10G, 0 %, 0 %, 0 MiB, 23028 MiB
2026/02/25 16:01:57.157, 0, NVIDIA A10G, 22 %, 7 %, 2049 MiB, 23028 MiB
2026/02/25 16:01:57.157, 1, NVIDIA A10G, 0 %, 0 %, 0 MiB, 23028 MiB
2026/02/25 16:01:57.157, 2, NVIDIA A10G, 0 %, 0 %, 0 MiB, 23028 MiB
2026/02/25 16:01:57.157, 3, NVIDIA A10G, 0 %, 0 %, 0 MiB, 23028 MiB
2026/02/25 16:01:58.157, 0, NVIDIA A10G, 21 %, 8 %, 2049 MiB, 23028 MiB
2026/02/25 16:01:58.157, 1, NVIDIA A10G, 0 %, 0 %, 0 MiB, 23028 MiB
2026/02/25 16:01:58.157, 2, NVIDIA A10G, 0 %, 0 %, 0 MiB, 23028 MiB
2026/02/25 16:01:58.157, 3, NVIDIA A10G, 0 %, 0 %, 0 MiB, 23028 MiB
2026/02/25 16:01:59.157, 0, NVIDIA A10G, 0 %, 0 %, 2049 MiB, 23028 MiB
2026/02/25 16:01:59.157, 1, NVIDIA A10G, 0 %, 0 %, 0 MiB, 23028 MiB
2026/02/25 16:01:59.157, 2, NVIDIA A10G, 0 %, 0 %, 0 MiB, 23028 MiB
2026/02/25 16:01:59.157, 3, NVIDIA A10G, 0 %, 0 %, 0 MiB, 23028 MiB
2026/02/25 16:02:00.158, 0, NVIDIA A10G, 0 %, 0 %, 2049 MiB, 23028 MiB
2026/02/25 16:02:00.158, 1, NVIDIA A10G, 0 %, 0 %, 0 MiB, 23028 MiB
2026/02/25 16:02:00.158, 2, NVIDIA A10G, 0 %, 0 %, 0 MiB, 23028 MiB
2026/02/25 16:02:00.158, 3, NVIDIA A10G, 0 %, 0 %, 0 MiB, 23028 MiB
2026/02/25 16:02:01.158, 0, NVIDIA A10G, 0 %, 0 %, 2049 MiB, 23028 MiB
2026/02/25 16:02:01.158, 1, NVIDIA A10G, 0 %, 0 %, 0 MiB, 23028 MiB
2026/02/25 16:02:01.158, 2, NVIDIA A10G, 0 %, 0 %, 0 MiB, 23028 MiB
2026/02/25 16:02:01.158, 3, NVIDIA A10G, 0 %, 0 %, 0 MiB, 23028 MiB
2026/02/25 16:02:02.158, 0, NVIDIA A10G, 0 %, 0 %, 2049 MiB, 23028 MiB
2026/02/25 16:02:02.158, 1, NVIDIA A10G, 0 %, 0 %, 0 MiB, 23028 MiB
2026/02/25 16:02:02.159, 2, NVIDIA A10G, 0 %, 0 %, 0 MiB, 23028 MiB
2026/02/25 16:02:02.159, 3, NVIDIA A10G, 0 %, 0 %, 0 MiB, 23028 MiB
2026/02/25 16:02:03.159, 0, NVIDIA A10G, 0 %, 0 %, 2049 MiB, 23028 MiB
2026/02/25 16:02:03.159, 1, NVIDIA A10G, 0 %, 0 %, 0 MiB, 23028 MiB
2026/02/25 16:02:03.159, 2, NVIDIA A10G, 0 %, 0 %, 0 MiB, 23028 MiB
2026/02/25 16:02:03.159, 3, NVIDIA A10G, 0 %, 0 %, 0 MiB, 23028 MiB
2026/02/25 16:02:04.159, 0, NVIDIA A10G, 0 %, 0 %, 2049 MiB, 23028 MiB
2026/02/25 16:02:04.159, 1, NVIDIA A10G, 0 %, 0 %, 0 MiB, 23028 MiB
2026/02/25 16:02:04.159, 2, NVIDIA A10G, 0 %, 0 %, 0 MiB, 23028 MiB
2026/02/25 16:02:04.159, 3, NVIDIA A10G, 0 %, 0 %, 0 MiB, 23028 MiB
2026/02/25 16:02:05.159, 0, NVIDIA A10G, 0 %, 0 %, 2049 MiB, 23028 MiB
2026/02/25 16:02:05.159, 1, NVIDIA A10G, 0 %, 0 %, 0 MiB, 23028 MiB
2026/02/25 16:02:05.160, 2, NVIDIA A10G, 0 %, 0 %, 0 MiB, 23028 MiB
2026/02/25 16:02:05.160, 3, NVIDIA A10G, 0 %, 0 %, 0 MiB, 23028 MiB
2026/02/25 16:02:06.160, 0, NVIDIA A10G, 0 %, 0 %, 2049 MiB, 23028 MiB
2026/02/25 16:02:06.160, 1, NVIDIA A10G, 0 %, 0 %, 0 MiB, 23028 MiB
2026/02/25 16:02:06.160, 2, NVIDIA A10G, 0 %, 0 %, 0 MiB, 23028 MiB
2026/02/25 16:02:06.160, 3, NVIDIA A10G, 0 %, 0 %, 0 MiB, 23028 MiB
2026/02/25 16:02:07.160, 0, NVIDIA A10G, 21 %, 7 %, 2049 MiB, 23028 MiB
2026/02/25 16:02:07.160, 1, NVIDIA A10G, 0 %, 0 %, 0 MiB, 23028 MiB
2026/02/25 16:02:07.160, 2, NVIDIA A10G, 0 %, 0 %, 0 MiB, 23028 MiB
2026/02/25 16:02:07.160, 3, NVIDIA A10G, 0 %, 0 %, 0 MiB, 23028 MiB
2026/02/25 16:02:08.160, 0, NVIDIA A10G, 23 %, 7 %, 2049 MiB, 23028 MiB
2026/02/25 16:02:08.160, 1, NVIDIA A10G, 0 %, 0 %, 0 MiB, 23028 MiB
2026/02/25 16:02:08.160, 2, NVIDIA A10G, 0 %, 0 %, 0 MiB, 23028 MiB
2026/02/25 16:02:08.160, 3, NVIDIA A10G, 0 %, 0 %, 0 MiB, 23028 MiB
2026/02/25 16:02:09.161, 0, NVIDIA A10G, 23 %, 8 %, 2049 MiB, 23028 MiB
2026/02/25 16:02:09.161, 1, NVIDIA A10G, 0 %, 0 %, 0 MiB, 23028 MiB
2026/02/25 16:02:09.161, 2, NVIDIA A10G, 0 %, 0 %, 0 MiB, 23028 MiB
2026/02/25 16:02:09.161, 3, NVIDIA A10G, 0 %, 0 %, 0 MiB, 23028 MiB
2026/02/25 16:02:10.161, 0, NVIDIA A10G, 22 %, 7 %, 2049 MiB, 23028 MiB
2026/02/25 16:02:10.161, 1, NVIDIA A10G, 0 %, 0 %, 0 MiB, 23028 MiB
2026/02/25 16:02:10.161, 2, NVIDIA A10G, 0 %, 0 %, 0 MiB, 23028 MiB
2026/02/25 16:02:10.161, 3, NVIDIA A10G, 0 %, 0 %, 0 MiB, 23028 MiB
2026/02/25 16:02:11.161, 0, NVIDIA A10G, 22 %, 8 %, 2049 MiB, 23028 MiB
2026/02/25 16:02:11.162, 1, NVIDIA A10G, 0 %, 0 %, 0 MiB, 23028 MiB
2026/02/25 16:02:11.162, 2, NVIDIA A10G, 0 %, 0 %, 0 MiB, 23028 MiB
2026/02/25 16:02:11.162, 3, NVIDIA A10G, 0 %, 0 %, 0 MiB, 23028 MiB
2026/02/25 16:02:12.162, 0, NVIDIA A10G, 22 %, 7 %, 2049 MiB, 23028 MiB
2026/02/25 16:02:12.162, 1, NVIDIA A10G, 0 %, 0 %, 0 MiB, 23028 MiB
2026/02/25 16:02:12.162, 2, NVIDIA A10G, 0 %, 0 %, 0 MiB, 23028 MiB
2026/02/25 16:02:12.162, 3, NVIDIA A10G, 0 %, 0 %, 0 MiB, 23028 MiB
2026/02/25 16:02:13.162, 0, NVIDIA A10G, 21 %, 7 %, 2049 MiB, 23028 MiB
2026/02/25 16:02:13.162, 1, NVIDIA A10G, 0 %, 0 %, 0 MiB, 23028 MiB
2026/02/25 16:02:13.162, 2, NVIDIA A10G, 0 %, 0 %, 0 MiB, 23028 MiB
2026/02/25 16:02:13.162, 3, NVIDIA A10G, 0 %, 0 %, 0 MiB, 23028 MiB
2026/02/25 16:02:14.163, 0, NVIDIA A10G, 0 %, 0 %, 2049 MiB, 23028 MiB
2026/02/25 16:02:14.163, 1, NVIDIA A10G, 0 %, 0 %, 0 MiB, 23028 MiB
2026/02/25 16:02:14.163, 2, NVIDIA A10G, 0 %, 0 %, 0 MiB, 23028 MiB
2026/02/25 16:02:14.163, 3, NVIDIA A10G, 0 %, 0 %, 0 MiB, 23028 MiB
2026/02/25 16:02:15.163, 0, NVIDIA A10G, 0 %, 0 %, 2049 MiB, 23028 MiB
2026/02/25 16:02:15.163, 1, NVIDIA A10G, 0 %, 0 %, 0 MiB, 23028 MiB
2026/02/25 16:02:15.163, 2, NVIDIA A10G, 0 %, 0 %, 0 MiB, 23028 MiB
2026/02/25 16:02:15.163, 3, NVIDIA A10G, 0 %, 0 %, 0 MiB, 23028 MiB
2026/02/25 16:02:16.163, 0, NVIDIA A10G, 0 %, 0 %, 2049 MiB, 23028 MiB
2026/02/25 16:02:16.163, 1, NVIDIA A10G, 0 %, 0 %, 0 MiB, 23028 MiB
2026/02/25 16:02:16.163, 2, NVIDIA A10G, 0 %, 0 %, 0 MiB, 23028 MiB
2026/02/25 16:02:16.163, 3, NVIDIA A10G, 0 %, 0 %, 0 MiB, 23028 MiB
2026/02/25 16:02:17.164, 0, NVIDIA A10G, 0 %, 0 %, 2049 MiB, 23028 MiB
2026/02/25 16:02:17.164, 1, NVIDIA A10G, 0 %, 0 %, 0 MiB, 23028 MiB
2026/02/25 16:02:17.164, 2, NVIDIA A10G, 0 %, 0 %, 0 MiB, 23028 MiB
2026/02/25 16:02:17.164, 3, NVIDIA A10G, 0 %, 0 %, 0 MiB, 23028 MiB
2026/02/25 16:02:18.164, 0, NVIDIA A10G, 0 %, 0 %, 2049 MiB, 23028 MiB
2026/02/25 16:02:18.164, 1, NVIDIA A10G, 0 %, 0 %, 0 MiB, 23028 MiB
2026/02/25 16:02:18.164, 2, NVIDIA A10G, 0 %, 0 %, 0 MiB, 23028 MiB
2026/02/25 16:02:18.164, 3, NVIDIA A10G, 0 %, 0 %, 0 MiB, 23028 MiB
2026/02/25 16:02:19.164, 0, NVIDIA A10G, 0 %, 0 %, 2049 MiB, 23028 MiB
2026/02/25 16:02:19.164, 1, NVIDIA A10G, 0 %, 0 %, 0 MiB, 23028 MiB
2026/02/25 16:02:19.164, 2, NVIDIA A10G, 0 %, 0 %, 0 MiB, 23028 MiB
2026/02/25 16:02:19.164, 3, NVIDIA A10G, 0 %, 0 %, 0 MiB, 23028 MiB
2026/02/25 16:02:20.164, 0, NVIDIA A10G, 0 %, 0 %, 2049 MiB, 23028 MiB
2026/02/25 16:02:20.165, 1, NVIDIA A10G, 0 %, 0 %, 0 MiB, 23028 MiB
2026/02/25 16:02:20.165, 2, NVIDIA A10G, 0 %, 0 %, 0 MiB, 23028 MiB
2026/02/25 16:02:20.165, 3, NVIDIA A10G, 0 %, 0 %, 0 MiB, 23028 MiB
2026/02/25 16:02:21.165, 0, NVIDIA A10G, 0 %, 0 %, 2049 MiB, 23028 MiB
2026/02/25 16:02:21.165, 1, NVIDIA A10G, 0 %, 0 %, 0 MiB, 23028 MiB
2026/02/25 16:02:21.165, 2, NVIDIA A10G, 0 %, 0 %, 0 MiB, 23028 MiB
2026/02/25 16:02:21.165, 3, NVIDIA A10G, 0 %, 0 %, 0 MiB, 23028 MiB
2026/02/25 16:02:22.165, 0, NVIDIA A10G, 0 %, 0 %, 2049 MiB, 23028 MiB
2026/02/25 16:02:22.165, 1, NVIDIA A10G, 0 %, 0 %, 0 MiB, 23028 MiB
2026/02/25 16:02:22.165, 2, NVIDIA A10G, 0 %, 0 %, 0 MiB, 23028 MiB
2026/02/25 16:02:22.165, 3, NVIDIA A10G, 0 %, 0 %, 0 MiB, 23028 MiB
2026/02/25 16:02:23.165, 0, NVIDIA A10G, 22 %, 7 %, 2049 MiB, 23028 MiB
2026/02/25 16:02:23.166, 1, NVIDIA A10G, 0 %, 0 %, 0 MiB, 23028 MiB
2026/02/25 16:02:23.166, 2, NVIDIA A10G, 0 %, 0 %, 0 MiB, 23028 MiB
2026/02/25 16:02:23.166, 3, NVIDIA A10G, 0 %, 0 %, 0 MiB, 23028 MiB
2026/02/25 16:02:24.166, 0, NVIDIA A10G, 22 %, 7 %, 2049 MiB, 23028 MiB
2026/02/25 16:02:24.166, 1, NVIDIA A10G, 0 %, 0 %, 0 MiB, 23028 MiB
2026/02/25 16:02:24.166, 2, NVIDIA A10G, 0 %, 0 %, 0 MiB, 23028 MiB
2026/02/25 16:02:24.166, 3, NVIDIA A10G, 0 %, 0 %, 0 MiB, 23028 MiB
2026/02/25 16:02:25.166, 0, NVIDIA A10G, 21 %, 7 %, 2049 MiB, 23028 MiB
2026/02/25 16:02:25.166, 1, NVIDIA A10G, 0 %, 0 %, 0 MiB, 23028 MiB
2026/02/25 16:02:25.167, 2, NVIDIA A10G, 0 %, 0 %, 0 MiB, 23028 MiB
2026/02/25 16:02:25.167, 3, NVIDIA A10G, 0 %, 0 %, 0 MiB, 23028 MiB
2026/02/25 16:02:26.167, 0, NVIDIA A10G, 22 %, 8 %, 2049 MiB, 23028 MiB
2026/02/25 16:02:26.167, 1, NVIDIA A10G, 0 %, 0 %, 0 MiB, 23028 MiB
2026/02/25 16:02:26.167, 2, NVIDIA A10G, 0 %, 0 %, 0 MiB, 23028 MiB
2026/02/25 16:02:26.167, 3, NVIDIA A10G, 0 %, 0 %, 0 MiB, 23028 MiB
2026/02/25 16:02:27.167, 0, NVIDIA A10G, 22 %, 7 %, 2049 MiB, 23028 MiB
2026/02/25 16:02:27.167, 1, NVIDIA A10G, 0 %, 0 %, 0 MiB, 23028 MiB
2026/02/25 16:02:27.167, 2, NVIDIA A10G, 0 %, 0 %, 0 MiB, 23028 MiB
2026/02/25 16:02:27.167, 3, NVIDIA A10G, 0 %, 0 %, 0 MiB, 23028 MiB
2026/02/25 16:02:28.168, 0, NVIDIA A10G, 23 %, 8 %, 2049 MiB, 23028 MiB
2026/02/25 16:02:28.168, 1, NVIDIA A10G, 0 %, 0 %, 0 MiB, 23028 MiB
2026/02/25 16:02:28.168, 2, NVIDIA A10G, 0 %, 0 %, 0 MiB, 23028 MiB
2026/02/25 16:02:28.168, 3, NVIDIA A10G, 0 %, 0 %, 0 MiB, 23028 MiB
2026/02/25 16:02:29.168, 0, NVIDIA A10G, 22 %, 7 %, 2049 MiB, 23028 MiB
2026/02/25 16:02:29.168, 1, NVIDIA A10G, 0 %, 0 %, 0 MiB, 23028 MiB
2026/02/25 16:02:29.168, 2, NVIDIA A10G, 0 %, 0 %, 0 MiB, 23028 MiB
2026/02/25 16:02:29.168, 3, NVIDIA A10G, 0 %, 0 %, 0 MiB, 23028 MiB
2026/02/25 16:02:30.168, 0, NVIDIA A10G, 23 %, 8 %, 2049 MiB, 23028 MiB
2026/02/25 16:02:30.168, 1, NVIDIA A10G, 0 %, 0 %, 0 MiB, 23028 MiB
2026/02/25 16:02:30.169, 2, NVIDIA A10G, 0 %, 0 %, 0 MiB, 23028 MiB
2026/02/25 16:02:30.169, 3, NVIDIA A10G, 0 %, 0 %, 0 MiB, 23028 MiB
2026/02/25 16:02:31.169, 0, NVIDIA A10G, 22 %, 7 %, 2049 MiB, 23028 MiB
2026/02/25 16:02:31.169, 1, NVIDIA A10G, 0 %, 0 %, 0 MiB, 23028 MiB
2026/02/25 16:02:31.169, 2, NVIDIA A10G, 0 %, 0 %, 0 MiB, 23028 MiB
2026/02/25 16:02:31.169, 3, NVIDIA A10G, 0 %, 0 %, 0 MiB, 23028 MiB
2026/02/25 16:02:32.169, 0, NVIDIA A10G, 0 %, 0 %, 2049 MiB, 23028 MiB
2026/02/25 16:02:32.169, 1, NVIDIA A10G, 0 %, 0 %, 0 MiB, 23028 MiB
2026/02/25 16:02:32.169, 2, NVIDIA A10G, 0 %, 0 %, 0 MiB, 23028 MiB
2026/02/25 16:02:32.169, 3, NVIDIA A10G, 0 %, 0 %, 0 MiB, 23028 MiB
2026/02/25 16:02:33.169, 0, NVIDIA A10G, 0 %, 0 %, 2049 MiB, 23028 MiB
2026/02/25 16:02:33.169, 1, NVIDIA A10G, 0 %, 0 %, 0 MiB, 23028 MiB
2026/02/25 16:02:33.170, 2, NVIDIA A10G, 0 %, 0 %, 0 MiB, 23028 MiB
2026/02/25 16:02:33.170, 3, NVIDIA A10G, 0 %, 0 %, 0 MiB, 23028 MiB
2026/02/25 16:02:34.170, 0, NVIDIA A10G, 0 %, 0 %, 2049 MiB, 23028 MiB
2026/02/25 16:02:34.170, 1, NVIDIA A10G, 0 %, 0 %, 0 MiB, 23028 MiB
2026/02/25 16:02:34.170, 2, NVIDIA A10G, 0 %, 0 %, 0 MiB, 23028 MiB
2026/02/25 16:02:34.170, 3, NVIDIA A10G, 0 %, 0 %, 0 MiB, 23028 MiB
2026/02/25 16:02:35.170, 0, NVIDIA A10G, 0 %, 0 %, 2049 MiB, 23028 MiB
2026/02/25 16:02:35.170, 1, NVIDIA A10G, 0 %, 0 %, 0 MiB, 23028 MiB
2026/02/25 16:02:35.170, 2, NVIDIA A10G, 0 %, 0 %, 0 MiB, 23028 MiB
2026/02/25 16:02:35.170, 3, NVIDIA A10G, 0 %, 0 %, 0 MiB, 23028 MiB
2026/02/25 16:02:36.170, 0, NVIDIA A10G, 0 %, 0 %, 2049 MiB, 23028 MiB
2026/02/25 16:02:36.171, 1, NVIDIA A10G, 0 %, 0 %, 0 MiB, 23028 MiB
2026/02/25 16:02:36.171, 2, NVIDIA A10G, 0 %, 0 %, 0 MiB, 23028 MiB
2026/02/25 16:02:36.171, 3, NVIDIA A10G, 0 %, 0 %, 0 MiB, 23028 MiB
2026/02/25 16:02:37.171, 0, NVIDIA A10G, 0 %, 0 %, 2049 MiB, 23028 MiB
2026/02/25 16:02:37.171, 1, NVIDIA A10G, 0 %, 0 %, 0 MiB, 23028 MiB
2026/02/25 16:02:37.171, 2, NVIDIA A10G, 0 %, 0 %, 0 MiB, 23028 MiB
2026/02/25 16:02:37.171, 3, NVIDIA A10G, 0 %, 0 %, 0 MiB, 23028 MiB
2026/02/25 16:02:38.171, 0, NVIDIA A10G, 0 %, 0 %, 2049 MiB, 23028 MiB
2026/02/25 16:02:38.171, 1, NVIDIA A10G, 0 %, 0 %, 0 MiB, 23028 MiB
2026/02/25 16:02:38.171, 2, NVIDIA A10G, 0 %, 0 %, 0 MiB, 23028 MiB
2026/02/25 16:02:38.171, 3, NVIDIA A10G, 0 %, 0 %, 0 MiB, 23028 MiB
2026/02/25 16:02:39.172, 0, NVIDIA A10G, 0 %, 0 %, 2049 MiB, 23028 MiB
2026/02/25 16:02:39.172, 1, NVIDIA A10G, 0 %, 0 %, 0 MiB, 23028 MiB
2026/02/25 16:02:39.172, 2, NVIDIA A10G, 0 %, 0 %, 0 MiB, 23028 MiB
2026/02/25 16:02:39.172, 3, NVIDIA A10G, 0 %, 0 %, 0 MiB, 23028 MiB
2026/02/25 16:02:40.172, 0, NVIDIA A10G, 100 %, 76 %, 2049 MiB, 23028 MiB
2026/02/25 16:02:40.172, 1, NVIDIA A10G, 0 %, 0 %, 0 MiB, 23028 MiB
2026/02/25 16:02:40.172, 2, NVIDIA A10G, 0 %, 0 %, 0 MiB, 23028 MiB
2026/02/25 16:02:40.172, 3, NVIDIA A10G, 0 %, 0 %, 0 MiB, 23028 MiB
2026/02/25 16:02:41.172, 0, NVIDIA A10G, 0 %, 0 %, 2049 MiB, 23028 MiB
2026/02/25 16:02:41.172, 1, NVIDIA A10G, 0 %, 0 %, 0 MiB, 23028 MiB
2026/02/25 16:02:41.173, 2, NVIDIA A10G, 0 %, 0 %, 0 MiB, 23028 MiB
2026/02/25 16:02:41.173, 3, NVIDIA A10G, 0 %, 0 %, 0 MiB, 23028 MiB
2026/02/25 16:02:42.173, 0, NVIDIA A10G, 18 %, 6 %, 2049 MiB, 23028 MiB
2026/02/25 16:02:42.173, 1, NVIDIA A10G, 0 %, 0 %, 0 MiB, 23028 MiB
2026/02/25 16:02:42.173, 2, NVIDIA A10G, 0 %, 0 %, 0 MiB, 23028 MiB
2026/02/25 16:02:42.173, 3, NVIDIA A10G, 0 %, 0 %, 0 MiB, 23028 MiB
2026/02/25 16:02:43.173, 0, NVIDIA A10G, 21 %, 7 %, 2049 MiB, 23028 MiB
2026/02/25 16:02:43.173, 1, NVIDIA A10G, 0 %, 0 %, 0 MiB, 23028 MiB
2026/02/25 16:02:43.173, 2, NVIDIA A10G, 0 %, 0 %, 0 MiB, 23028 MiB
2026/02/25 16:02:43.173, 3, NVIDIA A10G, 0 %, 0 %, 0 MiB, 23028 MiB
2026/02/25 16:02:44.174, 0, NVIDIA A10G, 20 %, 7 %, 2049 MiB, 23028 MiB
2026/02/25 16:02:44.174, 1, NVIDIA A10G, 0 %, 0 %, 0 MiB, 23028 MiB
2026/02/25 16:02:44.174, 2, NVIDIA A10G, 0 %, 0 %, 0 MiB, 23028 MiB
2026/02/25 16:02:44.174, 3, NVIDIA A10G, 0 %, 0 %, 0 MiB, 23028 MiB
2026/02/25 16:02:45.174, 0, NVIDIA A10G, 23 %, 7 %, 2049 MiB, 23028 MiB
2026/02/25 16:02:45.174, 1, NVIDIA A10G, 0 %, 0 %, 0 MiB, 23028 MiB
2026/02/25 16:02:45.174, 2, NVIDIA A10G, 0 %, 0 %, 0 MiB, 23028 MiB
2026/02/25 16:02:45.174, 3, NVIDIA A10G, 0 %, 0 %, 0 MiB, 23028 MiB
2026/02/25 16:02:46.174, 0, NVIDIA A10G, 21 %, 7 %, 2049 MiB, 23028 MiB
2026/02/25 16:02:46.174, 1, NVIDIA A10G, 0 %, 0 %, 0 MiB, 23028 MiB
2026/02/25 16:02:46.174, 2, NVIDIA A10G, 0 %, 0 %, 0 MiB, 23028 MiB
2026/02/25 16:02:46.175, 3, NVIDIA A10G, 0 %, 0 %, 0 MiB, 23028 MiB
2026/02/25 16:02:47.175, 0, NVIDIA A10G, 20 %, 7 %, 2049 MiB, 23028 MiB
2026/02/25 16:02:47.175, 1, NVIDIA A10G, 0 %, 0 %, 0 MiB, 23028 MiB
2026/02/25 16:02:47.175, 2, NVIDIA A10G, 0 %, 0 %, 0 MiB, 23028 MiB
2026/02/25 16:02:47.175, 3, NVIDIA A10G, 0 %, 0 %, 0 MiB, 23028 MiB
2026/02/25 16:02:48.175, 0, NVIDIA A10G, 22 %, 8 %, 2049 MiB, 23028 MiB
2026/02/25 16:02:48.175, 1, NVIDIA A10G, 0 %, 0 %, 0 MiB, 23028 MiB
2026/02/25 16:02:48.175, 2, NVIDIA A10G, 0 %, 0 %, 0 MiB, 23028 MiB
2026/02/25 16:02:48.175, 3, NVIDIA A10G, 0 %, 0 %, 0 MiB, 23028 MiB
2026/02/25 16:02:49.175, 0, NVIDIA A10G, 19 %, 6 %, 2049 MiB, 23028 MiB
2026/02/25 16:02:49.175, 1, NVIDIA A10G, 0 %, 0 %, 0 MiB, 23028 MiB
2026/02/25 16:02:49.175, 2, NVIDIA A10G, 0 %, 0 %, 0 MiB, 23028 MiB
2026/02/25 16:02:49.175, 3, NVIDIA A10G, 0 %, 0 %, 0 MiB, 23028 MiB
2026/02/25 16:02:50.176, 0, NVIDIA A10G, 19 %, 7 %, 2049 MiB, 23028 MiB
2026/02/25 16:02:50.176, 1, NVIDIA A10G, 0 %, 0 %, 0 MiB, 23028 MiB
2026/02/25 16:02:50.176, 2, NVIDIA A10G, 0 %, 0 %, 0 MiB, 23028 MiB
2026/02/25 16:02:50.176, 3, NVIDIA A10G, 0 %, 0 %, 0 MiB, 23028 MiB
2026/02/25 16:02:51.176, 0, NVIDIA A10G, 21 %, 7 %, 2049 MiB, 23028 MiB
2026/02/25 16:02:51.176, 1, NVIDIA A10G, 0 %, 0 %, 0 MiB, 23028 MiB
2026/02/25 16:02:51.176, 2, NVIDIA A10G, 0 %, 0 %, 0 MiB, 23028 MiB
2026/02/25 16:02:51.176, 3, NVIDIA A10G, 0 %, 0 %, 0 MiB, 23028 MiB
2026/02/25 16:02:52.176, 0, NVIDIA A10G, 20 %, 6 %, 2049 MiB, 23028 MiB
2026/02/25 16:02:52.176, 1, NVIDIA A10G, 0 %, 0 %, 0 MiB, 23028 MiB
2026/02/25 16:02:52.176, 2, NVIDIA A10G, 0 %, 0 %, 0 MiB, 23028 MiB
2026/02/25 16:02:52.176, 3, NVIDIA A10G, 0 %, 0 %, 0 MiB, 23028 MiB
2026/02/25 16:02:53.177, 0, NVIDIA A10G, 13 %, 4 %, 2049 MiB, 23028 MiB
2026/02/25 16:02:53.177, 1, NVIDIA A10G, 0 %, 0 %, 0 MiB, 23028 MiB
2026/02/25 16:02:53.177, 2, NVIDIA A10G, 0 %, 0 %, 0 MiB, 23028 MiB
2026/02/25 16:02:53.177, 3, NVIDIA A10G, 0 %, 0 %, 0 MiB, 23028 MiB
2026/02/25 16:02:54.177, 0, NVIDIA A10G, 0 %, 0 %, 2049 MiB, 23028 MiB
2026/02/25 16:02:54.177, 1, NVIDIA A10G, 0 %, 0 %, 0 MiB, 23028 MiB
2026/02/25 16:02:54.177, 2, NVIDIA A10G, 0 %, 0 %, 0 MiB, 23028 MiB
2026/02/25 16:02:54.177, 3, NVIDIA A10G, 0 %, 0 %, 0 MiB, 23028 MiB
2026/02/25 16:02:55.177, 0, NVIDIA A10G, 0 %, 0 %, 2049 MiB, 23028 MiB
2026/02/25 16:02:55.177, 1, NVIDIA A10G, 0 %, 0 %, 0 MiB, 23028 MiB
2026/02/25 16:02:55.177, 2, NVIDIA A10G, 0 %, 0 %, 0 MiB, 23028 MiB
2026/02/25 16:02:55.178, 3, NVIDIA A10G, 0 %, 0 %, 0 MiB, 23028 MiB
2026/02/25 16:02:56.178, 0, NVIDIA A10G, 0 %, 0 %, 2049 MiB, 23028 MiB
2026/02/25 16:02:56.178, 1, NVIDIA A10G, 0 %, 0 %, 0 MiB, 23028 MiB
2026/02/25 16:02:56.178, 2, NVIDIA A10G, 0 %, 0 %, 0 MiB, 23028 MiB
2026/02/25 16:02:56.178, 3, NVIDIA A10G, 0 %, 0 %, 0 MiB, 23028 MiB
2026/02/25 16:02:57.178, 0, NVIDIA A10G, 0 %, 0 %, 2049 MiB, 23028 MiB
2026/02/25 16:02:57.178, 1, NVIDIA A10G, 0 %, 0 %, 0 MiB, 23028 MiB
2026/02/25 16:02:57.178, 2, NVIDIA A10G, 0 %, 0 %, 0 MiB, 23028 MiB
2026/02/25 16:02:57.178, 3, NVIDIA A10G, 0 %, 0 %, 0 MiB, 23028 MiB
2026/02/25 16:02:58.178, 0, NVIDIA A10G, 0 %, 0 %, 2049 MiB, 23028 MiB
2026/02/25 16:02:58.178, 1, NVIDIA A10G, 0 %, 0 %, 0 MiB, 23028 MiB
2026/02/25 16:02:58.178, 2, NVIDIA A10G, 0 %, 0 %, 0 MiB, 23028 MiB
2026/02/25 16:02:58.178, 3, NVIDIA A10G, 0 %, 0 %, 0 MiB, 23028 MiB
2026/02/25 16:02:59.178, 0, NVIDIA A10G, 0 %, 0 %, 2049 MiB, 23028 MiB
2026/02/25 16:02:59.179, 1, NVIDIA A10G, 0 %, 0 %, 0 MiB, 23028 MiB
2026/02/25 16:02:59.179, 2, NVIDIA A10G, 0 %, 0 %, 0 MiB, 23028 MiB
2026/02/25 16:02:59.179, 3, NVIDIA A10G, 0 %, 0 %, 0 MiB, 23028 MiB
2026/02/25 16:03:00.179, 0, NVIDIA A10G, 22 %, 7 %, 2049 MiB, 23028 MiB
2026/02/25 16:03:00.179, 1, NVIDIA A10G, 0 %, 0 %, 0 MiB, 23028 MiB
2026/02/25 16:03:00.179, 2, NVIDIA A10G, 0 %, 0 %, 0 MiB, 23028 MiB
2026/02/25 16:03:00.179, 3, NVIDIA A10G, 0 %, 0 %, 0 MiB, 23028 MiB
2026/02/25 16:03:01.179, 0, NVIDIA A10G, 21 %, 7 %, 2049 MiB, 23028 MiB
2026/02/25 16:03:01.179, 1, NVIDIA A10G, 0 %, 0 %, 0 MiB, 23028 MiB
2026/02/25 16:03:01.179, 2, NVIDIA A10G, 0 %, 0 %, 0 MiB, 23028 MiB
2026/02/25 16:03:01.179, 3, NVIDIA A10G, 0 %, 0 %, 0 MiB, 23028 MiB
2026/02/25 16:03:02.180, 0, NVIDIA A10G, 22 %, 8 %, 2049 MiB, 23028 MiB
2026/02/25 16:03:02.180, 1, NVIDIA A10G, 0 %, 0 %, 0 MiB, 23028 MiB
2026/02/25 16:03:02.180, 2, NVIDIA A10G, 0 %, 0 %, 0 MiB, 23028 MiB
2026/02/25 16:03:02.180, 3, NVIDIA A10G, 0 %, 0 %, 0 MiB, 23028 MiB
2026/02/25 16:03:03.180, 0, NVIDIA A10G, 20 %, 7 %, 2049 MiB, 23028 MiB
2026/02/25 16:03:03.180, 1, NVIDIA A10G, 0 %, 0 %, 0 MiB, 23028 MiB
2026/02/25 16:03:03.180, 2, NVIDIA A10G, 0 %, 0 %, 0 MiB, 23028 MiB
2026/02/25 16:03:03.180, 3, NVIDIA A10G, 0 %, 0 %, 0 MiB, 23028 MiB
2026/02/25 16:03:04.180, 0, NVIDIA A10G, 22 %, 7 %, 2049 MiB, 23028 MiB
2026/02/25 16:03:04.180, 1, NVIDIA A10G, 0 %, 0 %, 0 MiB, 23028 MiB
2026/02/25 16:03:04.180, 2, NVIDIA A10G, 0 %, 0 %, 0 MiB, 23028 MiB
2026/02/25 16:03:04.180, 3, NVIDIA A10G, 0 %, 0 %, 0 MiB, 23028 MiB
2026/02/25 16:03:05.181, 0, NVIDIA A10G, 22 %, 8 %, 2049 MiB, 23028 MiB
2026/02/25 16:03:05.181, 1, NVIDIA A10G, 0 %, 0 %, 0 MiB, 23028 MiB
2026/02/25 16:03:05.181, 2, NVIDIA A10G, 0 %, 0 %, 0 MiB, 23028 MiB
2026/02/25 16:03:05.181, 3, NVIDIA A10G, 0 %, 0 %, 0 MiB, 23028 MiB
2026/02/25 16:03:06.181, 0, NVIDIA A10G, 23 %, 8 %, 2049 MiB, 23028 MiB
2026/02/25 16:03:06.181, 1, NVIDIA A10G, 0 %, 0 %, 0 MiB, 23028 MiB
2026/02/25 16:03:06.181, 2, NVIDIA A10G, 0 %, 0 %, 0 MiB, 23028 MiB
2026/02/25 16:03:06.181, 3, NVIDIA A10G, 0 %, 0 %, 0 MiB, 23028 MiB
2026/02/25 16:03:07.181, 0, NVIDIA A10G, 0 %, 0 %, 2049 MiB, 23028 MiB
2026/02/25 16:03:07.182, 1, NVIDIA A10G, 0 %, 0 %, 0 MiB, 23028 MiB
2026/02/25 16:03:07.182, 2, NVIDIA A10G, 0 %, 0 %, 0 MiB, 23028 MiB
2026/02/25 16:03:07.182, 3, NVIDIA A10G, 0 %, 0 %, 0 MiB, 23028 MiB
2026/02/25 16:03:08.182, 0, NVIDIA A10G, 0 %, 0 %, 2049 MiB, 23028 MiB
2026/02/25 16:03:08.182, 1, NVIDIA A10G, 0 %, 0 %, 0 MiB, 23028 MiB
2026/02/25 16:03:08.182, 2, NVIDIA A10G, 0 %, 0 %, 0 MiB, 23028 MiB
2026/02/25 16:03:08.182, 3, NVIDIA A10G, 0 %, 0 %, 0 MiB, 23028 MiB
2026/02/25 16:03:09.182, 0, NVIDIA A10G, 22 %, 8 %, 2049 MiB, 23028 MiB
2026/02/25 16:03:09.182, 1, NVIDIA A10G, 0 %, 0 %, 0 MiB, 23028 MiB
2026/02/25 16:03:09.182, 2, NVIDIA A10G, 0 %, 0 %, 0 MiB, 23028 MiB
2026/02/25 16:03:09.182, 3, NVIDIA A10G, 0 %, 0 %, 0 MiB, 23028 MiB
2026/02/25 16:03:10.183, 0, NVIDIA A10G, 23 %, 8 %, 2049 MiB, 23028 MiB
2026/02/25 16:03:10.183, 1, NVIDIA A10G, 0 %, 0 %, 0 MiB, 23028 MiB
2026/02/25 16:03:10.183, 2, NVIDIA A10G, 0 %, 0 %, 0 MiB, 23028 MiB
2026/02/25 16:03:10.183, 3, NVIDIA A10G, 0 %, 0 %, 0 MiB, 23028 MiB
2026/02/25 16:03:11.183, 0, NVIDIA A10G, 5 %, 2 %, 2049 MiB, 23028 MiB
2026/02/25 16:03:11.183, 1, NVIDIA A10G, 0 %, 0 %, 0 MiB, 23028 MiB
2026/02/25 16:03:11.183, 2, NVIDIA A10G, 0 %, 0 %, 0 MiB, 23028 MiB
2026/02/25 16:03:11.183, 3, NVIDIA A10G, 0 %, 0 %, 0 MiB, 23028 MiB
2026/02/25 16:03:12.183, 0, NVIDIA A10G, 0 %, 0 %, 2049 MiB, 23028 MiB
2026/02/25 16:03:12.183, 1, NVIDIA A10G, 0 %, 0 %, 0 MiB, 23028 MiB
2026/02/25 16:03:12.183, 2, NVIDIA A10G, 0 %, 0 %, 0 MiB, 23028 MiB
2026/02/25 16:03:12.183, 3, NVIDIA A10G, 0 %, 0 %, 0 MiB, 23028 MiB
2026/02/25 16:03:13.184, 0, NVIDIA A10G, 0 %, 0 %, 2049 MiB, 23028 MiB
2026/02/25 16:03:13.184, 1, NVIDIA A10G, 0 %, 0 %, 0 MiB, 23028 MiB
2026/02/25 16:03:13.184, 2, NVIDIA A10G, 0 %, 0 %, 0 MiB, 23028 MiB
2026/02/25 16:03:13.184, 3, NVIDIA A10G, 0 %, 0 %, 0 MiB, 23028 MiB
2026/02/25 16:03:14.184, 0, NVIDIA A10G, 0 %, 0 %, 2049 MiB, 23028 MiB
2026/02/25 16:03:14.184, 1, NVIDIA A10G, 0 %, 0 %, 0 MiB, 23028 MiB
2026/02/25 16:03:14.184, 2, NVIDIA A10G, 0 %, 0 %, 0 MiB, 23028 MiB
2026/02/25 16:03:14.184, 3, NVIDIA A10G, 0 %, 0 %, 0 MiB, 23028 MiB
2026/02/25 16:03:15.184, 0, NVIDIA A10G, 0 %, 0 %, 2049 MiB, 23028 MiB
2026/02/25 16:03:15.184, 1, NVIDIA A10G, 0 %, 0 %, 0 MiB, 23028 MiB
2026/02/25 16:03:15.184, 2, NVIDIA A10G, 0 %, 0 %, 0 MiB, 23028 MiB
2026/02/25 16:03:15.184, 3, NVIDIA A10G, 0 %, 0 %, 0 MiB, 23028 MiB
2026/02/25 16:03:16.185, 0, NVIDIA A10G, 0 %, 0 %, 2049 MiB, 23028 MiB
2026/02/25 16:03:16.185, 1, NVIDIA A10G, 0 %, 0 %, 0 MiB, 23028 MiB
2026/02/25 16:03:16.185, 2, NVIDIA A10G, 0 %, 0 %, 0 MiB, 23028 MiB
2026/02/25 16:03:16.185, 3, NVIDIA A10G, 0 %, 0 %, 0 MiB, 23028 MiB
2026/02/25 16:03:17.185, 0, NVIDIA A10G, 0 %, 0 %, 2049 MiB, 23028 MiB
2026/02/25 16:03:17.185, 1, NVIDIA A10G, 0 %, 0 %, 0 MiB, 23028 MiB
2026/02/25 16:03:17.185, 2, NVIDIA A10G, 0 %, 0 %, 0 MiB, 23028 MiB
2026/02/25 16:03:17.185, 3, NVIDIA A10G, 0 %, 0 %, 0 MiB, 23028 MiB
2026/02/25 16:03:18.185, 0, NVIDIA A10G, 23 %, 8 %, 2049 MiB, 23028 MiB
2026/02/25 16:03:18.185, 1, NVIDIA A10G, 0 %, 0 %, 0 MiB, 23028 MiB
2026/02/25 16:03:18.185, 2, NVIDIA A10G, 0 %, 0 %, 0 MiB, 23028 MiB
2026/02/25 16:03:18.185, 3, NVIDIA A10G, 0 %, 0 %, 0 MiB, 23028 MiB
2026/02/25 16:03:19.186, 0, NVIDIA A10G, 22 %, 8 %, 2049 MiB, 23028 MiB
2026/02/25 16:03:19.186, 1, NVIDIA A10G, 0 %, 0 %, 0 MiB, 23028 MiB
2026/02/25 16:03:19.186, 2, NVIDIA A10G, 0 %, 0 %, 0 MiB, 23028 MiB
2026/02/25 16:03:19.186, 3, NVIDIA A10G, 0 %, 0 %, 0 MiB, 23028 MiB
2026/02/25 16:03:20.186, 0, NVIDIA A10G, 25 %, 9 %, 2049 MiB, 23028 MiB
2026/02/25 16:03:20.186, 1, NVIDIA A10G, 0 %, 0 %, 0 MiB, 23028 MiB
2026/02/25 16:03:20.186, 2, NVIDIA A10G, 0 %, 0 %, 0 MiB, 23028 MiB
2026/02/25 16:03:20.186, 3, NVIDIA A10G, 0 %, 0 %, 0 MiB, 23028 MiB
2026/02/25 16:03:21.186, 0, NVIDIA A10G, 20 %, 7 %, 2049 MiB, 23028 MiB
2026/02/25 16:03:21.186, 1, NVIDIA A10G, 0 %, 0 %, 0 MiB, 23028 MiB
2026/02/25 16:03:21.186, 2, NVIDIA A10G, 0 %, 0 %, 0 MiB, 23028 MiB
2026/02/25 16:03:21.187, 3, NVIDIA A10G, 0 %, 0 %, 0 MiB, 23028 MiB
2026/02/25 16:03:22.187, 0, NVIDIA A10G, 24 %, 9 %, 2049 MiB, 23028 MiB
2026/02/25 16:03:22.187, 1, NVIDIA A10G, 0 %, 0 %, 0 MiB, 23028 MiB
2026/02/25 16:03:22.187, 2, NVIDIA A10G, 0 %, 0 %, 0 MiB, 23028 MiB
2026/02/25 16:03:22.187, 3, NVIDIA A10G, 0 %, 0 %, 0 MiB, 23028 MiB
2026/02/25 16:03:23.187, 0, NVIDIA A10G, 22 %, 8 %, 2049 MiB, 23028 MiB
2026/02/25 16:03:23.187, 1, NVIDIA A10G, 0 %, 0 %, 0 MiB, 23028 MiB
2026/02/25 16:03:23.187, 2, NVIDIA A10G, 0 %, 0 %, 0 MiB, 23028 MiB
2026/02/25 16:03:23.187, 3, NVIDIA A10G, 0 %, 0 %, 0 MiB, 23028 MiB
2026/02/25 16:03:24.187, 0, NVIDIA A10G, 22 %, 7 %, 2049 MiB, 23028 MiB
2026/02/25 16:03:24.188, 1, NVIDIA A10G, 0 %, 0 %, 0 MiB, 23028 MiB
2026/02/25 16:03:24.188, 2, NVIDIA A10G, 0 %, 0 %, 0 MiB, 23028 MiB
2026/02/25 16:03:24.188, 3, NVIDIA A10G, 0 %, 0 %, 0 MiB, 23028 MiB
2026/02/25 16:03:25.188, 0, NVIDIA A10G, 0 %, 0 %, 2049 MiB, 23028 MiB
2026/02/25 16:03:25.188, 1, NVIDIA A10G, 0 %, 0 %, 0 MiB, 23028 MiB
2026/02/25 16:03:25.188, 2, NVIDIA A10G, 0 %, 0 %, 0 MiB, 23028 MiB
2026/02/25 16:03:25.188, 3, NVIDIA A10G, 0 %, 0 %, 0 MiB, 23028 MiB
2026/02/25 16:03:26.188, 0, NVIDIA A10G, 0 %, 0 %, 2049 MiB, 23028 MiB
2026/02/25 16:03:26.188, 1, NVIDIA A10G, 0 %, 0 %, 0 MiB, 23028 MiB
2026/02/25 16:03:26.188, 2, NVIDIA A10G, 0 %, 0 %, 0 MiB, 23028 MiB
2026/02/25 16:03:26.189, 3, NVIDIA A10G, 0 %, 0 %, 0 MiB, 23028 MiB
2026/02/25 16:03:27.189, 0, NVIDIA A10G, 0 %, 0 %, 2049 MiB, 23028 MiB
2026/02/25 16:03:27.189, 1, NVIDIA A10G, 0 %, 0 %, 0 MiB, 23028 MiB
2026/02/25 16:03:27.189, 2, NVIDIA A10G, 0 %, 0 %, 0 MiB, 23028 MiB
2026/02/25 16:03:27.189, 3, NVIDIA A10G, 0 %, 0 %, 0 MiB, 23028 MiB
2026/02/25 16:03:28.189, 0, NVIDIA A10G, 0 %, 0 %, 2049 MiB, 23028 MiB
2026/02/25 16:03:28.189, 1, NVIDIA A10G, 0 %, 0 %, 0 MiB, 23028 MiB
2026/02/25 16:03:28.189, 2, NVIDIA A10G, 0 %, 0 %, 0 MiB, 23028 MiB
2026/02/25 16:03:28.189, 3, NVIDIA A10G, 0 %, 0 %, 0 MiB, 23028 MiB
2026/02/25 16:03:29.189, 0, NVIDIA A10G, 0 %, 0 %, 2049 MiB, 23028 MiB
2026/02/25 16:03:29.189, 1, NVIDIA A10G, 0 %, 0 %, 0 MiB, 23028 MiB
2026/02/25 16:03:29.189, 2, NVIDIA A10G, 0 %, 0 %, 0 MiB, 23028 MiB
2026/02/25 16:03:29.189, 3, NVIDIA A10G, 0 %, 0 %, 0 MiB, 23028 MiB
2026/02/25 16:03:30.190, 0, NVIDIA A10G, 0 %, 0 %, 2049 MiB, 23028 MiB
2026/02/25 16:03:30.190, 1, NVIDIA A10G, 0 %, 0 %, 0 MiB, 23028 MiB
2026/02/25 16:03:30.190, 2, NVIDIA A10G, 0 %, 0 %, 0 MiB, 23028 MiB
2026/02/25 16:03:30.190, 3, NVIDIA A10G, 0 %, 0 %, 0 MiB, 23028 MiB
2026/02/25 16:03:31.190, 0, NVIDIA A10G, 0 %, 0 %, 2049 MiB, 23028 MiB
2026/02/25 16:03:31.190, 1, NVIDIA A10G, 0 %, 0 %, 0 MiB, 23028 MiB
2026/02/25 16:03:31.190, 2, NVIDIA A10G, 0 %, 0 %, 0 MiB, 23028 MiB
2026/02/25 16:03:31.190, 3, NVIDIA A10G, 0 %, 0 %, 0 MiB, 23028 MiB
2026/02/25 16:03:32.190, 0, NVIDIA A10G, 0 %, 0 %, 2049 MiB, 23028 MiB
2026/02/25 16:03:32.190, 1, NVIDIA A10G, 0 %, 0 %, 0 MiB, 23028 MiB
2026/02/25 16:03:32.190, 2, NVIDIA A10G, 0 %, 0 %, 0 MiB, 23028 MiB
2026/02/25 16:03:32.191, 3, NVIDIA A10G, 0 %, 0 %, 0 MiB, 23028 MiB
2026/02/25 16:03:33.191, 0, NVIDIA A10G, 0 %, 0 %, 2049 MiB, 23028 MiB
2026/02/25 16:03:33.191, 1, NVIDIA A10G, 0 %, 0 %, 0 MiB, 23028 MiB
2026/02/25 16:03:33.191, 2, NVIDIA A10G, 0 %, 0 %, 0 MiB, 23028 MiB
2026/02/25 16:03:33.191, 3, NVIDIA A10G, 0 %, 0 %, 0 MiB, 23028 MiB
2026/02/25 16:03:34.191, 0, NVIDIA A10G, 0 %, 0 %, 2049 MiB, 23028 MiB
2026/02/25 16:03:34.191, 1, NVIDIA A10G, 0 %, 0 %, 0 MiB, 23028 MiB
2026/02/25 16:03:34.191, 2, NVIDIA A10G, 0 %, 0 %, 0 MiB, 23028 MiB
2026/02/25 16:03:34.191, 3, NVIDIA A10G, 0 %, 0 %, 0 MiB, 23028 MiB
2026/02/25 16:03:35.191, 0, NVIDIA A10G, 0 %, 0 %, 2049 MiB, 23028 MiB
2026/02/25 16:03:35.191, 1, NVIDIA A10G, 0 %, 0 %, 0 MiB, 23028 MiB
2026/02/25 16:03:35.191, 2, NVIDIA A10G, 0 %, 0 %, 0 MiB, 23028 MiB
2026/02/25 16:03:35.191, 3, NVIDIA A10G, 0 %, 0 %, 0 MiB, 23028 MiB
2026/02/25 16:03:36.192, 0, NVIDIA A10G, 0 %, 0 %, 2049 MiB, 23028 MiB
2026/02/25 16:03:36.192, 1, NVIDIA A10G, 0 %, 0 %, 0 MiB, 23028 MiB
2026/02/25 16:03:36.192, 2, NVIDIA A10G, 0 %, 0 %, 0 MiB, 23028 MiB
2026/02/25 16:03:36.192, 3, NVIDIA A10G, 0 %, 0 %, 0 MiB, 23028 MiB
2026/02/25 16:03:37.192, 0, NVIDIA A10G, 0 %, 0 %, 2049 MiB, 23028 MiB
2026/02/25 16:03:37.192, 1, NVIDIA A10G, 0 %, 0 %, 0 MiB, 23028 MiB
2026/02/25 16:03:37.192, 2, NVIDIA A10G, 0 %, 0 %, 0 MiB, 23028 MiB
2026/02/25 16:03:37.192, 3, NVIDIA A10G, 0 %, 0 %, 0 MiB, 23028 MiB
2026/02/25 16:03:38.193, 0, NVIDIA A10G, 24 %, 8 %, 2049 MiB, 23028 MiB
2026/02/25 16:03:38.193, 1, NVIDIA A10G, 0 %, 0 %, 0 MiB, 23028 MiB
2026/02/25 16:03:38.193, 2, NVIDIA A10G, 0 %, 0 %, 0 MiB, 23028 MiB
2026/02/25 16:03:38.193, 3, NVIDIA A10G, 0 %, 0 %, 0 MiB, 23028 MiB
2026/02/25 16:03:39.193, 0, NVIDIA A10G, 20 %, 7 %, 2049 MiB, 23028 MiB
2026/02/25 16:03:39.193, 1, NVIDIA A10G, 0 %, 0 %, 0 MiB, 23028 MiB
2026/02/25 16:03:39.193, 2, NVIDIA A10G, 0 %, 0 %, 0 MiB, 23028 MiB
2026/02/25 16:03:39.193, 3, NVIDIA A10G, 0 %, 0 %, 0 MiB, 23028 MiB
2026/02/25 16:03:40.193, 0, NVIDIA A10G, 22 %, 8 %, 2049 MiB, 23028 MiB
2026/02/25 16:03:40.193, 1, NVIDIA A10G, 0 %, 0 %, 0 MiB, 23028 MiB
2026/02/25 16:03:40.193, 2, NVIDIA A10G, 0 %, 0 %, 0 MiB, 23028 MiB
2026/02/25 16:03:40.194, 3, NVIDIA A10G, 0 %, 0 %, 0 MiB, 23028 MiB
2026/02/25 16:03:41.194, 0, NVIDIA A10G, 22 %, 8 %, 2049 MiB, 23028 MiB
2026/02/25 16:03:41.194, 1, NVIDIA A10G, 0 %, 0 %, 0 MiB, 23028 MiB
2026/02/25 16:03:41.194, 2, NVIDIA A10G, 0 %, 0 %, 0 MiB, 23028 MiB
2026/02/25 16:03:41.194, 3, NVIDIA A10G, 0 %, 0 %, 0 MiB, 23028 MiB
2026/02/25 16:03:42.194, 0, NVIDIA A10G, 21 %, 7 %, 2049 MiB, 23028 MiB
2026/02/25 16:03:42.194, 1, NVIDIA A10G, 0 %, 0 %, 0 MiB, 23028 MiB
2026/02/25 16:03:42.194, 2, NVIDIA A10G, 0 %, 0 %, 0 MiB, 23028 MiB
2026/02/25 16:03:42.194, 3, NVIDIA A10G, 0 %, 0 %, 0 MiB, 23028 MiB
2026/02/25 16:03:43.194, 0, NVIDIA A10G, 21 %, 7 %, 2049 MiB, 23028 MiB
2026/02/25 16:03:43.195, 1, NVIDIA A10G, 0 %, 0 %, 0 MiB, 23028 MiB
2026/02/25 16:03:43.195, 2, NVIDIA A10G, 0 %, 0 %, 0 MiB, 23028 MiB
2026/02/25 16:03:43.195, 3, NVIDIA A10G, 0 %, 0 %, 0 MiB, 23028 MiB
2026/02/25 16:03:44.195, 0, NVIDIA A10G, 21 %, 7 %, 2049 MiB, 23028 MiB
2026/02/25 16:03:44.195, 1, NVIDIA A10G, 0 %, 0 %, 0 MiB, 23028 MiB
2026/02/25 16:03:44.195, 2, NVIDIA A10G, 0 %, 0 %, 0 MiB, 23028 MiB
2026/02/25 16:03:44.195, 3, NVIDIA A10G, 0 %, 0 %, 0 MiB, 23028 MiB
2026/02/25 16:03:45.195, 0, NVIDIA A10G, 24 %, 8 %, 2049 MiB, 23028 MiB
2026/02/25 16:03:45.195, 1, NVIDIA A10G, 0 %, 0 %, 0 MiB, 23028 MiB
2026/02/25 16:03:45.195, 2, NVIDIA A10G, 0 %, 0 %, 0 MiB, 23028 MiB
2026/02/25 16:03:45.195, 3, NVIDIA A10G, 0 %, 0 %, 0 MiB, 23028 MiB
2026/02/25 16:03:46.196, 0, NVIDIA A10G, 22 %, 7 %, 2049 MiB, 23028 MiB
2026/02/25 16:03:46.196, 1, NVIDIA A10G, 0 %, 0 %, 0 MiB, 23028 MiB
2026/02/25 16:03:46.196, 2, NVIDIA A10G, 0 %, 0 %, 0 MiB, 23028 MiB
2026/02/25 16:03:46.196, 3, NVIDIA A10G, 0 %, 0 %, 0 MiB, 23028 MiB
2026/02/25 16:03:47.196, 0, NVIDIA A10G, 23 %, 7 %, 2049 MiB, 23028 MiB
2026/02/25 16:03:47.196, 1, NVIDIA A10G, 0 %, 0 %, 0 MiB, 23028 MiB
2026/02/25 16:03:47.196, 2, NVIDIA A10G, 0 %, 0 %, 0 MiB, 23028 MiB
2026/02/25 16:03:47.196, 3, NVIDIA A10G, 0 %, 0 %, 0 MiB, 23028 MiB
2026/02/25 16:03:48.196, 0, NVIDIA A10G, 21 %, 6 %, 2049 MiB, 23028 MiB
2026/02/25 16:03:48.196, 1, NVIDIA A10G, 0 %, 0 %, 0 MiB, 23028 MiB
2026/02/25 16:03:48.196, 2, NVIDIA A10G, 0 %, 0 %, 0 MiB, 23028 MiB
2026/02/25 16:03:48.197, 3, NVIDIA A10G, 0 %, 0 %, 0 MiB, 23028 MiB
2026/02/25 16:03:49.197, 0, NVIDIA A10G, 21 %, 7 %, 2049 MiB, 23028 MiB
2026/02/25 16:03:49.197, 1, NVIDIA A10G, 0 %, 0 %, 0 MiB, 23028 MiB
2026/02/25 16:03:49.197, 2, NVIDIA A10G, 0 %, 0 %, 0 MiB, 23028 MiB
2026/02/25 16:03:49.197, 3, NVIDIA A10G, 0 %, 0 %, 0 MiB, 23028 MiB
2026/02/25 16:03:50.197, 0, NVIDIA A10G, 23 %, 8 %, 2049 MiB, 23028 MiB
2026/02/25 16:03:50.197, 1, NVIDIA A10G, 0 %, 0 %, 0 MiB, 23028 MiB
2026/02/25 16:03:50.197, 2, NVIDIA A10G, 0 %, 0 %, 0 MiB, 23028 MiB
2026/02/25 16:03:50.197, 3, NVIDIA A10G, 0 %, 0 %, 0 MiB, 23028 MiB
2026/02/25 16:03:51.197, 0, NVIDIA A10G, 24 %, 9 %, 2049 MiB, 23028 MiB
2026/02/25 16:03:51.197, 1, NVIDIA A10G, 0 %, 0 %, 0 MiB, 23028 MiB
2026/02/25 16:03:51.197, 2, NVIDIA A10G, 0 %, 0 %, 0 MiB, 23028 MiB
2026/02/25 16:03:51.197, 3, NVIDIA A10G, 0 %, 0 %, 0 MiB, 23028 MiB
2026/02/25 16:03:52.198, 0, NVIDIA A10G, 0 %, 0 %, 2049 MiB, 23028 MiB
2026/02/25 16:03:52.198, 1, NVIDIA A10G, 0 %, 0 %, 0 MiB, 23028 MiB
2026/02/25 16:03:52.198, 2, NVIDIA A10G, 0 %, 0 %, 0 MiB, 23028 MiB
2026/02/25 16:03:52.198, 3, NVIDIA A10G, 0 %, 0 %, 0 MiB, 23028 MiB
2026/02/25 16:03:53.198, 0, NVIDIA A10G, 0 %, 0 %, 2049 MiB, 23028 MiB
2026/02/25 16:03:53.198, 1, NVIDIA A10G, 0 %, 0 %, 0 MiB, 23028 MiB
2026/02/25 16:03:53.198, 2, NVIDIA A10G, 0 %, 0 %, 0 MiB, 23028 MiB
2026/02/25 16:03:53.198, 3, NVIDIA A10G, 0 %, 0 %, 0 MiB, 23028 MiB
2026/02/25 16:03:54.198, 0, NVIDIA A10G, 0 %, 0 %, 2049 MiB, 23028 MiB
2026/02/25 16:03:54.198, 1, NVIDIA A10G, 0 %, 0 %, 0 MiB, 23028 MiB
2026/02/25 16:03:54.198, 2, NVIDIA A10G, 0 %, 0 %, 0 MiB, 23028 MiB
2026/02/25 16:03:54.199, 3, NVIDIA A10G, 0 %, 0 %, 0 MiB, 23028 MiB
2026/02/25 16:03:55.199, 0, NVIDIA A10G, 0 %, 0 %, 2049 MiB, 23028 MiB
2026/02/25 16:03:55.199, 1, NVIDIA A10G, 0 %, 0 %, 0 MiB, 23028 MiB
2026/02/25 16:03:55.199, 2, NVIDIA A10G, 0 %, 0 %, 0 MiB, 23028 MiB
2026/02/25 16:03:55.199, 3, NVIDIA A10G, 0 %, 0 %, 0 MiB, 23028 MiB
2026/02/25 16:03:56.199, 0, NVIDIA A10G, 0 %, 0 %, 2049 MiB, 23028 MiB
2026/02/25 16:03:56.199, 1, NVIDIA A10G, 0 %, 0 %, 0 MiB, 23028 MiB
2026/02/25 16:03:56.199, 2, NVIDIA A10G, 0 %, 0 %, 0 MiB, 23028 MiB
2026/02/25 16:03:56.199, 3, NVIDIA A10G, 0 %, 0 %, 0 MiB, 23028 MiB
2026/02/25 16:03:57.199, 0, NVIDIA A10G, 0 %, 0 %, 2049 MiB, 23028 MiB
2026/02/25 16:03:57.199, 1, NVIDIA A10G, 0 %, 0 %, 0 MiB, 23028 MiB
2026/02/25 16:03:57.199, 2, NVIDIA A10G, 0 %, 0 %, 0 MiB, 23028 MiB
2026/02/25 16:03:57.199, 3, NVIDIA A10G, 0 %, 0 %, 0 MiB, 23028 MiB
2026/02/25 16:03:58.200, 0, NVIDIA A10G, 93 %, 60 %, 2049 MiB, 23028 MiB
2026/02/25 16:03:58.200, 1, NVIDIA A10G, 0 %, 0 %, 0 MiB, 23028 MiB
2026/02/25 16:03:58.200, 2, NVIDIA A10G, 0 %, 0 %, 0 MiB, 23028 MiB
2026/02/25 16:03:58.200, 3, NVIDIA A10G, 0 %, 0 %, 0 MiB, 23028 MiB
2026/02/25 16:03:59.200, 0, NVIDIA A10G, 23 %, 8 %, 2049 MiB, 23028 MiB
2026/02/25 16:03:59.200, 1, NVIDIA A10G, 0 %, 0 %, 0 MiB, 23028 MiB
2026/02/25 16:03:59.200, 2, NVIDIA A10G, 0 %, 0 %, 0 MiB, 23028 MiB
2026/02/25 16:03:59.200, 3, NVIDIA A10G, 0 %, 0 %, 0 MiB, 23028 MiB
2026/02/25 16:04:00.200, 0, NVIDIA A10G, 22 %, 8 %, 2049 MiB, 23028 MiB
2026/02/25 16:04:00.201, 1, NVIDIA A10G, 0 %, 0 %, 0 MiB, 23028 MiB
2026/02/25 16:04:00.201, 2, NVIDIA A10G, 0 %, 0 %, 0 MiB, 23028 MiB
2026/02/25 16:04:00.201, 3, NVIDIA A10G, 0 %, 0 %, 0 MiB, 23028 MiB
2026/02/25 16:04:01.201, 0, NVIDIA A10G, 23 %, 8 %, 2049 MiB, 23028 MiB
2026/02/25 16:04:01.201, 1, NVIDIA A10G, 0 %, 0 %, 0 MiB, 23028 MiB
2026/02/25 16:04:01.201, 2, NVIDIA A10G, 0 %, 0 %, 0 MiB, 23028 MiB
2026/02/25 16:04:01.201, 3, NVIDIA A10G, 0 %, 0 %, 0 MiB, 23028 MiB
2026/02/25 16:04:02.201, 0, NVIDIA A10G, 22 %, 8 %, 2049 MiB, 23028 MiB
2026/02/25 16:04:02.201, 1, NVIDIA A10G, 0 %, 0 %, 0 MiB, 23028 MiB
2026/02/25 16:04:02.201, 2, NVIDIA A10G, 0 %, 0 %, 0 MiB, 23028 MiB
2026/02/25 16:04:02.201, 3, NVIDIA A10G, 0 %, 0 %, 0 MiB, 23028 MiB
2026/02/25 16:04:03.201, 0, NVIDIA A10G, 22 %, 8 %, 2049 MiB, 23028 MiB
2026/02/25 16:04:03.202, 1, NVIDIA A10G, 0 %, 0 %, 0 MiB, 23028 MiB
2026/02/25 16:04:03.202, 2, NVIDIA A10G, 0 %, 0 %, 0 MiB, 23028 MiB
2026/02/25 16:04:03.202, 3, NVIDIA A10G, 0 %, 0 %, 0 MiB, 23028 MiB
2026/02/25 16:04:04.202, 0, NVIDIA A10G, 24 %, 9 %, 2049 MiB, 23028 MiB
2026/02/25 16:04:04.202, 1, NVIDIA A10G, 0 %, 0 %, 0 MiB, 23028 MiB
2026/02/25 16:04:04.202, 2, NVIDIA A10G, 0 %, 0 %, 0 MiB, 23028 MiB
2026/02/25 16:04:04.202, 3, NVIDIA A10G, 0 %, 0 %, 0 MiB, 23028 MiB
2026/02/25 16:04:05.202, 0, NVIDIA A10G, 23 %, 8 %, 2049 MiB, 23028 MiB
2026/02/25 16:04:05.202, 1, NVIDIA A10G, 0 %, 0 %, 0 MiB, 23028 MiB
2026/02/25 16:04:05.202, 2, NVIDIA A10G, 0 %, 0 %, 0 MiB, 23028 MiB
2026/02/25 16:04:05.203, 3, NVIDIA A10G, 0 %, 0 %, 0 MiB, 23028 MiB
2026/02/25 16:04:06.203, 0, NVIDIA A10G, 0 %, 0 %, 2049 MiB, 23028 MiB
2026/02/25 16:04:06.203, 1, NVIDIA A10G, 0 %, 0 %, 0 MiB, 23028 MiB
2026/02/25 16:04:06.203, 2, NVIDIA A10G, 0 %, 0 %, 0 MiB, 23028 MiB
2026/02/25 16:04:06.203, 3, NVIDIA A10G, 0 %, 0 %, 0 MiB, 23028 MiB
2026/02/25 16:04:07.203, 0, NVIDIA A10G, 0 %, 0 %, 2049 MiB, 23028 MiB
2026/02/25 16:04:07.203, 1, NVIDIA A10G, 0 %, 0 %, 0 MiB, 23028 MiB
2026/02/25 16:04:07.203, 2, NVIDIA A10G, 0 %, 0 %, 0 MiB, 23028 MiB
2026/02/25 16:04:07.203, 3, NVIDIA A10G, 0 %, 0 %, 0 MiB, 23028 MiB
2026/02/25 16:04:08.204, 0, NVIDIA A10G, 0 %, 0 %, 2049 MiB, 23028 MiB
2026/02/25 16:04:08.204, 1, NVIDIA A10G, 0 %, 0 %, 0 MiB, 23028 MiB
2026/02/25 16:04:08.204, 2, NVIDIA A10G, 0 %, 0 %, 0 MiB, 23028 MiB
2026/02/25 16:04:08.204, 3, NVIDIA A10G, 0 %, 0 %, 0 MiB, 23028 MiB
2026/02/25 16:04:09.204, 0, NVIDIA A10G, 0 %, 0 %, 2049 MiB, 23028 MiB
2026/02/25 16:04:09.204, 1, NVIDIA A10G, 0 %, 0 %, 0 MiB, 23028 MiB
2026/02/25 16:04:09.204, 2, NVIDIA A10G, 0 %, 0 %, 0 MiB, 23028 MiB
2026/02/25 16:04:09.204, 3, NVIDIA A10G, 0 %, 0 %, 0 MiB, 23028 MiB
2026/02/25 16:04:10.204, 0, NVIDIA A10G, 0 %, 0 %, 2049 MiB, 23028 MiB
2026/02/25 16:04:10.204, 1, NVIDIA A10G, 0 %, 0 %, 0 MiB, 23028 MiB
2026/02/25 16:04:10.204, 2, NVIDIA A10G, 0 %, 0 %, 0 MiB, 23028 MiB
2026/02/25 16:04:10.205, 3, NVIDIA A10G, 0 %, 0 %, 0 MiB, 23028 MiB
2026/02/25 16:04:11.205, 0, NVIDIA A10G, 22 %, 8 %, 2049 MiB, 23028 MiB
2026/02/25 16:04:11.205, 1, NVIDIA A10G, 0 %, 0 %, 0 MiB, 23028 MiB
2026/02/25 16:04:11.205, 2, NVIDIA A10G, 0 %, 0 %, 0 MiB, 23028 MiB
2026/02/25 16:04:11.205, 3, NVIDIA A10G, 0 %, 0 %, 0 MiB, 23028 MiB
2026/02/25 16:04:12.205, 0, NVIDIA A10G, 22 %, 8 %, 2049 MiB, 23028 MiB
2026/02/25 16:04:12.205, 1, NVIDIA A10G, 0 %, 0 %, 0 MiB, 23028 MiB
2026/02/25 16:04:12.205, 2, NVIDIA A10G, 0 %, 0 %, 0 MiB, 23028 MiB
2026/02/25 16:04:12.205, 3, NVIDIA A10G, 0 %, 0 %, 0 MiB, 23028 MiB
2026/02/25 16:04:13.205, 0, NVIDIA A10G, 19 %, 6 %, 2049 MiB, 23028 MiB
2026/02/25 16:04:13.205, 1, NVIDIA A10G, 0 %, 0 %, 0 MiB, 23028 MiB
2026/02/25 16:04:13.206, 2, NVIDIA A10G, 0 %, 0 %, 0 MiB, 23028 MiB
2026/02/25 16:04:13.206, 3, NVIDIA A10G, 0 %, 0 %, 0 MiB, 23028 MiB
2026/02/25 16:04:14.206, 0, NVIDIA A10G, 23 %, 9 %, 2049 MiB, 23028 MiB
2026/02/25 16:04:14.206, 1, NVIDIA A10G, 0 %, 0 %, 0 MiB, 23028 MiB
2026/02/25 16:04:14.206, 2, NVIDIA A10G, 0 %, 0 %, 0 MiB, 23028 MiB
2026/02/25 16:04:14.206, 3, NVIDIA A10G, 0 %, 0 %, 0 MiB, 23028 MiB
2026/02/25 16:04:15.206, 0, NVIDIA A10G, 25 %, 9 %, 2049 MiB, 23028 MiB
2026/02/25 16:04:15.206, 1, NVIDIA A10G, 0 %, 0 %, 0 MiB, 23028 MiB
2026/02/25 16:04:15.206, 2, NVIDIA A10G, 0 %, 0 %, 0 MiB, 23028 MiB
2026/02/25 16:04:15.206, 3, NVIDIA A10G, 0 %, 0 %, 0 MiB, 23028 MiB
2026/02/25 16:04:16.206, 0, NVIDIA A10G, 22 %, 7 %, 2049 MiB, 23028 MiB
2026/02/25 16:04:16.206, 1, NVIDIA A10G, 0 %, 0 %, 0 MiB, 23028 MiB
2026/02/25 16:04:16.206, 2, NVIDIA A10G, 0 %, 0 %, 0 MiB, 23028 MiB
2026/02/25 16:04:16.206, 3, NVIDIA A10G, 0 %, 0 %, 0 MiB, 23028 MiB
2026/02/25 16:04:17.206, 0, NVIDIA A10G, 0 %, 0 %, 2049 MiB, 23028 MiB
2026/02/25 16:04:17.207, 1, NVIDIA A10G, 0 %, 0 %, 0 MiB, 23028 MiB
2026/02/25 16:04:17.207, 2, NVIDIA A10G, 0 %, 0 %, 0 MiB, 23028 MiB
2026/02/25 16:04:17.207, 3, NVIDIA A10G, 0 %, 0 %, 0 MiB, 23028 MiB
2026/02/25 16:04:18.207, 0, NVIDIA A10G, 0 %, 0 %, 2049 MiB, 23028 MiB
2026/02/25 16:04:18.207, 1, NVIDIA A10G, 0 %, 0 %, 0 MiB, 23028 MiB
2026/02/25 16:04:18.207, 2, NVIDIA A10G, 0 %, 0 %, 0 MiB, 23028 MiB
2026/02/25 16:04:18.207, 3, NVIDIA A10G, 0 %, 0 %, 0 MiB, 23028 MiB
2026/02/25 16:04:19.207, 0, NVIDIA A10G, 0 %, 0 %, 2049 MiB, 23028 MiB
2026/02/25 16:04:19.207, 1, NVIDIA A10G, 0 %, 0 %, 0 MiB, 23028 MiB
2026/02/25 16:04:19.207, 2, NVIDIA A10G, 0 %, 0 %, 0 MiB, 23028 MiB
2026/02/25 16:04:19.207, 3, NVIDIA A10G, 0 %, 0 %, 0 MiB, 23028 MiB
2026/02/25 16:04:20.208, 0, NVIDIA A10G, 0 %, 0 %, 2049 MiB, 23028 MiB
2026/02/25 16:04:20.208, 1, NVIDIA A10G, 0 %, 0 %, 0 MiB, 23028 MiB
2026/02/25 16:04:20.208, 2, NVIDIA A10G, 0 %, 0 %, 0 MiB, 23028 MiB
2026/02/25 16:04:20.208, 3, NVIDIA A10G, 0 %, 0 %, 0 MiB, 23028 MiB
2026/02/25 16:04:21.208, 0, NVIDIA A10G, 0 %, 0 %, 2049 MiB, 23028 MiB
2026/02/25 16:04:21.208, 1, NVIDIA A10G, 0 %, 0 %, 0 MiB, 23028 MiB
2026/02/25 16:04:21.208, 2, NVIDIA A10G, 0 %, 0 %, 0 MiB, 23028 MiB
2026/02/25 16:04:21.208, 3, NVIDIA A10G, 0 %, 0 %, 0 MiB, 23028 MiB
2026/02/25 16:04:22.208, 0, NVIDIA A10G, 0 %, 0 %, 2049 MiB, 23028 MiB
2026/02/25 16:04:22.208, 1, NVIDIA A10G, 0 %, 0 %, 0 MiB, 23028 MiB
2026/02/25 16:04:22.208, 2, NVIDIA A10G, 0 %, 0 %, 0 MiB, 23028 MiB
2026/02/25 16:04:22.208, 3, NVIDIA A10G, 0 %, 0 %, 0 MiB, 23028 MiB
2026/02/25 16:04:23.209, 0, NVIDIA A10G, 24 %, 8 %, 2049 MiB, 23028 MiB
2026/02/25 16:04:23.209, 1, NVIDIA A10G, 0 %, 0 %, 0 MiB, 23028 MiB
2026/02/25 16:04:23.209, 2, NVIDIA A10G, 0 %, 0 %, 0 MiB, 23028 MiB
2026/02/25 16:04:23.209, 3, NVIDIA A10G, 0 %, 0 %, 0 MiB, 23028 MiB
2026/02/25 16:04:24.209, 0, NVIDIA A10G, 21 %, 7 %, 2049 MiB, 23028 MiB
2026/02/25 16:04:24.209, 1, NVIDIA A10G, 0 %, 0 %, 0 MiB, 23028 MiB
2026/02/25 16:04:24.209, 2, NVIDIA A10G, 0 %, 0 %, 0 MiB, 23028 MiB
2026/02/25 16:04:24.209, 3, NVIDIA A10G, 0 %, 0 %, 0 MiB, 23028 MiB
2026/02/25 16:04:25.209, 0, NVIDIA A10G, 22 %, 7 %, 2049 MiB, 23028 MiB
2026/02/25 16:04:25.209, 1, NVIDIA A10G, 0 %, 0 %, 0 MiB, 23028 MiB
2026/02/25 16:04:25.209, 2, NVIDIA A10G, 0 %, 0 %, 0 MiB, 23028 MiB
2026/02/25 16:04:25.210, 3, NVIDIA A10G, 0 %, 0 %, 0 MiB, 23028 MiB
2026/02/25 16:04:26.210, 0, NVIDIA A10G, 23 %, 7 %, 2049 MiB, 23028 MiB
2026/02/25 16:04:26.210, 1, NVIDIA A10G, 0 %, 0 %, 0 MiB, 23028 MiB
2026/02/25 16:04:26.210, 2, NVIDIA A10G, 0 %, 0 %, 0 MiB, 23028 MiB
2026/02/25 16:04:26.210, 3, NVIDIA A10G, 0 %, 0 %, 0 MiB, 23028 MiB
2026/02/25 16:04:27.210, 0, NVIDIA A10G, 23 %, 8 %, 2049 MiB, 23028 MiB
2026/02/25 16:04:27.210, 1, NVIDIA A10G, 0 %, 0 %, 0 MiB, 23028 MiB
2026/02/25 16:04:27.210, 2, NVIDIA A10G, 0 %, 0 %, 0 MiB, 23028 MiB
2026/02/25 16:04:27.210, 3, NVIDIA A10G, 0 %, 0 %, 0 MiB, 23028 MiB
2026/02/25 16:04:28.210, 0, NVIDIA A10G, 22 %, 7 %, 2049 MiB, 23028 MiB
2026/02/25 16:04:28.211, 1, NVIDIA A10G, 0 %, 0 %, 0 MiB, 23028 MiB
2026/02/25 16:04:28.211, 2, NVIDIA A10G, 0 %, 0 %, 0 MiB, 23028 MiB
2026/02/25 16:04:28.211, 3, NVIDIA A10G, 0 %, 0 %, 0 MiB, 23028 MiB
2026/02/25 16:04:29.211, 0, NVIDIA A10G, 0 %, 0 %, 2049 MiB, 23028 MiB
2026/02/25 16:04:29.211, 1, NVIDIA A10G, 0 %, 0 %, 0 MiB, 23028 MiB
2026/02/25 16:04:29.211, 2, NVIDIA A10G, 0 %, 0 %, 0 MiB, 23028 MiB
2026/02/25 16:04:29.211, 3, NVIDIA A10G, 0 %, 0 %, 0 MiB, 23028 MiB
2026/02/25 16:04:30.211, 0, NVIDIA A10G, 0 %, 0 %, 2049 MiB, 23028 MiB
2026/02/25 16:04:30.211, 1, NVIDIA A10G, 0 %, 0 %, 0 MiB, 23028 MiB
2026/02/25 16:04:30.211, 2, NVIDIA A10G, 0 %, 0 %, 0 MiB, 23028 MiB
2026/02/25 16:04:30.211, 3, NVIDIA A10G, 0 %, 0 %, 0 MiB, 23028 MiB
2026/02/25 16:04:31.212, 0, NVIDIA A10G, 0 %, 0 %, 2049 MiB, 23028 MiB
2026/02/25 16:04:31.212, 1, NVIDIA A10G, 0 %, 0 %, 0 MiB, 23028 MiB
2026/02/25 16:04:31.212, 2, NVIDIA A10G, 0 %, 0 %, 0 MiB, 23028 MiB
2026/02/25 16:04:31.212, 3, NVIDIA A10G, 0 %, 0 %, 0 MiB, 23028 MiB
2026/02/25 16:04:32.212, 0, NVIDIA A10G, 0 %, 0 %, 2049 MiB, 23028 MiB
2026/02/25 16:04:32.212, 1, NVIDIA A10G, 0 %, 0 %, 0 MiB, 23028 MiB
2026/02/25 16:04:32.212, 2, NVIDIA A10G, 0 %, 0 %, 0 MiB, 23028 MiB
2026/02/25 16:04:32.212, 3, NVIDIA A10G, 0 %, 0 %, 0 MiB, 23028 MiB
2026/02/25 16:04:33.212, 0, NVIDIA A10G, 0 %, 0 %, 2049 MiB, 23028 MiB
2026/02/25 16:04:33.212, 1, NVIDIA A10G, 0 %, 0 %, 0 MiB, 23028 MiB
2026/02/25 16:04:33.212, 2, NVIDIA A10G, 0 %, 0 %, 0 MiB, 23028 MiB
2026/02/25 16:04:33.213, 3, NVIDIA A10G, 0 %, 0 %, 0 MiB, 23028 MiB
2026/02/25 16:04:34.213, 0, NVIDIA A10G, 0 %, 0 %, 2049 MiB, 23028 MiB
2026/02/25 16:04:34.213, 1, NVIDIA A10G, 0 %, 0 %, 0 MiB, 23028 MiB
2026/02/25 16:04:34.213, 2, NVIDIA A10G, 0 %, 0 %, 0 MiB, 23028 MiB
2026/02/25 16:04:34.213, 3, NVIDIA A10G, 0 %, 0 %, 0 MiB, 23028 MiB
2026/02/25 16:04:35.213, 0, NVIDIA A10G, 0 %, 0 %, 2049 MiB, 23028 MiB
2026/02/25 16:04:35.213, 1, NVIDIA A10G, 0 %, 0 %, 0 MiB, 23028 MiB
2026/02/25 16:04:35.213, 2, NVIDIA A10G, 0 %, 0 %, 0 MiB, 23028 MiB
2026/02/25 16:04:35.213, 3, NVIDIA A10G, 0 %, 0 %, 0 MiB, 23028 MiB
2026/02/25 16:04:36.213, 0, NVIDIA A10G, 0 %, 0 %, 2049 MiB, 23028 MiB
2026/02/25 16:04:36.214, 1, NVIDIA A10G, 0 %, 0 %, 0 MiB, 23028 MiB
2026/02/25 16:04:36.214, 2, NVIDIA A10G, 0 %, 0 %, 0 MiB, 23028 MiB
2026/02/25 16:04:36.214, 3, NVIDIA A10G, 0 %, 0 %, 0 MiB, 23028 MiB
2026/02/25 16:04:37.214, 0, NVIDIA A10G, 0 %, 0 %, 2049 MiB, 23028 MiB
2026/02/25 16:04:37.214, 1, NVIDIA A10G, 0 %, 0 %, 0 MiB, 23028 MiB
2026/02/25 16:04:37.214, 2, NVIDIA A10G, 0 %, 0 %, 0 MiB, 23028 MiB
2026/02/25 16:04:37.214, 3, NVIDIA A10G, 0 %, 0 %, 0 MiB, 23028 MiB
2026/02/25 16:04:38.214, 0, NVIDIA A10G, 23 %, 9 %, 2049 MiB, 23028 MiB
2026/02/25 16:04:38.214, 1, NVIDIA A10G, 0 %, 0 %, 0 MiB, 23028 MiB
2026/02/25 16:04:38.214, 2, NVIDIA A10G, 0 %, 0 %, 0 MiB, 23028 MiB
2026/02/25 16:04:38.214, 3, NVIDIA A10G, 0 %, 0 %, 0 MiB, 23028 MiB
2026/02/25 16:04:39.215, 0, NVIDIA A10G, 22 %, 7 %, 2049 MiB, 23028 MiB
2026/02/25 16:04:39.215, 1, NVIDIA A10G, 0 %, 0 %, 0 MiB, 23028 MiB
2026/02/25 16:04:39.215, 2, NVIDIA A10G, 0 %, 0 %, 0 MiB, 23028 MiB
2026/02/25 16:04:39.215, 3, NVIDIA A10G, 0 %, 0 %, 0 MiB, 23028 MiB
2026/02/25 16:04:40.215, 0, NVIDIA A10G, 22 %, 8 %, 2049 MiB, 23028 MiB
2026/02/25 16:04:40.215, 1, NVIDIA A10G, 0 %, 0 %, 0 MiB, 23028 MiB
2026/02/25 16:04:40.215, 2, NVIDIA A10G, 0 %, 0 %, 0 MiB, 23028 MiB
2026/02/25 16:04:40.215, 3, NVIDIA A10G, 0 %, 0 %, 0 MiB, 23028 MiB
2026/02/25 16:04:41.215, 0, NVIDIA A10G, 22 %, 7 %, 2049 MiB, 23028 MiB
2026/02/25 16:04:41.215, 1, NVIDIA A10G, 0 %, 0 %, 0 MiB, 23028 MiB
2026/02/25 16:04:41.215, 2, NVIDIA A10G, 0 %, 0 %, 0 MiB, 23028 MiB
2026/02/25 16:04:41.215, 3, NVIDIA A10G, 0 %, 0 %, 0 MiB, 23028 MiB
2026/02/25 16:04:42.216, 0, NVIDIA A10G, 23 %, 8 %, 2049 MiB, 23028 MiB
2026/02/25 16:04:42.216, 1, NVIDIA A10G, 0 %, 0 %, 0 MiB, 23028 MiB
2026/02/25 16:04:42.216, 2, NVIDIA A10G, 0 %, 0 %, 0 MiB, 23028 MiB
2026/02/25 16:04:42.216, 3, NVIDIA A10G, 0 %, 0 %, 0 MiB, 23028 MiB
2026/02/25 16:04:43.216, 0, NVIDIA A10G, 24 %, 9 %, 2049 MiB, 23028 MiB
2026/02/25 16:04:43.216, 1, NVIDIA A10G, 0 %, 0 %, 0 MiB, 23028 MiB
2026/02/25 16:04:43.216, 2, NVIDIA A10G, 0 %, 0 %, 0 MiB, 23028 MiB
2026/02/25 16:04:43.216, 3, NVIDIA A10G, 0 %, 0 %, 0 MiB, 23028 MiB
2026/02/25 16:04:44.217, 0, NVIDIA A10G, 22 %, 8 %, 2049 MiB, 23028 MiB
2026/02/25 16:04:44.217, 1, NVIDIA A10G, 0 %, 0 %, 0 MiB, 23028 MiB
2026/02/25 16:04:44.217, 2, NVIDIA A10G, 0 %, 0 %, 0 MiB, 23028 MiB
2026/02/25 16:04:44.217, 3, NVIDIA A10G, 0 %, 0 %, 0 MiB, 23028 MiB
2026/02/25 16:04:45.217, 0, NVIDIA A10G, 0 %, 0 %, 2049 MiB, 23028 MiB
2026/02/25 16:04:45.217, 1, NVIDIA A10G, 0 %, 0 %, 0 MiB, 23028 MiB
2026/02/25 16:04:45.217, 2, NVIDIA A10G, 0 %, 0 %, 0 MiB, 23028 MiB
2026/02/25 16:04:45.217, 3, NVIDIA A10G, 0 %, 0 %, 0 MiB, 23028 MiB
2026/02/25 16:04:46.217, 0, NVIDIA A10G, 0 %, 0 %, 2049 MiB, 23028 MiB
2026/02/25 16:04:46.217, 1, NVIDIA A10G, 0 %, 0 %, 0 MiB, 23028 MiB
2026/02/25 16:04:46.217, 2, NVIDIA A10G, 0 %, 0 %, 0 MiB, 23028 MiB
2026/02/25 16:04:46.217, 3, NVIDIA A10G, 0 %, 0 %, 0 MiB, 23028 MiB
2026/02/25 16:04:47.217, 0, NVIDIA A10G, 0 %, 0 %, 2049 MiB, 23028 MiB
2026/02/25 16:04:47.218, 1, NVIDIA A10G, 0 %, 0 %, 0 MiB, 23028 MiB
2026/02/25 16:04:47.218, 2, NVIDIA A10G, 0 %, 0 %, 0 MiB, 23028 MiB
2026/02/25 16:04:47.218, 3, NVIDIA A10G, 0 %, 0 %, 0 MiB, 23028 MiB
2026/02/25 16:04:48.218, 0, NVIDIA A10G, 0 %, 0 %, 2049 MiB, 23028 MiB
2026/02/25 16:04:48.218, 1, NVIDIA A10G, 0 %, 0 %, 0 MiB, 23028 MiB
2026/02/25 16:04:48.218, 2, NVIDIA A10G, 0 %, 0 %, 0 MiB, 23028 MiB
2026/02/25 16:04:48.218, 3, NVIDIA A10G, 0 %, 0 %, 0 MiB, 23028 MiB
2026/02/25 16:04:49.218, 0, NVIDIA A10G, 0 %, 0 %, 2049 MiB, 23028 MiB
2026/02/25 16:04:49.218, 1, NVIDIA A10G, 0 %, 0 %, 0 MiB, 23028 MiB
2026/02/25 16:04:49.218, 2, NVIDIA A10G, 0 %, 0 %, 0 MiB, 23028 MiB
2026/02/25 16:04:49.218, 3, NVIDIA A10G, 0 %, 0 %, 0 MiB, 23028 MiB
2026/02/25 16:04:50.218, 0, NVIDIA A10G, 0 %, 0 %, 2049 MiB, 23028 MiB
2026/02/25 16:04:50.218, 1, NVIDIA A10G, 0 %, 0 %, 0 MiB, 23028 MiB
2026/02/25 16:04:50.218, 2, NVIDIA A10G, 0 %, 0 %, 0 MiB, 23028 MiB
2026/02/25 16:04:50.218, 3, NVIDIA A10G, 0 %, 0 %, 0 MiB, 23028 MiB
2026/02/25 16:04:51.218, 0, NVIDIA A10G, 0 %, 0 %, 2049 MiB, 23028 MiB
2026/02/25 16:04:51.219, 1, NVIDIA A10G, 0 %, 0 %, 0 MiB, 23028 MiB
2026/02/25 16:04:51.219, 2, NVIDIA A10G, 0 %, 0 %, 0 MiB, 23028 MiB
2026/02/25 16:04:51.219, 3, NVIDIA A10G, 0 %, 0 %, 0 MiB, 23028 MiB
2026/02/25 16:04:52.219, 0, NVIDIA A10G, 0 %, 0 %, 2049 MiB, 23028 MiB
2026/02/25 16:04:52.219, 1, NVIDIA A10G, 0 %, 0 %, 0 MiB, 23028 MiB
2026/02/25 16:04:52.219, 2, NVIDIA A10G, 0 %, 0 %, 0 MiB, 23028 MiB
2026/02/25 16:04:52.219, 3, NVIDIA A10G, 0 %, 0 %, 0 MiB, 23028 MiB
2026/02/25 16:04:53.219, 0, NVIDIA A10G, 0 %, 0 %, 2049 MiB, 23028 MiB
2026/02/25 16:04:53.219, 1, NVIDIA A10G, 0 %, 0 %, 0 MiB, 23028 MiB
2026/02/25 16:04:53.219, 2, NVIDIA A10G, 0 %, 0 %, 0 MiB, 23028 MiB
2026/02/25 16:04:53.219, 3, NVIDIA A10G, 0 %, 0 %, 0 MiB, 23028 MiB
2026/02/25 16:04:54.219, 0, NVIDIA A10G, 0 %, 0 %, 2049 MiB, 23028 MiB
2026/02/25 16:04:54.220, 1, NVIDIA A10G, 0 %, 0 %, 0 MiB, 23028 MiB
2026/02/25 16:04:54.220, 2, NVIDIA A10G, 0 %, 0 %, 0 MiB, 23028 MiB
2026/02/25 16:04:54.220, 3, NVIDIA A10G, 0 %, 0 %, 0 MiB, 23028 MiB
2026/02/25 16:04:55.220, 0, NVIDIA A10G, 23 %, 8 %, 2049 MiB, 23028 MiB
2026/02/25 16:04:55.220, 1, NVIDIA A10G, 0 %, 0 %, 0 MiB, 23028 MiB
2026/02/25 16:04:55.220, 2, NVIDIA A10G, 0 %, 0 %, 0 MiB, 23028 MiB
2026/02/25 16:04:55.220, 3, NVIDIA A10G, 0 %, 0 %, 0 MiB, 23028 MiB
2026/02/25 16:04:56.220, 0, NVIDIA A10G, 23 %, 8 %, 2049 MiB, 23028 MiB
2026/02/25 16:04:56.220, 1, NVIDIA A10G, 0 %, 0 %, 0 MiB, 23028 MiB
2026/02/25 16:04:56.220, 2, NVIDIA A10G, 0 %, 0 %, 0 MiB, 23028 MiB
2026/02/25 16:04:56.221, 3, NVIDIA A10G, 0 %, 0 %, 0 MiB, 23028 MiB
2026/02/25 16:04:57.221, 0, NVIDIA A10G, 24 %, 9 %, 2049 MiB, 23028 MiB
2026/02/25 16:04:57.221, 1, NVIDIA A10G, 0 %, 0 %, 0 MiB, 23028 MiB
2026/02/25 16:04:57.221, 2, NVIDIA A10G, 0 %, 0 %, 0 MiB, 23028 MiB
2026/02/25 16:04:57.221, 3, NVIDIA A10G, 0 %, 0 %, 0 MiB, 23028 MiB
2026/02/25 16:04:58.221, 0, NVIDIA A10G, 22 %, 8 %, 2049 MiB, 23028 MiB
2026/02/25 16:04:58.221, 1, NVIDIA A10G, 0 %, 0 %, 0 MiB, 23028 MiB
2026/02/25 16:04:58.221, 2, NVIDIA A10G, 0 %, 0 %, 0 MiB, 23028 MiB
2026/02/25 16:04:58.221, 3, NVIDIA A10G, 0 %, 0 %, 0 MiB, 23028 MiB
2026/02/25 16:04:59.221, 0, NVIDIA A10G, 23 %, 9 %, 2049 MiB, 23028 MiB
2026/02/25 16:04:59.221, 1, NVIDIA A10G, 0 %, 0 %, 0 MiB, 23028 MiB
2026/02/25 16:04:59.222, 2, NVIDIA A10G, 0 %, 0 %, 0 MiB, 23028 MiB
2026/02/25 16:04:59.222, 3, NVIDIA A10G, 0 %, 0 %, 0 MiB, 23028 MiB
2026/02/25 16:05:00.222, 0, NVIDIA A10G, 24 %, 9 %, 2049 MiB, 23028 MiB
2026/02/25 16:05:00.222, 1, NVIDIA A10G, 0 %, 0 %, 0 MiB, 23028 MiB
2026/02/25 16:05:00.222, 2, NVIDIA A10G, 0 %, 0 %, 0 MiB, 23028 MiB
2026/02/25 16:05:00.222, 3, NVIDIA A10G, 0 %, 0 %, 0 MiB, 23028 MiB
2026/02/25 16:05:01.222, 0, NVIDIA A10G, 24 %, 8 %, 2049 MiB, 23028 MiB
2026/02/25 16:05:01.222, 1, NVIDIA A10G, 0 %, 0 %, 0 MiB, 23028 MiB
2026/02/25 16:05:01.222, 2, NVIDIA A10G, 0 %, 0 %, 0 MiB, 23028 MiB
2026/02/25 16:05:01.222, 3, NVIDIA A10G, 0 %, 0 %, 0 MiB, 23028 MiB
2026/02/25 16:05:02.222, 0, NVIDIA A10G, 21 %, 8 %, 2049 MiB, 23028 MiB
2026/02/25 16:05:02.223, 1, NVIDIA A10G, 0 %, 0 %, 0 MiB, 23028 MiB
2026/02/25 16:05:02.223, 2, NVIDIA A10G, 0 %, 0 %, 0 MiB, 23028 MiB
2026/02/25 16:05:02.223, 3, NVIDIA A10G, 0 %, 0 %, 0 MiB, 23028 MiB
2026/02/25 16:05:03.223, 0, NVIDIA A10G, 22 %, 7 %, 2049 MiB, 23028 MiB
2026/02/25 16:05:03.223, 1, NVIDIA A10G, 0 %, 0 %, 0 MiB, 23028 MiB
2026/02/25 16:05:03.223, 2, NVIDIA A10G, 0 %, 0 %, 0 MiB, 23028 MiB
2026/02/25 16:05:03.223, 3, NVIDIA A10G, 0 %, 0 %, 0 MiB, 23028 MiB
2026/02/25 16:05:04.223, 0, NVIDIA A10G, 0 %, 0 %, 2049 MiB, 23028 MiB
2026/02/25 16:05:04.223, 1, NVIDIA A10G, 0 %, 0 %, 0 MiB, 23028 MiB
2026/02/25 16:05:04.223, 2, NVIDIA A10G, 0 %, 0 %, 0 MiB, 23028 MiB
2026/02/25 16:05:04.223, 3, NVIDIA A10G, 0 %, 0 %, 0 MiB, 23028 MiB
2026/02/25 16:05:05.224, 0, NVIDIA A10G, 0 %, 0 %, 2049 MiB, 23028 MiB
2026/02/25 16:05:05.224, 1, NVIDIA A10G, 0 %, 0 %, 0 MiB, 23028 MiB
2026/02/25 16:05:05.224, 2, NVIDIA A10G, 0 %, 0 %, 0 MiB, 23028 MiB
2026/02/25 16:05:05.224, 3, NVIDIA A10G, 0 %, 0 %, 0 MiB, 23028 MiB
2026/02/25 16:05:06.224, 0, NVIDIA A10G, 0 %, 0 %, 2049 MiB, 23028 MiB
2026/02/25 16:05:06.224, 1, NVIDIA A10G, 0 %, 0 %, 0 MiB, 23028 MiB
2026/02/25 16:05:06.224, 2, NVIDIA A10G, 0 %, 0 %, 0 MiB, 23028 MiB
2026/02/25 16:05:06.224, 3, NVIDIA A10G, 0 %, 0 %, 0 MiB, 23028 MiB
2026/02/25 16:05:07.224, 0, NVIDIA A10G, 0 %, 0 %, 2049 MiB, 23028 MiB
2026/02/25 16:05:07.224, 1, NVIDIA A10G, 0 %, 0 %, 0 MiB, 23028 MiB
2026/02/25 16:05:07.225, 2, NVIDIA A10G, 0 %, 0 %, 0 MiB, 23028 MiB
2026/02/25 16:05:07.225, 3, NVIDIA A10G, 0 %, 0 %, 0 MiB, 23028 MiB
2026/02/25 16:05:08.225, 0, NVIDIA A10G, 0 %, 0 %, 2049 MiB, 23028 MiB
2026/02/25 16:05:08.225, 1, NVIDIA A10G, 0 %, 0 %, 0 MiB, 23028 MiB
2026/02/25 16:05:08.225, 2, NVIDIA A10G, 0 %, 0 %, 0 MiB, 23028 MiB
2026/02/25 16:05:08.225, 3, NVIDIA A10G, 0 %, 0 %, 0 MiB, 23028 MiB
2026/02/25 16:05:09.225, 0, NVIDIA A10G, 0 %, 0 %, 2049 MiB, 23028 MiB
2026/02/25 16:05:09.225, 1, NVIDIA A10G, 0 %, 0 %, 0 MiB, 23028 MiB
2026/02/25 16:05:09.225, 2, NVIDIA A10G, 0 %, 0 %, 0 MiB, 23028 MiB
2026/02/25 16:05:09.225, 3, NVIDIA A10G, 0 %, 0 %, 0 MiB, 23028 MiB
2026/02/25 16:05:10.225, 0, NVIDIA A10G, 0 %, 0 %, 2049 MiB, 23028 MiB
2026/02/25 16:05:10.225, 1, NVIDIA A10G, 0 %, 0 %, 0 MiB, 23028 MiB
2026/02/25 16:05:10.225, 2, NVIDIA A10G, 0 %, 0 %, 0 MiB, 23028 MiB
2026/02/25 16:05:10.226, 3, NVIDIA A10G, 0 %, 0 %, 0 MiB, 23028 MiB
2026/02/25 16:05:11.226, 0, NVIDIA A10G, 0 %, 0 %, 2049 MiB, 23028 MiB
2026/02/25 16:05:11.226, 1, NVIDIA A10G, 0 %, 0 %, 0 MiB, 23028 MiB
2026/02/25 16:05:11.226, 2, NVIDIA A10G, 0 %, 0 %, 0 MiB, 23028 MiB
2026/02/25 16:05:11.226, 3, NVIDIA A10G, 0 %, 0 %, 0 MiB, 23028 MiB
2026/02/25 16:05:12.226, 0, NVIDIA A10G, 0 %, 0 %, 2049 MiB, 23028 MiB
2026/02/25 16:05:12.226, 1, NVIDIA A10G, 0 %, 0 %, 0 MiB, 23028 MiB
2026/02/25 16:05:12.226, 2, NVIDIA A10G, 0 %, 0 %, 0 MiB, 23028 MiB
2026/02/25 16:05:12.226, 3, NVIDIA A10G, 0 %, 0 %, 0 MiB, 23028 MiB
2026/02/25 16:05:13.226, 0, NVIDIA A10G, 85 %, 56 %, 2049 MiB, 23028 MiB
2026/02/25 16:05:13.226, 1, NVIDIA A10G, 0 %, 0 %, 0 MiB, 23028 MiB
2026/02/25 16:05:13.227, 2, NVIDIA A10G, 0 %, 0 %, 0 MiB, 23028 MiB
2026/02/25 16:05:13.227, 3, NVIDIA A10G, 0 %, 0 %, 0 MiB, 23028 MiB
2026/02/25 16:05:14.227, 0, NVIDIA A10G, 22 %, 8 %, 2049 MiB, 23028 MiB
2026/02/25 16:05:14.227, 1, NVIDIA A10G, 0 %, 0 %, 0 MiB, 23028 MiB
2026/02/25 16:05:14.227, 2, NVIDIA A10G, 0 %, 0 %, 0 MiB, 23028 MiB
2026/02/25 16:05:14.227, 3, NVIDIA A10G, 0 %, 0 %, 0 MiB, 23028 MiB
2026/02/25 16:05:15.227, 0, NVIDIA A10G, 22 %, 7 %, 2049 MiB, 23028 MiB
2026/02/25 16:05:15.227, 1, NVIDIA A10G, 0 %, 0 %, 0 MiB, 23028 MiB
2026/02/25 16:05:15.227, 2, NVIDIA A10G, 0 %, 0 %, 0 MiB, 23028 MiB
2026/02/25 16:05:15.227, 3, NVIDIA A10G, 0 %, 0 %, 0 MiB, 23028 MiB
2026/02/25 16:05:16.227, 0, NVIDIA A10G, 23 %, 8 %, 2049 MiB, 23028 MiB
2026/02/25 16:05:16.228, 1, NVIDIA A10G, 0 %, 0 %, 0 MiB, 23028 MiB
2026/02/25 16:05:16.228, 2, NVIDIA A10G, 0 %, 0 %, 0 MiB, 23028 MiB
2026/02/25 16:05:16.228, 3, NVIDIA A10G, 0 %, 0 %, 0 MiB, 23028 MiB
2026/02/25 16:05:17.228, 0, NVIDIA A10G, 22 %, 7 %, 2049 MiB, 23028 MiB
2026/02/25 16:05:17.228, 1, NVIDIA A10G, 0 %, 0 %, 0 MiB, 23028 MiB
2026/02/25 16:05:17.228, 2, NVIDIA A10G, 0 %, 0 %, 0 MiB, 23028 MiB
2026/02/25 16:05:17.228, 3, NVIDIA A10G, 0 %, 0 %, 0 MiB, 23028 MiB
2026/02/25 16:05:18.228, 0, NVIDIA A10G, 23 %, 8 %, 2049 MiB, 23028 MiB
2026/02/25 16:05:18.228, 1, NVIDIA A10G, 0 %, 0 %, 0 MiB, 23028 MiB
2026/02/25 16:05:18.228, 2, NVIDIA A10G, 0 %, 0 %, 0 MiB, 23028 MiB
2026/02/25 16:05:18.228, 3, NVIDIA A10G, 0 %, 0 %, 0 MiB, 23028 MiB
2026/02/25 16:05:19.229, 0, NVIDIA A10G, 22 %, 7 %, 2049 MiB, 23028 MiB
2026/02/25 16:05:19.229, 1, NVIDIA A10G, 0 %, 0 %, 0 MiB, 23028 MiB
2026/02/25 16:05:19.229, 2, NVIDIA A10G, 0 %, 0 %, 0 MiB, 23028 MiB
2026/02/25 16:05:19.229, 3, NVIDIA A10G, 0 %, 0 %, 0 MiB, 23028 MiB
2026/02/25 16:05:20.229, 0, NVIDIA A10G, 24 %, 9 %, 2049 MiB, 23028 MiB
2026/02/25 16:05:20.229, 1, NVIDIA A10G, 0 %, 0 %, 0 MiB, 23028 MiB
2026/02/25 16:05:20.229, 2, NVIDIA A10G, 0 %, 0 %, 0 MiB, 23028 MiB
2026/02/25 16:05:20.229, 3, NVIDIA A10G, 0 %, 0 %, 0 MiB, 23028 MiB
2026/02/25 16:05:21.229, 0, NVIDIA A10G, 23 %, 8 %, 2049 MiB, 23028 MiB
2026/02/25 16:05:21.229, 1, NVIDIA A10G, 0 %, 0 %, 0 MiB, 23028 MiB
2026/02/25 16:05:21.229, 2, NVIDIA A10G, 0 %, 0 %, 0 MiB, 23028 MiB
2026/02/25 16:05:21.230, 3, NVIDIA A10G, 0 %, 0 %, 0 MiB, 23028 MiB
2026/02/25 16:05:22.230, 0, NVIDIA A10G, 23 %, 8 %, 2049 MiB, 23028 MiB
2026/02/25 16:05:22.230, 1, NVIDIA A10G, 0 %, 0 %, 0 MiB, 23028 MiB
2026/02/25 16:05:22.230, 2, NVIDIA A10G, 0 %, 0 %, 0 MiB, 23028 MiB
2026/02/25 16:05:22.230, 3, NVIDIA A10G, 0 %, 0 %, 0 MiB, 23028 MiB
2026/02/25 16:05:23.230, 0, NVIDIA A10G, 0 %, 0 %, 2049 MiB, 23028 MiB
2026/02/25 16:05:23.230, 1, NVIDIA A10G, 0 %, 0 %, 0 MiB, 23028 MiB
2026/02/25 16:05:23.230, 2, NVIDIA A10G, 0 %, 0 %, 0 MiB, 23028 MiB
2026/02/25 16:05:23.230, 3, NVIDIA A10G, 0 %, 0 %, 0 MiB, 23028 MiB
2026/02/25 16:05:24.230, 0, NVIDIA A10G, 0 %, 0 %, 2049 MiB, 23028 MiB
2026/02/25 16:05:24.230, 1, NVIDIA A10G, 0 %, 0 %, 0 MiB, 23028 MiB
2026/02/25 16:05:24.230, 2, NVIDIA A10G, 0 %, 0 %, 0 MiB, 23028 MiB
2026/02/25 16:05:24.230, 3, NVIDIA A10G, 0 %, 0 %, 0 MiB, 23028 MiB
2026/02/25 16:05:25.231, 0, NVIDIA A10G, 0 %, 0 %, 2049 MiB, 23028 MiB
2026/02/25 16:05:25.231, 1, NVIDIA A10G, 0 %, 0 %, 0 MiB, 23028 MiB
2026/02/25 16:05:25.231, 2, NVIDIA A10G, 0 %, 0 %, 0 MiB, 23028 MiB
2026/02/25 16:05:25.231, 3, NVIDIA A10G, 0 %, 0 %, 0 MiB, 23028 MiB
2026/02/25 16:05:26.231, 0, NVIDIA A10G, 0 %, 0 %, 2049 MiB, 23028 MiB
2026/02/25 16:05:26.231, 1, NVIDIA A10G, 0 %, 0 %, 0 MiB, 23028 MiB
2026/02/25 16:05:26.231, 2, NVIDIA A10G, 0 %, 0 %, 0 MiB, 23028 MiB
2026/02/25 16:05:26.231, 3, NVIDIA A10G, 0 %, 0 %, 0 MiB, 23028 MiB
2026/02/25 16:05:27.231, 0, NVIDIA A10G, 23 %, 8 %, 2049 MiB, 23028 MiB
2026/02/25 16:05:27.231, 1, NVIDIA A10G, 0 %, 0 %, 0 MiB, 23028 MiB
2026/02/25 16:05:27.231, 2, NVIDIA A10G, 0 %, 0 %, 0 MiB, 23028 MiB
2026/02/25 16:05:27.232, 3, NVIDIA A10G, 0 %, 0 %, 0 MiB, 23028 MiB
2026/02/25 16:05:28.232, 0, NVIDIA A10G, 22 %, 7 %, 2049 MiB, 23028 MiB
2026/02/25 16:05:28.232, 1, NVIDIA A10G, 0 %, 0 %, 0 MiB, 23028 MiB
2026/02/25 16:05:28.232, 2, NVIDIA A10G, 0 %, 0 %, 0 MiB, 23028 MiB
2026/02/25 16:05:28.232, 3, NVIDIA A10G, 0 %, 0 %, 0 MiB, 23028 MiB
2026/02/25 16:05:29.232, 0, NVIDIA A10G, 22 %, 8 %, 2049 MiB, 23028 MiB
2026/02/25 16:05:29.232, 1, NVIDIA A10G, 0 %, 0 %, 0 MiB, 23028 MiB
2026/02/25 16:05:29.232, 2, NVIDIA A10G, 0 %, 0 %, 0 MiB, 23028 MiB
2026/02/25 16:05:29.232, 3, NVIDIA A10G, 0 %, 0 %, 0 MiB, 23028 MiB
2026/02/25 16:05:30.233, 0, NVIDIA A10G, 23 %, 8 %, 2049 MiB, 23028 MiB
2026/02/25 16:05:30.233, 1, NVIDIA A10G, 0 %, 0 %, 0 MiB, 23028 MiB
2026/02/25 16:05:30.233, 2, NVIDIA A10G, 0 %, 0 %, 0 MiB, 23028 MiB
2026/02/25 16:05:30.233, 3, NVIDIA A10G, 0 %, 0 %, 0 MiB, 23028 MiB
2026/02/25 16:05:31.233, 0, NVIDIA A10G, 0 %, 0 %, 2049 MiB, 23028 MiB
2026/02/25 16:05:31.233, 1, NVIDIA A10G, 0 %, 0 %, 0 MiB, 23028 MiB
2026/02/25 16:05:31.233, 2, NVIDIA A10G, 0 %, 0 %, 0 MiB, 23028 MiB
2026/02/25 16:05:31.233, 3, NVIDIA A10G, 0 %, 0 %, 0 MiB, 23028 MiB
2026/02/25 16:05:32.233, 0, NVIDIA A10G, 0 %, 0 %, 2049 MiB, 23028 MiB
2026/02/25 16:05:32.234, 1, NVIDIA A10G, 0 %, 0 %, 0 MiB, 23028 MiB
2026/02/25 16:05:32.234, 2, NVIDIA A10G, 0 %, 0 %, 0 MiB, 23028 MiB
2026/02/25 16:05:32.234, 3, NVIDIA A10G, 0 %, 0 %, 0 MiB, 23028 MiB
2026/02/25 16:05:33.234, 0, NVIDIA A10G, 82 %, 55 %, 2049 MiB, 23028 MiB
2026/02/25 16:05:33.234, 1, NVIDIA A10G, 0 %, 0 %, 0 MiB, 23028 MiB
2026/02/25 16:05:33.234, 2, NVIDIA A10G, 0 %, 0 %, 0 MiB, 23028 MiB
2026/02/25 16:05:33.234, 3, NVIDIA A10G, 0 %, 0 %, 0 MiB, 23028 MiB
2026/02/25 16:05:34.234, 0, NVIDIA A10G, 23 %, 8 %, 2049 MiB, 23028 MiB
2026/02/25 16:05:34.234, 1, NVIDIA A10G, 0 %, 0 %, 0 MiB, 23028 MiB
2026/02/25 16:05:34.234, 2, NVIDIA A10G, 0 %, 0 %, 0 MiB, 23028 MiB
2026/02/25 16:05:34.234, 3, NVIDIA A10G, 0 %, 0 %, 0 MiB, 23028 MiB
2026/02/25 16:05:35.234, 0, NVIDIA A10G, 23 %, 8 %, 2049 MiB, 23028 MiB
2026/02/25 16:05:35.235, 1, NVIDIA A10G, 0 %, 0 %, 0 MiB, 23028 MiB
2026/02/25 16:05:35.235, 2, NVIDIA A10G, 0 %, 0 %, 0 MiB, 23028 MiB
2026/02/25 16:05:35.235, 3, NVIDIA A10G, 0 %, 0 %, 0 MiB, 23028 MiB
2026/02/25 16:05:36.235, 0, NVIDIA A10G, 0 %, 0 %, 2049 MiB, 23028 MiB
2026/02/25 16:05:36.235, 1, NVIDIA A10G, 0 %, 0 %, 0 MiB, 23028 MiB
2026/02/25 16:05:36.235, 2, NVIDIA A10G, 0 %, 0 %, 0 MiB, 23028 MiB
2026/02/25 16:05:36.235, 3, NVIDIA A10G, 0 %, 0 %, 0 MiB, 23028 MiB
2026/02/25 16:05:37.235, 0, NVIDIA A10G, 0 %, 0 %, 2049 MiB, 23028 MiB
2026/02/25 16:05:37.235, 1, NVIDIA A10G, 0 %, 0 %, 0 MiB, 23028 MiB
2026/02/25 16:05:37.235, 2, NVIDIA A10G, 0 %, 0 %, 0 MiB, 23028 MiB
2026/02/25 16:05:37.236, 3, NVIDIA A10G, 0 %, 0 %, 0 MiB, 23028 MiB
2026/02/25 16:05:38.236, 0, NVIDIA A10G, 0 %, 0 %, 2049 MiB, 23028 MiB
2026/02/25 16:05:38.236, 1, NVIDIA A10G, 0 %, 0 %, 0 MiB, 23028 MiB
2026/02/25 16:05:38.236, 2, NVIDIA A10G, 0 %, 0 %, 0 MiB, 23028 MiB
2026/02/25 16:05:38.236, 3, NVIDIA A10G, 0 %, 0 %, 0 MiB, 23028 MiB
2026/02/25 16:05:39.236, 0, NVIDIA A10G, 0 %, 0 %, 2049 MiB, 23028 MiB
2026/02/25 16:05:39.236, 1, NVIDIA A10G, 0 %, 0 %, 0 MiB, 23028 MiB
2026/02/25 16:05:39.236, 2, NVIDIA A10G, 0 %, 0 %, 0 MiB, 23028 MiB
2026/02/25 16:05:39.237, 3, NVIDIA A10G, 0 %, 0 %, 0 MiB, 23028 MiB
2026/02/25 16:05:40.237, 0, NVIDIA A10G, 0 %, 0 %, 2049 MiB, 23028 MiB
2026/02/25 16:05:40.237, 1, NVIDIA A10G, 0 %, 0 %, 0 MiB, 23028 MiB
2026/02/25 16:05:40.237, 2, NVIDIA A10G, 0 %, 0 %, 0 MiB, 23028 MiB
2026/02/25 16:05:40.237, 3, NVIDIA A10G, 0 %, 0 %, 0 MiB, 23028 MiB
2026/02/25 16:05:41.237, 0, NVIDIA A10G, 0 %, 0 %, 2049 MiB, 23028 MiB
2026/02/25 16:05:41.237, 1, NVIDIA A10G, 0 %, 0 %, 0 MiB, 23028 MiB
2026/02/25 16:05:41.237, 2, NVIDIA A10G, 0 %, 0 %, 0 MiB, 23028 MiB
2026/02/25 16:05:41.237, 3, NVIDIA A10G, 0 %, 0 %, 0 MiB, 23028 MiB
2026/02/25 16:05:42.237, 0, NVIDIA A10G, 0 %, 0 %, 2049 MiB, 23028 MiB
2026/02/25 16:05:42.237, 1, NVIDIA A10G, 0 %, 0 %, 0 MiB, 23028 MiB
2026/02/25 16:05:42.238, 2, NVIDIA A10G, 0 %, 0 %, 0 MiB, 23028 MiB
2026/02/25 16:05:42.238, 3, NVIDIA A10G, 0 %, 0 %, 0 MiB, 23028 MiB
2026/02/25 16:05:43.238, 0, NVIDIA A10G, 0 %, 0 %, 2049 MiB, 23028 MiB
2026/02/25 16:05:43.238, 1, NVIDIA A10G, 0 %, 0 %, 0 MiB, 23028 MiB
2026/02/25 16:05:43.238, 2, NVIDIA A10G, 0 %, 0 %, 0 MiB, 23028 MiB
2026/02/25 16:05:43.238, 3, NVIDIA A10G, 0 %, 0 %, 0 MiB, 23028 MiB
2026/02/25 16:05:44.238, 0, NVIDIA A10G, 0 %, 0 %, 2049 MiB, 23028 MiB
2026/02/25 16:05:44.238, 1, NVIDIA A10G, 0 %, 0 %, 0 MiB, 23028 MiB
2026/02/25 16:05:44.238, 2, NVIDIA A10G, 0 %, 0 %, 0 MiB, 23028 MiB
2026/02/25 16:05:44.238, 3, NVIDIA A10G, 0 %, 0 %, 0 MiB, 23028 MiB
2026/02/25 16:05:45.238, 0, NVIDIA A10G, 73 %, 47 %, 2049 MiB, 23028 MiB
2026/02/25 16:05:45.239, 1, NVIDIA A10G, 0 %, 0 %, 0 MiB, 23028 MiB
2026/02/25 16:05:45.239, 2, NVIDIA A10G, 0 %, 0 %, 0 MiB, 23028 MiB
2026/02/25 16:05:45.239, 3, NVIDIA A10G, 0 %, 0 %, 0 MiB, 23028 MiB
2026/02/25 16:05:46.239, 0, NVIDIA A10G, 21 %, 7 %, 2049 MiB, 23028 MiB
2026/02/25 16:05:46.239, 1, NVIDIA A10G, 0 %, 0 %, 0 MiB, 23028 MiB
2026/02/25 16:05:46.239, 2, NVIDIA A10G, 0 %, 0 %, 0 MiB, 23028 MiB
2026/02/25 16:05:46.239, 3, NVIDIA A10G, 0 %, 0 %, 0 MiB, 23028 MiB
2026/02/25 16:05:47.239, 0, NVIDIA A10G, 21 %, 7 %, 2049 MiB, 23028 MiB
2026/02/25 16:05:47.239, 1, NVIDIA A10G, 0 %, 0 %, 0 MiB, 23028 MiB
2026/02/25 16:05:47.239, 2, NVIDIA A10G, 0 %, 0 %, 0 MiB, 23028 MiB
2026/02/25 16:05:47.239, 3, NVIDIA A10G, 0 %, 0 %, 0 MiB, 23028 MiB
2026/02/25 16:05:48.240, 0, NVIDIA A10G, 24 %, 8 %, 2049 MiB, 23028 MiB
2026/02/25 16:05:48.240, 1, NVIDIA A10G, 0 %, 0 %, 0 MiB, 23028 MiB
2026/02/25 16:05:48.240, 2, NVIDIA A10G, 0 %, 0 %, 0 MiB, 23028 MiB
2026/02/25 16:05:48.240, 3, NVIDIA A10G, 0 %, 0 %, 0 MiB, 23028 MiB
2026/02/25 16:05:49.240, 0, NVIDIA A10G, 19 %, 6 %, 2049 MiB, 23028 MiB
2026/02/25 16:05:49.240, 1, NVIDIA A10G, 0 %, 0 %, 0 MiB, 23028 MiB
2026/02/25 16:05:49.240, 2, NVIDIA A10G, 0 %, 0 %, 0 MiB, 23028 MiB
2026/02/25 16:05:49.240, 3, NVIDIA A10G, 0 %, 0 %, 0 MiB, 23028 MiB
2026/02/25 16:05:50.240, 0, NVIDIA A10G, 19 %, 6 %, 2049 MiB, 23028 MiB
2026/02/25 16:05:50.240, 1, NVIDIA A10G, 0 %, 0 %, 0 MiB, 23028 MiB
2026/02/25 16:05:50.240, 2, NVIDIA A10G, 0 %, 0 %, 0 MiB, 23028 MiB
2026/02/25 16:05:50.240, 3, NVIDIA A10G, 0 %, 0 %, 0 MiB, 23028 MiB
2026/02/25 16:05:51.241, 0, NVIDIA A10G, 21 %, 7 %, 2049 MiB, 23028 MiB
2026/02/25 16:05:51.241, 1, NVIDIA A10G, 0 %, 0 %, 0 MiB, 23028 MiB
2026/02/25 16:05:51.241, 2, NVIDIA A10G, 0 %, 0 %, 0 MiB, 23028 MiB
2026/02/25 16:05:51.241, 3, NVIDIA A10G, 0 %, 0 %, 0 MiB, 23028 MiB
2026/02/25 16:05:52.241, 0, NVIDIA A10G, 21 %, 7 %, 2049 MiB, 23028 MiB
2026/02/25 16:05:52.241, 1, NVIDIA A10G, 0 %, 0 %, 0 MiB, 23028 MiB
2026/02/25 16:05:52.241, 2, NVIDIA A10G, 0 %, 0 %, 0 MiB, 23028 MiB
2026/02/25 16:05:52.241, 3, NVIDIA A10G, 0 %, 0 %, 0 MiB, 23028 MiB
2026/02/25 16:05:53.241, 0, NVIDIA A10G, 23 %, 7 %, 2049 MiB, 23028 MiB
2026/02/25 16:05:53.241, 1, NVIDIA A10G, 0 %, 0 %, 0 MiB, 23028 MiB
2026/02/25 16:05:53.241, 2, NVIDIA A10G, 0 %, 0 %, 0 MiB, 23028 MiB
2026/02/25 16:05:53.241, 3, NVIDIA A10G, 0 %, 0 %, 0 MiB, 23028 MiB
2026/02/25 16:05:54.241, 0, NVIDIA A10G, 20 %, 6 %, 2049 MiB, 23028 MiB
2026/02/25 16:05:54.241, 1, NVIDIA A10G, 0 %, 0 %, 0 MiB, 23028 MiB
2026/02/25 16:05:54.242, 2, NVIDIA A10G, 0 %, 0 %, 0 MiB, 23028 MiB
2026/02/25 16:05:54.242, 3, NVIDIA A10G, 0 %, 0 %, 0 MiB, 23028 MiB
2026/02/25 16:05:55.242, 0, NVIDIA A10G, 21 %, 7 %, 2049 MiB, 23028 MiB
2026/02/25 16:05:55.242, 1, NVIDIA A10G, 0 %, 0 %, 0 MiB, 23028 MiB
2026/02/25 16:05:55.242, 2, NVIDIA A10G, 0 %, 0 %, 0 MiB, 23028 MiB
2026/02/25 16:05:55.242, 3, NVIDIA A10G, 0 %, 0 %, 0 MiB, 23028 MiB
2026/02/25 16:05:56.242, 0, NVIDIA A10G, 19 %, 6 %, 2049 MiB, 23028 MiB
2026/02/25 16:05:56.242, 1, NVIDIA A10G, 0 %, 0 %, 0 MiB, 23028 MiB
2026/02/25 16:05:56.242, 2, NVIDIA A10G, 0 %, 0 %, 0 MiB, 23028 MiB
2026/02/25 16:05:56.242, 3, NVIDIA A10G, 0 %, 0 %, 0 MiB, 23028 MiB
2026/02/25 16:05:57.242, 0, NVIDIA A10G, 22 %, 7 %, 2049 MiB, 23028 MiB
2026/02/25 16:05:57.242, 1, NVIDIA A10G, 0 %, 0 %, 0 MiB, 23028 MiB
2026/02/25 16:05:57.242, 2, NVIDIA A10G, 0 %, 0 %, 0 MiB, 23028 MiB
2026/02/25 16:05:57.242, 3, NVIDIA A10G, 0 %, 0 %, 0 MiB, 23028 MiB
2026/02/25 16:05:58.243, 0, NVIDIA A10G, 14 %, 5 %, 2049 MiB, 23028 MiB
2026/02/25 16:05:58.243, 1, NVIDIA A10G, 0 %, 0 %, 0 MiB, 23028 MiB
2026/02/25 16:05:58.243, 2, NVIDIA A10G, 0 %, 0 %, 0 MiB, 23028 MiB
2026/02/25 16:05:58.243, 3, NVIDIA A10G, 0 %, 0 %, 0 MiB, 23028 MiB
2026/02/25 16:05:59.243, 0, NVIDIA A10G, 0 %, 0 %, 2049 MiB, 23028 MiB
2026/02/25 16:05:59.243, 1, NVIDIA A10G, 0 %, 0 %, 0 MiB, 23028 MiB
2026/02/25 16:05:59.243, 2, NVIDIA A10G, 0 %, 0 %, 0 MiB, 23028 MiB
2026/02/25 16:05:59.243, 3, NVIDIA A10G, 0 %, 0 %, 0 MiB, 23028 MiB
2026/02/25 16:06:00.243, 0, NVIDIA A10G, 0 %, 0 %, 2049 MiB, 23028 MiB
2026/02/25 16:06:00.243, 1, NVIDIA A10G, 0 %, 0 %, 0 MiB, 23028 MiB
2026/02/25 16:06:00.243, 2, NVIDIA A10G, 0 %, 0 %, 0 MiB, 23028 MiB
2026/02/25 16:06:00.243, 3, NVIDIA A10G, 0 %, 0 %, 0 MiB, 23028 MiB
2026/02/25 16:06:01.243, 0, NVIDIA A10G, 0 %, 0 %, 2049 MiB, 23028 MiB
2026/02/25 16:06:01.243, 1, NVIDIA A10G, 0 %, 0 %, 0 MiB, 23028 MiB
2026/02/25 16:06:01.244, 2, NVIDIA A10G, 0 %, 0 %, 0 MiB, 23028 MiB
2026/02/25 16:06:01.244, 3, NVIDIA A10G, 0 %, 0 %, 0 MiB, 23028 MiB
2026/02/25 16:06:02.244, 0, NVIDIA A10G, 0 %, 0 %, 2049 MiB, 23028 MiB
2026/02/25 16:06:02.244, 1, NVIDIA A10G, 0 %, 0 %, 0 MiB, 23028 MiB
2026/02/25 16:06:02.244, 2, NVIDIA A10G, 0 %, 0 %, 0 MiB, 23028 MiB
2026/02/25 16:06:02.244, 3, NVIDIA A10G, 0 %, 0 %, 0 MiB, 23028 MiB
2026/02/25 16:06:03.244, 0, NVIDIA A10G, 0 %, 0 %, 2049 MiB, 23028 MiB
2026/02/25 16:06:03.244, 1, NVIDIA A10G, 0 %, 0 %, 0 MiB, 23028 MiB
2026/02/25 16:06:03.244, 2, NVIDIA A10G, 0 %, 0 %, 0 MiB, 23028 MiB
2026/02/25 16:06:03.244, 3, NVIDIA A10G, 0 %, 0 %, 0 MiB, 23028 MiB
2026/02/25 16:06:04.244, 0, NVIDIA A10G, 0 %, 0 %, 2049 MiB, 23028 MiB
2026/02/25 16:06:04.245, 1, NVIDIA A10G, 0 %, 0 %, 0 MiB, 23028 MiB
2026/02/25 16:06:04.245, 2, NVIDIA A10G, 0 %, 0 %, 0 MiB, 23028 MiB
2026/02/25 16:06:04.245, 3, NVIDIA A10G, 0 %, 0 %, 0 MiB, 23028 MiB
2026/02/25 16:06:05.245, 0, NVIDIA A10G, 0 %, 0 %, 2049 MiB, 23028 MiB
2026/02/25 16:06:05.245, 1, NVIDIA A10G, 0 %, 0 %, 0 MiB, 23028 MiB
2026/02/25 16:06:05.245, 2, NVIDIA A10G, 0 %, 0 %, 0 MiB, 23028 MiB
2026/02/25 16:06:05.245, 3, NVIDIA A10G, 0 %, 0 %, 0 MiB, 23028 MiB
2026/02/25 16:06:06.245, 0, NVIDIA A10G, 24 %, 9 %, 2049 MiB, 23028 MiB
2026/02/25 16:06:06.245, 1, NVIDIA A10G, 0 %, 0 %, 0 MiB, 23028 MiB
2026/02/25 16:06:06.245, 2, NVIDIA A10G, 0 %, 0 %, 0 MiB, 23028 MiB
2026/02/25 16:06:06.245, 3, NVIDIA A10G, 0 %, 0 %, 0 MiB, 23028 MiB
2026/02/25 16:06:07.246, 0, NVIDIA A10G, 22 %, 7 %, 2049 MiB, 23028 MiB
2026/02/25 16:06:07.246, 1, NVIDIA A10G, 0 %, 0 %, 0 MiB, 23028 MiB
2026/02/25 16:06:07.246, 2, NVIDIA A10G, 0 %, 0 %, 0 MiB, 23028 MiB
2026/02/25 16:06:07.246, 3, NVIDIA A10G, 0 %, 0 %, 0 MiB, 23028 MiB
2026/02/25 16:06:08.246, 0, NVIDIA A10G, 21 %, 6 %, 2049 MiB, 23028 MiB
2026/02/25 16:06:08.246, 1, NVIDIA A10G, 0 %, 0 %, 0 MiB, 23028 MiB
2026/02/25 16:06:08.246, 2, NVIDIA A10G, 0 %, 0 %, 0 MiB, 23028 MiB
2026/02/25 16:06:08.246, 3, NVIDIA A10G, 0 %, 0 %, 0 MiB, 23028 MiB
2026/02/25 16:06:09.246, 0, NVIDIA A10G, 24 %, 8 %, 2049 MiB, 23028 MiB
2026/02/25 16:06:09.246, 1, NVIDIA A10G, 0 %, 0 %, 0 MiB, 23028 MiB
2026/02/25 16:06:09.246, 2, NVIDIA A10G, 0 %, 0 %, 0 MiB, 23028 MiB
2026/02/25 16:06:09.247, 3, NVIDIA A10G, 0 %, 0 %, 0 MiB, 23028 MiB
2026/02/25 16:06:10.247, 0, NVIDIA A10G, 23 %, 8 %, 2049 MiB, 23028 MiB
2026/02/25 16:06:10.247, 1, NVIDIA A10G, 0 %, 0 %, 0 MiB, 23028 MiB
2026/02/25 16:06:10.247, 2, NVIDIA A10G, 0 %, 0 %, 0 MiB, 23028 MiB
2026/02/25 16:06:10.247, 3, NVIDIA A10G, 0 %, 0 %, 0 MiB, 23028 MiB
2026/02/25 16:06:11.247, 0, NVIDIA A10G, 24 %, 8 %, 2049 MiB, 23028 MiB
2026/02/25 16:06:11.247, 1, NVIDIA A10G, 0 %, 0 %, 0 MiB, 23028 MiB
2026/02/25 16:06:11.247, 2, NVIDIA A10G, 0 %, 0 %, 0 MiB, 23028 MiB
2026/02/25 16:06:11.247, 3, NVIDIA A10G, 0 %, 0 %, 0 MiB, 23028 MiB
2026/02/25 16:06:12.247, 0, NVIDIA A10G, 22 %, 8 %, 2049 MiB, 23028 MiB
2026/02/25 16:06:12.247, 1, NVIDIA A10G, 0 %, 0 %, 0 MiB, 23028 MiB
2026/02/25 16:06:12.247, 2, NVIDIA A10G, 0 %, 0 %, 0 MiB, 23028 MiB
2026/02/25 16:06:12.248, 3, NVIDIA A10G, 0 %, 0 %, 0 MiB, 23028 MiB
2026/02/25 16:06:13.248, 0, NVIDIA A10G, 23 %, 8 %, 2049 MiB, 23028 MiB
2026/02/25 16:06:13.248, 1, NVIDIA A10G, 0 %, 0 %, 0 MiB, 23028 MiB
2026/02/25 16:06:13.248, 2, NVIDIA A10G, 0 %, 0 %, 0 MiB, 23028 MiB
2026/02/25 16:06:13.248, 3, NVIDIA A10G, 0 %, 0 %, 0 MiB, 23028 MiB
2026/02/25 16:06:14.248, 0, NVIDIA A10G, 14 %, 4 %, 2049 MiB, 23028 MiB
2026/02/25 16:06:14.248, 1, NVIDIA A10G, 0 %, 0 %, 0 MiB, 23028 MiB
2026/02/25 16:06:14.248, 2, NVIDIA A10G, 0 %, 0 %, 0 MiB, 23028 MiB
2026/02/25 16:06:14.248, 3, NVIDIA A10G, 0 %, 0 %, 0 MiB, 23028 MiB
2026/02/25 16:06:15.248, 0, NVIDIA A10G, 0 %, 0 %, 2049 MiB, 23028 MiB
2026/02/25 16:06:15.249, 1, NVIDIA A10G, 0 %, 0 %, 0 MiB, 23028 MiB
2026/02/25 16:06:15.249, 2, NVIDIA A10G, 0 %, 0 %, 0 MiB, 23028 MiB
2026/02/25 16:06:15.249, 3, NVIDIA A10G, 0 %, 0 %, 0 MiB, 23028 MiB
2026/02/25 16:06:16.249, 0, NVIDIA A10G, 0 %, 0 %, 2049 MiB, 23028 MiB
2026/02/25 16:06:16.249, 1, NVIDIA A10G, 0 %, 0 %, 0 MiB, 23028 MiB
2026/02/25 16:06:16.249, 2, NVIDIA A10G, 0 %, 0 %, 0 MiB, 23028 MiB
2026/02/25 16:06:16.249, 3, NVIDIA A10G, 0 %, 0 %, 0 MiB, 23028 MiB
2026/02/25 16:06:17.249, 0, NVIDIA A10G, 0 %, 0 %, 2049 MiB, 23028 MiB
2026/02/25 16:06:17.249, 1, NVIDIA A10G, 0 %, 0 %, 0 MiB, 23028 MiB
2026/02/25 16:06:17.249, 2, NVIDIA A10G, 0 %, 0 %, 0 MiB, 23028 MiB
2026/02/25 16:06:17.249, 3, NVIDIA A10G, 0 %, 0 %, 0 MiB, 23028 MiB
2026/02/25 16:06:18.249, 0, NVIDIA A10G, 0 %, 0 %, 2049 MiB, 23028 MiB
2026/02/25 16:06:18.250, 1, NVIDIA A10G, 0 %, 0 %, 0 MiB, 23028 MiB
2026/02/25 16:06:18.250, 2, NVIDIA A10G, 0 %, 0 %, 0 MiB, 23028 MiB
2026/02/25 16:06:18.250, 3, NVIDIA A10G, 0 %, 0 %, 0 MiB, 23028 MiB
2026/02/25 16:06:19.250, 0, NVIDIA A10G, 93 %, 61 %, 2049 MiB, 23028 MiB
2026/02/25 16:06:19.250, 1, NVIDIA A10G, 0 %, 0 %, 0 MiB, 23028 MiB
2026/02/25 16:06:19.250, 2, NVIDIA A10G, 0 %, 0 %, 0 MiB, 23028 MiB
2026/02/25 16:06:19.250, 3, NVIDIA A10G, 0 %, 0 %, 0 MiB, 23028 MiB
2026/02/25 16:06:20.250, 0, NVIDIA A10G, 22 %, 8 %, 2049 MiB, 23028 MiB
2026/02/25 16:06:20.250, 1, NVIDIA A10G, 0 %, 0 %, 0 MiB, 23028 MiB
2026/02/25 16:06:20.250, 2, NVIDIA A10G, 0 %, 0 %, 0 MiB, 23028 MiB
2026/02/25 16:06:20.250, 3, NVIDIA A10G, 0 %, 0 %, 0 MiB, 23028 MiB
2026/02/25 16:06:21.250, 0, NVIDIA A10G, 22 %, 7 %, 2049 MiB, 23028 MiB
2026/02/25 16:06:21.251, 1, NVIDIA A10G, 0 %, 0 %, 0 MiB, 23028 MiB
2026/02/25 16:06:21.251, 2, NVIDIA A10G, 0 %, 0 %, 0 MiB, 23028 MiB
2026/02/25 16:06:21.251, 3, NVIDIA A10G, 0 %, 0 %, 0 MiB, 23028 MiB
2026/02/25 16:06:22.251, 0, NVIDIA A10G, 21 %, 7 %, 2049 MiB, 23028 MiB
2026/02/25 16:06:22.251, 1, NVIDIA A10G, 0 %, 0 %, 0 MiB, 23028 MiB
2026/02/25 16:06:22.251, 2, NVIDIA A10G, 0 %, 0 %, 0 MiB, 23028 MiB
2026/02/25 16:06:22.251, 3, NVIDIA A10G, 0 %, 0 %, 0 MiB, 23028 MiB
2026/02/25 16:06:23.251, 0, NVIDIA A10G, 21 %, 7 %, 2049 MiB, 23028 MiB
2026/02/25 16:06:23.251, 1, NVIDIA A10G, 0 %, 0 %, 0 MiB, 23028 MiB
2026/02/25 16:06:23.251, 2, NVIDIA A10G, 0 %, 0 %, 0 MiB, 23028 MiB
2026/02/25 16:06:23.251, 3, NVIDIA A10G, 0 %, 0 %, 0 MiB, 23028 MiB
2026/02/25 16:06:24.251, 0, NVIDIA A10G, 20 %, 7 %, 2049 MiB, 23028 MiB
2026/02/25 16:06:24.251, 1, NVIDIA A10G, 0 %, 0 %, 0 MiB, 23028 MiB
2026/02/25 16:06:24.251, 2, NVIDIA A10G, 0 %, 0 %, 0 MiB, 23028 MiB
2026/02/25 16:06:24.251, 3, NVIDIA A10G, 0 %, 0 %, 0 MiB, 23028 MiB
2026/02/25 16:06:25.252, 0, NVIDIA A10G, 21 %, 7 %, 2049 MiB, 23028 MiB
2026/02/25 16:06:25.252, 1, NVIDIA A10G, 0 %, 0 %, 0 MiB, 23028 MiB
2026/02/25 16:06:25.252, 2, NVIDIA A10G, 0 %, 0 %, 0 MiB, 23028 MiB
2026/02/25 16:06:25.252, 3, NVIDIA A10G, 0 %, 0 %, 0 MiB, 23028 MiB
2026/02/25 16:06:26.252, 0, NVIDIA A10G, 0 %, 0 %, 2049 MiB, 23028 MiB
2026/02/25 16:06:26.252, 1, NVIDIA A10G, 0 %, 0 %, 0 MiB, 23028 MiB
2026/02/25 16:06:26.252, 2, NVIDIA A10G, 0 %, 0 %, 0 MiB, 23028 MiB
2026/02/25 16:06:26.252, 3, NVIDIA A10G, 0 %, 0 %, 0 MiB, 23028 MiB
2026/02/25 16:06:27.252, 0, NVIDIA A10G, 0 %, 0 %, 2049 MiB, 23028 MiB
2026/02/25 16:06:27.252, 1, NVIDIA A10G, 0 %, 0 %, 0 MiB, 23028 MiB
2026/02/25 16:06:27.252, 2, NVIDIA A10G, 0 %, 0 %, 0 MiB, 23028 MiB
2026/02/25 16:06:27.252, 3, NVIDIA A10G, 0 %, 0 %, 0 MiB, 23028 MiB
2026/02/25 16:06:28.253, 0, NVIDIA A10G, 0 %, 0 %, 2049 MiB, 23028 MiB
2026/02/25 16:06:28.253, 1, NVIDIA A10G, 0 %, 0 %, 0 MiB, 23028 MiB
2026/02/25 16:06:28.253, 2, NVIDIA A10G, 0 %, 0 %, 0 MiB, 23028 MiB
2026/02/25 16:06:28.253, 3, NVIDIA A10G, 0 %, 0 %, 0 MiB, 23028 MiB
2026/02/25 16:06:29.253, 0, NVIDIA A10G, 0 %, 0 %, 2049 MiB, 23028 MiB
2026/02/25 16:06:29.253, 1, NVIDIA A10G, 0 %, 0 %, 0 MiB, 23028 MiB
2026/02/25 16:06:29.253, 2, NVIDIA A10G, 0 %, 0 %, 0 MiB, 23028 MiB
2026/02/25 16:06:29.253, 3, NVIDIA A10G, 0 %, 0 %, 0 MiB, 23028 MiB
2026/02/25 16:06:30.253, 0, NVIDIA A10G, 0 %, 0 %, 2049 MiB, 23028 MiB
2026/02/25 16:06:30.253, 1, NVIDIA A10G, 0 %, 0 %, 0 MiB, 23028 MiB
2026/02/25 16:06:30.253, 2, NVIDIA A10G, 0 %, 0 %, 0 MiB, 23028 MiB
2026/02/25 16:06:30.253, 3, NVIDIA A10G, 0 %, 0 %, 0 MiB, 23028 MiB
2026/02/25 16:06:31.254, 0, NVIDIA A10G, 0 %, 0 %, 2049 MiB, 23028 MiB
2026/02/25 16:06:31.254, 1, NVIDIA A10G, 0 %, 0 %, 0 MiB, 23028 MiB
2026/02/25 16:06:31.254, 2, NVIDIA A10G, 0 %, 0 %, 0 MiB, 23028 MiB
2026/02/25 16:06:31.254, 3, NVIDIA A10G, 0 %, 0 %, 0 MiB, 23028 MiB
2026/02/25 16:06:32.254, 0, NVIDIA A10G, 0 %, 0 %, 2049 MiB, 23028 MiB
2026/02/25 16:06:32.254, 1, NVIDIA A10G, 0 %, 0 %, 0 MiB, 23028 MiB
2026/02/25 16:06:32.254, 2, NVIDIA A10G, 0 %, 0 %, 0 MiB, 23028 MiB
2026/02/25 16:06:32.254, 3, NVIDIA A10G, 0 %, 0 %, 0 MiB, 23028 MiB
2026/02/25 16:06:33.254, 0, NVIDIA A10G, 0 %, 0 %, 2049 MiB, 23028 MiB
2026/02/25 16:06:33.254, 1, NVIDIA A10G, 0 %, 0 %, 0 MiB, 23028 MiB
2026/02/25 16:06:33.254, 2, NVIDIA A10G, 0 %, 0 %, 0 MiB, 23028 MiB
2026/02/25 16:06:33.254, 3, NVIDIA A10G, 0 %, 0 %, 0 MiB, 23028 MiB
2026/02/25 16:06:34.255, 0, NVIDIA A10G, 0 %, 0 %, 2049 MiB, 23028 MiB
2026/02/25 16:06:34.255, 1, NVIDIA A10G, 0 %, 0 %, 0 MiB, 23028 MiB
2026/02/25 16:06:34.255, 2, NVIDIA A10G, 0 %, 0 %, 0 MiB, 23028 MiB
2026/02/25 16:06:34.255, 3, NVIDIA A10G, 0 %, 0 %, 0 MiB, 23028 MiB
2026/02/25 16:06:35.255, 0, NVIDIA A10G, 0 %, 0 %, 2049 MiB, 23028 MiB
2026/02/25 16:06:35.255, 1, NVIDIA A10G, 0 %, 0 %, 0 MiB, 23028 MiB
2026/02/25 16:06:35.255, 2, NVIDIA A10G, 0 %, 0 %, 0 MiB, 23028 MiB
2026/02/25 16:06:35.255, 3, NVIDIA A10G, 0 %, 0 %, 0 MiB, 23028 MiB
2026/02/25 16:06:36.255, 0, NVIDIA A10G, 0 %, 0 %, 2049 MiB, 23028 MiB
2026/02/25 16:06:36.255, 1, NVIDIA A10G, 0 %, 0 %, 0 MiB, 23028 MiB
2026/02/25 16:06:36.255, 2, NVIDIA A10G, 0 %, 0 %, 0 MiB, 23028 MiB
2026/02/25 16:06:36.255, 3, NVIDIA A10G, 0 %, 0 %, 0 MiB, 23028 MiB
2026/02/25 16:06:37.255, 0, NVIDIA A10G, 52 %, 30 %, 2049 MiB, 23028 MiB
2026/02/25 16:06:37.255, 1, NVIDIA A10G, 0 %, 0 %, 0 MiB, 23028 MiB
2026/02/25 16:06:37.256, 2, NVIDIA A10G, 0 %, 0 %, 0 MiB, 23028 MiB
2026/02/25 16:06:37.256, 3, NVIDIA A10G, 0 %, 0 %, 0 MiB, 23028 MiB
2026/02/25 16:06:38.256, 0, NVIDIA A10G, 23 %, 8 %, 2049 MiB, 23028 MiB
2026/02/25 16:06:38.256, 1, NVIDIA A10G, 0 %, 0 %, 0 MiB, 23028 MiB
2026/02/25 16:06:38.256, 2, NVIDIA A10G, 0 %, 0 %, 0 MiB, 23028 MiB
2026/02/25 16:06:38.256, 3, NVIDIA A10G, 0 %, 0 %, 0 MiB, 23028 MiB
2026/02/25 16:06:39.256, 0, NVIDIA A10G, 23 %, 8 %, 2049 MiB, 23028 MiB
2026/02/25 16:06:39.256, 1, NVIDIA A10G, 0 %, 0 %, 0 MiB, 23028 MiB
2026/02/25 16:06:39.256, 2, NVIDIA A10G, 0 %, 0 %, 0 MiB, 23028 MiB
2026/02/25 16:06:39.256, 3, NVIDIA A10G, 0 %, 0 %, 0 MiB, 23028 MiB
2026/02/25 16:06:40.256, 0, NVIDIA A10G, 23 %, 8 %, 2049 MiB, 23028 MiB
2026/02/25 16:06:40.257, 1, NVIDIA A10G, 0 %, 0 %, 0 MiB, 23028 MiB
2026/02/25 16:06:40.257, 2, NVIDIA A10G, 0 %, 0 %, 0 MiB, 23028 MiB
2026/02/25 16:06:40.257, 3, NVIDIA A10G, 0 %, 0 %, 0 MiB, 23028 MiB
2026/02/25 16:06:41.257, 0, NVIDIA A10G, 24 %, 9 %, 2049 MiB, 23028 MiB
2026/02/25 16:06:41.257, 1, NVIDIA A10G, 0 %, 0 %, 0 MiB, 23028 MiB
2026/02/25 16:06:41.257, 2, NVIDIA A10G, 0 %, 0 %, 0 MiB, 23028 MiB
2026/02/25 16:06:41.257, 3, NVIDIA A10G, 0 %, 0 %, 0 MiB, 23028 MiB
2026/02/25 16:06:42.257, 0, NVIDIA A10G, 21 %, 7 %, 2049 MiB, 23028 MiB
2026/02/25 16:06:42.257, 1, NVIDIA A10G, 0 %, 0 %, 0 MiB, 23028 MiB
2026/02/25 16:06:42.257, 2, NVIDIA A10G, 0 %, 0 %, 0 MiB, 23028 MiB
2026/02/25 16:06:42.257, 3, NVIDIA A10G, 0 %, 0 %, 0 MiB, 23028 MiB
2026/02/25 16:06:43.258, 0, NVIDIA A10G, 22 %, 8 %, 2049 MiB, 23028 MiB
2026/02/25 16:06:43.258, 1, NVIDIA A10G, 0 %, 0 %, 0 MiB, 23028 MiB
2026/02/25 16:06:43.258, 2, NVIDIA A10G, 0 %, 0 %, 0 MiB, 23028 MiB
2026/02/25 16:06:43.258, 3, NVIDIA A10G, 0 %, 0 %, 0 MiB, 23028 MiB
2026/02/25 16:06:44.258, 0, NVIDIA A10G, 23 %, 8 %, 2049 MiB, 23028 MiB
2026/02/25 16:06:44.258, 1, NVIDIA A10G, 0 %, 0 %, 0 MiB, 23028 MiB
2026/02/25 16:06:44.258, 2, NVIDIA A10G, 0 %, 0 %, 0 MiB, 23028 MiB
2026/02/25 16:06:44.258, 3, NVIDIA A10G, 0 %, 0 %, 0 MiB, 23028 MiB
2026/02/25 16:06:45.258, 0, NVIDIA A10G, 21 %, 7 %, 2049 MiB, 23028 MiB
2026/02/25 16:06:45.258, 1, NVIDIA A10G, 0 %, 0 %, 0 MiB, 23028 MiB
2026/02/25 16:06:45.258, 2, NVIDIA A10G, 0 %, 0 %, 0 MiB, 23028 MiB
2026/02/25 16:06:45.258, 3, NVIDIA A10G, 0 %, 0 %, 0 MiB, 23028 MiB
2026/02/25 16:06:46.258, 0, NVIDIA A10G, 23 %, 9 %, 2049 MiB, 23028 MiB
2026/02/25 16:06:46.258, 1, NVIDIA A10G, 0 %, 0 %, 0 MiB, 23028 MiB
2026/02/25 16:06:46.259, 2, NVIDIA A10G, 0 %, 0 %, 0 MiB, 23028 MiB
2026/02/25 16:06:46.259, 3, NVIDIA A10G, 0 %, 0 %, 0 MiB, 23028 MiB
2026/02/25 16:06:47.259, 0, NVIDIA A10G, 22 %, 8 %, 2049 MiB, 23028 MiB
2026/02/25 16:06:47.259, 1, NVIDIA A10G, 0 %, 0 %, 0 MiB, 23028 MiB
2026/02/25 16:06:47.259, 2, NVIDIA A10G, 0 %, 0 %, 0 MiB, 23028 MiB
2026/02/25 16:06:47.259, 3, NVIDIA A10G, 0 %, 0 %, 0 MiB, 23028 MiB
2026/02/25 16:06:48.259, 0, NVIDIA A10G, 22 %, 8 %, 2049 MiB, 23028 MiB
2026/02/25 16:06:48.259, 1, NVIDIA A10G, 0 %, 0 %, 0 MiB, 23028 MiB
2026/02/25 16:06:48.259, 2, NVIDIA A10G, 0 %, 0 %, 0 MiB, 23028 MiB
2026/02/25 16:06:48.259, 3, NVIDIA A10G, 0 %, 0 %, 0 MiB, 23028 MiB
2026/02/25 16:06:49.259, 0, NVIDIA A10G, 0 %, 0 %, 2049 MiB, 23028 MiB
2026/02/25 16:06:49.259, 1, NVIDIA A10G, 0 %, 0 %, 0 MiB, 23028 MiB
2026/02/25 16:06:49.259, 2, NVIDIA A10G, 0 %, 0 %, 0 MiB, 23028 MiB
2026/02/25 16:06:49.260, 3, NVIDIA A10G, 0 %, 0 %, 0 MiB, 23028 MiB
2026/02/25 16:06:50.260, 0, NVIDIA A10G, 0 %, 0 %, 2049 MiB, 23028 MiB
2026/02/25 16:06:50.260, 1, NVIDIA A10G, 0 %, 0 %, 0 MiB, 23028 MiB
2026/02/25 16:06:50.260, 2, NVIDIA A10G, 0 %, 0 %, 0 MiB, 23028 MiB
2026/02/25 16:06:50.260, 3, NVIDIA A10G, 0 %, 0 %, 0 MiB, 23028 MiB
2026/02/25 16:06:51.260, 0, NVIDIA A10G, 0 %, 0 %, 2049 MiB, 23028 MiB
2026/02/25 16:06:51.260, 1, NVIDIA A10G, 0 %, 0 %, 0 MiB, 23028 MiB
2026/02/25 16:06:51.260, 2, NVIDIA A10G, 0 %, 0 %, 0 MiB, 23028 MiB
2026/02/25 16:06:51.260, 3, NVIDIA A10G, 0 %, 0 %, 0 MiB, 23028 MiB
2026/02/25 16:06:52.260, 0, NVIDIA A10G, 0 %, 0 %, 2049 MiB, 23028 MiB
2026/02/25 16:06:52.261, 1, NVIDIA A10G, 0 %, 0 %, 0 MiB, 23028 MiB
2026/02/25 16:06:52.261, 2, NVIDIA A10G, 0 %, 0 %, 0 MiB, 23028 MiB
2026/02/25 16:06:52.261, 3, NVIDIA A10G, 0 %, 0 %, 0 MiB, 23028 MiB
2026/02/25 16:06:53.261, 0, NVIDIA A10G, 0 %, 0 %, 2049 MiB, 23028 MiB
2026/02/25 16:06:53.261, 1, NVIDIA A10G, 0 %, 0 %, 0 MiB, 23028 MiB
2026/02/25 16:06:53.261, 2, NVIDIA A10G, 0 %, 0 %, 0 MiB, 23028 MiB
2026/02/25 16:06:53.261, 3, NVIDIA A10G, 0 %, 0 %, 0 MiB, 23028 MiB
2026/02/25 16:06:54.261, 0, NVIDIA A10G, 19 %, 11 %, 2049 MiB, 23028 MiB
2026/02/25 16:06:54.261, 1, NVIDIA A10G, 0 %, 0 %, 0 MiB, 23028 MiB
2026/02/25 16:06:54.261, 2, NVIDIA A10G, 0 %, 0 %, 0 MiB, 23028 MiB
2026/02/25 16:06:54.261, 3, NVIDIA A10G, 0 %, 0 %, 0 MiB, 23028 MiB
2026/02/25 16:06:55.262, 0, NVIDIA A10G, 21 %, 7 %, 2049 MiB, 23028 MiB
2026/02/25 16:06:55.262, 1, NVIDIA A10G, 0 %, 0 %, 0 MiB, 23028 MiB
2026/02/25 16:06:55.262, 2, NVIDIA A10G, 0 %, 0 %, 0 MiB, 23028 MiB
2026/02/25 16:06:55.262, 3, NVIDIA A10G, 0 %, 0 %, 0 MiB, 23028 MiB
2026/02/25 16:06:56.262, 0, NVIDIA A10G, 21 %, 7 %, 2049 MiB, 23028 MiB
2026/02/25 16:06:56.262, 1, NVIDIA A10G, 0 %, 0 %, 0 MiB, 23028 MiB
2026/02/25 16:06:56.262, 2, NVIDIA A10G, 0 %, 0 %, 0 MiB, 23028 MiB
2026/02/25 16:06:56.262, 3, NVIDIA A10G, 0 %, 0 %, 0 MiB, 23028 MiB
2026/02/25 16:06:57.262, 0, NVIDIA A10G, 23 %, 8 %, 2049 MiB, 23028 MiB
2026/02/25 16:06:57.263, 1, NVIDIA A10G, 0 %, 0 %, 0 MiB, 23028 MiB
2026/02/25 16:06:57.263, 2, NVIDIA A10G, 0 %, 0 %, 0 MiB, 23028 MiB
2026/02/25 16:06:57.263, 3, NVIDIA A10G, 0 %, 0 %, 0 MiB, 23028 MiB
2026/02/25 16:06:58.263, 0, NVIDIA A10G, 22 %, 7 %, 2049 MiB, 23028 MiB
2026/02/25 16:06:58.263, 1, NVIDIA A10G, 0 %, 0 %, 0 MiB, 23028 MiB
2026/02/25 16:06:58.263, 2, NVIDIA A10G, 0 %, 0 %, 0 MiB, 23028 MiB
2026/02/25 16:06:58.263, 3, NVIDIA A10G, 0 %, 0 %, 0 MiB, 23028 MiB
2026/02/25 16:06:59.263, 0, NVIDIA A10G, 20 %, 7 %, 2049 MiB, 23028 MiB
2026/02/25 16:06:59.263, 1, NVIDIA A10G, 0 %, 0 %, 0 MiB, 23028 MiB
2026/02/25 16:06:59.263, 2, NVIDIA A10G, 0 %, 0 %, 0 MiB, 23028 MiB
2026/02/25 16:06:59.263, 3, NVIDIA A10G, 0 %, 0 %, 0 MiB, 23028 MiB
2026/02/25 16:07:00.264, 0, NVIDIA A10G, 20 %, 6 %, 2049 MiB, 23028 MiB
2026/02/25 16:07:00.264, 1, NVIDIA A10G, 0 %, 0 %, 0 MiB, 23028 MiB
2026/02/25 16:07:00.264, 2, NVIDIA A10G, 0 %, 0 %, 0 MiB, 23028 MiB
2026/02/25 16:07:00.264, 3, NVIDIA A10G, 0 %, 0 %, 0 MiB, 23028 MiB
2026/02/25 16:07:01.264, 0, NVIDIA A10G, 0 %, 0 %, 2049 MiB, 23028 MiB
2026/02/25 16:07:01.264, 1, NVIDIA A10G, 0 %, 0 %, 0 MiB, 23028 MiB
2026/02/25 16:07:01.264, 2, NVIDIA A10G, 0 %, 0 %, 0 MiB, 23028 MiB
2026/02/25 16:07:01.264, 3, NVIDIA A10G, 0 %, 0 %, 0 MiB, 23028 MiB
2026/02/25 16:07:02.264, 0, NVIDIA A10G, 0 %, 0 %, 2049 MiB, 23028 MiB
2026/02/25 16:07:02.264, 1, NVIDIA A10G, 0 %, 0 %, 0 MiB, 23028 MiB
2026/02/25 16:07:02.264, 2, NVIDIA A10G, 0 %, 0 %, 0 MiB, 23028 MiB
2026/02/25 16:07:02.265, 3, NVIDIA A10G, 0 %, 0 %, 0 MiB, 23028 MiB
2026/02/25 16:07:03.265, 0, NVIDIA A10G, 0 %, 0 %, 2049 MiB, 23028 MiB
2026/02/25 16:07:03.265, 1, NVIDIA A10G, 0 %, 0 %, 0 MiB, 23028 MiB
2026/02/25 16:07:03.265, 2, NVIDIA A10G, 0 %, 0 %, 0 MiB, 23028 MiB
2026/02/25 16:07:03.265, 3, NVIDIA A10G, 0 %, 0 %, 0 MiB, 23028 MiB
2026/02/25 16:07:04.265, 0, NVIDIA A10G, 0 %, 0 %, 2049 MiB, 23028 MiB
2026/02/25 16:07:04.265, 1, NVIDIA A10G, 0 %, 0 %, 0 MiB, 23028 MiB
2026/02/25 16:07:04.265, 2, NVIDIA A10G, 0 %, 0 %, 0 MiB, 23028 MiB
2026/02/25 16:07:04.265, 3, NVIDIA A10G, 0 %, 0 %, 0 MiB, 23028 MiB
2026/02/25 16:07:05.265, 0, NVIDIA A10G, 0 %, 0 %, 2049 MiB, 23028 MiB
2026/02/25 16:07:05.265, 1, NVIDIA A10G, 0 %, 0 %, 0 MiB, 23028 MiB
2026/02/25 16:07:05.265, 2, NVIDIA A10G, 0 %, 0 %, 0 MiB, 23028 MiB
2026/02/25 16:07:05.265, 3, NVIDIA A10G, 0 %, 0 %, 0 MiB, 23028 MiB
2026/02/25 16:07:06.266, 0, NVIDIA A10G, 0 %, 0 %, 2049 MiB, 23028 MiB
2026/02/25 16:07:06.266, 1, NVIDIA A10G, 0 %, 0 %, 0 MiB, 23028 MiB
2026/02/25 16:07:06.266, 2, NVIDIA A10G, 0 %, 0 %, 0 MiB, 23028 MiB
2026/02/25 16:07:06.266, 3, NVIDIA A10G, 0 %, 0 %, 0 MiB, 23028 MiB
2026/02/25 16:07:07.266, 0, NVIDIA A10G, 0 %, 0 %, 2049 MiB, 23028 MiB
2026/02/25 16:07:07.266, 1, NVIDIA A10G, 0 %, 0 %, 0 MiB, 23028 MiB
2026/02/25 16:07:07.266, 2, NVIDIA A10G, 0 %, 0 %, 0 MiB, 23028 MiB
2026/02/25 16:07:07.266, 3, NVIDIA A10G, 0 %, 0 %, 0 MiB, 23028 MiB
2026/02/25 16:07:08.266, 0, NVIDIA A10G, 0 %, 0 %, 2049 MiB, 23028 MiB
2026/02/25 16:07:08.266, 1, NVIDIA A10G, 0 %, 0 %, 0 MiB, 23028 MiB
2026/02/25 16:07:08.266, 2, NVIDIA A10G, 0 %, 0 %, 0 MiB, 23028 MiB
2026/02/25 16:07:08.266, 3, NVIDIA A10G, 0 %, 0 %, 0 MiB, 23028 MiB
2026/02/25 16:07:09.266, 0, NVIDIA A10G, 65 %, 42 %, 2049 MiB, 23028 MiB
2026/02/25 16:07:09.267, 1, NVIDIA A10G, 0 %, 0 %, 0 MiB, 23028 MiB
2026/02/25 16:07:09.267, 2, NVIDIA A10G, 0 %, 0 %, 0 MiB, 23028 MiB
2026/02/25 16:07:09.267, 3, NVIDIA A10G, 0 %, 0 %, 0 MiB, 23028 MiB
2026/02/25 16:07:10.267, 0, NVIDIA A10G, 23 %, 9 %, 2049 MiB, 23028 MiB
2026/02/25 16:07:10.267, 1, NVIDIA A10G, 0 %, 0 %, 0 MiB, 23028 MiB
2026/02/25 16:07:10.267, 2, NVIDIA A10G, 0 %, 0 %, 0 MiB, 23028 MiB
2026/02/25 16:07:10.267, 3, NVIDIA A10G, 0 %, 0 %, 0 MiB, 23028 MiB
2026/02/25 16:07:11.267, 0, NVIDIA A10G, 23 %, 8 %, 2049 MiB, 23028 MiB
2026/02/25 16:07:11.267, 1, NVIDIA A10G, 0 %, 0 %, 0 MiB, 23028 MiB
2026/02/25 16:07:11.267, 2, NVIDIA A10G, 0 %, 0 %, 0 MiB, 23028 MiB
2026/02/25 16:07:11.267, 3, NVIDIA A10G, 0 %, 0 %, 0 MiB, 23028 MiB
2026/02/25 16:07:12.267, 0, NVIDIA A10G, 24 %, 9 %, 2049 MiB, 23028 MiB
2026/02/25 16:07:12.268, 1, NVIDIA A10G, 0 %, 0 %, 0 MiB, 23028 MiB
2026/02/25 16:07:12.268, 2, NVIDIA A10G, 0 %, 0 %, 0 MiB, 23028 MiB
2026/02/25 16:07:12.268, 3, NVIDIA A10G, 0 %, 0 %, 0 MiB, 23028 MiB
2026/02/25 16:07:13.268, 0, NVIDIA A10G, 22 %, 8 %, 2049 MiB, 23028 MiB
2026/02/25 16:07:13.268, 1, NVIDIA A10G, 0 %, 0 %, 0 MiB, 23028 MiB
2026/02/25 16:07:13.268, 2, NVIDIA A10G, 0 %, 0 %, 0 MiB, 23028 MiB
2026/02/25 16:07:13.268, 3, NVIDIA A10G, 0 %, 0 %, 0 MiB, 23028 MiB
2026/02/25 16:07:14.268, 0, NVIDIA A10G, 22 %, 7 %, 2049 MiB, 23028 MiB
2026/02/25 16:07:14.268, 1, NVIDIA A10G, 0 %, 0 %, 0 MiB, 23028 MiB
2026/02/25 16:07:14.268, 2, NVIDIA A10G, 0 %, 0 %, 0 MiB, 23028 MiB
2026/02/25 16:07:14.268, 3, NVIDIA A10G, 0 %, 0 %, 0 MiB, 23028 MiB
2026/02/25 16:07:15.268, 0, NVIDIA A10G, 22 %, 8 %, 2049 MiB, 23028 MiB
2026/02/25 16:07:15.269, 1, NVIDIA A10G, 0 %, 0 %, 0 MiB, 23028 MiB
2026/02/25 16:07:15.269, 2, NVIDIA A10G, 0 %, 0 %, 0 MiB, 23028 MiB
2026/02/25 16:07:15.269, 3, NVIDIA A10G, 0 %, 0 %, 0 MiB, 23028 MiB
2026/02/25 16:07:16.269, 0, NVIDIA A10G, 24 %, 9 %, 2049 MiB, 23028 MiB
2026/02/25 16:07:16.269, 1, NVIDIA A10G, 0 %, 0 %, 0 MiB, 23028 MiB
2026/02/25 16:07:16.269, 2, NVIDIA A10G, 0 %, 0 %, 0 MiB, 23028 MiB
2026/02/25 16:07:16.269, 3, NVIDIA A10G, 0 %, 0 %, 0 MiB, 23028 MiB
2026/02/25 16:07:17.269, 0, NVIDIA A10G, 23 %, 8 %, 2049 MiB, 23028 MiB
2026/02/25 16:07:17.269, 1, NVIDIA A10G, 0 %, 0 %, 0 MiB, 23028 MiB
2026/02/25 16:07:17.269, 2, NVIDIA A10G, 0 %, 0 %, 0 MiB, 23028 MiB
2026/02/25 16:07:17.269, 3, NVIDIA A10G, 0 %, 0 %, 0 MiB, 23028 MiB
2026/02/25 16:07:18.269, 0, NVIDIA A10G, 0 %, 0 %, 2049 MiB, 23028 MiB
2026/02/25 16:07:18.270, 1, NVIDIA A10G, 0 %, 0 %, 0 MiB, 23028 MiB
2026/02/25 16:07:18.270, 2, NVIDIA A10G, 0 %, 0 %, 0 MiB, 23028 MiB
2026/02/25 16:07:18.270, 3, NVIDIA A10G, 0 %, 0 %, 0 MiB, 23028 MiB
2026/02/25 16:07:19.270, 0, NVIDIA A10G, 0 %, 0 %, 2049 MiB, 23028 MiB
2026/02/25 16:07:19.270, 1, NVIDIA A10G, 0 %, 0 %, 0 MiB, 23028 MiB
2026/02/25 16:07:19.270, 2, NVIDIA A10G, 0 %, 0 %, 0 MiB, 23028 MiB
2026/02/25 16:07:19.270, 3, NVIDIA A10G, 0 %, 0 %, 0 MiB, 23028 MiB
2026/02/25 16:07:20.270, 0, NVIDIA A10G, 0 %, 0 %, 2049 MiB, 23028 MiB
2026/02/25 16:07:20.270, 1, NVIDIA A10G, 0 %, 0 %, 0 MiB, 23028 MiB
2026/02/25 16:07:20.270, 2, NVIDIA A10G, 0 %, 0 %, 0 MiB, 23028 MiB
2026/02/25 16:07:20.270, 3, NVIDIA A10G, 0 %, 0 %, 0 MiB, 23028 MiB
2026/02/25 16:07:21.270, 0, NVIDIA A10G, 0 %, 0 %, 2049 MiB, 23028 MiB
2026/02/25 16:07:21.271, 1, NVIDIA A10G, 0 %, 0 %, 0 MiB, 23028 MiB
2026/02/25 16:07:21.271, 2, NVIDIA A10G, 0 %, 0 %, 0 MiB, 23028 MiB
2026/02/25 16:07:21.271, 3, NVIDIA A10G, 0 %, 0 %, 0 MiB, 23028 MiB
2026/02/25 16:07:22.271, 0, NVIDIA A10G, 0 %, 0 %, 2049 MiB, 23028 MiB
2026/02/25 16:07:22.271, 1, NVIDIA A10G, 0 %, 0 %, 0 MiB, 23028 MiB
2026/02/25 16:07:22.271, 2, NVIDIA A10G, 0 %, 0 %, 0 MiB, 23028 MiB
2026/02/25 16:07:22.271, 3, NVIDIA A10G, 0 %, 0 %, 0 MiB, 23028 MiB
2026/02/25 16:07:23.271, 0, NVIDIA A10G, 0 %, 0 %, 2049 MiB, 23028 MiB
2026/02/25 16:07:23.271, 1, NVIDIA A10G, 0 %, 0 %, 0 MiB, 23028 MiB
2026/02/25 16:07:23.271, 2, NVIDIA A10G, 0 %, 0 %, 0 MiB, 23028 MiB
2026/02/25 16:07:23.271, 3, NVIDIA A10G, 0 %, 0 %, 0 MiB, 23028 MiB
2026/02/25 16:07:24.271, 0, NVIDIA A10G, 0 %, 0 %, 2049 MiB, 23028 MiB
2026/02/25 16:07:24.272, 1, NVIDIA A10G, 0 %, 0 %, 0 MiB, 23028 MiB
2026/02/25 16:07:24.272, 2, NVIDIA A10G, 0 %, 0 %, 0 MiB, 23028 MiB
2026/02/25 16:07:24.272, 3, NVIDIA A10G, 0 %, 0 %, 0 MiB, 23028 MiB
2026/02/25 16:07:25.272, 0, NVIDIA A10G, 0 %, 0 %, 2049 MiB, 23028 MiB
2026/02/25 16:07:25.272, 1, NVIDIA A10G, 0 %, 0 %, 0 MiB, 23028 MiB
2026/02/25 16:07:25.272, 2, NVIDIA A10G, 0 %, 0 %, 0 MiB, 23028 MiB
2026/02/25 16:07:25.272, 3, NVIDIA A10G, 0 %, 0 %, 0 MiB, 23028 MiB
2026/02/25 16:07:26.272, 0, NVIDIA A10G, 8 %, 4 %, 2049 MiB, 23028 MiB
2026/02/25 16:07:26.272, 1, NVIDIA A10G, 0 %, 0 %, 0 MiB, 23028 MiB
2026/02/25 16:07:26.272, 2, NVIDIA A10G, 0 %, 0 %, 0 MiB, 23028 MiB
2026/02/25 16:07:26.272, 3, NVIDIA A10G, 0 %, 0 %, 0 MiB, 23028 MiB
2026/02/25 16:07:27.273, 0, NVIDIA A10G, 19 %, 6 %, 2049 MiB, 23028 MiB
2026/02/25 16:07:27.273, 1, NVIDIA A10G, 0 %, 0 %, 0 MiB, 23028 MiB
2026/02/25 16:07:27.273, 2, NVIDIA A10G, 0 %, 0 %, 0 MiB, 23028 MiB
2026/02/25 16:07:27.273, 3, NVIDIA A10G, 0 %, 0 %, 0 MiB, 23028 MiB
2026/02/25 16:07:28.273, 0, NVIDIA A10G, 21 %, 7 %, 2049 MiB, 23028 MiB
2026/02/25 16:07:28.273, 1, NVIDIA A10G, 0 %, 0 %, 0 MiB, 23028 MiB
2026/02/25 16:07:28.273, 2, NVIDIA A10G, 0 %, 0 %, 0 MiB, 23028 MiB
2026/02/25 16:07:28.273, 3, NVIDIA A10G, 0 %, 0 %, 0 MiB, 23028 MiB
2026/02/25 16:07:29.273, 0, NVIDIA A10G, 23 %, 8 %, 2049 MiB, 23028 MiB
2026/02/25 16:07:29.274, 1, NVIDIA A10G, 0 %, 0 %, 0 MiB, 23028 MiB
2026/02/25 16:07:29.274, 2, NVIDIA A10G, 0 %, 0 %, 0 MiB, 23028 MiB
2026/02/25 16:07:29.274, 3, NVIDIA A10G, 0 %, 0 %, 0 MiB, 23028 MiB
2026/02/25 16:07:30.274, 0, NVIDIA A10G, 23 %, 8 %, 2049 MiB, 23028 MiB
2026/02/25 16:07:30.274, 1, NVIDIA A10G, 0 %, 0 %, 0 MiB, 23028 MiB
2026/02/25 16:07:30.274, 2, NVIDIA A10G, 0 %, 0 %, 0 MiB, 23028 MiB
2026/02/25 16:07:30.274, 3, NVIDIA A10G, 0 %, 0 %, 0 MiB, 23028 MiB
2026/02/25 16:07:31.274, 0, NVIDIA A10G, 23 %, 8 %, 2049 MiB, 23028 MiB
2026/02/25 16:07:31.274, 1, NVIDIA A10G, 0 %, 0 %, 0 MiB, 23028 MiB
2026/02/25 16:07:31.274, 2, NVIDIA A10G, 0 %, 0 %, 0 MiB, 23028 MiB
2026/02/25 16:07:31.274, 3, NVIDIA A10G, 0 %, 0 %, 0 MiB, 23028 MiB
2026/02/25 16:07:32.275, 0, NVIDIA A10G, 23 %, 8 %, 2049 MiB, 23028 MiB
2026/02/25 16:07:32.275, 1, NVIDIA A10G, 0 %, 0 %, 0 MiB, 23028 MiB
2026/02/25 16:07:32.275, 2, NVIDIA A10G, 0 %, 0 %, 0 MiB, 23028 MiB
2026/02/25 16:07:32.275, 3, NVIDIA A10G, 0 %, 0 %, 0 MiB, 23028 MiB
2026/02/25 16:07:33.275, 0, NVIDIA A10G, 21 %, 7 %, 2049 MiB, 23028 MiB
2026/02/25 16:07:33.275, 1, NVIDIA A10G, 0 %, 0 %, 0 MiB, 23028 MiB
2026/02/25 16:07:33.275, 2, NVIDIA A10G, 0 %, 0 %, 0 MiB, 23028 MiB
2026/02/25 16:07:33.275, 3, NVIDIA A10G, 0 %, 0 %, 0 MiB, 23028 MiB
2026/02/25 16:07:34.275, 0, NVIDIA A10G, 21 %, 7 %, 2049 MiB, 23028 MiB
2026/02/25 16:07:34.275, 1, NVIDIA A10G, 0 %, 0 %, 0 MiB, 23028 MiB
2026/02/25 16:07:34.275, 2, NVIDIA A10G, 0 %, 0 %, 0 MiB, 23028 MiB
2026/02/25 16:07:34.276, 3, NVIDIA A10G, 0 %, 0 %, 0 MiB, 23028 MiB
2026/02/25 16:07:35.276, 0, NVIDIA A10G, 23 %, 8 %, 2049 MiB, 23028 MiB
2026/02/25 16:07:35.276, 1, NVIDIA A10G, 0 %, 0 %, 0 MiB, 23028 MiB
2026/02/25 16:07:35.276, 2, NVIDIA A10G, 0 %, 0 %, 0 MiB, 23028 MiB
2026/02/25 16:07:35.276, 3, NVIDIA A10G, 0 %, 0 %, 0 MiB, 23028 MiB
2026/02/25 16:07:36.276, 0, NVIDIA A10G, 0 %, 0 %, 2049 MiB, 23028 MiB
2026/02/25 16:07:36.276, 1, NVIDIA A10G, 0 %, 0 %, 0 MiB, 23028 MiB
2026/02/25 16:07:36.276, 2, NVIDIA A10G, 0 %, 0 %, 0 MiB, 23028 MiB
2026/02/25 16:07:36.276, 3, NVIDIA A10G, 0 %, 0 %, 0 MiB, 23028 MiB
2026/02/25 16:07:37.276, 0, NVIDIA A10G, 0 %, 0 %, 2049 MiB, 23028 MiB
2026/02/25 16:07:37.276, 1, NVIDIA A10G, 0 %, 0 %, 0 MiB, 23028 MiB
2026/02/25 16:07:37.276, 2, NVIDIA A10G, 0 %, 0 %, 0 MiB, 23028 MiB
2026/02/25 16:07:37.277, 3, NVIDIA A10G, 0 %, 0 %, 0 MiB, 23028 MiB
2026/02/25 16:07:38.277, 0, NVIDIA A10G, 0 %, 0 %, 2049 MiB, 23028 MiB
2026/02/25 16:07:38.277, 1, NVIDIA A10G, 0 %, 0 %, 0 MiB, 23028 MiB
2026/02/25 16:07:38.277, 2, NVIDIA A10G, 0 %, 0 %, 0 MiB, 23028 MiB
2026/02/25 16:07:38.277, 3, NVIDIA A10G, 0 %, 0 %, 0 MiB, 23028 MiB
2026/02/25 16:07:39.277, 0, NVIDIA A10G, 0 %, 0 %, 2049 MiB, 23028 MiB
2026/02/25 16:07:39.277, 1, NVIDIA A10G, 0 %, 0 %, 0 MiB, 23028 MiB
2026/02/25 16:07:39.277, 2, NVIDIA A10G, 0 %, 0 %, 0 MiB, 23028 MiB
2026/02/25 16:07:39.277, 3, NVIDIA A10G, 0 %, 0 %, 0 MiB, 23028 MiB
2026/02/25 16:07:40.277, 0, NVIDIA A10G, 0 %, 0 %, 2049 MiB, 23028 MiB
2026/02/25 16:07:40.278, 1, NVIDIA A10G, 0 %, 0 %, 0 MiB, 23028 MiB
2026/02/25 16:07:40.278, 2, NVIDIA A10G, 0 %, 0 %, 0 MiB, 23028 MiB
2026/02/25 16:07:40.278, 3, NVIDIA A10G, 0 %, 0 %, 0 MiB, 23028 MiB
2026/02/25 16:07:41.278, 0, NVIDIA A10G, 0 %, 0 %, 2049 MiB, 23028 MiB
2026/02/25 16:07:41.278, 1, NVIDIA A10G, 0 %, 0 %, 0 MiB, 23028 MiB
2026/02/25 16:07:41.278, 2, NVIDIA A10G, 0 %, 0 %, 0 MiB, 23028 MiB
2026/02/25 16:07:41.278, 3, NVIDIA A10G, 0 %, 0 %, 0 MiB, 23028 MiB
2026/02/25 16:07:42.278, 0, NVIDIA A10G, 0 %, 0 %, 2049 MiB, 23028 MiB
2026/02/25 16:07:42.278, 1, NVIDIA A10G, 0 %, 0 %, 0 MiB, 23028 MiB
2026/02/25 16:07:42.278, 2, NVIDIA A10G, 0 %, 0 %, 0 MiB, 23028 MiB
2026/02/25 16:07:42.278, 3, NVIDIA A10G, 0 %, 0 %, 0 MiB, 23028 MiB
2026/02/25 16:07:43.279, 0, NVIDIA A10G, 0 %, 0 %, 2049 MiB, 23028 MiB
2026/02/25 16:07:43.279, 1, NVIDIA A10G, 0 %, 0 %, 0 MiB, 23028 MiB
2026/02/25 16:07:43.279, 2, NVIDIA A10G, 0 %, 0 %, 0 MiB, 23028 MiB
2026/02/25 16:07:43.279, 3, NVIDIA A10G, 0 %, 0 %, 0 MiB, 23028 MiB
2026/02/25 16:07:44.279, 0, NVIDIA A10G, 0 %, 0 %, 2049 MiB, 23028 MiB
2026/02/25 16:07:44.279, 1, NVIDIA A10G, 0 %, 0 %, 0 MiB, 23028 MiB
2026/02/25 16:07:44.279, 2, NVIDIA A10G, 0 %, 0 %, 0 MiB, 23028 MiB
2026/02/25 16:07:44.279, 3, NVIDIA A10G, 0 %, 0 %, 0 MiB, 23028 MiB
2026/02/25 16:07:45.279, 0, NVIDIA A10G, 0 %, 0 %, 2049 MiB, 23028 MiB
2026/02/25 16:07:45.279, 1, NVIDIA A10G, 0 %, 0 %, 0 MiB, 23028 MiB
2026/02/25 16:07:45.279, 2, NVIDIA A10G, 0 %, 0 %, 0 MiB, 23028 MiB
2026/02/25 16:07:45.280, 3, NVIDIA A10G, 0 %, 0 %, 0 MiB, 23028 MiB
2026/02/25 16:07:46.280, 0, NVIDIA A10G, 0 %, 0 %, 2049 MiB, 23028 MiB
2026/02/25 16:07:46.280, 1, NVIDIA A10G, 0 %, 0 %, 0 MiB, 23028 MiB
2026/02/25 16:07:46.280, 2, NVIDIA A10G, 0 %, 0 %, 0 MiB, 23028 MiB
2026/02/25 16:07:46.280, 3, NVIDIA A10G, 0 %, 0 %, 0 MiB, 23028 MiB
2026/02/25 16:07:47.280, 0, NVIDIA A10G, 0 %, 0 %, 2049 MiB, 23028 MiB
2026/02/25 16:07:47.280, 1, NVIDIA A10G, 0 %, 0 %, 0 MiB, 23028 MiB
2026/02/25 16:07:47.280, 2, NVIDIA A10G, 0 %, 0 %, 0 MiB, 23028 MiB
2026/02/25 16:07:47.280, 3, NVIDIA A10G, 0 %, 0 %, 0 MiB, 23028 MiB
2026/02/25 16:07:48.281, 0, NVIDIA A10G, 0 %, 0 %, 2049 MiB, 23028 MiB
2026/02/25 16:07:48.281, 1, NVIDIA A10G, 0 %, 0 %, 0 MiB, 23028 MiB
2026/02/25 16:07:48.281, 2, NVIDIA A10G, 0 %, 0 %, 0 MiB, 23028 MiB
2026/02/25 16:07:48.281, 3, NVIDIA A10G, 0 %, 0 %, 0 MiB, 23028 MiB
2026/02/25 16:07:49.281, 0, NVIDIA A10G, 24 %, 9 %, 2049 MiB, 23028 MiB
2026/02/25 16:07:49.281, 1, NVIDIA A10G, 0 %, 0 %, 0 MiB, 23028 MiB
2026/02/25 16:07:49.281, 2, NVIDIA A10G, 0 %, 0 %, 0 MiB, 23028 MiB
2026/02/25 16:07:49.281, 3, NVIDIA A10G, 0 %, 0 %, 0 MiB, 23028 MiB
2026/02/25 16:07:50.281, 0, NVIDIA A10G, 24 %, 9 %, 2049 MiB, 23028 MiB
2026/02/25 16:07:50.282, 1, NVIDIA A10G, 0 %, 0 %, 0 MiB, 23028 MiB
2026/02/25 16:07:50.282, 2, NVIDIA A10G, 0 %, 0 %, 0 MiB, 23028 MiB
2026/02/25 16:07:50.282, 3, NVIDIA A10G, 0 %, 0 %, 0 MiB, 23028 MiB
2026/02/25 16:07:51.282, 0, NVIDIA A10G, 25 %, 9 %, 2049 MiB, 23028 MiB
2026/02/25 16:07:51.282, 1, NVIDIA A10G, 0 %, 0 %, 0 MiB, 23028 MiB
2026/02/25 16:07:51.282, 2, NVIDIA A10G, 0 %, 0 %, 0 MiB, 23028 MiB
2026/02/25 16:07:51.282, 3, NVIDIA A10G, 0 %, 0 %, 0 MiB, 23028 MiB
2026/02/25 16:07:52.282, 0, NVIDIA A10G, 23 %, 8 %, 2049 MiB, 23028 MiB
2026/02/25 16:07:52.282, 1, NVIDIA A10G, 0 %, 0 %, 0 MiB, 23028 MiB
2026/02/25 16:07:52.282, 2, NVIDIA A10G, 0 %, 0 %, 0 MiB, 23028 MiB
2026/02/25 16:07:52.282, 3, NVIDIA A10G, 0 %, 0 %, 0 MiB, 23028 MiB
2026/02/25 16:07:53.283, 0, NVIDIA A10G, 22 %, 8 %, 2049 MiB, 23028 MiB
2026/02/25 16:07:53.283, 1, NVIDIA A10G, 0 %, 0 %, 0 MiB, 23028 MiB
2026/02/25 16:07:53.283, 2, NVIDIA A10G, 0 %, 0 %, 0 MiB, 23028 MiB
2026/02/25 16:07:53.283, 3, NVIDIA A10G, 0 %, 0 %, 0 MiB, 23028 MiB
2026/02/25 16:07:54.283, 0, NVIDIA A10G, 22 %, 8 %, 2049 MiB, 23028 MiB
2026/02/25 16:07:54.283, 1, NVIDIA A10G, 0 %, 0 %, 0 MiB, 23028 MiB
2026/02/25 16:07:54.283, 2, NVIDIA A10G, 0 %, 0 %, 0 MiB, 23028 MiB
2026/02/25 16:07:54.283, 3, NVIDIA A10G, 0 %, 0 %, 0 MiB, 23028 MiB
2026/02/25 16:07:55.283, 0, NVIDIA A10G, 18 %, 6 %, 2049 MiB, 23028 MiB
2026/02/25 16:07:55.283, 1, NVIDIA A10G, 0 %, 0 %, 0 MiB, 23028 MiB
2026/02/25 16:07:55.283, 2, NVIDIA A10G, 0 %, 0 %, 0 MiB, 23028 MiB
2026/02/25 16:07:55.283, 3, NVIDIA A10G, 0 %, 0 %, 0 MiB, 23028 MiB
2026/02/25 16:07:56.283, 0, NVIDIA A10G, 23 %, 8 %, 2049 MiB, 23028 MiB
2026/02/25 16:07:56.284, 1, NVIDIA A10G, 0 %, 0 %, 0 MiB, 23028 MiB
2026/02/25 16:07:56.284, 2, NVIDIA A10G, 0 %, 0 %, 0 MiB, 23028 MiB
2026/02/25 16:07:56.284, 3, NVIDIA A10G, 0 %, 0 %, 0 MiB, 23028 MiB
2026/02/25 16:07:57.284, 0, NVIDIA A10G, 21 %, 7 %, 2049 MiB, 23028 MiB
2026/02/25 16:07:57.284, 1, NVIDIA A10G, 0 %, 0 %, 0 MiB, 23028 MiB
2026/02/25 16:07:57.284, 2, NVIDIA A10G, 0 %, 0 %, 0 MiB, 23028 MiB
2026/02/25 16:07:57.284, 3, NVIDIA A10G, 0 %, 0 %, 0 MiB, 23028 MiB
2026/02/25 16:07:58.284, 0, NVIDIA A10G, 19 %, 7 %, 2049 MiB, 23028 MiB
2026/02/25 16:07:58.284, 1, NVIDIA A10G, 0 %, 0 %, 0 MiB, 23028 MiB
2026/02/25 16:07:58.284, 2, NVIDIA A10G, 0 %, 0 %, 0 MiB, 23028 MiB
2026/02/25 16:07:58.284, 3, NVIDIA A10G, 0 %, 0 %, 0 MiB, 23028 MiB
2026/02/25 16:07:59.285, 0, NVIDIA A10G, 13 %, 4 %, 2049 MiB, 23028 MiB
2026/02/25 16:07:59.285, 1, NVIDIA A10G, 0 %, 0 %, 0 MiB, 23028 MiB
2026/02/25 16:07:59.285, 2, NVIDIA A10G, 0 %, 0 %, 0 MiB, 23028 MiB
2026/02/25 16:07:59.285, 3, NVIDIA A10G, 0 %, 0 %, 0 MiB, 23028 MiB
2026/02/25 16:08:00.285, 0, NVIDIA A10G, 0 %, 0 %, 2049 MiB, 23028 MiB
2026/02/25 16:08:00.285, 1, NVIDIA A10G, 0 %, 0 %, 0 MiB, 23028 MiB
2026/02/25 16:08:00.285, 2, NVIDIA A10G, 0 %, 0 %, 0 MiB, 23028 MiB
2026/02/25 16:08:00.285, 3, NVIDIA A10G, 0 %, 0 %, 0 MiB, 23028 MiB
2026/02/25 16:08:01.285, 0, NVIDIA A10G, 0 %, 0 %, 2049 MiB, 23028 MiB
2026/02/25 16:08:01.285, 1, NVIDIA A10G, 0 %, 0 %, 0 MiB, 23028 MiB
2026/02/25 16:08:01.285, 2, NVIDIA A10G, 0 %, 0 %, 0 MiB, 23028 MiB
2026/02/25 16:08:01.285, 3, NVIDIA A10G, 0 %, 0 %, 0 MiB, 23028 MiB
2026/02/25 16:08:02.286, 0, NVIDIA A10G, 0 %, 0 %, 2049 MiB, 23028 MiB
2026/02/25 16:08:02.286, 1, NVIDIA A10G, 0 %, 0 %, 0 MiB, 23028 MiB
2026/02/25 16:08:02.286, 2, NVIDIA A10G, 0 %, 0 %, 0 MiB, 23028 MiB
2026/02/25 16:08:02.286, 3, NVIDIA A10G, 0 %, 0 %, 0 MiB, 23028 MiB
2026/02/25 16:08:03.286, 0, NVIDIA A10G, 0 %, 0 %, 2049 MiB, 23028 MiB
2026/02/25 16:08:03.286, 1, NVIDIA A10G, 0 %, 0 %, 0 MiB, 23028 MiB
2026/02/25 16:08:03.286, 2, NVIDIA A10G, 0 %, 0 %, 0 MiB, 23028 MiB
2026/02/25 16:08:03.286, 3, NVIDIA A10G, 0 %, 0 %, 0 MiB, 23028 MiB
2026/02/25 16:08:04.286, 0, NVIDIA A10G, 0 %, 0 %, 2049 MiB, 23028 MiB
2026/02/25 16:08:04.286, 1, NVIDIA A10G, 0 %, 0 %, 0 MiB, 23028 MiB
2026/02/25 16:08:04.286, 2, NVIDIA A10G, 0 %, 0 %, 0 MiB, 23028 MiB
2026/02/25 16:08:04.287, 3, NVIDIA A10G, 0 %, 0 %, 0 MiB, 23028 MiB
2026/02/25 16:08:05.287, 0, NVIDIA A10G, 0 %, 0 %, 2049 MiB, 23028 MiB
2026/02/25 16:08:05.287, 1, NVIDIA A10G, 0 %, 0 %, 0 MiB, 23028 MiB
2026/02/25 16:08:05.287, 2, NVIDIA A10G, 0 %, 0 %, 0 MiB, 23028 MiB
2026/02/25 16:08:05.287, 3, NVIDIA A10G, 0 %, 0 %, 0 MiB, 23028 MiB
2026/02/25 16:08:06.287, 0, NVIDIA A10G, 0 %, 0 %, 2049 MiB, 23028 MiB
2026/02/25 16:08:06.287, 1, NVIDIA A10G, 0 %, 0 %, 0 MiB, 23028 MiB
2026/02/25 16:08:06.287, 2, NVIDIA A10G, 0 %, 0 %, 0 MiB, 23028 MiB
2026/02/25 16:08:06.287, 3, NVIDIA A10G, 0 %, 0 %, 0 MiB, 23028 MiB
2026/02/25 16:08:07.287, 0, NVIDIA A10G, 0 %, 0 %, 2049 MiB, 23028 MiB
2026/02/25 16:08:07.287, 1, NVIDIA A10G, 0 %, 0 %, 0 MiB, 23028 MiB
2026/02/25 16:08:07.287, 2, NVIDIA A10G, 0 %, 0 %, 0 MiB, 23028 MiB
2026/02/25 16:08:07.287, 3, NVIDIA A10G, 0 %, 0 %, 0 MiB, 23028 MiB
2026/02/25 16:08:08.288, 0, NVIDIA A10G, 0 %, 0 %, 2049 MiB, 23028 MiB
2026/02/25 16:08:08.288, 1, NVIDIA A10G, 0 %, 0 %, 0 MiB, 23028 MiB
2026/02/25 16:08:08.288, 2, NVIDIA A10G, 0 %, 0 %, 0 MiB, 23028 MiB
2026/02/25 16:08:08.288, 3, NVIDIA A10G, 0 %, 0 %, 0 MiB, 23028 MiB
2026/02/25 16:08:09.288, 0, NVIDIA A10G, 0 %, 0 %, 2049 MiB, 23028 MiB
2026/02/25 16:08:09.288, 1, NVIDIA A10G, 0 %, 0 %, 0 MiB, 23028 MiB
2026/02/25 16:08:09.288, 2, NVIDIA A10G, 0 %, 0 %, 0 MiB, 23028 MiB
2026/02/25 16:08:09.288, 3, NVIDIA A10G, 0 %, 0 %, 0 MiB, 23028 MiB
2026/02/25 16:08:10.289, 0, NVIDIA A10G, 23 %, 8 %, 2049 MiB, 23028 MiB
2026/02/25 16:08:10.289, 1, NVIDIA A10G, 0 %, 0 %, 0 MiB, 23028 MiB
2026/02/25 16:08:10.289, 2, NVIDIA A10G, 0 %, 0 %, 0 MiB, 23028 MiB
2026/02/25 16:08:10.289, 3, NVIDIA A10G, 0 %, 0 %, 0 MiB, 23028 MiB
2026/02/25 16:08:11.289, 0, NVIDIA A10G, 22 %, 8 %, 2049 MiB, 23028 MiB
2026/02/25 16:08:11.289, 1, NVIDIA A10G, 0 %, 0 %, 0 MiB, 23028 MiB
2026/02/25 16:08:11.289, 2, NVIDIA A10G, 0 %, 0 %, 0 MiB, 23028 MiB
2026/02/25 16:08:11.289, 3, NVIDIA A10G, 0 %, 0 %, 0 MiB, 23028 MiB
2026/02/25 16:08:12.289, 0, NVIDIA A10G, 22 %, 8 %, 2049 MiB, 23028 MiB
2026/02/25 16:08:12.289, 1, NVIDIA A10G, 0 %, 0 %, 0 MiB, 23028 MiB
2026/02/25 16:08:12.289, 2, NVIDIA A10G, 0 %, 0 %, 0 MiB, 23028 MiB
2026/02/25 16:08:12.290, 3, NVIDIA A10G, 0 %, 0 %, 0 MiB, 23028 MiB
2026/02/25 16:08:13.290, 0, NVIDIA A10G, 22 %, 8 %, 2049 MiB, 23028 MiB
2026/02/25 16:08:13.290, 1, NVIDIA A10G, 0 %, 0 %, 0 MiB, 23028 MiB
2026/02/25 16:08:13.290, 2, NVIDIA A10G, 0 %, 0 %, 0 MiB, 23028 MiB
2026/02/25 16:08:13.290, 3, NVIDIA A10G, 0 %, 0 %, 0 MiB, 23028 MiB
2026/02/25 16:08:14.290, 0, NVIDIA A10G, 22 %, 7 %, 2049 MiB, 23028 MiB
2026/02/25 16:08:14.290, 1, NVIDIA A10G, 0 %, 0 %, 0 MiB, 23028 MiB
2026/02/25 16:08:14.290, 2, NVIDIA A10G, 0 %, 0 %, 0 MiB, 23028 MiB
2026/02/25 16:08:14.290, 3, NVIDIA A10G, 0 %, 0 %, 0 MiB, 23028 MiB
2026/02/25 16:08:15.290, 0, NVIDIA A10G, 20 %, 7 %, 2049 MiB, 23028 MiB
2026/02/25 16:08:15.291, 1, NVIDIA A10G, 0 %, 0 %, 0 MiB, 23028 MiB
2026/02/25 16:08:15.291, 2, NVIDIA A10G, 0 %, 0 %, 0 MiB, 23028 MiB
2026/02/25 16:08:15.291, 3, NVIDIA A10G, 0 %, 0 %, 0 MiB, 23028 MiB
2026/02/25 16:08:16.291, 0, NVIDIA A10G, 24 %, 9 %, 2049 MiB, 23028 MiB
2026/02/25 16:08:16.291, 1, NVIDIA A10G, 0 %, 0 %, 0 MiB, 23028 MiB
2026/02/25 16:08:16.291, 2, NVIDIA A10G, 0 %, 0 %, 0 MiB, 23028 MiB
2026/02/25 16:08:16.291, 3, NVIDIA A10G, 0 %, 0 %, 0 MiB, 23028 MiB
2026/02/25 16:08:17.291, 0, NVIDIA A10G, 21 %, 8 %, 2049 MiB, 23028 MiB
2026/02/25 16:08:17.291, 1, NVIDIA A10G, 0 %, 0 %, 0 MiB, 23028 MiB
2026/02/25 16:08:17.291, 2, NVIDIA A10G, 0 %, 0 %, 0 MiB, 23028 MiB
2026/02/25 16:08:17.291, 3, NVIDIA A10G, 0 %, 0 %, 0 MiB, 23028 MiB
2026/02/25 16:08:18.291, 0, NVIDIA A10G, 21 %, 7 %, 2049 MiB, 23028 MiB
2026/02/25 16:08:18.292, 1, NVIDIA A10G, 0 %, 0 %, 0 MiB, 23028 MiB
2026/02/25 16:08:18.292, 2, NVIDIA A10G, 0 %, 0 %, 0 MiB, 23028 MiB
2026/02/25 16:08:18.292, 3, NVIDIA A10G, 0 %, 0 %, 0 MiB, 23028 MiB
2026/02/25 16:08:19.292, 0, NVIDIA A10G, 0 %, 0 %, 2049 MiB, 23028 MiB
2026/02/25 16:08:19.292, 1, NVIDIA A10G, 0 %, 0 %, 0 MiB, 23028 MiB
2026/02/25 16:08:19.292, 2, NVIDIA A10G, 0 %, 0 %, 0 MiB, 23028 MiB
2026/02/25 16:08:19.292, 3, NVIDIA A10G, 0 %, 0 %, 0 MiB, 23028 MiB
2026/02/25 16:08:20.292, 0, NVIDIA A10G, 0 %, 0 %, 2049 MiB, 23028 MiB
2026/02/25 16:08:20.292, 1, NVIDIA A10G, 0 %, 0 %, 0 MiB, 23028 MiB
2026/02/25 16:08:20.292, 2, NVIDIA A10G, 0 %, 0 %, 0 MiB, 23028 MiB
2026/02/25 16:08:20.293, 3, NVIDIA A10G, 0 %, 0 %, 0 MiB, 23028 MiB
2026/02/25 16:08:21.293, 0, NVIDIA A10G, 0 %, 0 %, 2049 MiB, 23028 MiB
2026/02/25 16:08:21.293, 1, NVIDIA A10G, 0 %, 0 %, 0 MiB, 23028 MiB
2026/02/25 16:08:21.293, 2, NVIDIA A10G, 0 %, 0 %, 0 MiB, 23028 MiB
2026/02/25 16:08:21.293, 3, NVIDIA A10G, 0 %, 0 %, 0 MiB, 23028 MiB
2026/02/25 16:08:22.293, 0, NVIDIA A10G, 0 %, 0 %, 2049 MiB, 23028 MiB
2026/02/25 16:08:22.293, 1, NVIDIA A10G, 0 %, 0 %, 0 MiB, 23028 MiB
2026/02/25 16:08:22.293, 2, NVIDIA A10G, 0 %, 0 %, 0 MiB, 23028 MiB
2026/02/25 16:08:22.293, 3, NVIDIA A10G, 0 %, 0 %, 0 MiB, 23028 MiB
2026/02/25 16:08:23.293, 0, NVIDIA A10G, 0 %, 0 %, 2049 MiB, 23028 MiB
2026/02/25 16:08:23.294, 1, NVIDIA A10G, 0 %, 0 %, 0 MiB, 23028 MiB
2026/02/25 16:08:23.294, 2, NVIDIA A10G, 0 %, 0 %, 0 MiB, 23028 MiB
2026/02/25 16:08:23.294, 3, NVIDIA A10G, 0 %, 0 %, 0 MiB, 23028 MiB
2026/02/25 16:08:24.294, 0, NVIDIA A10G, 0 %, 0 %, 2049 MiB, 23028 MiB
2026/02/25 16:08:24.294, 1, NVIDIA A10G, 0 %, 0 %, 0 MiB, 23028 MiB
2026/02/25 16:08:24.294, 2, NVIDIA A10G, 0 %, 0 %, 0 MiB, 23028 MiB
2026/02/25 16:08:24.295, 3, NVIDIA A10G, 0 %, 0 %, 0 MiB, 23028 MiB
2026/02/25 16:08:25.295, 0, NVIDIA A10G, 0 %, 0 %, 2049 MiB, 23028 MiB
2026/02/25 16:08:25.295, 1, NVIDIA A10G, 0 %, 0 %, 0 MiB, 23028 MiB
2026/02/25 16:08:25.295, 2, NVIDIA A10G, 0 %, 0 %, 0 MiB, 23028 MiB
2026/02/25 16:08:25.295, 3, NVIDIA A10G, 0 %, 0 %, 0 MiB, 23028 MiB
2026/02/25 16:08:26.296, 0, NVIDIA A10G, 0 %, 0 %, 2049 MiB, 23028 MiB
2026/02/25 16:08:26.296, 1, NVIDIA A10G, 0 %, 0 %, 0 MiB, 23028 MiB
2026/02/25 16:08:26.296, 2, NVIDIA A10G, 0 %, 0 %, 0 MiB, 23028 MiB
2026/02/25 16:08:26.296, 3, NVIDIA A10G, 0 %, 0 %, 0 MiB, 23028 MiB
2026/02/25 16:08:27.296, 0, NVIDIA A10G, 0 %, 0 %, 2049 MiB, 23028 MiB
2026/02/25 16:08:27.296, 1, NVIDIA A10G, 0 %, 0 %, 0 MiB, 23028 MiB
2026/02/25 16:08:27.296, 2, NVIDIA A10G, 0 %, 0 %, 0 MiB, 23028 MiB
2026/02/25 16:08:27.296, 3, NVIDIA A10G, 0 %, 0 %, 0 MiB, 23028 MiB
2026/02/25 16:08:28.296, 0, NVIDIA A10G, 0 %, 0 %, 2049 MiB, 23028 MiB
2026/02/25 16:08:28.296, 1, NVIDIA A10G, 0 %, 0 %, 0 MiB, 23028 MiB
2026/02/25 16:08:28.296, 2, NVIDIA A10G, 0 %, 0 %, 0 MiB, 23028 MiB
2026/02/25 16:08:28.296, 3, NVIDIA A10G, 0 %, 0 %, 0 MiB, 23028 MiB
2026/02/25 16:08:29.296, 0, NVIDIA A10G, 0 %, 0 %, 2049 MiB, 23028 MiB
2026/02/25 16:08:29.297, 1, NVIDIA A10G, 0 %, 0 %, 0 MiB, 23028 MiB
2026/02/25 16:08:29.297, 2, NVIDIA A10G, 0 %, 0 %, 0 MiB, 23028 MiB
2026/02/25 16:08:29.297, 3, NVIDIA A10G, 0 %, 0 %, 0 MiB, 23028 MiB
2026/02/25 16:08:30.297, 0, NVIDIA A10G, 20 %, 7 %, 2049 MiB, 23028 MiB
2026/02/25 16:08:30.297, 1, NVIDIA A10G, 0 %, 0 %, 0 MiB, 23028 MiB
2026/02/25 16:08:30.297, 2, NVIDIA A10G, 0 %, 0 %, 0 MiB, 23028 MiB
2026/02/25 16:08:30.297, 3, NVIDIA A10G, 0 %, 0 %, 0 MiB, 23028 MiB
2026/02/25 16:08:31.297, 0, NVIDIA A10G, 22 %, 7 %, 2049 MiB, 23028 MiB
2026/02/25 16:08:31.297, 1, NVIDIA A10G, 0 %, 0 %, 0 MiB, 23028 MiB
2026/02/25 16:08:31.297, 2, NVIDIA A10G, 0 %, 0 %, 0 MiB, 23028 MiB
2026/02/25 16:08:31.297, 3, NVIDIA A10G, 0 %, 0 %, 0 MiB, 23028 MiB
2026/02/25 16:08:32.298, 0, NVIDIA A10G, 21 %, 6 %, 2049 MiB, 23028 MiB
2026/02/25 16:08:32.298, 1, NVIDIA A10G, 0 %, 0 %, 0 MiB, 23028 MiB
2026/02/25 16:08:32.298, 2, NVIDIA A10G, 0 %, 0 %, 0 MiB, 23028 MiB
2026/02/25 16:08:32.298, 3, NVIDIA A10G, 0 %, 0 %, 0 MiB, 23028 MiB
2026/02/25 16:08:33.298, 0, NVIDIA A10G, 22 %, 7 %, 2049 MiB, 23028 MiB
2026/02/25 16:08:33.298, 1, NVIDIA A10G, 0 %, 0 %, 0 MiB, 23028 MiB
2026/02/25 16:08:33.298, 2, NVIDIA A10G, 0 %, 0 %, 0 MiB, 23028 MiB
2026/02/25 16:08:33.298, 3, NVIDIA A10G, 0 %, 0 %, 0 MiB, 23028 MiB
2026/02/25 16:08:34.298, 0, NVIDIA A10G, 22 %, 7 %, 2049 MiB, 23028 MiB
2026/02/25 16:08:34.298, 1, NVIDIA A10G, 0 %, 0 %, 0 MiB, 23028 MiB
2026/02/25 16:08:34.298, 2, NVIDIA A10G, 0 %, 0 %, 0 MiB, 23028 MiB
2026/02/25 16:08:34.298, 3, NVIDIA A10G, 0 %, 0 %, 0 MiB, 23028 MiB
2026/02/25 16:08:35.298, 0, NVIDIA A10G, 22 %, 7 %, 2049 MiB, 23028 MiB
2026/02/25 16:08:35.298, 1, NVIDIA A10G, 0 %, 0 %, 0 MiB, 23028 MiB
2026/02/25 16:08:35.299, 2, NVIDIA A10G, 0 %, 0 %, 0 MiB, 23028 MiB
2026/02/25 16:08:35.299, 3, NVIDIA A10G, 0 %, 0 %, 0 MiB, 23028 MiB
2026/02/25 16:08:36.299, 0, NVIDIA A10G, 24 %, 8 %, 2049 MiB, 23028 MiB
2026/02/25 16:08:36.299, 1, NVIDIA A10G, 0 %, 0 %, 0 MiB, 23028 MiB
2026/02/25 16:08:36.299, 2, NVIDIA A10G, 0 %, 0 %, 0 MiB, 23028 MiB
2026/02/25 16:08:36.299, 3, NVIDIA A10G, 0 %, 0 %, 0 MiB, 23028 MiB
2026/02/25 16:08:37.299, 0, NVIDIA A10G, 20 %, 6 %, 2049 MiB, 23028 MiB
2026/02/25 16:08:37.299, 1, NVIDIA A10G, 0 %, 0 %, 0 MiB, 23028 MiB
2026/02/25 16:08:37.299, 2, NVIDIA A10G, 0 %, 0 %, 0 MiB, 23028 MiB
2026/02/25 16:08:37.299, 3, NVIDIA A10G, 0 %, 0 %, 0 MiB, 23028 MiB
2026/02/25 16:08:38.299, 0, NVIDIA A10G, 24 %, 8 %, 2049 MiB, 23028 MiB
2026/02/25 16:08:38.299, 1, NVIDIA A10G, 0 %, 0 %, 0 MiB, 23028 MiB
2026/02/25 16:08:38.299, 2, NVIDIA A10G, 0 %, 0 %, 0 MiB, 23028 MiB
2026/02/25 16:08:38.299, 3, NVIDIA A10G, 0 %, 0 %, 0 MiB, 23028 MiB
2026/02/25 16:08:39.300, 0, NVIDIA A10G, 21 %, 7 %, 2049 MiB, 23028 MiB
2026/02/25 16:08:39.300, 1, NVIDIA A10G, 0 %, 0 %, 0 MiB, 23028 MiB
2026/02/25 16:08:39.300, 2, NVIDIA A10G, 0 %, 0 %, 0 MiB, 23028 MiB
2026/02/25 16:08:39.300, 3, NVIDIA A10G, 0 %, 0 %, 0 MiB, 23028 MiB
2026/02/25 16:08:40.300, 0, NVIDIA A10G, 22 %, 7 %, 2049 MiB, 23028 MiB
2026/02/25 16:08:40.300, 1, NVIDIA A10G, 0 %, 0 %, 0 MiB, 23028 MiB
2026/02/25 16:08:40.300, 2, NVIDIA A10G, 0 %, 0 %, 0 MiB, 23028 MiB
2026/02/25 16:08:40.300, 3, NVIDIA A10G, 0 %, 0 %, 0 MiB, 23028 MiB
2026/02/25 16:08:41.300, 0, NVIDIA A10G, 5 %, 2 %, 2049 MiB, 23028 MiB
2026/02/25 16:08:41.300, 1, NVIDIA A10G, 0 %, 0 %, 0 MiB, 23028 MiB
2026/02/25 16:08:41.300, 2, NVIDIA A10G, 0 %, 0 %, 0 MiB, 23028 MiB
2026/02/25 16:08:41.300, 3, NVIDIA A10G, 0 %, 0 %, 0 MiB, 23028 MiB
2026/02/25 16:08:42.301, 0, NVIDIA A10G, 0 %, 0 %, 2049 MiB, 23028 MiB
2026/02/25 16:08:42.301, 1, NVIDIA A10G, 0 %, 0 %, 0 MiB, 23028 MiB
2026/02/25 16:08:42.301, 2, NVIDIA A10G, 0 %, 0 %, 0 MiB, 23028 MiB
2026/02/25 16:08:42.301, 3, NVIDIA A10G, 0 %, 0 %, 0 MiB, 23028 MiB
2026/02/25 16:08:43.301, 0, NVIDIA A10G, 0 %, 0 %, 2049 MiB, 23028 MiB
2026/02/25 16:08:43.301, 1, NVIDIA A10G, 0 %, 0 %, 0 MiB, 23028 MiB
2026/02/25 16:08:43.301, 2, NVIDIA A10G, 0 %, 0 %, 0 MiB, 23028 MiB
2026/02/25 16:08:43.301, 3, NVIDIA A10G, 0 %, 0 %, 0 MiB, 23028 MiB
2026/02/25 16:08:44.301, 0, NVIDIA A10G, 0 %, 0 %, 2049 MiB, 23028 MiB
2026/02/25 16:08:44.302, 1, NVIDIA A10G, 0 %, 0 %, 0 MiB, 23028 MiB
2026/02/25 16:08:44.302, 2, NVIDIA A10G, 0 %, 0 %, 0 MiB, 23028 MiB
2026/02/25 16:08:44.302, 3, NVIDIA A10G, 0 %, 0 %, 0 MiB, 23028 MiB
2026/02/25 16:08:45.302, 0, NVIDIA A10G, 0 %, 0 %, 2049 MiB, 23028 MiB
2026/02/25 16:08:45.302, 1, NVIDIA A10G, 0 %, 0 %, 0 MiB, 23028 MiB
2026/02/25 16:08:45.302, 2, NVIDIA A10G, 0 %, 0 %, 0 MiB, 23028 MiB
2026/02/25 16:08:45.302, 3, NVIDIA A10G, 0 %, 0 %, 0 MiB, 23028 MiB
2026/02/25 16:08:46.302, 0, NVIDIA A10G, 22 %, 7 %, 2049 MiB, 23028 MiB
2026/02/25 16:08:46.302, 1, NVIDIA A10G, 0 %, 0 %, 0 MiB, 23028 MiB
2026/02/25 16:08:46.302, 2, NVIDIA A10G, 0 %, 0 %, 0 MiB, 23028 MiB
2026/02/25 16:08:46.302, 3, NVIDIA A10G, 0 %, 0 %, 0 MiB, 23028 MiB
2026/02/25 16:08:47.302, 0, NVIDIA A10G, 25 %, 9 %, 2049 MiB, 23028 MiB
2026/02/25 16:08:47.303, 1, NVIDIA A10G, 0 %, 0 %, 0 MiB, 23028 MiB
2026/02/25 16:08:47.303, 2, NVIDIA A10G, 0 %, 0 %, 0 MiB, 23028 MiB
2026/02/25 16:08:47.303, 3, NVIDIA A10G, 0 %, 0 %, 0 MiB, 23028 MiB
2026/02/25 16:08:48.303, 0, NVIDIA A10G, 24 %, 8 %, 2049 MiB, 23028 MiB
2026/02/25 16:08:48.303, 1, NVIDIA A10G, 0 %, 0 %, 0 MiB, 23028 MiB
2026/02/25 16:08:48.303, 2, NVIDIA A10G, 0 %, 0 %, 0 MiB, 23028 MiB
2026/02/25 16:08:48.303, 3, NVIDIA A10G, 0 %, 0 %, 0 MiB, 23028 MiB
2026/02/25 16:08:49.303, 0, NVIDIA A10G, 23 %, 8 %, 2049 MiB, 23028 MiB
2026/02/25 16:08:49.303, 1, NVIDIA A10G, 0 %, 0 %, 0 MiB, 23028 MiB
2026/02/25 16:08:49.303, 2, NVIDIA A10G, 0 %, 0 %, 0 MiB, 23028 MiB
2026/02/25 16:08:49.303, 3, NVIDIA A10G, 0 %, 0 %, 0 MiB, 23028 MiB
2026/02/25 16:08:50.303, 0, NVIDIA A10G, 23 %, 8 %, 2049 MiB, 23028 MiB
2026/02/25 16:08:50.304, 1, NVIDIA A10G, 0 %, 0 %, 0 MiB, 23028 MiB
2026/02/25 16:08:50.304, 2, NVIDIA A10G, 0 %, 0 %, 0 MiB, 23028 MiB
2026/02/25 16:08:50.304, 3, NVIDIA A10G, 0 %, 0 %, 0 MiB, 23028 MiB
2026/02/25 16:08:51.304, 0, NVIDIA A10G, 0 %, 0 %, 2049 MiB, 23028 MiB
2026/02/25 16:08:51.304, 1, NVIDIA A10G, 0 %, 0 %, 0 MiB, 23028 MiB
2026/02/25 16:08:51.304, 2, NVIDIA A10G, 0 %, 0 %, 0 MiB, 23028 MiB
2026/02/25 16:08:51.304, 3, NVIDIA A10G, 0 %, 0 %, 0 MiB, 23028 MiB
2026/02/25 16:08:52.304, 0, NVIDIA A10G, 0 %, 0 %, 2049 MiB, 23028 MiB
2026/02/25 16:08:52.304, 1, NVIDIA A10G, 0 %, 0 %, 0 MiB, 23028 MiB
2026/02/25 16:08:52.304, 2, NVIDIA A10G, 0 %, 0 %, 0 MiB, 23028 MiB
2026/02/25 16:08:52.305, 3, NVIDIA A10G, 0 %, 0 %, 0 MiB, 23028 MiB
2026/02/25 16:08:53.305, 0, NVIDIA A10G, 0 %, 0 %, 2049 MiB, 23028 MiB
2026/02/25 16:08:53.305, 1, NVIDIA A10G, 0 %, 0 %, 0 MiB, 23028 MiB
2026/02/25 16:08:53.305, 2, NVIDIA A10G, 0 %, 0 %, 0 MiB, 23028 MiB
2026/02/25 16:08:53.305, 3, NVIDIA A10G, 0 %, 0 %, 0 MiB, 23028 MiB
2026/02/25 16:08:54.305, 0, NVIDIA A10G, 0 %, 0 %, 2049 MiB, 23028 MiB
2026/02/25 16:08:54.305, 1, NVIDIA A10G, 0 %, 0 %, 0 MiB, 23028 MiB
2026/02/25 16:08:54.305, 2, NVIDIA A10G, 0 %, 0 %, 0 MiB, 23028 MiB
2026/02/25 16:08:54.305, 3, NVIDIA A10G, 0 %, 0 %, 0 MiB, 23028 MiB
2026/02/25 16:08:55.305, 0, NVIDIA A10G, 0 %, 0 %, 2049 MiB, 23028 MiB
2026/02/25 16:08:55.306, 1, NVIDIA A10G, 0 %, 0 %, 0 MiB, 23028 MiB
2026/02/25 16:08:55.306, 2, NVIDIA A10G, 0 %, 0 %, 0 MiB, 23028 MiB
2026/02/25 16:08:55.306, 3, NVIDIA A10G, 0 %, 0 %, 0 MiB, 23028 MiB
2026/02/25 16:08:56.306, 0, NVIDIA A10G, 22 %, 8 %, 2049 MiB, 23028 MiB
2026/02/25 16:08:56.306, 1, NVIDIA A10G, 0 %, 0 %, 0 MiB, 23028 MiB
2026/02/25 16:08:56.306, 2, NVIDIA A10G, 0 %, 0 %, 0 MiB, 23028 MiB
2026/02/25 16:08:56.306, 3, NVIDIA A10G, 0 %, 0 %, 0 MiB, 23028 MiB
2026/02/25 16:08:57.306, 0, NVIDIA A10G, 21 %, 7 %, 2049 MiB, 23028 MiB
2026/02/25 16:08:57.306, 1, NVIDIA A10G, 0 %, 0 %, 0 MiB, 23028 MiB
2026/02/25 16:08:57.306, 2, NVIDIA A10G, 0 %, 0 %, 0 MiB, 23028 MiB
2026/02/25 16:08:57.306, 3, NVIDIA A10G, 0 %, 0 %, 0 MiB, 23028 MiB
2026/02/25 16:08:58.306, 0, NVIDIA A10G, 23 %, 8 %, 2049 MiB, 23028 MiB
2026/02/25 16:08:58.307, 1, NVIDIA A10G, 0 %, 0 %, 0 MiB, 23028 MiB
2026/02/25 16:08:58.307, 2, NVIDIA A10G, 0 %, 0 %, 0 MiB, 23028 MiB
2026/02/25 16:08:58.307, 3, NVIDIA A10G, 0 %, 0 %, 0 MiB, 23028 MiB
2026/02/25 16:08:59.307, 0, NVIDIA A10G, 22 %, 8 %, 2049 MiB, 23028 MiB
2026/02/25 16:08:59.307, 1, NVIDIA A10G, 0 %, 0 %, 0 MiB, 23028 MiB
2026/02/25 16:08:59.307, 2, NVIDIA A10G, 0 %, 0 %, 0 MiB, 23028 MiB
2026/02/25 16:08:59.307, 3, NVIDIA A10G, 0 %, 0 %, 0 MiB, 23028 MiB
2026/02/25 16:09:00.307, 0, NVIDIA A10G, 22 %, 8 %, 2049 MiB, 23028 MiB
2026/02/25 16:09:00.308, 1, NVIDIA A10G, 0 %, 0 %, 0 MiB, 23028 MiB
2026/02/25 16:09:00.308, 2, NVIDIA A10G, 0 %, 0 %, 0 MiB, 23028 MiB
2026/02/25 16:09:00.308, 3, NVIDIA A10G, 0 %, 0 %, 0 MiB, 23028 MiB
2026/02/25 16:09:01.308, 0, NVIDIA A10G, 12 %, 4 %, 2049 MiB, 23028 MiB
2026/02/25 16:09:01.308, 1, NVIDIA A10G, 0 %, 0 %, 0 MiB, 23028 MiB
2026/02/25 16:09:01.308, 2, NVIDIA A10G, 0 %, 0 %, 0 MiB, 23028 MiB
2026/02/25 16:09:01.308, 3, NVIDIA A10G, 0 %, 0 %, 0 MiB, 23028 MiB
2026/02/25 16:09:02.308, 0, NVIDIA A10G, 0 %, 0 %, 2049 MiB, 23028 MiB
2026/02/25 16:09:02.308, 1, NVIDIA A10G, 0 %, 0 %, 0 MiB, 23028 MiB
2026/02/25 16:09:02.308, 2, NVIDIA A10G, 0 %, 0 %, 0 MiB, 23028 MiB
2026/02/25 16:09:02.308, 3, NVIDIA A10G, 0 %, 0 %, 0 MiB, 23028 MiB
2026/02/25 16:09:03.308, 0, NVIDIA A10G, 0 %, 0 %, 2049 MiB, 23028 MiB
2026/02/25 16:09:03.309, 1, NVIDIA A10G, 0 %, 0 %, 0 MiB, 23028 MiB
2026/02/25 16:09:03.309, 2, NVIDIA A10G, 0 %, 0 %, 0 MiB, 23028 MiB
2026/02/25 16:09:03.309, 3, NVIDIA A10G, 0 %, 0 %, 0 MiB, 23028 MiB
2026/02/25 16:09:04.309, 0, NVIDIA A10G, 0 %, 0 %, 2049 MiB, 23028 MiB
2026/02/25 16:09:04.309, 1, NVIDIA A10G, 0 %, 0 %, 0 MiB, 23028 MiB
2026/02/25 16:09:04.309, 2, NVIDIA A10G, 0 %, 0 %, 0 MiB, 23028 MiB
2026/02/25 16:09:04.309, 3, NVIDIA A10G, 0 %, 0 %, 0 MiB, 23028 MiB
2026/02/25 16:09:05.309, 0, NVIDIA A10G, 0 %, 0 %, 2049 MiB, 23028 MiB
2026/02/25 16:09:05.309, 1, NVIDIA A10G, 0 %, 0 %, 0 MiB, 23028 MiB
2026/02/25 16:09:05.309, 2, NVIDIA A10G, 0 %, 0 %, 0 MiB, 23028 MiB
2026/02/25 16:09:05.309, 3, NVIDIA A10G, 0 %, 0 %, 0 MiB, 23028 MiB
2026/02/25 16:09:06.309, 0, NVIDIA A10G, 0 %, 0 %, 2049 MiB, 23028 MiB
2026/02/25 16:09:06.309, 1, NVIDIA A10G, 0 %, 0 %, 0 MiB, 23028 MiB
2026/02/25 16:09:06.310, 2, NVIDIA A10G, 0 %, 0 %, 0 MiB, 23028 MiB
2026/02/25 16:09:06.310, 3, NVIDIA A10G, 0 %, 0 %, 0 MiB, 23028 MiB
2026/02/25 16:09:07.310, 0, NVIDIA A10G, 0 %, 0 %, 2049 MiB, 23028 MiB
2026/02/25 16:09:07.310, 1, NVIDIA A10G, 0 %, 0 %, 0 MiB, 23028 MiB
2026/02/25 16:09:07.310, 2, NVIDIA A10G, 0 %, 0 %, 0 MiB, 23028 MiB
2026/02/25 16:09:07.310, 3, NVIDIA A10G, 0 %, 0 %, 0 MiB, 23028 MiB
2026/02/25 16:09:08.310, 0, NVIDIA A10G, 0 %, 0 %, 2049 MiB, 23028 MiB
2026/02/25 16:09:08.310, 1, NVIDIA A10G, 0 %, 0 %, 0 MiB, 23028 MiB
2026/02/25 16:09:08.310, 2, NVIDIA A10G, 0 %, 0 %, 0 MiB, 23028 MiB
2026/02/25 16:09:08.310, 3, NVIDIA A10G, 0 %, 0 %, 0 MiB, 23028 MiB
2026/02/25 16:09:09.311, 0, NVIDIA A10G, 23 %, 8 %, 2049 MiB, 23028 MiB
2026/02/25 16:09:09.311, 1, NVIDIA A10G, 0 %, 0 %, 0 MiB, 23028 MiB
2026/02/25 16:09:09.311, 2, NVIDIA A10G, 0 %, 0 %, 0 MiB, 23028 MiB
2026/02/25 16:09:09.311, 3, NVIDIA A10G, 0 %, 0 %, 0 MiB, 23028 MiB
2026/02/25 16:09:10.311, 0, NVIDIA A10G, 22 %, 7 %, 2049 MiB, 23028 MiB
2026/02/25 16:09:10.311, 1, NVIDIA A10G, 0 %, 0 %, 0 MiB, 23028 MiB
2026/02/25 16:09:10.311, 2, NVIDIA A10G, 0 %, 0 %, 0 MiB, 23028 MiB
2026/02/25 16:09:10.311, 3, NVIDIA A10G, 0 %, 0 %, 0 MiB, 23028 MiB
2026/02/25 16:09:11.311, 0, NVIDIA A10G, 23 %, 8 %, 2049 MiB, 23028 MiB
2026/02/25 16:09:11.311, 1, NVIDIA A10G, 0 %, 0 %, 0 MiB, 23028 MiB
2026/02/25 16:09:11.311, 2, NVIDIA A10G, 0 %, 0 %, 0 MiB, 23028 MiB
2026/02/25 16:09:11.312, 3, NVIDIA A10G, 0 %, 0 %, 0 MiB, 23028 MiB
2026/02/25 16:09:12.312, 0, NVIDIA A10G, 22 %, 7 %, 2049 MiB, 23028 MiB
2026/02/25 16:09:12.312, 1, NVIDIA A10G, 0 %, 0 %, 0 MiB, 23028 MiB
2026/02/25 16:09:12.312, 2, NVIDIA A10G, 0 %, 0 %, 0 MiB, 23028 MiB
2026/02/25 16:09:12.312, 3, NVIDIA A10G, 0 %, 0 %, 0 MiB, 23028 MiB
2026/02/25 16:09:13.312, 0, NVIDIA A10G, 23 %, 8 %, 2049 MiB, 23028 MiB
2026/02/25 16:09:13.312, 1, NVIDIA A10G, 0 %, 0 %, 0 MiB, 23028 MiB
2026/02/25 16:09:13.312, 2, NVIDIA A10G, 0 %, 0 %, 0 MiB, 23028 MiB
2026/02/25 16:09:13.312, 3, NVIDIA A10G, 0 %, 0 %, 0 MiB, 23028 MiB
2026/02/25 16:09:14.313, 0, NVIDIA A10G, 22 %, 7 %, 2049 MiB, 23028 MiB
2026/02/25 16:09:14.313, 1, NVIDIA A10G, 0 %, 0 %, 0 MiB, 23028 MiB
2026/02/25 16:09:14.313, 2, NVIDIA A10G, 0 %, 0 %, 0 MiB, 23028 MiB
2026/02/25 16:09:14.313, 3, NVIDIA A10G, 0 %, 0 %, 0 MiB, 23028 MiB
2026/02/25 16:09:15.313, 0, NVIDIA A10G, 25 %, 9 %, 2049 MiB, 23028 MiB
2026/02/25 16:09:15.313, 1, NVIDIA A10G, 0 %, 0 %, 0 MiB, 23028 MiB
2026/02/25 16:09:15.313, 2, NVIDIA A10G, 0 %, 0 %, 0 MiB, 23028 MiB
2026/02/25 16:09:15.313, 3, NVIDIA A10G, 0 %, 0 %, 0 MiB, 23028 MiB
2026/02/25 16:09:16.314, 0, NVIDIA A10G, 0 %, 0 %, 2049 MiB, 23028 MiB
2026/02/25 16:09:16.314, 1, NVIDIA A10G, 0 %, 0 %, 0 MiB, 23028 MiB
2026/02/25 16:09:16.314, 2, NVIDIA A10G, 0 %, 0 %, 0 MiB, 23028 MiB
2026/02/25 16:09:16.314, 3, NVIDIA A10G, 0 %, 0 %, 0 MiB, 23028 MiB
2026/02/25 16:09:17.314, 0, NVIDIA A10G, 0 %, 0 %, 2049 MiB, 23028 MiB
2026/02/25 16:09:17.314, 1, NVIDIA A10G, 0 %, 0 %, 0 MiB, 23028 MiB
2026/02/25 16:09:17.314, 2, NVIDIA A10G, 0 %, 0 %, 0 MiB, 23028 MiB
2026/02/25 16:09:17.314, 3, NVIDIA A10G, 0 %, 0 %, 0 MiB, 23028 MiB
2026/02/25 16:09:18.315, 0, NVIDIA A10G, 0 %, 0 %, 2049 MiB, 23028 MiB
2026/02/25 16:09:18.315, 1, NVIDIA A10G, 0 %, 0 %, 0 MiB, 23028 MiB
2026/02/25 16:09:18.315, 2, NVIDIA A10G, 0 %, 0 %, 0 MiB, 23028 MiB
2026/02/25 16:09:18.315, 3, NVIDIA A10G, 0 %, 0 %, 0 MiB, 23028 MiB
2026/02/25 16:09:19.315, 0, NVIDIA A10G, 0 %, 0 %, 2049 MiB, 23028 MiB
2026/02/25 16:09:19.315, 1, NVIDIA A10G, 0 %, 0 %, 0 MiB, 23028 MiB
2026/02/25 16:09:19.315, 2, NVIDIA A10G, 0 %, 0 %, 0 MiB, 23028 MiB
2026/02/25 16:09:19.315, 3, NVIDIA A10G, 0 %, 0 %, 0 MiB, 23028 MiB
2026/02/25 16:09:20.315, 0, NVIDIA A10G, 0 %, 0 %, 2049 MiB, 23028 MiB
2026/02/25 16:09:20.315, 1, NVIDIA A10G, 0 %, 0 %, 0 MiB, 23028 MiB
2026/02/25 16:09:20.315, 2, NVIDIA A10G, 0 %, 0 %, 0 MiB, 23028 MiB
2026/02/25 16:09:20.315, 3, NVIDIA A10G, 0 %, 0 %, 0 MiB, 23028 MiB
2026/02/25 16:09:21.316, 0, NVIDIA A10G, 0 %, 0 %, 2049 MiB, 23028 MiB
2026/02/25 16:09:21.316, 1, NVIDIA A10G, 0 %, 0 %, 0 MiB, 23028 MiB
2026/02/25 16:09:21.316, 2, NVIDIA A10G, 0 %, 0 %, 0 MiB, 23028 MiB
2026/02/25 16:09:21.316, 3, NVIDIA A10G, 0 %, 0 %, 0 MiB, 23028 MiB
2026/02/25 16:09:22.316, 0, NVIDIA A10G, 86 %, 56 %, 2049 MiB, 23028 MiB
2026/02/25 16:09:22.316, 1, NVIDIA A10G, 0 %, 0 %, 0 MiB, 23028 MiB
2026/02/25 16:09:22.316, 2, NVIDIA A10G, 0 %, 0 %, 0 MiB, 23028 MiB
2026/02/25 16:09:22.316, 3, NVIDIA A10G, 0 %, 0 %, 0 MiB, 23028 MiB
2026/02/25 16:09:23.316, 0, NVIDIA A10G, 22 %, 7 %, 2049 MiB, 23028 MiB
2026/02/25 16:09:23.317, 1, NVIDIA A10G, 0 %, 0 %, 0 MiB, 23028 MiB
2026/02/25 16:09:23.317, 2, NVIDIA A10G, 0 %, 0 %, 0 MiB, 23028 MiB
2026/02/25 16:09:23.317, 3, NVIDIA A10G, 0 %, 0 %, 0 MiB, 23028 MiB
2026/02/25 16:09:24.317, 0, NVIDIA A10G, 24 %, 9 %, 2049 MiB, 23028 MiB
2026/02/25 16:09:24.317, 1, NVIDIA A10G, 0 %, 0 %, 0 MiB, 23028 MiB
2026/02/25 16:09:24.317, 2, NVIDIA A10G, 0 %, 0 %, 0 MiB, 23028 MiB
2026/02/25 16:09:24.317, 3, NVIDIA A10G, 0 %, 0 %, 0 MiB, 23028 MiB
2026/02/25 16:09:25.317, 0, NVIDIA A10G, 22 %, 8 %, 2049 MiB, 23028 MiB
2026/02/25 16:09:25.317, 1, NVIDIA A10G, 0 %, 0 %, 0 MiB, 23028 MiB
2026/02/25 16:09:25.317, 2, NVIDIA A10G, 0 %, 0 %, 0 MiB, 23028 MiB
2026/02/25 16:09:25.317, 3, NVIDIA A10G, 0 %, 0 %, 0 MiB, 23028 MiB
2026/02/25 16:09:26.317, 0, NVIDIA A10G, 22 %, 7 %, 2049 MiB, 23028 MiB
2026/02/25 16:09:26.318, 1, NVIDIA A10G, 0 %, 0 %, 0 MiB, 23028 MiB
2026/02/25 16:09:26.318, 2, NVIDIA A10G, 0 %, 0 %, 0 MiB, 23028 MiB
2026/02/25 16:09:26.318, 3, NVIDIA A10G, 0 %, 0 %, 0 MiB, 23028 MiB
2026/02/25 16:09:27.318, 0, NVIDIA A10G, 24 %, 9 %, 2049 MiB, 23028 MiB
2026/02/25 16:09:27.318, 1, NVIDIA A10G, 0 %, 0 %, 0 MiB, 23028 MiB
2026/02/25 16:09:27.318, 2, NVIDIA A10G, 0 %, 0 %, 0 MiB, 23028 MiB
2026/02/25 16:09:27.318, 3, NVIDIA A10G, 0 %, 0 %, 0 MiB, 23028 MiB
2026/02/25 16:09:28.318, 0, NVIDIA A10G, 23 %, 8 %, 2049 MiB, 23028 MiB
2026/02/25 16:09:28.318, 1, NVIDIA A10G, 0 %, 0 %, 0 MiB, 23028 MiB
2026/02/25 16:09:28.318, 2, NVIDIA A10G, 0 %, 0 %, 0 MiB, 23028 MiB
2026/02/25 16:09:28.318, 3, NVIDIA A10G, 0 %, 0 %, 0 MiB, 23028 MiB
2026/02/25 16:09:29.319, 0, NVIDIA A10G, 21 %, 7 %, 2049 MiB, 23028 MiB
2026/02/25 16:09:29.319, 1, NVIDIA A10G, 0 %, 0 %, 0 MiB, 23028 MiB
2026/02/25 16:09:29.319, 2, NVIDIA A10G, 0 %, 0 %, 0 MiB, 23028 MiB
2026/02/25 16:09:29.319, 3, NVIDIA A10G, 0 %, 0 %, 0 MiB, 23028 MiB
2026/02/25 16:09:30.319, 0, NVIDIA A10G, 0 %, 0 %, 2049 MiB, 23028 MiB
2026/02/25 16:09:30.319, 1, NVIDIA A10G, 0 %, 0 %, 0 MiB, 23028 MiB
2026/02/25 16:09:30.319, 2, NVIDIA A10G, 0 %, 0 %, 0 MiB, 23028 MiB
2026/02/25 16:09:30.319, 3, NVIDIA A10G, 0 %, 0 %, 0 MiB, 23028 MiB
2026/02/25 16:09:31.319, 0, NVIDIA A10G, 0 %, 0 %, 2049 MiB, 23028 MiB
2026/02/25 16:09:31.319, 1, NVIDIA A10G, 0 %, 0 %, 0 MiB, 23028 MiB
2026/02/25 16:09:31.319, 2, NVIDIA A10G, 0 %, 0 %, 0 MiB, 23028 MiB
2026/02/25 16:09:31.319, 3, NVIDIA A10G, 0 %, 0 %, 0 MiB, 23028 MiB
2026/02/25 16:09:32.319, 0, NVIDIA A10G, 0 %, 0 %, 2049 MiB, 23028 MiB
2026/02/25 16:09:32.320, 1, NVIDIA A10G, 0 %, 0 %, 0 MiB, 23028 MiB
2026/02/25 16:09:32.320, 2, NVIDIA A10G, 0 %, 0 %, 0 MiB, 23028 MiB
2026/02/25 16:09:32.320, 3, NVIDIA A10G, 0 %, 0 %, 0 MiB, 23028 MiB
2026/02/25 16:09:33.320, 0, NVIDIA A10G, 0 %, 0 %, 2049 MiB, 23028 MiB
2026/02/25 16:09:33.320, 1, NVIDIA A10G, 0 %, 0 %, 0 MiB, 23028 MiB
2026/02/25 16:09:33.320, 2, NVIDIA A10G, 0 %, 0 %, 0 MiB, 23028 MiB
2026/02/25 16:09:33.320, 3, NVIDIA A10G, 0 %, 0 %, 0 MiB, 23028 MiB
2026/02/25 16:09:34.320, 0, NVIDIA A10G, 0 %, 0 %, 2049 MiB, 23028 MiB
2026/02/25 16:09:34.320, 1, NVIDIA A10G, 0 %, 0 %, 0 MiB, 23028 MiB
2026/02/25 16:09:34.320, 2, NVIDIA A10G, 0 %, 0 %, 0 MiB, 23028 MiB
2026/02/25 16:09:34.320, 3, NVIDIA A10G, 0 %, 0 %, 0 MiB, 23028 MiB
2026/02/25 16:09:35.320, 0, NVIDIA A10G, 0 %, 0 %, 2049 MiB, 23028 MiB
2026/02/25 16:09:35.320, 1, NVIDIA A10G, 0 %, 0 %, 0 MiB, 23028 MiB
2026/02/25 16:09:35.320, 2, NVIDIA A10G, 0 %, 0 %, 0 MiB, 23028 MiB
2026/02/25 16:09:35.320, 3, NVIDIA A10G, 0 %, 0 %, 0 MiB, 23028 MiB
2026/02/25 16:09:36.321, 0, NVIDIA A10G, 0 %, 0 %, 2049 MiB, 23028 MiB
2026/02/25 16:09:36.321, 1, NVIDIA A10G, 0 %, 0 %, 0 MiB, 23028 MiB
2026/02/25 16:09:36.321, 2, NVIDIA A10G, 0 %, 0 %, 0 MiB, 23028 MiB
2026/02/25 16:09:36.321, 3, NVIDIA A10G, 0 %, 0 %, 0 MiB, 23028 MiB
2026/02/25 16:09:37.321, 0, NVIDIA A10G, 0 %, 0 %, 2049 MiB, 23028 MiB
2026/02/25 16:09:37.321, 1, NVIDIA A10G, 0 %, 0 %, 0 MiB, 23028 MiB
2026/02/25 16:09:37.321, 2, NVIDIA A10G, 0 %, 0 %, 0 MiB, 23028 MiB
2026/02/25 16:09:37.321, 3, NVIDIA A10G, 0 %, 0 %, 0 MiB, 23028 MiB
2026/02/25 16:09:38.321, 0, NVIDIA A10G, 0 %, 0 %, 2049 MiB, 23028 MiB
2026/02/25 16:09:38.321, 1, NVIDIA A10G, 0 %, 0 %, 0 MiB, 23028 MiB
2026/02/25 16:09:38.321, 2, NVIDIA A10G, 0 %, 0 %, 0 MiB, 23028 MiB
2026/02/25 16:09:38.321, 3, NVIDIA A10G, 0 %, 0 %, 0 MiB, 23028 MiB
2026/02/25 16:09:39.322, 0, NVIDIA A10G, 0 %, 0 %, 2049 MiB, 23028 MiB
2026/02/25 16:09:39.322, 1, NVIDIA A10G, 0 %, 0 %, 0 MiB, 23028 MiB
2026/02/25 16:09:39.322, 2, NVIDIA A10G, 0 %, 0 %, 0 MiB, 23028 MiB
2026/02/25 16:09:39.322, 3, NVIDIA A10G, 0 %, 0 %, 0 MiB, 23028 MiB
2026/02/25 16:09:40.322, 0, NVIDIA A10G, 0 %, 0 %, 2049 MiB, 23028 MiB
2026/02/25 16:09:40.322, 1, NVIDIA A10G, 0 %, 0 %, 0 MiB, 23028 MiB
2026/02/25 16:09:40.322, 2, NVIDIA A10G, 0 %, 0 %, 0 MiB, 23028 MiB
2026/02/25 16:09:40.322, 3, NVIDIA A10G, 0 %, 0 %, 0 MiB, 23028 MiB
2026/02/25 16:09:41.322, 0, NVIDIA A10G, 20 %, 7 %, 2049 MiB, 23028 MiB
2026/02/25 16:09:41.322, 1, NVIDIA A10G, 0 %, 0 %, 0 MiB, 23028 MiB
2026/02/25 16:09:41.322, 2, NVIDIA A10G, 0 %, 0 %, 0 MiB, 23028 MiB
2026/02/25 16:09:41.322, 3, NVIDIA A10G, 0 %, 0 %, 0 MiB, 23028 MiB
2026/02/25 16:09:42.322, 0, NVIDIA A10G, 19 %, 6 %, 2049 MiB, 23028 MiB
2026/02/25 16:09:42.323, 1, NVIDIA A10G, 0 %, 0 %, 0 MiB, 23028 MiB
2026/02/25 16:09:42.323, 2, NVIDIA A10G, 0 %, 0 %, 0 MiB, 23028 MiB
2026/02/25 16:09:42.323, 3, NVIDIA A10G, 0 %, 0 %, 0 MiB, 23028 MiB
2026/02/25 16:09:43.323, 0, NVIDIA A10G, 22 %, 7 %, 2049 MiB, 23028 MiB
2026/02/25 16:09:43.323, 1, NVIDIA A10G, 0 %, 0 %, 0 MiB, 23028 MiB
2026/02/25 16:09:43.323, 2, NVIDIA A10G, 0 %, 0 %, 0 MiB, 23028 MiB
2026/02/25 16:09:43.323, 3, NVIDIA A10G, 0 %, 0 %, 0 MiB, 23028 MiB
2026/02/25 16:09:44.323, 0, NVIDIA A10G, 20 %, 7 %, 2049 MiB, 23028 MiB
2026/02/25 16:09:44.323, 1, NVIDIA A10G, 0 %, 0 %, 0 MiB, 23028 MiB
2026/02/25 16:09:44.323, 2, NVIDIA A10G, 0 %, 0 %, 0 MiB, 23028 MiB
2026/02/25 16:09:44.324, 3, NVIDIA A10G, 0 %, 0 %, 0 MiB, 23028 MiB
2026/02/25 16:09:45.324, 0, NVIDIA A10G, 20 %, 6 %, 2049 MiB, 23028 MiB
2026/02/25 16:09:45.324, 1, NVIDIA A10G, 0 %, 0 %, 0 MiB, 23028 MiB
2026/02/25 16:09:45.324, 2, NVIDIA A10G, 0 %, 0 %, 0 MiB, 23028 MiB
2026/02/25 16:09:45.324, 3, NVIDIA A10G, 0 %, 0 %, 0 MiB, 23028 MiB
2026/02/25 16:09:46.324, 0, NVIDIA A10G, 23 %, 8 %, 2049 MiB, 23028 MiB
2026/02/25 16:09:46.324, 1, NVIDIA A10G, 0 %, 0 %, 0 MiB, 23028 MiB
2026/02/25 16:09:46.324, 2, NVIDIA A10G, 0 %, 0 %, 0 MiB, 23028 MiB
2026/02/25 16:09:46.324, 3, NVIDIA A10G, 0 %, 0 %, 0 MiB, 23028 MiB
2026/02/25 16:09:47.324, 0, NVIDIA A10G, 23 %, 8 %, 2049 MiB, 23028 MiB
2026/02/25 16:09:47.324, 1, NVIDIA A10G, 0 %, 0 %, 0 MiB, 23028 MiB
2026/02/25 16:09:47.324, 2, NVIDIA A10G, 0 %, 0 %, 0 MiB, 23028 MiB
2026/02/25 16:09:47.325, 3, NVIDIA A10G, 0 %, 0 %, 0 MiB, 23028 MiB
2026/02/25 16:09:48.325, 0, NVIDIA A10G, 23 %, 8 %, 2049 MiB, 23028 MiB
2026/02/25 16:09:48.325, 1, NVIDIA A10G, 0 %, 0 %, 0 MiB, 23028 MiB
2026/02/25 16:09:48.325, 2, NVIDIA A10G, 0 %, 0 %, 0 MiB, 23028 MiB
2026/02/25 16:09:48.325, 3, NVIDIA A10G, 0 %, 0 %, 0 MiB, 23028 MiB
2026/02/25 16:09:49.325, 0, NVIDIA A10G, 23 %, 8 %, 2049 MiB, 23028 MiB
2026/02/25 16:09:49.325, 1, NVIDIA A10G, 0 %, 0 %, 0 MiB, 23028 MiB
2026/02/25 16:09:49.325, 2, NVIDIA A10G, 0 %, 0 %, 0 MiB, 23028 MiB
2026/02/25 16:09:49.325, 3, NVIDIA A10G, 0 %, 0 %, 0 MiB, 23028 MiB
2026/02/25 16:09:50.326, 0, NVIDIA A10G, 20 %, 7 %, 2049 MiB, 23028 MiB
2026/02/25 16:09:50.326, 1, NVIDIA A10G, 0 %, 0 %, 0 MiB, 23028 MiB
2026/02/25 16:09:50.326, 2, NVIDIA A10G, 0 %, 0 %, 0 MiB, 23028 MiB
2026/02/25 16:09:50.326, 3, NVIDIA A10G, 0 %, 0 %, 0 MiB, 23028 MiB
2026/02/25 16:09:51.326, 0, NVIDIA A10G, 22 %, 8 %, 2049 MiB, 23028 MiB
2026/02/25 16:09:51.326, 1, NVIDIA A10G, 0 %, 0 %, 0 MiB, 23028 MiB
2026/02/25 16:09:51.326, 2, NVIDIA A10G, 0 %, 0 %, 0 MiB, 23028 MiB
2026/02/25 16:09:51.326, 3, NVIDIA A10G, 0 %, 0 %, 0 MiB, 23028 MiB
2026/02/25 16:09:52.326, 0, NVIDIA A10G, 21 %, 6 %, 2049 MiB, 23028 MiB
2026/02/25 16:09:52.326, 1, NVIDIA A10G, 0 %, 0 %, 0 MiB, 23028 MiB
2026/02/25 16:09:52.326, 2, NVIDIA A10G, 0 %, 0 %, 0 MiB, 23028 MiB
2026/02/25 16:09:52.326, 3, NVIDIA A10G, 0 %, 0 %, 0 MiB, 23028 MiB
2026/02/25 16:09:53.327, 0, NVIDIA A10G, 0 %, 0 %, 2049 MiB, 23028 MiB
2026/02/25 16:09:53.327, 1, NVIDIA A10G, 0 %, 0 %, 0 MiB, 23028 MiB
2026/02/25 16:09:53.327, 2, NVIDIA A10G, 0 %, 0 %, 0 MiB, 23028 MiB
2026/02/25 16:09:53.327, 3, NVIDIA A10G, 0 %, 0 %, 0 MiB, 23028 MiB
2026/02/25 16:09:54.327, 0, NVIDIA A10G, 0 %, 0 %, 2049 MiB, 23028 MiB
2026/02/25 16:09:54.327, 1, NVIDIA A10G, 0 %, 0 %, 0 MiB, 23028 MiB
2026/02/25 16:09:54.327, 2, NVIDIA A10G, 0 %, 0 %, 0 MiB, 23028 MiB
2026/02/25 16:09:54.327, 3, NVIDIA A10G, 0 %, 0 %, 0 MiB, 23028 MiB
2026/02/25 16:09:55.327, 0, NVIDIA A10G, 0 %, 0 %, 2049 MiB, 23028 MiB
2026/02/25 16:09:55.327, 1, NVIDIA A10G, 0 %, 0 %, 0 MiB, 23028 MiB
2026/02/25 16:09:55.327, 2, NVIDIA A10G, 0 %, 0 %, 0 MiB, 23028 MiB
2026/02/25 16:09:55.327, 3, NVIDIA A10G, 0 %, 0 %, 0 MiB, 23028 MiB
2026/02/25 16:09:56.327, 0, NVIDIA A10G, 0 %, 0 %, 2049 MiB, 23028 MiB
2026/02/25 16:09:56.328, 1, NVIDIA A10G, 0 %, 0 %, 0 MiB, 23028 MiB
2026/02/25 16:09:56.328, 2, NVIDIA A10G, 0 %, 0 %, 0 MiB, 23028 MiB
2026/02/25 16:09:56.328, 3, NVIDIA A10G, 0 %, 0 %, 0 MiB, 23028 MiB
2026/02/25 16:09:57.328, 0, NVIDIA A10G, 0 %, 0 %, 2049 MiB, 23028 MiB
2026/02/25 16:09:57.328, 1, NVIDIA A10G, 0 %, 0 %, 0 MiB, 23028 MiB
2026/02/25 16:09:57.328, 2, NVIDIA A10G, 0 %, 0 %, 0 MiB, 23028 MiB
2026/02/25 16:09:57.328, 3, NVIDIA A10G, 0 %, 0 %, 0 MiB, 23028 MiB
2026/02/25 16:09:58.328, 0, NVIDIA A10G, 0 %, 0 %, 2049 MiB, 23028 MiB
2026/02/25 16:09:58.328, 1, NVIDIA A10G, 0 %, 0 %, 0 MiB, 23028 MiB
2026/02/25 16:09:58.328, 2, NVIDIA A10G, 0 %, 0 %, 0 MiB, 23028 MiB
2026/02/25 16:09:58.328, 3, NVIDIA A10G, 0 %, 0 %, 0 MiB, 23028 MiB
2026/02/25 16:09:59.329, 0, NVIDIA A10G, 0 %, 0 %, 2049 MiB, 23028 MiB
2026/02/25 16:09:59.329, 1, NVIDIA A10G, 0 %, 0 %, 0 MiB, 23028 MiB
2026/02/25 16:09:59.329, 2, NVIDIA A10G, 0 %, 0 %, 0 MiB, 23028 MiB
2026/02/25 16:09:59.329, 3, NVIDIA A10G, 0 %, 0 %, 0 MiB, 23028 MiB
2026/02/25 16:10:00.329, 0, NVIDIA A10G, 0 %, 0 %, 2049 MiB, 23028 MiB
2026/02/25 16:10:00.329, 1, NVIDIA A10G, 0 %, 0 %, 0 MiB, 23028 MiB
2026/02/25 16:10:00.329, 2, NVIDIA A10G, 0 %, 0 %, 0 MiB, 23028 MiB
2026/02/25 16:10:00.329, 3, NVIDIA A10G, 0 %, 0 %, 0 MiB, 23028 MiB
2026/02/25 16:10:01.329, 0, NVIDIA A10G, 0 %, 0 %, 2049 MiB, 23028 MiB
2026/02/25 16:10:01.329, 1, NVIDIA A10G, 0 %, 0 %, 0 MiB, 23028 MiB
2026/02/25 16:10:01.329, 2, NVIDIA A10G, 0 %, 0 %, 0 MiB, 23028 MiB
2026/02/25 16:10:01.329, 3, NVIDIA A10G, 0 %, 0 %, 0 MiB, 23028 MiB
2026/02/25 16:10:02.330, 0, NVIDIA A10G, 0 %, 0 %, 2049 MiB, 23028 MiB
2026/02/25 16:10:02.330, 1, NVIDIA A10G, 0 %, 0 %, 0 MiB, 23028 MiB
2026/02/25 16:10:02.330, 2, NVIDIA A10G, 0 %, 0 %, 0 MiB, 23028 MiB
2026/02/25 16:10:02.330, 3, NVIDIA A10G, 0 %, 0 %, 0 MiB, 23028 MiB
2026/02/25 16:10:03.330, 0, NVIDIA A10G, 0 %, 0 %, 2049 MiB, 23028 MiB
2026/02/25 16:10:03.330, 1, NVIDIA A10G, 0 %, 0 %, 0 MiB, 23028 MiB
2026/02/25 16:10:03.330, 2, NVIDIA A10G, 0 %, 0 %, 0 MiB, 23028 MiB
2026/02/25 16:10:03.330, 3, NVIDIA A10G, 0 %, 0 %, 0 MiB, 23028 MiB
2026/02/25 16:10:04.330, 0, NVIDIA A10G, 0 %, 0 %, 2049 MiB, 23028 MiB
2026/02/25 16:10:04.330, 1, NVIDIA A10G, 0 %, 0 %, 0 MiB, 23028 MiB
2026/02/25 16:10:04.330, 2, NVIDIA A10G, 0 %, 0 %, 0 MiB, 23028 MiB
2026/02/25 16:10:04.330, 3, NVIDIA A10G, 0 %, 0 %, 0 MiB, 23028 MiB
2026/02/25 16:10:05.330, 0, NVIDIA A10G, 60 %, 39 %, 2049 MiB, 23028 MiB
2026/02/25 16:10:05.331, 1, NVIDIA A10G, 0 %, 0 %, 0 MiB, 23028 MiB
2026/02/25 16:10:05.331, 2, NVIDIA A10G, 0 %, 0 %, 0 MiB, 23028 MiB
2026/02/25 16:10:05.331, 3, NVIDIA A10G, 0 %, 0 %, 0 MiB, 23028 MiB
2026/02/25 16:10:06.331, 0, NVIDIA A10G, 23 %, 8 %, 2049 MiB, 23028 MiB
2026/02/25 16:10:06.331, 1, NVIDIA A10G, 0 %, 0 %, 0 MiB, 23028 MiB
2026/02/25 16:10:06.331, 2, NVIDIA A10G, 0 %, 0 %, 0 MiB, 23028 MiB
2026/02/25 16:10:06.331, 3, NVIDIA A10G, 0 %, 0 %, 0 MiB, 23028 MiB
2026/02/25 16:10:07.331, 0, NVIDIA A10G, 24 %, 9 %, 2049 MiB, 23028 MiB
2026/02/25 16:10:07.331, 1, NVIDIA A10G, 0 %, 0 %, 0 MiB, 23028 MiB
2026/02/25 16:10:07.331, 2, NVIDIA A10G, 0 %, 0 %, 0 MiB, 23028 MiB
2026/02/25 16:10:07.332, 3, NVIDIA A10G, 0 %, 0 %, 0 MiB, 23028 MiB
2026/02/25 16:10:08.332, 0, NVIDIA A10G, 22 %, 8 %, 2049 MiB, 23028 MiB
2026/02/25 16:10:08.332, 1, NVIDIA A10G, 0 %, 0 %, 0 MiB, 23028 MiB
2026/02/25 16:10:08.332, 2, NVIDIA A10G, 0 %, 0 %, 0 MiB, 23028 MiB
2026/02/25 16:10:08.332, 3, NVIDIA A10G, 0 %, 0 %, 0 MiB, 23028 MiB
2026/02/25 16:10:09.332, 0, NVIDIA A10G, 21 %, 7 %, 2049 MiB, 23028 MiB
2026/02/25 16:10:09.332, 1, NVIDIA A10G, 0 %, 0 %, 0 MiB, 23028 MiB
2026/02/25 16:10:09.332, 2, NVIDIA A10G, 0 %, 0 %, 0 MiB, 23028 MiB
2026/02/25 16:10:09.332, 3, NVIDIA A10G, 0 %, 0 %, 0 MiB, 23028 MiB
2026/02/25 16:10:10.332, 0, NVIDIA A10G, 22 %, 8 %, 2049 MiB, 23028 MiB
2026/02/25 16:10:10.332, 1, NVIDIA A10G, 0 %, 0 %, 0 MiB, 23028 MiB
2026/02/25 16:10:10.333, 2, NVIDIA A10G, 0 %, 0 %, 0 MiB, 23028 MiB
2026/02/25 16:10:10.333, 3, NVIDIA A10G, 0 %, 0 %, 0 MiB, 23028 MiB
2026/02/25 16:10:11.333, 0, NVIDIA A10G, 23 %, 8 %, 2049 MiB, 23028 MiB
2026/02/25 16:10:11.333, 1, NVIDIA A10G, 0 %, 0 %, 0 MiB, 23028 MiB
2026/02/25 16:10:11.333, 2, NVIDIA A10G, 0 %, 0 %, 0 MiB, 23028 MiB
2026/02/25 16:10:11.333, 3, NVIDIA A10G, 0 %, 0 %, 0 MiB, 23028 MiB
2026/02/25 16:10:12.333, 0, NVIDIA A10G, 22 %, 7 %, 2049 MiB, 23028 MiB
2026/02/25 16:10:12.333, 1, NVIDIA A10G, 0 %, 0 %, 0 MiB, 23028 MiB
2026/02/25 16:10:12.333, 2, NVIDIA A10G, 0 %, 0 %, 0 MiB, 23028 MiB
2026/02/25 16:10:12.333, 3, NVIDIA A10G, 0 %, 0 %, 0 MiB, 23028 MiB
2026/02/25 16:10:13.334, 0, NVIDIA A10G, 21 %, 8 %, 2049 MiB, 23028 MiB
2026/02/25 16:10:13.334, 1, NVIDIA A10G, 0 %, 0 %, 0 MiB, 23028 MiB
2026/02/25 16:10:13.334, 2, NVIDIA A10G, 0 %, 0 %, 0 MiB, 23028 MiB
2026/02/25 16:10:13.334, 3, NVIDIA A10G, 0 %, 0 %, 0 MiB, 23028 MiB
2026/02/25 16:10:14.334, 0, NVIDIA A10G, 24 %, 10 %, 2049 MiB, 23028 MiB
2026/02/25 16:10:14.334, 1, NVIDIA A10G, 0 %, 0 %, 0 MiB, 23028 MiB
2026/02/25 16:10:14.334, 2, NVIDIA A10G, 0 %, 0 %, 0 MiB, 23028 MiB
2026/02/25 16:10:14.334, 3, NVIDIA A10G, 0 %, 0 %, 0 MiB, 23028 MiB
2026/02/25 16:10:15.334, 0, NVIDIA A10G, 23 %, 8 %, 2049 MiB, 23028 MiB
2026/02/25 16:10:15.335, 1, NVIDIA A10G, 0 %, 0 %, 0 MiB, 23028 MiB
2026/02/25 16:10:15.335, 2, NVIDIA A10G, 0 %, 0 %, 0 MiB, 23028 MiB
2026/02/25 16:10:15.335, 3, NVIDIA A10G, 0 %, 0 %, 0 MiB, 23028 MiB
2026/02/25 16:10:16.335, 0, NVIDIA A10G, 23 %, 8 %, 2049 MiB, 23028 MiB
2026/02/25 16:10:16.335, 1, NVIDIA A10G, 0 %, 0 %, 0 MiB, 23028 MiB
2026/02/25 16:10:16.335, 2, NVIDIA A10G, 0 %, 0 %, 0 MiB, 23028 MiB
2026/02/25 16:10:16.335, 3, NVIDIA A10G, 0 %, 0 %, 0 MiB, 23028 MiB
2026/02/25 16:10:17.335, 0, NVIDIA A10G, 22 %, 8 %, 2049 MiB, 23028 MiB
2026/02/25 16:10:17.335, 1, NVIDIA A10G, 0 %, 0 %, 0 MiB, 23028 MiB
2026/02/25 16:10:17.335, 2, NVIDIA A10G, 0 %, 0 %, 0 MiB, 23028 MiB
2026/02/25 16:10:17.335, 3, NVIDIA A10G, 0 %, 0 %, 0 MiB, 23028 MiB
2026/02/25 16:10:18.336, 0, NVIDIA A10G, 22 %, 7 %, 2049 MiB, 23028 MiB
2026/02/25 16:10:18.336, 1, NVIDIA A10G, 0 %, 0 %, 0 MiB, 23028 MiB
2026/02/25 16:10:18.336, 2, NVIDIA A10G, 0 %, 0 %, 0 MiB, 23028 MiB
2026/02/25 16:10:18.336, 3, NVIDIA A10G, 0 %, 0 %, 0 MiB, 23028 MiB
2026/02/25 16:10:19.336, 0, NVIDIA A10G, 15 %, 5 %, 2049 MiB, 23028 MiB
2026/02/25 16:10:19.336, 1, NVIDIA A10G, 0 %, 0 %, 0 MiB, 23028 MiB
2026/02/25 16:10:19.336, 2, NVIDIA A10G, 0 %, 0 %, 0 MiB, 23028 MiB
2026/02/25 16:10:19.336, 3, NVIDIA A10G, 0 %, 0 %, 0 MiB, 23028 MiB
2026/02/25 16:10:20.336, 0, NVIDIA A10G, 0 %, 0 %, 2049 MiB, 23028 MiB
2026/02/25 16:10:20.337, 1, NVIDIA A10G, 0 %, 0 %, 0 MiB, 23028 MiB
2026/02/25 16:10:20.337, 2, NVIDIA A10G, 0 %, 0 %, 0 MiB, 23028 MiB
2026/02/25 16:10:20.337, 3, NVIDIA A10G, 0 %, 0 %, 0 MiB, 23028 MiB
2026/02/25 16:10:21.337, 0, NVIDIA A10G, 0 %, 0 %, 2049 MiB, 23028 MiB
2026/02/25 16:10:21.337, 1, NVIDIA A10G, 0 %, 0 %, 0 MiB, 23028 MiB
2026/02/25 16:10:21.337, 2, NVIDIA A10G, 0 %, 0 %, 0 MiB, 23028 MiB
2026/02/25 16:10:21.337, 3, NVIDIA A10G, 0 %, 0 %, 0 MiB, 23028 MiB
2026/02/25 16:10:22.337, 0, NVIDIA A10G, 0 %, 0 %, 2049 MiB, 23028 MiB
2026/02/25 16:10:22.337, 1, NVIDIA A10G, 0 %, 0 %, 0 MiB, 23028 MiB
2026/02/25 16:10:22.338, 2, NVIDIA A10G, 0 %, 0 %, 0 MiB, 23028 MiB
2026/02/25 16:10:22.338, 3, NVIDIA A10G, 0 %, 0 %, 0 MiB, 23028 MiB
2026/02/25 16:10:23.338, 0, NVIDIA A10G, 0 %, 0 %, 2049 MiB, 23028 MiB
2026/02/25 16:10:23.338, 1, NVIDIA A10G, 0 %, 0 %, 0 MiB, 23028 MiB
2026/02/25 16:10:23.338, 2, NVIDIA A10G, 0 %, 0 %, 0 MiB, 23028 MiB
2026/02/25 16:10:23.338, 3, NVIDIA A10G, 0 %, 0 %, 0 MiB, 23028 MiB
2026/02/25 16:10:24.338, 0, NVIDIA A10G, 0 %, 0 %, 2049 MiB, 23028 MiB
2026/02/25 16:10:24.338, 1, NVIDIA A10G, 0 %, 0 %, 0 MiB, 23028 MiB
2026/02/25 16:10:24.338, 2, NVIDIA A10G, 0 %, 0 %, 0 MiB, 23028 MiB
2026/02/25 16:10:24.338, 3, NVIDIA A10G, 0 %, 0 %, 0 MiB, 23028 MiB
2026/02/25 16:10:25.338, 0, NVIDIA A10G, 0 %, 0 %, 2049 MiB, 23028 MiB
2026/02/25 16:10:25.338, 1, NVIDIA A10G, 0 %, 0 %, 0 MiB, 23028 MiB
2026/02/25 16:10:25.338, 2, NVIDIA A10G, 0 %, 0 %, 0 MiB, 23028 MiB
2026/02/25 16:10:25.338, 3, NVIDIA A10G, 0 %, 0 %, 0 MiB, 23028 MiB
2026/02/25 16:10:26.339, 0, NVIDIA A10G, 0 %, 0 %, 2049 MiB, 23028 MiB
2026/02/25 16:10:26.339, 1, NVIDIA A10G, 0 %, 0 %, 0 MiB, 23028 MiB
2026/02/25 16:10:26.339, 2, NVIDIA A10G, 0 %, 0 %, 0 MiB, 23028 MiB
2026/02/25 16:10:26.339, 3, NVIDIA A10G, 0 %, 0 %, 0 MiB, 23028 MiB
2026/02/25 16:10:27.339, 0, NVIDIA A10G, 76 %, 50 %, 2049 MiB, 23028 MiB
2026/02/25 16:10:27.339, 1, NVIDIA A10G, 0 %, 0 %, 0 MiB, 23028 MiB
2026/02/25 16:10:27.339, 2, NVIDIA A10G, 0 %, 0 %, 0 MiB, 23028 MiB
2026/02/25 16:10:27.339, 3, NVIDIA A10G, 0 %, 0 %, 0 MiB, 23028 MiB
2026/02/25 16:10:28.339, 0, NVIDIA A10G, 24 %, 8 %, 2049 MiB, 23028 MiB
2026/02/25 16:10:28.339, 1, NVIDIA A10G, 0 %, 0 %, 0 MiB, 23028 MiB
2026/02/25 16:10:28.340, 2, NVIDIA A10G, 0 %, 0 %, 0 MiB, 23028 MiB
2026/02/25 16:10:28.340, 3, NVIDIA A10G, 0 %, 0 %, 0 MiB, 23028 MiB
2026/02/25 16:10:29.340, 0, NVIDIA A10G, 20 %, 6 %, 2049 MiB, 23028 MiB
2026/02/25 16:10:29.340, 1, NVIDIA A10G, 0 %, 0 %, 0 MiB, 23028 MiB
2026/02/25 16:10:29.340, 2, NVIDIA A10G, 0 %, 0 %, 0 MiB, 23028 MiB
2026/02/25 16:10:29.340, 3, NVIDIA A10G, 0 %, 0 %, 0 MiB, 23028 MiB
2026/02/25 16:10:30.340, 0, NVIDIA A10G, 21 %, 6 %, 2049 MiB, 23028 MiB
2026/02/25 16:10:30.341, 1, NVIDIA A10G, 0 %, 0 %, 0 MiB, 23028 MiB
2026/02/25 16:10:30.341, 2, NVIDIA A10G, 0 %, 0 %, 0 MiB, 23028 MiB
2026/02/25 16:10:30.341, 3, NVIDIA A10G, 0 %, 0 %, 0 MiB, 23028 MiB
2026/02/25 16:10:31.341, 0, NVIDIA A10G, 23 %, 8 %, 2049 MiB, 23028 MiB
2026/02/25 16:10:31.341, 1, NVIDIA A10G, 0 %, 0 %, 0 MiB, 23028 MiB
2026/02/25 16:10:31.341, 2, NVIDIA A10G, 0 %, 0 %, 0 MiB, 23028 MiB
2026/02/25 16:10:31.341, 3, NVIDIA A10G, 0 %, 0 %, 0 MiB, 23028 MiB
2026/02/25 16:10:32.341, 0, NVIDIA A10G, 21 %, 6 %, 2049 MiB, 23028 MiB
2026/02/25 16:10:32.341, 1, NVIDIA A10G, 0 %, 0 %, 0 MiB, 23028 MiB
2026/02/25 16:10:32.341, 2, NVIDIA A10G, 0 %, 0 %, 0 MiB, 23028 MiB
2026/02/25 16:10:32.341, 3, NVIDIA A10G, 0 %, 0 %, 0 MiB, 23028 MiB
2026/02/25 16:10:33.341, 0, NVIDIA A10G, 21 %, 7 %, 2049 MiB, 23028 MiB
2026/02/25 16:10:33.342, 1, NVIDIA A10G, 0 %, 0 %, 0 MiB, 23028 MiB
2026/02/25 16:10:33.342, 2, NVIDIA A10G, 0 %, 0 %, 0 MiB, 23028 MiB
2026/02/25 16:10:33.342, 3, NVIDIA A10G, 0 %, 0 %, 0 MiB, 23028 MiB
2026/02/25 16:10:34.342, 0, NVIDIA A10G, 22 %, 8 %, 2049 MiB, 23028 MiB
2026/02/25 16:10:34.342, 1, NVIDIA A10G, 0 %, 0 %, 0 MiB, 23028 MiB
2026/02/25 16:10:34.342, 2, NVIDIA A10G, 0 %, 0 %, 0 MiB, 23028 MiB
2026/02/25 16:10:34.342, 3, NVIDIA A10G, 0 %, 0 %, 0 MiB, 23028 MiB
2026/02/25 16:10:35.342, 0, NVIDIA A10G, 22 %, 8 %, 2049 MiB, 23028 MiB
2026/02/25 16:10:35.342, 1, NVIDIA A10G, 0 %, 0 %, 0 MiB, 23028 MiB
2026/02/25 16:10:35.342, 2, NVIDIA A10G, 0 %, 0 %, 0 MiB, 23028 MiB
2026/02/25 16:10:35.342, 3, NVIDIA A10G, 0 %, 0 %, 0 MiB, 23028 MiB
2026/02/25 16:10:36.342, 0, NVIDIA A10G, 23 %, 8 %, 2049 MiB, 23028 MiB
2026/02/25 16:10:36.342, 1, NVIDIA A10G, 0 %, 0 %, 0 MiB, 23028 MiB
2026/02/25 16:10:36.342, 2, NVIDIA A10G, 0 %, 0 %, 0 MiB, 23028 MiB
2026/02/25 16:10:36.342, 3, NVIDIA A10G, 0 %, 0 %, 0 MiB, 23028 MiB
2026/02/25 16:10:37.343, 0, NVIDIA A10G, 22 %, 7 %, 2049 MiB, 23028 MiB
2026/02/25 16:10:37.343, 1, NVIDIA A10G, 0 %, 0 %, 0 MiB, 23028 MiB
2026/02/25 16:10:37.343, 2, NVIDIA A10G, 0 %, 0 %, 0 MiB, 23028 MiB
2026/02/25 16:10:37.343, 3, NVIDIA A10G, 0 %, 0 %, 0 MiB, 23028 MiB
2026/02/25 16:10:38.343, 0, NVIDIA A10G, 0 %, 0 %, 2049 MiB, 23028 MiB
2026/02/25 16:10:38.343, 1, NVIDIA A10G, 0 %, 0 %, 0 MiB, 23028 MiB
2026/02/25 16:10:38.343, 2, NVIDIA A10G, 0 %, 0 %, 0 MiB, 23028 MiB
2026/02/25 16:10:38.343, 3, NVIDIA A10G, 0 %, 0 %, 0 MiB, 23028 MiB
2026/02/25 16:10:39.343, 0, NVIDIA A10G, 0 %, 0 %, 2049 MiB, 23028 MiB
2026/02/25 16:10:39.343, 1, NVIDIA A10G, 0 %, 0 %, 0 MiB, 23028 MiB
2026/02/25 16:10:39.343, 2, NVIDIA A10G, 0 %, 0 %, 0 MiB, 23028 MiB
2026/02/25 16:10:39.343, 3, NVIDIA A10G, 0 %, 0 %, 0 MiB, 23028 MiB
2026/02/25 16:10:40.343, 0, NVIDIA A10G, 0 %, 0 %, 2049 MiB, 23028 MiB
2026/02/25 16:10:40.344, 1, NVIDIA A10G, 0 %, 0 %, 0 MiB, 23028 MiB
2026/02/25 16:10:40.344, 2, NVIDIA A10G, 0 %, 0 %, 0 MiB, 23028 MiB
2026/02/25 16:10:40.344, 3, NVIDIA A10G, 0 %, 0 %, 0 MiB, 23028 MiB
2026/02/25 16:10:41.344, 0, NVIDIA A10G, 0 %, 0 %, 2049 MiB, 23028 MiB
2026/02/25 16:10:41.344, 1, NVIDIA A10G, 0 %, 0 %, 0 MiB, 23028 MiB
2026/02/25 16:10:41.344, 2, NVIDIA A10G, 0 %, 0 %, 0 MiB, 23028 MiB
2026/02/25 16:10:41.344, 3, NVIDIA A10G, 0 %, 0 %, 0 MiB, 23028 MiB
2026/02/25 16:10:42.344, 0, NVIDIA A10G, 0 %, 0 %, 2049 MiB, 23028 MiB
2026/02/25 16:10:42.344, 1, NVIDIA A10G, 0 %, 0 %, 0 MiB, 23028 MiB
2026/02/25 16:10:42.344, 2, NVIDIA A10G, 0 %, 0 %, 0 MiB, 23028 MiB
2026/02/25 16:10:42.344, 3, NVIDIA A10G, 0 %, 0 %, 0 MiB, 23028 MiB
2026/02/25 16:10:43.344, 0, NVIDIA A10G, 0 %, 0 %, 2049 MiB, 23028 MiB
2026/02/25 16:10:43.345, 1, NVIDIA A10G, 0 %, 0 %, 0 MiB, 23028 MiB
2026/02/25 16:10:43.345, 2, NVIDIA A10G, 0 %, 0 %, 0 MiB, 23028 MiB
2026/02/25 16:10:43.345, 3, NVIDIA A10G, 0 %, 0 %, 0 MiB, 23028 MiB
2026/02/25 16:10:44.345, 0, NVIDIA A10G, 23 %, 8 %, 2049 MiB, 23028 MiB
2026/02/25 16:10:44.345, 1, NVIDIA A10G, 0 %, 0 %, 0 MiB, 23028 MiB
2026/02/25 16:10:44.345, 2, NVIDIA A10G, 0 %, 0 %, 0 MiB, 23028 MiB
2026/02/25 16:10:44.345, 3, NVIDIA A10G, 0 %, 0 %, 0 MiB, 23028 MiB
2026/02/25 16:10:45.345, 0, NVIDIA A10G, 23 %, 8 %, 2049 MiB, 23028 MiB
2026/02/25 16:10:45.345, 1, NVIDIA A10G, 0 %, 0 %, 0 MiB, 23028 MiB
2026/02/25 16:10:45.345, 2, NVIDIA A10G, 0 %, 0 %, 0 MiB, 23028 MiB
2026/02/25 16:10:45.345, 3, NVIDIA A10G, 0 %, 0 %, 0 MiB, 23028 MiB
2026/02/25 16:10:46.345, 0, NVIDIA A10G, 23 %, 8 %, 2049 MiB, 23028 MiB
2026/02/25 16:10:46.345, 1, NVIDIA A10G, 0 %, 0 %, 0 MiB, 23028 MiB
2026/02/25 16:10:46.345, 2, NVIDIA A10G, 0 %, 0 %, 0 MiB, 23028 MiB
2026/02/25 16:10:46.346, 3, NVIDIA A10G, 0 %, 0 %, 0 MiB, 23028 MiB
2026/02/25 16:10:47.346, 0, NVIDIA A10G, 22 %, 8 %, 2049 MiB, 23028 MiB
2026/02/25 16:10:47.346, 1, NVIDIA A10G, 0 %, 0 %, 0 MiB, 23028 MiB
2026/02/25 16:10:47.346, 2, NVIDIA A10G, 0 %, 0 %, 0 MiB, 23028 MiB
2026/02/25 16:10:47.346, 3, NVIDIA A10G, 0 %, 0 %, 0 MiB, 23028 MiB
2026/02/25 16:10:48.346, 0, NVIDIA A10G, 22 %, 8 %, 2049 MiB, 23028 MiB
2026/02/25 16:10:48.346, 1, NVIDIA A10G, 0 %, 0 %, 0 MiB, 23028 MiB
2026/02/25 16:10:48.346, 2, NVIDIA A10G, 0 %, 0 %, 0 MiB, 23028 MiB
2026/02/25 16:10:48.346, 3, NVIDIA A10G, 0 %, 0 %, 0 MiB, 23028 MiB
2026/02/25 16:10:49.346, 0, NVIDIA A10G, 22 %, 7 %, 2049 MiB, 23028 MiB
2026/02/25 16:10:49.346, 1, NVIDIA A10G, 0 %, 0 %, 0 MiB, 23028 MiB
2026/02/25 16:10:49.346, 2, NVIDIA A10G, 0 %, 0 %, 0 MiB, 23028 MiB
2026/02/25 16:10:49.346, 3, NVIDIA A10G, 0 %, 0 %, 0 MiB, 23028 MiB
2026/02/25 16:10:50.347, 0, NVIDIA A10G, 0 %, 0 %, 2049 MiB, 23028 MiB
2026/02/25 16:10:50.347, 1, NVIDIA A10G, 0 %, 0 %, 0 MiB, 23028 MiB
2026/02/25 16:10:50.347, 2, NVIDIA A10G, 0 %, 0 %, 0 MiB, 23028 MiB
2026/02/25 16:10:50.347, 3, NVIDIA A10G, 0 %, 0 %, 0 MiB, 23028 MiB
2026/02/25 16:10:51.347, 0, NVIDIA A10G, 0 %, 0 %, 2049 MiB, 23028 MiB
2026/02/25 16:10:51.347, 1, NVIDIA A10G, 0 %, 0 %, 0 MiB, 23028 MiB
2026/02/25 16:10:51.347, 2, NVIDIA A10G, 0 %, 0 %, 0 MiB, 23028 MiB
2026/02/25 16:10:51.348, 3, NVIDIA A10G, 0 %, 0 %, 0 MiB, 23028 MiB
2026/02/25 16:10:52.348, 0, NVIDIA A10G, 0 %, 0 %, 2049 MiB, 23028 MiB
2026/02/25 16:10:52.348, 1, NVIDIA A10G, 0 %, 0 %, 0 MiB, 23028 MiB
2026/02/25 16:10:52.348, 2, NVIDIA A10G, 0 %, 0 %, 0 MiB, 23028 MiB
2026/02/25 16:10:52.348, 3, NVIDIA A10G, 0 %, 0 %, 0 MiB, 23028 MiB
2026/02/25 16:10:53.348, 0, NVIDIA A10G, 0 %, 0 %, 2049 MiB, 23028 MiB
2026/02/25 16:10:53.348, 1, NVIDIA A10G, 0 %, 0 %, 0 MiB, 23028 MiB
2026/02/25 16:10:53.348, 2, NVIDIA A10G, 0 %, 0 %, 0 MiB, 23028 MiB
2026/02/25 16:10:53.348, 3, NVIDIA A10G, 0 %, 0 %, 0 MiB, 23028 MiB
2026/02/25 16:10:54.348, 0, NVIDIA A10G, 0 %, 0 %, 2049 MiB, 23028 MiB
2026/02/25 16:10:54.349, 1, NVIDIA A10G, 0 %, 0 %, 0 MiB, 23028 MiB
2026/02/25 16:10:54.349, 2, NVIDIA A10G, 0 %, 0 %, 0 MiB, 23028 MiB
2026/02/25 16:10:54.349, 3, NVIDIA A10G, 0 %, 0 %, 0 MiB, 23028 MiB
2026/02/25 16:10:55.349, 0, NVIDIA A10G, 0 %, 0 %, 2049 MiB, 23028 MiB
2026/02/25 16:10:55.349, 1, NVIDIA A10G, 0 %, 0 %, 0 MiB, 23028 MiB
2026/02/25 16:10:55.349, 2, NVIDIA A10G, 0 %, 0 %, 0 MiB, 23028 MiB
2026/02/25 16:10:55.349, 3, NVIDIA A10G, 0 %, 0 %, 0 MiB, 23028 MiB
2026/02/25 16:10:56.349, 0, NVIDIA A10G, 0 %, 0 %, 2049 MiB, 23028 MiB
2026/02/25 16:10:56.349, 1, NVIDIA A10G, 0 %, 0 %, 0 MiB, 23028 MiB
2026/02/25 16:10:56.349, 2, NVIDIA A10G, 0 %, 0 %, 0 MiB, 23028 MiB
2026/02/25 16:10:56.349, 3, NVIDIA A10G, 0 %, 0 %, 0 MiB, 23028 MiB
2026/02/25 16:10:57.350, 0, NVIDIA A10G, 0 %, 0 %, 2049 MiB, 23028 MiB
2026/02/25 16:10:57.350, 1, NVIDIA A10G, 0 %, 0 %, 0 MiB, 23028 MiB
2026/02/25 16:10:57.350, 2, NVIDIA A10G, 0 %, 0 %, 0 MiB, 23028 MiB
2026/02/25 16:10:57.350, 3, NVIDIA A10G, 0 %, 0 %, 0 MiB, 23028 MiB
2026/02/25 16:10:58.350, 0, NVIDIA A10G, 0 %, 0 %, 2049 MiB, 23028 MiB
2026/02/25 16:10:58.350, 1, NVIDIA A10G, 0 %, 0 %, 0 MiB, 23028 MiB
2026/02/25 16:10:58.350, 2, NVIDIA A10G, 0 %, 0 %, 0 MiB, 23028 MiB
2026/02/25 16:10:58.350, 3, NVIDIA A10G, 0 %, 0 %, 0 MiB, 23028 MiB
2026/02/25 16:10:59.350, 0, NVIDIA A10G, 16 %, 6 %, 2049 MiB, 23028 MiB
2026/02/25 16:10:59.350, 1, NVIDIA A10G, 0 %, 0 %, 0 MiB, 23028 MiB
2026/02/25 16:10:59.350, 2, NVIDIA A10G, 0 %, 0 %, 0 MiB, 23028 MiB
2026/02/25 16:10:59.350, 3, NVIDIA A10G, 0 %, 0 %, 0 MiB, 23028 MiB
2026/02/25 16:11:00.351, 0, NVIDIA A10G, 21 %, 8 %, 2049 MiB, 23028 MiB
2026/02/25 16:11:00.351, 1, NVIDIA A10G, 0 %, 0 %, 0 MiB, 23028 MiB
2026/02/25 16:11:00.351, 2, NVIDIA A10G, 0 %, 0 %, 0 MiB, 23028 MiB
2026/02/25 16:11:00.351, 3, NVIDIA A10G, 0 %, 0 %, 0 MiB, 23028 MiB
2026/02/25 16:11:01.351, 0, NVIDIA A10G, 25 %, 9 %, 2049 MiB, 23028 MiB
2026/02/25 16:11:01.351, 1, NVIDIA A10G, 0 %, 0 %, 0 MiB, 23028 MiB
2026/02/25 16:11:01.351, 2, NVIDIA A10G, 0 %, 0 %, 0 MiB, 23028 MiB
2026/02/25 16:11:01.351, 3, NVIDIA A10G, 0 %, 0 %, 0 MiB, 23028 MiB
2026/02/25 16:11:02.351, 0, NVIDIA A10G, 24 %, 9 %, 2049 MiB, 23028 MiB
2026/02/25 16:11:02.351, 1, NVIDIA A10G, 0 %, 0 %, 0 MiB, 23028 MiB
2026/02/25 16:11:02.351, 2, NVIDIA A10G, 0 %, 0 %, 0 MiB, 23028 MiB
2026/02/25 16:11:02.351, 3, NVIDIA A10G, 0 %, 0 %, 0 MiB, 23028 MiB
2026/02/25 16:11:03.352, 0, NVIDIA A10G, 23 %, 8 %, 2049 MiB, 23028 MiB
2026/02/25 16:11:03.352, 1, NVIDIA A10G, 0 %, 0 %, 0 MiB, 23028 MiB
2026/02/25 16:11:03.352, 2, NVIDIA A10G, 0 %, 0 %, 0 MiB, 23028 MiB
2026/02/25 16:11:03.352, 3, NVIDIA A10G, 0 %, 0 %, 0 MiB, 23028 MiB
2026/02/25 16:11:04.352, 0, NVIDIA A10G, 23 %, 8 %, 2049 MiB, 23028 MiB
2026/02/25 16:11:04.352, 1, NVIDIA A10G, 0 %, 0 %, 0 MiB, 23028 MiB
2026/02/25 16:11:04.352, 2, NVIDIA A10G, 0 %, 0 %, 0 MiB, 23028 MiB
2026/02/25 16:11:04.352, 3, NVIDIA A10G, 0 %, 0 %, 0 MiB, 23028 MiB
2026/02/25 16:11:05.352, 0, NVIDIA A10G, 23 %, 8 %, 2049 MiB, 23028 MiB
2026/02/25 16:11:05.352, 1, NVIDIA A10G, 0 %, 0 %, 0 MiB, 23028 MiB
2026/02/25 16:11:05.352, 2, NVIDIA A10G, 0 %, 0 %, 0 MiB, 23028 MiB
2026/02/25 16:11:05.352, 3, NVIDIA A10G, 0 %, 0 %, 0 MiB, 23028 MiB
2026/02/25 16:11:06.352, 0, NVIDIA A10G, 23 %, 8 %, 2049 MiB, 23028 MiB
2026/02/25 16:11:06.352, 1, NVIDIA A10G, 0 %, 0 %, 0 MiB, 23028 MiB
2026/02/25 16:11:06.353, 2, NVIDIA A10G, 0 %, 0 %, 0 MiB, 23028 MiB
2026/02/25 16:11:06.353, 3, NVIDIA A10G, 0 %, 0 %, 0 MiB, 23028 MiB
2026/02/25 16:11:07.353, 0, NVIDIA A10G, 23 %, 8 %, 2049 MiB, 23028 MiB
2026/02/25 16:11:07.353, 1, NVIDIA A10G, 0 %, 0 %, 0 MiB, 23028 MiB
2026/02/25 16:11:07.353, 2, NVIDIA A10G, 0 %, 0 %, 0 MiB, 23028 MiB
2026/02/25 16:11:07.353, 3, NVIDIA A10G, 0 %, 0 %, 0 MiB, 23028 MiB
2026/02/25 16:11:08.353, 0, NVIDIA A10G, 23 %, 8 %, 2049 MiB, 23028 MiB
2026/02/25 16:11:08.353, 1, NVIDIA A10G, 0 %, 0 %, 0 MiB, 23028 MiB
2026/02/25 16:11:08.353, 2, NVIDIA A10G, 0 %, 0 %, 0 MiB, 23028 MiB
2026/02/25 16:11:08.353, 3, NVIDIA A10G, 0 %, 0 %, 0 MiB, 23028 MiB
2026/02/25 16:11:09.353, 0, NVIDIA A10G, 0 %, 0 %, 2049 MiB, 23028 MiB
2026/02/25 16:11:09.354, 1, NVIDIA A10G, 0 %, 0 %, 0 MiB, 23028 MiB
2026/02/25 16:11:09.354, 2, NVIDIA A10G, 0 %, 0 %, 0 MiB, 23028 MiB
2026/02/25 16:11:09.354, 3, NVIDIA A10G, 0 %, 0 %, 0 MiB, 23028 MiB
2026/02/25 16:11:10.354, 0, NVIDIA A10G, 0 %, 0 %, 2049 MiB, 23028 MiB
2026/02/25 16:11:10.354, 1, NVIDIA A10G, 0 %, 0 %, 0 MiB, 23028 MiB
2026/02/25 16:11:10.354, 2, NVIDIA A10G, 0 %, 0 %, 0 MiB, 23028 MiB
2026/02/25 16:11:10.354, 3, NVIDIA A10G, 0 %, 0 %, 0 MiB, 23028 MiB
2026/02/25 16:11:11.354, 0, NVIDIA A10G, 0 %, 0 %, 2049 MiB, 23028 MiB
2026/02/25 16:11:11.354, 1, NVIDIA A10G, 0 %, 0 %, 0 MiB, 23028 MiB
2026/02/25 16:11:11.354, 2, NVIDIA A10G, 0 %, 0 %, 0 MiB, 23028 MiB
2026/02/25 16:11:11.354, 3, NVIDIA A10G, 0 %, 0 %, 0 MiB, 23028 MiB
2026/02/25 16:11:12.355, 0, NVIDIA A10G, 0 %, 0 %, 2049 MiB, 23028 MiB
2026/02/25 16:11:12.355, 1, NVIDIA A10G, 0 %, 0 %, 0 MiB, 23028 MiB
2026/02/25 16:11:12.355, 2, NVIDIA A10G, 0 %, 0 %, 0 MiB, 23028 MiB
2026/02/25 16:11:12.355, 3, NVIDIA A10G, 0 %, 0 %, 0 MiB, 23028 MiB
2026/02/25 16:11:13.355, 0, NVIDIA A10G, 0 %, 0 %, 2049 MiB, 23028 MiB
2026/02/25 16:11:13.355, 1, NVIDIA A10G, 0 %, 0 %, 0 MiB, 23028 MiB
2026/02/25 16:11:13.355, 2, NVIDIA A10G, 0 %, 0 %, 0 MiB, 23028 MiB
2026/02/25 16:11:13.355, 3, NVIDIA A10G, 0 %, 0 %, 0 MiB, 23028 MiB
2026/02/25 16:11:14.355, 0, NVIDIA A10G, 22 %, 7 %, 2049 MiB, 23028 MiB
2026/02/25 16:11:14.355, 1, NVIDIA A10G, 0 %, 0 %, 0 MiB, 23028 MiB
2026/02/25 16:11:14.355, 2, NVIDIA A10G, 0 %, 0 %, 0 MiB, 23028 MiB
2026/02/25 16:11:14.355, 3, NVIDIA A10G, 0 %, 0 %, 0 MiB, 23028 MiB
2026/02/25 16:11:15.355, 0, NVIDIA A10G, 22 %, 7 %, 2049 MiB, 23028 MiB
2026/02/25 16:11:15.355, 1, NVIDIA A10G, 0 %, 0 %, 0 MiB, 23028 MiB
2026/02/25 16:11:15.356, 2, NVIDIA A10G, 0 %, 0 %, 0 MiB, 23028 MiB
2026/02/25 16:11:15.356, 3, NVIDIA A10G, 0 %, 0 %, 0 MiB, 23028 MiB
2026/02/25 16:11:16.356, 0, NVIDIA A10G, 23 %, 8 %, 2049 MiB, 23028 MiB
2026/02/25 16:11:16.356, 1, NVIDIA A10G, 0 %, 0 %, 0 MiB, 23028 MiB
2026/02/25 16:11:16.356, 2, NVIDIA A10G, 0 %, 0 %, 0 MiB, 23028 MiB
2026/02/25 16:11:16.356, 3, NVIDIA A10G, 0 %, 0 %, 0 MiB, 23028 MiB
2026/02/25 16:11:17.356, 0, NVIDIA A10G, 22 %, 7 %, 2049 MiB, 23028 MiB
2026/02/25 16:11:17.356, 1, NVIDIA A10G, 0 %, 0 %, 0 MiB, 23028 MiB
2026/02/25 16:11:17.356, 2, NVIDIA A10G, 0 %, 0 %, 0 MiB, 23028 MiB
2026/02/25 16:11:17.356, 3, NVIDIA A10G, 0 %, 0 %, 0 MiB, 23028 MiB
2026/02/25 16:11:18.356, 0, NVIDIA A10G, 0 %, 0 %, 2049 MiB, 23028 MiB
2026/02/25 16:11:18.356, 1, NVIDIA A10G, 0 %, 0 %, 0 MiB, 23028 MiB
2026/02/25 16:11:18.357, 2, NVIDIA A10G, 0 %, 0 %, 0 MiB, 23028 MiB
2026/02/25 16:11:18.357, 3, NVIDIA A10G, 0 %, 0 %, 0 MiB, 23028 MiB
2026/02/25 16:11:19.357, 0, NVIDIA A10G, 0 %, 0 %, 2049 MiB, 23028 MiB
2026/02/25 16:11:19.357, 1, NVIDIA A10G, 0 %, 0 %, 0 MiB, 23028 MiB
2026/02/25 16:11:19.357, 2, NVIDIA A10G, 0 %, 0 %, 0 MiB, 23028 MiB
2026/02/25 16:11:19.357, 3, NVIDIA A10G, 0 %, 0 %, 0 MiB, 23028 MiB
2026/02/25 16:11:20.357, 0, NVIDIA A10G, 0 %, 0 %, 2049 MiB, 23028 MiB
2026/02/25 16:11:20.358, 1, NVIDIA A10G, 0 %, 0 %, 0 MiB, 23028 MiB
2026/02/25 16:11:20.358, 2, NVIDIA A10G, 0 %, 0 %, 0 MiB, 23028 MiB
2026/02/25 16:11:20.358, 3, NVIDIA A10G, 0 %, 0 %, 0 MiB, 23028 MiB
2026/02/25 16:11:21.358, 0, NVIDIA A10G, 0 %, 0 %, 2049 MiB, 23028 MiB
2026/02/25 16:11:21.358, 1, NVIDIA A10G, 0 %, 0 %, 0 MiB, 23028 MiB
2026/02/25 16:11:21.358, 2, NVIDIA A10G, 0 %, 0 %, 0 MiB, 23028 MiB
2026/02/25 16:11:21.358, 3, NVIDIA A10G, 0 %, 0 %, 0 MiB, 23028 MiB
2026/02/25 16:11:22.358, 0, NVIDIA A10G, 0 %, 0 %, 2049 MiB, 23028 MiB
2026/02/25 16:11:22.358, 1, NVIDIA A10G, 0 %, 0 %, 0 MiB, 23028 MiB
2026/02/25 16:11:22.358, 2, NVIDIA A10G, 0 %, 0 %, 0 MiB, 23028 MiB
2026/02/25 16:11:22.358, 3, NVIDIA A10G, 0 %, 0 %, 0 MiB, 23028 MiB
2026/02/25 16:11:23.359, 0, NVIDIA A10G, 0 %, 0 %, 2049 MiB, 23028 MiB
2026/02/25 16:11:23.359, 1, NVIDIA A10G, 0 %, 0 %, 0 MiB, 23028 MiB
2026/02/25 16:11:23.359, 2, NVIDIA A10G, 0 %, 0 %, 0 MiB, 23028 MiB
2026/02/25 16:11:23.359, 3, NVIDIA A10G, 0 %, 0 %, 0 MiB, 23028 MiB
2026/02/25 16:11:24.359, 0, NVIDIA A10G, 0 %, 0 %, 2049 MiB, 23028 MiB
2026/02/25 16:11:24.359, 1, NVIDIA A10G, 0 %, 0 %, 0 MiB, 23028 MiB
2026/02/25 16:11:24.359, 2, NVIDIA A10G, 0 %, 0 %, 0 MiB, 23028 MiB
2026/02/25 16:11:24.359, 3, NVIDIA A10G, 0 %, 0 %, 0 MiB, 23028 MiB
2026/02/25 16:11:25.359, 0, NVIDIA A10G, 0 %, 0 %, 2049 MiB, 23028 MiB
2026/02/25 16:11:25.359, 1, NVIDIA A10G, 0 %, 0 %, 0 MiB, 23028 MiB
2026/02/25 16:11:25.359, 2, NVIDIA A10G, 0 %, 0 %, 0 MiB, 23028 MiB
2026/02/25 16:11:25.359, 3, NVIDIA A10G, 0 %, 0 %, 0 MiB, 23028 MiB
2026/02/25 16:11:26.360, 0, NVIDIA A10G, 0 %, 0 %, 2049 MiB, 23028 MiB
2026/02/25 16:11:26.360, 1, NVIDIA A10G, 0 %, 0 %, 0 MiB, 23028 MiB
2026/02/25 16:11:26.360, 2, NVIDIA A10G, 0 %, 0 %, 0 MiB, 23028 MiB
2026/02/25 16:11:26.360, 3, NVIDIA A10G, 0 %, 0 %, 0 MiB, 23028 MiB
2026/02/25 16:11:27.360, 0, NVIDIA A10G, 0 %, 0 %, 2049 MiB, 23028 MiB
2026/02/25 16:11:27.360, 1, NVIDIA A10G, 0 %, 0 %, 0 MiB, 23028 MiB
2026/02/25 16:11:27.360, 2, NVIDIA A10G, 0 %, 0 %, 0 MiB, 23028 MiB
2026/02/25 16:11:27.360, 3, NVIDIA A10G, 0 %, 0 %, 0 MiB, 23028 MiB
2026/02/25 16:11:28.360, 0, NVIDIA A10G, 23 %, 8 %, 2049 MiB, 23028 MiB
2026/02/25 16:11:28.360, 1, NVIDIA A10G, 0 %, 0 %, 0 MiB, 23028 MiB
2026/02/25 16:11:28.360, 2, NVIDIA A10G, 0 %, 0 %, 0 MiB, 23028 MiB
2026/02/25 16:11:28.360, 3, NVIDIA A10G, 0 %, 0 %, 0 MiB, 23028 MiB
2026/02/25 16:11:29.361, 0, NVIDIA A10G, 24 %, 9 %, 2049 MiB, 23028 MiB
2026/02/25 16:11:29.361, 1, NVIDIA A10G, 0 %, 0 %, 0 MiB, 23028 MiB
2026/02/25 16:11:29.361, 2, NVIDIA A10G, 0 %, 0 %, 0 MiB, 23028 MiB
2026/02/25 16:11:29.361, 3, NVIDIA A10G, 0 %, 0 %, 0 MiB, 23028 MiB
2026/02/25 16:11:30.361, 0, NVIDIA A10G, 23 %, 8 %, 2049 MiB, 23028 MiB
2026/02/25 16:11:30.361, 1, NVIDIA A10G, 0 %, 0 %, 0 MiB, 23028 MiB
2026/02/25 16:11:30.361, 2, NVIDIA A10G, 0 %, 0 %, 0 MiB, 23028 MiB
2026/02/25 16:11:30.361, 3, NVIDIA A10G, 0 %, 0 %, 0 MiB, 23028 MiB
2026/02/25 16:11:31.361, 0, NVIDIA A10G, 23 %, 8 %, 2049 MiB, 23028 MiB
2026/02/25 16:11:31.361, 1, NVIDIA A10G, 0 %, 0 %, 0 MiB, 23028 MiB
2026/02/25 16:11:31.362, 2, NVIDIA A10G, 0 %, 0 %, 0 MiB, 23028 MiB
2026/02/25 16:11:31.362, 3, NVIDIA A10G, 0 %, 0 %, 0 MiB, 23028 MiB
2026/02/25 16:11:32.362, 0, NVIDIA A10G, 23 %, 8 %, 2049 MiB, 23028 MiB
2026/02/25 16:11:32.362, 1, NVIDIA A10G, 0 %, 0 %, 0 MiB, 23028 MiB
2026/02/25 16:11:32.362, 2, NVIDIA A10G, 0 %, 0 %, 0 MiB, 23028 MiB
2026/02/25 16:11:32.362, 3, NVIDIA A10G, 0 %, 0 %, 0 MiB, 23028 MiB
2026/02/25 16:11:33.362, 0, NVIDIA A10G, 20 %, 6 %, 2049 MiB, 23028 MiB
2026/02/25 16:11:33.362, 1, NVIDIA A10G, 0 %, 0 %, 0 MiB, 23028 MiB
2026/02/25 16:11:33.362, 2, NVIDIA A10G, 0 %, 0 %, 0 MiB, 23028 MiB
2026/02/25 16:11:33.362, 3, NVIDIA A10G, 0 %, 0 %, 0 MiB, 23028 MiB
2026/02/25 16:11:34.362, 0, NVIDIA A10G, 22 %, 7 %, 2049 MiB, 23028 MiB
2026/02/25 16:11:34.363, 1, NVIDIA A10G, 0 %, 0 %, 0 MiB, 23028 MiB
2026/02/25 16:11:34.363, 2, NVIDIA A10G, 0 %, 0 %, 0 MiB, 23028 MiB
2026/02/25 16:11:34.363, 3, NVIDIA A10G, 0 %, 0 %, 0 MiB, 23028 MiB
2026/02/25 16:11:35.363, 0, NVIDIA A10G, 21 %, 7 %, 2049 MiB, 23028 MiB
2026/02/25 16:11:35.363, 1, NVIDIA A10G, 0 %, 0 %, 0 MiB, 23028 MiB
2026/02/25 16:11:35.363, 2, NVIDIA A10G, 0 %, 0 %, 0 MiB, 23028 MiB
2026/02/25 16:11:35.363, 3, NVIDIA A10G, 0 %, 0 %, 0 MiB, 23028 MiB
2026/02/25 16:11:36.363, 0, NVIDIA A10G, 22 %, 8 %, 2049 MiB, 23028 MiB
2026/02/25 16:11:36.363, 1, NVIDIA A10G, 0 %, 0 %, 0 MiB, 23028 MiB
2026/02/25 16:11:36.363, 2, NVIDIA A10G, 0 %, 0 %, 0 MiB, 23028 MiB
2026/02/25 16:11:36.363, 3, NVIDIA A10G, 0 %, 0 %, 0 MiB, 23028 MiB
2026/02/25 16:11:37.363, 0, NVIDIA A10G, 0 %, 0 %, 2049 MiB, 23028 MiB
2026/02/25 16:11:37.363, 1, NVIDIA A10G, 0 %, 0 %, 0 MiB, 23028 MiB
2026/02/25 16:11:37.363, 2, NVIDIA A10G, 0 %, 0 %, 0 MiB, 23028 MiB
2026/02/25 16:11:37.363, 3, NVIDIA A10G, 0 %, 0 %, 0 MiB, 23028 MiB
2026/02/25 16:11:38.364, 0, NVIDIA A10G, 0 %, 0 %, 2049 MiB, 23028 MiB
2026/02/25 16:11:38.364, 1, NVIDIA A10G, 0 %, 0 %, 0 MiB, 23028 MiB
2026/02/25 16:11:38.364, 2, NVIDIA A10G, 0 %, 0 %, 0 MiB, 23028 MiB
2026/02/25 16:11:38.364, 3, NVIDIA A10G, 0 %, 0 %, 0 MiB, 23028 MiB
2026/02/25 16:11:39.364, 0, NVIDIA A10G, 0 %, 0 %, 2049 MiB, 23028 MiB
2026/02/25 16:11:39.364, 1, NVIDIA A10G, 0 %, 0 %, 0 MiB, 23028 MiB
2026/02/25 16:11:39.364, 2, NVIDIA A10G, 0 %, 0 %, 0 MiB, 23028 MiB
2026/02/25 16:11:39.364, 3, NVIDIA A10G, 0 %, 0 %, 0 MiB, 23028 MiB
2026/02/25 16:11:40.364, 0, NVIDIA A10G, 0 %, 0 %, 2049 MiB, 23028 MiB
2026/02/25 16:11:40.364, 1, NVIDIA A10G, 0 %, 0 %, 0 MiB, 23028 MiB
2026/02/25 16:11:40.364, 2, NVIDIA A10G, 0 %, 0 %, 0 MiB, 23028 MiB
2026/02/25 16:11:40.364, 3, NVIDIA A10G, 0 %, 0 %, 0 MiB, 23028 MiB
2026/02/25 16:11:41.364, 0, NVIDIA A10G, 0 %, 0 %, 2049 MiB, 23028 MiB
2026/02/25 16:11:41.365, 1, NVIDIA A10G, 0 %, 0 %, 0 MiB, 23028 MiB
2026/02/25 16:11:41.365, 2, NVIDIA A10G, 0 %, 0 %, 0 MiB, 23028 MiB
2026/02/25 16:11:41.365, 3, NVIDIA A10G, 0 %, 0 %, 0 MiB, 23028 MiB
2026/02/25 16:11:42.365, 0, NVIDIA A10G, 0 %, 0 %, 2049 MiB, 23028 MiB
2026/02/25 16:11:42.365, 1, NVIDIA A10G, 0 %, 0 %, 0 MiB, 23028 MiB
2026/02/25 16:11:42.365, 2, NVIDIA A10G, 0 %, 0 %, 0 MiB, 23028 MiB
2026/02/25 16:11:42.365, 3, NVIDIA A10G, 0 %, 0 %, 0 MiB, 23028 MiB
2026/02/25 16:11:43.365, 0, NVIDIA A10G, 0 %, 0 %, 2049 MiB, 23028 MiB
2026/02/25 16:11:43.365, 1, NVIDIA A10G, 0 %, 0 %, 0 MiB, 23028 MiB
2026/02/25 16:11:43.365, 2, NVIDIA A10G, 0 %, 0 %, 0 MiB, 23028 MiB
2026/02/25 16:11:43.365, 3, NVIDIA A10G, 0 %, 0 %, 0 MiB, 23028 MiB
2026/02/25 16:11:44.365, 0, NVIDIA A10G, 0 %, 0 %, 2049 MiB, 23028 MiB
2026/02/25 16:11:44.365, 1, NVIDIA A10G, 0 %, 0 %, 0 MiB, 23028 MiB
2026/02/25 16:11:44.366, 2, NVIDIA A10G, 0 %, 0 %, 0 MiB, 23028 MiB
2026/02/25 16:11:44.366, 3, NVIDIA A10G, 0 %, 0 %, 0 MiB, 23028 MiB
2026/02/25 16:11:45.366, 0, NVIDIA A10G, 91 %, 59 %, 2049 MiB, 23028 MiB
2026/02/25 16:11:45.366, 1, NVIDIA A10G, 0 %, 0 %, 0 MiB, 23028 MiB
2026/02/25 16:11:45.366, 2, NVIDIA A10G, 0 %, 0 %, 0 MiB, 23028 MiB
2026/02/25 16:11:45.366, 3, NVIDIA A10G, 0 %, 0 %, 0 MiB, 23028 MiB
2026/02/25 16:11:46.366, 0, NVIDIA A10G, 23 %, 8 %, 2049 MiB, 23028 MiB
2026/02/25 16:11:46.366, 1, NVIDIA A10G, 0 %, 0 %, 0 MiB, 23028 MiB
2026/02/25 16:11:46.366, 2, NVIDIA A10G, 0 %, 0 %, 0 MiB, 23028 MiB
2026/02/25 16:11:46.366, 3, NVIDIA A10G, 0 %, 0 %, 0 MiB, 23028 MiB
2026/02/25 16:11:47.366, 0, NVIDIA A10G, 21 %, 7 %, 2049 MiB, 23028 MiB
2026/02/25 16:11:47.366, 1, NVIDIA A10G, 0 %, 0 %, 0 MiB, 23028 MiB
2026/02/25 16:11:47.367, 2, NVIDIA A10G, 0 %, 0 %, 0 MiB, 23028 MiB
2026/02/25 16:11:47.367, 3, NVIDIA A10G, 0 %, 0 %, 0 MiB, 23028 MiB
2026/02/25 16:11:48.367, 0, NVIDIA A10G, 23 %, 8 %, 2049 MiB, 23028 MiB
2026/02/25 16:11:48.367, 1, NVIDIA A10G, 0 %, 0 %, 0 MiB, 23028 MiB
2026/02/25 16:11:48.367, 2, NVIDIA A10G, 0 %, 0 %, 0 MiB, 23028 MiB
2026/02/25 16:11:48.367, 3, NVIDIA A10G, 0 %, 0 %, 0 MiB, 23028 MiB
2026/02/25 16:11:49.367, 0, NVIDIA A10G, 22 %, 8 %, 2049 MiB, 23028 MiB
2026/02/25 16:11:49.367, 1, NVIDIA A10G, 0 %, 0 %, 0 MiB, 23028 MiB
2026/02/25 16:11:49.367, 2, NVIDIA A10G, 0 %, 0 %, 0 MiB, 23028 MiB
2026/02/25 16:11:49.367, 3, NVIDIA A10G, 0 %, 0 %, 0 MiB, 23028 MiB
2026/02/25 16:11:50.367, 0, NVIDIA A10G, 23 %, 8 %, 2049 MiB, 23028 MiB
2026/02/25 16:11:50.367, 1, NVIDIA A10G, 0 %, 0 %, 0 MiB, 23028 MiB
2026/02/25 16:11:50.367, 2, NVIDIA A10G, 0 %, 0 %, 0 MiB, 23028 MiB
2026/02/25 16:11:50.367, 3, NVIDIA A10G, 0 %, 0 %, 0 MiB, 23028 MiB
2026/02/25 16:11:51.368, 0, NVIDIA A10G, 21 %, 7 %, 2049 MiB, 23028 MiB
2026/02/25 16:11:51.368, 1, NVIDIA A10G, 0 %, 0 %, 0 MiB, 23028 MiB
2026/02/25 16:11:51.368, 2, NVIDIA A10G, 0 %, 0 %, 0 MiB, 23028 MiB
2026/02/25 16:11:51.368, 3, NVIDIA A10G, 0 %, 0 %, 0 MiB, 23028 MiB
2026/02/25 16:11:52.368, 0, NVIDIA A10G, 21 %, 7 %, 2049 MiB, 23028 MiB
2026/02/25 16:11:52.368, 1, NVIDIA A10G, 0 %, 0 %, 0 MiB, 23028 MiB
2026/02/25 16:11:52.368, 2, NVIDIA A10G, 0 %, 0 %, 0 MiB, 23028 MiB
2026/02/25 16:11:52.368, 3, NVIDIA A10G, 0 %, 0 %, 0 MiB, 23028 MiB
2026/02/25 16:11:53.368, 0, NVIDIA A10G, 21 %, 7 %, 2049 MiB, 23028 MiB
2026/02/25 16:11:53.368, 1, NVIDIA A10G, 0 %, 0 %, 0 MiB, 23028 MiB
2026/02/25 16:11:53.368, 2, NVIDIA A10G, 0 %, 0 %, 0 MiB, 23028 MiB
2026/02/25 16:11:53.368, 3, NVIDIA A10G, 0 %, 0 %, 0 MiB, 23028 MiB
2026/02/25 16:11:54.369, 0, NVIDIA A10G, 21 %, 7 %, 2049 MiB, 23028 MiB
2026/02/25 16:11:54.369, 1, NVIDIA A10G, 0 %, 0 %, 0 MiB, 23028 MiB
2026/02/25 16:11:54.369, 2, NVIDIA A10G, 0 %, 0 %, 0 MiB, 23028 MiB
2026/02/25 16:11:54.369, 3, NVIDIA A10G, 0 %, 0 %, 0 MiB, 23028 MiB
2026/02/25 16:11:55.369, 0, NVIDIA A10G, 0 %, 0 %, 2049 MiB, 23028 MiB
2026/02/25 16:11:55.369, 1, NVIDIA A10G, 0 %, 0 %, 0 MiB, 23028 MiB
2026/02/25 16:11:55.369, 2, NVIDIA A10G, 0 %, 0 %, 0 MiB, 23028 MiB
2026/02/25 16:11:55.369, 3, NVIDIA A10G, 0 %, 0 %, 0 MiB, 23028 MiB
2026/02/25 16:11:56.369, 0, NVIDIA A10G, 0 %, 0 %, 2049 MiB, 23028 MiB
2026/02/25 16:11:56.369, 1, NVIDIA A10G, 0 %, 0 %, 0 MiB, 23028 MiB
2026/02/25 16:11:56.369, 2, NVIDIA A10G, 0 %, 0 %, 0 MiB, 23028 MiB
2026/02/25 16:11:56.370, 3, NVIDIA A10G, 0 %, 0 %, 0 MiB, 23028 MiB
2026/02/25 16:11:57.370, 0, NVIDIA A10G, 0 %, 0 %, 2049 MiB, 23028 MiB
2026/02/25 16:11:57.370, 1, NVIDIA A10G, 0 %, 0 %, 0 MiB, 23028 MiB
2026/02/25 16:11:57.370, 2, NVIDIA A10G, 0 %, 0 %, 0 MiB, 23028 MiB
2026/02/25 16:11:57.370, 3, NVIDIA A10G, 0 %, 0 %, 0 MiB, 23028 MiB
2026/02/25 16:11:58.370, 0, NVIDIA A10G, 0 %, 0 %, 2049 MiB, 23028 MiB
2026/02/25 16:11:58.370, 1, NVIDIA A10G, 0 %, 0 %, 0 MiB, 23028 MiB
2026/02/25 16:11:58.370, 2, NVIDIA A10G, 0 %, 0 %, 0 MiB, 23028 MiB
2026/02/25 16:11:58.370, 3, NVIDIA A10G, 0 %, 0 %, 0 MiB, 23028 MiB
2026/02/25 16:11:59.370, 0, NVIDIA A10G, 0 %, 0 %, 2049 MiB, 23028 MiB
2026/02/25 16:11:59.370, 1, NVIDIA A10G, 0 %, 0 %, 0 MiB, 23028 MiB
2026/02/25 16:11:59.371, 2, NVIDIA A10G, 0 %, 0 %, 0 MiB, 23028 MiB
2026/02/25 16:11:59.371, 3, NVIDIA A10G, 0 %, 0 %, 0 MiB, 23028 MiB
2026/02/25 16:12:00.371, 0, NVIDIA A10G, 0 %, 0 %, 2049 MiB, 23028 MiB
2026/02/25 16:12:00.371, 1, NVIDIA A10G, 0 %, 0 %, 0 MiB, 23028 MiB
2026/02/25 16:12:00.372, 2, NVIDIA A10G, 0 %, 0 %, 0 MiB, 23028 MiB
2026/02/25 16:12:00.372, 3, NVIDIA A10G, 0 %, 0 %, 0 MiB, 23028 MiB
2026/02/25 16:12:01.372, 0, NVIDIA A10G, 0 %, 0 %, 2049 MiB, 23028 MiB
2026/02/25 16:12:01.372, 1, NVIDIA A10G, 0 %, 0 %, 0 MiB, 23028 MiB
2026/02/25 16:12:01.372, 2, NVIDIA A10G, 0 %, 0 %, 0 MiB, 23028 MiB
2026/02/25 16:12:01.372, 3, NVIDIA A10G, 0 %, 0 %, 0 MiB, 23028 MiB
2026/02/25 16:12:02.373, 0, NVIDIA A10G, 80 %, 53 %, 2049 MiB, 23028 MiB
2026/02/25 16:12:02.373, 1, NVIDIA A10G, 0 %, 0 %, 0 MiB, 23028 MiB
2026/02/25 16:12:02.373, 2, NVIDIA A10G, 0 %, 0 %, 0 MiB, 23028 MiB
2026/02/25 16:12:02.373, 3, NVIDIA A10G, 0 %, 0 %, 0 MiB, 23028 MiB
2026/02/25 16:12:03.373, 0, NVIDIA A10G, 22 %, 7 %, 2049 MiB, 23028 MiB
2026/02/25 16:12:03.373, 1, NVIDIA A10G, 0 %, 0 %, 0 MiB, 23028 MiB
2026/02/25 16:12:03.373, 2, NVIDIA A10G, 0 %, 0 %, 0 MiB, 23028 MiB
2026/02/25 16:12:03.373, 3, NVIDIA A10G, 0 %, 0 %, 0 MiB, 23028 MiB
2026/02/25 16:12:04.373, 0, NVIDIA A10G, 23 %, 8 %, 2049 MiB, 23028 MiB
2026/02/25 16:12:04.373, 1, NVIDIA A10G, 0 %, 0 %, 0 MiB, 23028 MiB
2026/02/25 16:12:04.373, 2, NVIDIA A10G, 0 %, 0 %, 0 MiB, 23028 MiB
2026/02/25 16:12:04.373, 3, NVIDIA A10G, 0 %, 0 %, 0 MiB, 23028 MiB
2026/02/25 16:12:05.374, 0, NVIDIA A10G, 20 %, 7 %, 2049 MiB, 23028 MiB
2026/02/25 16:12:05.374, 1, NVIDIA A10G, 0 %, 0 %, 0 MiB, 23028 MiB
2026/02/25 16:12:05.374, 2, NVIDIA A10G, 0 %, 0 %, 0 MiB, 23028 MiB
2026/02/25 16:12:05.374, 3, NVIDIA A10G, 0 %, 0 %, 0 MiB, 23028 MiB
2026/02/25 16:12:06.374, 0, NVIDIA A10G, 21 %, 7 %, 2049 MiB, 23028 MiB
2026/02/25 16:12:06.374, 1, NVIDIA A10G, 0 %, 0 %, 0 MiB, 23028 MiB
2026/02/25 16:12:06.374, 2, NVIDIA A10G, 0 %, 0 %, 0 MiB, 23028 MiB
2026/02/25 16:12:06.374, 3, NVIDIA A10G, 0 %, 0 %, 0 MiB, 23028 MiB
2026/02/25 16:12:07.374, 0, NVIDIA A10G, 22 %, 8 %, 2049 MiB, 23028 MiB
2026/02/25 16:12:07.374, 1, NVIDIA A10G, 0 %, 0 %, 0 MiB, 23028 MiB
2026/02/25 16:12:07.374, 2, NVIDIA A10G, 0 %, 0 %, 0 MiB, 23028 MiB
2026/02/25 16:12:07.374, 3, NVIDIA A10G, 0 %, 0 %, 0 MiB, 23028 MiB
2026/02/25 16:12:08.374, 0, NVIDIA A10G, 21 %, 7 %, 2049 MiB, 23028 MiB
2026/02/25 16:12:08.375, 1, NVIDIA A10G, 0 %, 0 %, 0 MiB, 23028 MiB
2026/02/25 16:12:08.375, 2, NVIDIA A10G, 0 %, 0 %, 0 MiB, 23028 MiB
2026/02/25 16:12:08.375, 3, NVIDIA A10G, 0 %, 0 %, 0 MiB, 23028 MiB
2026/02/25 16:12:09.375, 0, NVIDIA A10G, 22 %, 7 %, 2049 MiB, 23028 MiB
2026/02/25 16:12:09.375, 1, NVIDIA A10G, 0 %, 0 %, 0 MiB, 23028 MiB
2026/02/25 16:12:09.375, 2, NVIDIA A10G, 0 %, 0 %, 0 MiB, 23028 MiB
2026/02/25 16:12:09.375, 3, NVIDIA A10G, 0 %, 0 %, 0 MiB, 23028 MiB
2026/02/25 16:12:10.375, 0, NVIDIA A10G, 23 %, 8 %, 2049 MiB, 23028 MiB
2026/02/25 16:12:10.375, 1, NVIDIA A10G, 0 %, 0 %, 0 MiB, 23028 MiB
2026/02/25 16:12:10.375, 2, NVIDIA A10G, 0 %, 0 %, 0 MiB, 23028 MiB
2026/02/25 16:12:10.375, 3, NVIDIA A10G, 0 %, 0 %, 0 MiB, 23028 MiB
2026/02/25 16:12:11.375, 0, NVIDIA A10G, 21 %, 7 %, 2049 MiB, 23028 MiB
2026/02/25 16:12:11.375, 1, NVIDIA A10G, 0 %, 0 %, 0 MiB, 23028 MiB
2026/02/25 16:12:11.375, 2, NVIDIA A10G, 0 %, 0 %, 0 MiB, 23028 MiB
2026/02/25 16:12:11.376, 3, NVIDIA A10G, 0 %, 0 %, 0 MiB, 23028 MiB
2026/02/25 16:12:12.376, 0, NVIDIA A10G, 0 %, 0 %, 2049 MiB, 23028 MiB
2026/02/25 16:12:12.376, 1, NVIDIA A10G, 0 %, 0 %, 0 MiB, 23028 MiB
2026/02/25 16:12:12.376, 2, NVIDIA A10G, 0 %, 0 %, 0 MiB, 23028 MiB
2026/02/25 16:12:12.376, 3, NVIDIA A10G, 0 %, 0 %, 0 MiB, 23028 MiB
2026/02/25 16:12:13.376, 0, NVIDIA A10G, 0 %, 0 %, 2049 MiB, 23028 MiB
2026/02/25 16:12:13.376, 1, NVIDIA A10G, 0 %, 0 %, 0 MiB, 23028 MiB
2026/02/25 16:12:13.376, 2, NVIDIA A10G, 0 %, 0 %, 0 MiB, 23028 MiB
2026/02/25 16:12:13.376, 3, NVIDIA A10G, 0 %, 0 %, 0 MiB, 23028 MiB
2026/02/25 16:12:14.376, 0, NVIDIA A10G, 0 %, 0 %, 2049 MiB, 23028 MiB
2026/02/25 16:12:14.376, 1, NVIDIA A10G, 0 %, 0 %, 0 MiB, 23028 MiB
2026/02/25 16:12:14.376, 2, NVIDIA A10G, 0 %, 0 %, 0 MiB, 23028 MiB
2026/02/25 16:12:14.376, 3, NVIDIA A10G, 0 %, 0 %, 0 MiB, 23028 MiB
2026/02/25 16:12:15.376, 0, NVIDIA A10G, 0 %, 0 %, 2049 MiB, 23028 MiB
2026/02/25 16:12:15.377, 1, NVIDIA A10G, 0 %, 0 %, 0 MiB, 23028 MiB
2026/02/25 16:12:15.377, 2, NVIDIA A10G, 0 %, 0 %, 0 MiB, 23028 MiB
2026/02/25 16:12:15.377, 3, NVIDIA A10G, 0 %, 0 %, 0 MiB, 23028 MiB
2026/02/25 16:12:16.377, 0, NVIDIA A10G, 0 %, 0 %, 2049 MiB, 23028 MiB
2026/02/25 16:12:16.377, 1, NVIDIA A10G, 0 %, 0 %, 0 MiB, 23028 MiB
2026/02/25 16:12:16.377, 2, NVIDIA A10G, 0 %, 0 %, 0 MiB, 23028 MiB
2026/02/25 16:12:16.377, 3, NVIDIA A10G, 0 %, 0 %, 0 MiB, 23028 MiB
2026/02/25 16:12:17.377, 0, NVIDIA A10G, 0 %, 0 %, 2049 MiB, 23028 MiB
2026/02/25 16:12:17.377, 1, NVIDIA A10G, 0 %, 0 %, 0 MiB, 23028 MiB
2026/02/25 16:12:17.377, 2, NVIDIA A10G, 0 %, 0 %, 0 MiB, 23028 MiB
2026/02/25 16:12:17.377, 3, NVIDIA A10G, 0 %, 0 %, 0 MiB, 23028 MiB
2026/02/25 16:12:18.378, 0, NVIDIA A10G, 0 %, 0 %, 2049 MiB, 23028 MiB
2026/02/25 16:12:18.378, 1, NVIDIA A10G, 0 %, 0 %, 0 MiB, 23028 MiB
2026/02/25 16:12:18.378, 2, NVIDIA A10G, 0 %, 0 %, 0 MiB, 23028 MiB
2026/02/25 16:12:18.378, 3, NVIDIA A10G, 0 %, 0 %, 0 MiB, 23028 MiB
2026/02/25 16:12:19.378, 0, NVIDIA A10G, 0 %, 0 %, 2049 MiB, 23028 MiB
2026/02/25 16:12:19.378, 1, NVIDIA A10G, 0 %, 0 %, 0 MiB, 23028 MiB
2026/02/25 16:12:19.378, 2, NVIDIA A10G, 0 %, 0 %, 0 MiB, 23028 MiB
2026/02/25 16:12:19.378, 3, NVIDIA A10G, 0 %, 0 %, 0 MiB, 23028 MiB
2026/02/25 16:12:20.378, 0, NVIDIA A10G, 0 %, 0 %, 2049 MiB, 23028 MiB
2026/02/25 16:12:20.378, 1, NVIDIA A10G, 0 %, 0 %, 0 MiB, 23028 MiB
2026/02/25 16:12:20.378, 2, NVIDIA A10G, 0 %, 0 %, 0 MiB, 23028 MiB
2026/02/25 16:12:20.378, 3, NVIDIA A10G, 0 %, 0 %, 0 MiB, 23028 MiB
2026/02/25 16:12:21.379, 0, NVIDIA A10G, 22 %, 8 %, 2049 MiB, 23028 MiB
2026/02/25 16:12:21.379, 1, NVIDIA A10G, 0 %, 0 %, 0 MiB, 23028 MiB
2026/02/25 16:12:21.379, 2, NVIDIA A10G, 0 %, 0 %, 0 MiB, 23028 MiB
2026/02/25 16:12:21.379, 3, NVIDIA A10G, 0 %, 0 %, 0 MiB, 23028 MiB
2026/02/25 16:12:22.379, 0, NVIDIA A10G, 24 %, 9 %, 2049 MiB, 23028 MiB
2026/02/25 16:12:22.379, 1, NVIDIA A10G, 0 %, 0 %, 0 MiB, 23028 MiB
2026/02/25 16:12:22.379, 2, NVIDIA A10G, 0 %, 0 %, 0 MiB, 23028 MiB
2026/02/25 16:12:22.379, 3, NVIDIA A10G, 0 %, 0 %, 0 MiB, 23028 MiB
2026/02/25 16:12:23.379, 0, NVIDIA A10G, 24 %, 9 %, 2049 MiB, 23028 MiB
2026/02/25 16:12:23.379, 1, NVIDIA A10G, 0 %, 0 %, 0 MiB, 23028 MiB
2026/02/25 16:12:23.380, 2, NVIDIA A10G, 0 %, 0 %, 0 MiB, 23028 MiB
2026/02/25 16:12:23.380, 3, NVIDIA A10G, 0 %, 0 %, 0 MiB, 23028 MiB
2026/02/25 16:12:24.380, 0, NVIDIA A10G, 23 %, 8 %, 2049 MiB, 23028 MiB
2026/02/25 16:12:24.380, 1, NVIDIA A10G, 0 %, 0 %, 0 MiB, 23028 MiB
2026/02/25 16:12:24.380, 2, NVIDIA A10G, 0 %, 0 %, 0 MiB, 23028 MiB
2026/02/25 16:12:24.380, 3, NVIDIA A10G, 0 %, 0 %, 0 MiB, 23028 MiB
2026/02/25 16:12:25.380, 0, NVIDIA A10G, 21 %, 7 %, 2049 MiB, 23028 MiB
2026/02/25 16:12:25.380, 1, NVIDIA A10G, 0 %, 0 %, 0 MiB, 23028 MiB
2026/02/25 16:12:25.380, 2, NVIDIA A10G, 0 %, 0 %, 0 MiB, 23028 MiB
2026/02/25 16:12:25.380, 3, NVIDIA A10G, 0 %, 0 %, 0 MiB, 23028 MiB
2026/02/25 16:12:26.380, 0, NVIDIA A10G, 22 %, 7 %, 2049 MiB, 23028 MiB
2026/02/25 16:12:26.381, 1, NVIDIA A10G, 0 %, 0 %, 0 MiB, 23028 MiB
2026/02/25 16:12:26.381, 2, NVIDIA A10G, 0 %, 0 %, 0 MiB, 23028 MiB
2026/02/25 16:12:26.381, 3, NVIDIA A10G, 0 %, 0 %, 0 MiB, 23028 MiB
2026/02/25 16:12:27.381, 0, NVIDIA A10G, 23 %, 8 %, 2049 MiB, 23028 MiB
2026/02/25 16:12:27.381, 1, NVIDIA A10G, 0 %, 0 %, 0 MiB, 23028 MiB
2026/02/25 16:12:27.381, 2, NVIDIA A10G, 0 %, 0 %, 0 MiB, 23028 MiB
2026/02/25 16:12:27.381, 3, NVIDIA A10G, 0 %, 0 %, 0 MiB, 23028 MiB
2026/02/25 16:12:28.381, 0, NVIDIA A10G, 22 %, 9 %, 2049 MiB, 23028 MiB
2026/02/25 16:12:28.381, 1, NVIDIA A10G, 0 %, 0 %, 0 MiB, 23028 MiB
2026/02/25 16:12:28.381, 2, NVIDIA A10G, 0 %, 0 %, 0 MiB, 23028 MiB
2026/02/25 16:12:28.381, 3, NVIDIA A10G, 0 %, 0 %, 0 MiB, 23028 MiB
2026/02/25 16:12:29.381, 0, NVIDIA A10G, 22 %, 8 %, 2049 MiB, 23028 MiB
2026/02/25 16:12:29.382, 1, NVIDIA A10G, 0 %, 0 %, 0 MiB, 23028 MiB
2026/02/25 16:12:29.382, 2, NVIDIA A10G, 0 %, 0 %, 0 MiB, 23028 MiB
2026/02/25 16:12:29.382, 3, NVIDIA A10G, 0 %, 0 %, 0 MiB, 23028 MiB
2026/02/25 16:12:30.382, 0, NVIDIA A10G, 0 %, 0 %, 2049 MiB, 23028 MiB
2026/02/25 16:12:30.382, 1, NVIDIA A10G, 0 %, 0 %, 0 MiB, 23028 MiB
2026/02/25 16:12:30.382, 2, NVIDIA A10G, 0 %, 0 %, 0 MiB, 23028 MiB
2026/02/25 16:12:30.382, 3, NVIDIA A10G, 0 %, 0 %, 0 MiB, 23028 MiB
2026/02/25 16:12:31.382, 0, NVIDIA A10G, 0 %, 0 %, 2049 MiB, 23028 MiB
2026/02/25 16:12:31.382, 1, NVIDIA A10G, 0 %, 0 %, 0 MiB, 23028 MiB
2026/02/25 16:12:31.382, 2, NVIDIA A10G, 0 %, 0 %, 0 MiB, 23028 MiB
2026/02/25 16:12:31.382, 3, NVIDIA A10G, 0 %, 0 %, 0 MiB, 23028 MiB
2026/02/25 16:12:32.383, 0, NVIDIA A10G, 0 %, 0 %, 2049 MiB, 23028 MiB
2026/02/25 16:12:32.383, 1, NVIDIA A10G, 0 %, 0 %, 0 MiB, 23028 MiB
2026/02/25 16:12:32.383, 2, NVIDIA A10G, 0 %, 0 %, 0 MiB, 23028 MiB
2026/02/25 16:12:32.383, 3, NVIDIA A10G, 0 %, 0 %, 0 MiB, 23028 MiB
2026/02/25 16:12:33.383, 0, NVIDIA A10G, 0 %, 0 %, 2049 MiB, 23028 MiB
2026/02/25 16:12:33.383, 1, NVIDIA A10G, 0 %, 0 %, 0 MiB, 23028 MiB
2026/02/25 16:12:33.383, 2, NVIDIA A10G, 0 %, 0 %, 0 MiB, 23028 MiB
2026/02/25 16:12:33.383, 3, NVIDIA A10G, 0 %, 0 %, 0 MiB, 23028 MiB
2026/02/25 16:12:34.383, 0, NVIDIA A10G, 0 %, 0 %, 2049 MiB, 23028 MiB
2026/02/25 16:12:34.383, 1, NVIDIA A10G, 0 %, 0 %, 0 MiB, 23028 MiB
2026/02/25 16:12:34.383, 2, NVIDIA A10G, 0 %, 0 %, 0 MiB, 23028 MiB
2026/02/25 16:12:34.383, 3, NVIDIA A10G, 0 %, 0 %, 0 MiB, 23028 MiB
2026/02/25 16:12:35.384, 0, NVIDIA A10G, 0 %, 0 %, 2049 MiB, 23028 MiB
2026/02/25 16:12:35.384, 1, NVIDIA A10G, 0 %, 0 %, 0 MiB, 23028 MiB
2026/02/25 16:12:35.384, 2, NVIDIA A10G, 0 %, 0 %, 0 MiB, 23028 MiB
2026/02/25 16:12:35.384, 3, NVIDIA A10G, 0 %, 0 %, 0 MiB, 23028 MiB
2026/02/25 16:12:36.384, 0, NVIDIA A10G, 0 %, 0 %, 2049 MiB, 23028 MiB
2026/02/25 16:12:36.384, 1, NVIDIA A10G, 0 %, 0 %, 0 MiB, 23028 MiB
2026/02/25 16:12:36.384, 2, NVIDIA A10G, 0 %, 0 %, 0 MiB, 23028 MiB
2026/02/25 16:12:36.384, 3, NVIDIA A10G, 0 %, 0 %, 0 MiB, 23028 MiB
2026/02/25 16:12:37.384, 0, NVIDIA A10G, 0 %, 0 %, 2049 MiB, 23028 MiB
2026/02/25 16:12:37.384, 1, NVIDIA A10G, 0 %, 0 %, 0 MiB, 23028 MiB
2026/02/25 16:12:37.385, 2, NVIDIA A10G, 0 %, 0 %, 0 MiB, 23028 MiB
2026/02/25 16:12:37.385, 3, NVIDIA A10G, 0 %, 0 %, 0 MiB, 23028 MiB
2026/02/25 16:12:38.385, 0, NVIDIA A10G, 0 %, 0 %, 2049 MiB, 23028 MiB
2026/02/25 16:12:38.385, 1, NVIDIA A10G, 0 %, 0 %, 0 MiB, 23028 MiB
2026/02/25 16:12:38.385, 2, NVIDIA A10G, 0 %, 0 %, 0 MiB, 23028 MiB
2026/02/25 16:12:38.385, 3, NVIDIA A10G, 0 %, 0 %, 0 MiB, 23028 MiB
2026/02/25 16:12:39.385, 0, NVIDIA A10G, 0 %, 0 %, 2049 MiB, 23028 MiB
2026/02/25 16:12:39.385, 1, NVIDIA A10G, 0 %, 0 %, 0 MiB, 23028 MiB
2026/02/25 16:12:39.385, 2, NVIDIA A10G, 0 %, 0 %, 0 MiB, 23028 MiB
2026/02/25 16:12:39.385, 3, NVIDIA A10G, 0 %, 0 %, 0 MiB, 23028 MiB
2026/02/25 16:12:40.385, 0, NVIDIA A10G, 0 %, 0 %, 2049 MiB, 23028 MiB
2026/02/25 16:12:40.385, 1, NVIDIA A10G, 0 %, 0 %, 0 MiB, 23028 MiB
2026/02/25 16:12:40.385, 2, NVIDIA A10G, 0 %, 0 %, 0 MiB, 23028 MiB
2026/02/25 16:12:40.386, 3, NVIDIA A10G, 0 %, 0 %, 0 MiB, 23028 MiB
2026/02/25 16:12:41.386, 0, NVIDIA A10G, 0 %, 0 %, 2049 MiB, 23028 MiB
2026/02/25 16:12:41.386, 1, NVIDIA A10G, 0 %, 0 %, 0 MiB, 23028 MiB
2026/02/25 16:12:41.386, 2, NVIDIA A10G, 0 %, 0 %, 0 MiB, 23028 MiB
2026/02/25 16:12:41.386, 3, NVIDIA A10G, 0 %, 0 %, 0 MiB, 23028 MiB
2026/02/25 16:12:42.386, 0, NVIDIA A10G, 0 %, 0 %, 2049 MiB, 23028 MiB
2026/02/25 16:12:42.386, 1, NVIDIA A10G, 0 %, 0 %, 0 MiB, 23028 MiB
2026/02/25 16:12:42.386, 2, NVIDIA A10G, 0 %, 0 %, 0 MiB, 23028 MiB
2026/02/25 16:12:42.386, 3, NVIDIA A10G, 0 %, 0 %, 0 MiB, 23028 MiB
2026/02/25 16:12:43.386, 0, NVIDIA A10G, 83 %, 54 %, 2049 MiB, 23028 MiB
2026/02/25 16:12:43.387, 1, NVIDIA A10G, 0 %, 0 %, 0 MiB, 23028 MiB
2026/02/25 16:12:43.387, 2, NVIDIA A10G, 0 %, 0 %, 0 MiB, 23028 MiB
2026/02/25 16:12:43.387, 3, NVIDIA A10G, 0 %, 0 %, 0 MiB, 23028 MiB
2026/02/25 16:12:44.387, 0, NVIDIA A10G, 22 %, 8 %, 2049 MiB, 23028 MiB
2026/02/25 16:12:44.387, 1, NVIDIA A10G, 0 %, 0 %, 0 MiB, 23028 MiB
2026/02/25 16:12:44.387, 2, NVIDIA A10G, 0 %, 0 %, 0 MiB, 23028 MiB
2026/02/25 16:12:44.387, 3, NVIDIA A10G, 0 %, 0 %, 0 MiB, 23028 MiB
2026/02/25 16:12:45.387, 0, NVIDIA A10G, 22 %, 7 %, 2049 MiB, 23028 MiB
2026/02/25 16:12:45.387, 1, NVIDIA A10G, 0 %, 0 %, 0 MiB, 23028 MiB
2026/02/25 16:12:45.387, 2, NVIDIA A10G, 0 %, 0 %, 0 MiB, 23028 MiB
2026/02/25 16:12:45.387, 3, NVIDIA A10G, 0 %, 0 %, 0 MiB, 23028 MiB
2026/02/25 16:12:46.387, 0, NVIDIA A10G, 21 %, 7 %, 2049 MiB, 23028 MiB
2026/02/25 16:12:46.388, 1, NVIDIA A10G, 0 %, 0 %, 0 MiB, 23028 MiB
2026/02/25 16:12:46.388, 2, NVIDIA A10G, 0 %, 0 %, 0 MiB, 23028 MiB
2026/02/25 16:12:46.388, 3, NVIDIA A10G, 0 %, 0 %, 0 MiB, 23028 MiB
2026/02/25 16:12:47.388, 0, NVIDIA A10G, 22 %, 8 %, 2049 MiB, 23028 MiB
2026/02/25 16:12:47.388, 1, NVIDIA A10G, 0 %, 0 %, 0 MiB, 23028 MiB
2026/02/25 16:12:47.388, 2, NVIDIA A10G, 0 %, 0 %, 0 MiB, 23028 MiB
2026/02/25 16:12:47.388, 3, NVIDIA A10G, 0 %, 0 %, 0 MiB, 23028 MiB
2026/02/25 16:12:48.388, 0, NVIDIA A10G, 23 %, 8 %, 2049 MiB, 23028 MiB
2026/02/25 16:12:48.388, 1, NVIDIA A10G, 0 %, 0 %, 0 MiB, 23028 MiB
2026/02/25 16:12:48.388, 2, NVIDIA A10G, 0 %, 0 %, 0 MiB, 23028 MiB
2026/02/25 16:12:48.388, 3, NVIDIA A10G, 0 %, 0 %, 0 MiB, 23028 MiB
2026/02/25 16:12:49.389, 0, NVIDIA A10G, 22 %, 8 %, 2049 MiB, 23028 MiB
2026/02/25 16:12:49.389, 1, NVIDIA A10G, 0 %, 0 %, 0 MiB, 23028 MiB
2026/02/25 16:12:49.389, 2, NVIDIA A10G, 0 %, 0 %, 0 MiB, 23028 MiB
2026/02/25 16:12:49.389, 3, NVIDIA A10G, 0 %, 0 %, 0 MiB, 23028 MiB
2026/02/25 16:12:50.389, 0, NVIDIA A10G, 21 %, 7 %, 2049 MiB, 23028 MiB
2026/02/25 16:12:50.389, 1, NVIDIA A10G, 0 %, 0 %, 0 MiB, 23028 MiB
2026/02/25 16:12:50.389, 2, NVIDIA A10G, 0 %, 0 %, 0 MiB, 23028 MiB
2026/02/25 16:12:50.389, 3, NVIDIA A10G, 0 %, 0 %, 0 MiB, 23028 MiB
2026/02/25 16:12:51.389, 0, NVIDIA A10G, 23 %, 8 %, 2049 MiB, 23028 MiB
2026/02/25 16:12:51.389, 1, NVIDIA A10G, 0 %, 0 %, 0 MiB, 23028 MiB
2026/02/25 16:12:51.389, 2, NVIDIA A10G, 0 %, 0 %, 0 MiB, 23028 MiB
2026/02/25 16:12:51.389, 3, NVIDIA A10G, 0 %, 0 %, 0 MiB, 23028 MiB
2026/02/25 16:12:52.390, 0, NVIDIA A10G, 23 %, 8 %, 2049 MiB, 23028 MiB
2026/02/25 16:12:52.390, 1, NVIDIA A10G, 0 %, 0 %, 0 MiB, 23028 MiB
2026/02/25 16:12:52.390, 2, NVIDIA A10G, 0 %, 0 %, 0 MiB, 23028 MiB
2026/02/25 16:12:52.390, 3, NVIDIA A10G, 0 %, 0 %, 0 MiB, 23028 MiB
2026/02/25 16:12:53.390, 0, NVIDIA A10G, 23 %, 8 %, 2049 MiB, 23028 MiB
2026/02/25 16:12:53.390, 1, NVIDIA A10G, 0 %, 0 %, 0 MiB, 23028 MiB
2026/02/25 16:12:53.390, 2, NVIDIA A10G, 0 %, 0 %, 0 MiB, 23028 MiB
2026/02/25 16:12:53.390, 3, NVIDIA A10G, 0 %, 0 %, 0 MiB, 23028 MiB
2026/02/25 16:12:54.390, 0, NVIDIA A10G, 21 %, 7 %, 2049 MiB, 23028 MiB
2026/02/25 16:12:54.390, 1, NVIDIA A10G, 0 %, 0 %, 0 MiB, 23028 MiB
2026/02/25 16:12:54.390, 2, NVIDIA A10G, 0 %, 0 %, 0 MiB, 23028 MiB
2026/02/25 16:12:54.390, 3, NVIDIA A10G, 0 %, 0 %, 0 MiB, 23028 MiB
2026/02/25 16:12:55.390, 0, NVIDIA A10G, 23 %, 8 %, 2049 MiB, 23028 MiB
2026/02/25 16:12:55.391, 1, NVIDIA A10G, 0 %, 0 %, 0 MiB, 23028 MiB
2026/02/25 16:12:55.391, 2, NVIDIA A10G, 0 %, 0 %, 0 MiB, 23028 MiB
2026/02/25 16:12:55.391, 3, NVIDIA A10G, 0 %, 0 %, 0 MiB, 23028 MiB
2026/02/25 16:12:56.391, 0, NVIDIA A10G, 23 %, 8 %, 2049 MiB, 23028 MiB
2026/02/25 16:12:56.391, 1, NVIDIA A10G, 0 %, 0 %, 0 MiB, 23028 MiB
2026/02/25 16:12:56.391, 2, NVIDIA A10G, 0 %, 0 %, 0 MiB, 23028 MiB
2026/02/25 16:12:56.391, 3, NVIDIA A10G, 0 %, 0 %, 0 MiB, 23028 MiB
2026/02/25 16:12:57.391, 0, NVIDIA A10G, 23 %, 8 %, 2049 MiB, 23028 MiB
2026/02/25 16:12:57.391, 1, NVIDIA A10G, 0 %, 0 %, 0 MiB, 23028 MiB
2026/02/25 16:12:57.391, 2, NVIDIA A10G, 0 %, 0 %, 0 MiB, 23028 MiB
2026/02/25 16:12:57.391, 3, NVIDIA A10G, 0 %, 0 %, 0 MiB, 23028 MiB
2026/02/25 16:12:58.391, 0, NVIDIA A10G, 14 %, 5 %, 2049 MiB, 23028 MiB
2026/02/25 16:12:58.391, 1, NVIDIA A10G, 0 %, 0 %, 0 MiB, 23028 MiB
2026/02/25 16:12:58.391, 2, NVIDIA A10G, 0 %, 0 %, 0 MiB, 23028 MiB
2026/02/25 16:12:58.391, 3, NVIDIA A10G, 0 %, 0 %, 0 MiB, 23028 MiB
2026/02/25 16:12:59.392, 0, NVIDIA A10G, 0 %, 0 %, 2049 MiB, 23028 MiB
2026/02/25 16:12:59.392, 1, NVIDIA A10G, 0 %, 0 %, 0 MiB, 23028 MiB
2026/02/25 16:12:59.392, 2, NVIDIA A10G, 0 %, 0 %, 0 MiB, 23028 MiB
2026/02/25 16:12:59.392, 3, NVIDIA A10G, 0 %, 0 %, 0 MiB, 23028 MiB
2026/02/25 16:13:00.392, 0, NVIDIA A10G, 0 %, 0 %, 2049 MiB, 23028 MiB
2026/02/25 16:13:00.392, 1, NVIDIA A10G, 0 %, 0 %, 0 MiB, 23028 MiB
2026/02/25 16:13:00.392, 2, NVIDIA A10G, 0 %, 0 %, 0 MiB, 23028 MiB
2026/02/25 16:13:00.392, 3, NVIDIA A10G, 0 %, 0 %, 0 MiB, 23028 MiB
2026/02/25 16:13:01.392, 0, NVIDIA A10G, 0 %, 0 %, 2049 MiB, 23028 MiB
2026/02/25 16:13:01.392, 1, NVIDIA A10G, 0 %, 0 %, 0 MiB, 23028 MiB
2026/02/25 16:13:01.392, 2, NVIDIA A10G, 0 %, 0 %, 0 MiB, 23028 MiB
2026/02/25 16:13:01.392, 3, NVIDIA A10G, 0 %, 0 %, 0 MiB, 23028 MiB
2026/02/25 16:13:02.393, 0, NVIDIA A10G, 0 %, 0 %, 2049 MiB, 23028 MiB
2026/02/25 16:13:02.393, 1, NVIDIA A10G, 0 %, 0 %, 0 MiB, 23028 MiB
2026/02/25 16:13:02.393, 2, NVIDIA A10G, 0 %, 0 %, 0 MiB, 23028 MiB
2026/02/25 16:13:02.393, 3, NVIDIA A10G, 0 %, 0 %, 0 MiB, 23028 MiB
2026/02/25 16:13:03.393, 0, NVIDIA A10G, 0 %, 0 %, 2049 MiB, 23028 MiB
2026/02/25 16:13:03.393, 1, NVIDIA A10G, 0 %, 0 %, 0 MiB, 23028 MiB
2026/02/25 16:13:03.393, 2, NVIDIA A10G, 0 %, 0 %, 0 MiB, 23028 MiB
2026/02/25 16:13:03.393, 3, NVIDIA A10G, 0 %, 0 %, 0 MiB, 23028 MiB
2026/02/25 16:13:04.393, 0, NVIDIA A10G, 0 %, 0 %, 2049 MiB, 23028 MiB
2026/02/25 16:13:04.393, 1, NVIDIA A10G, 0 %, 0 %, 0 MiB, 23028 MiB
2026/02/25 16:13:04.393, 2, NVIDIA A10G, 0 %, 0 %, 0 MiB, 23028 MiB
2026/02/25 16:13:04.393, 3, NVIDIA A10G, 0 %, 0 %, 0 MiB, 23028 MiB
2026/02/25 16:13:05.394, 0, NVIDIA A10G, 0 %, 0 %, 2049 MiB, 23028 MiB
2026/02/25 16:13:05.394, 1, NVIDIA A10G, 0 %, 0 %, 0 MiB, 23028 MiB
2026/02/25 16:13:05.394, 2, NVIDIA A10G, 0 %, 0 %, 0 MiB, 23028 MiB
2026/02/25 16:13:05.394, 3, NVIDIA A10G, 0 %, 0 %, 0 MiB, 23028 MiB
2026/02/25 16:13:06.394, 0, NVIDIA A10G, 0 %, 0 %, 2049 MiB, 23028 MiB
2026/02/25 16:13:06.394, 1, NVIDIA A10G, 0 %, 0 %, 0 MiB, 23028 MiB
2026/02/25 16:13:06.394, 2, NVIDIA A10G, 0 %, 0 %, 0 MiB, 23028 MiB
2026/02/25 16:13:06.394, 3, NVIDIA A10G, 0 %, 0 %, 0 MiB, 23028 MiB
2026/02/25 16:13:07.394, 0, NVIDIA A10G, 23 %, 8 %, 2049 MiB, 23028 MiB
2026/02/25 16:13:07.394, 1, NVIDIA A10G, 0 %, 0 %, 0 MiB, 23028 MiB
2026/02/25 16:13:07.394, 2, NVIDIA A10G, 0 %, 0 %, 0 MiB, 23028 MiB
2026/02/25 16:13:07.394, 3, NVIDIA A10G, 0 %, 0 %, 0 MiB, 23028 MiB
2026/02/25 16:13:08.395, 0, NVIDIA A10G, 21 %, 7 %, 2049 MiB, 23028 MiB
2026/02/25 16:13:08.395, 1, NVIDIA A10G, 0 %, 0 %, 0 MiB, 23028 MiB
2026/02/25 16:13:08.395, 2, NVIDIA A10G, 0 %, 0 %, 0 MiB, 23028 MiB
2026/02/25 16:13:08.395, 3, NVIDIA A10G, 0 %, 0 %, 0 MiB, 23028 MiB
2026/02/25 16:13:09.395, 0, NVIDIA A10G, 21 %, 7 %, 2049 MiB, 23028 MiB
2026/02/25 16:13:09.395, 1, NVIDIA A10G, 0 %, 0 %, 0 MiB, 23028 MiB
2026/02/25 16:13:09.395, 2, NVIDIA A10G, 0 %, 0 %, 0 MiB, 23028 MiB
2026/02/25 16:13:09.395, 3, NVIDIA A10G, 0 %, 0 %, 0 MiB, 23028 MiB
2026/02/25 16:13:10.395, 0, NVIDIA A10G, 22 %, 7 %, 2049 MiB, 23028 MiB
2026/02/25 16:13:10.395, 1, NVIDIA A10G, 0 %, 0 %, 0 MiB, 23028 MiB
2026/02/25 16:13:10.395, 2, NVIDIA A10G, 0 %, 0 %, 0 MiB, 23028 MiB
2026/02/25 16:13:10.395, 3, NVIDIA A10G, 0 %, 0 %, 0 MiB, 23028 MiB
2026/02/25 16:13:11.395, 0, NVIDIA A10G, 22 %, 8 %, 2049 MiB, 23028 MiB
2026/02/25 16:13:11.396, 1, NVIDIA A10G, 0 %, 0 %, 0 MiB, 23028 MiB
2026/02/25 16:13:11.396, 2, NVIDIA A10G, 0 %, 0 %, 0 MiB, 23028 MiB
2026/02/25 16:13:11.396, 3, NVIDIA A10G, 0 %, 0 %, 0 MiB, 23028 MiB
2026/02/25 16:13:12.396, 0, NVIDIA A10G, 23 %, 8 %, 2049 MiB, 23028 MiB
2026/02/25 16:13:12.396, 1, NVIDIA A10G, 0 %, 0 %, 0 MiB, 23028 MiB
2026/02/25 16:13:12.396, 2, NVIDIA A10G, 0 %, 0 %, 0 MiB, 23028 MiB
2026/02/25 16:13:12.396, 3, NVIDIA A10G, 0 %, 0 %, 0 MiB, 23028 MiB
2026/02/25 16:13:13.396, 0, NVIDIA A10G, 20 %, 6 %, 2049 MiB, 23028 MiB
2026/02/25 16:13:13.396, 1, NVIDIA A10G, 0 %, 0 %, 0 MiB, 23028 MiB
2026/02/25 16:13:13.396, 2, NVIDIA A10G, 0 %, 0 %, 0 MiB, 23028 MiB
2026/02/25 16:13:13.396, 3, NVIDIA A10G, 0 %, 0 %, 0 MiB, 23028 MiB
2026/02/25 16:13:14.396, 0, NVIDIA A10G, 22 %, 7 %, 2049 MiB, 23028 MiB
2026/02/25 16:13:14.396, 1, NVIDIA A10G, 0 %, 0 %, 0 MiB, 23028 MiB
2026/02/25 16:13:14.396, 2, NVIDIA A10G, 0 %, 0 %, 0 MiB, 23028 MiB
2026/02/25 16:13:14.396, 3, NVIDIA A10G, 0 %, 0 %, 0 MiB, 23028 MiB
2026/02/25 16:13:15.397, 0, NVIDIA A10G, 0 %, 0 %, 2049 MiB, 23028 MiB
2026/02/25 16:13:15.397, 1, NVIDIA A10G, 0 %, 0 %, 0 MiB, 23028 MiB
2026/02/25 16:13:15.397, 2, NVIDIA A10G, 0 %, 0 %, 0 MiB, 23028 MiB
2026/02/25 16:13:15.397, 3, NVIDIA A10G, 0 %, 0 %, 0 MiB, 23028 MiB
2026/02/25 16:13:16.397, 0, NVIDIA A10G, 0 %, 0 %, 2049 MiB, 23028 MiB
2026/02/25 16:13:16.397, 1, NVIDIA A10G, 0 %, 0 %, 0 MiB, 23028 MiB
2026/02/25 16:13:16.397, 2, NVIDIA A10G, 0 %, 0 %, 0 MiB, 23028 MiB
2026/02/25 16:13:16.397, 3, NVIDIA A10G, 0 %, 0 %, 0 MiB, 23028 MiB
2026/02/25 16:13:17.397, 0, NVIDIA A10G, 0 %, 0 %, 2049 MiB, 23028 MiB
2026/02/25 16:13:17.397, 1, NVIDIA A10G, 0 %, 0 %, 0 MiB, 23028 MiB
2026/02/25 16:13:17.397, 2, NVIDIA A10G, 0 %, 0 %, 0 MiB, 23028 MiB
2026/02/25 16:13:17.397, 3, NVIDIA A10G, 0 %, 0 %, 0 MiB, 23028 MiB
2026/02/25 16:13:18.397, 0, NVIDIA A10G, 0 %, 0 %, 2049 MiB, 23028 MiB
2026/02/25 16:13:18.398, 1, NVIDIA A10G, 0 %, 0 %, 0 MiB, 23028 MiB
2026/02/25 16:13:18.398, 2, NVIDIA A10G, 0 %, 0 %, 0 MiB, 23028 MiB
2026/02/25 16:13:18.398, 3, NVIDIA A10G, 0 %, 0 %, 0 MiB, 23028 MiB
2026/02/25 16:13:19.398, 0, NVIDIA A10G, 20 %, 7 %, 2049 MiB, 23028 MiB
2026/02/25 16:13:19.398, 1, NVIDIA A10G, 0 %, 0 %, 0 MiB, 23028 MiB
2026/02/25 16:13:19.398, 2, NVIDIA A10G, 0 %, 0 %, 0 MiB, 23028 MiB
2026/02/25 16:13:19.398, 3, NVIDIA A10G, 0 %, 0 %, 0 MiB, 23028 MiB
2026/02/25 16:13:20.398, 0, NVIDIA A10G, 22 %, 7 %, 2049 MiB, 23028 MiB
2026/02/25 16:13:20.398, 1, NVIDIA A10G, 0 %, 0 %, 0 MiB, 23028 MiB
2026/02/25 16:13:20.398, 2, NVIDIA A10G, 0 %, 0 %, 0 MiB, 23028 MiB
2026/02/25 16:13:20.398, 3, NVIDIA A10G, 0 %, 0 %, 0 MiB, 23028 MiB
2026/02/25 16:13:21.398, 0, NVIDIA A10G, 20 %, 6 %, 2049 MiB, 23028 MiB
2026/02/25 16:13:21.398, 1, NVIDIA A10G, 0 %, 0 %, 0 MiB, 23028 MiB
2026/02/25 16:13:21.398, 2, NVIDIA A10G, 0 %, 0 %, 0 MiB, 23028 MiB
2026/02/25 16:13:21.398, 3, NVIDIA A10G, 0 %, 0 %, 0 MiB, 23028 MiB
2026/02/25 16:13:22.399, 0, NVIDIA A10G, 22 %, 7 %, 2049 MiB, 23028 MiB
2026/02/25 16:13:22.399, 1, NVIDIA A10G, 0 %, 0 %, 0 MiB, 23028 MiB
2026/02/25 16:13:22.399, 2, NVIDIA A10G, 0 %, 0 %, 0 MiB, 23028 MiB
2026/02/25 16:13:22.399, 3, NVIDIA A10G, 0 %, 0 %, 0 MiB, 23028 MiB
2026/02/25 16:13:23.399, 0, NVIDIA A10G, 21 %, 7 %, 2049 MiB, 23028 MiB
2026/02/25 16:13:23.399, 1, NVIDIA A10G, 0 %, 0 %, 0 MiB, 23028 MiB
2026/02/25 16:13:23.399, 2, NVIDIA A10G, 0 %, 0 %, 0 MiB, 23028 MiB
2026/02/25 16:13:23.399, 3, NVIDIA A10G, 0 %, 0 %, 0 MiB, 23028 MiB
2026/02/25 16:13:24.399, 0, NVIDIA A10G, 14 %, 4 %, 2049 MiB, 23028 MiB
2026/02/25 16:13:24.399, 1, NVIDIA A10G, 0 %, 0 %, 0 MiB, 23028 MiB
2026/02/25 16:13:24.400, 2, NVIDIA A10G, 0 %, 0 %, 0 MiB, 23028 MiB
2026/02/25 16:13:24.400, 3, NVIDIA A10G, 0 %, 0 %, 0 MiB, 23028 MiB
2026/02/25 16:13:25.400, 0, NVIDIA A10G, 0 %, 0 %, 2049 MiB, 23028 MiB
2026/02/25 16:13:25.400, 1, NVIDIA A10G, 0 %, 0 %, 0 MiB, 23028 MiB
2026/02/25 16:13:25.400, 2, NVIDIA A10G, 0 %, 0 %, 0 MiB, 23028 MiB
2026/02/25 16:13:25.400, 3, NVIDIA A10G, 0 %, 0 %, 0 MiB, 23028 MiB
2026/02/25 16:13:26.400, 0, NVIDIA A10G, 0 %, 0 %, 2049 MiB, 23028 MiB
2026/02/25 16:13:26.400, 1, NVIDIA A10G, 0 %, 0 %, 0 MiB, 23028 MiB
2026/02/25 16:13:26.400, 2, NVIDIA A10G, 0 %, 0 %, 0 MiB, 23028 MiB
2026/02/25 16:13:26.400, 3, NVIDIA A10G, 0 %, 0 %, 0 MiB, 23028 MiB
2026/02/25 16:13:27.400, 0, NVIDIA A10G, 0 %, 0 %, 2049 MiB, 23028 MiB
2026/02/25 16:13:27.401, 1, NVIDIA A10G, 0 %, 0 %, 0 MiB, 23028 MiB
2026/02/25 16:13:27.401, 2, NVIDIA A10G, 0 %, 0 %, 0 MiB, 23028 MiB
2026/02/25 16:13:27.401, 3, NVIDIA A10G, 0 %, 0 %, 0 MiB, 23028 MiB
2026/02/25 16:13:28.401, 0, NVIDIA A10G, 0 %, 0 %, 2049 MiB, 23028 MiB
2026/02/25 16:13:28.401, 1, NVIDIA A10G, 0 %, 0 %, 0 MiB, 23028 MiB
2026/02/25 16:13:28.401, 2, NVIDIA A10G, 0 %, 0 %, 0 MiB, 23028 MiB
2026/02/25 16:13:28.401, 3, NVIDIA A10G, 0 %, 0 %, 0 MiB, 23028 MiB
2026/02/25 16:13:29.401, 0, NVIDIA A10G, 0 %, 0 %, 2049 MiB, 23028 MiB
2026/02/25 16:13:29.401, 1, NVIDIA A10G, 0 %, 0 %, 0 MiB, 23028 MiB
2026/02/25 16:13:29.401, 2, NVIDIA A10G, 0 %, 0 %, 0 MiB, 23028 MiB
2026/02/25 16:13:29.401, 3, NVIDIA A10G, 0 %, 0 %, 0 MiB, 23028 MiB
2026/02/25 16:13:30.402, 0, NVIDIA A10G, 21 %, 6 %, 2049 MiB, 23028 MiB
2026/02/25 16:13:30.402, 1, NVIDIA A10G, 0 %, 0 %, 0 MiB, 23028 MiB
2026/02/25 16:13:30.402, 2, NVIDIA A10G, 0 %, 0 %, 0 MiB, 23028 MiB
2026/02/25 16:13:30.402, 3, NVIDIA A10G, 0 %, 0 %, 0 MiB, 23028 MiB
2026/02/25 16:13:31.402, 0, NVIDIA A10G, 23 %, 8 %, 2049 MiB, 23028 MiB
2026/02/25 16:13:31.402, 1, NVIDIA A10G, 0 %, 0 %, 0 MiB, 23028 MiB
2026/02/25 16:13:31.402, 2, NVIDIA A10G, 0 %, 0 %, 0 MiB, 23028 MiB
2026/02/25 16:13:31.402, 3, NVIDIA A10G, 0 %, 0 %, 0 MiB, 23028 MiB
2026/02/25 16:13:32.402, 0, NVIDIA A10G, 24 %, 9 %, 2049 MiB, 23028 MiB
2026/02/25 16:13:32.402, 1, NVIDIA A10G, 0 %, 0 %, 0 MiB, 23028 MiB
2026/02/25 16:13:32.402, 2, NVIDIA A10G, 0 %, 0 %, 0 MiB, 23028 MiB
2026/02/25 16:13:32.402, 3, NVIDIA A10G, 0 %, 0 %, 0 MiB, 23028 MiB
2026/02/25 16:13:33.403, 0, NVIDIA A10G, 24 %, 8 %, 2049 MiB, 23028 MiB
2026/02/25 16:13:33.403, 1, NVIDIA A10G, 0 %, 0 %, 0 MiB, 23028 MiB
2026/02/25 16:13:33.403, 2, NVIDIA A10G, 0 %, 0 %, 0 MiB, 23028 MiB
2026/02/25 16:13:33.403, 3, NVIDIA A10G, 0 %, 0 %, 0 MiB, 23028 MiB
2026/02/25 16:13:34.403, 0, NVIDIA A10G, 21 %, 7 %, 2049 MiB, 23028 MiB
2026/02/25 16:13:34.403, 1, NVIDIA A10G, 0 %, 0 %, 0 MiB, 23028 MiB
2026/02/25 16:13:34.403, 2, NVIDIA A10G, 0 %, 0 %, 0 MiB, 23028 MiB
2026/02/25 16:13:34.403, 3, NVIDIA A10G, 0 %, 0 %, 0 MiB, 23028 MiB
2026/02/25 16:13:35.403, 0, NVIDIA A10G, 0 %, 0 %, 2049 MiB, 23028 MiB
2026/02/25 16:13:35.403, 1, NVIDIA A10G, 0 %, 0 %, 0 MiB, 23028 MiB
2026/02/25 16:13:35.403, 2, NVIDIA A10G, 0 %, 0 %, 0 MiB, 23028 MiB
2026/02/25 16:13:35.403, 3, NVIDIA A10G, 0 %, 0 %, 0 MiB, 23028 MiB
2026/02/25 16:13:36.404, 0, NVIDIA A10G, 0 %, 0 %, 2049 MiB, 23028 MiB
2026/02/25 16:13:36.404, 1, NVIDIA A10G, 0 %, 0 %, 0 MiB, 23028 MiB
2026/02/25 16:13:36.404, 2, NVIDIA A10G, 0 %, 0 %, 0 MiB, 23028 MiB
2026/02/25 16:13:36.404, 3, NVIDIA A10G, 0 %, 0 %, 0 MiB, 23028 MiB
2026/02/25 16:13:37.404, 0, NVIDIA A10G, 0 %, 0 %, 2049 MiB, 23028 MiB
2026/02/25 16:13:37.404, 1, NVIDIA A10G, 0 %, 0 %, 0 MiB, 23028 MiB
2026/02/25 16:13:37.404, 2, NVIDIA A10G, 0 %, 0 %, 0 MiB, 23028 MiB
2026/02/25 16:13:37.404, 3, NVIDIA A10G, 0 %, 0 %, 0 MiB, 23028 MiB
2026/02/25 16:13:38.404, 0, NVIDIA A10G, 0 %, 0 %, 2049 MiB, 23028 MiB
2026/02/25 16:13:38.404, 1, NVIDIA A10G, 0 %, 0 %, 0 MiB, 23028 MiB
2026/02/25 16:13:38.404, 2, NVIDIA A10G, 0 %, 0 %, 0 MiB, 23028 MiB
2026/02/25 16:13:38.404, 3, NVIDIA A10G, 0 %, 0 %, 0 MiB, 23028 MiB
2026/02/25 16:13:39.404, 0, NVIDIA A10G, 0 %, 0 %, 2049 MiB, 23028 MiB
2026/02/25 16:13:39.404, 1, NVIDIA A10G, 0 %, 0 %, 0 MiB, 23028 MiB
2026/02/25 16:13:39.404, 2, NVIDIA A10G, 0 %, 0 %, 0 MiB, 23028 MiB
2026/02/25 16:13:39.404, 3, NVIDIA A10G, 0 %, 0 %, 0 MiB, 23028 MiB
2026/02/25 16:13:40.405, 0, NVIDIA A10G, 0 %, 0 %, 2049 MiB, 23028 MiB
2026/02/25 16:13:40.405, 1, NVIDIA A10G, 0 %, 0 %, 0 MiB, 23028 MiB
2026/02/25 16:13:40.405, 2, NVIDIA A10G, 0 %, 0 %, 0 MiB, 23028 MiB
2026/02/25 16:13:40.405, 3, NVIDIA A10G, 0 %, 0 %, 0 MiB, 23028 MiB
2026/02/25 16:13:41.405, 0, NVIDIA A10G, 0 %, 0 %, 2049 MiB, 23028 MiB
2026/02/25 16:13:41.405, 1, NVIDIA A10G, 0 %, 0 %, 0 MiB, 23028 MiB
2026/02/25 16:13:41.405, 2, NVIDIA A10G, 0 %, 0 %, 0 MiB, 23028 MiB
2026/02/25 16:13:41.405, 3, NVIDIA A10G, 0 %, 0 %, 0 MiB, 23028 MiB
2026/02/25 16:13:42.405, 0, NVIDIA A10G, 0 %, 0 %, 2049 MiB, 23028 MiB
2026/02/25 16:13:42.405, 1, NVIDIA A10G, 0 %, 0 %, 0 MiB, 23028 MiB
2026/02/25 16:13:42.405, 2, NVIDIA A10G, 0 %, 0 %, 0 MiB, 23028 MiB
2026/02/25 16:13:42.405, 3, NVIDIA A10G, 0 %, 0 %, 0 MiB, 23028 MiB
2026/02/25 16:13:43.405, 0, NVIDIA A10G, 0 %, 0 %, 2049 MiB, 23028 MiB
2026/02/25 16:13:43.405, 1, NVIDIA A10G, 0 %, 0 %, 0 MiB, 23028 MiB
2026/02/25 16:13:43.406, 2, NVIDIA A10G, 0 %, 0 %, 0 MiB, 23028 MiB
2026/02/25 16:13:43.406, 3, NVIDIA A10G, 0 %, 0 %, 0 MiB, 23028 MiB
2026/02/25 16:13:44.406, 0, NVIDIA A10G, 0 %, 0 %, 2049 MiB, 23028 MiB
2026/02/25 16:13:44.406, 1, NVIDIA A10G, 0 %, 0 %, 0 MiB, 23028 MiB
2026/02/25 16:13:44.406, 2, NVIDIA A10G, 0 %, 0 %, 0 MiB, 23028 MiB
2026/02/25 16:13:44.406, 3, NVIDIA A10G, 0 %, 0 %, 0 MiB, 23028 MiB
2026/02/25 16:13:45.406, 0, NVIDIA A10G, 0 %, 0 %, 2049 MiB, 23028 MiB
2026/02/25 16:13:45.406, 1, NVIDIA A10G, 0 %, 0 %, 0 MiB, 23028 MiB
2026/02/25 16:13:45.406, 2, NVIDIA A10G, 0 %, 0 %, 0 MiB, 23028 MiB
2026/02/25 16:13:45.406, 3, NVIDIA A10G, 0 %, 0 %, 0 MiB, 23028 MiB
2026/02/25 16:13:46.406, 0, NVIDIA A10G, 23 %, 9 %, 2049 MiB, 23028 MiB
2026/02/25 16:13:46.406, 1, NVIDIA A10G, 0 %, 0 %, 0 MiB, 23028 MiB
2026/02/25 16:13:46.406, 2, NVIDIA A10G, 0 %, 0 %, 0 MiB, 23028 MiB
2026/02/25 16:13:46.406, 3, NVIDIA A10G, 0 %, 0 %, 0 MiB, 23028 MiB
2026/02/25 16:13:47.407, 0, NVIDIA A10G, 22 %, 7 %, 2049 MiB, 23028 MiB
2026/02/25 16:13:47.407, 1, NVIDIA A10G, 0 %, 0 %, 0 MiB, 23028 MiB
2026/02/25 16:13:47.407, 2, NVIDIA A10G, 0 %, 0 %, 0 MiB, 23028 MiB
2026/02/25 16:13:47.407, 3, NVIDIA A10G, 0 %, 0 %, 0 MiB, 23028 MiB
2026/02/25 16:13:48.407, 0, NVIDIA A10G, 23 %, 8 %, 2049 MiB, 23028 MiB
2026/02/25 16:13:48.407, 1, NVIDIA A10G, 0 %, 0 %, 0 MiB, 23028 MiB
2026/02/25 16:13:48.407, 2, NVIDIA A10G, 0 %, 0 %, 0 MiB, 23028 MiB
2026/02/25 16:13:48.407, 3, NVIDIA A10G, 0 %, 0 %, 0 MiB, 23028 MiB
2026/02/25 16:13:49.407, 0, NVIDIA A10G, 25 %, 9 %, 2049 MiB, 23028 MiB
2026/02/25 16:13:49.407, 1, NVIDIA A10G, 0 %, 0 %, 0 MiB, 23028 MiB
2026/02/25 16:13:49.407, 2, NVIDIA A10G, 0 %, 0 %, 0 MiB, 23028 MiB
2026/02/25 16:13:49.407, 3, NVIDIA A10G, 0 %, 0 %, 0 MiB, 23028 MiB
2026/02/25 16:13:50.407, 0, NVIDIA A10G, 22 %, 7 %, 2049 MiB, 23028 MiB
2026/02/25 16:13:50.407, 1, NVIDIA A10G, 0 %, 0 %, 0 MiB, 23028 MiB
2026/02/25 16:13:50.407, 2, NVIDIA A10G, 0 %, 0 %, 0 MiB, 23028 MiB
2026/02/25 16:13:50.407, 3, NVIDIA A10G, 0 %, 0 %, 0 MiB, 23028 MiB
2026/02/25 16:13:51.408, 0, NVIDIA A10G, 22 %, 8 %, 2049 MiB, 23028 MiB
2026/02/25 16:13:51.408, 1, NVIDIA A10G, 0 %, 0 %, 0 MiB, 23028 MiB
2026/02/25 16:13:51.408, 2, NVIDIA A10G, 0 %, 0 %, 0 MiB, 23028 MiB
2026/02/25 16:13:51.408, 3, NVIDIA A10G, 0 %, 0 %, 0 MiB, 23028 MiB
2026/02/25 16:13:52.408, 0, NVIDIA A10G, 24 %, 9 %, 2049 MiB, 23028 MiB
2026/02/25 16:13:52.408, 1, NVIDIA A10G, 0 %, 0 %, 0 MiB, 23028 MiB
2026/02/25 16:13:52.408, 2, NVIDIA A10G, 0 %, 0 %, 0 MiB, 23028 MiB
2026/02/25 16:13:52.408, 3, NVIDIA A10G, 0 %, 0 %, 0 MiB, 23028 MiB
2026/02/25 16:13:53.408, 0, NVIDIA A10G, 22 %, 8 %, 2049 MiB, 23028 MiB
2026/02/25 16:13:53.408, 1, NVIDIA A10G, 0 %, 0 %, 0 MiB, 23028 MiB
2026/02/25 16:13:53.408, 2, NVIDIA A10G, 0 %, 0 %, 0 MiB, 23028 MiB
2026/02/25 16:13:53.408, 3, NVIDIA A10G, 0 %, 0 %, 0 MiB, 23028 MiB
2026/02/25 16:13:54.408, 0, NVIDIA A10G, 20 %, 7 %, 2049 MiB, 23028 MiB
2026/02/25 16:13:54.409, 1, NVIDIA A10G, 0 %, 0 %, 0 MiB, 23028 MiB
2026/02/25 16:13:54.409, 2, NVIDIA A10G, 0 %, 0 %, 0 MiB, 23028 MiB
2026/02/25 16:13:54.409, 3, NVIDIA A10G, 0 %, 0 %, 0 MiB, 23028 MiB
2026/02/25 16:13:55.409, 0, NVIDIA A10G, 21 %, 7 %, 2049 MiB, 23028 MiB
2026/02/25 16:13:55.409, 1, NVIDIA A10G, 0 %, 0 %, 0 MiB, 23028 MiB
2026/02/25 16:13:55.409, 2, NVIDIA A10G, 0 %, 0 %, 0 MiB, 23028 MiB
2026/02/25 16:13:55.409, 3, NVIDIA A10G, 0 %, 0 %, 0 MiB, 23028 MiB
2026/02/25 16:13:56.409, 0, NVIDIA A10G, 9 %, 3 %, 2049 MiB, 23028 MiB
2026/02/25 16:13:56.409, 1, NVIDIA A10G, 0 %, 0 %, 0 MiB, 23028 MiB
2026/02/25 16:13:56.409, 2, NVIDIA A10G, 0 %, 0 %, 0 MiB, 23028 MiB
2026/02/25 16:13:56.410, 3, NVIDIA A10G, 0 %, 0 %, 0 MiB, 23028 MiB
2026/02/25 16:13:57.410, 0, NVIDIA A10G, 0 %, 0 %, 2049 MiB, 23028 MiB
2026/02/25 16:13:57.410, 1, NVIDIA A10G, 0 %, 0 %, 0 MiB, 23028 MiB
2026/02/25 16:13:57.410, 2, NVIDIA A10G, 0 %, 0 %, 0 MiB, 23028 MiB
2026/02/25 16:13:57.410, 3, NVIDIA A10G, 0 %, 0 %, 0 MiB, 23028 MiB
2026/02/25 16:13:58.410, 0, NVIDIA A10G, 0 %, 0 %, 2049 MiB, 23028 MiB
2026/02/25 16:13:58.410, 1, NVIDIA A10G, 0 %, 0 %, 0 MiB, 23028 MiB
2026/02/25 16:13:58.410, 2, NVIDIA A10G, 0 %, 0 %, 0 MiB, 23028 MiB
2026/02/25 16:13:58.410, 3, NVIDIA A10G, 0 %, 0 %, 0 MiB, 23028 MiB
2026/02/25 16:13:59.410, 0, NVIDIA A10G, 0 %, 0 %, 2049 MiB, 23028 MiB
2026/02/25 16:13:59.411, 1, NVIDIA A10G, 0 %, 0 %, 0 MiB, 23028 MiB
2026/02/25 16:13:59.411, 2, NVIDIA A10G, 0 %, 0 %, 0 MiB, 23028 MiB
2026/02/25 16:13:59.411, 3, NVIDIA A10G, 0 %, 0 %, 0 MiB, 23028 MiB
2026/02/25 16:14:00.411, 0, NVIDIA A10G, 0 %, 0 %, 2049 MiB, 23028 MiB
2026/02/25 16:14:00.411, 1, NVIDIA A10G, 0 %, 0 %, 0 MiB, 23028 MiB
2026/02/25 16:14:00.411, 2, NVIDIA A10G, 0 %, 0 %, 0 MiB, 23028 MiB
2026/02/25 16:14:00.411, 3, NVIDIA A10G, 0 %, 0 %, 0 MiB, 23028 MiB
2026/02/25 16:14:01.411, 0, NVIDIA A10G, 23 %, 8 %, 2049 MiB, 23028 MiB
2026/02/25 16:14:01.411, 1, NVIDIA A10G, 0 %, 0 %, 0 MiB, 23028 MiB
2026/02/25 16:14:01.411, 2, NVIDIA A10G, 0 %, 0 %, 0 MiB, 23028 MiB
2026/02/25 16:14:01.411, 3, NVIDIA A10G, 0 %, 0 %, 0 MiB, 23028 MiB
2026/02/25 16:14:02.412, 0, NVIDIA A10G, 24 %, 8 %, 2049 MiB, 23028 MiB
2026/02/25 16:14:02.412, 1, NVIDIA A10G, 0 %, 0 %, 0 MiB, 23028 MiB
2026/02/25 16:14:02.412, 2, NVIDIA A10G, 0 %, 0 %, 0 MiB, 23028 MiB
2026/02/25 16:14:02.412, 3, NVIDIA A10G, 0 %, 0 %, 0 MiB, 23028 MiB
2026/02/25 16:14:03.412, 0, NVIDIA A10G, 22 %, 7 %, 2049 MiB, 23028 MiB
2026/02/25 16:14:03.412, 1, NVIDIA A10G, 0 %, 0 %, 0 MiB, 23028 MiB
2026/02/25 16:14:03.412, 2, NVIDIA A10G, 0 %, 0 %, 0 MiB, 23028 MiB
2026/02/25 16:14:03.412, 3, NVIDIA A10G, 0 %, 0 %, 0 MiB, 23028 MiB
2026/02/25 16:14:04.412, 0, NVIDIA A10G, 24 %, 8 %, 2049 MiB, 23028 MiB
2026/02/25 16:14:04.412, 1, NVIDIA A10G, 0 %, 0 %, 0 MiB, 23028 MiB
2026/02/25 16:14:04.412, 2, NVIDIA A10G, 0 %, 0 %, 0 MiB, 23028 MiB
2026/02/25 16:14:04.412, 3, NVIDIA A10G, 0 %, 0 %, 0 MiB, 23028 MiB
2026/02/25 16:14:05.413, 0, NVIDIA A10G, 0 %, 0 %, 2049 MiB, 23028 MiB
2026/02/25 16:14:05.413, 1, NVIDIA A10G, 0 %, 0 %, 0 MiB, 23028 MiB
2026/02/25 16:14:05.413, 2, NVIDIA A10G, 0 %, 0 %, 0 MiB, 23028 MiB
2026/02/25 16:14:05.413, 3, NVIDIA A10G, 0 %, 0 %, 0 MiB, 23028 MiB
2026/02/25 16:14:06.413, 0, NVIDIA A10G, 0 %, 0 %, 2049 MiB, 23028 MiB
2026/02/25 16:14:06.413, 1, NVIDIA A10G, 0 %, 0 %, 0 MiB, 23028 MiB
2026/02/25 16:14:06.413, 2, NVIDIA A10G, 0 %, 0 %, 0 MiB, 23028 MiB
2026/02/25 16:14:06.413, 3, NVIDIA A10G, 0 %, 0 %, 0 MiB, 23028 MiB
2026/02/25 16:14:07.413, 0, NVIDIA A10G, 0 %, 0 %, 2049 MiB, 23028 MiB
2026/02/25 16:14:07.414, 1, NVIDIA A10G, 0 %, 0 %, 0 MiB, 23028 MiB
2026/02/25 16:14:07.414, 2, NVIDIA A10G, 0 %, 0 %, 0 MiB, 23028 MiB
2026/02/25 16:14:07.414, 3, NVIDIA A10G, 0 %, 0 %, 0 MiB, 23028 MiB
2026/02/25 16:14:08.414, 0, NVIDIA A10G, 0 %, 0 %, 2049 MiB, 23028 MiB
2026/02/25 16:14:08.414, 1, NVIDIA A10G, 0 %, 0 %, 0 MiB, 23028 MiB
2026/02/25 16:14:08.414, 2, NVIDIA A10G, 0 %, 0 %, 0 MiB, 23028 MiB
2026/02/25 16:14:08.414, 3, NVIDIA A10G, 0 %, 0 %, 0 MiB, 23028 MiB
2026/02/25 16:14:09.414, 0, NVIDIA A10G, 0 %, 0 %, 2049 MiB, 23028 MiB
2026/02/25 16:14:09.414, 1, NVIDIA A10G, 0 %, 0 %, 0 MiB, 23028 MiB
2026/02/25 16:14:09.414, 2, NVIDIA A10G, 0 %, 0 %, 0 MiB, 23028 MiB
2026/02/25 16:14:09.414, 3, NVIDIA A10G, 0 %, 0 %, 0 MiB, 23028 MiB
2026/02/25 16:14:10.415, 0, NVIDIA A10G, 0 %, 0 %, 2049 MiB, 23028 MiB
2026/02/25 16:14:10.415, 1, NVIDIA A10G, 0 %, 0 %, 0 MiB, 23028 MiB
2026/02/25 16:14:10.415, 2, NVIDIA A10G, 0 %, 0 %, 0 MiB, 23028 MiB
2026/02/25 16:14:10.415, 3, NVIDIA A10G, 0 %, 0 %, 0 MiB, 23028 MiB
2026/02/25 16:14:11.415, 0, NVIDIA A10G, 0 %, 0 %, 2049 MiB, 23028 MiB
2026/02/25 16:14:11.415, 1, NVIDIA A10G, 0 %, 0 %, 0 MiB, 23028 MiB
2026/02/25 16:14:11.415, 2, NVIDIA A10G, 0 %, 0 %, 0 MiB, 23028 MiB
2026/02/25 16:14:11.415, 3, NVIDIA A10G, 0 %, 0 %, 0 MiB, 23028 MiB
2026/02/25 16:14:12.415, 0, NVIDIA A10G, 0 %, 0 %, 2049 MiB, 23028 MiB
2026/02/25 16:14:12.415, 1, NVIDIA A10G, 0 %, 0 %, 0 MiB, 23028 MiB
2026/02/25 16:14:12.415, 2, NVIDIA A10G, 0 %, 0 %, 0 MiB, 23028 MiB
2026/02/25 16:14:12.415, 3, NVIDIA A10G, 0 %, 0 %, 0 MiB, 23028 MiB
2026/02/25 16:14:13.416, 0, NVIDIA A10G, 21 %, 7 %, 2049 MiB, 23028 MiB
2026/02/25 16:14:13.416, 1, NVIDIA A10G, 0 %, 0 %, 0 MiB, 23028 MiB
2026/02/25 16:14:13.416, 2, NVIDIA A10G, 0 %, 0 %, 0 MiB, 23028 MiB
2026/02/25 16:14:13.416, 3, NVIDIA A10G, 0 %, 0 %, 0 MiB, 23028 MiB
2026/02/25 16:14:14.416, 0, NVIDIA A10G, 23 %, 8 %, 2049 MiB, 23028 MiB
2026/02/25 16:14:14.416, 1, NVIDIA A10G, 0 %, 0 %, 0 MiB, 23028 MiB
2026/02/25 16:14:14.416, 2, NVIDIA A10G, 0 %, 0 %, 0 MiB, 23028 MiB
2026/02/25 16:14:14.416, 3, NVIDIA A10G, 0 %, 0 %, 0 MiB, 23028 MiB
2026/02/25 16:14:15.416, 0, NVIDIA A10G, 23 %, 8 %, 2049 MiB, 23028 MiB
2026/02/25 16:14:15.416, 1, NVIDIA A10G, 0 %, 0 %, 0 MiB, 23028 MiB
2026/02/25 16:14:15.416, 2, NVIDIA A10G, 0 %, 0 %, 0 MiB, 23028 MiB
2026/02/25 16:14:15.416, 3, NVIDIA A10G, 0 %, 0 %, 0 MiB, 23028 MiB
2026/02/25 16:14:16.416, 0, NVIDIA A10G, 21 %, 7 %, 2049 MiB, 23028 MiB
2026/02/25 16:14:16.417, 1, NVIDIA A10G, 0 %, 0 %, 0 MiB, 23028 MiB
2026/02/25 16:14:16.417, 2, NVIDIA A10G, 0 %, 0 %, 0 MiB, 23028 MiB
2026/02/25 16:14:16.417, 3, NVIDIA A10G, 0 %, 0 %, 0 MiB, 23028 MiB
2026/02/25 16:14:17.417, 0, NVIDIA A10G, 23 %, 8 %, 2049 MiB, 23028 MiB
2026/02/25 16:14:17.417, 1, NVIDIA A10G, 0 %, 0 %, 0 MiB, 23028 MiB
2026/02/25 16:14:17.417, 2, NVIDIA A10G, 0 %, 0 %, 0 MiB, 23028 MiB
2026/02/25 16:14:17.417, 3, NVIDIA A10G, 0 %, 0 %, 0 MiB, 23028 MiB
2026/02/25 16:14:18.417, 0, NVIDIA A10G, 21 %, 7 %, 2049 MiB, 23028 MiB
2026/02/25 16:14:18.417, 1, NVIDIA A10G, 0 %, 0 %, 0 MiB, 23028 MiB
2026/02/25 16:14:18.417, 2, NVIDIA A10G, 0 %, 0 %, 0 MiB, 23028 MiB
2026/02/25 16:14:18.417, 3, NVIDIA A10G, 0 %, 0 %, 0 MiB, 23028 MiB
2026/02/25 16:14:19.418, 0, NVIDIA A10G, 23 %, 8 %, 2049 MiB, 23028 MiB
2026/02/25 16:14:19.418, 1, NVIDIA A10G, 0 %, 0 %, 0 MiB, 23028 MiB
2026/02/25 16:14:19.418, 2, NVIDIA A10G, 0 %, 0 %, 0 MiB, 23028 MiB
2026/02/25 16:14:19.418, 3, NVIDIA A10G, 0 %, 0 %, 0 MiB, 23028 MiB
2026/02/25 16:14:20.418, 0, NVIDIA A10G, 23 %, 8 %, 2049 MiB, 23028 MiB
2026/02/25 16:14:20.418, 1, NVIDIA A10G, 0 %, 0 %, 0 MiB, 23028 MiB
2026/02/25 16:14:20.418, 2, NVIDIA A10G, 0 %, 0 %, 0 MiB, 23028 MiB
2026/02/25 16:14:20.418, 3, NVIDIA A10G, 0 %, 0 %, 0 MiB, 23028 MiB
2026/02/25 16:14:21.418, 0, NVIDIA A10G, 22 %, 7 %, 2049 MiB, 23028 MiB
2026/02/25 16:14:21.418, 1, NVIDIA A10G, 0 %, 0 %, 0 MiB, 23028 MiB
2026/02/25 16:14:21.418, 2, NVIDIA A10G, 0 %, 0 %, 0 MiB, 23028 MiB
2026/02/25 16:14:21.418, 3, NVIDIA A10G, 0 %, 0 %, 0 MiB, 23028 MiB
2026/02/25 16:14:22.419, 0, NVIDIA A10G, 0 %, 0 %, 2049 MiB, 23028 MiB
2026/02/25 16:14:22.419, 1, NVIDIA A10G, 0 %, 0 %, 0 MiB, 23028 MiB
2026/02/25 16:14:22.419, 2, NVIDIA A10G, 0 %, 0 %, 0 MiB, 23028 MiB
2026/02/25 16:14:22.419, 3, NVIDIA A10G, 0 %, 0 %, 0 MiB, 23028 MiB
2026/02/25 16:14:23.419, 0, NVIDIA A10G, 0 %, 0 %, 2049 MiB, 23028 MiB
2026/02/25 16:14:23.419, 1, NVIDIA A10G, 0 %, 0 %, 0 MiB, 23028 MiB
2026/02/25 16:14:23.419, 2, NVIDIA A10G, 0 %, 0 %, 0 MiB, 23028 MiB
2026/02/25 16:14:23.419, 3, NVIDIA A10G, 0 %, 0 %, 0 MiB, 23028 MiB
2026/02/25 16:14:24.419, 0, NVIDIA A10G, 0 %, 0 %, 2049 MiB, 23028 MiB
2026/02/25 16:14:24.419, 1, NVIDIA A10G, 0 %, 0 %, 0 MiB, 23028 MiB
2026/02/25 16:14:24.419, 2, NVIDIA A10G, 0 %, 0 %, 0 MiB, 23028 MiB
2026/02/25 16:14:24.419, 3, NVIDIA A10G, 0 %, 0 %, 0 MiB, 23028 MiB
2026/02/25 16:14:25.419, 0, NVIDIA A10G, 0 %, 0 %, 2049 MiB, 23028 MiB
2026/02/25 16:14:25.420, 1, NVIDIA A10G, 0 %, 0 %, 0 MiB, 23028 MiB
2026/02/25 16:14:25.420, 2, NVIDIA A10G, 0 %, 0 %, 0 MiB, 23028 MiB
2026/02/25 16:14:25.420, 3, NVIDIA A10G, 0 %, 0 %, 0 MiB, 23028 MiB
2026/02/25 16:14:26.420, 0, NVIDIA A10G, 0 %, 0 %, 2049 MiB, 23028 MiB
2026/02/25 16:14:26.420, 1, NVIDIA A10G, 0 %, 0 %, 0 MiB, 23028 MiB
2026/02/25 16:14:26.420, 2, NVIDIA A10G, 0 %, 0 %, 0 MiB, 23028 MiB
2026/02/25 16:14:26.420, 3, NVIDIA A10G, 0 %, 0 %, 0 MiB, 23028 MiB
2026/02/25 16:14:27.420, 0, NVIDIA A10G, 0 %, 0 %, 2049 MiB, 23028 MiB
2026/02/25 16:14:27.420, 1, NVIDIA A10G, 0 %, 0 %, 0 MiB, 23028 MiB
2026/02/25 16:14:27.420, 2, NVIDIA A10G, 0 %, 0 %, 0 MiB, 23028 MiB
2026/02/25 16:14:27.420, 3, NVIDIA A10G, 0 %, 0 %, 0 MiB, 23028 MiB
2026/02/25 16:14:28.421, 0, NVIDIA A10G, 0 %, 0 %, 2049 MiB, 23028 MiB
2026/02/25 16:14:28.421, 1, NVIDIA A10G, 0 %, 0 %, 0 MiB, 23028 MiB
2026/02/25 16:14:28.421, 2, NVIDIA A10G, 0 %, 0 %, 0 MiB, 23028 MiB
2026/02/25 16:14:28.421, 3, NVIDIA A10G, 0 %, 0 %, 0 MiB, 23028 MiB
2026/02/25 16:14:29.421, 0, NVIDIA A10G, 23 %, 7 %, 2049 MiB, 23028 MiB
2026/02/25 16:14:29.421, 1, NVIDIA A10G, 0 %, 0 %, 0 MiB, 23028 MiB
2026/02/25 16:14:29.421, 2, NVIDIA A10G, 0 %, 0 %, 0 MiB, 23028 MiB
2026/02/25 16:14:29.421, 3, NVIDIA A10G, 0 %, 0 %, 0 MiB, 23028 MiB
2026/02/25 16:14:30.421, 0, NVIDIA A10G, 23 %, 8 %, 2049 MiB, 23028 MiB
2026/02/25 16:14:30.421, 1, NVIDIA A10G, 0 %, 0 %, 0 MiB, 23028 MiB
2026/02/25 16:14:30.422, 2, NVIDIA A10G, 0 %, 0 %, 0 MiB, 23028 MiB
2026/02/25 16:14:30.422, 3, NVIDIA A10G, 0 %, 0 %, 0 MiB, 23028 MiB
2026/02/25 16:14:31.422, 0, NVIDIA A10G, 22 %, 8 %, 2049 MiB, 23028 MiB
2026/02/25 16:14:31.422, 1, NVIDIA A10G, 0 %, 0 %, 0 MiB, 23028 MiB
2026/02/25 16:14:31.422, 2, NVIDIA A10G, 0 %, 0 %, 0 MiB, 23028 MiB
2026/02/25 16:14:31.422, 3, NVIDIA A10G, 0 %, 0 %, 0 MiB, 23028 MiB
2026/02/25 16:14:32.422, 0, NVIDIA A10G, 23 %, 8 %, 2049 MiB, 23028 MiB
2026/02/25 16:14:32.422, 1, NVIDIA A10G, 0 %, 0 %, 0 MiB, 23028 MiB
2026/02/25 16:14:32.422, 2, NVIDIA A10G, 0 %, 0 %, 0 MiB, 23028 MiB
2026/02/25 16:14:32.422, 3, NVIDIA A10G, 0 %, 0 %, 0 MiB, 23028 MiB
2026/02/25 16:14:33.422, 0, NVIDIA A10G, 22 %, 7 %, 2049 MiB, 23028 MiB
2026/02/25 16:14:33.422, 1, NVIDIA A10G, 0 %, 0 %, 0 MiB, 23028 MiB
2026/02/25 16:14:33.422, 2, NVIDIA A10G, 0 %, 0 %, 0 MiB, 23028 MiB
2026/02/25 16:14:33.423, 3, NVIDIA A10G, 0 %, 0 %, 0 MiB, 23028 MiB
2026/02/25 16:14:34.423, 0, NVIDIA A10G, 22 %, 8 %, 2049 MiB, 23028 MiB
2026/02/25 16:14:34.423, 1, NVIDIA A10G, 0 %, 0 %, 0 MiB, 23028 MiB
2026/02/25 16:14:34.423, 2, NVIDIA A10G, 0 %, 0 %, 0 MiB, 23028 MiB
2026/02/25 16:14:34.423, 3, NVIDIA A10G, 0 %, 0 %, 0 MiB, 23028 MiB
2026/02/25 16:14:35.423, 0, NVIDIA A10G, 21 %, 7 %, 2049 MiB, 23028 MiB
2026/02/25 16:14:35.423, 1, NVIDIA A10G, 0 %, 0 %, 0 MiB, 23028 MiB
2026/02/25 16:14:35.423, 2, NVIDIA A10G, 0 %, 0 %, 0 MiB, 23028 MiB
2026/02/25 16:14:35.423, 3, NVIDIA A10G, 0 %, 0 %, 0 MiB, 23028 MiB
2026/02/25 16:14:36.423, 0, NVIDIA A10G, 0 %, 0 %, 2049 MiB, 23028 MiB
2026/02/25 16:14:36.423, 1, NVIDIA A10G, 0 %, 0 %, 0 MiB, 23028 MiB
2026/02/25 16:14:36.424, 2, NVIDIA A10G, 0 %, 0 %, 0 MiB, 23028 MiB
2026/02/25 16:14:36.424, 3, NVIDIA A10G, 0 %, 0 %, 0 MiB, 23028 MiB
2026/02/25 16:14:37.424, 0, NVIDIA A10G, 0 %, 0 %, 2049 MiB, 23028 MiB
2026/02/25 16:14:37.424, 1, NVIDIA A10G, 0 %, 0 %, 0 MiB, 23028 MiB
2026/02/25 16:14:37.424, 2, NVIDIA A10G, 0 %, 0 %, 0 MiB, 23028 MiB
2026/02/25 16:14:37.424, 3, NVIDIA A10G, 0 %, 0 %, 0 MiB, 23028 MiB
2026/02/25 16:14:38.424, 0, NVIDIA A10G, 0 %, 0 %, 2049 MiB, 23028 MiB
2026/02/25 16:14:38.424, 1, NVIDIA A10G, 0 %, 0 %, 0 MiB, 23028 MiB
2026/02/25 16:14:38.424, 2, NVIDIA A10G, 0 %, 0 %, 0 MiB, 23028 MiB
2026/02/25 16:14:38.424, 3, NVIDIA A10G, 0 %, 0 %, 0 MiB, 23028 MiB
2026/02/25 16:14:39.425, 0, NVIDIA A10G, 0 %, 0 %, 2049 MiB, 23028 MiB
2026/02/25 16:14:39.425, 1, NVIDIA A10G, 0 %, 0 %, 0 MiB, 23028 MiB
2026/02/25 16:14:39.425, 2, NVIDIA A10G, 0 %, 0 %, 0 MiB, 23028 MiB
2026/02/25 16:14:39.425, 3, NVIDIA A10G, 0 %, 0 %, 0 MiB, 23028 MiB
2026/02/25 16:14:40.425, 0, NVIDIA A10G, 0 %, 0 %, 2049 MiB, 23028 MiB
2026/02/25 16:14:40.425, 1, NVIDIA A10G, 0 %, 0 %, 0 MiB, 23028 MiB
2026/02/25 16:14:40.425, 2, NVIDIA A10G, 0 %, 0 %, 0 MiB, 23028 MiB
2026/02/25 16:14:40.425, 3, NVIDIA A10G, 0 %, 0 %, 0 MiB, 23028 MiB
2026/02/25 16:14:41.425, 0, NVIDIA A10G, 0 %, 0 %, 2049 MiB, 23028 MiB
2026/02/25 16:14:41.425, 1, NVIDIA A10G, 0 %, 0 %, 0 MiB, 23028 MiB
2026/02/25 16:14:41.425, 2, NVIDIA A10G, 0 %, 0 %, 0 MiB, 23028 MiB
2026/02/25 16:14:41.425, 3, NVIDIA A10G, 0 %, 0 %, 0 MiB, 23028 MiB
2026/02/25 16:14:42.425, 0, NVIDIA A10G, 0 %, 0 %, 2049 MiB, 23028 MiB
2026/02/25 16:14:42.425, 1, NVIDIA A10G, 0 %, 0 %, 0 MiB, 23028 MiB
2026/02/25 16:14:42.425, 2, NVIDIA A10G, 0 %, 0 %, 0 MiB, 23028 MiB
2026/02/25 16:14:42.426, 3, NVIDIA A10G, 0 %, 0 %, 0 MiB, 23028 MiB
2026/02/25 16:14:43.426, 0, NVIDIA A10G, 0 %, 0 %, 2049 MiB, 23028 MiB
2026/02/25 16:14:43.426, 1, NVIDIA A10G, 0 %, 0 %, 0 MiB, 23028 MiB
2026/02/25 16:14:43.426, 2, NVIDIA A10G, 0 %, 0 %, 0 MiB, 23028 MiB
2026/02/25 16:14:43.426, 3, NVIDIA A10G, 0 %, 0 %, 0 MiB, 23028 MiB
2026/02/25 16:14:44.426, 0, NVIDIA A10G, 0 %, 0 %, 2049 MiB, 23028 MiB
2026/02/25 16:14:44.426, 1, NVIDIA A10G, 0 %, 0 %, 0 MiB, 23028 MiB
2026/02/25 16:14:44.426, 2, NVIDIA A10G, 0 %, 0 %, 0 MiB, 23028 MiB
2026/02/25 16:14:44.426, 3, NVIDIA A10G, 0 %, 0 %, 0 MiB, 23028 MiB
2026/02/25 16:14:45.426, 0, NVIDIA A10G, 0 %, 0 %, 2049 MiB, 23028 MiB
2026/02/25 16:14:45.426, 1, NVIDIA A10G, 0 %, 0 %, 0 MiB, 23028 MiB
2026/02/25 16:14:45.427, 2, NVIDIA A10G, 0 %, 0 %, 0 MiB, 23028 MiB
2026/02/25 16:14:45.427, 3, NVIDIA A10G, 0 %, 0 %, 0 MiB, 23028 MiB
2026/02/25 16:14:46.427, 0, NVIDIA A10G, 0 %, 0 %, 2049 MiB, 23028 MiB
2026/02/25 16:14:46.427, 1, NVIDIA A10G, 0 %, 0 %, 0 MiB, 23028 MiB
2026/02/25 16:14:46.427, 2, NVIDIA A10G, 0 %, 0 %, 0 MiB, 23028 MiB
2026/02/25 16:14:46.427, 3, NVIDIA A10G, 0 %, 0 %, 0 MiB, 23028 MiB
2026/02/25 16:14:47.427, 0, NVIDIA A10G, 21 %, 7 %, 2049 MiB, 23028 MiB
2026/02/25 16:14:47.427, 1, NVIDIA A10G, 0 %, 0 %, 0 MiB, 23028 MiB
2026/02/25 16:14:47.427, 2, NVIDIA A10G, 0 %, 0 %, 0 MiB, 23028 MiB
2026/02/25 16:14:47.427, 3, NVIDIA A10G, 0 %, 0 %, 0 MiB, 23028 MiB
2026/02/25 16:14:48.428, 0, NVIDIA A10G, 23 %, 8 %, 2049 MiB, 23028 MiB
2026/02/25 16:14:48.428, 1, NVIDIA A10G, 0 %, 0 %, 0 MiB, 23028 MiB
2026/02/25 16:14:48.428, 2, NVIDIA A10G, 0 %, 0 %, 0 MiB, 23028 MiB
2026/02/25 16:14:48.428, 3, NVIDIA A10G, 0 %, 0 %, 0 MiB, 23028 MiB
2026/02/25 16:14:49.428, 0, NVIDIA A10G, 24 %, 9 %, 2049 MiB, 23028 MiB
2026/02/25 16:14:49.428, 1, NVIDIA A10G, 0 %, 0 %, 0 MiB, 23028 MiB
2026/02/25 16:14:49.428, 2, NVIDIA A10G, 0 %, 0 %, 0 MiB, 23028 MiB
2026/02/25 16:14:49.428, 3, NVIDIA A10G, 0 %, 0 %, 0 MiB, 23028 MiB
2026/02/25 16:14:50.428, 0, NVIDIA A10G, 22 %, 8 %, 2049 MiB, 23028 MiB
2026/02/25 16:14:50.428, 1, NVIDIA A10G, 0 %, 0 %, 0 MiB, 23028 MiB
2026/02/25 16:14:50.428, 2, NVIDIA A10G, 0 %, 0 %, 0 MiB, 23028 MiB
2026/02/25 16:14:50.428, 3, NVIDIA A10G, 0 %, 0 %, 0 MiB, 23028 MiB
2026/02/25 16:14:51.428, 0, NVIDIA A10G, 23 %, 8 %, 2049 MiB, 23028 MiB
2026/02/25 16:14:51.429, 1, NVIDIA A10G, 0 %, 0 %, 0 MiB, 23028 MiB
2026/02/25 16:14:51.429, 2, NVIDIA A10G, 0 %, 0 %, 0 MiB, 23028 MiB
2026/02/25 16:14:51.429, 3, NVIDIA A10G, 0 %, 0 %, 0 MiB, 23028 MiB
2026/02/25 16:14:52.429, 0, NVIDIA A10G, 24 %, 9 %, 2049 MiB, 23028 MiB
2026/02/25 16:14:52.429, 1, NVIDIA A10G, 0 %, 0 %, 0 MiB, 23028 MiB
2026/02/25 16:14:52.429, 2, NVIDIA A10G, 0 %, 0 %, 0 MiB, 23028 MiB
2026/02/25 16:14:52.429, 3, NVIDIA A10G, 0 %, 0 %, 0 MiB, 23028 MiB
2026/02/25 16:14:53.429, 0, NVIDIA A10G, 23 %, 9 %, 2049 MiB, 23028 MiB
2026/02/25 16:14:53.429, 1, NVIDIA A10G, 0 %, 0 %, 0 MiB, 23028 MiB
2026/02/25 16:14:53.429, 2, NVIDIA A10G, 0 %, 0 %, 0 MiB, 23028 MiB
2026/02/25 16:14:53.429, 3, NVIDIA A10G, 0 %, 0 %, 0 MiB, 23028 MiB
2026/02/25 16:14:54.429, 0, NVIDIA A10G, 25 %, 9 %, 2049 MiB, 23028 MiB
2026/02/25 16:14:54.430, 1, NVIDIA A10G, 0 %, 0 %, 0 MiB, 23028 MiB
2026/02/25 16:14:54.430, 2, NVIDIA A10G, 0 %, 0 %, 0 MiB, 23028 MiB
2026/02/25 16:14:54.430, 3, NVIDIA A10G, 0 %, 0 %, 0 MiB, 23028 MiB
2026/02/25 16:14:55.430, 0, NVIDIA A10G, 23 %, 8 %, 2049 MiB, 23028 MiB
2026/02/25 16:14:55.430, 1, NVIDIA A10G, 0 %, 0 %, 0 MiB, 23028 MiB
2026/02/25 16:14:55.430, 2, NVIDIA A10G, 0 %, 0 %, 0 MiB, 23028 MiB
2026/02/25 16:14:55.431, 3, NVIDIA A10G, 0 %, 0 %, 0 MiB, 23028 MiB
2026/02/25 16:14:56.431, 0, NVIDIA A10G, 14 %, 5 %, 2049 MiB, 23028 MiB
2026/02/25 16:14:56.431, 1, NVIDIA A10G, 0 %, 0 %, 0 MiB, 23028 MiB
2026/02/25 16:14:56.431, 2, NVIDIA A10G, 0 %, 0 %, 0 MiB, 23028 MiB
2026/02/25 16:14:56.431, 3, NVIDIA A10G, 0 %, 0 %, 0 MiB, 23028 MiB
2026/02/25 16:14:57.431, 0, NVIDIA A10G, 0 %, 0 %, 2049 MiB, 23028 MiB
2026/02/25 16:14:57.431, 1, NVIDIA A10G, 0 %, 0 %, 0 MiB, 23028 MiB
2026/02/25 16:14:57.432, 2, NVIDIA A10G, 0 %, 0 %, 0 MiB, 23028 MiB
2026/02/25 16:14:57.432, 3, NVIDIA A10G, 0 %, 0 %, 0 MiB, 23028 MiB
2026/02/25 16:14:58.432, 0, NVIDIA A10G, 0 %, 0 %, 2049 MiB, 23028 MiB
2026/02/25 16:14:58.432, 1, NVIDIA A10G, 0 %, 0 %, 0 MiB, 23028 MiB
2026/02/25 16:14:58.432, 2, NVIDIA A10G, 0 %, 0 %, 0 MiB, 23028 MiB
2026/02/25 16:14:58.432, 3, NVIDIA A10G, 0 %, 0 %, 0 MiB, 23028 MiB
2026/02/25 16:14:59.432, 0, NVIDIA A10G, 0 %, 0 %, 2049 MiB, 23028 MiB
2026/02/25 16:14:59.432, 1, NVIDIA A10G, 0 %, 0 %, 0 MiB, 23028 MiB
2026/02/25 16:14:59.432, 2, NVIDIA A10G, 0 %, 0 %, 0 MiB, 23028 MiB
2026/02/25 16:14:59.432, 3, NVIDIA A10G, 0 %, 0 %, 0 MiB, 23028 MiB
2026/02/25 16:15:00.433, 0, NVIDIA A10G, 0 %, 0 %, 2049 MiB, 23028 MiB
2026/02/25 16:15:00.433, 1, NVIDIA A10G, 0 %, 0 %, 0 MiB, 23028 MiB
2026/02/25 16:15:00.433, 2, NVIDIA A10G, 0 %, 0 %, 0 MiB, 23028 MiB
2026/02/25 16:15:00.433, 3, NVIDIA A10G, 0 %, 0 %, 0 MiB, 23028 MiB
2026/02/25 16:15:01.433, 0, NVIDIA A10G, 0 %, 0 %, 2049 MiB, 23028 MiB
2026/02/25 16:15:01.433, 1, NVIDIA A10G, 0 %, 0 %, 0 MiB, 23028 MiB
2026/02/25 16:15:01.433, 2, NVIDIA A10G, 0 %, 0 %, 0 MiB, 23028 MiB
2026/02/25 16:15:01.433, 3, NVIDIA A10G, 0 %, 0 %, 0 MiB, 23028 MiB
2026/02/25 16:15:02.433, 0, NVIDIA A10G, 0 %, 0 %, 2049 MiB, 23028 MiB
2026/02/25 16:15:02.433, 1, NVIDIA A10G, 0 %, 0 %, 0 MiB, 23028 MiB
2026/02/25 16:15:02.433, 2, NVIDIA A10G, 0 %, 0 %, 0 MiB, 23028 MiB
2026/02/25 16:15:02.434, 3, NVIDIA A10G, 0 %, 0 %, 0 MiB, 23028 MiB
2026/02/25 16:15:03.434, 0, NVIDIA A10G, 0 %, 0 %, 2049 MiB, 23028 MiB
2026/02/25 16:15:03.434, 1, NVIDIA A10G, 0 %, 0 %, 0 MiB, 23028 MiB
2026/02/25 16:15:03.434, 2, NVIDIA A10G, 0 %, 0 %, 0 MiB, 23028 MiB
2026/02/25 16:15:03.434, 3, NVIDIA A10G, 0 %, 0 %, 0 MiB, 23028 MiB
2026/02/25 16:15:04.434, 0, NVIDIA A10G, 76 %, 48 %, 2049 MiB, 23028 MiB
2026/02/25 16:15:04.434, 1, NVIDIA A10G, 0 %, 0 %, 0 MiB, 23028 MiB
2026/02/25 16:15:04.434, 2, NVIDIA A10G, 0 %, 0 %, 0 MiB, 23028 MiB
2026/02/25 16:15:04.434, 3, NVIDIA A10G, 0 %, 0 %, 0 MiB, 23028 MiB
2026/02/25 16:15:05.434, 0, NVIDIA A10G, 19 %, 7 %, 2049 MiB, 23028 MiB
2026/02/25 16:15:05.434, 1, NVIDIA A10G, 0 %, 0 %, 0 MiB, 23028 MiB
2026/02/25 16:15:05.435, 2, NVIDIA A10G, 0 %, 0 %, 0 MiB, 23028 MiB
2026/02/25 16:15:05.435, 3, NVIDIA A10G, 0 %, 0 %, 0 MiB, 23028 MiB
2026/02/25 16:15:06.435, 0, NVIDIA A10G, 23 %, 8 %, 2049 MiB, 23028 MiB
2026/02/25 16:15:06.435, 1, NVIDIA A10G, 0 %, 0 %, 0 MiB, 23028 MiB
2026/02/25 16:15:06.435, 2, NVIDIA A10G, 0 %, 0 %, 0 MiB, 23028 MiB
2026/02/25 16:15:06.435, 3, NVIDIA A10G, 0 %, 0 %, 0 MiB, 23028 MiB
2026/02/25 16:15:07.435, 0, NVIDIA A10G, 23 %, 8 %, 2049 MiB, 23028 MiB
2026/02/25 16:15:07.435, 1, NVIDIA A10G, 0 %, 0 %, 0 MiB, 23028 MiB
2026/02/25 16:15:07.435, 2, NVIDIA A10G, 0 %, 0 %, 0 MiB, 23028 MiB
2026/02/25 16:15:07.435, 3, NVIDIA A10G, 0 %, 0 %, 0 MiB, 23028 MiB
2026/02/25 16:15:08.435, 0, NVIDIA A10G, 23 %, 8 %, 2049 MiB, 23028 MiB
2026/02/25 16:15:08.435, 1, NVIDIA A10G, 0 %, 0 %, 0 MiB, 23028 MiB
2026/02/25 16:15:08.435, 2, NVIDIA A10G, 0 %, 0 %, 0 MiB, 23028 MiB
2026/02/25 16:15:08.435, 3, NVIDIA A10G, 0 %, 0 %, 0 MiB, 23028 MiB
2026/02/25 16:15:09.436, 0, NVIDIA A10G, 23 %, 8 %, 2049 MiB, 23028 MiB
2026/02/25 16:15:09.436, 1, NVIDIA A10G, 0 %, 0 %, 0 MiB, 23028 MiB
2026/02/25 16:15:09.436, 2, NVIDIA A10G, 0 %, 0 %, 0 MiB, 23028 MiB
2026/02/25 16:15:09.436, 3, NVIDIA A10G, 0 %, 0 %, 0 MiB, 23028 MiB
2026/02/25 16:15:10.436, 0, NVIDIA A10G, 22 %, 8 %, 2049 MiB, 23028 MiB
2026/02/25 16:15:10.436, 1, NVIDIA A10G, 0 %, 0 %, 0 MiB, 23028 MiB
2026/02/25 16:15:10.436, 2, NVIDIA A10G, 0 %, 0 %, 0 MiB, 23028 MiB
2026/02/25 16:15:10.436, 3, NVIDIA A10G, 0 %, 0 %, 0 MiB, 23028 MiB
2026/02/25 16:15:11.436, 0, NVIDIA A10G, 23 %, 8 %, 2049 MiB, 23028 MiB
2026/02/25 16:15:11.436, 1, NVIDIA A10G, 0 %, 0 %, 0 MiB, 23028 MiB
2026/02/25 16:15:11.436, 2, NVIDIA A10G, 0 %, 0 %, 0 MiB, 23028 MiB
2026/02/25 16:15:11.436, 3, NVIDIA A10G, 0 %, 0 %, 0 MiB, 23028 MiB
2026/02/25 16:15:12.436, 0, NVIDIA A10G, 22 %, 8 %, 2049 MiB, 23028 MiB
2026/02/25 16:15:12.437, 1, NVIDIA A10G, 0 %, 0 %, 0 MiB, 23028 MiB
2026/02/25 16:15:12.437, 2, NVIDIA A10G, 0 %, 0 %, 0 MiB, 23028 MiB
2026/02/25 16:15:12.437, 3, NVIDIA A10G, 0 %, 0 %, 0 MiB, 23028 MiB
2026/02/25 16:15:13.437, 0, NVIDIA A10G, 0 %, 0 %, 2049 MiB, 23028 MiB
2026/02/25 16:15:13.437, 1, NVIDIA A10G, 0 %, 0 %, 0 MiB, 23028 MiB
2026/02/25 16:15:13.437, 2, NVIDIA A10G, 0 %, 0 %, 0 MiB, 23028 MiB
2026/02/25 16:15:13.437, 3, NVIDIA A10G, 0 %, 0 %, 0 MiB, 23028 MiB
2026/02/25 16:15:14.437, 0, NVIDIA A10G, 0 %, 0 %, 2049 MiB, 23028 MiB
2026/02/25 16:15:14.437, 1, NVIDIA A10G, 0 %, 0 %, 0 MiB, 23028 MiB
2026/02/25 16:15:14.437, 2, NVIDIA A10G, 0 %, 0 %, 0 MiB, 23028 MiB
2026/02/25 16:15:14.437, 3, NVIDIA A10G, 0 %, 0 %, 0 MiB, 23028 MiB
2026/02/25 16:15:15.438, 0, NVIDIA A10G, 0 %, 0 %, 2049 MiB, 23028 MiB
2026/02/25 16:15:15.438, 1, NVIDIA A10G, 0 %, 0 %, 0 MiB, 23028 MiB
2026/02/25 16:15:15.438, 2, NVIDIA A10G, 0 %, 0 %, 0 MiB, 23028 MiB
2026/02/25 16:15:15.438, 3, NVIDIA A10G, 0 %, 0 %, 0 MiB, 23028 MiB
2026/02/25 16:15:16.438, 0, NVIDIA A10G, 0 %, 0 %, 2049 MiB, 23028 MiB
2026/02/25 16:15:16.438, 1, NVIDIA A10G, 0 %, 0 %, 0 MiB, 23028 MiB
2026/02/25 16:15:16.438, 2, NVIDIA A10G, 0 %, 0 %, 0 MiB, 23028 MiB
2026/02/25 16:15:16.438, 3, NVIDIA A10G, 0 %, 0 %, 0 MiB, 23028 MiB
2026/02/25 16:15:17.438, 0, NVIDIA A10G, 0 %, 0 %, 2049 MiB, 23028 MiB
2026/02/25 16:15:17.438, 1, NVIDIA A10G, 0 %, 0 %, 0 MiB, 23028 MiB
2026/02/25 16:15:17.438, 2, NVIDIA A10G, 0 %, 0 %, 0 MiB, 23028 MiB
2026/02/25 16:15:17.438, 3, NVIDIA A10G, 0 %, 0 %, 0 MiB, 23028 MiB
2026/02/25 16:15:18.438, 0, NVIDIA A10G, 89 %, 58 %, 2049 MiB, 23028 MiB
2026/02/25 16:15:18.438, 1, NVIDIA A10G, 0 %, 0 %, 0 MiB, 23028 MiB
2026/02/25 16:15:18.438, 2, NVIDIA A10G, 0 %, 0 %, 0 MiB, 23028 MiB
2026/02/25 16:15:18.438, 3, NVIDIA A10G, 0 %, 0 %, 0 MiB, 23028 MiB
2026/02/25 16:15:19.439, 0, NVIDIA A10G, 22 %, 7 %, 2049 MiB, 23028 MiB
2026/02/25 16:15:19.439, 1, NVIDIA A10G, 0 %, 0 %, 0 MiB, 23028 MiB
2026/02/25 16:15:19.439, 2, NVIDIA A10G, 0 %, 0 %, 0 MiB, 23028 MiB
2026/02/25 16:15:19.439, 3, NVIDIA A10G, 0 %, 0 %, 0 MiB, 23028 MiB
2026/02/25 16:15:20.439, 0, NVIDIA A10G, 23 %, 8 %, 2049 MiB, 23028 MiB
2026/02/25 16:15:20.439, 1, NVIDIA A10G, 0 %, 0 %, 0 MiB, 23028 MiB
2026/02/25 16:15:20.439, 2, NVIDIA A10G, 0 %, 0 %, 0 MiB, 23028 MiB
2026/02/25 16:15:20.439, 3, NVIDIA A10G, 0 %, 0 %, 0 MiB, 23028 MiB
2026/02/25 16:15:21.439, 0, NVIDIA A10G, 23 %, 8 %, 2049 MiB, 23028 MiB
2026/02/25 16:15:21.439, 1, NVIDIA A10G, 0 %, 0 %, 0 MiB, 23028 MiB
2026/02/25 16:15:21.439, 2, NVIDIA A10G, 0 %, 0 %, 0 MiB, 23028 MiB
2026/02/25 16:15:21.439, 3, NVIDIA A10G, 0 %, 0 %, 0 MiB, 23028 MiB
2026/02/25 16:15:22.440, 0, NVIDIA A10G, 24 %, 8 %, 2049 MiB, 23028 MiB
2026/02/25 16:15:22.440, 1, NVIDIA A10G, 0 %, 0 %, 0 MiB, 23028 MiB
2026/02/25 16:15:22.440, 2, NVIDIA A10G, 0 %, 0 %, 0 MiB, 23028 MiB
2026/02/25 16:15:22.440, 3, NVIDIA A10G, 0 %, 0 %, 0 MiB, 23028 MiB
2026/02/25 16:15:23.440, 0, NVIDIA A10G, 24 %, 9 %, 2049 MiB, 23028 MiB
2026/02/25 16:15:23.440, 1, NVIDIA A10G, 0 %, 0 %, 0 MiB, 23028 MiB
2026/02/25 16:15:23.440, 2, NVIDIA A10G, 0 %, 0 %, 0 MiB, 23028 MiB
2026/02/25 16:15:23.440, 3, NVIDIA A10G, 0 %, 0 %, 0 MiB, 23028 MiB
2026/02/25 16:15:24.440, 0, NVIDIA A10G, 0 %, 0 %, 2049 MiB, 23028 MiB
2026/02/25 16:15:24.440, 1, NVIDIA A10G, 0 %, 0 %, 0 MiB, 23028 MiB
2026/02/25 16:15:24.440, 2, NVIDIA A10G, 0 %, 0 %, 0 MiB, 23028 MiB
2026/02/25 16:15:24.440, 3, NVIDIA A10G, 0 %, 0 %, 0 MiB, 23028 MiB
2026/02/25 16:15:25.441, 0, NVIDIA A10G, 0 %, 0 %, 2049 MiB, 23028 MiB
2026/02/25 16:15:25.441, 1, NVIDIA A10G, 0 %, 0 %, 0 MiB, 23028 MiB
2026/02/25 16:15:25.441, 2, NVIDIA A10G, 0 %, 0 %, 0 MiB, 23028 MiB
2026/02/25 16:15:25.441, 3, NVIDIA A10G, 0 %, 0 %, 0 MiB, 23028 MiB
2026/02/25 16:15:26.441, 0, NVIDIA A10G, 0 %, 0 %, 2049 MiB, 23028 MiB
2026/02/25 16:15:26.441, 1, NVIDIA A10G, 0 %, 0 %, 0 MiB, 23028 MiB
2026/02/25 16:15:26.441, 2, NVIDIA A10G, 0 %, 0 %, 0 MiB, 23028 MiB
2026/02/25 16:15:26.441, 3, NVIDIA A10G, 0 %, 0 %, 0 MiB, 23028 MiB
2026/02/25 16:15:27.441, 0, NVIDIA A10G, 0 %, 0 %, 2049 MiB, 23028 MiB
2026/02/25 16:15:27.441, 1, NVIDIA A10G, 0 %, 0 %, 0 MiB, 23028 MiB
2026/02/25 16:15:27.441, 2, NVIDIA A10G, 0 %, 0 %, 0 MiB, 23028 MiB
2026/02/25 16:15:27.441, 3, NVIDIA A10G, 0 %, 0 %, 0 MiB, 23028 MiB
2026/02/25 16:15:28.442, 0, NVIDIA A10G, 0 %, 0 %, 2049 MiB, 23028 MiB
2026/02/25 16:15:28.442, 1, NVIDIA A10G, 0 %, 0 %, 0 MiB, 23028 MiB
2026/02/25 16:15:28.442, 2, NVIDIA A10G, 0 %, 0 %, 0 MiB, 23028 MiB
2026/02/25 16:15:28.442, 3, NVIDIA A10G, 0 %, 0 %, 0 MiB, 23028 MiB
2026/02/25 16:15:29.442, 0, NVIDIA A10G, 0 %, 0 %, 2049 MiB, 23028 MiB
2026/02/25 16:15:29.442, 1, NVIDIA A10G, 0 %, 0 %, 0 MiB, 23028 MiB
2026/02/25 16:15:29.442, 2, NVIDIA A10G, 0 %, 0 %, 0 MiB, 23028 MiB
2026/02/25 16:15:29.442, 3, NVIDIA A10G, 0 %, 0 %, 0 MiB, 23028 MiB
2026/02/25 16:15:30.442, 0, NVIDIA A10G, 0 %, 0 %, 2049 MiB, 23028 MiB
2026/02/25 16:15:30.442, 1, NVIDIA A10G, 0 %, 0 %, 0 MiB, 23028 MiB
2026/02/25 16:15:30.442, 2, NVIDIA A10G, 0 %, 0 %, 0 MiB, 23028 MiB
2026/02/25 16:15:30.443, 3, NVIDIA A10G, 0 %, 0 %, 0 MiB, 23028 MiB
2026/02/25 16:15:31.443, 0, NVIDIA A10G, 0 %, 0 %, 2049 MiB, 23028 MiB
2026/02/25 16:15:31.443, 1, NVIDIA A10G, 0 %, 0 %, 0 MiB, 23028 MiB
2026/02/25 16:15:31.443, 2, NVIDIA A10G, 0 %, 0 %, 0 MiB, 23028 MiB
2026/02/25 16:15:31.443, 3, NVIDIA A10G, 0 %, 0 %, 0 MiB, 23028 MiB
2026/02/25 16:15:32.443, 0, NVIDIA A10G, 0 %, 0 %, 2049 MiB, 23028 MiB
2026/02/25 16:15:32.443, 1, NVIDIA A10G, 0 %, 0 %, 0 MiB, 23028 MiB
2026/02/25 16:15:32.443, 2, NVIDIA A10G, 0 %, 0 %, 0 MiB, 23028 MiB
2026/02/25 16:15:32.444, 3, NVIDIA A10G, 0 %, 0 %, 0 MiB, 23028 MiB
2026/02/25 16:15:33.444, 0, NVIDIA A10G, 0 %, 0 %, 2049 MiB, 23028 MiB
2026/02/25 16:15:33.444, 1, NVIDIA A10G, 0 %, 0 %, 0 MiB, 23028 MiB
2026/02/25 16:15:33.444, 2, NVIDIA A10G, 0 %, 0 %, 0 MiB, 23028 MiB
2026/02/25 16:15:33.444, 3, NVIDIA A10G, 0 %, 0 %, 0 MiB, 23028 MiB
2026/02/25 16:15:34.444, 0, NVIDIA A10G, 0 %, 0 %, 2049 MiB, 23028 MiB
2026/02/25 16:15:34.444, 1, NVIDIA A10G, 0 %, 0 %, 0 MiB, 23028 MiB
2026/02/25 16:15:34.444, 2, NVIDIA A10G, 0 %, 0 %, 0 MiB, 23028 MiB
2026/02/25 16:15:34.444, 3, NVIDIA A10G, 0 %, 0 %, 0 MiB, 23028 MiB
2026/02/25 16:15:35.445, 0, NVIDIA A10G, 87 %, 57 %, 2049 MiB, 23028 MiB
2026/02/25 16:15:35.445, 1, NVIDIA A10G, 0 %, 0 %, 0 MiB, 23028 MiB
2026/02/25 16:15:35.445, 2, NVIDIA A10G, 0 %, 0 %, 0 MiB, 23028 MiB
2026/02/25 16:15:35.445, 3, NVIDIA A10G, 0 %, 0 %, 0 MiB, 23028 MiB
2026/02/25 16:15:36.445, 0, NVIDIA A10G, 0 %, 0 %, 2049 MiB, 23028 MiB
2026/02/25 16:15:36.445, 1, NVIDIA A10G, 0 %, 0 %, 0 MiB, 23028 MiB
2026/02/25 16:15:36.445, 2, NVIDIA A10G, 0 %, 0 %, 0 MiB, 23028 MiB
2026/02/25 16:15:36.445, 3, NVIDIA A10G, 0 %, 0 %, 0 MiB, 23028 MiB
2026/02/25 16:15:37.445, 0, NVIDIA A10G, 21 %, 7 %, 2049 MiB, 23028 MiB
2026/02/25 16:15:37.445, 1, NVIDIA A10G, 0 %, 0 %, 0 MiB, 23028 MiB
2026/02/25 16:15:37.445, 2, NVIDIA A10G, 0 %, 0 %, 0 MiB, 23028 MiB
2026/02/25 16:15:37.445, 3, NVIDIA A10G, 0 %, 0 %, 0 MiB, 23028 MiB
2026/02/25 16:15:38.445, 0, NVIDIA A10G, 19 %, 6 %, 2049 MiB, 23028 MiB
2026/02/25 16:15:38.446, 1, NVIDIA A10G, 0 %, 0 %, 0 MiB, 23028 MiB
2026/02/25 16:15:38.446, 2, NVIDIA A10G, 0 %, 0 %, 0 MiB, 23028 MiB
2026/02/25 16:15:38.446, 3, NVIDIA A10G, 0 %, 0 %, 0 MiB, 23028 MiB
2026/02/25 16:15:39.446, 0, NVIDIA A10G, 19 %, 6 %, 2049 MiB, 23028 MiB
2026/02/25 16:15:39.446, 1, NVIDIA A10G, 0 %, 0 %, 0 MiB, 23028 MiB
2026/02/25 16:15:39.446, 2, NVIDIA A10G, 0 %, 0 %, 0 MiB, 23028 MiB
2026/02/25 16:15:39.446, 3, NVIDIA A10G, 0 %, 0 %, 0 MiB, 23028 MiB
2026/02/25 16:15:40.446, 0, NVIDIA A10G, 22 %, 7 %, 2049 MiB, 23028 MiB
2026/02/25 16:15:40.446, 1, NVIDIA A10G, 0 %, 0 %, 0 MiB, 23028 MiB
2026/02/25 16:15:40.446, 2, NVIDIA A10G, 0 %, 0 %, 0 MiB, 23028 MiB
2026/02/25 16:15:40.446, 3, NVIDIA A10G, 0 %, 0 %, 0 MiB, 23028 MiB
2026/02/25 16:15:41.446, 0, NVIDIA A10G, 23 %, 8 %, 2049 MiB, 23028 MiB
2026/02/25 16:15:41.446, 1, NVIDIA A10G, 0 %, 0 %, 0 MiB, 23028 MiB
2026/02/25 16:15:41.447, 2, NVIDIA A10G, 0 %, 0 %, 0 MiB, 23028 MiB
2026/02/25 16:15:41.447, 3, NVIDIA A10G, 0 %, 0 %, 0 MiB, 23028 MiB
2026/02/25 16:15:42.447, 0, NVIDIA A10G, 22 %, 8 %, 2049 MiB, 23028 MiB
2026/02/25 16:15:42.447, 1, NVIDIA A10G, 0 %, 0 %, 0 MiB, 23028 MiB
2026/02/25 16:15:42.447, 2, NVIDIA A10G, 0 %, 0 %, 0 MiB, 23028 MiB
2026/02/25 16:15:42.447, 3, NVIDIA A10G, 0 %, 0 %, 0 MiB, 23028 MiB
2026/02/25 16:15:43.447, 0, NVIDIA A10G, 21 %, 7 %, 2049 MiB, 23028 MiB
2026/02/25 16:15:43.447, 1, NVIDIA A10G, 0 %, 0 %, 0 MiB, 23028 MiB
2026/02/25 16:15:43.447, 2, NVIDIA A10G, 0 %, 0 %, 0 MiB, 23028 MiB
2026/02/25 16:15:43.447, 3, NVIDIA A10G, 0 %, 0 %, 0 MiB, 23028 MiB
2026/02/25 16:15:44.447, 0, NVIDIA A10G, 22 %, 7 %, 2049 MiB, 23028 MiB
2026/02/25 16:15:44.447, 1, NVIDIA A10G, 0 %, 0 %, 0 MiB, 23028 MiB
2026/02/25 16:15:44.448, 2, NVIDIA A10G, 0 %, 0 %, 0 MiB, 23028 MiB
2026/02/25 16:15:44.448, 3, NVIDIA A10G, 0 %, 0 %, 0 MiB, 23028 MiB
2026/02/25 16:15:45.448, 0, NVIDIA A10G, 22 %, 8 %, 2049 MiB, 23028 MiB
2026/02/25 16:15:45.448, 1, NVIDIA A10G, 0 %, 0 %, 0 MiB, 23028 MiB
2026/02/25 16:15:45.448, 2, NVIDIA A10G, 0 %, 0 %, 0 MiB, 23028 MiB
2026/02/25 16:15:45.448, 3, NVIDIA A10G, 0 %, 0 %, 0 MiB, 23028 MiB
2026/02/25 16:15:46.448, 0, NVIDIA A10G, 22 %, 8 %, 2049 MiB, 23028 MiB
2026/02/25 16:15:46.448, 1, NVIDIA A10G, 0 %, 0 %, 0 MiB, 23028 MiB
2026/02/25 16:15:46.448, 2, NVIDIA A10G, 0 %, 0 %, 0 MiB, 23028 MiB
2026/02/25 16:15:46.448, 3, NVIDIA A10G, 0 %, 0 %, 0 MiB, 23028 MiB
2026/02/25 16:15:47.448, 0, NVIDIA A10G, 22 %, 7 %, 2049 MiB, 23028 MiB
2026/02/25 16:15:47.449, 1, NVIDIA A10G, 0 %, 0 %, 0 MiB, 23028 MiB
2026/02/25 16:15:47.449, 2, NVIDIA A10G, 0 %, 0 %, 0 MiB, 23028 MiB
2026/02/25 16:15:47.449, 3, NVIDIA A10G, 0 %, 0 %, 0 MiB, 23028 MiB
2026/02/25 16:15:48.449, 0, NVIDIA A10G, 22 %, 7 %, 2049 MiB, 23028 MiB
2026/02/25 16:15:48.449, 1, NVIDIA A10G, 0 %, 0 %, 0 MiB, 23028 MiB
2026/02/25 16:15:48.449, 2, NVIDIA A10G, 0 %, 0 %, 0 MiB, 23028 MiB
2026/02/25 16:15:48.449, 3, NVIDIA A10G, 0 %, 0 %, 0 MiB, 23028 MiB
2026/02/25 16:15:49.449, 0, NVIDIA A10G, 14 %, 4 %, 2049 MiB, 23028 MiB
2026/02/25 16:15:49.449, 1, NVIDIA A10G, 0 %, 0 %, 0 MiB, 23028 MiB
2026/02/25 16:15:49.449, 2, NVIDIA A10G, 0 %, 0 %, 0 MiB, 23028 MiB
2026/02/25 16:15:49.449, 3, NVIDIA A10G, 0 %, 0 %, 0 MiB, 23028 MiB
2026/02/25 16:15:50.450, 0, NVIDIA A10G, 0 %, 0 %, 2049 MiB, 23028 MiB
2026/02/25 16:15:50.450, 1, NVIDIA A10G, 0 %, 0 %, 0 MiB, 23028 MiB
2026/02/25 16:15:50.450, 2, NVIDIA A10G, 0 %, 0 %, 0 MiB, 23028 MiB
2026/02/25 16:15:50.450, 3, NVIDIA A10G, 0 %, 0 %, 0 MiB, 23028 MiB
2026/02/25 16:15:51.450, 0, NVIDIA A10G, 0 %, 0 %, 2049 MiB, 23028 MiB
2026/02/25 16:15:51.450, 1, NVIDIA A10G, 0 %, 0 %, 0 MiB, 23028 MiB
2026/02/25 16:15:51.450, 2, NVIDIA A10G, 0 %, 0 %, 0 MiB, 23028 MiB
2026/02/25 16:15:51.450, 3, NVIDIA A10G, 0 %, 0 %, 0 MiB, 23028 MiB
2026/02/25 16:15:52.450, 0, NVIDIA A10G, 23 %, 8 %, 2049 MiB, 23028 MiB
2026/02/25 16:15:52.450, 1, NVIDIA A10G, 0 %, 0 %, 0 MiB, 23028 MiB
2026/02/25 16:15:52.450, 2, NVIDIA A10G, 0 %, 0 %, 0 MiB, 23028 MiB
2026/02/25 16:15:52.451, 3, NVIDIA A10G, 0 %, 0 %, 0 MiB, 23028 MiB
2026/02/25 16:15:53.451, 0, NVIDIA A10G, 22 %, 8 %, 2049 MiB, 23028 MiB
2026/02/25 16:15:53.451, 1, NVIDIA A10G, 0 %, 0 %, 0 MiB, 23028 MiB
2026/02/25 16:15:53.451, 2, NVIDIA A10G, 0 %, 0 %, 0 MiB, 23028 MiB
2026/02/25 16:15:53.451, 3, NVIDIA A10G, 0 %, 0 %, 0 MiB, 23028 MiB
2026/02/25 16:15:54.451, 0, NVIDIA A10G, 13 %, 4 %, 2049 MiB, 23028 MiB
2026/02/25 16:15:54.451, 1, NVIDIA A10G, 0 %, 0 %, 0 MiB, 23028 MiB
2026/02/25 16:15:54.451, 2, NVIDIA A10G, 0 %, 0 %, 0 MiB, 23028 MiB
2026/02/25 16:15:54.451, 3, NVIDIA A10G, 0 %, 0 %, 0 MiB, 23028 MiB
2026/02/25 16:15:55.451, 0, NVIDIA A10G, 0 %, 0 %, 2049 MiB, 23028 MiB
2026/02/25 16:15:55.451, 1, NVIDIA A10G, 0 %, 0 %, 0 MiB, 23028 MiB
2026/02/25 16:15:55.451, 2, NVIDIA A10G, 0 %, 0 %, 0 MiB, 23028 MiB
2026/02/25 16:15:55.451, 3, NVIDIA A10G, 0 %, 0 %, 0 MiB, 23028 MiB
2026/02/25 16:15:56.451, 0, NVIDIA A10G, 0 %, 0 %, 2049 MiB, 23028 MiB
2026/02/25 16:15:56.452, 1, NVIDIA A10G, 0 %, 0 %, 0 MiB, 23028 MiB
2026/02/25 16:15:56.452, 2, NVIDIA A10G, 0 %, 0 %, 0 MiB, 23028 MiB
2026/02/25 16:15:56.452, 3, NVIDIA A10G, 0 %, 0 %, 0 MiB, 23028 MiB
2026/02/25 16:15:57.452, 0, NVIDIA A10G, 0 %, 0 %, 2049 MiB, 23028 MiB
2026/02/25 16:15:57.452, 1, NVIDIA A10G, 0 %, 0 %, 0 MiB, 23028 MiB
2026/02/25 16:15:57.452, 2, NVIDIA A10G, 0 %, 0 %, 0 MiB, 23028 MiB
2026/02/25 16:15:57.452, 3, NVIDIA A10G, 0 %, 0 %, 0 MiB, 23028 MiB
2026/02/25 16:15:58.452, 0, NVIDIA A10G, 0 %, 0 %, 2049 MiB, 23028 MiB
2026/02/25 16:15:58.452, 1, NVIDIA A10G, 0 %, 0 %, 0 MiB, 23028 MiB
2026/02/25 16:15:58.452, 2, NVIDIA A10G, 0 %, 0 %, 0 MiB, 23028 MiB
2026/02/25 16:15:58.452, 3, NVIDIA A10G, 0 %, 0 %, 0 MiB, 23028 MiB
2026/02/25 16:15:59.452, 0, NVIDIA A10G, 0 %, 0 %, 2049 MiB, 23028 MiB
2026/02/25 16:15:59.453, 1, NVIDIA A10G, 0 %, 0 %, 0 MiB, 23028 MiB
2026/02/25 16:15:59.453, 2, NVIDIA A10G, 0 %, 0 %, 0 MiB, 23028 MiB
2026/02/25 16:15:59.453, 3, NVIDIA A10G, 0 %, 0 %, 0 MiB, 23028 MiB
2026/02/25 16:16:00.453, 0, NVIDIA A10G, 0 %, 0 %, 2049 MiB, 23028 MiB
2026/02/25 16:16:00.453, 1, NVIDIA A10G, 0 %, 0 %, 0 MiB, 23028 MiB
2026/02/25 16:16:00.453, 2, NVIDIA A10G, 0 %, 0 %, 0 MiB, 23028 MiB
2026/02/25 16:16:00.453, 3, NVIDIA A10G, 0 %, 0 %, 0 MiB, 23028 MiB
2026/02/25 16:16:01.453, 0, NVIDIA A10G, 0 %, 0 %, 2049 MiB, 23028 MiB
2026/02/25 16:16:01.453, 1, NVIDIA A10G, 0 %, 0 %, 0 MiB, 23028 MiB
2026/02/25 16:16:01.453, 2, NVIDIA A10G, 0 %, 0 %, 0 MiB, 23028 MiB
2026/02/25 16:16:01.453, 3, NVIDIA A10G, 0 %, 0 %, 0 MiB, 23028 MiB
2026/02/25 16:16:02.453, 0, NVIDIA A10G, 0 %, 0 %, 2049 MiB, 23028 MiB
2026/02/25 16:16:02.454, 1, NVIDIA A10G, 0 %, 0 %, 0 MiB, 23028 MiB
2026/02/25 16:16:02.454, 2, NVIDIA A10G, 0 %, 0 %, 0 MiB, 23028 MiB
2026/02/25 16:16:02.454, 3, NVIDIA A10G, 0 %, 0 %, 0 MiB, 23028 MiB
2026/02/25 16:16:03.454, 0, NVIDIA A10G, 0 %, 0 %, 2049 MiB, 23028 MiB
2026/02/25 16:16:03.454, 1, NVIDIA A10G, 0 %, 0 %, 0 MiB, 23028 MiB
2026/02/25 16:16:03.454, 2, NVIDIA A10G, 0 %, 0 %, 0 MiB, 23028 MiB
2026/02/25 16:16:03.454, 3, NVIDIA A10G, 0 %, 0 %, 0 MiB, 23028 MiB
2026/02/25 16:16:04.454, 0, NVIDIA A10G, 0 %, 0 %, 2049 MiB, 23028 MiB
2026/02/25 16:16:04.454, 1, NVIDIA A10G, 0 %, 0 %, 0 MiB, 23028 MiB
2026/02/25 16:16:04.454, 2, NVIDIA A10G, 0 %, 0 %, 0 MiB, 23028 MiB
2026/02/25 16:16:04.454, 3, NVIDIA A10G, 0 %, 0 %, 0 MiB, 23028 MiB
2026/02/25 16:16:05.454, 0, NVIDIA A10G, 23 %, 8 %, 2049 MiB, 23028 MiB
2026/02/25 16:16:05.454, 1, NVIDIA A10G, 0 %, 0 %, 0 MiB, 23028 MiB
2026/02/25 16:16:05.455, 2, NVIDIA A10G, 0 %, 0 %, 0 MiB, 23028 MiB
2026/02/25 16:16:05.455, 3, NVIDIA A10G, 0 %, 0 %, 0 MiB, 23028 MiB
2026/02/25 16:16:06.455, 0, NVIDIA A10G, 23 %, 8 %, 2049 MiB, 23028 MiB
2026/02/25 16:16:06.455, 1, NVIDIA A10G, 0 %, 0 %, 0 MiB, 23028 MiB
2026/02/25 16:16:06.455, 2, NVIDIA A10G, 0 %, 0 %, 0 MiB, 23028 MiB
2026/02/25 16:16:06.455, 3, NVIDIA A10G, 0 %, 0 %, 0 MiB, 23028 MiB
2026/02/25 16:16:07.455, 0, NVIDIA A10G, 23 %, 8 %, 2049 MiB, 23028 MiB
2026/02/25 16:16:07.455, 1, NVIDIA A10G, 0 %, 0 %, 0 MiB, 23028 MiB
2026/02/25 16:16:07.455, 2, NVIDIA A10G, 0 %, 0 %, 0 MiB, 23028 MiB
2026/02/25 16:16:07.455, 3, NVIDIA A10G, 0 %, 0 %, 0 MiB, 23028 MiB
2026/02/25 16:16:08.455, 0, NVIDIA A10G, 25 %, 9 %, 2049 MiB, 23028 MiB
2026/02/25 16:16:08.455, 1, NVIDIA A10G, 0 %, 0 %, 0 MiB, 23028 MiB
2026/02/25 16:16:08.455, 2, NVIDIA A10G, 0 %, 0 %, 0 MiB, 23028 MiB
2026/02/25 16:16:08.455, 3, NVIDIA A10G, 0 %, 0 %, 0 MiB, 23028 MiB
2026/02/25 16:16:09.455, 0, NVIDIA A10G, 23 %, 8 %, 2049 MiB, 23028 MiB
2026/02/25 16:16:09.456, 1, NVIDIA A10G, 0 %, 0 %, 0 MiB, 23028 MiB
2026/02/25 16:16:09.456, 2, NVIDIA A10G, 0 %, 0 %, 0 MiB, 23028 MiB
2026/02/25 16:16:09.456, 3, NVIDIA A10G, 0 %, 0 %, 0 MiB, 23028 MiB
2026/02/25 16:16:10.456, 0, NVIDIA A10G, 22 %, 8 %, 2049 MiB, 23028 MiB
2026/02/25 16:16:10.456, 1, NVIDIA A10G, 0 %, 0 %, 0 MiB, 23028 MiB
2026/02/25 16:16:10.456, 2, NVIDIA A10G, 0 %, 0 %, 0 MiB, 23028 MiB
2026/02/25 16:16:10.456, 3, NVIDIA A10G, 0 %, 0 %, 0 MiB, 23028 MiB
2026/02/25 16:16:11.456, 0, NVIDIA A10G, 22 %, 7 %, 2049 MiB, 23028 MiB
2026/02/25 16:16:11.456, 1, NVIDIA A10G, 0 %, 0 %, 0 MiB, 23028 MiB
2026/02/25 16:16:11.456, 2, NVIDIA A10G, 0 %, 0 %, 0 MiB, 23028 MiB
2026/02/25 16:16:11.456, 3, NVIDIA A10G, 0 %, 0 %, 0 MiB, 23028 MiB
2026/02/25 16:16:12.456, 0, NVIDIA A10G, 23 %, 8 %, 2049 MiB, 23028 MiB
2026/02/25 16:16:12.457, 1, NVIDIA A10G, 0 %, 0 %, 0 MiB, 23028 MiB
2026/02/25 16:16:12.457, 2, NVIDIA A10G, 0 %, 0 %, 0 MiB, 23028 MiB
2026/02/25 16:16:12.457, 3, NVIDIA A10G, 0 %, 0 %, 0 MiB, 23028 MiB
2026/02/25 16:16:13.457, 0, NVIDIA A10G, 23 %, 9 %, 2049 MiB, 23028 MiB
2026/02/25 16:16:13.457, 1, NVIDIA A10G, 0 %, 0 %, 0 MiB, 23028 MiB
2026/02/25 16:16:13.457, 2, NVIDIA A10G, 0 %, 0 %, 0 MiB, 23028 MiB
2026/02/25 16:16:13.457, 3, NVIDIA A10G, 0 %, 0 %, 0 MiB, 23028 MiB
2026/02/25 16:16:14.457, 0, NVIDIA A10G, 25 %, 9 %, 2049 MiB, 23028 MiB
2026/02/25 16:16:14.457, 1, NVIDIA A10G, 0 %, 0 %, 0 MiB, 23028 MiB
2026/02/25 16:16:14.457, 2, NVIDIA A10G, 0 %, 0 %, 0 MiB, 23028 MiB
2026/02/25 16:16:14.457, 3, NVIDIA A10G, 0 %, 0 %, 0 MiB, 23028 MiB
2026/02/25 16:16:15.458, 0, NVIDIA A10G, 0 %, 0 %, 2049 MiB, 23028 MiB
2026/02/25 16:16:15.458, 1, NVIDIA A10G, 0 %, 0 %, 0 MiB, 23028 MiB
2026/02/25 16:16:15.458, 2, NVIDIA A10G, 0 %, 0 %, 0 MiB, 23028 MiB
2026/02/25 16:16:15.458, 3, NVIDIA A10G, 0 %, 0 %, 0 MiB, 23028 MiB
2026/02/25 16:16:16.458, 0, NVIDIA A10G, 0 %, 0 %, 2049 MiB, 23028 MiB
2026/02/25 16:16:16.458, 1, NVIDIA A10G, 0 %, 0 %, 0 MiB, 23028 MiB
2026/02/25 16:16:16.458, 2, NVIDIA A10G, 0 %, 0 %, 0 MiB, 23028 MiB
2026/02/25 16:16:16.458, 3, NVIDIA A10G, 0 %, 0 %, 0 MiB, 23028 MiB
2026/02/25 16:16:17.458, 0, NVIDIA A10G, 0 %, 0 %, 2049 MiB, 23028 MiB
2026/02/25 16:16:17.458, 1, NVIDIA A10G, 0 %, 0 %, 0 MiB, 23028 MiB
2026/02/25 16:16:17.458, 2, NVIDIA A10G, 0 %, 0 %, 0 MiB, 23028 MiB
2026/02/25 16:16:17.459, 3, NVIDIA A10G, 0 %, 0 %, 0 MiB, 23028 MiB
2026/02/25 16:16:18.459, 0, NVIDIA A10G, 0 %, 0 %, 2049 MiB, 23028 MiB
2026/02/25 16:16:18.459, 1, NVIDIA A10G, 0 %, 0 %, 0 MiB, 23028 MiB
2026/02/25 16:16:18.459, 2, NVIDIA A10G, 0 %, 0 %, 0 MiB, 23028 MiB
2026/02/25 16:16:18.459, 3, NVIDIA A10G, 0 %, 0 %, 0 MiB, 23028 MiB
2026/02/25 16:16:19.459, 0, NVIDIA A10G, 0 %, 0 %, 2049 MiB, 23028 MiB
2026/02/25 16:16:19.459, 1, NVIDIA A10G, 0 %, 0 %, 0 MiB, 23028 MiB
2026/02/25 16:16:19.459, 2, NVIDIA A10G, 0 %, 0 %, 0 MiB, 23028 MiB
2026/02/25 16:16:19.459, 3, NVIDIA A10G, 0 %, 0 %, 0 MiB, 23028 MiB
2026/02/25 16:16:20.459, 0, NVIDIA A10G, 0 %, 0 %, 2049 MiB, 23028 MiB
2026/02/25 16:16:20.459, 1, NVIDIA A10G, 0 %, 0 %, 0 MiB, 23028 MiB
2026/02/25 16:16:20.459, 2, NVIDIA A10G, 0 %, 0 %, 0 MiB, 23028 MiB
2026/02/25 16:16:20.459, 3, NVIDIA A10G, 0 %, 0 %, 0 MiB, 23028 MiB
2026/02/25 16:16:21.460, 0, NVIDIA A10G, 0 %, 0 %, 2049 MiB, 23028 MiB
2026/02/25 16:16:21.460, 1, NVIDIA A10G, 0 %, 0 %, 0 MiB, 23028 MiB
2026/02/25 16:16:21.460, 2, NVIDIA A10G, 0 %, 0 %, 0 MiB, 23028 MiB
2026/02/25 16:16:21.460, 3, NVIDIA A10G, 0 %, 0 %, 0 MiB, 23028 MiB
2026/02/25 16:16:22.460, 0, NVIDIA A10G, 0 %, 0 %, 2049 MiB, 23028 MiB
2026/02/25 16:16:22.460, 1, NVIDIA A10G, 0 %, 0 %, 0 MiB, 23028 MiB
2026/02/25 16:16:22.460, 2, NVIDIA A10G, 0 %, 0 %, 0 MiB, 23028 MiB
2026/02/25 16:16:22.460, 3, NVIDIA A10G, 0 %, 0 %, 0 MiB, 23028 MiB
2026/02/25 16:16:23.460, 0, NVIDIA A10G, 0 %, 0 %, 2049 MiB, 23028 MiB
2026/02/25 16:16:23.460, 1, NVIDIA A10G, 0 %, 0 %, 0 MiB, 23028 MiB
2026/02/25 16:16:23.460, 2, NVIDIA A10G, 0 %, 0 %, 0 MiB, 23028 MiB
2026/02/25 16:16:23.461, 3, NVIDIA A10G, 0 %, 0 %, 0 MiB, 23028 MiB
2026/02/25 16:16:24.461, 0, NVIDIA A10G, 0 %, 0 %, 2049 MiB, 23028 MiB
2026/02/25 16:16:24.461, 1, NVIDIA A10G, 0 %, 0 %, 0 MiB, 23028 MiB
2026/02/25 16:16:24.461, 2, NVIDIA A10G, 0 %, 0 %, 0 MiB, 23028 MiB
2026/02/25 16:16:24.461, 3, NVIDIA A10G, 0 %, 0 %, 0 MiB, 23028 MiB
2026/02/25 16:16:25.461, 0, NVIDIA A10G, 0 %, 0 %, 2049 MiB, 23028 MiB
2026/02/25 16:16:25.461, 1, NVIDIA A10G, 0 %, 0 %, 0 MiB, 23028 MiB
2026/02/25 16:16:25.461, 2, NVIDIA A10G, 0 %, 0 %, 0 MiB, 23028 MiB
2026/02/25 16:16:25.461, 3, NVIDIA A10G, 0 %, 0 %, 0 MiB, 23028 MiB
2026/02/25 16:16:26.461, 0, NVIDIA A10G, 0 %, 0 %, 2049 MiB, 23028 MiB
2026/02/25 16:16:26.461, 1, NVIDIA A10G, 0 %, 0 %, 0 MiB, 23028 MiB
2026/02/25 16:16:26.461, 2, NVIDIA A10G, 0 %, 0 %, 0 MiB, 23028 MiB
2026/02/25 16:16:26.461, 3, NVIDIA A10G, 0 %, 0 %, 0 MiB, 23028 MiB
2026/02/25 16:16:27.462, 0, NVIDIA A10G, 0 %, 0 %, 2049 MiB, 23028 MiB
2026/02/25 16:16:27.462, 1, NVIDIA A10G, 0 %, 0 %, 0 MiB, 23028 MiB
2026/02/25 16:16:27.462, 2, NVIDIA A10G, 0 %, 0 %, 0 MiB, 23028 MiB
2026/02/25 16:16:27.462, 3, NVIDIA A10G, 0 %, 0 %, 0 MiB, 23028 MiB
2026/02/25 16:16:28.462, 0, NVIDIA A10G, 0 %, 0 %, 2049 MiB, 23028 MiB
2026/02/25 16:16:28.462, 1, NVIDIA A10G, 0 %, 0 %, 0 MiB, 23028 MiB
2026/02/25 16:16:28.462, 2, NVIDIA A10G, 0 %, 0 %, 0 MiB, 23028 MiB
2026/02/25 16:16:28.462, 3, NVIDIA A10G, 0 %, 0 %, 0 MiB, 23028 MiB
2026/02/25 16:16:29.462, 0, NVIDIA A10G, 24 %, 9 %, 2049 MiB, 23028 MiB
2026/02/25 16:16:29.462, 1, NVIDIA A10G, 0 %, 0 %, 0 MiB, 23028 MiB
2026/02/25 16:16:29.462, 2, NVIDIA A10G, 0 %, 0 %, 0 MiB, 23028 MiB
2026/02/25 16:16:29.462, 3, NVIDIA A10G, 0 %, 0 %, 0 MiB, 23028 MiB
2026/02/25 16:16:30.462, 0, NVIDIA A10G, 22 %, 8 %, 2049 MiB, 23028 MiB
2026/02/25 16:16:30.463, 1, NVIDIA A10G, 0 %, 0 %, 0 MiB, 23028 MiB
2026/02/25 16:16:30.463, 2, NVIDIA A10G, 0 %, 0 %, 0 MiB, 23028 MiB
2026/02/25 16:16:30.463, 3, NVIDIA A10G, 0 %, 0 %, 0 MiB, 23028 MiB
2026/02/25 16:16:31.463, 0, NVIDIA A10G, 23 %, 8 %, 2049 MiB, 23028 MiB
2026/02/25 16:16:31.463, 1, NVIDIA A10G, 0 %, 0 %, 0 MiB, 23028 MiB
2026/02/25 16:16:31.463, 2, NVIDIA A10G, 0 %, 0 %, 0 MiB, 23028 MiB
2026/02/25 16:16:31.463, 3, NVIDIA A10G, 0 %, 0 %, 0 MiB, 23028 MiB
2026/02/25 16:16:32.463, 0, NVIDIA A10G, 23 %, 8 %, 2049 MiB, 23028 MiB
2026/02/25 16:16:32.463, 1, NVIDIA A10G, 0 %, 0 %, 0 MiB, 23028 MiB
2026/02/25 16:16:32.463, 2, NVIDIA A10G, 0 %, 0 %, 0 MiB, 23028 MiB
2026/02/25 16:16:32.463, 3, NVIDIA A10G, 0 %, 0 %, 0 MiB, 23028 MiB
2026/02/25 16:16:33.464, 0, NVIDIA A10G, 23 %, 8 %, 2049 MiB, 23028 MiB
2026/02/25 16:16:33.464, 1, NVIDIA A10G, 0 %, 0 %, 0 MiB, 23028 MiB
2026/02/25 16:16:33.464, 2, NVIDIA A10G, 0 %, 0 %, 0 MiB, 23028 MiB
2026/02/25 16:16:33.464, 3, NVIDIA A10G, 0 %, 0 %, 0 MiB, 23028 MiB
2026/02/25 16:16:34.464, 0, NVIDIA A10G, 23 %, 8 %, 2049 MiB, 23028 MiB
2026/02/25 16:16:34.464, 1, NVIDIA A10G, 0 %, 0 %, 0 MiB, 23028 MiB
2026/02/25 16:16:34.464, 2, NVIDIA A10G, 0 %, 0 %, 0 MiB, 23028 MiB
2026/02/25 16:16:34.464, 3, NVIDIA A10G, 0 %, 0 %, 0 MiB, 23028 MiB
2026/02/25 16:16:35.464, 0, NVIDIA A10G, 22 %, 8 %, 2049 MiB, 23028 MiB
2026/02/25 16:16:35.465, 1, NVIDIA A10G, 0 %, 0 %, 0 MiB, 23028 MiB
2026/02/25 16:16:35.465, 2, NVIDIA A10G, 0 %, 0 %, 0 MiB, 23028 MiB
2026/02/25 16:16:35.465, 3, NVIDIA A10G, 0 %, 0 %, 0 MiB, 23028 MiB
2026/02/25 16:16:36.465, 0, NVIDIA A10G, 21 %, 7 %, 2049 MiB, 23028 MiB
2026/02/25 16:16:36.465, 1, NVIDIA A10G, 0 %, 0 %, 0 MiB, 23028 MiB
2026/02/25 16:16:36.465, 2, NVIDIA A10G, 0 %, 0 %, 0 MiB, 23028 MiB
2026/02/25 16:16:36.465, 3, NVIDIA A10G, 0 %, 0 %, 0 MiB, 23028 MiB
2026/02/25 16:16:37.465, 0, NVIDIA A10G, 23 %, 8 %, 2049 MiB, 23028 MiB
2026/02/25 16:16:37.465, 1, NVIDIA A10G, 0 %, 0 %, 0 MiB, 23028 MiB
2026/02/25 16:16:37.465, 2, NVIDIA A10G, 0 %, 0 %, 0 MiB, 23028 MiB
2026/02/25 16:16:37.465, 3, NVIDIA A10G, 0 %, 0 %, 0 MiB, 23028 MiB
2026/02/25 16:16:38.465, 0, NVIDIA A10G, 24 %, 8 %, 2049 MiB, 23028 MiB
2026/02/25 16:16:38.466, 1, NVIDIA A10G, 0 %, 0 %, 0 MiB, 23028 MiB
2026/02/25 16:16:38.466, 2, NVIDIA A10G, 0 %, 0 %, 0 MiB, 23028 MiB
2026/02/25 16:16:38.466, 3, NVIDIA A10G, 0 %, 0 %, 0 MiB, 23028 MiB
2026/02/25 16:16:39.466, 0, NVIDIA A10G, 24 %, 9 %, 2049 MiB, 23028 MiB
2026/02/25 16:16:39.466, 1, NVIDIA A10G, 0 %, 0 %, 0 MiB, 23028 MiB
2026/02/25 16:16:39.466, 2, NVIDIA A10G, 0 %, 0 %, 0 MiB, 23028 MiB
2026/02/25 16:16:39.466, 3, NVIDIA A10G, 0 %, 0 %, 0 MiB, 23028 MiB
2026/02/25 16:16:40.466, 0, NVIDIA A10G, 22 %, 8 %, 2049 MiB, 23028 MiB
2026/02/25 16:16:40.466, 1, NVIDIA A10G, 0 %, 0 %, 0 MiB, 23028 MiB
2026/02/25 16:16:40.466, 2, NVIDIA A10G, 0 %, 0 %, 0 MiB, 23028 MiB
2026/02/25 16:16:40.466, 3, NVIDIA A10G, 0 %, 0 %, 0 MiB, 23028 MiB
2026/02/25 16:16:41.466, 0, NVIDIA A10G, 23 %, 8 %, 2049 MiB, 23028 MiB
2026/02/25 16:16:41.466, 1, NVIDIA A10G, 0 %, 0 %, 0 MiB, 23028 MiB
2026/02/25 16:16:41.466, 2, NVIDIA A10G, 0 %, 0 %, 0 MiB, 23028 MiB
2026/02/25 16:16:41.467, 3, NVIDIA A10G, 0 %, 0 %, 0 MiB, 23028 MiB
2026/02/25 16:16:42.467, 0, NVIDIA A10G, 15 %, 5 %, 2049 MiB, 23028 MiB
2026/02/25 16:16:42.467, 1, NVIDIA A10G, 0 %, 0 %, 0 MiB, 23028 MiB
2026/02/25 16:16:42.467, 2, NVIDIA A10G, 0 %, 0 %, 0 MiB, 23028 MiB
2026/02/25 16:16:42.467, 3, NVIDIA A10G, 0 %, 0 %, 0 MiB, 23028 MiB
2026/02/25 16:16:43.467, 0, NVIDIA A10G, 0 %, 0 %, 2049 MiB, 23028 MiB
2026/02/25 16:16:43.467, 1, NVIDIA A10G, 0 %, 0 %, 0 MiB, 23028 MiB
2026/02/25 16:16:43.467, 2, NVIDIA A10G, 0 %, 0 %, 0 MiB, 23028 MiB
2026/02/25 16:16:43.467, 3, NVIDIA A10G, 0 %, 0 %, 0 MiB, 23028 MiB
2026/02/25 16:16:44.467, 0, NVIDIA A10G, 0 %, 0 %, 2049 MiB, 23028 MiB
2026/02/25 16:16:44.467, 1, NVIDIA A10G, 0 %, 0 %, 0 MiB, 23028 MiB
2026/02/25 16:16:44.467, 2, NVIDIA A10G, 0 %, 0 %, 0 MiB, 23028 MiB
2026/02/25 16:16:44.467, 3, NVIDIA A10G, 0 %, 0 %, 0 MiB, 23028 MiB
2026/02/25 16:16:45.468, 0, NVIDIA A10G, 0 %, 0 %, 2049 MiB, 23028 MiB
2026/02/25 16:16:45.468, 1, NVIDIA A10G, 0 %, 0 %, 0 MiB, 23028 MiB
2026/02/25 16:16:45.468, 2, NVIDIA A10G, 0 %, 0 %, 0 MiB, 23028 MiB
2026/02/25 16:16:45.468, 3, NVIDIA A10G, 0 %, 0 %, 0 MiB, 23028 MiB
2026/02/25 16:16:46.468, 0, NVIDIA A10G, 0 %, 0 %, 2049 MiB, 23028 MiB
2026/02/25 16:16:46.468, 1, NVIDIA A10G, 0 %, 0 %, 0 MiB, 23028 MiB
2026/02/25 16:16:46.468, 2, NVIDIA A10G, 0 %, 0 %, 0 MiB, 23028 MiB
2026/02/25 16:16:46.468, 3, NVIDIA A10G, 0 %, 0 %, 0 MiB, 23028 MiB
2026/02/25 16:16:47.468, 0, NVIDIA A10G, 0 %, 0 %, 2049 MiB, 23028 MiB
2026/02/25 16:16:47.468, 1, NVIDIA A10G, 0 %, 0 %, 0 MiB, 23028 MiB
2026/02/25 16:16:47.468, 2, NVIDIA A10G, 0 %, 0 %, 0 MiB, 23028 MiB
2026/02/25 16:16:47.468, 3, NVIDIA A10G, 0 %, 0 %, 0 MiB, 23028 MiB
2026/02/25 16:16:48.469, 0, NVIDIA A10G, 0 %, 0 %, 2049 MiB, 23028 MiB
2026/02/25 16:16:48.469, 1, NVIDIA A10G, 0 %, 0 %, 0 MiB, 23028 MiB
2026/02/25 16:16:48.469, 2, NVIDIA A10G, 0 %, 0 %, 0 MiB, 23028 MiB
2026/02/25 16:16:48.469, 3, NVIDIA A10G, 0 %, 0 %, 0 MiB, 23028 MiB
2026/02/25 16:16:49.469, 0, NVIDIA A10G, 0 %, 0 %, 2049 MiB, 23028 MiB
2026/02/25 16:16:49.469, 1, NVIDIA A10G, 0 %, 0 %, 0 MiB, 23028 MiB
2026/02/25 16:16:49.469, 2, NVIDIA A10G, 0 %, 0 %, 0 MiB, 23028 MiB
2026/02/25 16:16:49.469, 3, NVIDIA A10G, 0 %, 0 %, 0 MiB, 23028 MiB
2026/02/25 16:16:50.469, 0, NVIDIA A10G, 0 %, 0 %, 2049 MiB, 23028 MiB
2026/02/25 16:16:50.469, 1, NVIDIA A10G, 0 %, 0 %, 0 MiB, 23028 MiB
2026/02/25 16:16:50.469, 2, NVIDIA A10G, 0 %, 0 %, 0 MiB, 23028 MiB
2026/02/25 16:16:50.469, 3, NVIDIA A10G, 0 %, 0 %, 0 MiB, 23028 MiB
2026/02/25 16:16:51.469, 0, NVIDIA A10G, 0 %, 0 %, 2049 MiB, 23028 MiB
2026/02/25 16:16:51.470, 1, NVIDIA A10G, 0 %, 0 %, 0 MiB, 23028 MiB
2026/02/25 16:16:51.470, 2, NVIDIA A10G, 0 %, 0 %, 0 MiB, 23028 MiB
2026/02/25 16:16:51.470, 3, NVIDIA A10G, 0 %, 0 %, 0 MiB, 23028 MiB
2026/02/25 16:16:52.470, 0, NVIDIA A10G, 0 %, 0 %, 2049 MiB, 23028 MiB
2026/02/25 16:16:52.470, 1, NVIDIA A10G, 0 %, 0 %, 0 MiB, 23028 MiB
2026/02/25 16:16:52.470, 2, NVIDIA A10G, 0 %, 0 %, 0 MiB, 23028 MiB
2026/02/25 16:16:52.470, 3, NVIDIA A10G, 0 %, 0 %, 0 MiB, 23028 MiB
2026/02/25 16:16:53.470, 0, NVIDIA A10G, 23 %, 8 %, 2049 MiB, 23028 MiB
2026/02/25 16:16:53.470, 1, NVIDIA A10G, 0 %, 0 %, 0 MiB, 23028 MiB
2026/02/25 16:16:53.470, 2, NVIDIA A10G, 0 %, 0 %, 0 MiB, 23028 MiB
2026/02/25 16:16:53.470, 3, NVIDIA A10G, 0 %, 0 %, 0 MiB, 23028 MiB
2026/02/25 16:16:54.470, 0, NVIDIA A10G, 22 %, 8 %, 2049 MiB, 23028 MiB
2026/02/25 16:16:54.471, 1, NVIDIA A10G, 0 %, 0 %, 0 MiB, 23028 MiB
2026/02/25 16:16:54.471, 2, NVIDIA A10G, 0 %, 0 %, 0 MiB, 23028 MiB
2026/02/25 16:16:54.471, 3, NVIDIA A10G, 0 %, 0 %, 0 MiB, 23028 MiB
2026/02/25 16:16:55.471, 0, NVIDIA A10G, 21 %, 7 %, 2049 MiB, 23028 MiB
2026/02/25 16:16:55.471, 1, NVIDIA A10G, 0 %, 0 %, 0 MiB, 23028 MiB
2026/02/25 16:16:55.471, 2, NVIDIA A10G, 0 %, 0 %, 0 MiB, 23028 MiB
2026/02/25 16:16:55.471, 3, NVIDIA A10G, 0 %, 0 %, 0 MiB, 23028 MiB
2026/02/25 16:16:56.471, 0, NVIDIA A10G, 23 %, 8 %, 2049 MiB, 23028 MiB
2026/02/25 16:16:56.471, 1, NVIDIA A10G, 0 %, 0 %, 0 MiB, 23028 MiB
2026/02/25 16:16:56.471, 2, NVIDIA A10G, 0 %, 0 %, 0 MiB, 23028 MiB
2026/02/25 16:16:56.471, 3, NVIDIA A10G, 0 %, 0 %, 0 MiB, 23028 MiB
2026/02/25 16:16:57.471, 0, NVIDIA A10G, 25 %, 9 %, 2049 MiB, 23028 MiB
2026/02/25 16:16:57.471, 1, NVIDIA A10G, 0 %, 0 %, 0 MiB, 23028 MiB
2026/02/25 16:16:57.471, 2, NVIDIA A10G, 0 %, 0 %, 0 MiB, 23028 MiB
2026/02/25 16:16:57.471, 3, NVIDIA A10G, 0 %, 0 %, 0 MiB, 23028 MiB
2026/02/25 16:16:58.472, 0, NVIDIA A10G, 22 %, 7 %, 2049 MiB, 23028 MiB
2026/02/25 16:16:58.472, 1, NVIDIA A10G, 0 %, 0 %, 0 MiB, 23028 MiB
2026/02/25 16:16:58.472, 2, NVIDIA A10G, 0 %, 0 %, 0 MiB, 23028 MiB
2026/02/25 16:16:58.472, 3, NVIDIA A10G, 0 %, 0 %, 0 MiB, 23028 MiB
2026/02/25 16:16:59.472, 0, NVIDIA A10G, 21 %, 7 %, 2049 MiB, 23028 MiB
2026/02/25 16:16:59.472, 1, NVIDIA A10G, 0 %, 0 %, 0 MiB, 23028 MiB
2026/02/25 16:16:59.472, 2, NVIDIA A10G, 0 %, 0 %, 0 MiB, 23028 MiB
2026/02/25 16:16:59.472, 3, NVIDIA A10G, 0 %, 0 %, 0 MiB, 23028 MiB
2026/02/25 16:17:00.472, 0, NVIDIA A10G, 23 %, 8 %, 2049 MiB, 23028 MiB
2026/02/25 16:17:00.472, 1, NVIDIA A10G, 0 %, 0 %, 0 MiB, 23028 MiB
2026/02/25 16:17:00.472, 2, NVIDIA A10G, 0 %, 0 %, 0 MiB, 23028 MiB
2026/02/25 16:17:00.472, 3, NVIDIA A10G, 0 %, 0 %, 0 MiB, 23028 MiB
2026/02/25 16:17:01.472, 0, NVIDIA A10G, 23 %, 8 %, 2049 MiB, 23028 MiB
2026/02/25 16:17:01.473, 1, NVIDIA A10G, 0 %, 0 %, 0 MiB, 23028 MiB
2026/02/25 16:17:01.473, 2, NVIDIA A10G, 0 %, 0 %, 0 MiB, 23028 MiB
2026/02/25 16:17:01.473, 3, NVIDIA A10G, 0 %, 0 %, 0 MiB, 23028 MiB
2026/02/25 16:17:02.473, 0, NVIDIA A10G, 22 %, 7 %, 2049 MiB, 23028 MiB
2026/02/25 16:17:02.473, 1, NVIDIA A10G, 0 %, 0 %, 0 MiB, 23028 MiB
2026/02/25 16:17:02.473, 2, NVIDIA A10G, 0 %, 0 %, 0 MiB, 23028 MiB
2026/02/25 16:17:02.473, 3, NVIDIA A10G, 0 %, 0 %, 0 MiB, 23028 MiB
2026/02/25 16:17:03.473, 0, NVIDIA A10G, 0 %, 0 %, 2049 MiB, 23028 MiB
2026/02/25 16:17:03.473, 1, NVIDIA A10G, 0 %, 0 %, 0 MiB, 23028 MiB
2026/02/25 16:17:03.473, 2, NVIDIA A10G, 0 %, 0 %, 0 MiB, 23028 MiB
2026/02/25 16:17:03.474, 3, NVIDIA A10G, 0 %, 0 %, 0 MiB, 23028 MiB
2026/02/25 16:17:04.474, 0, NVIDIA A10G, 0 %, 0 %, 2049 MiB, 23028 MiB
2026/02/25 16:17:04.474, 1, NVIDIA A10G, 0 %, 0 %, 0 MiB, 23028 MiB
2026/02/25 16:17:04.474, 2, NVIDIA A10G, 0 %, 0 %, 0 MiB, 23028 MiB
2026/02/25 16:17:04.474, 3, NVIDIA A10G, 0 %, 0 %, 0 MiB, 23028 MiB
2026/02/25 16:17:05.474, 0, NVIDIA A10G, 0 %, 0 %, 2049 MiB, 23028 MiB
2026/02/25 16:17:05.474, 1, NVIDIA A10G, 0 %, 0 %, 0 MiB, 23028 MiB
2026/02/25 16:17:05.474, 2, NVIDIA A10G, 0 %, 0 %, 0 MiB, 23028 MiB
2026/02/25 16:17:05.474, 3, NVIDIA A10G, 0 %, 0 %, 0 MiB, 23028 MiB
2026/02/25 16:17:06.474, 0, NVIDIA A10G, 0 %, 0 %, 2049 MiB, 23028 MiB
2026/02/25 16:17:06.474, 1, NVIDIA A10G, 0 %, 0 %, 0 MiB, 23028 MiB
2026/02/25 16:17:06.474, 2, NVIDIA A10G, 0 %, 0 %, 0 MiB, 23028 MiB
2026/02/25 16:17:06.474, 3, NVIDIA A10G, 0 %, 0 %, 0 MiB, 23028 MiB
2026/02/25 16:17:07.474, 0, NVIDIA A10G, 0 %, 0 %, 2049 MiB, 23028 MiB
2026/02/25 16:17:07.475, 1, NVIDIA A10G, 0 %, 0 %, 0 MiB, 23028 MiB
2026/02/25 16:17:07.475, 2, NVIDIA A10G, 0 %, 0 %, 0 MiB, 23028 MiB
2026/02/25 16:17:07.475, 3, NVIDIA A10G, 0 %, 0 %, 0 MiB, 23028 MiB
2026/02/25 16:17:08.475, 0, NVIDIA A10G, 0 %, 0 %, 2049 MiB, 23028 MiB
2026/02/25 16:17:08.475, 1, NVIDIA A10G, 0 %, 0 %, 0 MiB, 23028 MiB
2026/02/25 16:17:08.475, 2, NVIDIA A10G, 0 %, 0 %, 0 MiB, 23028 MiB
2026/02/25 16:17:08.475, 3, NVIDIA A10G, 0 %, 0 %, 0 MiB, 23028 MiB
2026/02/25 16:17:09.475, 0, NVIDIA A10G, 0 %, 0 %, 2049 MiB, 23028 MiB
2026/02/25 16:17:09.475, 1, NVIDIA A10G, 0 %, 0 %, 0 MiB, 23028 MiB
2026/02/25 16:17:09.475, 2, NVIDIA A10G, 0 %, 0 %, 0 MiB, 23028 MiB
2026/02/25 16:17:09.475, 3, NVIDIA A10G, 0 %, 0 %, 0 MiB, 23028 MiB
2026/02/25 16:17:10.475, 0, NVIDIA A10G, 9 %, 5 %, 2049 MiB, 23028 MiB
2026/02/25 16:17:10.475, 1, NVIDIA A10G, 0 %, 0 %, 0 MiB, 23028 MiB
2026/02/25 16:17:10.475, 2, NVIDIA A10G, 0 %, 0 %, 0 MiB, 23028 MiB
2026/02/25 16:17:10.475, 3, NVIDIA A10G, 0 %, 0 %, 0 MiB, 23028 MiB
2026/02/25 16:17:11.476, 0, NVIDIA A10G, 21 %, 7 %, 2049 MiB, 23028 MiB
2026/02/25 16:17:11.476, 1, NVIDIA A10G, 0 %, 0 %, 0 MiB, 23028 MiB
2026/02/25 16:17:11.476, 2, NVIDIA A10G, 0 %, 0 %, 0 MiB, 23028 MiB
2026/02/25 16:17:11.476, 3, NVIDIA A10G, 0 %, 0 %, 0 MiB, 23028 MiB
2026/02/25 16:17:12.476, 0, NVIDIA A10G, 22 %, 8 %, 2049 MiB, 23028 MiB
2026/02/25 16:17:12.476, 1, NVIDIA A10G, 0 %, 0 %, 0 MiB, 23028 MiB
2026/02/25 16:17:12.476, 2, NVIDIA A10G, 0 %, 0 %, 0 MiB, 23028 MiB
2026/02/25 16:17:12.476, 3, NVIDIA A10G, 0 %, 0 %, 0 MiB, 23028 MiB
2026/02/25 16:17:13.476, 0, NVIDIA A10G, 23 %, 8 %, 2049 MiB, 23028 MiB
2026/02/25 16:17:13.476, 1, NVIDIA A10G, 0 %, 0 %, 0 MiB, 23028 MiB
2026/02/25 16:17:13.476, 2, NVIDIA A10G, 0 %, 0 %, 0 MiB, 23028 MiB
2026/02/25 16:17:13.476, 3, NVIDIA A10G, 0 %, 0 %, 0 MiB, 23028 MiB
2026/02/25 16:17:14.477, 0, NVIDIA A10G, 23 %, 8 %, 2049 MiB, 23028 MiB
2026/02/25 16:17:14.477, 1, NVIDIA A10G, 0 %, 0 %, 0 MiB, 23028 MiB
2026/02/25 16:17:14.477, 2, NVIDIA A10G, 0 %, 0 %, 0 MiB, 23028 MiB
2026/02/25 16:17:14.477, 3, NVIDIA A10G, 0 %, 0 %, 0 MiB, 23028 MiB
2026/02/25 16:17:15.477, 0, NVIDIA A10G, 22 %, 7 %, 2049 MiB, 23028 MiB
2026/02/25 16:17:15.477, 1, NVIDIA A10G, 0 %, 0 %, 0 MiB, 23028 MiB
2026/02/25 16:17:15.477, 2, NVIDIA A10G, 0 %, 0 %, 0 MiB, 23028 MiB
2026/02/25 16:17:15.477, 3, NVIDIA A10G, 0 %, 0 %, 0 MiB, 23028 MiB
2026/02/25 16:17:16.477, 0, NVIDIA A10G, 20 %, 7 %, 2049 MiB, 23028 MiB
2026/02/25 16:17:16.478, 1, NVIDIA A10G, 0 %, 0 %, 0 MiB, 23028 MiB
2026/02/25 16:17:16.478, 2, NVIDIA A10G, 0 %, 0 %, 0 MiB, 23028 MiB
2026/02/25 16:17:16.478, 3, NVIDIA A10G, 0 %, 0 %, 0 MiB, 23028 MiB
2026/02/25 16:17:17.478, 0, NVIDIA A10G, 21 %, 7 %, 2049 MiB, 23028 MiB
2026/02/25 16:17:17.478, 1, NVIDIA A10G, 0 %, 0 %, 0 MiB, 23028 MiB
2026/02/25 16:17:17.478, 2, NVIDIA A10G, 0 %, 0 %, 0 MiB, 23028 MiB
2026/02/25 16:17:17.478, 3, NVIDIA A10G, 0 %, 0 %, 0 MiB, 23028 MiB
2026/02/25 16:17:18.478, 0, NVIDIA A10G, 22 %, 7 %, 2049 MiB, 23028 MiB
2026/02/25 16:17:18.478, 1, NVIDIA A10G, 0 %, 0 %, 0 MiB, 23028 MiB
2026/02/25 16:17:18.478, 2, NVIDIA A10G, 0 %, 0 %, 0 MiB, 23028 MiB
2026/02/25 16:17:18.479, 3, NVIDIA A10G, 0 %, 0 %, 0 MiB, 23028 MiB
2026/02/25 16:17:19.479, 0, NVIDIA A10G, 23 %, 8 %, 2049 MiB, 23028 MiB
2026/02/25 16:17:19.479, 1, NVIDIA A10G, 0 %, 0 %, 0 MiB, 23028 MiB
2026/02/25 16:17:19.479, 2, NVIDIA A10G, 0 %, 0 %, 0 MiB, 23028 MiB
2026/02/25 16:17:19.479, 3, NVIDIA A10G, 0 %, 0 %, 0 MiB, 23028 MiB
2026/02/25 16:17:20.479, 0, NVIDIA A10G, 0 %, 0 %, 2049 MiB, 23028 MiB
2026/02/25 16:17:20.479, 1, NVIDIA A10G, 0 %, 0 %, 0 MiB, 23028 MiB
2026/02/25 16:17:20.479, 2, NVIDIA A10G, 0 %, 0 %, 0 MiB, 23028 MiB
2026/02/25 16:17:20.479, 3, NVIDIA A10G, 0 %, 0 %, 0 MiB, 23028 MiB
2026/02/25 16:17:21.480, 0, NVIDIA A10G, 0 %, 0 %, 2049 MiB, 23028 MiB
2026/02/25 16:17:21.480, 1, NVIDIA A10G, 0 %, 0 %, 0 MiB, 23028 MiB
2026/02/25 16:17:21.480, 2, NVIDIA A10G, 0 %, 0 %, 0 MiB, 23028 MiB
2026/02/25 16:17:21.480, 3, NVIDIA A10G, 0 %, 0 %, 0 MiB, 23028 MiB
2026/02/25 16:17:22.480, 0, NVIDIA A10G, 0 %, 0 %, 2049 MiB, 23028 MiB
2026/02/25 16:17:22.480, 1, NVIDIA A10G, 0 %, 0 %, 0 MiB, 23028 MiB
2026/02/25 16:17:22.480, 2, NVIDIA A10G, 0 %, 0 %, 0 MiB, 23028 MiB
2026/02/25 16:17:22.480, 3, NVIDIA A10G, 0 %, 0 %, 0 MiB, 23028 MiB
2026/02/25 16:17:23.480, 0, NVIDIA A10G, 0 %, 0 %, 2049 MiB, 23028 MiB
2026/02/25 16:17:23.480, 1, NVIDIA A10G, 0 %, 0 %, 0 MiB, 23028 MiB
2026/02/25 16:17:23.480, 2, NVIDIA A10G, 0 %, 0 %, 0 MiB, 23028 MiB
2026/02/25 16:17:23.480, 3, NVIDIA A10G, 0 %, 0 %, 0 MiB, 23028 MiB
2026/02/25 16:17:24.481, 0, NVIDIA A10G, 0 %, 0 %, 2049 MiB, 23028 MiB
2026/02/25 16:17:24.481, 1, NVIDIA A10G, 0 %, 0 %, 0 MiB, 23028 MiB
2026/02/25 16:17:24.481, 2, NVIDIA A10G, 0 %, 0 %, 0 MiB, 23028 MiB
2026/02/25 16:17:24.481, 3, NVIDIA A10G, 0 %, 0 %, 0 MiB, 23028 MiB
2026/02/25 16:17:25.481, 0, NVIDIA A10G, 21 %, 7 %, 2049 MiB, 23028 MiB
2026/02/25 16:17:25.481, 1, NVIDIA A10G, 0 %, 0 %, 0 MiB, 23028 MiB
2026/02/25 16:17:25.481, 2, NVIDIA A10G, 0 %, 0 %, 0 MiB, 23028 MiB
2026/02/25 16:17:25.481, 3, NVIDIA A10G, 0 %, 0 %, 0 MiB, 23028 MiB
2026/02/25 16:17:26.481, 0, NVIDIA A10G, 23 %, 8 %, 2049 MiB, 23028 MiB
2026/02/25 16:17:26.481, 1, NVIDIA A10G, 0 %, 0 %, 0 MiB, 23028 MiB
2026/02/25 16:17:26.482, 2, NVIDIA A10G, 0 %, 0 %, 0 MiB, 23028 MiB
2026/02/25 16:17:26.482, 3, NVIDIA A10G, 0 %, 0 %, 0 MiB, 23028 MiB
2026/02/25 16:17:27.482, 0, NVIDIA A10G, 22 %, 7 %, 2049 MiB, 23028 MiB
2026/02/25 16:17:27.482, 1, NVIDIA A10G, 0 %, 0 %, 0 MiB, 23028 MiB
2026/02/25 16:17:27.482, 2, NVIDIA A10G, 0 %, 0 %, 0 MiB, 23028 MiB
2026/02/25 16:17:27.482, 3, NVIDIA A10G, 0 %, 0 %, 0 MiB, 23028 MiB
2026/02/25 16:17:28.484, 0, NVIDIA A10G, 22 %, 7 %, 2049 MiB, 23028 MiB
2026/02/25 16:17:28.484, 1, NVIDIA A10G, 0 %, 0 %, 0 MiB, 23028 MiB
2026/02/25 16:17:28.484, 2, NVIDIA A10G, 0 %, 0 %, 0 MiB, 23028 MiB
2026/02/25 16:17:28.484, 3, NVIDIA A10G, 0 %, 0 %, 0 MiB, 23028 MiB
2026/02/25 16:17:29.484, 0, NVIDIA A10G, 23 %, 8 %, 2049 MiB, 23028 MiB
2026/02/25 16:17:29.484, 1, NVIDIA A10G, 0 %, 0 %, 0 MiB, 23028 MiB
2026/02/25 16:17:29.484, 2, NVIDIA A10G, 0 %, 0 %, 0 MiB, 23028 MiB
2026/02/25 16:17:29.484, 3, NVIDIA A10G, 0 %, 0 %, 0 MiB, 23028 MiB
2026/02/25 16:17:30.484, 0, NVIDIA A10G, 0 %, 0 %, 2049 MiB, 23028 MiB
2026/02/25 16:17:30.484, 1, NVIDIA A10G, 0 %, 0 %, 0 MiB, 23028 MiB
2026/02/25 16:17:30.484, 2, NVIDIA A10G, 0 %, 0 %, 0 MiB, 23028 MiB
2026/02/25 16:17:30.484, 3, NVIDIA A10G, 0 %, 0 %, 0 MiB, 23028 MiB
2026/02/25 16:17:31.485, 0, NVIDIA A10G, 0 %, 0 %, 2049 MiB, 23028 MiB
2026/02/25 16:17:31.485, 1, NVIDIA A10G, 0 %, 0 %, 0 MiB, 23028 MiB
2026/02/25 16:17:31.485, 2, NVIDIA A10G, 0 %, 0 %, 0 MiB, 23028 MiB
2026/02/25 16:17:31.485, 3, NVIDIA A10G, 0 %, 0 %, 0 MiB, 23028 MiB
2026/02/25 16:17:32.485, 0, NVIDIA A10G, 0 %, 0 %, 2049 MiB, 23028 MiB
2026/02/25 16:17:32.485, 1, NVIDIA A10G, 0 %, 0 %, 0 MiB, 23028 MiB
2026/02/25 16:17:32.485, 2, NVIDIA A10G, 0 %, 0 %, 0 MiB, 23028 MiB
2026/02/25 16:17:32.485, 3, NVIDIA A10G, 0 %, 0 %, 0 MiB, 23028 MiB
2026/02/25 16:17:33.485, 0, NVIDIA A10G, 0 %, 0 %, 2049 MiB, 23028 MiB
2026/02/25 16:17:33.485, 1, NVIDIA A10G, 0 %, 0 %, 0 MiB, 23028 MiB
2026/02/25 16:17:33.485, 2, NVIDIA A10G, 0 %, 0 %, 0 MiB, 23028 MiB
2026/02/25 16:17:33.485, 3, NVIDIA A10G, 0 %, 0 %, 0 MiB, 23028 MiB
2026/02/25 16:17:34.486, 0, NVIDIA A10G, 0 %, 0 %, 2049 MiB, 23028 MiB
2026/02/25 16:17:34.486, 1, NVIDIA A10G, 0 %, 0 %, 0 MiB, 23028 MiB
2026/02/25 16:17:34.486, 2, NVIDIA A10G, 0 %, 0 %, 0 MiB, 23028 MiB
2026/02/25 16:17:34.486, 3, NVIDIA A10G, 0 %, 0 %, 0 MiB, 23028 MiB
2026/02/25 16:17:35.486, 0, NVIDIA A10G, 0 %, 0 %, 2049 MiB, 23028 MiB
2026/02/25 16:17:35.486, 1, NVIDIA A10G, 0 %, 0 %, 0 MiB, 23028 MiB
2026/02/25 16:17:35.486, 2, NVIDIA A10G, 0 %, 0 %, 0 MiB, 23028 MiB
2026/02/25 16:17:35.486, 3, NVIDIA A10G, 0 %, 0 %, 0 MiB, 23028 MiB
2026/02/25 16:17:36.486, 0, NVIDIA A10G, 0 %, 0 %, 2049 MiB, 23028 MiB
2026/02/25 16:17:36.486, 1, NVIDIA A10G, 0 %, 0 %, 0 MiB, 23028 MiB
2026/02/25 16:17:36.486, 2, NVIDIA A10G, 0 %, 0 %, 0 MiB, 23028 MiB
2026/02/25 16:17:36.486, 3, NVIDIA A10G, 0 %, 0 %, 0 MiB, 23028 MiB
2026/02/25 16:17:37.486, 0, NVIDIA A10G, 0 %, 0 %, 2049 MiB, 23028 MiB
2026/02/25 16:17:37.486, 1, NVIDIA A10G, 0 %, 0 %, 0 MiB, 23028 MiB
2026/02/25 16:17:37.486, 2, NVIDIA A10G, 0 %, 0 %, 0 MiB, 23028 MiB
2026/02/25 16:17:37.486, 3, NVIDIA A10G, 0 %, 0 %, 0 MiB, 23028 MiB
2026/02/25 16:17:38.487, 0, NVIDIA A10G, 23 %, 8 %, 2049 MiB, 23028 MiB
2026/02/25 16:17:38.487, 1, NVIDIA A10G, 0 %, 0 %, 0 MiB, 23028 MiB
2026/02/25 16:17:38.487, 2, NVIDIA A10G, 0 %, 0 %, 0 MiB, 23028 MiB
2026/02/25 16:17:38.487, 3, NVIDIA A10G, 0 %, 0 %, 0 MiB, 23028 MiB
2026/02/25 16:17:39.487, 0, NVIDIA A10G, 21 %, 7 %, 2049 MiB, 23028 MiB
2026/02/25 16:17:39.487, 1, NVIDIA A10G, 0 %, 0 %, 0 MiB, 23028 MiB
2026/02/25 16:17:39.487, 2, NVIDIA A10G, 0 %, 0 %, 0 MiB, 23028 MiB
2026/02/25 16:17:39.487, 3, NVIDIA A10G, 0 %, 0 %, 0 MiB, 23028 MiB
2026/02/25 16:17:40.487, 0, NVIDIA A10G, 20 %, 6 %, 2049 MiB, 23028 MiB
2026/02/25 16:17:40.487, 1, NVIDIA A10G, 0 %, 0 %, 0 MiB, 23028 MiB
2026/02/25 16:17:40.487, 2, NVIDIA A10G, 0 %, 0 %, 0 MiB, 23028 MiB
2026/02/25 16:17:40.488, 3, NVIDIA A10G, 0 %, 0 %, 0 MiB, 23028 MiB
2026/02/25 16:17:41.488, 0, NVIDIA A10G, 23 %, 8 %, 2049 MiB, 23028 MiB
2026/02/25 16:17:41.488, 1, NVIDIA A10G, 0 %, 0 %, 0 MiB, 23028 MiB
2026/02/25 16:17:41.488, 2, NVIDIA A10G, 0 %, 0 %, 0 MiB, 23028 MiB
2026/02/25 16:17:41.488, 3, NVIDIA A10G, 0 %, 0 %, 0 MiB, 23028 MiB
2026/02/25 16:17:42.488, 0, NVIDIA A10G, 22 %, 8 %, 2049 MiB, 23028 MiB
2026/02/25 16:17:42.488, 1, NVIDIA A10G, 0 %, 0 %, 0 MiB, 23028 MiB
2026/02/25 16:17:42.488, 2, NVIDIA A10G, 0 %, 0 %, 0 MiB, 23028 MiB
2026/02/25 16:17:42.488, 3, NVIDIA A10G, 0 %, 0 %, 0 MiB, 23028 MiB
2026/02/25 16:17:43.488, 0, NVIDIA A10G, 21 %, 7 %, 2049 MiB, 23028 MiB
2026/02/25 16:17:43.488, 1, NVIDIA A10G, 0 %, 0 %, 0 MiB, 23028 MiB
2026/02/25 16:17:43.489, 2, NVIDIA A10G, 0 %, 0 %, 0 MiB, 23028 MiB
2026/02/25 16:17:43.489, 3, NVIDIA A10G, 0 %, 0 %, 0 MiB, 23028 MiB
2026/02/25 16:17:44.489, 0, NVIDIA A10G, 20 %, 7 %, 2049 MiB, 23028 MiB
2026/02/25 16:17:44.489, 1, NVIDIA A10G, 0 %, 0 %, 0 MiB, 23028 MiB
2026/02/25 16:17:44.489, 2, NVIDIA A10G, 0 %, 0 %, 0 MiB, 23028 MiB
2026/02/25 16:17:44.489, 3, NVIDIA A10G, 0 %, 0 %, 0 MiB, 23028 MiB
2026/02/25 16:17:45.489, 0, NVIDIA A10G, 22 %, 8 %, 2049 MiB, 23028 MiB
2026/02/25 16:17:45.489, 1, NVIDIA A10G, 0 %, 0 %, 0 MiB, 23028 MiB
2026/02/25 16:17:45.489, 2, NVIDIA A10G, 0 %, 0 %, 0 MiB, 23028 MiB
2026/02/25 16:17:45.489, 3, NVIDIA A10G, 0 %, 0 %, 0 MiB, 23028 MiB
2026/02/25 16:17:46.489, 0, NVIDIA A10G, 0 %, 0 %, 2049 MiB, 23028 MiB
2026/02/25 16:17:46.489, 1, NVIDIA A10G, 0 %, 0 %, 0 MiB, 23028 MiB
2026/02/25 16:17:46.489, 2, NVIDIA A10G, 0 %, 0 %, 0 MiB, 23028 MiB
2026/02/25 16:17:46.489, 3, NVIDIA A10G, 0 %, 0 %, 0 MiB, 23028 MiB
2026/02/25 16:17:47.490, 0, NVIDIA A10G, 0 %, 0 %, 2049 MiB, 23028 MiB
2026/02/25 16:17:47.490, 1, NVIDIA A10G, 0 %, 0 %, 0 MiB, 23028 MiB
2026/02/25 16:17:47.490, 2, NVIDIA A10G, 0 %, 0 %, 0 MiB, 23028 MiB
2026/02/25 16:17:47.490, 3, NVIDIA A10G, 0 %, 0 %, 0 MiB, 23028 MiB
2026/02/25 16:17:48.490, 0, NVIDIA A10G, 0 %, 0 %, 2049 MiB, 23028 MiB
2026/02/25 16:17:48.490, 1, NVIDIA A10G, 0 %, 0 %, 0 MiB, 23028 MiB
2026/02/25 16:17:48.490, 2, NVIDIA A10G, 0 %, 0 %, 0 MiB, 23028 MiB
2026/02/25 16:17:48.490, 3, NVIDIA A10G, 0 %, 0 %, 0 MiB, 23028 MiB
2026/02/25 16:17:49.490, 0, NVIDIA A10G, 0 %, 0 %, 2049 MiB, 23028 MiB
2026/02/25 16:17:49.490, 1, NVIDIA A10G, 0 %, 0 %, 0 MiB, 23028 MiB
2026/02/25 16:17:49.490, 2, NVIDIA A10G, 0 %, 0 %, 0 MiB, 23028 MiB
2026/02/25 16:17:49.490, 3, NVIDIA A10G, 0 %, 0 %, 0 MiB, 23028 MiB
2026/02/25 16:17:50.491, 0, NVIDIA A10G, 0 %, 0 %, 2049 MiB, 23028 MiB
2026/02/25 16:17:50.491, 1, NVIDIA A10G, 0 %, 0 %, 0 MiB, 23028 MiB
2026/02/25 16:17:50.491, 2, NVIDIA A10G, 0 %, 0 %, 0 MiB, 23028 MiB
2026/02/25 16:17:50.491, 3, NVIDIA A10G, 0 %, 0 %, 0 MiB, 23028 MiB
2026/02/25 16:17:51.491, 0, NVIDIA A10G, 0 %, 0 %, 2049 MiB, 23028 MiB
2026/02/25 16:17:51.491, 1, NVIDIA A10G, 0 %, 0 %, 0 MiB, 23028 MiB
2026/02/25 16:17:51.491, 2, NVIDIA A10G, 0 %, 0 %, 0 MiB, 23028 MiB
2026/02/25 16:17:51.491, 3, NVIDIA A10G, 0 %, 0 %, 0 MiB, 23028 MiB
2026/02/25 16:17:52.491, 0, NVIDIA A10G, 0 %, 0 %, 2049 MiB, 23028 MiB
2026/02/25 16:17:52.491, 1, NVIDIA A10G, 0 %, 0 %, 0 MiB, 23028 MiB
2026/02/25 16:17:52.491, 2, NVIDIA A10G, 0 %, 0 %, 0 MiB, 23028 MiB
2026/02/25 16:17:52.491, 3, NVIDIA A10G, 0 %, 0 %, 0 MiB, 23028 MiB
2026/02/25 16:17:53.491, 0, NVIDIA A10G, 0 %, 0 %, 2049 MiB, 23028 MiB
2026/02/25 16:17:53.492, 1, NVIDIA A10G, 0 %, 0 %, 0 MiB, 23028 MiB
2026/02/25 16:17:53.492, 2, NVIDIA A10G, 0 %, 0 %, 0 MiB, 23028 MiB
2026/02/25 16:17:53.492, 3, NVIDIA A10G, 0 %, 0 %, 0 MiB, 23028 MiB
2026/02/25 16:17:54.492, 0, NVIDIA A10G, 0 %, 0 %, 2049 MiB, 23028 MiB
2026/02/25 16:17:54.492, 1, NVIDIA A10G, 0 %, 0 %, 0 MiB, 23028 MiB
2026/02/25 16:17:54.492, 2, NVIDIA A10G, 0 %, 0 %, 0 MiB, 23028 MiB
2026/02/25 16:17:54.492, 3, NVIDIA A10G, 0 %, 0 %, 0 MiB, 23028 MiB
2026/02/25 16:17:55.492, 0, NVIDIA A10G, 23 %, 8 %, 2049 MiB, 23028 MiB
2026/02/25 16:17:55.492, 1, NVIDIA A10G, 0 %, 0 %, 0 MiB, 23028 MiB
2026/02/25 16:17:55.492, 2, NVIDIA A10G, 0 %, 0 %, 0 MiB, 23028 MiB
2026/02/25 16:17:55.492, 3, NVIDIA A10G, 0 %, 0 %, 0 MiB, 23028 MiB
2026/02/25 16:17:56.493, 0, NVIDIA A10G, 23 %, 8 %, 2049 MiB, 23028 MiB
2026/02/25 16:17:56.493, 1, NVIDIA A10G, 0 %, 0 %, 0 MiB, 23028 MiB
2026/02/25 16:17:56.493, 2, NVIDIA A10G, 0 %, 0 %, 0 MiB, 23028 MiB
2026/02/25 16:17:56.493, 3, NVIDIA A10G, 0 %, 0 %, 0 MiB, 23028 MiB
2026/02/25 16:17:57.493, 0, NVIDIA A10G, 22 %, 8 %, 2049 MiB, 23028 MiB
2026/02/25 16:17:57.493, 1, NVIDIA A10G, 0 %, 0 %, 0 MiB, 23028 MiB
2026/02/25 16:17:57.493, 2, NVIDIA A10G, 0 %, 0 %, 0 MiB, 23028 MiB
2026/02/25 16:17:57.493, 3, NVIDIA A10G, 0 %, 0 %, 0 MiB, 23028 MiB
2026/02/25 16:17:58.493, 0, NVIDIA A10G, 24 %, 9 %, 2049 MiB, 23028 MiB
2026/02/25 16:17:58.493, 1, NVIDIA A10G, 0 %, 0 %, 0 MiB, 23028 MiB
2026/02/25 16:17:58.493, 2, NVIDIA A10G, 0 %, 0 %, 0 MiB, 23028 MiB
2026/02/25 16:17:58.493, 3, NVIDIA A10G, 0 %, 0 %, 0 MiB, 23028 MiB
2026/02/25 16:17:59.494, 0, NVIDIA A10G, 23 %, 8 %, 2049 MiB, 23028 MiB
2026/02/25 16:17:59.494, 1, NVIDIA A10G, 0 %, 0 %, 0 MiB, 23028 MiB
2026/02/25 16:17:59.494, 2, NVIDIA A10G, 0 %, 0 %, 0 MiB, 23028 MiB
2026/02/25 16:17:59.494, 3, NVIDIA A10G, 0 %, 0 %, 0 MiB, 23028 MiB
2026/02/25 16:18:00.494, 0, NVIDIA A10G, 23 %, 8 %, 2049 MiB, 23028 MiB
2026/02/25 16:18:00.494, 1, NVIDIA A10G, 0 %, 0 %, 0 MiB, 23028 MiB
2026/02/25 16:18:00.494, 2, NVIDIA A10G, 0 %, 0 %, 0 MiB, 23028 MiB
2026/02/25 16:18:00.494, 3, NVIDIA A10G, 0 %, 0 %, 0 MiB, 23028 MiB
2026/02/25 16:18:01.494, 0, NVIDIA A10G, 21 %, 8 %, 2049 MiB, 23028 MiB
2026/02/25 16:18:01.494, 1, NVIDIA A10G, 0 %, 0 %, 0 MiB, 23028 MiB
2026/02/25 16:18:01.494, 2, NVIDIA A10G, 0 %, 0 %, 0 MiB, 23028 MiB
2026/02/25 16:18:01.494, 3, NVIDIA A10G, 0 %, 0 %, 0 MiB, 23028 MiB
2026/02/25 16:18:02.494, 0, NVIDIA A10G, 23 %, 8 %, 2049 MiB, 23028 MiB
2026/02/25 16:18:02.494, 1, NVIDIA A10G, 0 %, 0 %, 0 MiB, 23028 MiB
2026/02/25 16:18:02.494, 2, NVIDIA A10G, 0 %, 0 %, 0 MiB, 23028 MiB
2026/02/25 16:18:02.495, 3, NVIDIA A10G, 0 %, 0 %, 0 MiB, 23028 MiB
2026/02/25 16:18:03.495, 0, NVIDIA A10G, 23 %, 8 %, 2049 MiB, 23028 MiB
2026/02/25 16:18:03.495, 1, NVIDIA A10G, 0 %, 0 %, 0 MiB, 23028 MiB
2026/02/25 16:18:03.495, 2, NVIDIA A10G, 0 %, 0 %, 0 MiB, 23028 MiB
2026/02/25 16:18:03.495, 3, NVIDIA A10G, 0 %, 0 %, 0 MiB, 23028 MiB
2026/02/25 16:18:04.495, 0, NVIDIA A10G, 0 %, 0 %, 2049 MiB, 23028 MiB
2026/02/25 16:18:04.495, 1, NVIDIA A10G, 0 %, 0 %, 0 MiB, 23028 MiB
2026/02/25 16:18:04.495, 2, NVIDIA A10G, 0 %, 0 %, 0 MiB, 23028 MiB
2026/02/25 16:18:04.495, 3, NVIDIA A10G, 0 %, 0 %, 0 MiB, 23028 MiB
2026/02/25 16:18:05.495, 0, NVIDIA A10G, 0 %, 0 %, 2049 MiB, 23028 MiB
2026/02/25 16:18:05.495, 1, NVIDIA A10G, 0 %, 0 %, 0 MiB, 23028 MiB
2026/02/25 16:18:05.496, 2, NVIDIA A10G, 0 %, 0 %, 0 MiB, 23028 MiB
2026/02/25 16:18:05.496, 3, NVIDIA A10G, 0 %, 0 %, 0 MiB, 23028 MiB
2026/02/25 16:18:06.496, 0, NVIDIA A10G, 0 %, 0 %, 2049 MiB, 23028 MiB
2026/02/25 16:18:06.496, 1, NVIDIA A10G, 0 %, 0 %, 0 MiB, 23028 MiB
2026/02/25 16:18:06.496, 2, NVIDIA A10G, 0 %, 0 %, 0 MiB, 23028 MiB
2026/02/25 16:18:06.496, 3, NVIDIA A10G, 0 %, 0 %, 0 MiB, 23028 MiB
2026/02/25 16:18:07.496, 0, NVIDIA A10G, 0 %, 0 %, 2049 MiB, 23028 MiB
2026/02/25 16:18:07.496, 1, NVIDIA A10G, 0 %, 0 %, 0 MiB, 23028 MiB
2026/02/25 16:18:07.496, 2, NVIDIA A10G, 0 %, 0 %, 0 MiB, 23028 MiB
2026/02/25 16:18:07.496, 3, NVIDIA A10G, 0 %, 0 %, 0 MiB, 23028 MiB
2026/02/25 16:18:08.497, 0, NVIDIA A10G, 0 %, 0 %, 2049 MiB, 23028 MiB
2026/02/25 16:18:08.497, 1, NVIDIA A10G, 0 %, 0 %, 0 MiB, 23028 MiB
2026/02/25 16:18:08.497, 2, NVIDIA A10G, 0 %, 0 %, 0 MiB, 23028 MiB
2026/02/25 16:18:08.497, 3, NVIDIA A10G, 0 %, 0 %, 0 MiB, 23028 MiB
2026/02/25 16:18:09.497, 0, NVIDIA A10G, 0 %, 0 %, 2049 MiB, 23028 MiB
2026/02/25 16:18:09.497, 1, NVIDIA A10G, 0 %, 0 %, 0 MiB, 23028 MiB
2026/02/25 16:18:09.497, 2, NVIDIA A10G, 0 %, 0 %, 0 MiB, 23028 MiB
2026/02/25 16:18:09.497, 3, NVIDIA A10G, 0 %, 0 %, 0 MiB, 23028 MiB
2026/02/25 16:18:10.497, 0, NVIDIA A10G, 4 %, 1 %, 2049 MiB, 23028 MiB
2026/02/25 16:18:10.497, 1, NVIDIA A10G, 0 %, 0 %, 0 MiB, 23028 MiB
2026/02/25 16:18:10.497, 2, NVIDIA A10G, 0 %, 0 %, 0 MiB, 23028 MiB
2026/02/25 16:18:10.497, 3, NVIDIA A10G, 0 %, 0 %, 0 MiB, 23028 MiB
2026/02/25 16:18:11.498, 0, NVIDIA A10G, 21 %, 7 %, 2049 MiB, 23028 MiB
2026/02/25 16:18:11.498, 1, NVIDIA A10G, 0 %, 0 %, 0 MiB, 23028 MiB
2026/02/25 16:18:11.498, 2, NVIDIA A10G, 0 %, 0 %, 0 MiB, 23028 MiB
2026/02/25 16:18:11.498, 3, NVIDIA A10G, 0 %, 0 %, 0 MiB, 23028 MiB
2026/02/25 16:18:12.498, 0, NVIDIA A10G, 20 %, 7 %, 2049 MiB, 23028 MiB
2026/02/25 16:18:12.498, 1, NVIDIA A10G, 0 %, 0 %, 0 MiB, 23028 MiB
2026/02/25 16:18:12.498, 2, NVIDIA A10G, 0 %, 0 %, 0 MiB, 23028 MiB
2026/02/25 16:18:12.498, 3, NVIDIA A10G, 0 %, 0 %, 0 MiB, 23028 MiB
2026/02/25 16:18:13.498, 0, NVIDIA A10G, 21 %, 7 %, 2049 MiB, 23028 MiB
2026/02/25 16:18:13.498, 1, NVIDIA A10G, 0 %, 0 %, 0 MiB, 23028 MiB
2026/02/25 16:18:13.498, 2, NVIDIA A10G, 0 %, 0 %, 0 MiB, 23028 MiB
2026/02/25 16:18:13.498, 3, NVIDIA A10G, 0 %, 0 %, 0 MiB, 23028 MiB
2026/02/25 16:18:14.498, 0, NVIDIA A10G, 23 %, 8 %, 2049 MiB, 23028 MiB
2026/02/25 16:18:14.498, 1, NVIDIA A10G, 0 %, 0 %, 0 MiB, 23028 MiB
2026/02/25 16:18:14.499, 2, NVIDIA A10G, 0 %, 0 %, 0 MiB, 23028 MiB
2026/02/25 16:18:14.499, 3, NVIDIA A10G, 0 %, 0 %, 0 MiB, 23028 MiB
2026/02/25 16:18:15.499, 0, NVIDIA A10G, 21 %, 7 %, 2049 MiB, 23028 MiB
2026/02/25 16:18:15.499, 1, NVIDIA A10G, 0 %, 0 %, 0 MiB, 23028 MiB
2026/02/25 16:18:15.499, 2, NVIDIA A10G, 0 %, 0 %, 0 MiB, 23028 MiB
2026/02/25 16:18:15.499, 3, NVIDIA A10G, 0 %, 0 %, 0 MiB, 23028 MiB
2026/02/25 16:18:16.499, 0, NVIDIA A10G, 22 %, 8 %, 2049 MiB, 23028 MiB
2026/02/25 16:18:16.499, 1, NVIDIA A10G, 0 %, 0 %, 0 MiB, 23028 MiB
2026/02/25 16:18:16.499, 2, NVIDIA A10G, 0 %, 0 %, 0 MiB, 23028 MiB
2026/02/25 16:18:16.499, 3, NVIDIA A10G, 0 %, 0 %, 0 MiB, 23028 MiB
2026/02/25 16:18:17.499, 0, NVIDIA A10G, 15 %, 5 %, 2049 MiB, 23028 MiB
2026/02/25 16:18:17.499, 1, NVIDIA A10G, 0 %, 0 %, 0 MiB, 23028 MiB
2026/02/25 16:18:17.499, 2, NVIDIA A10G, 0 %, 0 %, 0 MiB, 23028 MiB
2026/02/25 16:18:17.499, 3, NVIDIA A10G, 0 %, 0 %, 0 MiB, 23028 MiB
2026/02/25 16:18:18.500, 0, NVIDIA A10G, 0 %, 0 %, 2049 MiB, 23028 MiB
2026/02/25 16:18:18.500, 1, NVIDIA A10G, 0 %, 0 %, 0 MiB, 23028 MiB
2026/02/25 16:18:18.500, 2, NVIDIA A10G, 0 %, 0 %, 0 MiB, 23028 MiB
2026/02/25 16:18:18.500, 3, NVIDIA A10G, 0 %, 0 %, 0 MiB, 23028 MiB
2026/02/25 16:18:19.500, 0, NVIDIA A10G, 0 %, 0 %, 2049 MiB, 23028 MiB
2026/02/25 16:18:19.500, 1, NVIDIA A10G, 0 %, 0 %, 0 MiB, 23028 MiB
2026/02/25 16:18:19.500, 2, NVIDIA A10G, 0 %, 0 %, 0 MiB, 23028 MiB
2026/02/25 16:18:19.500, 3, NVIDIA A10G, 0 %, 0 %, 0 MiB, 23028 MiB
2026/02/25 16:18:20.500, 0, NVIDIA A10G, 0 %, 0 %, 2049 MiB, 23028 MiB
2026/02/25 16:18:20.500, 1, NVIDIA A10G, 0 %, 0 %, 0 MiB, 23028 MiB
2026/02/25 16:18:20.500, 2, NVIDIA A10G, 0 %, 0 %, 0 MiB, 23028 MiB
2026/02/25 16:18:20.500, 3, NVIDIA A10G, 0 %, 0 %, 0 MiB, 23028 MiB
2026/02/25 16:18:21.501, 0, NVIDIA A10G, 23 %, 9 %, 2049 MiB, 23028 MiB
2026/02/25 16:18:21.501, 1, NVIDIA A10G, 0 %, 0 %, 0 MiB, 23028 MiB
2026/02/25 16:18:21.501, 2, NVIDIA A10G, 0 %, 0 %, 0 MiB, 23028 MiB
2026/02/25 16:18:21.501, 3, NVIDIA A10G, 0 %, 0 %, 0 MiB, 23028 MiB
2026/02/25 16:18:22.501, 0, NVIDIA A10G, 23 %, 8 %, 2049 MiB, 23028 MiB
2026/02/25 16:18:22.501, 1, NVIDIA A10G, 0 %, 0 %, 0 MiB, 23028 MiB
2026/02/25 16:18:22.501, 2, NVIDIA A10G, 0 %, 0 %, 0 MiB, 23028 MiB
2026/02/25 16:18:22.501, 3, NVIDIA A10G, 0 %, 0 %, 0 MiB, 23028 MiB
2026/02/25 16:18:23.501, 0, NVIDIA A10G, 23 %, 7 %, 2049 MiB, 23028 MiB
2026/02/25 16:18:23.502, 1, NVIDIA A10G, 0 %, 0 %, 0 MiB, 23028 MiB
2026/02/25 16:18:23.502, 2, NVIDIA A10G, 0 %, 0 %, 0 MiB, 23028 MiB
2026/02/25 16:18:23.502, 3, NVIDIA A10G, 0 %, 0 %, 0 MiB, 23028 MiB
2026/02/25 16:18:24.502, 0, NVIDIA A10G, 0 %, 0 %, 2049 MiB, 23028 MiB
2026/02/25 16:18:24.502, 1, NVIDIA A10G, 0 %, 0 %, 0 MiB, 23028 MiB
2026/02/25 16:18:24.502, 2, NVIDIA A10G, 0 %, 0 %, 0 MiB, 23028 MiB
2026/02/25 16:18:24.502, 3, NVIDIA A10G, 0 %, 0 %, 0 MiB, 23028 MiB
2026/02/25 16:18:25.502, 0, NVIDIA A10G, 0 %, 0 %, 2049 MiB, 23028 MiB
2026/02/25 16:18:25.502, 1, NVIDIA A10G, 0 %, 0 %, 0 MiB, 23028 MiB
2026/02/25 16:18:25.502, 2, NVIDIA A10G, 0 %, 0 %, 0 MiB, 23028 MiB
2026/02/25 16:18:25.502, 3, NVIDIA A10G, 0 %, 0 %, 0 MiB, 23028 MiB
2026/02/25 16:18:26.502, 0, NVIDIA A10G, 0 %, 0 %, 2049 MiB, 23028 MiB
2026/02/25 16:18:26.503, 1, NVIDIA A10G, 0 %, 0 %, 0 MiB, 23028 MiB
2026/02/25 16:18:26.503, 2, NVIDIA A10G, 0 %, 0 %, 0 MiB, 23028 MiB
2026/02/25 16:18:26.503, 3, NVIDIA A10G, 0 %, 0 %, 0 MiB, 23028 MiB
2026/02/25 16:18:27.503, 0, NVIDIA A10G, 0 %, 0 %, 2049 MiB, 23028 MiB
2026/02/25 16:18:27.503, 1, NVIDIA A10G, 0 %, 0 %, 0 MiB, 23028 MiB
2026/02/25 16:18:27.503, 2, NVIDIA A10G, 0 %, 0 %, 0 MiB, 23028 MiB
2026/02/25 16:18:27.503, 3, NVIDIA A10G, 0 %, 0 %, 0 MiB, 23028 MiB
2026/02/25 16:18:28.503, 0, NVIDIA A10G, 0 %, 0 %, 2049 MiB, 23028 MiB
2026/02/25 16:18:28.503, 1, NVIDIA A10G, 0 %, 0 %, 0 MiB, 23028 MiB
2026/02/25 16:18:28.503, 2, NVIDIA A10G, 0 %, 0 %, 0 MiB, 23028 MiB
2026/02/25 16:18:28.503, 3, NVIDIA A10G, 0 %, 0 %, 0 MiB, 23028 MiB
2026/02/25 16:18:29.504, 0, NVIDIA A10G, 0 %, 0 %, 2049 MiB, 23028 MiB
2026/02/25 16:18:29.504, 1, NVIDIA A10G, 0 %, 0 %, 0 MiB, 23028 MiB
2026/02/25 16:18:29.504, 2, NVIDIA A10G, 0 %, 0 %, 0 MiB, 23028 MiB
2026/02/25 16:18:29.504, 3, NVIDIA A10G, 0 %, 0 %, 0 MiB, 23028 MiB
2026/02/25 16:18:30.504, 0, NVIDIA A10G, 0 %, 0 %, 2049 MiB, 23028 MiB
2026/02/25 16:18:30.504, 1, NVIDIA A10G, 0 %, 0 %, 0 MiB, 23028 MiB
2026/02/25 16:18:30.504, 2, NVIDIA A10G, 0 %, 0 %, 0 MiB, 23028 MiB
2026/02/25 16:18:30.504, 3, NVIDIA A10G, 0 %, 0 %, 0 MiB, 23028 MiB
2026/02/25 16:18:31.504, 0, NVIDIA A10G, 0 %, 0 %, 2049 MiB, 23028 MiB
2026/02/25 16:18:31.504, 1, NVIDIA A10G, 0 %, 0 %, 0 MiB, 23028 MiB
2026/02/25 16:18:31.504, 2, NVIDIA A10G, 0 %, 0 %, 0 MiB, 23028 MiB
2026/02/25 16:18:31.504, 3, NVIDIA A10G, 0 %, 0 %, 0 MiB, 23028 MiB
2026/02/25 16:18:32.504, 0, NVIDIA A10G, 0 %, 0 %, 2049 MiB, 23028 MiB
2026/02/25 16:18:32.504, 1, NVIDIA A10G, 0 %, 0 %, 0 MiB, 23028 MiB
2026/02/25 16:18:32.504, 2, NVIDIA A10G, 0 %, 0 %, 0 MiB, 23028 MiB
2026/02/25 16:18:32.505, 3, NVIDIA A10G, 0 %, 0 %, 0 MiB, 23028 MiB
2026/02/25 16:18:33.505, 0, NVIDIA A10G, 22 %, 7 %, 2049 MiB, 23028 MiB
2026/02/25 16:18:33.505, 1, NVIDIA A10G, 0 %, 0 %, 0 MiB, 23028 MiB
2026/02/25 16:18:33.505, 2, NVIDIA A10G, 0 %, 0 %, 0 MiB, 23028 MiB
2026/02/25 16:18:33.505, 3, NVIDIA A10G, 0 %, 0 %, 0 MiB, 23028 MiB
2026/02/25 16:18:34.505, 0, NVIDIA A10G, 20 %, 6 %, 2049 MiB, 23028 MiB
2026/02/25 16:18:34.505, 1, NVIDIA A10G, 0 %, 0 %, 0 MiB, 23028 MiB
2026/02/25 16:18:34.505, 2, NVIDIA A10G, 0 %, 0 %, 0 MiB, 23028 MiB
2026/02/25 16:18:34.505, 3, NVIDIA A10G, 0 %, 0 %, 0 MiB, 23028 MiB
2026/02/25 16:18:35.505, 0, NVIDIA A10G, 23 %, 8 %, 2049 MiB, 23028 MiB
2026/02/25 16:18:35.505, 1, NVIDIA A10G, 0 %, 0 %, 0 MiB, 23028 MiB
2026/02/25 16:18:35.505, 2, NVIDIA A10G, 0 %, 0 %, 0 MiB, 23028 MiB
2026/02/25 16:18:35.505, 3, NVIDIA A10G, 0 %, 0 %, 0 MiB, 23028 MiB
2026/02/25 16:18:36.506, 0, NVIDIA A10G, 22 %, 8 %, 2049 MiB, 23028 MiB
2026/02/25 16:18:36.506, 1, NVIDIA A10G, 0 %, 0 %, 0 MiB, 23028 MiB
2026/02/25 16:18:36.506, 2, NVIDIA A10G, 0 %, 0 %, 0 MiB, 23028 MiB
2026/02/25 16:18:36.506, 3, NVIDIA A10G, 0 %, 0 %, 0 MiB, 23028 MiB
2026/02/25 16:18:37.506, 0, NVIDIA A10G, 22 %, 8 %, 2049 MiB, 23028 MiB
2026/02/25 16:18:37.506, 1, NVIDIA A10G, 0 %, 0 %, 0 MiB, 23028 MiB
2026/02/25 16:18:37.506, 2, NVIDIA A10G, 0 %, 0 %, 0 MiB, 23028 MiB
2026/02/25 16:18:37.506, 3, NVIDIA A10G, 0 %, 0 %, 0 MiB, 23028 MiB
2026/02/25 16:18:38.506, 0, NVIDIA A10G, 20 %, 6 %, 2049 MiB, 23028 MiB
2026/02/25 16:18:38.506, 1, NVIDIA A10G, 0 %, 0 %, 0 MiB, 23028 MiB
2026/02/25 16:18:38.506, 2, NVIDIA A10G, 0 %, 0 %, 0 MiB, 23028 MiB
2026/02/25 16:18:38.506, 3, NVIDIA A10G, 0 %, 0 %, 0 MiB, 23028 MiB
2026/02/25 16:18:39.507, 0, NVIDIA A10G, 22 %, 8 %, 2049 MiB, 23028 MiB
2026/02/25 16:18:39.507, 1, NVIDIA A10G, 0 %, 0 %, 0 MiB, 23028 MiB
2026/02/25 16:18:39.507, 2, NVIDIA A10G, 0 %, 0 %, 0 MiB, 23028 MiB
2026/02/25 16:18:39.507, 3, NVIDIA A10G, 0 %, 0 %, 0 MiB, 23028 MiB
2026/02/25 16:18:40.507, 0, NVIDIA A10G, 23 %, 8 %, 2049 MiB, 23028 MiB
2026/02/25 16:18:40.507, 1, NVIDIA A10G, 0 %, 0 %, 0 MiB, 23028 MiB
2026/02/25 16:18:40.507, 2, NVIDIA A10G, 0 %, 0 %, 0 MiB, 23028 MiB
2026/02/25 16:18:40.507, 3, NVIDIA A10G, 0 %, 0 %, 0 MiB, 23028 MiB
2026/02/25 16:18:41.507, 0, NVIDIA A10G, 14 %, 4 %, 2049 MiB, 23028 MiB
2026/02/25 16:18:41.507, 1, NVIDIA A10G, 0 %, 0 %, 0 MiB, 23028 MiB
2026/02/25 16:18:41.507, 2, NVIDIA A10G, 0 %, 0 %, 0 MiB, 23028 MiB
2026/02/25 16:18:41.508, 3, NVIDIA A10G, 0 %, 0 %, 0 MiB, 23028 MiB
2026/02/25 16:18:42.508, 0, NVIDIA A10G, 0 %, 0 %, 2049 MiB, 23028 MiB
2026/02/25 16:18:42.508, 1, NVIDIA A10G, 0 %, 0 %, 0 MiB, 23028 MiB
2026/02/25 16:18:42.508, 2, NVIDIA A10G, 0 %, 0 %, 0 MiB, 23028 MiB
2026/02/25 16:18:42.508, 3, NVIDIA A10G, 0 %, 0 %, 0 MiB, 23028 MiB
2026/02/25 16:18:43.508, 0, NVIDIA A10G, 0 %, 0 %, 2049 MiB, 23028 MiB
2026/02/25 16:18:43.508, 1, NVIDIA A10G, 0 %, 0 %, 0 MiB, 23028 MiB
2026/02/25 16:18:43.508, 2, NVIDIA A10G, 0 %, 0 %, 0 MiB, 23028 MiB
2026/02/25 16:18:43.508, 3, NVIDIA A10G, 0 %, 0 %, 0 MiB, 23028 MiB
2026/02/25 16:18:44.509, 0, NVIDIA A10G, 0 %, 0 %, 2049 MiB, 23028 MiB
2026/02/25 16:18:44.509, 1, NVIDIA A10G, 0 %, 0 %, 0 MiB, 23028 MiB
2026/02/25 16:18:44.509, 2, NVIDIA A10G, 0 %, 0 %, 0 MiB, 23028 MiB
2026/02/25 16:18:44.509, 3, NVIDIA A10G, 0 %, 0 %, 0 MiB, 23028 MiB
2026/02/25 16:18:45.509, 0, NVIDIA A10G, 0 %, 0 %, 2049 MiB, 23028 MiB
2026/02/25 16:18:45.509, 1, NVIDIA A10G, 0 %, 0 %, 0 MiB, 23028 MiB
2026/02/25 16:18:45.509, 2, NVIDIA A10G, 0 %, 0 %, 0 MiB, 23028 MiB
2026/02/25 16:18:45.509, 3, NVIDIA A10G, 0 %, 0 %, 0 MiB, 23028 MiB
2026/02/25 16:18:46.509, 0, NVIDIA A10G, 24 %, 8 %, 2049 MiB, 23028 MiB
2026/02/25 16:18:46.509, 1, NVIDIA A10G, 0 %, 0 %, 0 MiB, 23028 MiB
2026/02/25 16:18:46.509, 2, NVIDIA A10G, 0 %, 0 %, 0 MiB, 23028 MiB
2026/02/25 16:18:46.510, 3, NVIDIA A10G, 0 %, 0 %, 0 MiB, 23028 MiB
2026/02/25 16:18:47.510, 0, NVIDIA A10G, 22 %, 8 %, 2049 MiB, 23028 MiB
2026/02/25 16:18:47.510, 1, NVIDIA A10G, 0 %, 0 %, 0 MiB, 23028 MiB
2026/02/25 16:18:47.510, 2, NVIDIA A10G, 0 %, 0 %, 0 MiB, 23028 MiB
2026/02/25 16:18:47.510, 3, NVIDIA A10G, 0 %, 0 %, 0 MiB, 23028 MiB
2026/02/25 16:18:48.510, 0, NVIDIA A10G, 22 %, 8 %, 2049 MiB, 23028 MiB
2026/02/25 16:18:48.510, 1, NVIDIA A10G, 0 %, 0 %, 0 MiB, 23028 MiB
2026/02/25 16:18:48.510, 2, NVIDIA A10G, 0 %, 0 %, 0 MiB, 23028 MiB
2026/02/25 16:18:48.510, 3, NVIDIA A10G, 0 %, 0 %, 0 MiB, 23028 MiB
2026/02/25 16:18:49.510, 0, NVIDIA A10G, 24 %, 8 %, 2049 MiB, 23028 MiB
2026/02/25 16:18:49.510, 1, NVIDIA A10G, 0 %, 0 %, 0 MiB, 23028 MiB
2026/02/25 16:18:49.510, 2, NVIDIA A10G, 0 %, 0 %, 0 MiB, 23028 MiB
2026/02/25 16:18:49.510, 3, NVIDIA A10G, 0 %, 0 %, 0 MiB, 23028 MiB
2026/02/25 16:18:50.511, 0, NVIDIA A10G, 22 %, 7 %, 2049 MiB, 23028 MiB
2026/02/25 16:18:50.511, 1, NVIDIA A10G, 0 %, 0 %, 0 MiB, 23028 MiB
2026/02/25 16:18:50.511, 2, NVIDIA A10G, 0 %, 0 %, 0 MiB, 23028 MiB
2026/02/25 16:18:50.511, 3, NVIDIA A10G, 0 %, 0 %, 0 MiB, 23028 MiB
2026/02/25 16:18:51.511, 0, NVIDIA A10G, 0 %, 0 %, 2049 MiB, 23028 MiB
2026/02/25 16:18:51.511, 1, NVIDIA A10G, 0 %, 0 %, 0 MiB, 23028 MiB
2026/02/25 16:18:51.511, 2, NVIDIA A10G, 0 %, 0 %, 0 MiB, 23028 MiB
2026/02/25 16:18:51.511, 3, NVIDIA A10G, 0 %, 0 %, 0 MiB, 23028 MiB
2026/02/25 16:18:52.511, 0, NVIDIA A10G, 0 %, 0 %, 2049 MiB, 23028 MiB
2026/02/25 16:18:52.511, 1, NVIDIA A10G, 0 %, 0 %, 0 MiB, 23028 MiB
2026/02/25 16:18:52.511, 2, NVIDIA A10G, 0 %, 0 %, 0 MiB, 23028 MiB
2026/02/25 16:18:52.511, 3, NVIDIA A10G, 0 %, 0 %, 0 MiB, 23028 MiB
2026/02/25 16:18:53.511, 0, NVIDIA A10G, 0 %, 0 %, 2049 MiB, 23028 MiB
2026/02/25 16:18:53.511, 1, NVIDIA A10G, 0 %, 0 %, 0 MiB, 23028 MiB
2026/02/25 16:18:53.512, 2, NVIDIA A10G, 0 %, 0 %, 0 MiB, 23028 MiB
2026/02/25 16:18:53.512, 3, NVIDIA A10G, 0 %, 0 %, 0 MiB, 23028 MiB
2026/02/25 16:18:54.512, 0, NVIDIA A10G, 0 %, 0 %, 2049 MiB, 23028 MiB
2026/02/25 16:18:54.512, 1, NVIDIA A10G, 0 %, 0 %, 0 MiB, 23028 MiB
2026/02/25 16:18:54.512, 2, NVIDIA A10G, 0 %, 0 %, 0 MiB, 23028 MiB
2026/02/25 16:18:54.512, 3, NVIDIA A10G, 0 %, 0 %, 0 MiB, 23028 MiB
2026/02/25 16:18:55.512, 0, NVIDIA A10G, 0 %, 0 %, 2049 MiB, 23028 MiB
2026/02/25 16:18:55.512, 1, NVIDIA A10G, 0 %, 0 %, 0 MiB, 23028 MiB
2026/02/25 16:18:55.512, 2, NVIDIA A10G, 0 %, 0 %, 0 MiB, 23028 MiB
2026/02/25 16:18:55.512, 3, NVIDIA A10G, 0 %, 0 %, 0 MiB, 23028 MiB
2026/02/25 16:18:56.512, 0, NVIDIA A10G, 0 %, 0 %, 2049 MiB, 23028 MiB
2026/02/25 16:18:56.512, 1, NVIDIA A10G, 0 %, 0 %, 0 MiB, 23028 MiB
2026/02/25 16:18:56.512, 2, NVIDIA A10G, 0 %, 0 %, 0 MiB, 23028 MiB
2026/02/25 16:18:56.513, 3, NVIDIA A10G, 0 %, 0 %, 0 MiB, 23028 MiB
2026/02/25 16:18:57.513, 0, NVIDIA A10G, 0 %, 0 %, 2049 MiB, 23028 MiB
2026/02/25 16:18:57.513, 1, NVIDIA A10G, 0 %, 0 %, 0 MiB, 23028 MiB
2026/02/25 16:18:57.513, 2, NVIDIA A10G, 0 %, 0 %, 0 MiB, 23028 MiB
2026/02/25 16:18:57.513, 3, NVIDIA A10G, 0 %, 0 %, 0 MiB, 23028 MiB
2026/02/25 16:18:58.513, 0, NVIDIA A10G, 0 %, 0 %, 2049 MiB, 23028 MiB
2026/02/25 16:18:58.513, 1, NVIDIA A10G, 0 %, 0 %, 0 MiB, 23028 MiB
2026/02/25 16:18:58.513, 2, NVIDIA A10G, 0 %, 0 %, 0 MiB, 23028 MiB
2026/02/25 16:18:58.513, 3, NVIDIA A10G, 0 %, 0 %, 0 MiB, 23028 MiB
2026/02/25 16:18:59.513, 0, NVIDIA A10G, 0 %, 0 %, 2049 MiB, 23028 MiB
2026/02/25 16:18:59.513, 1, NVIDIA A10G, 0 %, 0 %, 0 MiB, 23028 MiB
2026/02/25 16:18:59.513, 2, NVIDIA A10G, 0 %, 0 %, 0 MiB, 23028 MiB
2026/02/25 16:18:59.513, 3, NVIDIA A10G, 0 %, 0 %, 0 MiB, 23028 MiB
2026/02/25 16:19:00.513, 0, NVIDIA A10G, 0 %, 0 %, 2049 MiB, 23028 MiB
2026/02/25 16:19:00.513, 1, NVIDIA A10G, 0 %, 0 %, 0 MiB, 23028 MiB
2026/02/25 16:19:00.514, 2, NVIDIA A10G, 0 %, 0 %, 0 MiB, 23028 MiB
2026/02/25 16:19:00.514, 3, NVIDIA A10G, 0 %, 0 %, 0 MiB, 23028 MiB
2026/02/25 16:19:01.514, 0, NVIDIA A10G, 0 %, 0 %, 2049 MiB, 23028 MiB
2026/02/25 16:19:01.514, 1, NVIDIA A10G, 0 %, 0 %, 0 MiB, 23028 MiB
2026/02/25 16:19:01.514, 2, NVIDIA A10G, 0 %, 0 %, 0 MiB, 23028 MiB
2026/02/25 16:19:01.514, 3, NVIDIA A10G, 0 %, 0 %, 0 MiB, 23028 MiB
2026/02/25 16:19:02.514, 0, NVIDIA A10G, 0 %, 0 %, 2049 MiB, 23028 MiB
2026/02/25 16:19:02.514, 1, NVIDIA A10G, 0 %, 0 %, 0 MiB, 23028 MiB
2026/02/25 16:19:02.514, 2, NVIDIA A10G, 0 %, 0 %, 0 MiB, 23028 MiB
2026/02/25 16:19:02.514, 3, NVIDIA A10G, 0 %, 0 %, 0 MiB, 23028 MiB
2026/02/25 16:19:03.514, 0, NVIDIA A10G, 21 %, 7 %, 2049 MiB, 23028 MiB
2026/02/25 16:19:03.514, 1, NVIDIA A10G, 0 %, 0 %, 0 MiB, 23028 MiB
2026/02/25 16:19:03.515, 2, NVIDIA A10G, 0 %, 0 %, 0 MiB, 23028 MiB
2026/02/25 16:19:03.515, 3, NVIDIA A10G, 0 %, 0 %, 0 MiB, 23028 MiB
2026/02/25 16:19:04.515, 0, NVIDIA A10G, 22 %, 7 %, 2049 MiB, 23028 MiB
2026/02/25 16:19:04.515, 1, NVIDIA A10G, 0 %, 0 %, 0 MiB, 23028 MiB
2026/02/25 16:19:04.515, 2, NVIDIA A10G, 0 %, 0 %, 0 MiB, 23028 MiB
2026/02/25 16:19:04.515, 3, NVIDIA A10G, 0 %, 0 %, 0 MiB, 23028 MiB
2026/02/25 16:19:05.515, 0, NVIDIA A10G, 22 %, 7 %, 2049 MiB, 23028 MiB
2026/02/25 16:19:05.515, 1, NVIDIA A10G, 0 %, 0 %, 0 MiB, 23028 MiB
2026/02/25 16:19:05.515, 2, NVIDIA A10G, 0 %, 0 %, 0 MiB, 23028 MiB
2026/02/25 16:19:05.515, 3, NVIDIA A10G, 0 %, 0 %, 0 MiB, 23028 MiB
2026/02/25 16:19:06.515, 0, NVIDIA A10G, 23 %, 7 %, 2049 MiB, 23028 MiB
2026/02/25 16:19:06.516, 1, NVIDIA A10G, 0 %, 0 %, 0 MiB, 23028 MiB
2026/02/25 16:19:06.516, 2, NVIDIA A10G, 0 %, 0 %, 0 MiB, 23028 MiB
2026/02/25 16:19:06.516, 3, NVIDIA A10G, 0 %, 0 %, 0 MiB, 23028 MiB
2026/02/25 16:19:07.516, 0, NVIDIA A10G, 23 %, 8 %, 2049 MiB, 23028 MiB
2026/02/25 16:19:07.516, 1, NVIDIA A10G, 0 %, 0 %, 0 MiB, 23028 MiB
2026/02/25 16:19:07.516, 2, NVIDIA A10G, 0 %, 0 %, 0 MiB, 23028 MiB
2026/02/25 16:19:07.516, 3, NVIDIA A10G, 0 %, 0 %, 0 MiB, 23028 MiB
2026/02/25 16:19:08.516, 0, NVIDIA A10G, 19 %, 7 %, 2049 MiB, 23028 MiB
2026/02/25 16:19:08.516, 1, NVIDIA A10G, 0 %, 0 %, 0 MiB, 23028 MiB
2026/02/25 16:19:08.516, 2, NVIDIA A10G, 0 %, 0 %, 0 MiB, 23028 MiB
2026/02/25 16:19:08.516, 3, NVIDIA A10G, 0 %, 0 %, 0 MiB, 23028 MiB
2026/02/25 16:19:09.517, 0, NVIDIA A10G, 23 %, 8 %, 2049 MiB, 23028 MiB
2026/02/25 16:19:09.517, 1, NVIDIA A10G, 0 %, 0 %, 0 MiB, 23028 MiB
2026/02/25 16:19:09.517, 2, NVIDIA A10G, 0 %, 0 %, 0 MiB, 23028 MiB
2026/02/25 16:19:09.517, 3, NVIDIA A10G, 0 %, 0 %, 0 MiB, 23028 MiB
2026/02/25 16:19:10.517, 0, NVIDIA A10G, 20 %, 7 %, 2049 MiB, 23028 MiB
2026/02/25 16:19:10.517, 1, NVIDIA A10G, 0 %, 0 %, 0 MiB, 23028 MiB
2026/02/25 16:19:10.517, 2, NVIDIA A10G, 0 %, 0 %, 0 MiB, 23028 MiB
2026/02/25 16:19:10.517, 3, NVIDIA A10G, 0 %, 0 %, 0 MiB, 23028 MiB
2026/02/25 16:19:11.517, 0, NVIDIA A10G, 22 %, 7 %, 2049 MiB, 23028 MiB
2026/02/25 16:19:11.518, 1, NVIDIA A10G, 0 %, 0 %, 0 MiB, 23028 MiB
2026/02/25 16:19:11.518, 2, NVIDIA A10G, 0 %, 0 %, 0 MiB, 23028 MiB
2026/02/25 16:19:11.518, 3, NVIDIA A10G, 0 %, 0 %, 0 MiB, 23028 MiB
2026/02/25 16:19:12.518, 0, NVIDIA A10G, 22 %, 8 %, 2049 MiB, 23028 MiB
2026/02/25 16:19:12.518, 1, NVIDIA A10G, 0 %, 0 %, 0 MiB, 23028 MiB
2026/02/25 16:19:12.518, 2, NVIDIA A10G, 0 %, 0 %, 0 MiB, 23028 MiB
2026/02/25 16:19:12.518, 3, NVIDIA A10G, 0 %, 0 %, 0 MiB, 23028 MiB
2026/02/25 16:19:13.518, 0, NVIDIA A10G, 23 %, 8 %, 2049 MiB, 23028 MiB
2026/02/25 16:19:13.518, 1, NVIDIA A10G, 0 %, 0 %, 0 MiB, 23028 MiB
2026/02/25 16:19:13.518, 2, NVIDIA A10G, 0 %, 0 %, 0 MiB, 23028 MiB
2026/02/25 16:19:13.518, 3, NVIDIA A10G, 0 %, 0 %, 0 MiB, 23028 MiB
2026/02/25 16:19:14.518, 0, NVIDIA A10G, 20 %, 7 %, 2049 MiB, 23028 MiB
2026/02/25 16:19:14.519, 1, NVIDIA A10G, 0 %, 0 %, 0 MiB, 23028 MiB
2026/02/25 16:19:14.519, 2, NVIDIA A10G, 0 %, 0 %, 0 MiB, 23028 MiB
2026/02/25 16:19:14.519, 3, NVIDIA A10G, 0 %, 0 %, 0 MiB, 23028 MiB
2026/02/25 16:19:15.519, 0, NVIDIA A10G, 22 %, 7 %, 2049 MiB, 23028 MiB
2026/02/25 16:19:15.519, 1, NVIDIA A10G, 0 %, 0 %, 0 MiB, 23028 MiB
2026/02/25 16:19:15.519, 2, NVIDIA A10G, 0 %, 0 %, 0 MiB, 23028 MiB
2026/02/25 16:19:15.519, 3, NVIDIA A10G, 0 %, 0 %, 0 MiB, 23028 MiB
2026/02/25 16:19:16.519, 0, NVIDIA A10G, 23 %, 8 %, 2049 MiB, 23028 MiB
2026/02/25 16:19:16.519, 1, NVIDIA A10G, 0 %, 0 %, 0 MiB, 23028 MiB
2026/02/25 16:19:16.519, 2, NVIDIA A10G, 0 %, 0 %, 0 MiB, 23028 MiB
2026/02/25 16:19:16.519, 3, NVIDIA A10G, 0 %, 0 %, 0 MiB, 23028 MiB
2026/02/25 16:19:17.520, 0, NVIDIA A10G, 0 %, 0 %, 2049 MiB, 23028 MiB
2026/02/25 16:19:17.520, 1, NVIDIA A10G, 0 %, 0 %, 0 MiB, 23028 MiB
2026/02/25 16:19:17.520, 2, NVIDIA A10G, 0 %, 0 %, 0 MiB, 23028 MiB
2026/02/25 16:19:17.520, 3, NVIDIA A10G, 0 %, 0 %, 0 MiB, 23028 MiB
2026/02/25 16:19:18.520, 0, NVIDIA A10G, 0 %, 0 %, 2049 MiB, 23028 MiB
2026/02/25 16:19:18.520, 1, NVIDIA A10G, 0 %, 0 %, 0 MiB, 23028 MiB
2026/02/25 16:19:18.520, 2, NVIDIA A10G, 0 %, 0 %, 0 MiB, 23028 MiB
2026/02/25 16:19:18.520, 3, NVIDIA A10G, 0 %, 0 %, 0 MiB, 23028 MiB
2026/02/25 16:19:19.520, 0, NVIDIA A10G, 0 %, 0 %, 2049 MiB, 23028 MiB
2026/02/25 16:19:19.520, 1, NVIDIA A10G, 0 %, 0 %, 0 MiB, 23028 MiB
2026/02/25 16:19:19.520, 2, NVIDIA A10G, 0 %, 0 %, 0 MiB, 23028 MiB
2026/02/25 16:19:19.521, 3, NVIDIA A10G, 0 %, 0 %, 0 MiB, 23028 MiB
2026/02/25 16:19:20.521, 0, NVIDIA A10G, 0 %, 0 %, 2049 MiB, 23028 MiB
2026/02/25 16:19:20.521, 1, NVIDIA A10G, 0 %, 0 %, 0 MiB, 23028 MiB
2026/02/25 16:19:20.521, 2, NVIDIA A10G, 0 %, 0 %, 0 MiB, 23028 MiB
2026/02/25 16:19:20.521, 3, NVIDIA A10G, 0 %, 0 %, 0 MiB, 23028 MiB
2026/02/25 16:19:21.521, 0, NVIDIA A10G, 0 %, 0 %, 2049 MiB, 23028 MiB
2026/02/25 16:19:21.521, 1, NVIDIA A10G, 0 %, 0 %, 0 MiB, 23028 MiB
2026/02/25 16:19:21.521, 2, NVIDIA A10G, 0 %, 0 %, 0 MiB, 23028 MiB
2026/02/25 16:19:21.521, 3, NVIDIA A10G, 0 %, 0 %, 0 MiB, 23028 MiB
2026/02/25 16:19:22.521, 0, NVIDIA A10G, 0 %, 0 %, 2049 MiB, 23028 MiB
2026/02/25 16:19:22.521, 1, NVIDIA A10G, 0 %, 0 %, 0 MiB, 23028 MiB
2026/02/25 16:19:22.521, 2, NVIDIA A10G, 0 %, 0 %, 0 MiB, 23028 MiB
2026/02/25 16:19:22.521, 3, NVIDIA A10G, 0 %, 0 %, 0 MiB, 23028 MiB
2026/02/25 16:19:23.522, 0, NVIDIA A10G, 0 %, 0 %, 2049 MiB, 23028 MiB
2026/02/25 16:19:23.522, 1, NVIDIA A10G, 0 %, 0 %, 0 MiB, 23028 MiB
2026/02/25 16:19:23.522, 2, NVIDIA A10G, 0 %, 0 %, 0 MiB, 23028 MiB
2026/02/25 16:19:23.522, 3, NVIDIA A10G, 0 %, 0 %, 0 MiB, 23028 MiB
2026/02/25 16:19:24.522, 0, NVIDIA A10G, 0 %, 0 %, 2049 MiB, 23028 MiB
2026/02/25 16:19:24.522, 1, NVIDIA A10G, 0 %, 0 %, 0 MiB, 23028 MiB
2026/02/25 16:19:24.522, 2, NVIDIA A10G, 0 %, 0 %, 0 MiB, 23028 MiB
2026/02/25 16:19:24.522, 3, NVIDIA A10G, 0 %, 0 %, 0 MiB, 23028 MiB
2026/02/25 16:19:25.522, 0, NVIDIA A10G, 0 %, 0 %, 2049 MiB, 23028 MiB
2026/02/25 16:19:25.522, 1, NVIDIA A10G, 0 %, 0 %, 0 MiB, 23028 MiB
2026/02/25 16:19:25.522, 2, NVIDIA A10G, 0 %, 0 %, 0 MiB, 23028 MiB
2026/02/25 16:19:25.522, 3, NVIDIA A10G, 0 %, 0 %, 0 MiB, 23028 MiB
2026/02/25 16:19:26.522, 0, NVIDIA A10G, 0 %, 0 %, 2049 MiB, 23028 MiB
2026/02/25 16:19:26.523, 1, NVIDIA A10G, 0 %, 0 %, 0 MiB, 23028 MiB
2026/02/25 16:19:26.523, 2, NVIDIA A10G, 0 %, 0 %, 0 MiB, 23028 MiB
2026/02/25 16:19:26.523, 3, NVIDIA A10G, 0 %, 0 %, 0 MiB, 23028 MiB
2026/02/25 16:19:27.523, 0, NVIDIA A10G, 0 %, 0 %, 2049 MiB, 23028 MiB
2026/02/25 16:19:27.523, 1, NVIDIA A10G, 0 %, 0 %, 0 MiB, 23028 MiB
2026/02/25 16:19:27.523, 2, NVIDIA A10G, 0 %, 0 %, 0 MiB, 23028 MiB
2026/02/25 16:19:27.523, 3, NVIDIA A10G, 0 %, 0 %, 0 MiB, 23028 MiB
2026/02/25 16:19:28.523, 0, NVIDIA A10G, 0 %, 0 %, 2049 MiB, 23028 MiB
2026/02/25 16:19:28.523, 1, NVIDIA A10G, 0 %, 0 %, 0 MiB, 23028 MiB
2026/02/25 16:19:28.523, 2, NVIDIA A10G, 0 %, 0 %, 0 MiB, 23028 MiB
2026/02/25 16:19:28.523, 3, NVIDIA A10G, 0 %, 0 %, 0 MiB, 23028 MiB
2026/02/25 16:19:29.523, 0, NVIDIA A10G, 24 %, 9 %, 2049 MiB, 23028 MiB
2026/02/25 16:19:29.523, 1, NVIDIA A10G, 0 %, 0 %, 0 MiB, 23028 MiB
2026/02/25 16:19:29.524, 2, NVIDIA A10G, 0 %, 0 %, 0 MiB, 23028 MiB
2026/02/25 16:19:29.524, 3, NVIDIA A10G, 0 %, 0 %, 0 MiB, 23028 MiB
2026/02/25 16:19:30.524, 0, NVIDIA A10G, 23 %, 8 %, 2049 MiB, 23028 MiB
2026/02/25 16:19:30.524, 1, NVIDIA A10G, 0 %, 0 %, 0 MiB, 23028 MiB
2026/02/25 16:19:30.524, 2, NVIDIA A10G, 0 %, 0 %, 0 MiB, 23028 MiB
2026/02/25 16:19:30.524, 3, NVIDIA A10G, 0 %, 0 %, 0 MiB, 23028 MiB
2026/02/25 16:19:31.524, 0, NVIDIA A10G, 23 %, 8 %, 2049 MiB, 23028 MiB
2026/02/25 16:19:31.524, 1, NVIDIA A10G, 0 %, 0 %, 0 MiB, 23028 MiB
2026/02/25 16:19:31.524, 2, NVIDIA A10G, 0 %, 0 %, 0 MiB, 23028 MiB
2026/02/25 16:19:31.524, 3, NVIDIA A10G, 0 %, 0 %, 0 MiB, 23028 MiB
2026/02/25 16:19:32.524, 0, NVIDIA A10G, 22 %, 8 %, 2049 MiB, 23028 MiB
2026/02/25 16:19:32.525, 1, NVIDIA A10G, 0 %, 0 %, 0 MiB, 23028 MiB
2026/02/25 16:19:32.525, 2, NVIDIA A10G, 0 %, 0 %, 0 MiB, 23028 MiB
2026/02/25 16:19:32.525, 3, NVIDIA A10G, 0 %, 0 %, 0 MiB, 23028 MiB
2026/02/25 16:19:33.525, 0, NVIDIA A10G, 22 %, 8 %, 2049 MiB, 23028 MiB
2026/02/25 16:19:33.525, 1, NVIDIA A10G, 0 %, 0 %, 0 MiB, 23028 MiB
2026/02/25 16:19:33.525, 2, NVIDIA A10G, 0 %, 0 %, 0 MiB, 23028 MiB
2026/02/25 16:19:33.525, 3, NVIDIA A10G, 0 %, 0 %, 0 MiB, 23028 MiB
2026/02/25 16:19:34.525, 0, NVIDIA A10G, 21 %, 7 %, 2049 MiB, 23028 MiB
2026/02/25 16:19:34.525, 1, NVIDIA A10G, 0 %, 0 %, 0 MiB, 23028 MiB
2026/02/25 16:19:34.525, 2, NVIDIA A10G, 0 %, 0 %, 0 MiB, 23028 MiB
2026/02/25 16:19:34.525, 3, NVIDIA A10G, 0 %, 0 %, 0 MiB, 23028 MiB
2026/02/25 16:19:35.525, 0, NVIDIA A10G, 23 %, 8 %, 2049 MiB, 23028 MiB
2026/02/25 16:19:35.525, 1, NVIDIA A10G, 0 %, 0 %, 0 MiB, 23028 MiB
2026/02/25 16:19:35.525, 2, NVIDIA A10G, 0 %, 0 %, 0 MiB, 23028 MiB
2026/02/25 16:19:35.526, 3, NVIDIA A10G, 0 %, 0 %, 0 MiB, 23028 MiB
2026/02/25 16:19:36.526, 0, NVIDIA A10G, 23 %, 8 %, 2049 MiB, 23028 MiB
2026/02/25 16:19:36.526, 1, NVIDIA A10G, 0 %, 0 %, 0 MiB, 23028 MiB
2026/02/25 16:19:36.526, 2, NVIDIA A10G, 0 %, 0 %, 0 MiB, 23028 MiB
2026/02/25 16:19:36.526, 3, NVIDIA A10G, 0 %, 0 %, 0 MiB, 23028 MiB
2026/02/25 16:19:37.526, 0, NVIDIA A10G, 24 %, 9 %, 2049 MiB, 23028 MiB
2026/02/25 16:19:37.526, 1, NVIDIA A10G, 0 %, 0 %, 0 MiB, 23028 MiB
2026/02/25 16:19:37.526, 2, NVIDIA A10G, 0 %, 0 %, 0 MiB, 23028 MiB
2026/02/25 16:19:37.526, 3, NVIDIA A10G, 0 %, 0 %, 0 MiB, 23028 MiB
2026/02/25 16:19:38.526, 0, NVIDIA A10G, 21 %, 7 %, 2049 MiB, 23028 MiB
2026/02/25 16:19:38.526, 1, NVIDIA A10G, 0 %, 0 %, 0 MiB, 23028 MiB
2026/02/25 16:19:38.526, 2, NVIDIA A10G, 0 %, 0 %, 0 MiB, 23028 MiB
2026/02/25 16:19:38.527, 3, NVIDIA A10G, 0 %, 0 %, 0 MiB, 23028 MiB
2026/02/25 16:19:39.527, 0, NVIDIA A10G, 15 %, 5 %, 2049 MiB, 23028 MiB
2026/02/25 16:19:39.527, 1, NVIDIA A10G, 0 %, 0 %, 0 MiB, 23028 MiB
2026/02/25 16:19:39.527, 2, NVIDIA A10G, 0 %, 0 %, 0 MiB, 23028 MiB
2026/02/25 16:19:39.527, 3, NVIDIA A10G, 0 %, 0 %, 0 MiB, 23028 MiB
2026/02/25 16:19:40.527, 0, NVIDIA A10G, 0 %, 0 %, 2049 MiB, 23028 MiB
2026/02/25 16:19:40.527, 1, NVIDIA A10G, 0 %, 0 %, 0 MiB, 23028 MiB
2026/02/25 16:19:40.527, 2, NVIDIA A10G, 0 %, 0 %, 0 MiB, 23028 MiB
2026/02/25 16:19:40.527, 3, NVIDIA A10G, 0 %, 0 %, 0 MiB, 23028 MiB
2026/02/25 16:19:41.527, 0, NVIDIA A10G, 0 %, 0 %, 2049 MiB, 23028 MiB
2026/02/25 16:19:41.528, 1, NVIDIA A10G, 0 %, 0 %, 0 MiB, 23028 MiB
2026/02/25 16:19:41.528, 2, NVIDIA A10G, 0 %, 0 %, 0 MiB, 23028 MiB
2026/02/25 16:19:41.528, 3, NVIDIA A10G, 0 %, 0 %, 0 MiB, 23028 MiB
2026/02/25 16:19:42.528, 0, NVIDIA A10G, 0 %, 0 %, 2049 MiB, 23028 MiB
2026/02/25 16:19:42.528, 1, NVIDIA A10G, 0 %, 0 %, 0 MiB, 23028 MiB
2026/02/25 16:19:42.528, 2, NVIDIA A10G, 0 %, 0 %, 0 MiB, 23028 MiB
2026/02/25 16:19:42.528, 3, NVIDIA A10G, 0 %, 0 %, 0 MiB, 23028 MiB
2026/02/25 16:19:43.528, 0, NVIDIA A10G, 0 %, 0 %, 2049 MiB, 23028 MiB
2026/02/25 16:19:43.528, 1, NVIDIA A10G, 0 %, 0 %, 0 MiB, 23028 MiB
2026/02/25 16:19:43.528, 2, NVIDIA A10G, 0 %, 0 %, 0 MiB, 23028 MiB
2026/02/25 16:19:43.528, 3, NVIDIA A10G, 0 %, 0 %, 0 MiB, 23028 MiB
2026/02/25 16:19:44.529, 0, NVIDIA A10G, 0 %, 0 %, 2049 MiB, 23028 MiB
2026/02/25 16:19:44.529, 1, NVIDIA A10G, 0 %, 0 %, 0 MiB, 23028 MiB
2026/02/25 16:19:44.529, 2, NVIDIA A10G, 0 %, 0 %, 0 MiB, 23028 MiB
2026/02/25 16:19:44.529, 3, NVIDIA A10G, 0 %, 0 %, 0 MiB, 23028 MiB
2026/02/25 16:19:45.529, 0, NVIDIA A10G, 0 %, 0 %, 2049 MiB, 23028 MiB
2026/02/25 16:19:45.529, 1, NVIDIA A10G, 0 %, 0 %, 0 MiB, 23028 MiB
2026/02/25 16:19:45.529, 2, NVIDIA A10G, 0 %, 0 %, 0 MiB, 23028 MiB
2026/02/25 16:19:45.529, 3, NVIDIA A10G, 0 %, 0 %, 0 MiB, 23028 MiB
2026/02/25 16:19:46.529, 0, NVIDIA A10G, 23 %, 8 %, 2049 MiB, 23028 MiB
2026/02/25 16:19:46.529, 1, NVIDIA A10G, 0 %, 0 %, 0 MiB, 23028 MiB
2026/02/25 16:19:46.530, 2, NVIDIA A10G, 0 %, 0 %, 0 MiB, 23028 MiB
2026/02/25 16:19:46.530, 3, NVIDIA A10G, 0 %, 0 %, 0 MiB, 23028 MiB
2026/02/25 16:19:47.530, 0, NVIDIA A10G, 21 %, 7 %, 2049 MiB, 23028 MiB
2026/02/25 16:19:47.530, 1, NVIDIA A10G, 0 %, 0 %, 0 MiB, 23028 MiB
2026/02/25 16:19:47.530, 2, NVIDIA A10G, 0 %, 0 %, 0 MiB, 23028 MiB
2026/02/25 16:19:47.530, 3, NVIDIA A10G, 0 %, 0 %, 0 MiB, 23028 MiB
2026/02/25 16:19:48.530, 0, NVIDIA A10G, 23 %, 8 %, 2049 MiB, 23028 MiB
2026/02/25 16:19:48.530, 1, NVIDIA A10G, 0 %, 0 %, 0 MiB, 23028 MiB
2026/02/25 16:19:48.530, 2, NVIDIA A10G, 0 %, 0 %, 0 MiB, 23028 MiB
2026/02/25 16:19:48.530, 3, NVIDIA A10G, 0 %, 0 %, 0 MiB, 23028 MiB
2026/02/25 16:19:49.530, 0, NVIDIA A10G, 23 %, 8 %, 2049 MiB, 23028 MiB
2026/02/25 16:19:49.530, 1, NVIDIA A10G, 0 %, 0 %, 0 MiB, 23028 MiB
2026/02/25 16:19:49.530, 2, NVIDIA A10G, 0 %, 0 %, 0 MiB, 23028 MiB
2026/02/25 16:19:49.530, 3, NVIDIA A10G, 0 %, 0 %, 0 MiB, 23028 MiB
2026/02/25 16:19:50.531, 0, NVIDIA A10G, 23 %, 7 %, 2049 MiB, 23028 MiB
2026/02/25 16:19:50.531, 1, NVIDIA A10G, 0 %, 0 %, 0 MiB, 23028 MiB
2026/02/25 16:19:50.531, 2, NVIDIA A10G, 0 %, 0 %, 0 MiB, 23028 MiB
2026/02/25 16:19:50.531, 3, NVIDIA A10G, 0 %, 0 %, 0 MiB, 23028 MiB
2026/02/25 16:19:51.531, 0, NVIDIA A10G, 0 %, 0 %, 2049 MiB, 23028 MiB
2026/02/25 16:19:51.531, 1, NVIDIA A10G, 0 %, 0 %, 0 MiB, 23028 MiB
2026/02/25 16:19:51.531, 2, NVIDIA A10G, 0 %, 0 %, 0 MiB, 23028 MiB
2026/02/25 16:19:51.531, 3, NVIDIA A10G, 0 %, 0 %, 0 MiB, 23028 MiB
2026/02/25 16:19:52.531, 0, NVIDIA A10G, 0 %, 0 %, 2049 MiB, 23028 MiB
2026/02/25 16:19:52.531, 1, NVIDIA A10G, 0 %, 0 %, 0 MiB, 23028 MiB
2026/02/25 16:19:52.531, 2, NVIDIA A10G, 0 %, 0 %, 0 MiB, 23028 MiB
2026/02/25 16:19:52.531, 3, NVIDIA A10G, 0 %, 0 %, 0 MiB, 23028 MiB
2026/02/25 16:19:53.532, 0, NVIDIA A10G, 0 %, 0 %, 2049 MiB, 23028 MiB
2026/02/25 16:19:53.532, 1, NVIDIA A10G, 0 %, 0 %, 0 MiB, 23028 MiB
2026/02/25 16:19:53.532, 2, NVIDIA A10G, 0 %, 0 %, 0 MiB, 23028 MiB
2026/02/25 16:19:53.532, 3, NVIDIA A10G, 0 %, 0 %, 0 MiB, 23028 MiB
2026/02/25 16:19:54.532, 0, NVIDIA A10G, 0 %, 0 %, 2049 MiB, 23028 MiB
2026/02/25 16:19:54.532, 1, NVIDIA A10G, 0 %, 0 %, 0 MiB, 23028 MiB
2026/02/25 16:19:54.532, 2, NVIDIA A10G, 0 %, 0 %, 0 MiB, 23028 MiB
2026/02/25 16:19:54.532, 3, NVIDIA A10G, 0 %, 0 %, 0 MiB, 23028 MiB
2026/02/25 16:19:55.532, 0, NVIDIA A10G, 0 %, 0 %, 2049 MiB, 23028 MiB
2026/02/25 16:19:55.532, 1, NVIDIA A10G, 0 %, 0 %, 0 MiB, 23028 MiB
2026/02/25 16:19:55.532, 2, NVIDIA A10G, 0 %, 0 %, 0 MiB, 23028 MiB
2026/02/25 16:19:55.532, 3, NVIDIA A10G, 0 %, 0 %, 0 MiB, 23028 MiB
2026/02/25 16:19:56.532, 0, NVIDIA A10G, 0 %, 0 %, 2049 MiB, 23028 MiB
2026/02/25 16:19:56.532, 1, NVIDIA A10G, 0 %, 0 %, 0 MiB, 23028 MiB
2026/02/25 16:19:56.532, 2, NVIDIA A10G, 0 %, 0 %, 0 MiB, 23028 MiB
2026/02/25 16:19:56.533, 3, NVIDIA A10G, 0 %, 0 %, 0 MiB, 23028 MiB
2026/02/25 16:19:57.533, 0, NVIDIA A10G, 0 %, 0 %, 2049 MiB, 23028 MiB
2026/02/25 16:19:57.533, 1, NVIDIA A10G, 0 %, 0 %, 0 MiB, 23028 MiB
2026/02/25 16:19:57.533, 2, NVIDIA A10G, 0 %, 0 %, 0 MiB, 23028 MiB
2026/02/25 16:19:57.533, 3, NVIDIA A10G, 0 %, 0 %, 0 MiB, 23028 MiB
2026/02/25 16:19:58.533, 0, NVIDIA A10G, 22 %, 8 %, 2049 MiB, 23028 MiB
2026/02/25 16:19:58.533, 1, NVIDIA A10G, 0 %, 0 %, 0 MiB, 23028 MiB
2026/02/25 16:19:58.533, 2, NVIDIA A10G, 0 %, 0 %, 0 MiB, 23028 MiB
2026/02/25 16:19:58.534, 3, NVIDIA A10G, 0 %, 0 %, 0 MiB, 23028 MiB
2026/02/25 16:19:59.534, 0, NVIDIA A10G, 22 %, 8 %, 2049 MiB, 23028 MiB
2026/02/25 16:19:59.534, 1, NVIDIA A10G, 0 %, 0 %, 0 MiB, 23028 MiB
2026/02/25 16:19:59.534, 2, NVIDIA A10G, 0 %, 0 %, 0 MiB, 23028 MiB
2026/02/25 16:19:59.534, 3, NVIDIA A10G, 0 %, 0 %, 0 MiB, 23028 MiB
2026/02/25 16:20:00.534, 0, NVIDIA A10G, 23 %, 8 %, 2049 MiB, 23028 MiB
2026/02/25 16:20:00.534, 1, NVIDIA A10G, 0 %, 0 %, 0 MiB, 23028 MiB
2026/02/25 16:20:00.534, 2, NVIDIA A10G, 0 %, 0 %, 0 MiB, 23028 MiB
2026/02/25 16:20:00.534, 3, NVIDIA A10G, 0 %, 0 %, 0 MiB, 23028 MiB
2026/02/25 16:20:01.535, 0, NVIDIA A10G, 24 %, 9 %, 2049 MiB, 23028 MiB
2026/02/25 16:20:01.535, 1, NVIDIA A10G, 0 %, 0 %, 0 MiB, 23028 MiB
2026/02/25 16:20:01.535, 2, NVIDIA A10G, 0 %, 0 %, 0 MiB, 23028 MiB
2026/02/25 16:20:01.535, 3, NVIDIA A10G, 0 %, 0 %, 0 MiB, 23028 MiB
2026/02/25 16:20:02.535, 0, NVIDIA A10G, 22 %, 7 %, 2049 MiB, 23028 MiB
2026/02/25 16:20:02.535, 1, NVIDIA A10G, 0 %, 0 %, 0 MiB, 23028 MiB
2026/02/25 16:20:02.535, 2, NVIDIA A10G, 0 %, 0 %, 0 MiB, 23028 MiB
2026/02/25 16:20:02.535, 3, NVIDIA A10G, 0 %, 0 %, 0 MiB, 23028 MiB
2026/02/25 16:20:03.535, 0, NVIDIA A10G, 23 %, 8 %, 2049 MiB, 23028 MiB
2026/02/25 16:20:03.535, 1, NVIDIA A10G, 0 %, 0 %, 0 MiB, 23028 MiB
2026/02/25 16:20:03.535, 2, NVIDIA A10G, 0 %, 0 %, 0 MiB, 23028 MiB
2026/02/25 16:20:03.536, 3, NVIDIA A10G, 0 %, 0 %, 0 MiB, 23028 MiB
2026/02/25 16:20:04.536, 0, NVIDIA A10G, 14 %, 4 %, 2049 MiB, 23028 MiB
2026/02/25 16:20:04.536, 1, NVIDIA A10G, 0 %, 0 %, 0 MiB, 23028 MiB
2026/02/25 16:20:04.536, 2, NVIDIA A10G, 0 %, 0 %, 0 MiB, 23028 MiB
2026/02/25 16:20:04.536, 3, NVIDIA A10G, 0 %, 0 %, 0 MiB, 23028 MiB
2026/02/25 16:20:05.536, 0, NVIDIA A10G, 0 %, 0 %, 2049 MiB, 23028 MiB
2026/02/25 16:20:05.536, 1, NVIDIA A10G, 0 %, 0 %, 0 MiB, 23028 MiB
2026/02/25 16:20:05.536, 2, NVIDIA A10G, 0 %, 0 %, 0 MiB, 23028 MiB
2026/02/25 16:20:05.536, 3, NVIDIA A10G, 0 %, 0 %, 0 MiB, 23028 MiB
2026/02/25 16:20:06.537, 0, NVIDIA A10G, 0 %, 0 %, 2049 MiB, 23028 MiB
2026/02/25 16:20:06.537, 1, NVIDIA A10G, 0 %, 0 %, 0 MiB, 23028 MiB
2026/02/25 16:20:06.537, 2, NVIDIA A10G, 0 %, 0 %, 0 MiB, 23028 MiB
2026/02/25 16:20:06.537, 3, NVIDIA A10G, 0 %, 0 %, 0 MiB, 23028 MiB
2026/02/25 16:20:07.537, 0, NVIDIA A10G, 94 %, 64 %, 2049 MiB, 23028 MiB
2026/02/25 16:20:07.537, 1, NVIDIA A10G, 0 %, 0 %, 0 MiB, 23028 MiB
2026/02/25 16:20:07.537, 2, NVIDIA A10G, 0 %, 0 %, 0 MiB, 23028 MiB
2026/02/25 16:20:07.537, 3, NVIDIA A10G, 0 %, 0 %, 0 MiB, 23028 MiB
2026/02/25 16:20:08.537, 0, NVIDIA A10G, 21 %, 7 %, 2049 MiB, 23028 MiB
2026/02/25 16:20:08.537, 1, NVIDIA A10G, 0 %, 0 %, 0 MiB, 23028 MiB
2026/02/25 16:20:08.538, 2, NVIDIA A10G, 0 %, 0 %, 0 MiB, 23028 MiB
2026/02/25 16:20:08.538, 3, NVIDIA A10G, 0 %, 0 %, 0 MiB, 23028 MiB
2026/02/25 16:20:09.538, 0, NVIDIA A10G, 22 %, 7 %, 2049 MiB, 23028 MiB
2026/02/25 16:20:09.538, 1, NVIDIA A10G, 0 %, 0 %, 0 MiB, 23028 MiB
2026/02/25 16:20:09.538, 2, NVIDIA A10G, 0 %, 0 %, 0 MiB, 23028 MiB
2026/02/25 16:20:09.538, 3, NVIDIA A10G, 0 %, 0 %, 0 MiB, 23028 MiB
2026/02/25 16:20:10.538, 0, NVIDIA A10G, 23 %, 8 %, 2049 MiB, 23028 MiB
2026/02/25 16:20:10.538, 1, NVIDIA A10G, 0 %, 0 %, 0 MiB, 23028 MiB
2026/02/25 16:20:10.539, 2, NVIDIA A10G, 0 %, 0 %, 0 MiB, 23028 MiB
2026/02/25 16:20:10.539, 3, NVIDIA A10G, 0 %, 0 %, 0 MiB, 23028 MiB
2026/02/25 16:20:11.539, 0, NVIDIA A10G, 19 %, 6 %, 2049 MiB, 23028 MiB
2026/02/25 16:20:11.539, 1, NVIDIA A10G, 0 %, 0 %, 0 MiB, 23028 MiB
2026/02/25 16:20:11.539, 2, NVIDIA A10G, 0 %, 0 %, 0 MiB, 23028 MiB
2026/02/25 16:20:11.539, 3, NVIDIA A10G, 0 %, 0 %, 0 MiB, 23028 MiB
2026/02/25 16:20:12.539, 0, NVIDIA A10G, 0 %, 0 %, 2049 MiB, 23028 MiB
2026/02/25 16:20:12.539, 1, NVIDIA A10G, 0 %, 0 %, 0 MiB, 23028 MiB
2026/02/25 16:20:12.539, 2, NVIDIA A10G, 0 %, 0 %, 0 MiB, 23028 MiB
2026/02/25 16:20:12.540, 3, NVIDIA A10G, 0 %, 0 %, 0 MiB, 23028 MiB
2026/02/25 16:20:13.540, 0, NVIDIA A10G, 0 %, 0 %, 2049 MiB, 23028 MiB
2026/02/25 16:20:13.540, 1, NVIDIA A10G, 0 %, 0 %, 0 MiB, 23028 MiB
2026/02/25 16:20:13.540, 2, NVIDIA A10G, 0 %, 0 %, 0 MiB, 23028 MiB
2026/02/25 16:20:13.540, 3, NVIDIA A10G, 0 %, 0 %, 0 MiB, 23028 MiB
2026/02/25 16:20:14.540, 0, NVIDIA A10G, 0 %, 0 %, 2049 MiB, 23028 MiB
2026/02/25 16:20:14.540, 1, NVIDIA A10G, 0 %, 0 %, 0 MiB, 23028 MiB
2026/02/25 16:20:14.540, 2, NVIDIA A10G, 0 %, 0 %, 0 MiB, 23028 MiB
2026/02/25 16:20:14.540, 3, NVIDIA A10G, 0 %, 0 %, 0 MiB, 23028 MiB
2026/02/25 16:20:15.541, 0, NVIDIA A10G, 0 %, 0 %, 2049 MiB, 23028 MiB
2026/02/25 16:20:15.541, 1, NVIDIA A10G, 0 %, 0 %, 0 MiB, 23028 MiB
2026/02/25 16:20:15.541, 2, NVIDIA A10G, 0 %, 0 %, 0 MiB, 23028 MiB
2026/02/25 16:20:15.541, 3, NVIDIA A10G, 0 %, 0 %, 0 MiB, 23028 MiB
2026/02/25 16:20:16.541, 0, NVIDIA A10G, 0 %, 0 %, 2049 MiB, 23028 MiB
2026/02/25 16:20:16.541, 1, NVIDIA A10G, 0 %, 0 %, 0 MiB, 23028 MiB
2026/02/25 16:20:16.541, 2, NVIDIA A10G, 0 %, 0 %, 0 MiB, 23028 MiB
2026/02/25 16:20:16.541, 3, NVIDIA A10G, 0 %, 0 %, 0 MiB, 23028 MiB
2026/02/25 16:20:17.541, 0, NVIDIA A10G, 0 %, 0 %, 2049 MiB, 23028 MiB
2026/02/25 16:20:17.541, 1, NVIDIA A10G, 0 %, 0 %, 0 MiB, 23028 MiB
2026/02/25 16:20:17.541, 2, NVIDIA A10G, 0 %, 0 %, 0 MiB, 23028 MiB
2026/02/25 16:20:17.542, 3, NVIDIA A10G, 0 %, 0 %, 0 MiB, 23028 MiB
2026/02/25 16:20:18.542, 0, NVIDIA A10G, 0 %, 0 %, 2049 MiB, 23028 MiB
2026/02/25 16:20:18.542, 1, NVIDIA A10G, 0 %, 0 %, 0 MiB, 23028 MiB
2026/02/25 16:20:18.542, 2, NVIDIA A10G, 0 %, 0 %, 0 MiB, 23028 MiB
2026/02/25 16:20:18.542, 3, NVIDIA A10G, 0 %, 0 %, 0 MiB, 23028 MiB
2026/02/25 16:20:19.542, 0, NVIDIA A10G, 0 %, 0 %, 2049 MiB, 23028 MiB
2026/02/25 16:20:19.542, 1, NVIDIA A10G, 0 %, 0 %, 0 MiB, 23028 MiB
2026/02/25 16:20:19.542, 2, NVIDIA A10G, 0 %, 0 %, 0 MiB, 23028 MiB
2026/02/25 16:20:19.542, 3, NVIDIA A10G, 0 %, 0 %, 0 MiB, 23028 MiB
2026/02/25 16:20:20.542, 0, NVIDIA A10G, 23 %, 8 %, 2049 MiB, 23028 MiB
2026/02/25 16:20:20.542, 1, NVIDIA A10G, 0 %, 0 %, 0 MiB, 23028 MiB
2026/02/25 16:20:20.542, 2, NVIDIA A10G, 0 %, 0 %, 0 MiB, 23028 MiB
2026/02/25 16:20:20.543, 3, NVIDIA A10G, 0 %, 0 %, 0 MiB, 23028 MiB
2026/02/25 16:20:21.543, 0, NVIDIA A10G, 22 %, 8 %, 2049 MiB, 23028 MiB
2026/02/25 16:20:21.543, 1, NVIDIA A10G, 0 %, 0 %, 0 MiB, 23028 MiB
2026/02/25 16:20:21.543, 2, NVIDIA A10G, 0 %, 0 %, 0 MiB, 23028 MiB
2026/02/25 16:20:21.543, 3, NVIDIA A10G, 0 %, 0 %, 0 MiB, 23028 MiB
2026/02/25 16:20:22.543, 0, NVIDIA A10G, 23 %, 8 %, 2049 MiB, 23028 MiB
2026/02/25 16:20:22.543, 1, NVIDIA A10G, 0 %, 0 %, 0 MiB, 23028 MiB
2026/02/25 16:20:22.543, 2, NVIDIA A10G, 0 %, 0 %, 0 MiB, 23028 MiB
2026/02/25 16:20:22.543, 3, NVIDIA A10G, 0 %, 0 %, 0 MiB, 23028 MiB
2026/02/25 16:20:23.543, 0, NVIDIA A10G, 22 %, 8 %, 2049 MiB, 23028 MiB
2026/02/25 16:20:23.543, 1, NVIDIA A10G, 0 %, 0 %, 0 MiB, 23028 MiB
2026/02/25 16:20:23.543, 2, NVIDIA A10G, 0 %, 0 %, 0 MiB, 23028 MiB
2026/02/25 16:20:23.543, 3, NVIDIA A10G, 0 %, 0 %, 0 MiB, 23028 MiB
2026/02/25 16:20:24.544, 0, NVIDIA A10G, 22 %, 8 %, 2049 MiB, 23028 MiB
2026/02/25 16:20:24.544, 1, NVIDIA A10G, 0 %, 0 %, 0 MiB, 23028 MiB
2026/02/25 16:20:24.544, 2, NVIDIA A10G, 0 %, 0 %, 0 MiB, 23028 MiB
2026/02/25 16:20:24.544, 3, NVIDIA A10G, 0 %, 0 %, 0 MiB, 23028 MiB
2026/02/25 16:20:25.545, 0, NVIDIA A10G, 23 %, 8 %, 2049 MiB, 23028 MiB
2026/02/25 16:20:25.545, 1, NVIDIA A10G, 0 %, 0 %, 0 MiB, 23028 MiB
2026/02/25 16:20:25.545, 2, NVIDIA A10G, 0 %, 0 %, 0 MiB, 23028 MiB
2026/02/25 16:20:25.546, 3, NVIDIA A10G, 0 %, 0 %, 0 MiB, 23028 MiB
2026/02/25 16:20:26.546, 0, NVIDIA A10G, 23 %, 8 %, 2049 MiB, 23028 MiB
2026/02/25 16:20:26.546, 1, NVIDIA A10G, 0 %, 0 %, 0 MiB, 23028 MiB
2026/02/25 16:20:26.546, 2, NVIDIA A10G, 0 %, 0 %, 0 MiB, 23028 MiB
2026/02/25 16:20:26.546, 3, NVIDIA A10G, 0 %, 0 %, 0 MiB, 23028 MiB
2026/02/25 16:20:27.546, 0, NVIDIA A10G, 21 %, 8 %, 2049 MiB, 23028 MiB
2026/02/25 16:20:27.546, 1, NVIDIA A10G, 0 %, 0 %, 0 MiB, 23028 MiB
2026/02/25 16:20:27.546, 2, NVIDIA A10G, 0 %, 0 %, 0 MiB, 23028 MiB
2026/02/25 16:20:27.546, 3, NVIDIA A10G, 0 %, 0 %, 0 MiB, 23028 MiB
2026/02/25 16:20:28.546, 0, NVIDIA A10G, 0 %, 0 %, 2049 MiB, 23028 MiB
2026/02/25 16:20:28.546, 1, NVIDIA A10G, 0 %, 0 %, 0 MiB, 23028 MiB
2026/02/25 16:20:28.546, 2, NVIDIA A10G, 0 %, 0 %, 0 MiB, 23028 MiB
2026/02/25 16:20:28.547, 3, NVIDIA A10G, 0 %, 0 %, 0 MiB, 23028 MiB
2026/02/25 16:20:29.547, 0, NVIDIA A10G, 0 %, 0 %, 2049 MiB, 23028 MiB
2026/02/25 16:20:29.547, 1, NVIDIA A10G, 0 %, 0 %, 0 MiB, 23028 MiB
2026/02/25 16:20:29.547, 2, NVIDIA A10G, 0 %, 0 %, 0 MiB, 23028 MiB
2026/02/25 16:20:29.547, 3, NVIDIA A10G, 0 %, 0 %, 0 MiB, 23028 MiB
2026/02/25 16:20:30.547, 0, NVIDIA A10G, 0 %, 0 %, 2049 MiB, 23028 MiB
2026/02/25 16:20:30.547, 1, NVIDIA A10G, 0 %, 0 %, 0 MiB, 23028 MiB
2026/02/25 16:20:30.547, 2, NVIDIA A10G, 0 %, 0 %, 0 MiB, 23028 MiB
2026/02/25 16:20:30.547, 3, NVIDIA A10G, 0 %, 0 %, 0 MiB, 23028 MiB
2026/02/25 16:20:31.547, 0, NVIDIA A10G, 0 %, 0 %, 2049 MiB, 23028 MiB
2026/02/25 16:20:31.548, 1, NVIDIA A10G, 0 %, 0 %, 0 MiB, 23028 MiB
2026/02/25 16:20:31.548, 2, NVIDIA A10G, 0 %, 0 %, 0 MiB, 23028 MiB
2026/02/25 16:20:31.548, 3, NVIDIA A10G, 0 %, 0 %, 0 MiB, 23028 MiB
2026/02/25 16:20:32.548, 0, NVIDIA A10G, 0 %, 0 %, 2049 MiB, 23028 MiB
2026/02/25 16:20:32.548, 1, NVIDIA A10G, 0 %, 0 %, 0 MiB, 23028 MiB
2026/02/25 16:20:32.548, 2, NVIDIA A10G, 0 %, 0 %, 0 MiB, 23028 MiB
2026/02/25 16:20:32.548, 3, NVIDIA A10G, 0 %, 0 %, 0 MiB, 23028 MiB
2026/02/25 16:20:33.548, 0, NVIDIA A10G, 1 %, 0 %, 2049 MiB, 23028 MiB
2026/02/25 16:20:33.548, 1, NVIDIA A10G, 0 %, 0 %, 0 MiB, 23028 MiB
2026/02/25 16:20:33.549, 2, NVIDIA A10G, 0 %, 0 %, 0 MiB, 23028 MiB
2026/02/25 16:20:33.549, 3, NVIDIA A10G, 0 %, 0 %, 0 MiB, 23028 MiB
2026/02/25 16:20:34.549, 0, NVIDIA A10G, 24 %, 8 %, 2049 MiB, 23028 MiB
2026/02/25 16:20:34.549, 1, NVIDIA A10G, 0 %, 0 %, 0 MiB, 23028 MiB
2026/02/25 16:20:34.549, 2, NVIDIA A10G, 0 %, 0 %, 0 MiB, 23028 MiB
2026/02/25 16:20:34.549, 3, NVIDIA A10G, 0 %, 0 %, 0 MiB, 23028 MiB
2026/02/25 16:20:35.549, 0, NVIDIA A10G, 22 %, 8 %, 2049 MiB, 23028 MiB
2026/02/25 16:20:35.549, 1, NVIDIA A10G, 0 %, 0 %, 0 MiB, 23028 MiB
2026/02/25 16:20:35.550, 2, NVIDIA A10G, 0 %, 0 %, 0 MiB, 23028 MiB
2026/02/25 16:20:35.550, 3, NVIDIA A10G, 0 %, 0 %, 0 MiB, 23028 MiB
2026/02/25 16:20:36.550, 0, NVIDIA A10G, 23 %, 8 %, 2049 MiB, 23028 MiB
2026/02/25 16:20:36.550, 1, NVIDIA A10G, 0 %, 0 %, 0 MiB, 23028 MiB
2026/02/25 16:20:36.550, 2, NVIDIA A10G, 0 %, 0 %, 0 MiB, 23028 MiB
2026/02/25 16:20:36.550, 3, NVIDIA A10G, 0 %, 0 %, 0 MiB, 23028 MiB
2026/02/25 16:20:37.550, 0, NVIDIA A10G, 21 %, 7 %, 2049 MiB, 23028 MiB
2026/02/25 16:20:37.550, 1, NVIDIA A10G, 0 %, 0 %, 0 MiB, 23028 MiB
2026/02/25 16:20:37.550, 2, NVIDIA A10G, 0 %, 0 %, 0 MiB, 23028 MiB
2026/02/25 16:20:37.550, 3, NVIDIA A10G, 0 %, 0 %, 0 MiB, 23028 MiB
2026/02/25 16:20:38.550, 0, NVIDIA A10G, 24 %, 9 %, 2049 MiB, 23028 MiB
2026/02/25 16:20:38.550, 1, NVIDIA A10G, 0 %, 0 %, 0 MiB, 23028 MiB
2026/02/25 16:20:38.550, 2, NVIDIA A10G, 0 %, 0 %, 0 MiB, 23028 MiB
2026/02/25 16:20:38.550, 3, NVIDIA A10G, 0 %, 0 %, 0 MiB, 23028 MiB
2026/02/25 16:20:39.551, 0, NVIDIA A10G, 0 %, 0 %, 2049 MiB, 23028 MiB
2026/02/25 16:20:39.551, 1, NVIDIA A10G, 0 %, 0 %, 0 MiB, 23028 MiB
2026/02/25 16:20:39.551, 2, NVIDIA A10G, 0 %, 0 %, 0 MiB, 23028 MiB
2026/02/25 16:20:39.551, 3, NVIDIA A10G, 0 %, 0 %, 0 MiB, 23028 MiB
2026/02/25 16:20:40.551, 0, NVIDIA A10G, 21 %, 7 %, 2049 MiB, 23028 MiB
2026/02/25 16:20:40.551, 1, NVIDIA A10G, 0 %, 0 %, 0 MiB, 23028 MiB
2026/02/25 16:20:40.551, 2, NVIDIA A10G, 0 %, 0 %, 0 MiB, 23028 MiB
2026/02/25 16:20:40.551, 3, NVIDIA A10G, 0 %, 0 %, 0 MiB, 23028 MiB
2026/02/25 16:20:41.551, 0, NVIDIA A10G, 20 %, 6 %, 2049 MiB, 23028 MiB
2026/02/25 16:20:41.551, 1, NVIDIA A10G, 0 %, 0 %, 0 MiB, 23028 MiB
2026/02/25 16:20:41.552, 2, NVIDIA A10G, 0 %, 0 %, 0 MiB, 23028 MiB
2026/02/25 16:20:41.552, 3, NVIDIA A10G, 0 %, 0 %, 0 MiB, 23028 MiB
2026/02/25 16:20:42.552, 0, NVIDIA A10G, 0 %, 0 %, 2049 MiB, 23028 MiB
2026/02/25 16:20:42.552, 1, NVIDIA A10G, 0 %, 0 %, 0 MiB, 23028 MiB
2026/02/25 16:20:42.552, 2, NVIDIA A10G, 0 %, 0 %, 0 MiB, 23028 MiB
2026/02/25 16:20:42.552, 3, NVIDIA A10G, 0 %, 0 %, 0 MiB, 23028 MiB
2026/02/25 16:20:43.552, 0, NVIDIA A10G, 0 %, 0 %, 2049 MiB, 23028 MiB
2026/02/25 16:20:43.552, 1, NVIDIA A10G, 0 %, 0 %, 0 MiB, 23028 MiB
2026/02/25 16:20:43.553, 2, NVIDIA A10G, 0 %, 0 %, 0 MiB, 23028 MiB
2026/02/25 16:20:43.553, 3, NVIDIA A10G, 0 %, 0 %, 0 MiB, 23028 MiB
2026/02/25 16:20:44.553, 0, NVIDIA A10G, 0 %, 0 %, 2049 MiB, 23028 MiB
2026/02/25 16:20:44.553, 1, NVIDIA A10G, 0 %, 0 %, 0 MiB, 23028 MiB
2026/02/25 16:20:44.553, 2, NVIDIA A10G, 0 %, 0 %, 0 MiB, 23028 MiB
2026/02/25 16:20:44.553, 3, NVIDIA A10G, 0 %, 0 %, 0 MiB, 23028 MiB
2026/02/25 16:20:45.553, 0, NVIDIA A10G, 0 %, 0 %, 2049 MiB, 23028 MiB
2026/02/25 16:20:45.553, 1, NVIDIA A10G, 0 %, 0 %, 0 MiB, 23028 MiB
2026/02/25 16:20:45.553, 2, NVIDIA A10G, 0 %, 0 %, 0 MiB, 23028 MiB
2026/02/25 16:20:45.553, 3, NVIDIA A10G, 0 %, 0 %, 0 MiB, 23028 MiB
2026/02/25 16:20:46.554, 0, NVIDIA A10G, 96 %, 64 %, 2049 MiB, 23028 MiB
2026/02/25 16:20:46.554, 1, NVIDIA A10G, 0 %, 0 %, 0 MiB, 23028 MiB
2026/02/25 16:20:46.554, 2, NVIDIA A10G, 0 %, 0 %, 0 MiB, 23028 MiB
2026/02/25 16:20:46.554, 3, NVIDIA A10G, 0 %, 0 %, 0 MiB, 23028 MiB
2026/02/25 16:20:47.554, 0, NVIDIA A10G, 23 %, 9 %, 2049 MiB, 23028 MiB
2026/02/25 16:20:47.554, 1, NVIDIA A10G, 0 %, 0 %, 0 MiB, 23028 MiB
2026/02/25 16:20:47.554, 2, NVIDIA A10G, 0 %, 0 %, 0 MiB, 23028 MiB
2026/02/25 16:20:47.554, 3, NVIDIA A10G, 0 %, 0 %, 0 MiB, 23028 MiB
2026/02/25 16:20:48.554, 0, NVIDIA A10G, 23 %, 8 %, 2049 MiB, 23028 MiB
2026/02/25 16:20:48.554, 1, NVIDIA A10G, 0 %, 0 %, 0 MiB, 23028 MiB
2026/02/25 16:20:48.555, 2, NVIDIA A10G, 0 %, 0 %, 0 MiB, 23028 MiB
2026/02/25 16:20:48.555, 3, NVIDIA A10G, 0 %, 0 %, 0 MiB, 23028 MiB
2026/02/25 16:20:49.555, 0, NVIDIA A10G, 23 %, 8 %, 2049 MiB, 23028 MiB
2026/02/25 16:20:49.555, 1, NVIDIA A10G, 0 %, 0 %, 0 MiB, 23028 MiB
2026/02/25 16:20:49.555, 2, NVIDIA A10G, 0 %, 0 %, 0 MiB, 23028 MiB
2026/02/25 16:20:49.555, 3, NVIDIA A10G, 0 %, 0 %, 0 MiB, 23028 MiB
2026/02/25 16:20:50.555, 0, NVIDIA A10G, 22 %, 8 %, 2049 MiB, 23028 MiB
2026/02/25 16:20:50.555, 1, NVIDIA A10G, 0 %, 0 %, 0 MiB, 23028 MiB
2026/02/25 16:20:50.555, 2, NVIDIA A10G, 0 %, 0 %, 0 MiB, 23028 MiB
2026/02/25 16:20:50.555, 3, NVIDIA A10G, 0 %, 0 %, 0 MiB, 23028 MiB
2026/02/25 16:20:51.555, 0, NVIDIA A10G, 14 %, 4 %, 2049 MiB, 23028 MiB
2026/02/25 16:20:51.555, 1, NVIDIA A10G, 0 %, 0 %, 0 MiB, 23028 MiB
2026/02/25 16:20:51.555, 2, NVIDIA A10G, 0 %, 0 %, 0 MiB, 23028 MiB
2026/02/25 16:20:51.555, 3, NVIDIA A10G, 0 %, 0 %, 0 MiB, 23028 MiB
2026/02/25 16:20:52.556, 0, NVIDIA A10G, 0 %, 0 %, 2049 MiB, 23028 MiB
2026/02/25 16:20:52.556, 1, NVIDIA A10G, 0 %, 0 %, 0 MiB, 23028 MiB
2026/02/25 16:20:52.556, 2, NVIDIA A10G, 0 %, 0 %, 0 MiB, 23028 MiB
2026/02/25 16:20:52.556, 3, NVIDIA A10G, 0 %, 0 %, 0 MiB, 23028 MiB
2026/02/25 16:20:53.556, 0, NVIDIA A10G, 0 %, 0 %, 2049 MiB, 23028 MiB
2026/02/25 16:20:53.556, 1, NVIDIA A10G, 0 %, 0 %, 0 MiB, 23028 MiB
2026/02/25 16:20:53.556, 2, NVIDIA A10G, 0 %, 0 %, 0 MiB, 23028 MiB
2026/02/25 16:20:53.556, 3, NVIDIA A10G, 0 %, 0 %, 0 MiB, 23028 MiB
2026/02/25 16:20:54.556, 0, NVIDIA A10G, 0 %, 0 %, 2049 MiB, 23028 MiB
2026/02/25 16:20:54.556, 1, NVIDIA A10G, 0 %, 0 %, 0 MiB, 23028 MiB
2026/02/25 16:20:54.556, 2, NVIDIA A10G, 0 %, 0 %, 0 MiB, 23028 MiB
2026/02/25 16:20:54.556, 3, NVIDIA A10G, 0 %, 0 %, 0 MiB, 23028 MiB
2026/02/25 16:20:55.556, 0, NVIDIA A10G, 0 %, 0 %, 2049 MiB, 23028 MiB
2026/02/25 16:20:55.556, 1, NVIDIA A10G, 0 %, 0 %, 0 MiB, 23028 MiB
2026/02/25 16:20:55.557, 2, NVIDIA A10G, 0 %, 0 %, 0 MiB, 23028 MiB
2026/02/25 16:20:55.557, 3, NVIDIA A10G, 0 %, 0 %, 0 MiB, 23028 MiB
2026/02/25 16:20:56.557, 0, NVIDIA A10G, 0 %, 0 %, 2049 MiB, 23028 MiB
2026/02/25 16:20:56.557, 1, NVIDIA A10G, 0 %, 0 %, 0 MiB, 23028 MiB
2026/02/25 16:20:56.557, 2, NVIDIA A10G, 0 %, 0 %, 0 MiB, 23028 MiB
2026/02/25 16:20:56.557, 3, NVIDIA A10G, 0 %, 0 %, 0 MiB, 23028 MiB
2026/02/25 16:20:57.557, 0, NVIDIA A10G, 21 %, 7 %, 2049 MiB, 23028 MiB
2026/02/25 16:20:57.557, 1, NVIDIA A10G, 0 %, 0 %, 0 MiB, 23028 MiB
2026/02/25 16:20:57.557, 2, NVIDIA A10G, 0 %, 0 %, 0 MiB, 23028 MiB
2026/02/25 16:20:57.557, 3, NVIDIA A10G, 0 %, 0 %, 0 MiB, 23028 MiB
2026/02/25 16:20:58.558, 0, NVIDIA A10G, 21 %, 7 %, 2049 MiB, 23028 MiB
2026/02/25 16:20:58.558, 1, NVIDIA A10G, 0 %, 0 %, 0 MiB, 23028 MiB
2026/02/25 16:20:58.558, 2, NVIDIA A10G, 0 %, 0 %, 0 MiB, 23028 MiB
2026/02/25 16:20:58.558, 3, NVIDIA A10G, 0 %, 0 %, 0 MiB, 23028 MiB
2026/02/25 16:20:59.558, 0, NVIDIA A10G, 22 %, 7 %, 2049 MiB, 23028 MiB
2026/02/25 16:20:59.558, 1, NVIDIA A10G, 0 %, 0 %, 0 MiB, 23028 MiB
2026/02/25 16:20:59.558, 2, NVIDIA A10G, 0 %, 0 %, 0 MiB, 23028 MiB
2026/02/25 16:20:59.558, 3, NVIDIA A10G, 0 %, 0 %, 0 MiB, 23028 MiB
2026/02/25 16:21:00.558, 0, NVIDIA A10G, 21 %, 7 %, 2049 MiB, 23028 MiB
2026/02/25 16:21:00.558, 1, NVIDIA A10G, 0 %, 0 %, 0 MiB, 23028 MiB
2026/02/25 16:21:00.558, 2, NVIDIA A10G, 0 %, 0 %, 0 MiB, 23028 MiB
2026/02/25 16:21:00.558, 3, NVIDIA A10G, 0 %, 0 %, 0 MiB, 23028 MiB
2026/02/25 16:21:01.559, 0, NVIDIA A10G, 22 %, 7 %, 2049 MiB, 23028 MiB
2026/02/25 16:21:01.559, 1, NVIDIA A10G, 0 %, 0 %, 0 MiB, 23028 MiB
2026/02/25 16:21:01.559, 2, NVIDIA A10G, 0 %, 0 %, 0 MiB, 23028 MiB
2026/02/25 16:21:01.559, 3, NVIDIA A10G, 0 %, 0 %, 0 MiB, 23028 MiB
2026/02/25 16:21:02.559, 0, NVIDIA A10G, 22 %, 7 %, 2049 MiB, 23028 MiB
2026/02/25 16:21:02.559, 1, NVIDIA A10G, 0 %, 0 %, 0 MiB, 23028 MiB
2026/02/25 16:21:02.559, 2, NVIDIA A10G, 0 %, 0 %, 0 MiB, 23028 MiB
2026/02/25 16:21:02.559, 3, NVIDIA A10G, 0 %, 0 %, 0 MiB, 23028 MiB
2026/02/25 16:21:03.559, 0, NVIDIA A10G, 3 %, 1 %, 2049 MiB, 23028 MiB
2026/02/25 16:21:03.559, 1, NVIDIA A10G, 0 %, 0 %, 0 MiB, 23028 MiB
2026/02/25 16:21:03.559, 2, NVIDIA A10G, 0 %, 0 %, 0 MiB, 23028 MiB
2026/02/25 16:21:03.559, 3, NVIDIA A10G, 0 %, 0 %, 0 MiB, 23028 MiB
2026/02/25 16:21:04.559, 0, NVIDIA A10G, 0 %, 0 %, 2049 MiB, 23028 MiB
2026/02/25 16:21:04.560, 1, NVIDIA A10G, 0 %, 0 %, 0 MiB, 23028 MiB
2026/02/25 16:21:04.560, 2, NVIDIA A10G, 0 %, 0 %, 0 MiB, 23028 MiB
2026/02/25 16:21:04.560, 3, NVIDIA A10G, 0 %, 0 %, 0 MiB, 23028 MiB
2026/02/25 16:21:05.560, 0, NVIDIA A10G, 0 %, 0 %, 2049 MiB, 23028 MiB
2026/02/25 16:21:05.560, 1, NVIDIA A10G, 0 %, 0 %, 0 MiB, 23028 MiB
2026/02/25 16:21:05.560, 2, NVIDIA A10G, 0 %, 0 %, 0 MiB, 23028 MiB
2026/02/25 16:21:05.560, 3, NVIDIA A10G, 0 %, 0 %, 0 MiB, 23028 MiB
2026/02/25 16:21:06.560, 0, NVIDIA A10G, 0 %, 0 %, 2049 MiB, 23028 MiB
2026/02/25 16:21:06.560, 1, NVIDIA A10G, 0 %, 0 %, 0 MiB, 23028 MiB
2026/02/25 16:21:06.560, 2, NVIDIA A10G, 0 %, 0 %, 0 MiB, 23028 MiB
2026/02/25 16:21:06.560, 3, NVIDIA A10G, 0 %, 0 %, 0 MiB, 23028 MiB
2026/02/25 16:21:07.560, 0, NVIDIA A10G, 0 %, 0 %, 2049 MiB, 23028 MiB
2026/02/25 16:21:07.561, 1, NVIDIA A10G, 0 %, 0 %, 0 MiB, 23028 MiB
2026/02/25 16:21:07.561, 2, NVIDIA A10G, 0 %, 0 %, 0 MiB, 23028 MiB
2026/02/25 16:21:07.561, 3, NVIDIA A10G, 0 %, 0 %, 0 MiB, 23028 MiB
2026/02/25 16:21:08.561, 0, NVIDIA A10G, 0 %, 0 %, 2049 MiB, 23028 MiB
2026/02/25 16:21:08.561, 1, NVIDIA A10G, 0 %, 0 %, 0 MiB, 23028 MiB
2026/02/25 16:21:08.561, 2, NVIDIA A10G, 0 %, 0 %, 0 MiB, 23028 MiB
2026/02/25 16:21:08.561, 3, NVIDIA A10G, 0 %, 0 %, 0 MiB, 23028 MiB
2026/02/25 16:21:09.561, 0, NVIDIA A10G, 0 %, 0 %, 2049 MiB, 23028 MiB
2026/02/25 16:21:09.561, 1, NVIDIA A10G, 0 %, 0 %, 0 MiB, 23028 MiB
2026/02/25 16:21:09.561, 2, NVIDIA A10G, 0 %, 0 %, 0 MiB, 23028 MiB
2026/02/25 16:21:09.561, 3, NVIDIA A10G, 0 %, 0 %, 0 MiB, 23028 MiB
2026/02/25 16:21:10.561, 0, NVIDIA A10G, 0 %, 0 %, 2049 MiB, 23028 MiB
2026/02/25 16:21:10.562, 1, NVIDIA A10G, 0 %, 0 %, 0 MiB, 23028 MiB
2026/02/25 16:21:10.562, 2, NVIDIA A10G, 0 %, 0 %, 0 MiB, 23028 MiB
2026/02/25 16:21:10.562, 3, NVIDIA A10G, 0 %, 0 %, 0 MiB, 23028 MiB
2026/02/25 16:21:11.562, 0, NVIDIA A10G, 0 %, 0 %, 2049 MiB, 23028 MiB
2026/02/25 16:21:11.562, 1, NVIDIA A10G, 0 %, 0 %, 0 MiB, 23028 MiB
2026/02/25 16:21:11.562, 2, NVIDIA A10G, 0 %, 0 %, 0 MiB, 23028 MiB
2026/02/25 16:21:11.562, 3, NVIDIA A10G, 0 %, 0 %, 0 MiB, 23028 MiB
2026/02/25 16:21:12.562, 0, NVIDIA A10G, 0 %, 0 %, 2049 MiB, 23028 MiB
2026/02/25 16:21:12.562, 1, NVIDIA A10G, 0 %, 0 %, 0 MiB, 23028 MiB
2026/02/25 16:21:12.562, 2, NVIDIA A10G, 0 %, 0 %, 0 MiB, 23028 MiB
2026/02/25 16:21:12.563, 3, NVIDIA A10G, 0 %, 0 %, 0 MiB, 23028 MiB
2026/02/25 16:21:13.563, 0, NVIDIA A10G, 0 %, 0 %, 2049 MiB, 23028 MiB
2026/02/25 16:21:13.563, 1, NVIDIA A10G, 0 %, 0 %, 0 MiB, 23028 MiB
2026/02/25 16:21:13.563, 2, NVIDIA A10G, 0 %, 0 %, 0 MiB, 23028 MiB
2026/02/25 16:21:13.563, 3, NVIDIA A10G, 0 %, 0 %, 0 MiB, 23028 MiB
2026/02/25 16:21:14.563, 0, NVIDIA A10G, 22 %, 8 %, 2049 MiB, 23028 MiB
2026/02/25 16:21:14.563, 1, NVIDIA A10G, 0 %, 0 %, 0 MiB, 23028 MiB
2026/02/25 16:21:14.563, 2, NVIDIA A10G, 0 %, 0 %, 0 MiB, 23028 MiB
2026/02/25 16:21:14.563, 3, NVIDIA A10G, 0 %, 0 %, 0 MiB, 23028 MiB
2026/02/25 16:21:15.564, 0, NVIDIA A10G, 23 %, 9 %, 2049 MiB, 23028 MiB
2026/02/25 16:21:15.564, 1, NVIDIA A10G, 0 %, 0 %, 0 MiB, 23028 MiB
2026/02/25 16:21:15.564, 2, NVIDIA A10G, 0 %, 0 %, 0 MiB, 23028 MiB
2026/02/25 16:21:15.564, 3, NVIDIA A10G, 0 %, 0 %, 0 MiB, 23028 MiB
2026/02/25 16:21:16.564, 0, NVIDIA A10G, 20 %, 7 %, 2049 MiB, 23028 MiB
2026/02/25 16:21:16.564, 1, NVIDIA A10G, 0 %, 0 %, 0 MiB, 23028 MiB
2026/02/25 16:21:16.564, 2, NVIDIA A10G, 0 %, 0 %, 0 MiB, 23028 MiB
2026/02/25 16:21:16.564, 3, NVIDIA A10G, 0 %, 0 %, 0 MiB, 23028 MiB
2026/02/25 16:21:17.564, 0, NVIDIA A10G, 23 %, 8 %, 2049 MiB, 23028 MiB
2026/02/25 16:21:17.565, 1, NVIDIA A10G, 0 %, 0 %, 0 MiB, 23028 MiB
2026/02/25 16:21:17.565, 2, NVIDIA A10G, 0 %, 0 %, 0 MiB, 23028 MiB
2026/02/25 16:21:17.565, 3, NVIDIA A10G, 0 %, 0 %, 0 MiB, 23028 MiB
2026/02/25 16:21:18.565, 0, NVIDIA A10G, 22 %, 7 %, 2049 MiB, 23028 MiB
2026/02/25 16:21:18.565, 1, NVIDIA A10G, 0 %, 0 %, 0 MiB, 23028 MiB
2026/02/25 16:21:18.565, 2, NVIDIA A10G, 0 %, 0 %, 0 MiB, 23028 MiB
2026/02/25 16:21:18.565, 3, NVIDIA A10G, 0 %, 0 %, 0 MiB, 23028 MiB
2026/02/25 16:21:19.565, 0, NVIDIA A10G, 23 %, 8 %, 2049 MiB, 23028 MiB
2026/02/25 16:21:19.565, 1, NVIDIA A10G, 0 %, 0 %, 0 MiB, 23028 MiB
2026/02/25 16:21:19.565, 2, NVIDIA A10G, 0 %, 0 %, 0 MiB, 23028 MiB
2026/02/25 16:21:19.565, 3, NVIDIA A10G, 0 %, 0 %, 0 MiB, 23028 MiB
2026/02/25 16:21:20.565, 0, NVIDIA A10G, 23 %, 7 %, 2049 MiB, 23028 MiB
2026/02/25 16:21:20.566, 1, NVIDIA A10G, 0 %, 0 %, 0 MiB, 23028 MiB
2026/02/25 16:21:20.566, 2, NVIDIA A10G, 0 %, 0 %, 0 MiB, 23028 MiB
2026/02/25 16:21:20.566, 3, NVIDIA A10G, 0 %, 0 %, 0 MiB, 23028 MiB
2026/02/25 16:21:21.566, 0, NVIDIA A10G, 21 %, 7 %, 2049 MiB, 23028 MiB
2026/02/25 16:21:21.566, 1, NVIDIA A10G, 0 %, 0 %, 0 MiB, 23028 MiB
2026/02/25 16:21:21.566, 2, NVIDIA A10G, 0 %, 0 %, 0 MiB, 23028 MiB
2026/02/25 16:21:21.566, 3, NVIDIA A10G, 0 %, 0 %, 0 MiB, 23028 MiB
2026/02/25 16:21:22.566, 0, NVIDIA A10G, 23 %, 8 %, 2049 MiB, 23028 MiB
2026/02/25 16:21:22.566, 1, NVIDIA A10G, 0 %, 0 %, 0 MiB, 23028 MiB
2026/02/25 16:21:22.566, 2, NVIDIA A10G, 0 %, 0 %, 0 MiB, 23028 MiB
2026/02/25 16:21:22.566, 3, NVIDIA A10G, 0 %, 0 %, 0 MiB, 23028 MiB
2026/02/25 16:21:23.567, 0, NVIDIA A10G, 23 %, 8 %, 2049 MiB, 23028 MiB
2026/02/25 16:21:23.567, 1, NVIDIA A10G, 0 %, 0 %, 0 MiB, 23028 MiB
2026/02/25 16:21:23.567, 2, NVIDIA A10G, 0 %, 0 %, 0 MiB, 23028 MiB
2026/02/25 16:21:23.567, 3, NVIDIA A10G, 0 %, 0 %, 0 MiB, 23028 MiB
2026/02/25 16:21:24.567, 0, NVIDIA A10G, 22 %, 8 %, 2049 MiB, 23028 MiB
2026/02/25 16:21:24.567, 1, NVIDIA A10G, 0 %, 0 %, 0 MiB, 23028 MiB
2026/02/25 16:21:24.567, 2, NVIDIA A10G, 0 %, 0 %, 0 MiB, 23028 MiB
2026/02/25 16:21:24.567, 3, NVIDIA A10G, 0 %, 0 %, 0 MiB, 23028 MiB
2026/02/25 16:21:25.567, 0, NVIDIA A10G, 0 %, 0 %, 2049 MiB, 23028 MiB
2026/02/25 16:21:25.567, 1, NVIDIA A10G, 0 %, 0 %, 0 MiB, 23028 MiB
2026/02/25 16:21:25.567, 2, NVIDIA A10G, 0 %, 0 %, 0 MiB, 23028 MiB
2026/02/25 16:21:25.567, 3, NVIDIA A10G, 0 %, 0 %, 0 MiB, 23028 MiB
2026/02/25 16:21:26.568, 0, NVIDIA A10G, 0 %, 0 %, 2049 MiB, 23028 MiB
2026/02/25 16:21:26.568, 1, NVIDIA A10G, 0 %, 0 %, 0 MiB, 23028 MiB
2026/02/25 16:21:26.568, 2, NVIDIA A10G, 0 %, 0 %, 0 MiB, 23028 MiB
2026/02/25 16:21:26.568, 3, NVIDIA A10G, 0 %, 0 %, 0 MiB, 23028 MiB
2026/02/25 16:21:27.568, 0, NVIDIA A10G, 0 %, 0 %, 2049 MiB, 23028 MiB
2026/02/25 16:21:27.568, 1, NVIDIA A10G, 0 %, 0 %, 0 MiB, 23028 MiB
2026/02/25 16:21:27.568, 2, NVIDIA A10G, 0 %, 0 %, 0 MiB, 23028 MiB
2026/02/25 16:21:27.568, 3, NVIDIA A10G, 0 %, 0 %, 0 MiB, 23028 MiB
2026/02/25 16:21:28.568, 0, NVIDIA A10G, 0 %, 0 %, 2049 MiB, 23028 MiB
2026/02/25 16:21:28.569, 1, NVIDIA A10G, 0 %, 0 %, 0 MiB, 23028 MiB
2026/02/25 16:21:28.569, 2, NVIDIA A10G, 0 %, 0 %, 0 MiB, 23028 MiB
2026/02/25 16:21:28.569, 3, NVIDIA A10G, 0 %, 0 %, 0 MiB, 23028 MiB
2026/02/25 16:21:29.569, 0, NVIDIA A10G, 0 %, 0 %, 2049 MiB, 23028 MiB
2026/02/25 16:21:29.569, 1, NVIDIA A10G, 0 %, 0 %, 0 MiB, 23028 MiB
2026/02/25 16:21:29.569, 2, NVIDIA A10G, 0 %, 0 %, 0 MiB, 23028 MiB
2026/02/25 16:21:29.569, 3, NVIDIA A10G, 0 %, 0 %, 0 MiB, 23028 MiB
2026/02/25 16:21:30.569, 0, NVIDIA A10G, 0 %, 0 %, 2049 MiB, 23028 MiB
2026/02/25 16:21:30.569, 1, NVIDIA A10G, 0 %, 0 %, 0 MiB, 23028 MiB
2026/02/25 16:21:30.569, 2, NVIDIA A10G, 0 %, 0 %, 0 MiB, 23028 MiB
2026/02/25 16:21:30.569, 3, NVIDIA A10G, 0 %, 0 %, 0 MiB, 23028 MiB
2026/02/25 16:21:31.570, 0, NVIDIA A10G, 91 %, 62 %, 2049 MiB, 23028 MiB
2026/02/25 16:21:31.570, 1, NVIDIA A10G, 0 %, 0 %, 0 MiB, 23028 MiB
2026/02/25 16:21:31.570, 2, NVIDIA A10G, 0 %, 0 %, 0 MiB, 23028 MiB
2026/02/25 16:21:31.570, 3, NVIDIA A10G, 0 %, 0 %, 0 MiB, 23028 MiB
2026/02/25 16:21:32.570, 0, NVIDIA A10G, 22 %, 7 %, 2049 MiB, 23028 MiB
2026/02/25 16:21:32.570, 1, NVIDIA A10G, 0 %, 0 %, 0 MiB, 23028 MiB
2026/02/25 16:21:32.570, 2, NVIDIA A10G, 0 %, 0 %, 0 MiB, 23028 MiB
2026/02/25 16:21:32.570, 3, NVIDIA A10G, 0 %, 0 %, 0 MiB, 23028 MiB
2026/02/25 16:21:33.570, 0, NVIDIA A10G, 24 %, 9 %, 2049 MiB, 23028 MiB
2026/02/25 16:21:33.570, 1, NVIDIA A10G, 0 %, 0 %, 0 MiB, 23028 MiB
2026/02/25 16:21:33.570, 2, NVIDIA A10G, 0 %, 0 %, 0 MiB, 23028 MiB
2026/02/25 16:21:33.570, 3, NVIDIA A10G, 0 %, 0 %, 0 MiB, 23028 MiB
2026/02/25 16:21:34.571, 0, NVIDIA A10G, 20 %, 7 %, 2049 MiB, 23028 MiB
2026/02/25 16:21:34.571, 1, NVIDIA A10G, 0 %, 0 %, 0 MiB, 23028 MiB
2026/02/25 16:21:34.571, 2, NVIDIA A10G, 0 %, 0 %, 0 MiB, 23028 MiB
2026/02/25 16:21:34.571, 3, NVIDIA A10G, 0 %, 0 %, 0 MiB, 23028 MiB
2026/02/25 16:21:35.571, 0, NVIDIA A10G, 22 %, 7 %, 2049 MiB, 23028 MiB
2026/02/25 16:21:35.571, 1, NVIDIA A10G, 0 %, 0 %, 0 MiB, 23028 MiB
2026/02/25 16:21:35.571, 2, NVIDIA A10G, 0 %, 0 %, 0 MiB, 23028 MiB
2026/02/25 16:21:35.571, 3, NVIDIA A10G, 0 %, 0 %, 0 MiB, 23028 MiB
2026/02/25 16:21:36.571, 0, NVIDIA A10G, 25 %, 9 %, 2049 MiB, 23028 MiB
2026/02/25 16:21:36.571, 1, NVIDIA A10G, 0 %, 0 %, 0 MiB, 23028 MiB
2026/02/25 16:21:36.572, 2, NVIDIA A10G, 0 %, 0 %, 0 MiB, 23028 MiB
2026/02/25 16:21:36.572, 3, NVIDIA A10G, 0 %, 0 %, 0 MiB, 23028 MiB
2026/02/25 16:21:37.572, 0, NVIDIA A10G, 23 %, 7 %, 2049 MiB, 23028 MiB
2026/02/25 16:21:37.572, 1, NVIDIA A10G, 0 %, 0 %, 0 MiB, 23028 MiB
2026/02/25 16:21:37.572, 2, NVIDIA A10G, 0 %, 0 %, 0 MiB, 23028 MiB
2026/02/25 16:21:37.572, 3, NVIDIA A10G, 0 %, 0 %, 0 MiB, 23028 MiB
2026/02/25 16:21:38.572, 0, NVIDIA A10G, 23 %, 7 %, 2049 MiB, 23028 MiB
2026/02/25 16:21:38.572, 1, NVIDIA A10G, 0 %, 0 %, 0 MiB, 23028 MiB
2026/02/25 16:21:38.572, 2, NVIDIA A10G, 0 %, 0 %, 0 MiB, 23028 MiB
2026/02/25 16:21:38.572, 3, NVIDIA A10G, 0 %, 0 %, 0 MiB, 23028 MiB
2026/02/25 16:21:39.572, 0, NVIDIA A10G, 0 %, 0 %, 2049 MiB, 23028 MiB
2026/02/25 16:21:39.572, 1, NVIDIA A10G, 0 %, 0 %, 0 MiB, 23028 MiB
2026/02/25 16:21:39.572, 2, NVIDIA A10G, 0 %, 0 %, 0 MiB, 23028 MiB
2026/02/25 16:21:39.573, 3, NVIDIA A10G, 0 %, 0 %, 0 MiB, 23028 MiB
2026/02/25 16:21:40.573, 0, NVIDIA A10G, 0 %, 0 %, 2049 MiB, 23028 MiB
2026/02/25 16:21:40.573, 1, NVIDIA A10G, 0 %, 0 %, 0 MiB, 23028 MiB
2026/02/25 16:21:40.573, 2, NVIDIA A10G, 0 %, 0 %, 0 MiB, 23028 MiB
2026/02/25 16:21:40.573, 3, NVIDIA A10G, 0 %, 0 %, 0 MiB, 23028 MiB
2026/02/25 16:21:41.573, 0, NVIDIA A10G, 0 %, 0 %, 2049 MiB, 23028 MiB
2026/02/25 16:21:41.573, 1, NVIDIA A10G, 0 %, 0 %, 0 MiB, 23028 MiB
2026/02/25 16:21:41.573, 2, NVIDIA A10G, 0 %, 0 %, 0 MiB, 23028 MiB
2026/02/25 16:21:41.573, 3, NVIDIA A10G, 0 %, 0 %, 0 MiB, 23028 MiB
2026/02/25 16:21:42.573, 0, NVIDIA A10G, 0 %, 0 %, 2049 MiB, 23028 MiB
2026/02/25 16:21:42.573, 1, NVIDIA A10G, 0 %, 0 %, 0 MiB, 23028 MiB
2026/02/25 16:21:42.574, 2, NVIDIA A10G, 0 %, 0 %, 0 MiB, 23028 MiB
2026/02/25 16:21:42.574, 3, NVIDIA A10G, 0 %, 0 %, 0 MiB, 23028 MiB
2026/02/25 16:21:43.574, 0, NVIDIA A10G, 0 %, 0 %, 2049 MiB, 23028 MiB
2026/02/25 16:21:43.574, 1, NVIDIA A10G, 0 %, 0 %, 0 MiB, 23028 MiB
2026/02/25 16:21:43.574, 2, NVIDIA A10G, 0 %, 0 %, 0 MiB, 23028 MiB
2026/02/25 16:21:43.574, 3, NVIDIA A10G, 0 %, 0 %, 0 MiB, 23028 MiB
2026/02/25 16:21:44.574, 0, NVIDIA A10G, 0 %, 0 %, 2049 MiB, 23028 MiB
2026/02/25 16:21:44.574, 1, NVIDIA A10G, 0 %, 0 %, 0 MiB, 23028 MiB
2026/02/25 16:21:44.574, 2, NVIDIA A10G, 0 %, 0 %, 0 MiB, 23028 MiB
2026/02/25 16:21:44.574, 3, NVIDIA A10G, 0 %, 0 %, 0 MiB, 23028 MiB
2026/02/25 16:21:45.575, 0, NVIDIA A10G, 0 %, 0 %, 2049 MiB, 23028 MiB
2026/02/25 16:21:45.575, 1, NVIDIA A10G, 0 %, 0 %, 0 MiB, 23028 MiB
2026/02/25 16:21:45.575, 2, NVIDIA A10G, 0 %, 0 %, 0 MiB, 23028 MiB
2026/02/25 16:21:45.575, 3, NVIDIA A10G, 0 %, 0 %, 0 MiB, 23028 MiB
2026/02/25 16:21:46.575, 0, NVIDIA A10G, 0 %, 0 %, 2049 MiB, 23028 MiB
2026/02/25 16:21:46.575, 1, NVIDIA A10G, 0 %, 0 %, 0 MiB, 23028 MiB
2026/02/25 16:21:46.575, 2, NVIDIA A10G, 0 %, 0 %, 0 MiB, 23028 MiB
2026/02/25 16:21:46.575, 3, NVIDIA A10G, 0 %, 0 %, 0 MiB, 23028 MiB
2026/02/25 16:21:47.575, 0, NVIDIA A10G, 0 %, 0 %, 2049 MiB, 23028 MiB
2026/02/25 16:21:47.575, 1, NVIDIA A10G, 0 %, 0 %, 0 MiB, 23028 MiB
2026/02/25 16:21:47.575, 2, NVIDIA A10G, 0 %, 0 %, 0 MiB, 23028 MiB
2026/02/25 16:21:47.575, 3, NVIDIA A10G, 0 %, 0 %, 0 MiB, 23028 MiB
2026/02/25 16:21:48.575, 0, NVIDIA A10G, 0 %, 0 %, 2049 MiB, 23028 MiB
2026/02/25 16:21:48.576, 1, NVIDIA A10G, 0 %, 0 %, 0 MiB, 23028 MiB
2026/02/25 16:21:48.576, 2, NVIDIA A10G, 0 %, 0 %, 0 MiB, 23028 MiB
2026/02/25 16:21:48.576, 3, NVIDIA A10G, 0 %, 0 %, 0 MiB, 23028 MiB
2026/02/25 16:21:49.576, 0, NVIDIA A10G, 22 %, 8 %, 2049 MiB, 23028 MiB
2026/02/25 16:21:49.576, 1, NVIDIA A10G, 0 %, 0 %, 0 MiB, 23028 MiB
2026/02/25 16:21:49.576, 2, NVIDIA A10G, 0 %, 0 %, 0 MiB, 23028 MiB
2026/02/25 16:21:49.576, 3, NVIDIA A10G, 0 %, 0 %, 0 MiB, 23028 MiB
2026/02/25 16:21:50.576, 0, NVIDIA A10G, 23 %, 8 %, 2049 MiB, 23028 MiB
2026/02/25 16:21:50.576, 1, NVIDIA A10G, 0 %, 0 %, 0 MiB, 23028 MiB
2026/02/25 16:21:50.576, 2, NVIDIA A10G, 0 %, 0 %, 0 MiB, 23028 MiB
2026/02/25 16:21:50.576, 3, NVIDIA A10G, 0 %, 0 %, 0 MiB, 23028 MiB
2026/02/25 16:21:51.576, 0, NVIDIA A10G, 23 %, 8 %, 2049 MiB, 23028 MiB
2026/02/25 16:21:51.576, 1, NVIDIA A10G, 0 %, 0 %, 0 MiB, 23028 MiB
2026/02/25 16:21:51.576, 2, NVIDIA A10G, 0 %, 0 %, 0 MiB, 23028 MiB
2026/02/25 16:21:51.576, 3, NVIDIA A10G, 0 %, 0 %, 0 MiB, 23028 MiB
2026/02/25 16:21:52.577, 0, NVIDIA A10G, 22 %, 8 %, 2049 MiB, 23028 MiB
2026/02/25 16:21:52.577, 1, NVIDIA A10G, 0 %, 0 %, 0 MiB, 23028 MiB
2026/02/25 16:21:52.577, 2, NVIDIA A10G, 0 %, 0 %, 0 MiB, 23028 MiB
2026/02/25 16:21:52.577, 3, NVIDIA A10G, 0 %, 0 %, 0 MiB, 23028 MiB
2026/02/25 16:21:53.577, 0, NVIDIA A10G, 23 %, 8 %, 2049 MiB, 23028 MiB
2026/02/25 16:21:53.577, 1, NVIDIA A10G, 0 %, 0 %, 0 MiB, 23028 MiB
2026/02/25 16:21:53.577, 2, NVIDIA A10G, 0 %, 0 %, 0 MiB, 23028 MiB
2026/02/25 16:21:53.577, 3, NVIDIA A10G, 0 %, 0 %, 0 MiB, 23028 MiB
2026/02/25 16:21:54.577, 0, NVIDIA A10G, 22 %, 7 %, 2049 MiB, 23028 MiB
2026/02/25 16:21:54.577, 1, NVIDIA A10G, 0 %, 0 %, 0 MiB, 23028 MiB
2026/02/25 16:21:54.577, 2, NVIDIA A10G, 0 %, 0 %, 0 MiB, 23028 MiB
2026/02/25 16:21:54.577, 3, NVIDIA A10G, 0 %, 0 %, 0 MiB, 23028 MiB
2026/02/25 16:21:55.577, 0, NVIDIA A10G, 24 %, 8 %, 2049 MiB, 23028 MiB
2026/02/25 16:21:55.577, 1, NVIDIA A10G, 0 %, 0 %, 0 MiB, 23028 MiB
2026/02/25 16:21:55.577, 2, NVIDIA A10G, 0 %, 0 %, 0 MiB, 23028 MiB
2026/02/25 16:21:55.578, 3, NVIDIA A10G, 0 %, 0 %, 0 MiB, 23028 MiB
2026/02/25 16:21:56.578, 0, NVIDIA A10G, 21 %, 7 %, 2049 MiB, 23028 MiB
2026/02/25 16:21:56.578, 1, NVIDIA A10G, 0 %, 0 %, 0 MiB, 23028 MiB
2026/02/25 16:21:56.578, 2, NVIDIA A10G, 0 %, 0 %, 0 MiB, 23028 MiB
2026/02/25 16:21:56.578, 3, NVIDIA A10G, 0 %, 0 %, 0 MiB, 23028 MiB
2026/02/25 16:21:57.578, 0, NVIDIA A10G, 3 %, 1 %, 2049 MiB, 23028 MiB
2026/02/25 16:21:57.578, 1, NVIDIA A10G, 0 %, 0 %, 0 MiB, 23028 MiB
2026/02/25 16:21:57.578, 2, NVIDIA A10G, 0 %, 0 %, 0 MiB, 23028 MiB
2026/02/25 16:21:57.578, 3, NVIDIA A10G, 0 %, 0 %, 0 MiB, 23028 MiB
2026/02/25 16:21:58.578, 0, NVIDIA A10G, 0 %, 0 %, 2049 MiB, 23028 MiB
2026/02/25 16:21:58.578, 1, NVIDIA A10G, 0 %, 0 %, 0 MiB, 23028 MiB
2026/02/25 16:21:58.578, 2, NVIDIA A10G, 0 %, 0 %, 0 MiB, 23028 MiB
2026/02/25 16:21:58.578, 3, NVIDIA A10G, 0 %, 0 %, 0 MiB, 23028 MiB
2026/02/25 16:21:59.578, 0, NVIDIA A10G, 0 %, 0 %, 2049 MiB, 23028 MiB
2026/02/25 16:21:59.579, 1, NVIDIA A10G, 0 %, 0 %, 0 MiB, 23028 MiB
2026/02/25 16:21:59.579, 2, NVIDIA A10G, 0 %, 0 %, 0 MiB, 23028 MiB
2026/02/25 16:21:59.579, 3, NVIDIA A10G, 0 %, 0 %, 0 MiB, 23028 MiB
2026/02/25 16:22:00.579, 0, NVIDIA A10G, 0 %, 0 %, 2049 MiB, 23028 MiB
2026/02/25 16:22:00.579, 1, NVIDIA A10G, 0 %, 0 %, 0 MiB, 23028 MiB
2026/02/25 16:22:00.579, 2, NVIDIA A10G, 0 %, 0 %, 0 MiB, 23028 MiB
2026/02/25 16:22:00.579, 3, NVIDIA A10G, 0 %, 0 %, 0 MiB, 23028 MiB
2026/02/25 16:22:01.579, 0, NVIDIA A10G, 0 %, 0 %, 2049 MiB, 23028 MiB
2026/02/25 16:22:01.579, 1, NVIDIA A10G, 0 %, 0 %, 0 MiB, 23028 MiB
2026/02/25 16:22:01.579, 2, NVIDIA A10G, 0 %, 0 %, 0 MiB, 23028 MiB
2026/02/25 16:22:01.579, 3, NVIDIA A10G, 0 %, 0 %, 0 MiB, 23028 MiB
2026/02/25 16:22:02.579, 0, NVIDIA A10G, 0 %, 0 %, 2049 MiB, 23028 MiB
2026/02/25 16:22:02.579, 1, NVIDIA A10G, 0 %, 0 %, 0 MiB, 23028 MiB
2026/02/25 16:22:02.580, 2, NVIDIA A10G, 0 %, 0 %, 0 MiB, 23028 MiB
2026/02/25 16:22:02.580, 3, NVIDIA A10G, 0 %, 0 %, 0 MiB, 23028 MiB
2026/02/25 16:22:03.580, 0, NVIDIA A10G, 0 %, 0 %, 2049 MiB, 23028 MiB
2026/02/25 16:22:03.580, 1, NVIDIA A10G, 0 %, 0 %, 0 MiB, 23028 MiB
2026/02/25 16:22:03.580, 2, NVIDIA A10G, 0 %, 0 %, 0 MiB, 23028 MiB
2026/02/25 16:22:03.580, 3, NVIDIA A10G, 0 %, 0 %, 0 MiB, 23028 MiB
2026/02/25 16:22:04.580, 0, NVIDIA A10G, 0 %, 0 %, 2049 MiB, 23028 MiB
2026/02/25 16:22:04.580, 1, NVIDIA A10G, 0 %, 0 %, 0 MiB, 23028 MiB
2026/02/25 16:22:04.580, 2, NVIDIA A10G, 0 %, 0 %, 0 MiB, 23028 MiB
2026/02/25 16:22:04.580, 3, NVIDIA A10G, 0 %, 0 %, 0 MiB, 23028 MiB
2026/02/25 16:22:05.580, 0, NVIDIA A10G, 0 %, 0 %, 2049 MiB, 23028 MiB
2026/02/25 16:22:05.580, 1, NVIDIA A10G, 0 %, 0 %, 0 MiB, 23028 MiB
2026/02/25 16:22:05.580, 2, NVIDIA A10G, 0 %, 0 %, 0 MiB, 23028 MiB
2026/02/25 16:22:05.581, 3, NVIDIA A10G, 0 %, 0 %, 0 MiB, 23028 MiB
2026/02/25 16:22:06.581, 0, NVIDIA A10G, 21 %, 7 %, 2049 MiB, 23028 MiB
2026/02/25 16:22:06.581, 1, NVIDIA A10G, 0 %, 0 %, 0 MiB, 23028 MiB
2026/02/25 16:22:06.581, 2, NVIDIA A10G, 0 %, 0 %, 0 MiB, 23028 MiB
2026/02/25 16:22:06.581, 3, NVIDIA A10G, 0 %, 0 %, 0 MiB, 23028 MiB
2026/02/25 16:22:07.581, 0, NVIDIA A10G, 20 %, 6 %, 2049 MiB, 23028 MiB
2026/02/25 16:22:07.581, 1, NVIDIA A10G, 0 %, 0 %, 0 MiB, 23028 MiB
2026/02/25 16:22:07.581, 2, NVIDIA A10G, 0 %, 0 %, 0 MiB, 23028 MiB
2026/02/25 16:22:07.581, 3, NVIDIA A10G, 0 %, 0 %, 0 MiB, 23028 MiB
2026/02/25 16:22:08.581, 0, NVIDIA A10G, 20 %, 6 %, 2049 MiB, 23028 MiB
2026/02/25 16:22:08.582, 1, NVIDIA A10G, 0 %, 0 %, 0 MiB, 23028 MiB
2026/02/25 16:22:08.582, 2, NVIDIA A10G, 0 %, 0 %, 0 MiB, 23028 MiB
2026/02/25 16:22:08.582, 3, NVIDIA A10G, 0 %, 0 %, 0 MiB, 23028 MiB
2026/02/25 16:22:09.582, 0, NVIDIA A10G, 20 %, 7 %, 2049 MiB, 23028 MiB
2026/02/25 16:22:09.582, 1, NVIDIA A10G, 0 %, 0 %, 0 MiB, 23028 MiB
2026/02/25 16:22:09.582, 2, NVIDIA A10G, 0 %, 0 %, 0 MiB, 23028 MiB
2026/02/25 16:22:09.582, 3, NVIDIA A10G, 0 %, 0 %, 0 MiB, 23028 MiB
2026/02/25 16:22:10.582, 0, NVIDIA A10G, 22 %, 8 %, 2049 MiB, 23028 MiB
2026/02/25 16:22:10.582, 1, NVIDIA A10G, 0 %, 0 %, 0 MiB, 23028 MiB
2026/02/25 16:22:10.582, 2, NVIDIA A10G, 0 %, 0 %, 0 MiB, 23028 MiB
2026/02/25 16:22:10.582, 3, NVIDIA A10G, 0 %, 0 %, 0 MiB, 23028 MiB
2026/02/25 16:22:11.583, 0, NVIDIA A10G, 21 %, 7 %, 2049 MiB, 23028 MiB
2026/02/25 16:22:11.583, 1, NVIDIA A10G, 0 %, 0 %, 0 MiB, 23028 MiB
2026/02/25 16:22:11.583, 2, NVIDIA A10G, 0 %, 0 %, 0 MiB, 23028 MiB
2026/02/25 16:22:11.583, 3, NVIDIA A10G, 0 %, 0 %, 0 MiB, 23028 MiB
2026/02/25 16:22:12.583, 0, NVIDIA A10G, 22 %, 8 %, 2049 MiB, 23028 MiB
2026/02/25 16:22:12.583, 1, NVIDIA A10G, 0 %, 0 %, 0 MiB, 23028 MiB
2026/02/25 16:22:12.583, 2, NVIDIA A10G, 0 %, 0 %, 0 MiB, 23028 MiB
2026/02/25 16:22:12.583, 3, NVIDIA A10G, 0 %, 0 %, 0 MiB, 23028 MiB
2026/02/25 16:22:13.583, 0, NVIDIA A10G, 22 %, 7 %, 2049 MiB, 23028 MiB
2026/02/25 16:22:13.583, 1, NVIDIA A10G, 0 %, 0 %, 0 MiB, 23028 MiB
2026/02/25 16:22:13.584, 2, NVIDIA A10G, 0 %, 0 %, 0 MiB, 23028 MiB
2026/02/25 16:22:13.584, 3, NVIDIA A10G, 0 %, 0 %, 0 MiB, 23028 MiB
2026/02/25 16:22:14.584, 0, NVIDIA A10G, 19 %, 6 %, 2049 MiB, 23028 MiB
2026/02/25 16:22:14.584, 1, NVIDIA A10G, 0 %, 0 %, 0 MiB, 23028 MiB
2026/02/25 16:22:14.584, 2, NVIDIA A10G, 0 %, 0 %, 0 MiB, 23028 MiB
2026/02/25 16:22:14.584, 3, NVIDIA A10G, 0 %, 0 %, 0 MiB, 23028 MiB
2026/02/25 16:22:15.584, 0, NVIDIA A10G, 0 %, 0 %, 2049 MiB, 23028 MiB
2026/02/25 16:22:15.584, 1, NVIDIA A10G, 0 %, 0 %, 0 MiB, 23028 MiB
2026/02/25 16:22:15.584, 2, NVIDIA A10G, 0 %, 0 %, 0 MiB, 23028 MiB
2026/02/25 16:22:15.584, 3, NVIDIA A10G, 0 %, 0 %, 0 MiB, 23028 MiB
2026/02/25 16:22:16.585, 0, NVIDIA A10G, 0 %, 0 %, 2049 MiB, 23028 MiB
2026/02/25 16:22:16.585, 1, NVIDIA A10G, 0 %, 0 %, 0 MiB, 23028 MiB
2026/02/25 16:22:16.585, 2, NVIDIA A10G, 0 %, 0 %, 0 MiB, 23028 MiB
2026/02/25 16:22:16.585, 3, NVIDIA A10G, 0 %, 0 %, 0 MiB, 23028 MiB
2026/02/25 16:22:17.585, 0, NVIDIA A10G, 0 %, 0 %, 2049 MiB, 23028 MiB
2026/02/25 16:22:17.585, 1, NVIDIA A10G, 0 %, 0 %, 0 MiB, 23028 MiB
2026/02/25 16:22:17.585, 2, NVIDIA A10G, 0 %, 0 %, 0 MiB, 23028 MiB
2026/02/25 16:22:17.585, 3, NVIDIA A10G, 0 %, 0 %, 0 MiB, 23028 MiB
2026/02/25 16:22:18.585, 0, NVIDIA A10G, 0 %, 0 %, 2049 MiB, 23028 MiB
2026/02/25 16:22:18.585, 1, NVIDIA A10G, 0 %, 0 %, 0 MiB, 23028 MiB
2026/02/25 16:22:18.585, 2, NVIDIA A10G, 0 %, 0 %, 0 MiB, 23028 MiB
2026/02/25 16:22:18.585, 3, NVIDIA A10G, 0 %, 0 %, 0 MiB, 23028 MiB
2026/02/25 16:22:19.586, 0, NVIDIA A10G, 0 %, 0 %, 2049 MiB, 23028 MiB
2026/02/25 16:22:19.586, 1, NVIDIA A10G, 0 %, 0 %, 0 MiB, 23028 MiB
2026/02/25 16:22:19.586, 2, NVIDIA A10G, 0 %, 0 %, 0 MiB, 23028 MiB
2026/02/25 16:22:19.586, 3, NVIDIA A10G, 0 %, 0 %, 0 MiB, 23028 MiB
2026/02/25 16:22:20.586, 0, NVIDIA A10G, 22 %, 7 %, 2049 MiB, 23028 MiB
2026/02/25 16:22:20.586, 1, NVIDIA A10G, 0 %, 0 %, 0 MiB, 23028 MiB
2026/02/25 16:22:20.586, 2, NVIDIA A10G, 0 %, 0 %, 0 MiB, 23028 MiB
2026/02/25 16:22:20.586, 3, NVIDIA A10G, 0 %, 0 %, 0 MiB, 23028 MiB
2026/02/25 16:22:21.586, 0, NVIDIA A10G, 20 %, 7 %, 2049 MiB, 23028 MiB
2026/02/25 16:22:21.587, 1, NVIDIA A10G, 0 %, 0 %, 0 MiB, 23028 MiB
2026/02/25 16:22:21.587, 2, NVIDIA A10G, 0 %, 0 %, 0 MiB, 23028 MiB
2026/02/25 16:22:21.587, 3, NVIDIA A10G, 0 %, 0 %, 0 MiB, 23028 MiB
2026/02/25 16:22:22.587, 0, NVIDIA A10G, 22 %, 8 %, 2049 MiB, 23028 MiB
2026/02/25 16:22:22.587, 1, NVIDIA A10G, 0 %, 0 %, 0 MiB, 23028 MiB
2026/02/25 16:22:22.587, 2, NVIDIA A10G, 0 %, 0 %, 0 MiB, 23028 MiB
2026/02/25 16:22:22.587, 3, NVIDIA A10G, 0 %, 0 %, 0 MiB, 23028 MiB
2026/02/25 16:22:23.587, 0, NVIDIA A10G, 20 %, 7 %, 2049 MiB, 23028 MiB
2026/02/25 16:22:23.587, 1, NVIDIA A10G, 0 %, 0 %, 0 MiB, 23028 MiB
2026/02/25 16:22:23.587, 2, NVIDIA A10G, 0 %, 0 %, 0 MiB, 23028 MiB
2026/02/25 16:22:23.587, 3, NVIDIA A10G, 0 %, 0 %, 0 MiB, 23028 MiB
2026/02/25 16:22:24.588, 0, NVIDIA A10G, 21 %, 7 %, 2049 MiB, 23028 MiB
2026/02/25 16:22:24.588, 1, NVIDIA A10G, 0 %, 0 %, 0 MiB, 23028 MiB
2026/02/25 16:22:24.588, 2, NVIDIA A10G, 0 %, 0 %, 0 MiB, 23028 MiB
2026/02/25 16:22:24.588, 3, NVIDIA A10G, 0 %, 0 %, 0 MiB, 23028 MiB
2026/02/25 16:22:25.588, 0, NVIDIA A10G, 0 %, 0 %, 2049 MiB, 23028 MiB
2026/02/25 16:22:25.588, 1, NVIDIA A10G, 0 %, 0 %, 0 MiB, 23028 MiB
2026/02/25 16:22:25.588, 2, NVIDIA A10G, 0 %, 0 %, 0 MiB, 23028 MiB
2026/02/25 16:22:25.588, 3, NVIDIA A10G, 0 %, 0 %, 0 MiB, 23028 MiB
2026/02/25 16:22:26.588, 0, NVIDIA A10G, 0 %, 0 %, 2049 MiB, 23028 MiB
2026/02/25 16:22:26.589, 1, NVIDIA A10G, 0 %, 0 %, 0 MiB, 23028 MiB
2026/02/25 16:22:26.589, 2, NVIDIA A10G, 0 %, 0 %, 0 MiB, 23028 MiB
2026/02/25 16:22:26.589, 3, NVIDIA A10G, 0 %, 0 %, 0 MiB, 23028 MiB
2026/02/25 16:22:27.589, 0, NVIDIA A10G, 0 %, 0 %, 2049 MiB, 23028 MiB
2026/02/25 16:22:27.589, 1, NVIDIA A10G, 0 %, 0 %, 0 MiB, 23028 MiB
2026/02/25 16:22:27.589, 2, NVIDIA A10G, 0 %, 0 %, 0 MiB, 23028 MiB
2026/02/25 16:22:27.589, 3, NVIDIA A10G, 0 %, 0 %, 0 MiB, 23028 MiB
2026/02/25 16:22:28.590, 0, NVIDIA A10G, 0 %, 0 %, 2049 MiB, 23028 MiB
2026/02/25 16:22:28.590, 1, NVIDIA A10G, 0 %, 0 %, 0 MiB, 23028 MiB
2026/02/25 16:22:28.590, 2, NVIDIA A10G, 0 %, 0 %, 0 MiB, 23028 MiB
2026/02/25 16:22:28.590, 3, NVIDIA A10G, 0 %, 0 %, 0 MiB, 23028 MiB
2026/02/25 16:22:29.590, 0, NVIDIA A10G, 0 %, 0 %, 2049 MiB, 23028 MiB
2026/02/25 16:22:29.590, 1, NVIDIA A10G, 0 %, 0 %, 0 MiB, 23028 MiB
2026/02/25 16:22:29.590, 2, NVIDIA A10G, 0 %, 0 %, 0 MiB, 23028 MiB
2026/02/25 16:22:29.590, 3, NVIDIA A10G, 0 %, 0 %, 0 MiB, 23028 MiB
2026/02/25 16:22:30.590, 0, NVIDIA A10G, 0 %, 0 %, 2049 MiB, 23028 MiB
2026/02/25 16:22:30.590, 1, NVIDIA A10G, 0 %, 0 %, 0 MiB, 23028 MiB
2026/02/25 16:22:30.590, 2, NVIDIA A10G, 0 %, 0 %, 0 MiB, 23028 MiB
2026/02/25 16:22:30.590, 3, NVIDIA A10G, 0 %, 0 %, 0 MiB, 23028 MiB
2026/02/25 16:22:31.591, 0, NVIDIA A10G, 21 %, 7 %, 2049 MiB, 23028 MiB
2026/02/25 16:22:31.591, 1, NVIDIA A10G, 0 %, 0 %, 0 MiB, 23028 MiB
2026/02/25 16:22:31.591, 2, NVIDIA A10G, 0 %, 0 %, 0 MiB, 23028 MiB
2026/02/25 16:22:31.591, 3, NVIDIA A10G, 0 %, 0 %, 0 MiB, 23028 MiB
2026/02/25 16:22:32.591, 0, NVIDIA A10G, 22 %, 7 %, 2049 MiB, 23028 MiB
2026/02/25 16:22:32.591, 1, NVIDIA A10G, 0 %, 0 %, 0 MiB, 23028 MiB
2026/02/25 16:22:32.591, 2, NVIDIA A10G, 0 %, 0 %, 0 MiB, 23028 MiB
2026/02/25 16:22:32.591, 3, NVIDIA A10G, 0 %, 0 %, 0 MiB, 23028 MiB
2026/02/25 16:22:33.591, 0, NVIDIA A10G, 21 %, 7 %, 2049 MiB, 23028 MiB
2026/02/25 16:22:33.591, 1, NVIDIA A10G, 0 %, 0 %, 0 MiB, 23028 MiB
2026/02/25 16:22:33.591, 2, NVIDIA A10G, 0 %, 0 %, 0 MiB, 23028 MiB
2026/02/25 16:22:33.591, 3, NVIDIA A10G, 0 %, 0 %, 0 MiB, 23028 MiB
2026/02/25 16:22:34.591, 0, NVIDIA A10G, 21 %, 7 %, 2049 MiB, 23028 MiB
2026/02/25 16:22:34.592, 1, NVIDIA A10G, 0 %, 0 %, 0 MiB, 23028 MiB
2026/02/25 16:22:34.592, 2, NVIDIA A10G, 0 %, 0 %, 0 MiB, 23028 MiB
2026/02/25 16:22:34.592, 3, NVIDIA A10G, 0 %, 0 %, 0 MiB, 23028 MiB
2026/02/25 16:22:35.592, 0, NVIDIA A10G, 19 %, 6 %, 2049 MiB, 23028 MiB
2026/02/25 16:22:35.592, 1, NVIDIA A10G, 0 %, 0 %, 0 MiB, 23028 MiB
2026/02/25 16:22:35.592, 2, NVIDIA A10G, 0 %, 0 %, 0 MiB, 23028 MiB
2026/02/25 16:22:35.592, 3, NVIDIA A10G, 0 %, 0 %, 0 MiB, 23028 MiB
2026/02/25 16:22:36.592, 0, NVIDIA A10G, 23 %, 8 %, 2049 MiB, 23028 MiB
2026/02/25 16:22:36.592, 1, NVIDIA A10G, 0 %, 0 %, 0 MiB, 23028 MiB
2026/02/25 16:22:36.592, 2, NVIDIA A10G, 0 %, 0 %, 0 MiB, 23028 MiB
2026/02/25 16:22:36.592, 3, NVIDIA A10G, 0 %, 0 %, 0 MiB, 23028 MiB
2026/02/25 16:22:37.592, 0, NVIDIA A10G, 0 %, 0 %, 2049 MiB, 23028 MiB
2026/02/25 16:22:37.592, 1, NVIDIA A10G, 0 %, 0 %, 0 MiB, 23028 MiB
2026/02/25 16:22:37.592, 2, NVIDIA A10G, 0 %, 0 %, 0 MiB, 23028 MiB
2026/02/25 16:22:37.592, 3, NVIDIA A10G, 0 %, 0 %, 0 MiB, 23028 MiB
2026/02/25 16:22:38.593, 0, NVIDIA A10G, 0 %, 0 %, 2049 MiB, 23028 MiB
2026/02/25 16:22:38.593, 1, NVIDIA A10G, 0 %, 0 %, 0 MiB, 23028 MiB
2026/02/25 16:22:38.593, 2, NVIDIA A10G, 0 %, 0 %, 0 MiB, 23028 MiB
2026/02/25 16:22:38.593, 3, NVIDIA A10G, 0 %, 0 %, 0 MiB, 23028 MiB
2026/02/25 16:22:39.593, 0, NVIDIA A10G, 0 %, 0 %, 2049 MiB, 23028 MiB
2026/02/25 16:22:39.593, 1, NVIDIA A10G, 0 %, 0 %, 0 MiB, 23028 MiB
2026/02/25 16:22:39.593, 2, NVIDIA A10G, 0 %, 0 %, 0 MiB, 23028 MiB
2026/02/25 16:22:39.593, 3, NVIDIA A10G, 0 %, 0 %, 0 MiB, 23028 MiB
2026/02/25 16:22:40.593, 0, NVIDIA A10G, 0 %, 0 %, 2049 MiB, 23028 MiB
2026/02/25 16:22:40.593, 1, NVIDIA A10G, 0 %, 0 %, 0 MiB, 23028 MiB
2026/02/25 16:22:40.593, 2, NVIDIA A10G, 0 %, 0 %, 0 MiB, 23028 MiB
2026/02/25 16:22:40.593, 3, NVIDIA A10G, 0 %, 0 %, 0 MiB, 23028 MiB
2026/02/25 16:22:41.593, 0, NVIDIA A10G, 0 %, 0 %, 2049 MiB, 23028 MiB
2026/02/25 16:22:41.593, 1, NVIDIA A10G, 0 %, 0 %, 0 MiB, 23028 MiB
2026/02/25 16:22:41.594, 2, NVIDIA A10G, 0 %, 0 %, 0 MiB, 23028 MiB
2026/02/25 16:22:41.594, 3, NVIDIA A10G, 0 %, 0 %, 0 MiB, 23028 MiB
2026/02/25 16:22:42.594, 0, NVIDIA A10G, 0 %, 0 %, 2049 MiB, 23028 MiB
2026/02/25 16:22:42.594, 1, NVIDIA A10G, 0 %, 0 %, 0 MiB, 23028 MiB
2026/02/25 16:22:42.594, 2, NVIDIA A10G, 0 %, 0 %, 0 MiB, 23028 MiB
2026/02/25 16:22:42.594, 3, NVIDIA A10G, 0 %, 0 %, 0 MiB, 23028 MiB
2026/02/25 16:22:43.594, 0, NVIDIA A10G, 0 %, 0 %, 2049 MiB, 23028 MiB
2026/02/25 16:22:43.594, 1, NVIDIA A10G, 0 %, 0 %, 0 MiB, 23028 MiB
2026/02/25 16:22:43.594, 2, NVIDIA A10G, 0 %, 0 %, 0 MiB, 23028 MiB
2026/02/25 16:22:43.594, 3, NVIDIA A10G, 0 %, 0 %, 0 MiB, 23028 MiB
2026/02/25 16:22:44.594, 0, NVIDIA A10G, 0 %, 0 %, 2049 MiB, 23028 MiB
2026/02/25 16:22:44.594, 1, NVIDIA A10G, 0 %, 0 %, 0 MiB, 23028 MiB
2026/02/25 16:22:44.594, 2, NVIDIA A10G, 0 %, 0 %, 0 MiB, 23028 MiB
2026/02/25 16:22:44.594, 3, NVIDIA A10G, 0 %, 0 %, 0 MiB, 23028 MiB
2026/02/25 16:22:45.595, 0, NVIDIA A10G, 0 %, 0 %, 2049 MiB, 23028 MiB
2026/02/25 16:22:45.595, 1, NVIDIA A10G, 0 %, 0 %, 0 MiB, 23028 MiB
2026/02/25 16:22:45.595, 2, NVIDIA A10G, 0 %, 0 %, 0 MiB, 23028 MiB
2026/02/25 16:22:45.595, 3, NVIDIA A10G, 0 %, 0 %, 0 MiB, 23028 MiB
2026/02/25 16:22:46.595, 0, NVIDIA A10G, 0 %, 0 %, 2049 MiB, 23028 MiB
2026/02/25 16:22:46.595, 1, NVIDIA A10G, 0 %, 0 %, 0 MiB, 23028 MiB
2026/02/25 16:22:46.595, 2, NVIDIA A10G, 0 %, 0 %, 0 MiB, 23028 MiB
2026/02/25 16:22:46.595, 3, NVIDIA A10G, 0 %, 0 %, 0 MiB, 23028 MiB
2026/02/25 16:22:47.595, 0, NVIDIA A10G, 0 %, 0 %, 2049 MiB, 23028 MiB
2026/02/25 16:22:47.595, 1, NVIDIA A10G, 0 %, 0 %, 0 MiB, 23028 MiB
2026/02/25 16:22:47.595, 2, NVIDIA A10G, 0 %, 0 %, 0 MiB, 23028 MiB
2026/02/25 16:22:47.595, 3, NVIDIA A10G, 0 %, 0 %, 0 MiB, 23028 MiB
2026/02/25 16:22:48.595, 0, NVIDIA A10G, 0 %, 0 %, 2049 MiB, 23028 MiB
2026/02/25 16:22:48.596, 1, NVIDIA A10G, 0 %, 0 %, 0 MiB, 23028 MiB
2026/02/25 16:22:48.596, 2, NVIDIA A10G, 0 %, 0 %, 0 MiB, 23028 MiB
2026/02/25 16:22:48.596, 3, NVIDIA A10G, 0 %, 0 %, 0 MiB, 23028 MiB
2026/02/25 16:22:49.596, 0, NVIDIA A10G, 0 %, 0 %, 2049 MiB, 23028 MiB
2026/02/25 16:22:49.596, 1, NVIDIA A10G, 0 %, 0 %, 0 MiB, 23028 MiB
2026/02/25 16:22:49.596, 2, NVIDIA A10G, 0 %, 0 %, 0 MiB, 23028 MiB
2026/02/25 16:22:49.596, 3, NVIDIA A10G, 0 %, 0 %, 0 MiB, 23028 MiB
2026/02/25 16:22:50.596, 0, NVIDIA A10G, 79 %, 52 %, 2049 MiB, 23028 MiB
2026/02/25 16:22:50.596, 1, NVIDIA A10G, 0 %, 0 %, 0 MiB, 23028 MiB
2026/02/25 16:22:50.596, 2, NVIDIA A10G, 0 %, 0 %, 0 MiB, 23028 MiB
2026/02/25 16:22:50.596, 3, NVIDIA A10G, 0 %, 0 %, 0 MiB, 23028 MiB
2026/02/25 16:22:51.596, 0, NVIDIA A10G, 0 %, 0 %, 2049 MiB, 23028 MiB
2026/02/25 16:22:51.596, 1, NVIDIA A10G, 0 %, 0 %, 0 MiB, 23028 MiB
2026/02/25 16:22:51.596, 2, NVIDIA A10G, 0 %, 0 %, 0 MiB, 23028 MiB
2026/02/25 16:22:51.597, 3, NVIDIA A10G, 0 %, 0 %, 0 MiB, 23028 MiB
2026/02/25 16:22:52.597, 0, NVIDIA A10G, 20 %, 6 %, 2049 MiB, 23028 MiB
2026/02/25 16:22:52.597, 1, NVIDIA A10G, 0 %, 0 %, 0 MiB, 23028 MiB
2026/02/25 16:22:52.597, 2, NVIDIA A10G, 0 %, 0 %, 0 MiB, 23028 MiB
2026/02/25 16:22:52.597, 3, NVIDIA A10G, 0 %, 0 %, 0 MiB, 23028 MiB
2026/02/25 16:22:53.597, 0, NVIDIA A10G, 22 %, 7 %, 2049 MiB, 23028 MiB
2026/02/25 16:22:53.597, 1, NVIDIA A10G, 0 %, 0 %, 0 MiB, 23028 MiB
2026/02/25 16:22:53.597, 2, NVIDIA A10G, 0 %, 0 %, 0 MiB, 23028 MiB
2026/02/25 16:22:53.597, 3, NVIDIA A10G, 0 %, 0 %, 0 MiB, 23028 MiB
2026/02/25 16:22:54.597, 0, NVIDIA A10G, 22 %, 7 %, 2049 MiB, 23028 MiB
2026/02/25 16:22:54.597, 1, NVIDIA A10G, 0 %, 0 %, 0 MiB, 23028 MiB
2026/02/25 16:22:54.597, 2, NVIDIA A10G, 0 %, 0 %, 0 MiB, 23028 MiB
2026/02/25 16:22:54.597, 3, NVIDIA A10G, 0 %, 0 %, 0 MiB, 23028 MiB
2026/02/25 16:22:55.598, 0, NVIDIA A10G, 21 %, 7 %, 2049 MiB, 23028 MiB
2026/02/25 16:22:55.598, 1, NVIDIA A10G, 0 %, 0 %, 0 MiB, 23028 MiB
2026/02/25 16:22:55.598, 2, NVIDIA A10G, 0 %, 0 %, 0 MiB, 23028 MiB
2026/02/25 16:22:55.598, 3, NVIDIA A10G, 0 %, 0 %, 0 MiB, 23028 MiB
2026/02/25 16:22:56.598, 0, NVIDIA A10G, 21 %, 6 %, 2049 MiB, 23028 MiB
2026/02/25 16:22:56.598, 1, NVIDIA A10G, 0 %, 0 %, 0 MiB, 23028 MiB
2026/02/25 16:22:56.598, 2, NVIDIA A10G, 0 %, 0 %, 0 MiB, 23028 MiB
2026/02/25 16:22:56.598, 3, NVIDIA A10G, 0 %, 0 %, 0 MiB, 23028 MiB
2026/02/25 16:22:57.598, 0, NVIDIA A10G, 22 %, 7 %, 2049 MiB, 23028 MiB
2026/02/25 16:22:57.598, 1, NVIDIA A10G, 0 %, 0 %, 0 MiB, 23028 MiB
2026/02/25 16:22:57.598, 2, NVIDIA A10G, 0 %, 0 %, 0 MiB, 23028 MiB
2026/02/25 16:22:57.598, 3, NVIDIA A10G, 0 %, 0 %, 0 MiB, 23028 MiB
2026/02/25 16:22:58.598, 0, NVIDIA A10G, 23 %, 8 %, 2049 MiB, 23028 MiB
2026/02/25 16:22:58.598, 1, NVIDIA A10G, 0 %, 0 %, 0 MiB, 23028 MiB
2026/02/25 16:22:58.599, 2, NVIDIA A10G, 0 %, 0 %, 0 MiB, 23028 MiB
2026/02/25 16:22:58.599, 3, NVIDIA A10G, 0 %, 0 %, 0 MiB, 23028 MiB
2026/02/25 16:22:59.599, 0, NVIDIA A10G, 21 %, 7 %, 2049 MiB, 23028 MiB
2026/02/25 16:22:59.599, 1, NVIDIA A10G, 0 %, 0 %, 0 MiB, 23028 MiB
2026/02/25 16:22:59.599, 2, NVIDIA A10G, 0 %, 0 %, 0 MiB, 23028 MiB
2026/02/25 16:22:59.599, 3, NVIDIA A10G, 0 %, 0 %, 0 MiB, 23028 MiB
2026/02/25 16:23:00.599, 0, NVIDIA A10G, 22 %, 8 %, 2049 MiB, 23028 MiB
2026/02/25 16:23:00.599, 1, NVIDIA A10G, 0 %, 0 %, 0 MiB, 23028 MiB
2026/02/25 16:23:00.599, 2, NVIDIA A10G, 0 %, 0 %, 0 MiB, 23028 MiB
2026/02/25 16:23:00.599, 3, NVIDIA A10G, 0 %, 0 %, 0 MiB, 23028 MiB
2026/02/25 16:23:01.599, 0, NVIDIA A10G, 23 %, 8 %, 2049 MiB, 23028 MiB
2026/02/25 16:23:01.599, 1, NVIDIA A10G, 0 %, 0 %, 0 MiB, 23028 MiB
2026/02/25 16:23:01.599, 2, NVIDIA A10G, 0 %, 0 %, 0 MiB, 23028 MiB
2026/02/25 16:23:01.599, 3, NVIDIA A10G, 0 %, 0 %, 0 MiB, 23028 MiB
2026/02/25 16:23:02.600, 0, NVIDIA A10G, 23 %, 7 %, 2049 MiB, 23028 MiB
2026/02/25 16:23:02.600, 1, NVIDIA A10G, 0 %, 0 %, 0 MiB, 23028 MiB
2026/02/25 16:23:02.600, 2, NVIDIA A10G, 0 %, 0 %, 0 MiB, 23028 MiB
2026/02/25 16:23:02.600, 3, NVIDIA A10G, 0 %, 0 %, 0 MiB, 23028 MiB
2026/02/25 16:23:03.600, 0, NVIDIA A10G, 22 %, 8 %, 2049 MiB, 23028 MiB
2026/02/25 16:23:03.600, 1, NVIDIA A10G, 0 %, 0 %, 0 MiB, 23028 MiB
2026/02/25 16:23:03.600, 2, NVIDIA A10G, 0 %, 0 %, 0 MiB, 23028 MiB
2026/02/25 16:23:03.600, 3, NVIDIA A10G, 0 %, 0 %, 0 MiB, 23028 MiB
2026/02/25 16:23:04.600, 0, NVIDIA A10G, 21 %, 7 %, 2049 MiB, 23028 MiB
2026/02/25 16:23:04.600, 1, NVIDIA A10G, 0 %, 0 %, 0 MiB, 23028 MiB
2026/02/25 16:23:04.600, 2, NVIDIA A10G, 0 %, 0 %, 0 MiB, 23028 MiB
2026/02/25 16:23:04.600, 3, NVIDIA A10G, 0 %, 0 %, 0 MiB, 23028 MiB
2026/02/25 16:23:05.600, 0, NVIDIA A10G, 21 %, 7 %, 2049 MiB, 23028 MiB
2026/02/25 16:23:05.600, 1, NVIDIA A10G, 0 %, 0 %, 0 MiB, 23028 MiB
2026/02/25 16:23:05.601, 2, NVIDIA A10G, 0 %, 0 %, 0 MiB, 23028 MiB
2026/02/25 16:23:05.601, 3, NVIDIA A10G, 0 %, 0 %, 0 MiB, 23028 MiB
2026/02/25 16:23:06.601, 0, NVIDIA A10G, 23 %, 8 %, 2049 MiB, 23028 MiB
2026/02/25 16:23:06.601, 1, NVIDIA A10G, 0 %, 0 %, 0 MiB, 23028 MiB
2026/02/25 16:23:06.601, 2, NVIDIA A10G, 0 %, 0 %, 0 MiB, 23028 MiB
2026/02/25 16:23:06.601, 3, NVIDIA A10G, 0 %, 0 %, 0 MiB, 23028 MiB
2026/02/25 16:23:07.601, 0, NVIDIA A10G, 0 %, 0 %, 2049 MiB, 23028 MiB
2026/02/25 16:23:07.601, 1, NVIDIA A10G, 0 %, 0 %, 0 MiB, 23028 MiB
2026/02/25 16:23:07.601, 2, NVIDIA A10G, 0 %, 0 %, 0 MiB, 23028 MiB
2026/02/25 16:23:07.601, 3, NVIDIA A10G, 0 %, 0 %, 0 MiB, 23028 MiB
2026/02/25 16:23:08.601, 0, NVIDIA A10G, 0 %, 0 %, 2049 MiB, 23028 MiB
2026/02/25 16:23:08.601, 1, NVIDIA A10G, 0 %, 0 %, 0 MiB, 23028 MiB
2026/02/25 16:23:08.601, 2, NVIDIA A10G, 0 %, 0 %, 0 MiB, 23028 MiB
2026/02/25 16:23:08.601, 3, NVIDIA A10G, 0 %, 0 %, 0 MiB, 23028 MiB
2026/02/25 16:23:09.602, 0, NVIDIA A10G, 0 %, 0 %, 2049 MiB, 23028 MiB
2026/02/25 16:23:09.602, 1, NVIDIA A10G, 0 %, 0 %, 0 MiB, 23028 MiB
2026/02/25 16:23:09.602, 2, NVIDIA A10G, 0 %, 0 %, 0 MiB, 23028 MiB
2026/02/25 16:23:09.602, 3, NVIDIA A10G, 0 %, 0 %, 0 MiB, 23028 MiB
2026/02/25 16:23:10.602, 0, NVIDIA A10G, 0 %, 0 %, 2049 MiB, 23028 MiB
2026/02/25 16:23:10.602, 1, NVIDIA A10G, 0 %, 0 %, 0 MiB, 23028 MiB
2026/02/25 16:23:10.602, 2, NVIDIA A10G, 0 %, 0 %, 0 MiB, 23028 MiB
2026/02/25 16:23:10.602, 3, NVIDIA A10G, 0 %, 0 %, 0 MiB, 23028 MiB
2026/02/25 16:23:11.602, 0, NVIDIA A10G, 0 %, 0 %, 2049 MiB, 23028 MiB
2026/02/25 16:23:11.602, 1, NVIDIA A10G, 0 %, 0 %, 0 MiB, 23028 MiB
2026/02/25 16:23:11.602, 2, NVIDIA A10G, 0 %, 0 %, 0 MiB, 23028 MiB
2026/02/25 16:23:11.602, 3, NVIDIA A10G, 0 %, 0 %, 0 MiB, 23028 MiB
2026/02/25 16:23:12.602, 0, NVIDIA A10G, 0 %, 0 %, 2049 MiB, 23028 MiB
2026/02/25 16:23:12.602, 1, NVIDIA A10G, 0 %, 0 %, 0 MiB, 23028 MiB
2026/02/25 16:23:12.602, 2, NVIDIA A10G, 0 %, 0 %, 0 MiB, 23028 MiB
2026/02/25 16:23:12.602, 3, NVIDIA A10G, 0 %, 0 %, 0 MiB, 23028 MiB
2026/02/25 16:23:13.603, 0, NVIDIA A10G, 0 %, 0 %, 2049 MiB, 23028 MiB
2026/02/25 16:23:13.603, 1, NVIDIA A10G, 0 %, 0 %, 0 MiB, 23028 MiB
2026/02/25 16:23:13.603, 2, NVIDIA A10G, 0 %, 0 %, 0 MiB, 23028 MiB
2026/02/25 16:23:13.603, 3, NVIDIA A10G, 0 %, 0 %, 0 MiB, 23028 MiB
2026/02/25 16:23:14.603, 0, NVIDIA A10G, 0 %, 0 %, 2049 MiB, 23028 MiB
2026/02/25 16:23:14.603, 1, NVIDIA A10G, 0 %, 0 %, 0 MiB, 23028 MiB
2026/02/25 16:23:14.603, 2, NVIDIA A10G, 0 %, 0 %, 0 MiB, 23028 MiB
2026/02/25 16:23:14.603, 3, NVIDIA A10G, 0 %, 0 %, 0 MiB, 23028 MiB
2026/02/25 16:23:15.603, 0, NVIDIA A10G, 77 %, 51 %, 2049 MiB, 23028 MiB
2026/02/25 16:23:15.603, 1, NVIDIA A10G, 0 %, 0 %, 0 MiB, 23028 MiB
2026/02/25 16:23:15.603, 2, NVIDIA A10G, 0 %, 0 %, 0 MiB, 23028 MiB
2026/02/25 16:23:15.603, 3, NVIDIA A10G, 0 %, 0 %, 0 MiB, 23028 MiB
2026/02/25 16:23:16.603, 0, NVIDIA A10G, 21 %, 7 %, 2049 MiB, 23028 MiB
2026/02/25 16:23:16.603, 1, NVIDIA A10G, 0 %, 0 %, 0 MiB, 23028 MiB
2026/02/25 16:23:16.604, 2, NVIDIA A10G, 0 %, 0 %, 0 MiB, 23028 MiB
2026/02/25 16:23:16.604, 3, NVIDIA A10G, 0 %, 0 %, 0 MiB, 23028 MiB
2026/02/25 16:23:17.604, 0, NVIDIA A10G, 21 %, 6 %, 2049 MiB, 23028 MiB
2026/02/25 16:23:17.604, 1, NVIDIA A10G, 0 %, 0 %, 0 MiB, 23028 MiB
2026/02/25 16:23:17.604, 2, NVIDIA A10G, 0 %, 0 %, 0 MiB, 23028 MiB
2026/02/25 16:23:17.604, 3, NVIDIA A10G, 0 %, 0 %, 0 MiB, 23028 MiB
2026/02/25 16:23:18.604, 0, NVIDIA A10G, 21 %, 7 %, 2049 MiB, 23028 MiB
2026/02/25 16:23:18.604, 1, NVIDIA A10G, 0 %, 0 %, 0 MiB, 23028 MiB
2026/02/25 16:23:18.604, 2, NVIDIA A10G, 0 %, 0 %, 0 MiB, 23028 MiB
2026/02/25 16:23:18.604, 3, NVIDIA A10G, 0 %, 0 %, 0 MiB, 23028 MiB
2026/02/25 16:23:19.604, 0, NVIDIA A10G, 16 %, 5 %, 2049 MiB, 23028 MiB
2026/02/25 16:23:19.604, 1, NVIDIA A10G, 0 %, 0 %, 0 MiB, 23028 MiB
2026/02/25 16:23:19.605, 2, NVIDIA A10G, 0 %, 0 %, 0 MiB, 23028 MiB
2026/02/25 16:23:19.605, 3, NVIDIA A10G, 0 %, 0 %, 0 MiB, 23028 MiB
2026/02/25 16:23:20.605, 0, NVIDIA A10G, 20 %, 6 %, 2049 MiB, 23028 MiB
2026/02/25 16:23:20.605, 1, NVIDIA A10G, 0 %, 0 %, 0 MiB, 23028 MiB
2026/02/25 16:23:20.605, 2, NVIDIA A10G, 0 %, 0 %, 0 MiB, 23028 MiB
2026/02/25 16:23:20.605, 3, NVIDIA A10G, 0 %, 0 %, 0 MiB, 23028 MiB
2026/02/25 16:23:21.605, 0, NVIDIA A10G, 20 %, 6 %, 2049 MiB, 23028 MiB
2026/02/25 16:23:21.605, 1, NVIDIA A10G, 0 %, 0 %, 0 MiB, 23028 MiB
2026/02/25 16:23:21.605, 2, NVIDIA A10G, 0 %, 0 %, 0 MiB, 23028 MiB
2026/02/25 16:23:21.605, 3, NVIDIA A10G, 0 %, 0 %, 0 MiB, 23028 MiB
2026/02/25 16:23:22.605, 0, NVIDIA A10G, 19 %, 6 %, 2049 MiB, 23028 MiB
2026/02/25 16:23:22.605, 1, NVIDIA A10G, 0 %, 0 %, 0 MiB, 23028 MiB
2026/02/25 16:23:22.606, 2, NVIDIA A10G, 0 %, 0 %, 0 MiB, 23028 MiB
2026/02/25 16:23:22.606, 3, NVIDIA A10G, 0 %, 0 %, 0 MiB, 23028 MiB
2026/02/25 16:23:23.606, 0, NVIDIA A10G, 21 %, 7 %, 2049 MiB, 23028 MiB
2026/02/25 16:23:23.606, 1, NVIDIA A10G, 0 %, 0 %, 0 MiB, 23028 MiB
2026/02/25 16:23:23.606, 2, NVIDIA A10G, 0 %, 0 %, 0 MiB, 23028 MiB
2026/02/25 16:23:23.606, 3, NVIDIA A10G, 0 %, 0 %, 0 MiB, 23028 MiB
2026/02/25 16:23:24.606, 0, NVIDIA A10G, 20 %, 7 %, 2049 MiB, 23028 MiB
2026/02/25 16:23:24.606, 1, NVIDIA A10G, 0 %, 0 %, 0 MiB, 23028 MiB
2026/02/25 16:23:24.606, 2, NVIDIA A10G, 0 %, 0 %, 0 MiB, 23028 MiB
2026/02/25 16:23:24.606, 3, NVIDIA A10G, 0 %, 0 %, 0 MiB, 23028 MiB
2026/02/25 16:23:25.606, 0, NVIDIA A10G, 21 %, 8 %, 2049 MiB, 23028 MiB
2026/02/25 16:23:25.606, 1, NVIDIA A10G, 0 %, 0 %, 0 MiB, 23028 MiB
2026/02/25 16:23:25.606, 2, NVIDIA A10G, 0 %, 0 %, 0 MiB, 23028 MiB
2026/02/25 16:23:25.607, 3, NVIDIA A10G, 0 %, 0 %, 0 MiB, 23028 MiB
2026/02/25 16:23:26.607, 0, NVIDIA A10G, 19 %, 6 %, 2049 MiB, 23028 MiB
2026/02/25 16:23:26.607, 1, NVIDIA A10G, 0 %, 0 %, 0 MiB, 23028 MiB
2026/02/25 16:23:26.607, 2, NVIDIA A10G, 0 %, 0 %, 0 MiB, 23028 MiB
2026/02/25 16:23:26.607, 3, NVIDIA A10G, 0 %, 0 %, 0 MiB, 23028 MiB
2026/02/25 16:23:27.607, 0, NVIDIA A10G, 20 %, 7 %, 2049 MiB, 23028 MiB
2026/02/25 16:23:27.607, 1, NVIDIA A10G, 0 %, 0 %, 0 MiB, 23028 MiB
2026/02/25 16:23:27.607, 2, NVIDIA A10G, 0 %, 0 %, 0 MiB, 23028 MiB
2026/02/25 16:23:27.607, 3, NVIDIA A10G, 0 %, 0 %, 0 MiB, 23028 MiB
2026/02/25 16:23:28.607, 0, NVIDIA A10G, 0 %, 0 %, 2049 MiB, 23028 MiB
2026/02/25 16:23:28.607, 1, NVIDIA A10G, 0 %, 0 %, 0 MiB, 23028 MiB
2026/02/25 16:23:28.608, 2, NVIDIA A10G, 0 %, 0 %, 0 MiB, 23028 MiB
2026/02/25 16:23:28.608, 3, NVIDIA A10G, 0 %, 0 %, 0 MiB, 23028 MiB
2026/02/25 16:23:29.608, 0, NVIDIA A10G, 0 %, 0 %, 2049 MiB, 23028 MiB
2026/02/25 16:23:29.609, 1, NVIDIA A10G, 0 %, 0 %, 0 MiB, 23028 MiB
2026/02/25 16:23:29.609, 2, NVIDIA A10G, 0 %, 0 %, 0 MiB, 23028 MiB
2026/02/25 16:23:29.609, 3, NVIDIA A10G, 0 %, 0 %, 0 MiB, 23028 MiB
2026/02/25 16:23:30.609, 0, NVIDIA A10G, 0 %, 0 %, 2049 MiB, 23028 MiB
2026/02/25 16:23:30.609, 1, NVIDIA A10G, 0 %, 0 %, 0 MiB, 23028 MiB
2026/02/25 16:23:30.610, 2, NVIDIA A10G, 0 %, 0 %, 0 MiB, 23028 MiB
2026/02/25 16:23:30.610, 3, NVIDIA A10G, 0 %, 0 %, 0 MiB, 23028 MiB
2026/02/25 16:23:31.610, 0, NVIDIA A10G, 0 %, 0 %, 2049 MiB, 23028 MiB
2026/02/25 16:23:31.610, 1, NVIDIA A10G, 0 %, 0 %, 0 MiB, 23028 MiB
2026/02/25 16:23:31.610, 2, NVIDIA A10G, 0 %, 0 %, 0 MiB, 23028 MiB
2026/02/25 16:23:31.610, 3, NVIDIA A10G, 0 %, 0 %, 0 MiB, 23028 MiB
2026/02/25 16:23:32.610, 0, NVIDIA A10G, 0 %, 0 %, 2049 MiB, 23028 MiB
2026/02/25 16:23:32.610, 1, NVIDIA A10G, 0 %, 0 %, 0 MiB, 23028 MiB
2026/02/25 16:23:32.610, 2, NVIDIA A10G, 0 %, 0 %, 0 MiB, 23028 MiB
2026/02/25 16:23:32.610, 3, NVIDIA A10G, 0 %, 0 %, 0 MiB, 23028 MiB
2026/02/25 16:23:33.610, 0, NVIDIA A10G, 0 %, 0 %, 2049 MiB, 23028 MiB
2026/02/25 16:23:33.611, 1, NVIDIA A10G, 0 %, 0 %, 0 MiB, 23028 MiB
2026/02/25 16:23:33.611, 2, NVIDIA A10G, 0 %, 0 %, 0 MiB, 23028 MiB
2026/02/25 16:23:33.611, 3, NVIDIA A10G, 0 %, 0 %, 0 MiB, 23028 MiB
2026/02/25 16:23:34.611, 0, NVIDIA A10G, 0 %, 0 %, 2049 MiB, 23028 MiB
2026/02/25 16:23:34.611, 1, NVIDIA A10G, 0 %, 0 %, 0 MiB, 23028 MiB
2026/02/25 16:23:34.611, 2, NVIDIA A10G, 0 %, 0 %, 0 MiB, 23028 MiB
2026/02/25 16:23:34.611, 3, NVIDIA A10G, 0 %, 0 %, 0 MiB, 23028 MiB
2026/02/25 16:23:35.611, 0, NVIDIA A10G, 23 %, 8 %, 2049 MiB, 23028 MiB
2026/02/25 16:23:35.611, 1, NVIDIA A10G, 0 %, 0 %, 0 MiB, 23028 MiB
2026/02/25 16:23:35.611, 2, NVIDIA A10G, 0 %, 0 %, 0 MiB, 23028 MiB
2026/02/25 16:23:35.611, 3, NVIDIA A10G, 0 %, 0 %, 0 MiB, 23028 MiB
2026/02/25 16:23:36.611, 0, NVIDIA A10G, 24 %, 8 %, 2049 MiB, 23028 MiB
2026/02/25 16:23:36.611, 1, NVIDIA A10G, 0 %, 0 %, 0 MiB, 23028 MiB
2026/02/25 16:23:36.611, 2, NVIDIA A10G, 0 %, 0 %, 0 MiB, 23028 MiB
2026/02/25 16:23:36.611, 3, NVIDIA A10G, 0 %, 0 %, 0 MiB, 23028 MiB
2026/02/25 16:23:37.612, 0, NVIDIA A10G, 23 %, 8 %, 2049 MiB, 23028 MiB
2026/02/25 16:23:37.612, 1, NVIDIA A10G, 0 %, 0 %, 0 MiB, 23028 MiB
2026/02/25 16:23:37.612, 2, NVIDIA A10G, 0 %, 0 %, 0 MiB, 23028 MiB
2026/02/25 16:23:37.612, 3, NVIDIA A10G, 0 %, 0 %, 0 MiB, 23028 MiB
2026/02/25 16:23:38.612, 0, NVIDIA A10G, 21 %, 7 %, 2049 MiB, 23028 MiB
2026/02/25 16:23:38.612, 1, NVIDIA A10G, 0 %, 0 %, 0 MiB, 23028 MiB
2026/02/25 16:23:38.612, 2, NVIDIA A10G, 0 %, 0 %, 0 MiB, 23028 MiB
2026/02/25 16:23:38.612, 3, NVIDIA A10G, 0 %, 0 %, 0 MiB, 23028 MiB
2026/02/25 16:23:39.612, 0, NVIDIA A10G, 22 %, 7 %, 2049 MiB, 23028 MiB
2026/02/25 16:23:39.612, 1, NVIDIA A10G, 0 %, 0 %, 0 MiB, 23028 MiB
2026/02/25 16:23:39.612, 2, NVIDIA A10G, 0 %, 0 %, 0 MiB, 23028 MiB
2026/02/25 16:23:39.612, 3, NVIDIA A10G, 0 %, 0 %, 0 MiB, 23028 MiB
2026/02/25 16:23:40.612, 0, NVIDIA A10G, 22 %, 7 %, 2049 MiB, 23028 MiB
2026/02/25 16:23:40.612, 1, NVIDIA A10G, 0 %, 0 %, 0 MiB, 23028 MiB
2026/02/25 16:23:40.613, 2, NVIDIA A10G, 0 %, 0 %, 0 MiB, 23028 MiB
2026/02/25 16:23:40.613, 3, NVIDIA A10G, 0 %, 0 %, 0 MiB, 23028 MiB
2026/02/25 16:23:41.613, 0, NVIDIA A10G, 23 %, 8 %, 2049 MiB, 23028 MiB
2026/02/25 16:23:41.613, 1, NVIDIA A10G, 0 %, 0 %, 0 MiB, 23028 MiB
2026/02/25 16:23:41.613, 2, NVIDIA A10G, 0 %, 0 %, 0 MiB, 23028 MiB
2026/02/25 16:23:41.613, 3, NVIDIA A10G, 0 %, 0 %, 0 MiB, 23028 MiB
2026/02/25 16:23:42.613, 0, NVIDIA A10G, 20 %, 7 %, 2049 MiB, 23028 MiB
2026/02/25 16:23:42.613, 1, NVIDIA A10G, 0 %, 0 %, 0 MiB, 23028 MiB
2026/02/25 16:23:42.613, 2, NVIDIA A10G, 0 %, 0 %, 0 MiB, 23028 MiB
2026/02/25 16:23:42.613, 3, NVIDIA A10G, 0 %, 0 %, 0 MiB, 23028 MiB
2026/02/25 16:23:43.613, 0, NVIDIA A10G, 0 %, 0 %, 2049 MiB, 23028 MiB
2026/02/25 16:23:43.613, 1, NVIDIA A10G, 0 %, 0 %, 0 MiB, 23028 MiB
2026/02/25 16:23:43.613, 2, NVIDIA A10G, 0 %, 0 %, 0 MiB, 23028 MiB
2026/02/25 16:23:43.613, 3, NVIDIA A10G, 0 %, 0 %, 0 MiB, 23028 MiB
2026/02/25 16:23:44.614, 0, NVIDIA A10G, 0 %, 0 %, 2049 MiB, 23028 MiB
2026/02/25 16:23:44.614, 1, NVIDIA A10G, 0 %, 0 %, 0 MiB, 23028 MiB
2026/02/25 16:23:44.614, 2, NVIDIA A10G, 0 %, 0 %, 0 MiB, 23028 MiB
2026/02/25 16:23:44.614, 3, NVIDIA A10G, 0 %, 0 %, 0 MiB, 23028 MiB
2026/02/25 16:23:45.614, 0, NVIDIA A10G, 0 %, 0 %, 2049 MiB, 23028 MiB
2026/02/25 16:23:45.614, 1, NVIDIA A10G, 0 %, 0 %, 0 MiB, 23028 MiB
2026/02/25 16:23:45.614, 2, NVIDIA A10G, 0 %, 0 %, 0 MiB, 23028 MiB
2026/02/25 16:23:45.614, 3, NVIDIA A10G, 0 %, 0 %, 0 MiB, 23028 MiB
2026/02/25 16:23:46.614, 0, NVIDIA A10G, 100 %, 67 %, 2049 MiB, 23028 MiB
2026/02/25 16:23:46.614, 1, NVIDIA A10G, 0 %, 0 %, 0 MiB, 23028 MiB
2026/02/25 16:23:46.614, 2, NVIDIA A10G, 0 %, 0 %, 0 MiB, 23028 MiB
2026/02/25 16:23:46.614, 3, NVIDIA A10G, 0 %, 0 %, 0 MiB, 23028 MiB
2026/02/25 16:23:47.614, 0, NVIDIA A10G, 22 %, 7 %, 2049 MiB, 23028 MiB
2026/02/25 16:23:47.615, 1, NVIDIA A10G, 0 %, 0 %, 0 MiB, 23028 MiB
2026/02/25 16:23:47.615, 2, NVIDIA A10G, 0 %, 0 %, 0 MiB, 23028 MiB
2026/02/25 16:23:47.615, 3, NVIDIA A10G, 0 %, 0 %, 0 MiB, 23028 MiB
2026/02/25 16:23:48.615, 0, NVIDIA A10G, 23 %, 8 %, 2049 MiB, 23028 MiB
2026/02/25 16:23:48.615, 1, NVIDIA A10G, 0 %, 0 %, 0 MiB, 23028 MiB
2026/02/25 16:23:48.615, 2, NVIDIA A10G, 0 %, 0 %, 0 MiB, 23028 MiB
2026/02/25 16:23:48.615, 3, NVIDIA A10G, 0 %, 0 %, 0 MiB, 23028 MiB
2026/02/25 16:23:49.615, 0, NVIDIA A10G, 22 %, 7 %, 2049 MiB, 23028 MiB
2026/02/25 16:23:49.615, 1, NVIDIA A10G, 0 %, 0 %, 0 MiB, 23028 MiB
2026/02/25 16:23:49.615, 2, NVIDIA A10G, 0 %, 0 %, 0 MiB, 23028 MiB
2026/02/25 16:23:49.615, 3, NVIDIA A10G, 0 %, 0 %, 0 MiB, 23028 MiB
2026/02/25 16:23:50.616, 0, NVIDIA A10G, 25 %, 9 %, 2049 MiB, 23028 MiB
2026/02/25 16:23:50.616, 1, NVIDIA A10G, 0 %, 0 %, 0 MiB, 23028 MiB
2026/02/25 16:23:50.616, 2, NVIDIA A10G, 0 %, 0 %, 0 MiB, 23028 MiB
2026/02/25 16:23:50.616, 3, NVIDIA A10G, 0 %, 0 %, 0 MiB, 23028 MiB
2026/02/25 16:23:51.616, 0, NVIDIA A10G, 0 %, 0 %, 2049 MiB, 23028 MiB
2026/02/25 16:23:51.616, 1, NVIDIA A10G, 0 %, 0 %, 0 MiB, 23028 MiB
2026/02/25 16:23:51.616, 2, NVIDIA A10G, 0 %, 0 %, 0 MiB, 23028 MiB
2026/02/25 16:23:51.616, 3, NVIDIA A10G, 0 %, 0 %, 0 MiB, 23028 MiB
2026/02/25 16:23:52.616, 0, NVIDIA A10G, 0 %, 0 %, 2049 MiB, 23028 MiB
2026/02/25 16:23:52.616, 1, NVIDIA A10G, 0 %, 0 %, 0 MiB, 23028 MiB
2026/02/25 16:23:52.617, 2, NVIDIA A10G, 0 %, 0 %, 0 MiB, 23028 MiB
2026/02/25 16:23:52.617, 3, NVIDIA A10G, 0 %, 0 %, 0 MiB, 23028 MiB
2026/02/25 16:23:53.617, 0, NVIDIA A10G, 0 %, 0 %, 2049 MiB, 23028 MiB
2026/02/25 16:23:53.617, 1, NVIDIA A10G, 0 %, 0 %, 0 MiB, 23028 MiB
2026/02/25 16:23:53.617, 2, NVIDIA A10G, 0 %, 0 %, 0 MiB, 23028 MiB
2026/02/25 16:23:53.617, 3, NVIDIA A10G, 0 %, 0 %, 0 MiB, 23028 MiB
2026/02/25 16:23:54.617, 0, NVIDIA A10G, 0 %, 0 %, 2049 MiB, 23028 MiB
2026/02/25 16:23:54.617, 1, NVIDIA A10G, 0 %, 0 %, 0 MiB, 23028 MiB
2026/02/25 16:23:54.617, 2, NVIDIA A10G, 0 %, 0 %, 0 MiB, 23028 MiB
2026/02/25 16:23:54.617, 3, NVIDIA A10G, 0 %, 0 %, 0 MiB, 23028 MiB
2026/02/25 16:23:55.618, 0, NVIDIA A10G, 21 %, 7 %, 2049 MiB, 23028 MiB
2026/02/25 16:23:55.618, 1, NVIDIA A10G, 0 %, 0 %, 0 MiB, 23028 MiB
2026/02/25 16:23:55.618, 2, NVIDIA A10G, 0 %, 0 %, 0 MiB, 23028 MiB
2026/02/25 16:23:55.618, 3, NVIDIA A10G, 0 %, 0 %, 0 MiB, 23028 MiB
2026/02/25 16:23:56.618, 0, NVIDIA A10G, 22 %, 8 %, 2049 MiB, 23028 MiB
2026/02/25 16:23:56.618, 1, NVIDIA A10G, 0 %, 0 %, 0 MiB, 23028 MiB
2026/02/25 16:23:56.618, 2, NVIDIA A10G, 0 %, 0 %, 0 MiB, 23028 MiB
2026/02/25 16:23:56.618, 3, NVIDIA A10G, 0 %, 0 %, 0 MiB, 23028 MiB
2026/02/25 16:23:57.618, 0, NVIDIA A10G, 21 %, 7 %, 2049 MiB, 23028 MiB
2026/02/25 16:23:57.618, 1, NVIDIA A10G, 0 %, 0 %, 0 MiB, 23028 MiB
2026/02/25 16:23:57.619, 2, NVIDIA A10G, 0 %, 0 %, 0 MiB, 23028 MiB
2026/02/25 16:23:57.619, 3, NVIDIA A10G, 0 %, 0 %, 0 MiB, 23028 MiB
2026/02/25 16:23:58.619, 0, NVIDIA A10G, 21 %, 7 %, 2049 MiB, 23028 MiB
2026/02/25 16:23:58.619, 1, NVIDIA A10G, 0 %, 0 %, 0 MiB, 23028 MiB
2026/02/25 16:23:58.619, 2, NVIDIA A10G, 0 %, 0 %, 0 MiB, 23028 MiB
2026/02/25 16:23:58.619, 3, NVIDIA A10G, 0 %, 0 %, 0 MiB, 23028 MiB
2026/02/25 16:23:59.619, 0, NVIDIA A10G, 0 %, 0 %, 2049 MiB, 23028 MiB
2026/02/25 16:23:59.619, 1, NVIDIA A10G, 0 %, 0 %, 0 MiB, 23028 MiB
2026/02/25 16:23:59.621, 2, NVIDIA A10G, 0 %, 0 %, 0 MiB, 23028 MiB
2026/02/25 16:23:59.621, 3, NVIDIA A10G, 0 %, 0 %, 0 MiB, 23028 MiB
2026/02/25 16:24:00.621, 0, NVIDIA A10G, 0 %, 0 %, 2049 MiB, 23028 MiB
2026/02/25 16:24:00.621, 1, NVIDIA A10G, 0 %, 0 %, 0 MiB, 23028 MiB
2026/02/25 16:24:00.621, 2, NVIDIA A10G, 0 %, 0 %, 0 MiB, 23028 MiB
2026/02/25 16:24:00.621, 3, NVIDIA A10G, 0 %, 0 %, 0 MiB, 23028 MiB
2026/02/25 16:24:01.621, 0, NVIDIA A10G, 0 %, 0 %, 2049 MiB, 23028 MiB
2026/02/25 16:24:01.621, 1, NVIDIA A10G, 0 %, 0 %, 0 MiB, 23028 MiB
2026/02/25 16:24:01.621, 2, NVIDIA A10G, 0 %, 0 %, 0 MiB, 23028 MiB
2026/02/25 16:24:01.621, 3, NVIDIA A10G, 0 %, 0 %, 0 MiB, 23028 MiB
2026/02/25 16:24:02.622, 0, NVIDIA A10G, 0 %, 0 %, 2049 MiB, 23028 MiB
2026/02/25 16:24:02.622, 1, NVIDIA A10G, 0 %, 0 %, 0 MiB, 23028 MiB
2026/02/25 16:24:02.622, 2, NVIDIA A10G, 0 %, 0 %, 0 MiB, 23028 MiB
2026/02/25 16:24:02.622, 3, NVIDIA A10G, 0 %, 0 %, 0 MiB, 23028 MiB
2026/02/25 16:24:03.622, 0, NVIDIA A10G, 0 %, 0 %, 2049 MiB, 23028 MiB
2026/02/25 16:24:03.622, 1, NVIDIA A10G, 0 %, 0 %, 0 MiB, 23028 MiB
2026/02/25 16:24:03.622, 2, NVIDIA A10G, 0 %, 0 %, 0 MiB, 23028 MiB
2026/02/25 16:24:03.622, 3, NVIDIA A10G, 0 %, 0 %, 0 MiB, 23028 MiB
2026/02/25 16:24:04.622, 0, NVIDIA A10G, 0 %, 0 %, 2049 MiB, 23028 MiB
2026/02/25 16:24:04.622, 1, NVIDIA A10G, 0 %, 0 %, 0 MiB, 23028 MiB
2026/02/25 16:24:04.622, 2, NVIDIA A10G, 0 %, 0 %, 0 MiB, 23028 MiB
2026/02/25 16:24:04.622, 3, NVIDIA A10G, 0 %, 0 %, 0 MiB, 23028 MiB
2026/02/25 16:24:05.622, 0, NVIDIA A10G, 0 %, 0 %, 2049 MiB, 23028 MiB
2026/02/25 16:24:05.623, 1, NVIDIA A10G, 0 %, 0 %, 0 MiB, 23028 MiB
2026/02/25 16:24:05.623, 2, NVIDIA A10G, 0 %, 0 %, 0 MiB, 23028 MiB
2026/02/25 16:24:05.623, 3, NVIDIA A10G, 0 %, 0 %, 0 MiB, 23028 MiB
2026/02/25 16:24:06.623, 0, NVIDIA A10G, 19 %, 6 %, 2049 MiB, 23028 MiB
2026/02/25 16:24:06.623, 1, NVIDIA A10G, 0 %, 0 %, 0 MiB, 23028 MiB
2026/02/25 16:24:06.623, 2, NVIDIA A10G, 0 %, 0 %, 0 MiB, 23028 MiB
2026/02/25 16:24:06.623, 3, NVIDIA A10G, 0 %, 0 %, 0 MiB, 23028 MiB
2026/02/25 16:24:07.623, 0, NVIDIA A10G, 22 %, 8 %, 2049 MiB, 23028 MiB
2026/02/25 16:24:07.623, 1, NVIDIA A10G, 0 %, 0 %, 0 MiB, 23028 MiB
2026/02/25 16:24:07.623, 2, NVIDIA A10G, 0 %, 0 %, 0 MiB, 23028 MiB
2026/02/25 16:24:07.623, 3, NVIDIA A10G, 0 %, 0 %, 0 MiB, 23028 MiB
2026/02/25 16:24:08.624, 0, NVIDIA A10G, 22 %, 8 %, 2049 MiB, 23028 MiB
2026/02/25 16:24:08.624, 1, NVIDIA A10G, 0 %, 0 %, 0 MiB, 23028 MiB
2026/02/25 16:24:08.624, 2, NVIDIA A10G, 0 %, 0 %, 0 MiB, 23028 MiB
2026/02/25 16:24:08.624, 3, NVIDIA A10G, 0 %, 0 %, 0 MiB, 23028 MiB
2026/02/25 16:24:09.624, 0, NVIDIA A10G, 24 %, 8 %, 2049 MiB, 23028 MiB
2026/02/25 16:24:09.624, 1, NVIDIA A10G, 0 %, 0 %, 0 MiB, 23028 MiB
2026/02/25 16:24:09.624, 2, NVIDIA A10G, 0 %, 0 %, 0 MiB, 23028 MiB
2026/02/25 16:24:09.624, 3, NVIDIA A10G, 0 %, 0 %, 0 MiB, 23028 MiB
2026/02/25 16:24:10.624, 0, NVIDIA A10G, 22 %, 8 %, 2049 MiB, 23028 MiB
2026/02/25 16:24:10.624, 1, NVIDIA A10G, 0 %, 0 %, 0 MiB, 23028 MiB
2026/02/25 16:24:10.624, 2, NVIDIA A10G, 0 %, 0 %, 0 MiB, 23028 MiB
2026/02/25 16:24:10.624, 3, NVIDIA A10G, 0 %, 0 %, 0 MiB, 23028 MiB
2026/02/25 16:24:11.625, 0, NVIDIA A10G, 23 %, 9 %, 2049 MiB, 23028 MiB
2026/02/25 16:24:11.625, 1, NVIDIA A10G, 0 %, 0 %, 0 MiB, 23028 MiB
2026/02/25 16:24:11.625, 2, NVIDIA A10G, 0 %, 0 %, 0 MiB, 23028 MiB
2026/02/25 16:24:11.625, 3, NVIDIA A10G, 0 %, 0 %, 0 MiB, 23028 MiB
2026/02/25 16:24:12.625, 0, NVIDIA A10G, 21 %, 7 %, 2049 MiB, 23028 MiB
2026/02/25 16:24:12.625, 1, NVIDIA A10G, 0 %, 0 %, 0 MiB, 23028 MiB
2026/02/25 16:24:12.625, 2, NVIDIA A10G, 0 %, 0 %, 0 MiB, 23028 MiB
2026/02/25 16:24:12.625, 3, NVIDIA A10G, 0 %, 0 %, 0 MiB, 23028 MiB
2026/02/25 16:24:13.625, 0, NVIDIA A10G, 14 %, 5 %, 2049 MiB, 23028 MiB
2026/02/25 16:24:13.625, 1, NVIDIA A10G, 0 %, 0 %, 0 MiB, 23028 MiB
2026/02/25 16:24:13.625, 2, NVIDIA A10G, 0 %, 0 %, 0 MiB, 23028 MiB
2026/02/25 16:24:13.625, 3, NVIDIA A10G, 0 %, 0 %, 0 MiB, 23028 MiB
2026/02/25 16:24:14.626, 0, NVIDIA A10G, 0 %, 0 %, 2049 MiB, 23028 MiB
2026/02/25 16:24:14.626, 1, NVIDIA A10G, 0 %, 0 %, 0 MiB, 23028 MiB
2026/02/25 16:24:14.626, 2, NVIDIA A10G, 0 %, 0 %, 0 MiB, 23028 MiB
2026/02/25 16:24:14.626, 3, NVIDIA A10G, 0 %, 0 %, 0 MiB, 23028 MiB
2026/02/25 16:24:15.626, 0, NVIDIA A10G, 0 %, 0 %, 2049 MiB, 23028 MiB
2026/02/25 16:24:15.626, 1, NVIDIA A10G, 0 %, 0 %, 0 MiB, 23028 MiB
2026/02/25 16:24:15.626, 2, NVIDIA A10G, 0 %, 0 %, 0 MiB, 23028 MiB
2026/02/25 16:24:15.626, 3, NVIDIA A10G, 0 %, 0 %, 0 MiB, 23028 MiB
2026/02/25 16:24:16.626, 0, NVIDIA A10G, 0 %, 0 %, 2049 MiB, 23028 MiB
2026/02/25 16:24:16.626, 1, NVIDIA A10G, 0 %, 0 %, 0 MiB, 23028 MiB
2026/02/25 16:24:16.626, 2, NVIDIA A10G, 0 %, 0 %, 0 MiB, 23028 MiB
2026/02/25 16:24:16.626, 3, NVIDIA A10G, 0 %, 0 %, 0 MiB, 23028 MiB
2026/02/25 16:24:17.626, 0, NVIDIA A10G, 0 %, 0 %, 2049 MiB, 23028 MiB
2026/02/25 16:24:17.627, 1, NVIDIA A10G, 0 %, 0 %, 0 MiB, 23028 MiB
2026/02/25 16:24:17.627, 2, NVIDIA A10G, 0 %, 0 %, 0 MiB, 23028 MiB
2026/02/25 16:24:17.627, 3, NVIDIA A10G, 0 %, 0 %, 0 MiB, 23028 MiB
2026/02/25 16:24:18.627, 0, NVIDIA A10G, 0 %, 0 %, 2049 MiB, 23028 MiB
2026/02/25 16:24:18.627, 1, NVIDIA A10G, 0 %, 0 %, 0 MiB, 23028 MiB
2026/02/25 16:24:18.627, 2, NVIDIA A10G, 0 %, 0 %, 0 MiB, 23028 MiB
2026/02/25 16:24:18.627, 3, NVIDIA A10G, 0 %, 0 %, 0 MiB, 23028 MiB
2026/02/25 16:24:19.627, 0, NVIDIA A10G, 0 %, 0 %, 2049 MiB, 23028 MiB
2026/02/25 16:24:19.627, 1, NVIDIA A10G, 0 %, 0 %, 0 MiB, 23028 MiB
2026/02/25 16:24:19.627, 2, NVIDIA A10G, 0 %, 0 %, 0 MiB, 23028 MiB
2026/02/25 16:24:19.627, 3, NVIDIA A10G, 0 %, 0 %, 0 MiB, 23028 MiB
2026/02/25 16:24:20.627, 0, NVIDIA A10G, 0 %, 0 %, 2049 MiB, 23028 MiB
2026/02/25 16:24:20.627, 1, NVIDIA A10G, 0 %, 0 %, 0 MiB, 23028 MiB
2026/02/25 16:24:20.627, 2, NVIDIA A10G, 0 %, 0 %, 0 MiB, 23028 MiB
2026/02/25 16:24:20.627, 3, NVIDIA A10G, 0 %, 0 %, 0 MiB, 23028 MiB
2026/02/25 16:24:21.628, 0, NVIDIA A10G, 0 %, 0 %, 2049 MiB, 23028 MiB
2026/02/25 16:24:21.628, 1, NVIDIA A10G, 0 %, 0 %, 0 MiB, 23028 MiB
2026/02/25 16:24:21.628, 2, NVIDIA A10G, 0 %, 0 %, 0 MiB, 23028 MiB
2026/02/25 16:24:21.628, 3, NVIDIA A10G, 0 %, 0 %, 0 MiB, 23028 MiB
2026/02/25 16:24:22.628, 0, NVIDIA A10G, 0 %, 0 %, 2049 MiB, 23028 MiB
2026/02/25 16:24:22.628, 1, NVIDIA A10G, 0 %, 0 %, 0 MiB, 23028 MiB
2026/02/25 16:24:22.628, 2, NVIDIA A10G, 0 %, 0 %, 0 MiB, 23028 MiB
2026/02/25 16:24:22.628, 3, NVIDIA A10G, 0 %, 0 %, 0 MiB, 23028 MiB
2026/02/25 16:24:23.629, 0, NVIDIA A10G, 81 %, 51 %, 2049 MiB, 23028 MiB
2026/02/25 16:24:23.629, 1, NVIDIA A10G, 0 %, 0 %, 0 MiB, 23028 MiB
2026/02/25 16:24:23.629, 2, NVIDIA A10G, 0 %, 0 %, 0 MiB, 23028 MiB
2026/02/25 16:24:23.629, 3, NVIDIA A10G, 0 %, 0 %, 0 MiB, 23028 MiB
2026/02/25 16:24:24.629, 0, NVIDIA A10G, 22 %, 8 %, 2049 MiB, 23028 MiB
2026/02/25 16:24:24.629, 1, NVIDIA A10G, 0 %, 0 %, 0 MiB, 23028 MiB
2026/02/25 16:24:24.629, 2, NVIDIA A10G, 0 %, 0 %, 0 MiB, 23028 MiB
2026/02/25 16:24:24.629, 3, NVIDIA A10G, 0 %, 0 %, 0 MiB, 23028 MiB
2026/02/25 16:24:25.629, 0, NVIDIA A10G, 22 %, 8 %, 2049 MiB, 23028 MiB
2026/02/25 16:24:25.629, 1, NVIDIA A10G, 0 %, 0 %, 0 MiB, 23028 MiB
2026/02/25 16:24:25.629, 2, NVIDIA A10G, 0 %, 0 %, 0 MiB, 23028 MiB
2026/02/25 16:24:25.630, 3, NVIDIA A10G, 0 %, 0 %, 0 MiB, 23028 MiB
2026/02/25 16:24:26.630, 0, NVIDIA A10G, 23 %, 7 %, 2049 MiB, 23028 MiB
2026/02/25 16:24:26.630, 1, NVIDIA A10G, 0 %, 0 %, 0 MiB, 23028 MiB
2026/02/25 16:24:26.630, 2, NVIDIA A10G, 0 %, 0 %, 0 MiB, 23028 MiB
2026/02/25 16:24:26.630, 3, NVIDIA A10G, 0 %, 0 %, 0 MiB, 23028 MiB
2026/02/25 16:24:27.630, 0, NVIDIA A10G, 24 %, 9 %, 2049 MiB, 23028 MiB
2026/02/25 16:24:27.630, 1, NVIDIA A10G, 0 %, 0 %, 0 MiB, 23028 MiB
2026/02/25 16:24:27.630, 2, NVIDIA A10G, 0 %, 0 %, 0 MiB, 23028 MiB
2026/02/25 16:24:27.630, 3, NVIDIA A10G, 0 %, 0 %, 0 MiB, 23028 MiB
2026/02/25 16:24:28.630, 0, NVIDIA A10G, 21 %, 7 %, 2049 MiB, 23028 MiB
2026/02/25 16:24:28.631, 1, NVIDIA A10G, 0 %, 0 %, 0 MiB, 23028 MiB
2026/02/25 16:24:28.631, 2, NVIDIA A10G, 0 %, 0 %, 0 MiB, 23028 MiB
2026/02/25 16:24:28.631, 3, NVIDIA A10G, 0 %, 0 %, 0 MiB, 23028 MiB
2026/02/25 16:24:29.631, 0, NVIDIA A10G, 23 %, 8 %, 2049 MiB, 23028 MiB
2026/02/25 16:24:29.631, 1, NVIDIA A10G, 0 %, 0 %, 0 MiB, 23028 MiB
2026/02/25 16:24:29.631, 2, NVIDIA A10G, 0 %, 0 %, 0 MiB, 23028 MiB
2026/02/25 16:24:29.631, 3, NVIDIA A10G, 0 %, 0 %, 0 MiB, 23028 MiB
2026/02/25 16:24:30.631, 0, NVIDIA A10G, 20 %, 7 %, 2049 MiB, 23028 MiB
2026/02/25 16:24:30.631, 1, NVIDIA A10G, 0 %, 0 %, 0 MiB, 23028 MiB
2026/02/25 16:24:30.631, 2, NVIDIA A10G, 0 %, 0 %, 0 MiB, 23028 MiB
2026/02/25 16:24:30.631, 3, NVIDIA A10G, 0 %, 0 %, 0 MiB, 23028 MiB
2026/02/25 16:24:31.632, 0, NVIDIA A10G, 25 %, 9 %, 2049 MiB, 23028 MiB
2026/02/25 16:24:31.632, 1, NVIDIA A10G, 0 %, 0 %, 0 MiB, 23028 MiB
2026/02/25 16:24:31.632, 2, NVIDIA A10G, 0 %, 0 %, 0 MiB, 23028 MiB
2026/02/25 16:24:31.632, 3, NVIDIA A10G, 0 %, 0 %, 0 MiB, 23028 MiB
2026/02/25 16:24:32.632, 0, NVIDIA A10G, 22 %, 8 %, 2049 MiB, 23028 MiB
2026/02/25 16:24:32.632, 1, NVIDIA A10G, 0 %, 0 %, 0 MiB, 23028 MiB
2026/02/25 16:24:32.632, 2, NVIDIA A10G, 0 %, 0 %, 0 MiB, 23028 MiB
2026/02/25 16:24:32.632, 3, NVIDIA A10G, 0 %, 0 %, 0 MiB, 23028 MiB
2026/02/25 16:24:33.632, 0, NVIDIA A10G, 24 %, 8 %, 2049 MiB, 23028 MiB
2026/02/25 16:24:33.632, 1, NVIDIA A10G, 0 %, 0 %, 0 MiB, 23028 MiB
2026/02/25 16:24:33.632, 2, NVIDIA A10G, 0 %, 0 %, 0 MiB, 23028 MiB
2026/02/25 16:24:33.632, 3, NVIDIA A10G, 0 %, 0 %, 0 MiB, 23028 MiB
2026/02/25 16:24:34.633, 0, NVIDIA A10G, 0 %, 0 %, 2049 MiB, 23028 MiB
2026/02/25 16:24:34.633, 1, NVIDIA A10G, 0 %, 0 %, 0 MiB, 23028 MiB
2026/02/25 16:24:34.633, 2, NVIDIA A10G, 0 %, 0 %, 0 MiB, 23028 MiB
2026/02/25 16:24:34.633, 3, NVIDIA A10G, 0 %, 0 %, 0 MiB, 23028 MiB
2026/02/25 16:24:35.633, 0, NVIDIA A10G, 0 %, 0 %, 2049 MiB, 23028 MiB
2026/02/25 16:24:35.633, 1, NVIDIA A10G, 0 %, 0 %, 0 MiB, 23028 MiB
2026/02/25 16:24:35.633, 2, NVIDIA A10G, 0 %, 0 %, 0 MiB, 23028 MiB
2026/02/25 16:24:35.633, 3, NVIDIA A10G, 0 %, 0 %, 0 MiB, 23028 MiB
2026/02/25 16:24:36.633, 0, NVIDIA A10G, 0 %, 0 %, 2049 MiB, 23028 MiB
2026/02/25 16:24:36.633, 1, NVIDIA A10G, 0 %, 0 %, 0 MiB, 23028 MiB
2026/02/25 16:24:36.633, 2, NVIDIA A10G, 0 %, 0 %, 0 MiB, 23028 MiB
2026/02/25 16:24:36.633, 3, NVIDIA A10G, 0 %, 0 %, 0 MiB, 23028 MiB
2026/02/25 16:24:37.633, 0, NVIDIA A10G, 0 %, 0 %, 2049 MiB, 23028 MiB
2026/02/25 16:24:37.634, 1, NVIDIA A10G, 0 %, 0 %, 0 MiB, 23028 MiB
2026/02/25 16:24:37.634, 2, NVIDIA A10G, 0 %, 0 %, 0 MiB, 23028 MiB
2026/02/25 16:24:37.634, 3, NVIDIA A10G, 0 %, 0 %, 0 MiB, 23028 MiB
2026/02/25 16:24:38.634, 0, NVIDIA A10G, 0 %, 0 %, 2049 MiB, 23028 MiB
2026/02/25 16:24:38.634, 1, NVIDIA A10G, 0 %, 0 %, 0 MiB, 23028 MiB
2026/02/25 16:24:38.634, 2, NVIDIA A10G, 0 %, 0 %, 0 MiB, 23028 MiB
2026/02/25 16:24:38.634, 3, NVIDIA A10G, 0 %, 0 %, 0 MiB, 23028 MiB
2026/02/25 16:24:39.634, 0, NVIDIA A10G, 0 %, 0 %, 2049 MiB, 23028 MiB
2026/02/25 16:24:39.634, 1, NVIDIA A10G, 0 %, 0 %, 0 MiB, 23028 MiB
2026/02/25 16:24:39.634, 2, NVIDIA A10G, 0 %, 0 %, 0 MiB, 23028 MiB
2026/02/25 16:24:39.634, 3, NVIDIA A10G, 0 %, 0 %, 0 MiB, 23028 MiB
2026/02/25 16:24:40.634, 0, NVIDIA A10G, 0 %, 0 %, 2049 MiB, 23028 MiB
2026/02/25 16:24:40.635, 1, NVIDIA A10G, 0 %, 0 %, 0 MiB, 23028 MiB
2026/02/25 16:24:40.635, 2, NVIDIA A10G, 0 %, 0 %, 0 MiB, 23028 MiB
2026/02/25 16:24:40.635, 3, NVIDIA A10G, 0 %, 0 %, 0 MiB, 23028 MiB
2026/02/25 16:24:41.635, 0, NVIDIA A10G, 0 %, 0 %, 2049 MiB, 23028 MiB
2026/02/25 16:24:41.635, 1, NVIDIA A10G, 0 %, 0 %, 0 MiB, 23028 MiB
2026/02/25 16:24:41.635, 2, NVIDIA A10G, 0 %, 0 %, 0 MiB, 23028 MiB
2026/02/25 16:24:41.635, 3, NVIDIA A10G, 0 %, 0 %, 0 MiB, 23028 MiB
2026/02/25 16:24:42.635, 0, NVIDIA A10G, 0 %, 0 %, 2049 MiB, 23028 MiB
2026/02/25 16:24:42.635, 1, NVIDIA A10G, 0 %, 0 %, 0 MiB, 23028 MiB
2026/02/25 16:24:42.635, 2, NVIDIA A10G, 0 %, 0 %, 0 MiB, 23028 MiB
2026/02/25 16:24:42.635, 3, NVIDIA A10G, 0 %, 0 %, 0 MiB, 23028 MiB
2026/02/25 16:24:43.635, 0, NVIDIA A10G, 0 %, 0 %, 2049 MiB, 23028 MiB
2026/02/25 16:24:43.635, 1, NVIDIA A10G, 0 %, 0 %, 0 MiB, 23028 MiB
2026/02/25 16:24:43.635, 2, NVIDIA A10G, 0 %, 0 %, 0 MiB, 23028 MiB
2026/02/25 16:24:43.635, 3, NVIDIA A10G, 0 %, 0 %, 0 MiB, 23028 MiB
2026/02/25 16:24:44.636, 0, NVIDIA A10G, 0 %, 0 %, 2049 MiB, 23028 MiB
2026/02/25 16:24:44.636, 1, NVIDIA A10G, 0 %, 0 %, 0 MiB, 23028 MiB
2026/02/25 16:24:44.636, 2, NVIDIA A10G, 0 %, 0 %, 0 MiB, 23028 MiB
2026/02/25 16:24:44.636, 3, NVIDIA A10G, 0 %, 0 %, 0 MiB, 23028 MiB
2026/02/25 16:24:45.636, 0, NVIDIA A10G, 0 %, 0 %, 2049 MiB, 23028 MiB
2026/02/25 16:24:45.636, 1, NVIDIA A10G, 0 %, 0 %, 0 MiB, 23028 MiB
2026/02/25 16:24:45.636, 2, NVIDIA A10G, 0 %, 0 %, 0 MiB, 23028 MiB
2026/02/25 16:24:45.636, 3, NVIDIA A10G, 0 %, 0 %, 0 MiB, 23028 MiB
2026/02/25 16:24:46.636, 0, NVIDIA A10G, 0 %, 0 %, 2049 MiB, 23028 MiB
2026/02/25 16:24:46.636, 1, NVIDIA A10G, 0 %, 0 %, 0 MiB, 23028 MiB
2026/02/25 16:24:46.636, 2, NVIDIA A10G, 0 %, 0 %, 0 MiB, 23028 MiB
2026/02/25 16:24:46.636, 3, NVIDIA A10G, 0 %, 0 %, 0 MiB, 23028 MiB
2026/02/25 16:24:47.636, 0, NVIDIA A10G, 0 %, 0 %, 2049 MiB, 23028 MiB
2026/02/25 16:24:47.636, 1, NVIDIA A10G, 0 %, 0 %, 0 MiB, 23028 MiB
2026/02/25 16:24:47.637, 2, NVIDIA A10G, 0 %, 0 %, 0 MiB, 23028 MiB
2026/02/25 16:24:47.637, 3, NVIDIA A10G, 0 %, 0 %, 0 MiB, 23028 MiB
2026/02/25 16:24:48.637, 0, NVIDIA A10G, 23 %, 9 %, 2049 MiB, 23028 MiB
2026/02/25 16:24:48.637, 1, NVIDIA A10G, 0 %, 0 %, 0 MiB, 23028 MiB
2026/02/25 16:24:48.637, 2, NVIDIA A10G, 0 %, 0 %, 0 MiB, 23028 MiB
2026/02/25 16:24:48.637, 3, NVIDIA A10G, 0 %, 0 %, 0 MiB, 23028 MiB
2026/02/25 16:24:49.637, 0, NVIDIA A10G, 22 %, 7 %, 2049 MiB, 23028 MiB
2026/02/25 16:24:49.637, 1, NVIDIA A10G, 0 %, 0 %, 0 MiB, 23028 MiB
2026/02/25 16:24:49.637, 2, NVIDIA A10G, 0 %, 0 %, 0 MiB, 23028 MiB
2026/02/25 16:24:49.637, 3, NVIDIA A10G, 0 %, 0 %, 0 MiB, 23028 MiB
2026/02/25 16:24:50.637, 0, NVIDIA A10G, 23 %, 8 %, 2049 MiB, 23028 MiB
2026/02/25 16:24:50.637, 1, NVIDIA A10G, 0 %, 0 %, 0 MiB, 23028 MiB
2026/02/25 16:24:50.637, 2, NVIDIA A10G, 0 %, 0 %, 0 MiB, 23028 MiB
2026/02/25 16:24:50.637, 3, NVIDIA A10G, 0 %, 0 %, 0 MiB, 23028 MiB
2026/02/25 16:24:51.638, 0, NVIDIA A10G, 24 %, 9 %, 2049 MiB, 23028 MiB
2026/02/25 16:24:51.638, 1, NVIDIA A10G, 0 %, 0 %, 0 MiB, 23028 MiB
2026/02/25 16:24:51.638, 2, NVIDIA A10G, 0 %, 0 %, 0 MiB, 23028 MiB
2026/02/25 16:24:51.638, 3, NVIDIA A10G, 0 %, 0 %, 0 MiB, 23028 MiB
2026/02/25 16:24:52.638, 0, NVIDIA A10G, 24 %, 8 %, 2049 MiB, 23028 MiB
2026/02/25 16:24:52.638, 1, NVIDIA A10G, 0 %, 0 %, 0 MiB, 23028 MiB
2026/02/25 16:24:52.638, 2, NVIDIA A10G, 0 %, 0 %, 0 MiB, 23028 MiB
2026/02/25 16:24:52.638, 3, NVIDIA A10G, 0 %, 0 %, 0 MiB, 23028 MiB
2026/02/25 16:24:53.638, 0, NVIDIA A10G, 20 %, 8 %, 2049 MiB, 23028 MiB
2026/02/25 16:24:53.638, 1, NVIDIA A10G, 0 %, 0 %, 0 MiB, 23028 MiB
2026/02/25 16:24:53.638, 2, NVIDIA A10G, 0 %, 0 %, 0 MiB, 23028 MiB
2026/02/25 16:24:53.638, 3, NVIDIA A10G, 0 %, 0 %, 0 MiB, 23028 MiB
2026/02/25 16:24:54.639, 0, NVIDIA A10G, 24 %, 9 %, 2049 MiB, 23028 MiB
2026/02/25 16:24:54.639, 1, NVIDIA A10G, 0 %, 0 %, 0 MiB, 23028 MiB
2026/02/25 16:24:54.639, 2, NVIDIA A10G, 0 %, 0 %, 0 MiB, 23028 MiB
2026/02/25 16:24:54.639, 3, NVIDIA A10G, 0 %, 0 %, 0 MiB, 23028 MiB
2026/02/25 16:24:55.639, 0, NVIDIA A10G, 20 %, 7 %, 2049 MiB, 23028 MiB
2026/02/25 16:24:55.639, 1, NVIDIA A10G, 0 %, 0 %, 0 MiB, 23028 MiB
2026/02/25 16:24:55.639, 2, NVIDIA A10G, 0 %, 0 %, 0 MiB, 23028 MiB
2026/02/25 16:24:55.639, 3, NVIDIA A10G, 0 %, 0 %, 0 MiB, 23028 MiB
2026/02/25 16:24:56.639, 0, NVIDIA A10G, 23 %, 8 %, 2049 MiB, 23028 MiB
2026/02/25 16:24:56.639, 1, NVIDIA A10G, 0 %, 0 %, 0 MiB, 23028 MiB
2026/02/25 16:24:56.639, 2, NVIDIA A10G, 0 %, 0 %, 0 MiB, 23028 MiB
2026/02/25 16:24:56.639, 3, NVIDIA A10G, 0 %, 0 %, 0 MiB, 23028 MiB
2026/02/25 16:24:57.640, 0, NVIDIA A10G, 22 %, 7 %, 2049 MiB, 23028 MiB
2026/02/25 16:24:57.640, 1, NVIDIA A10G, 0 %, 0 %, 0 MiB, 23028 MiB
2026/02/25 16:24:57.640, 2, NVIDIA A10G, 0 %, 0 %, 0 MiB, 23028 MiB
2026/02/25 16:24:57.640, 3, NVIDIA A10G, 0 %, 0 %, 0 MiB, 23028 MiB
2026/02/25 16:24:58.640, 0, NVIDIA A10G, 22 %, 8 %, 2049 MiB, 23028 MiB
2026/02/25 16:24:58.640, 1, NVIDIA A10G, 0 %, 0 %, 0 MiB, 23028 MiB
2026/02/25 16:24:58.640, 2, NVIDIA A10G, 0 %, 0 %, 0 MiB, 23028 MiB
2026/02/25 16:24:58.640, 3, NVIDIA A10G, 0 %, 0 %, 0 MiB, 23028 MiB
2026/02/25 16:24:59.640, 0, NVIDIA A10G, 23 %, 8 %, 2049 MiB, 23028 MiB
2026/02/25 16:24:59.640, 1, NVIDIA A10G, 0 %, 0 %, 0 MiB, 23028 MiB
2026/02/25 16:24:59.640, 2, NVIDIA A10G, 0 %, 0 %, 0 MiB, 23028 MiB
2026/02/25 16:24:59.641, 3, NVIDIA A10G, 0 %, 0 %, 0 MiB, 23028 MiB
2026/02/25 16:25:00.641, 0, NVIDIA A10G, 0 %, 0 %, 2049 MiB, 23028 MiB
2026/02/25 16:25:00.641, 1, NVIDIA A10G, 0 %, 0 %, 0 MiB, 23028 MiB
2026/02/25 16:25:00.641, 2, NVIDIA A10G, 0 %, 0 %, 0 MiB, 23028 MiB
2026/02/25 16:25:00.641, 3, NVIDIA A10G, 0 %, 0 %, 0 MiB, 23028 MiB
2026/02/25 16:25:01.641, 0, NVIDIA A10G, 0 %, 0 %, 2049 MiB, 23028 MiB
2026/02/25 16:25:01.641, 1, NVIDIA A10G, 0 %, 0 %, 0 MiB, 23028 MiB
2026/02/25 16:25:01.641, 2, NVIDIA A10G, 0 %, 0 %, 0 MiB, 23028 MiB
2026/02/25 16:25:01.641, 3, NVIDIA A10G, 0 %, 0 %, 0 MiB, 23028 MiB
2026/02/25 16:25:02.641, 0, NVIDIA A10G, 0 %, 0 %, 2049 MiB, 23028 MiB
2026/02/25 16:25:02.641, 1, NVIDIA A10G, 0 %, 0 %, 0 MiB, 23028 MiB
2026/02/25 16:25:02.641, 2, NVIDIA A10G, 0 %, 0 %, 0 MiB, 23028 MiB
2026/02/25 16:25:02.642, 3, NVIDIA A10G, 0 %, 0 %, 0 MiB, 23028 MiB
2026/02/25 16:25:03.642, 0, NVIDIA A10G, 0 %, 0 %, 2049 MiB, 23028 MiB
2026/02/25 16:25:03.642, 1, NVIDIA A10G, 0 %, 0 %, 0 MiB, 23028 MiB
2026/02/25 16:25:03.642, 2, NVIDIA A10G, 0 %, 0 %, 0 MiB, 23028 MiB
2026/02/25 16:25:03.642, 3, NVIDIA A10G, 0 %, 0 %, 0 MiB, 23028 MiB
2026/02/25 16:25:04.642, 0, NVIDIA A10G, 0 %, 0 %, 2049 MiB, 23028 MiB
2026/02/25 16:25:04.642, 1, NVIDIA A10G, 0 %, 0 %, 0 MiB, 23028 MiB
2026/02/25 16:25:04.642, 2, NVIDIA A10G, 0 %, 0 %, 0 MiB, 23028 MiB
2026/02/25 16:25:04.642, 3, NVIDIA A10G, 0 %, 0 %, 0 MiB, 23028 MiB
2026/02/25 16:25:05.642, 0, NVIDIA A10G, 5 %, 3 %, 2049 MiB, 23028 MiB
2026/02/25 16:25:05.642, 1, NVIDIA A10G, 0 %, 0 %, 0 MiB, 23028 MiB
2026/02/25 16:25:05.642, 2, NVIDIA A10G, 0 %, 0 %, 0 MiB, 23028 MiB
2026/02/25 16:25:05.643, 3, NVIDIA A10G, 0 %, 0 %, 0 MiB, 23028 MiB
2026/02/25 16:25:06.643, 0, NVIDIA A10G, 24 %, 8 %, 2049 MiB, 23028 MiB
2026/02/25 16:25:06.643, 1, NVIDIA A10G, 0 %, 0 %, 0 MiB, 23028 MiB
2026/02/25 16:25:06.643, 2, NVIDIA A10G, 0 %, 0 %, 0 MiB, 23028 MiB
2026/02/25 16:25:06.643, 3, NVIDIA A10G, 0 %, 0 %, 0 MiB, 23028 MiB
2026/02/25 16:25:07.643, 0, NVIDIA A10G, 21 %, 7 %, 2049 MiB, 23028 MiB
2026/02/25 16:25:07.643, 1, NVIDIA A10G, 0 %, 0 %, 0 MiB, 23028 MiB
2026/02/25 16:25:07.643, 2, NVIDIA A10G, 0 %, 0 %, 0 MiB, 23028 MiB
2026/02/25 16:25:07.643, 3, NVIDIA A10G, 0 %, 0 %, 0 MiB, 23028 MiB
2026/02/25 16:25:08.643, 0, NVIDIA A10G, 21 %, 7 %, 2049 MiB, 23028 MiB
2026/02/25 16:25:08.643, 1, NVIDIA A10G, 0 %, 0 %, 0 MiB, 23028 MiB
2026/02/25 16:25:08.643, 2, NVIDIA A10G, 0 %, 0 %, 0 MiB, 23028 MiB
2026/02/25 16:25:08.643, 3, NVIDIA A10G, 0 %, 0 %, 0 MiB, 23028 MiB
2026/02/25 16:25:09.644, 0, NVIDIA A10G, 22 %, 8 %, 2049 MiB, 23028 MiB
2026/02/25 16:25:09.644, 1, NVIDIA A10G, 0 %, 0 %, 0 MiB, 23028 MiB
2026/02/25 16:25:09.644, 2, NVIDIA A10G, 0 %, 0 %, 0 MiB, 23028 MiB
2026/02/25 16:25:09.644, 3, NVIDIA A10G, 0 %, 0 %, 0 MiB, 23028 MiB
2026/02/25 16:25:10.644, 0, NVIDIA A10G, 26 %, 11 %, 2049 MiB, 23028 MiB
2026/02/25 16:25:10.644, 1, NVIDIA A10G, 0 %, 0 %, 0 MiB, 23028 MiB
2026/02/25 16:25:10.644, 2, NVIDIA A10G, 0 %, 0 %, 0 MiB, 23028 MiB
2026/02/25 16:25:10.644, 3, NVIDIA A10G, 0 %, 0 %, 0 MiB, 23028 MiB
2026/02/25 16:25:11.644, 0, NVIDIA A10G, 21 %, 7 %, 2049 MiB, 23028 MiB
2026/02/25 16:25:11.644, 1, NVIDIA A10G, 0 %, 0 %, 0 MiB, 23028 MiB
2026/02/25 16:25:11.644, 2, NVIDIA A10G, 0 %, 0 %, 0 MiB, 23028 MiB
2026/02/25 16:25:11.644, 3, NVIDIA A10G, 0 %, 0 %, 0 MiB, 23028 MiB
2026/02/25 16:25:12.644, 0, NVIDIA A10G, 0 %, 0 %, 2049 MiB, 23028 MiB
2026/02/25 16:25:12.645, 1, NVIDIA A10G, 0 %, 0 %, 0 MiB, 23028 MiB
2026/02/25 16:25:12.645, 2, NVIDIA A10G, 0 %, 0 %, 0 MiB, 23028 MiB
2026/02/25 16:25:12.645, 3, NVIDIA A10G, 0 %, 0 %, 0 MiB, 23028 MiB
2026/02/25 16:25:13.645, 0, NVIDIA A10G, 0 %, 0 %, 2049 MiB, 23028 MiB
2026/02/25 16:25:13.645, 1, NVIDIA A10G, 0 %, 0 %, 0 MiB, 23028 MiB
2026/02/25 16:25:13.645, 2, NVIDIA A10G, 0 %, 0 %, 0 MiB, 23028 MiB
2026/02/25 16:25:13.645, 3, NVIDIA A10G, 0 %, 0 %, 0 MiB, 23028 MiB
2026/02/25 16:25:14.645, 0, NVIDIA A10G, 0 %, 0 %, 2049 MiB, 23028 MiB
2026/02/25 16:25:14.645, 1, NVIDIA A10G, 0 %, 0 %, 0 MiB, 23028 MiB
2026/02/25 16:25:14.645, 2, NVIDIA A10G, 0 %, 0 %, 0 MiB, 23028 MiB
2026/02/25 16:25:14.645, 3, NVIDIA A10G, 0 %, 0 %, 0 MiB, 23028 MiB
2026/02/25 16:25:15.645, 0, NVIDIA A10G, 0 %, 0 %, 2049 MiB, 23028 MiB
2026/02/25 16:25:15.645, 1, NVIDIA A10G, 0 %, 0 %, 0 MiB, 23028 MiB
2026/02/25 16:25:15.645, 2, NVIDIA A10G, 0 %, 0 %, 0 MiB, 23028 MiB
2026/02/25 16:25:15.646, 3, NVIDIA A10G, 0 %, 0 %, 0 MiB, 23028 MiB
2026/02/25 16:25:16.646, 0, NVIDIA A10G, 23 %, 8 %, 2049 MiB, 23028 MiB
2026/02/25 16:25:16.646, 1, NVIDIA A10G, 0 %, 0 %, 0 MiB, 23028 MiB
2026/02/25 16:25:16.646, 2, NVIDIA A10G, 0 %, 0 %, 0 MiB, 23028 MiB
2026/02/25 16:25:16.646, 3, NVIDIA A10G, 0 %, 0 %, 0 MiB, 23028 MiB
2026/02/25 16:25:17.646, 0, NVIDIA A10G, 22 %, 8 %, 2049 MiB, 23028 MiB
2026/02/25 16:25:17.646, 1, NVIDIA A10G, 0 %, 0 %, 0 MiB, 23028 MiB
2026/02/25 16:25:17.646, 2, NVIDIA A10G, 0 %, 0 %, 0 MiB, 23028 MiB
2026/02/25 16:25:17.646, 3, NVIDIA A10G, 0 %, 0 %, 0 MiB, 23028 MiB
2026/02/25 16:25:18.646, 0, NVIDIA A10G, 20 %, 7 %, 2049 MiB, 23028 MiB
2026/02/25 16:25:18.646, 1, NVIDIA A10G, 0 %, 0 %, 0 MiB, 23028 MiB
2026/02/25 16:25:18.646, 2, NVIDIA A10G, 0 %, 0 %, 0 MiB, 23028 MiB
2026/02/25 16:25:18.646, 3, NVIDIA A10G, 0 %, 0 %, 0 MiB, 23028 MiB
2026/02/25 16:25:19.647, 0, NVIDIA A10G, 0 %, 0 %, 2049 MiB, 23028 MiB
2026/02/25 16:25:19.647, 1, NVIDIA A10G, 0 %, 0 %, 0 MiB, 23028 MiB
2026/02/25 16:25:19.647, 2, NVIDIA A10G, 0 %, 0 %, 0 MiB, 23028 MiB
2026/02/25 16:25:19.647, 3, NVIDIA A10G, 0 %, 0 %, 0 MiB, 23028 MiB
2026/02/25 16:25:20.647, 0, NVIDIA A10G, 0 %, 0 %, 2049 MiB, 23028 MiB
2026/02/25 16:25:20.647, 1, NVIDIA A10G, 0 %, 0 %, 0 MiB, 23028 MiB
2026/02/25 16:25:20.647, 2, NVIDIA A10G, 0 %, 0 %, 0 MiB, 23028 MiB
2026/02/25 16:25:20.647, 3, NVIDIA A10G, 0 %, 0 %, 0 MiB, 23028 MiB
2026/02/25 16:25:21.647, 0, NVIDIA A10G, 0 %, 0 %, 2049 MiB, 23028 MiB
2026/02/25 16:25:21.647, 1, NVIDIA A10G, 0 %, 0 %, 0 MiB, 23028 MiB
2026/02/25 16:25:21.647, 2, NVIDIA A10G, 0 %, 0 %, 0 MiB, 23028 MiB
2026/02/25 16:25:21.647, 3, NVIDIA A10G, 0 %, 0 %, 0 MiB, 23028 MiB
2026/02/25 16:25:22.647, 0, NVIDIA A10G, 0 %, 0 %, 2049 MiB, 23028 MiB
2026/02/25 16:25:22.648, 1, NVIDIA A10G, 0 %, 0 %, 0 MiB, 23028 MiB
2026/02/25 16:25:22.648, 2, NVIDIA A10G, 0 %, 0 %, 0 MiB, 23028 MiB
2026/02/25 16:25:22.648, 3, NVIDIA A10G, 0 %, 0 %, 0 MiB, 23028 MiB
2026/02/25 16:25:23.648, 0, NVIDIA A10G, 0 %, 0 %, 2049 MiB, 23028 MiB
2026/02/25 16:25:23.648, 1, NVIDIA A10G, 0 %, 0 %, 0 MiB, 23028 MiB
2026/02/25 16:25:23.648, 2, NVIDIA A10G, 0 %, 0 %, 0 MiB, 23028 MiB
2026/02/25 16:25:23.648, 3, NVIDIA A10G, 0 %, 0 %, 0 MiB, 23028 MiB
2026/02/25 16:25:24.648, 0, NVIDIA A10G, 0 %, 0 %, 2049 MiB, 23028 MiB
2026/02/25 16:25:24.648, 1, NVIDIA A10G, 0 %, 0 %, 0 MiB, 23028 MiB
2026/02/25 16:25:24.648, 2, NVIDIA A10G, 0 %, 0 %, 0 MiB, 23028 MiB
2026/02/25 16:25:24.648, 3, NVIDIA A10G, 0 %, 0 %, 0 MiB, 23028 MiB
2026/02/25 16:25:25.649, 0, NVIDIA A10G, 0 %, 0 %, 2049 MiB, 23028 MiB
2026/02/25 16:25:25.649, 1, NVIDIA A10G, 0 %, 0 %, 0 MiB, 23028 MiB
2026/02/25 16:25:25.649, 2, NVIDIA A10G, 0 %, 0 %, 0 MiB, 23028 MiB
2026/02/25 16:25:25.649, 3, NVIDIA A10G, 0 %, 0 %, 0 MiB, 23028 MiB
2026/02/25 16:25:26.649, 0, NVIDIA A10G, 19 %, 6 %, 2049 MiB, 23028 MiB
2026/02/25 16:25:26.649, 1, NVIDIA A10G, 0 %, 0 %, 0 MiB, 23028 MiB
2026/02/25 16:25:26.649, 2, NVIDIA A10G, 0 %, 0 %, 0 MiB, 23028 MiB
2026/02/25 16:25:26.649, 3, NVIDIA A10G, 0 %, 0 %, 0 MiB, 23028 MiB
2026/02/25 16:25:27.649, 0, NVIDIA A10G, 21 %, 7 %, 2049 MiB, 23028 MiB
2026/02/25 16:25:27.649, 1, NVIDIA A10G, 0 %, 0 %, 0 MiB, 23028 MiB
2026/02/25 16:25:27.649, 2, NVIDIA A10G, 0 %, 0 %, 0 MiB, 23028 MiB
2026/02/25 16:25:27.649, 3, NVIDIA A10G, 0 %, 0 %, 0 MiB, 23028 MiB
2026/02/25 16:25:28.650, 0, NVIDIA A10G, 21 %, 7 %, 2049 MiB, 23028 MiB
2026/02/25 16:25:28.650, 1, NVIDIA A10G, 0 %, 0 %, 0 MiB, 23028 MiB
2026/02/25 16:25:28.650, 2, NVIDIA A10G, 0 %, 0 %, 0 MiB, 23028 MiB
2026/02/25 16:25:28.650, 3, NVIDIA A10G, 0 %, 0 %, 0 MiB, 23028 MiB
2026/02/25 16:25:29.650, 0, NVIDIA A10G, 22 %, 8 %, 2049 MiB, 23028 MiB
2026/02/25 16:25:29.650, 1, NVIDIA A10G, 0 %, 0 %, 0 MiB, 23028 MiB
2026/02/25 16:25:29.650, 2, NVIDIA A10G, 0 %, 0 %, 0 MiB, 23028 MiB
2026/02/25 16:25:29.650, 3, NVIDIA A10G, 0 %, 0 %, 0 MiB, 23028 MiB
2026/02/25 16:25:30.650, 0, NVIDIA A10G, 22 %, 7 %, 2049 MiB, 23028 MiB
2026/02/25 16:25:30.650, 1, NVIDIA A10G, 0 %, 0 %, 0 MiB, 23028 MiB
2026/02/25 16:25:30.650, 2, NVIDIA A10G, 0 %, 0 %, 0 MiB, 23028 MiB
2026/02/25 16:25:30.650, 3, NVIDIA A10G, 0 %, 0 %, 0 MiB, 23028 MiB
2026/02/25 16:25:31.651, 0, NVIDIA A10G, 23 %, 8 %, 2049 MiB, 23028 MiB
2026/02/25 16:25:31.651, 1, NVIDIA A10G, 0 %, 0 %, 0 MiB, 23028 MiB
2026/02/25 16:25:31.651, 2, NVIDIA A10G, 0 %, 0 %, 0 MiB, 23028 MiB
2026/02/25 16:25:31.651, 3, NVIDIA A10G, 0 %, 0 %, 0 MiB, 23028 MiB
2026/02/25 16:25:32.651, 0, NVIDIA A10G, 23 %, 8 %, 2049 MiB, 23028 MiB
2026/02/25 16:25:32.651, 1, NVIDIA A10G, 0 %, 0 %, 0 MiB, 23028 MiB
2026/02/25 16:25:32.651, 2, NVIDIA A10G, 0 %, 0 %, 0 MiB, 23028 MiB
2026/02/25 16:25:32.651, 3, NVIDIA A10G, 0 %, 0 %, 0 MiB, 23028 MiB
2026/02/25 16:25:33.651, 0, NVIDIA A10G, 0 %, 0 %, 2049 MiB, 23028 MiB
2026/02/25 16:25:33.651, 1, NVIDIA A10G, 0 %, 0 %, 0 MiB, 23028 MiB
2026/02/25 16:25:33.651, 2, NVIDIA A10G, 0 %, 0 %, 0 MiB, 23028 MiB
2026/02/25 16:25:33.651, 3, NVIDIA A10G, 0 %, 0 %, 0 MiB, 23028 MiB
2026/02/25 16:25:34.652, 0, NVIDIA A10G, 0 %, 0 %, 2049 MiB, 23028 MiB
2026/02/25 16:25:34.652, 1, NVIDIA A10G, 0 %, 0 %, 0 MiB, 23028 MiB
2026/02/25 16:25:34.652, 2, NVIDIA A10G, 0 %, 0 %, 0 MiB, 23028 MiB
2026/02/25 16:25:34.652, 3, NVIDIA A10G, 0 %, 0 %, 0 MiB, 23028 MiB
2026/02/25 16:25:35.652, 0, NVIDIA A10G, 0 %, 0 %, 2049 MiB, 23028 MiB
2026/02/25 16:25:35.652, 1, NVIDIA A10G, 0 %, 0 %, 0 MiB, 23028 MiB
2026/02/25 16:25:35.652, 2, NVIDIA A10G, 0 %, 0 %, 0 MiB, 23028 MiB
2026/02/25 16:25:35.652, 3, NVIDIA A10G, 0 %, 0 %, 0 MiB, 23028 MiB
2026/02/25 16:25:36.652, 0, NVIDIA A10G, 0 %, 0 %, 2049 MiB, 23028 MiB
2026/02/25 16:25:36.652, 1, NVIDIA A10G, 0 %, 0 %, 0 MiB, 23028 MiB
2026/02/25 16:25:36.652, 2, NVIDIA A10G, 0 %, 0 %, 0 MiB, 23028 MiB
2026/02/25 16:25:36.652, 3, NVIDIA A10G, 0 %, 0 %, 0 MiB, 23028 MiB
2026/02/25 16:25:37.652, 0, NVIDIA A10G, 0 %, 0 %, 2049 MiB, 23028 MiB
2026/02/25 16:25:37.652, 1, NVIDIA A10G, 0 %, 0 %, 0 MiB, 23028 MiB
2026/02/25 16:25:37.652, 2, NVIDIA A10G, 0 %, 0 %, 0 MiB, 23028 MiB
2026/02/25 16:25:37.652, 3, NVIDIA A10G, 0 %, 0 %, 0 MiB, 23028 MiB
2026/02/25 16:25:38.653, 0, NVIDIA A10G, 0 %, 0 %, 2049 MiB, 23028 MiB
2026/02/25 16:25:38.653, 1, NVIDIA A10G, 0 %, 0 %, 0 MiB, 23028 MiB
2026/02/25 16:25:38.653, 2, NVIDIA A10G, 0 %, 0 %, 0 MiB, 23028 MiB
2026/02/25 16:25:38.653, 3, NVIDIA A10G, 0 %, 0 %, 0 MiB, 23028 MiB
2026/02/25 16:25:39.653, 0, NVIDIA A10G, 0 %, 0 %, 2049 MiB, 23028 MiB
2026/02/25 16:25:39.653, 1, NVIDIA A10G, 0 %, 0 %, 0 MiB, 23028 MiB
2026/02/25 16:25:39.653, 2, NVIDIA A10G, 0 %, 0 %, 0 MiB, 23028 MiB
2026/02/25 16:25:39.653, 3, NVIDIA A10G, 0 %, 0 %, 0 MiB, 23028 MiB
2026/02/25 16:25:40.653, 0, NVIDIA A10G, 0 %, 0 %, 2049 MiB, 23028 MiB
2026/02/25 16:25:40.653, 1, NVIDIA A10G, 0 %, 0 %, 0 MiB, 23028 MiB
2026/02/25 16:25:40.653, 2, NVIDIA A10G, 0 %, 0 %, 0 MiB, 23028 MiB
2026/02/25 16:25:40.654, 3, NVIDIA A10G, 0 %, 0 %, 0 MiB, 23028 MiB
2026/02/25 16:25:41.654, 0, NVIDIA A10G, 24 %, 9 %, 2049 MiB, 23028 MiB
2026/02/25 16:25:41.654, 1, NVIDIA A10G, 0 %, 0 %, 0 MiB, 23028 MiB
2026/02/25 16:25:41.654, 2, NVIDIA A10G, 0 %, 0 %, 0 MiB, 23028 MiB
2026/02/25 16:25:41.654, 3, NVIDIA A10G, 0 %, 0 %, 0 MiB, 23028 MiB
2026/02/25 16:25:42.654, 0, NVIDIA A10G, 23 %, 8 %, 2049 MiB, 23028 MiB
2026/02/25 16:25:42.654, 1, NVIDIA A10G, 0 %, 0 %, 0 MiB, 23028 MiB
2026/02/25 16:25:42.654, 2, NVIDIA A10G, 0 %, 0 %, 0 MiB, 23028 MiB
2026/02/25 16:25:42.654, 3, NVIDIA A10G, 0 %, 0 %, 0 MiB, 23028 MiB
2026/02/25 16:25:43.654, 0, NVIDIA A10G, 23 %, 8 %, 2049 MiB, 23028 MiB
2026/02/25 16:25:43.654, 1, NVIDIA A10G, 0 %, 0 %, 0 MiB, 23028 MiB
2026/02/25 16:25:43.654, 2, NVIDIA A10G, 0 %, 0 %, 0 MiB, 23028 MiB
2026/02/25 16:25:43.655, 3, NVIDIA A10G, 0 %, 0 %, 0 MiB, 23028 MiB
2026/02/25 16:25:44.655, 0, NVIDIA A10G, 22 %, 8 %, 2049 MiB, 23028 MiB
2026/02/25 16:25:44.655, 1, NVIDIA A10G, 0 %, 0 %, 0 MiB, 23028 MiB
2026/02/25 16:25:44.655, 2, NVIDIA A10G, 0 %, 0 %, 0 MiB, 23028 MiB
2026/02/25 16:25:44.655, 3, NVIDIA A10G, 0 %, 0 %, 0 MiB, 23028 MiB
2026/02/25 16:25:45.655, 0, NVIDIA A10G, 22 %, 7 %, 2049 MiB, 23028 MiB
2026/02/25 16:25:45.655, 1, NVIDIA A10G, 0 %, 0 %, 0 MiB, 23028 MiB
2026/02/25 16:25:45.655, 2, NVIDIA A10G, 0 %, 0 %, 0 MiB, 23028 MiB
2026/02/25 16:25:45.655, 3, NVIDIA A10G, 0 %, 0 %, 0 MiB, 23028 MiB
2026/02/25 16:25:46.655, 0, NVIDIA A10G, 22 %, 8 %, 2049 MiB, 23028 MiB
2026/02/25 16:25:46.655, 1, NVIDIA A10G, 0 %, 0 %, 0 MiB, 23028 MiB
2026/02/25 16:25:46.655, 2, NVIDIA A10G, 0 %, 0 %, 0 MiB, 23028 MiB
2026/02/25 16:25:46.655, 3, NVIDIA A10G, 0 %, 0 %, 0 MiB, 23028 MiB
2026/02/25 16:25:47.656, 0, NVIDIA A10G, 23 %, 8 %, 2049 MiB, 23028 MiB
2026/02/25 16:25:47.656, 1, NVIDIA A10G, 0 %, 0 %, 0 MiB, 23028 MiB
2026/02/25 16:25:47.656, 2, NVIDIA A10G, 0 %, 0 %, 0 MiB, 23028 MiB
2026/02/25 16:25:47.656, 3, NVIDIA A10G, 0 %, 0 %, 0 MiB, 23028 MiB
2026/02/25 16:25:48.656, 0, NVIDIA A10G, 23 %, 7 %, 2049 MiB, 23028 MiB
2026/02/25 16:25:48.656, 1, NVIDIA A10G, 0 %, 0 %, 0 MiB, 23028 MiB
2026/02/25 16:25:48.656, 2, NVIDIA A10G, 0 %, 0 %, 0 MiB, 23028 MiB
2026/02/25 16:25:48.656, 3, NVIDIA A10G, 0 %, 0 %, 0 MiB, 23028 MiB
2026/02/25 16:25:49.656, 0, NVIDIA A10G, 23 %, 8 %, 2049 MiB, 23028 MiB
2026/02/25 16:25:49.656, 1, NVIDIA A10G, 0 %, 0 %, 0 MiB, 23028 MiB
2026/02/25 16:25:49.656, 2, NVIDIA A10G, 0 %, 0 %, 0 MiB, 23028 MiB
2026/02/25 16:25:49.656, 3, NVIDIA A10G, 0 %, 0 %, 0 MiB, 23028 MiB
2026/02/25 16:25:50.657, 0, NVIDIA A10G, 0 %, 0 %, 2049 MiB, 23028 MiB
2026/02/25 16:25:50.657, 1, NVIDIA A10G, 0 %, 0 %, 0 MiB, 23028 MiB
2026/02/25 16:25:50.657, 2, NVIDIA A10G, 0 %, 0 %, 0 MiB, 23028 MiB
2026/02/25 16:25:50.657, 3, NVIDIA A10G, 0 %, 0 %, 0 MiB, 23028 MiB
2026/02/25 16:25:51.657, 0, NVIDIA A10G, 0 %, 0 %, 2049 MiB, 23028 MiB
2026/02/25 16:25:51.657, 1, NVIDIA A10G, 0 %, 0 %, 0 MiB, 23028 MiB
2026/02/25 16:25:51.657, 2, NVIDIA A10G, 0 %, 0 %, 0 MiB, 23028 MiB
2026/02/25 16:25:51.657, 3, NVIDIA A10G, 0 %, 0 %, 0 MiB, 23028 MiB
2026/02/25 16:25:52.657, 0, NVIDIA A10G, 0 %, 0 %, 2049 MiB, 23028 MiB
2026/02/25 16:25:52.657, 1, NVIDIA A10G, 0 %, 0 %, 0 MiB, 23028 MiB
2026/02/25 16:25:52.657, 2, NVIDIA A10G, 0 %, 0 %, 0 MiB, 23028 MiB
2026/02/25 16:25:52.657, 3, NVIDIA A10G, 0 %, 0 %, 0 MiB, 23028 MiB
2026/02/25 16:25:53.657, 0, NVIDIA A10G, 0 %, 0 %, 2049 MiB, 23028 MiB
2026/02/25 16:25:53.658, 1, NVIDIA A10G, 0 %, 0 %, 0 MiB, 23028 MiB
2026/02/25 16:25:53.658, 2, NVIDIA A10G, 0 %, 0 %, 0 MiB, 23028 MiB
2026/02/25 16:25:53.658, 3, NVIDIA A10G, 0 %, 0 %, 0 MiB, 23028 MiB
2026/02/25 16:25:54.658, 0, NVIDIA A10G, 0 %, 0 %, 2049 MiB, 23028 MiB
2026/02/25 16:25:54.658, 1, NVIDIA A10G, 0 %, 0 %, 0 MiB, 23028 MiB
2026/02/25 16:25:54.658, 2, NVIDIA A10G, 0 %, 0 %, 0 MiB, 23028 MiB
2026/02/25 16:25:54.658, 3, NVIDIA A10G, 0 %, 0 %, 0 MiB, 23028 MiB
2026/02/25 16:25:55.658, 0, NVIDIA A10G, 0 %, 0 %, 2049 MiB, 23028 MiB
2026/02/25 16:25:55.658, 1, NVIDIA A10G, 0 %, 0 %, 0 MiB, 23028 MiB
2026/02/25 16:25:55.658, 2, NVIDIA A10G, 0 %, 0 %, 0 MiB, 23028 MiB
2026/02/25 16:25:55.658, 3, NVIDIA A10G, 0 %, 0 %, 0 MiB, 23028 MiB
2026/02/25 16:25:56.659, 0, NVIDIA A10G, 0 %, 0 %, 2049 MiB, 23028 MiB
2026/02/25 16:25:56.659, 1, NVIDIA A10G, 0 %, 0 %, 0 MiB, 23028 MiB
2026/02/25 16:25:56.659, 2, NVIDIA A10G, 0 %, 0 %, 0 MiB, 23028 MiB
2026/02/25 16:25:56.659, 3, NVIDIA A10G, 0 %, 0 %, 0 MiB, 23028 MiB
2026/02/25 16:25:57.659, 0, NVIDIA A10G, 0 %, 0 %, 2049 MiB, 23028 MiB
2026/02/25 16:25:57.659, 1, NVIDIA A10G, 0 %, 0 %, 0 MiB, 23028 MiB
2026/02/25 16:25:57.659, 2, NVIDIA A10G, 0 %, 0 %, 0 MiB, 23028 MiB
2026/02/25 16:25:57.659, 3, NVIDIA A10G, 0 %, 0 %, 0 MiB, 23028 MiB
2026/02/25 16:25:58.659, 0, NVIDIA A10G, 0 %, 0 %, 2049 MiB, 23028 MiB
2026/02/25 16:25:58.659, 1, NVIDIA A10G, 0 %, 0 %, 0 MiB, 23028 MiB
2026/02/25 16:25:58.659, 2, NVIDIA A10G, 0 %, 0 %, 0 MiB, 23028 MiB
2026/02/25 16:25:58.659, 3, NVIDIA A10G, 0 %, 0 %, 0 MiB, 23028 MiB
2026/02/25 16:25:59.659, 0, NVIDIA A10G, 0 %, 0 %, 2049 MiB, 23028 MiB
2026/02/25 16:25:59.660, 1, NVIDIA A10G, 0 %, 0 %, 0 MiB, 23028 MiB
2026/02/25 16:25:59.660, 2, NVIDIA A10G, 0 %, 0 %, 0 MiB, 23028 MiB
2026/02/25 16:25:59.660, 3, NVIDIA A10G, 0 %, 0 %, 0 MiB, 23028 MiB
2026/02/25 16:26:00.660, 0, NVIDIA A10G, 0 %, 0 %, 2049 MiB, 23028 MiB
2026/02/25 16:26:00.660, 1, NVIDIA A10G, 0 %, 0 %, 0 MiB, 23028 MiB
2026/02/25 16:26:00.660, 2, NVIDIA A10G, 0 %, 0 %, 0 MiB, 23028 MiB
2026/02/25 16:26:00.660, 3, NVIDIA A10G, 0 %, 0 %, 0 MiB, 23028 MiB
2026/02/25 16:26:01.660, 0, NVIDIA A10G, 21 %, 7 %, 2049 MiB, 23028 MiB
2026/02/25 16:26:01.660, 1, NVIDIA A10G, 0 %, 0 %, 0 MiB, 23028 MiB
2026/02/25 16:26:01.660, 2, NVIDIA A10G, 0 %, 0 %, 0 MiB, 23028 MiB
2026/02/25 16:26:01.661, 3, NVIDIA A10G, 0 %, 0 %, 0 MiB, 23028 MiB
2026/02/25 16:26:02.661, 0, NVIDIA A10G, 23 %, 8 %, 2049 MiB, 23028 MiB
2026/02/25 16:26:02.661, 1, NVIDIA A10G, 0 %, 0 %, 0 MiB, 23028 MiB
2026/02/25 16:26:02.661, 2, NVIDIA A10G, 0 %, 0 %, 0 MiB, 23028 MiB
2026/02/25 16:26:02.661, 3, NVIDIA A10G, 0 %, 0 %, 0 MiB, 23028 MiB
2026/02/25 16:26:03.662, 0, NVIDIA A10G, 21 %, 7 %, 2049 MiB, 23028 MiB
2026/02/25 16:26:03.662, 1, NVIDIA A10G, 0 %, 0 %, 0 MiB, 23028 MiB
2026/02/25 16:26:03.662, 2, NVIDIA A10G, 0 %, 0 %, 0 MiB, 23028 MiB
2026/02/25 16:26:03.662, 3, NVIDIA A10G, 0 %, 0 %, 0 MiB, 23028 MiB
2026/02/25 16:26:04.663, 0, NVIDIA A10G, 19 %, 6 %, 2049 MiB, 23028 MiB
2026/02/25 16:26:04.663, 1, NVIDIA A10G, 0 %, 0 %, 0 MiB, 23028 MiB
2026/02/25 16:26:04.663, 2, NVIDIA A10G, 0 %, 0 %, 0 MiB, 23028 MiB
2026/02/25 16:26:04.663, 3, NVIDIA A10G, 0 %, 0 %, 0 MiB, 23028 MiB
2026/02/25 16:26:05.663, 0, NVIDIA A10G, 21 %, 7 %, 2049 MiB, 23028 MiB
2026/02/25 16:26:05.663, 1, NVIDIA A10G, 0 %, 0 %, 0 MiB, 23028 MiB
2026/02/25 16:26:05.663, 2, NVIDIA A10G, 0 %, 0 %, 0 MiB, 23028 MiB
2026/02/25 16:26:05.663, 3, NVIDIA A10G, 0 %, 0 %, 0 MiB, 23028 MiB
2026/02/25 16:26:06.663, 0, NVIDIA A10G, 21 %, 7 %, 2049 MiB, 23028 MiB
2026/02/25 16:26:06.663, 1, NVIDIA A10G, 0 %, 0 %, 0 MiB, 23028 MiB
2026/02/25 16:26:06.663, 2, NVIDIA A10G, 0 %, 0 %, 0 MiB, 23028 MiB
2026/02/25 16:26:06.663, 3, NVIDIA A10G, 0 %, 0 %, 0 MiB, 23028 MiB
2026/02/25 16:26:07.663, 0, NVIDIA A10G, 21 %, 7 %, 2049 MiB, 23028 MiB
2026/02/25 16:26:07.663, 1, NVIDIA A10G, 0 %, 0 %, 0 MiB, 23028 MiB
2026/02/25 16:26:07.664, 2, NVIDIA A10G, 0 %, 0 %, 0 MiB, 23028 MiB
2026/02/25 16:26:07.664, 3, NVIDIA A10G, 0 %, 0 %, 0 MiB, 23028 MiB
2026/02/25 16:26:08.664, 0, NVIDIA A10G, 20 %, 6 %, 2049 MiB, 23028 MiB
2026/02/25 16:26:08.664, 1, NVIDIA A10G, 0 %, 0 %, 0 MiB, 23028 MiB
2026/02/25 16:26:08.664, 2, NVIDIA A10G, 0 %, 0 %, 0 MiB, 23028 MiB
2026/02/25 16:26:08.664, 3, NVIDIA A10G, 0 %, 0 %, 0 MiB, 23028 MiB
2026/02/25 16:26:09.664, 0, NVIDIA A10G, 18 %, 6 %, 2049 MiB, 23028 MiB
2026/02/25 16:26:09.664, 1, NVIDIA A10G, 0 %, 0 %, 0 MiB, 23028 MiB
2026/02/25 16:26:09.664, 2, NVIDIA A10G, 0 %, 0 %, 0 MiB, 23028 MiB
2026/02/25 16:26:09.664, 3, NVIDIA A10G, 0 %, 0 %, 0 MiB, 23028 MiB
2026/02/25 16:26:10.664, 0, NVIDIA A10G, 23 %, 8 %, 2049 MiB, 23028 MiB
2026/02/25 16:26:10.664, 1, NVIDIA A10G, 0 %, 0 %, 0 MiB, 23028 MiB
2026/02/25 16:26:10.665, 2, NVIDIA A10G, 0 %, 0 %, 0 MiB, 23028 MiB
2026/02/25 16:26:10.665, 3, NVIDIA A10G, 0 %, 0 %, 0 MiB, 23028 MiB
2026/02/25 16:26:11.665, 0, NVIDIA A10G, 22 %, 8 %, 2049 MiB, 23028 MiB
2026/02/25 16:26:11.665, 1, NVIDIA A10G, 0 %, 0 %, 0 MiB, 23028 MiB
2026/02/25 16:26:11.665, 2, NVIDIA A10G, 0 %, 0 %, 0 MiB, 23028 MiB
2026/02/25 16:26:11.665, 3, NVIDIA A10G, 0 %, 0 %, 0 MiB, 23028 MiB
2026/02/25 16:26:12.665, 0, NVIDIA A10G, 5 %, 2 %, 2049 MiB, 23028 MiB
2026/02/25 16:26:12.665, 1, NVIDIA A10G, 0 %, 0 %, 0 MiB, 23028 MiB
2026/02/25 16:26:12.665, 2, NVIDIA A10G, 0 %, 0 %, 0 MiB, 23028 MiB
2026/02/25 16:26:12.665, 3, NVIDIA A10G, 0 %, 0 %, 0 MiB, 23028 MiB
2026/02/25 16:26:13.665, 0, NVIDIA A10G, 0 %, 0 %, 2049 MiB, 23028 MiB
2026/02/25 16:26:13.665, 1, NVIDIA A10G, 0 %, 0 %, 0 MiB, 23028 MiB
2026/02/25 16:26:13.665, 2, NVIDIA A10G, 0 %, 0 %, 0 MiB, 23028 MiB
2026/02/25 16:26:13.665, 3, NVIDIA A10G, 0 %, 0 %, 0 MiB, 23028 MiB
2026/02/25 16:26:14.665, 0, NVIDIA A10G, 0 %, 0 %, 2049 MiB, 23028 MiB
2026/02/25 16:26:14.666, 1, NVIDIA A10G, 0 %, 0 %, 0 MiB, 23028 MiB
2026/02/25 16:26:14.666, 2, NVIDIA A10G, 0 %, 0 %, 0 MiB, 23028 MiB
2026/02/25 16:26:14.666, 3, NVIDIA A10G, 0 %, 0 %, 0 MiB, 23028 MiB
2026/02/25 16:26:15.666, 0, NVIDIA A10G, 0 %, 0 %, 2049 MiB, 23028 MiB
2026/02/25 16:26:15.666, 1, NVIDIA A10G, 0 %, 0 %, 0 MiB, 23028 MiB
2026/02/25 16:26:15.666, 2, NVIDIA A10G, 0 %, 0 %, 0 MiB, 23028 MiB
2026/02/25 16:26:15.666, 3, NVIDIA A10G, 0 %, 0 %, 0 MiB, 23028 MiB
2026/02/25 16:26:16.666, 0, NVIDIA A10G, 0 %, 0 %, 2049 MiB, 23028 MiB
2026/02/25 16:26:16.666, 1, NVIDIA A10G, 0 %, 0 %, 0 MiB, 23028 MiB
2026/02/25 16:26:16.666, 2, NVIDIA A10G, 0 %, 0 %, 0 MiB, 23028 MiB
2026/02/25 16:26:16.666, 3, NVIDIA A10G, 0 %, 0 %, 0 MiB, 23028 MiB
2026/02/25 16:26:17.666, 0, NVIDIA A10G, 0 %, 0 %, 2049 MiB, 23028 MiB
2026/02/25 16:26:17.666, 1, NVIDIA A10G, 0 %, 0 %, 0 MiB, 23028 MiB
2026/02/25 16:26:17.666, 2, NVIDIA A10G, 0 %, 0 %, 0 MiB, 23028 MiB
2026/02/25 16:26:17.666, 3, NVIDIA A10G, 0 %, 0 %, 0 MiB, 23028 MiB
2026/02/25 16:26:18.666, 0, NVIDIA A10G, 0 %, 0 %, 2049 MiB, 23028 MiB
2026/02/25 16:26:18.667, 1, NVIDIA A10G, 0 %, 0 %, 0 MiB, 23028 MiB
2026/02/25 16:26:18.667, 2, NVIDIA A10G, 0 %, 0 %, 0 MiB, 23028 MiB
2026/02/25 16:26:18.667, 3, NVIDIA A10G, 0 %, 0 %, 0 MiB, 23028 MiB
2026/02/25 16:26:19.667, 0, NVIDIA A10G, 0 %, 0 %, 2049 MiB, 23028 MiB
2026/02/25 16:26:19.667, 1, NVIDIA A10G, 0 %, 0 %, 0 MiB, 23028 MiB
2026/02/25 16:26:19.667, 2, NVIDIA A10G, 0 %, 0 %, 0 MiB, 23028 MiB
2026/02/25 16:26:19.667, 3, NVIDIA A10G, 0 %, 0 %, 0 MiB, 23028 MiB
2026/02/25 16:26:20.667, 0, NVIDIA A10G, 0 %, 0 %, 2049 MiB, 23028 MiB
2026/02/25 16:26:20.667, 1, NVIDIA A10G, 0 %, 0 %, 0 MiB, 23028 MiB
2026/02/25 16:26:20.667, 2, NVIDIA A10G, 0 %, 0 %, 0 MiB, 23028 MiB
2026/02/25 16:26:20.667, 3, NVIDIA A10G, 0 %, 0 %, 0 MiB, 23028 MiB
2026/02/25 16:26:21.667, 0, NVIDIA A10G, 0 %, 0 %, 2049 MiB, 23028 MiB
2026/02/25 16:26:21.667, 1, NVIDIA A10G, 0 %, 0 %, 0 MiB, 23028 MiB
2026/02/25 16:26:21.667, 2, NVIDIA A10G, 0 %, 0 %, 0 MiB, 23028 MiB
2026/02/25 16:26:21.667, 3, NVIDIA A10G, 0 %, 0 %, 0 MiB, 23028 MiB
2026/02/25 16:26:22.668, 0, NVIDIA A10G, 16 %, 9 %, 2049 MiB, 23028 MiB
2026/02/25 16:26:22.668, 1, NVIDIA A10G, 0 %, 0 %, 0 MiB, 23028 MiB
2026/02/25 16:26:22.668, 2, NVIDIA A10G, 0 %, 0 %, 0 MiB, 23028 MiB
2026/02/25 16:26:22.668, 3, NVIDIA A10G, 0 %, 0 %, 0 MiB, 23028 MiB
2026/02/25 16:26:23.668, 0, NVIDIA A10G, 22 %, 7 %, 2049 MiB, 23028 MiB
2026/02/25 16:26:23.668, 1, NVIDIA A10G, 0 %, 0 %, 0 MiB, 23028 MiB
2026/02/25 16:26:23.668, 2, NVIDIA A10G, 0 %, 0 %, 0 MiB, 23028 MiB
2026/02/25 16:26:23.668, 3, NVIDIA A10G, 0 %, 0 %, 0 MiB, 23028 MiB
2026/02/25 16:26:24.668, 0, NVIDIA A10G, 23 %, 8 %, 2049 MiB, 23028 MiB
2026/02/25 16:26:24.668, 1, NVIDIA A10G, 0 %, 0 %, 0 MiB, 23028 MiB
2026/02/25 16:26:24.668, 2, NVIDIA A10G, 0 %, 0 %, 0 MiB, 23028 MiB
2026/02/25 16:26:24.668, 3, NVIDIA A10G, 0 %, 0 %, 0 MiB, 23028 MiB
2026/02/25 16:26:25.669, 0, NVIDIA A10G, 21 %, 7 %, 2049 MiB, 23028 MiB
2026/02/25 16:26:25.669, 1, NVIDIA A10G, 0 %, 0 %, 0 MiB, 23028 MiB
2026/02/25 16:26:25.669, 2, NVIDIA A10G, 0 %, 0 %, 0 MiB, 23028 MiB
2026/02/25 16:26:25.669, 3, NVIDIA A10G, 0 %, 0 %, 0 MiB, 23028 MiB
2026/02/25 16:26:26.669, 0, NVIDIA A10G, 23 %, 8 %, 2049 MiB, 23028 MiB
2026/02/25 16:26:26.669, 1, NVIDIA A10G, 0 %, 0 %, 0 MiB, 23028 MiB
2026/02/25 16:26:26.669, 2, NVIDIA A10G, 0 %, 0 %, 0 MiB, 23028 MiB
2026/02/25 16:26:26.669, 3, NVIDIA A10G, 0 %, 0 %, 0 MiB, 23028 MiB
2026/02/25 16:26:27.669, 0, NVIDIA A10G, 22 %, 7 %, 2049 MiB, 23028 MiB
2026/02/25 16:26:27.669, 1, NVIDIA A10G, 0 %, 0 %, 0 MiB, 23028 MiB
2026/02/25 16:26:27.669, 2, NVIDIA A10G, 0 %, 0 %, 0 MiB, 23028 MiB
2026/02/25 16:26:27.669, 3, NVIDIA A10G, 0 %, 0 %, 0 MiB, 23028 MiB
2026/02/25 16:26:28.669, 0, NVIDIA A10G, 21 %, 7 %, 2049 MiB, 23028 MiB
2026/02/25 16:26:28.670, 1, NVIDIA A10G, 0 %, 0 %, 0 MiB, 23028 MiB
2026/02/25 16:26:28.670, 2, NVIDIA A10G, 0 %, 0 %, 0 MiB, 23028 MiB
2026/02/25 16:26:28.670, 3, NVIDIA A10G, 0 %, 0 %, 0 MiB, 23028 MiB
2026/02/25 16:26:29.670, 0, NVIDIA A10G, 24 %, 8 %, 2049 MiB, 23028 MiB
2026/02/25 16:26:29.670, 1, NVIDIA A10G, 0 %, 0 %, 0 MiB, 23028 MiB
2026/02/25 16:26:29.670, 2, NVIDIA A10G, 0 %, 0 %, 0 MiB, 23028 MiB
2026/02/25 16:26:29.670, 3, NVIDIA A10G, 0 %, 0 %, 0 MiB, 23028 MiB
2026/02/25 16:26:30.670, 0, NVIDIA A10G, 23 %, 9 %, 2049 MiB, 23028 MiB
2026/02/25 16:26:30.670, 1, NVIDIA A10G, 0 %, 0 %, 0 MiB, 23028 MiB
2026/02/25 16:26:30.670, 2, NVIDIA A10G, 0 %, 0 %, 0 MiB, 23028 MiB
2026/02/25 16:26:30.670, 3, NVIDIA A10G, 0 %, 0 %, 0 MiB, 23028 MiB
2026/02/25 16:26:31.670, 0, NVIDIA A10G, 22 %, 7 %, 2049 MiB, 23028 MiB
2026/02/25 16:26:31.671, 1, NVIDIA A10G, 0 %, 0 %, 0 MiB, 23028 MiB
2026/02/25 16:26:31.671, 2, NVIDIA A10G, 0 %, 0 %, 0 MiB, 23028 MiB
2026/02/25 16:26:31.671, 3, NVIDIA A10G, 0 %, 0 %, 0 MiB, 23028 MiB
2026/02/25 16:26:32.671, 0, NVIDIA A10G, 21 %, 7 %, 2049 MiB, 23028 MiB
2026/02/25 16:26:32.671, 1, NVIDIA A10G, 0 %, 0 %, 0 MiB, 23028 MiB
2026/02/25 16:26:32.671, 2, NVIDIA A10G, 0 %, 0 %, 0 MiB, 23028 MiB
2026/02/25 16:26:32.671, 3, NVIDIA A10G, 0 %, 0 %, 0 MiB, 23028 MiB
2026/02/25 16:26:33.671, 0, NVIDIA A10G, 22 %, 7 %, 2049 MiB, 23028 MiB
2026/02/25 16:26:33.671, 1, NVIDIA A10G, 0 %, 0 %, 0 MiB, 23028 MiB
2026/02/25 16:26:33.671, 2, NVIDIA A10G, 0 %, 0 %, 0 MiB, 23028 MiB
2026/02/25 16:26:33.671, 3, NVIDIA A10G, 0 %, 0 %, 0 MiB, 23028 MiB
2026/02/25 16:26:34.671, 0, NVIDIA A10G, 14 %, 5 %, 2049 MiB, 23028 MiB
2026/02/25 16:26:34.671, 1, NVIDIA A10G, 0 %, 0 %, 0 MiB, 23028 MiB
2026/02/25 16:26:34.671, 2, NVIDIA A10G, 0 %, 0 %, 0 MiB, 23028 MiB
2026/02/25 16:26:34.671, 3, NVIDIA A10G, 0 %, 0 %, 0 MiB, 23028 MiB
2026/02/25 16:26:35.672, 0, NVIDIA A10G, 0 %, 0 %, 2049 MiB, 23028 MiB
2026/02/25 16:26:35.672, 1, NVIDIA A10G, 0 %, 0 %, 0 MiB, 23028 MiB
2026/02/25 16:26:35.672, 2, NVIDIA A10G, 0 %, 0 %, 0 MiB, 23028 MiB
2026/02/25 16:26:35.672, 3, NVIDIA A10G, 0 %, 0 %, 0 MiB, 23028 MiB
2026/02/25 16:26:36.672, 0, NVIDIA A10G, 0 %, 0 %, 2049 MiB, 23028 MiB
2026/02/25 16:26:36.672, 1, NVIDIA A10G, 0 %, 0 %, 0 MiB, 23028 MiB
2026/02/25 16:26:36.672, 2, NVIDIA A10G, 0 %, 0 %, 0 MiB, 23028 MiB
2026/02/25 16:26:36.672, 3, NVIDIA A10G, 0 %, 0 %, 0 MiB, 23028 MiB
2026/02/25 16:26:37.672, 0, NVIDIA A10G, 0 %, 0 %, 2049 MiB, 23028 MiB
2026/02/25 16:26:37.672, 1, NVIDIA A10G, 0 %, 0 %, 0 MiB, 23028 MiB
2026/02/25 16:26:37.672, 2, NVIDIA A10G, 0 %, 0 %, 0 MiB, 23028 MiB
2026/02/25 16:26:37.672, 3, NVIDIA A10G, 0 %, 0 %, 0 MiB, 23028 MiB
2026/02/25 16:26:38.673, 0, NVIDIA A10G, 0 %, 0 %, 2049 MiB, 23028 MiB
2026/02/25 16:26:38.673, 1, NVIDIA A10G, 0 %, 0 %, 0 MiB, 23028 MiB
2026/02/25 16:26:38.673, 2, NVIDIA A10G, 0 %, 0 %, 0 MiB, 23028 MiB
2026/02/25 16:26:38.673, 3, NVIDIA A10G, 0 %, 0 %, 0 MiB, 23028 MiB
2026/02/25 16:26:39.673, 0, NVIDIA A10G, 25 %, 9 %, 2049 MiB, 23028 MiB
2026/02/25 16:26:39.673, 1, NVIDIA A10G, 0 %, 0 %, 0 MiB, 23028 MiB
2026/02/25 16:26:39.673, 2, NVIDIA A10G, 0 %, 0 %, 0 MiB, 23028 MiB
2026/02/25 16:26:39.673, 3, NVIDIA A10G, 0 %, 0 %, 0 MiB, 23028 MiB
2026/02/25 16:26:40.673, 0, NVIDIA A10G, 23 %, 8 %, 2049 MiB, 23028 MiB
2026/02/25 16:26:40.673, 1, NVIDIA A10G, 0 %, 0 %, 0 MiB, 23028 MiB
2026/02/25 16:26:40.673, 2, NVIDIA A10G, 0 %, 0 %, 0 MiB, 23028 MiB
2026/02/25 16:26:40.673, 3, NVIDIA A10G, 0 %, 0 %, 0 MiB, 23028 MiB
2026/02/25 16:26:41.673, 0, NVIDIA A10G, 24 %, 8 %, 2049 MiB, 23028 MiB
2026/02/25 16:26:41.673, 1, NVIDIA A10G, 0 %, 0 %, 0 MiB, 23028 MiB
2026/02/25 16:26:41.674, 2, NVIDIA A10G, 0 %, 0 %, 0 MiB, 23028 MiB
2026/02/25 16:26:41.674, 3, NVIDIA A10G, 0 %, 0 %, 0 MiB, 23028 MiB
2026/02/25 16:26:42.674, 0, NVIDIA A10G, 13 %, 4 %, 2049 MiB, 23028 MiB
2026/02/25 16:26:42.674, 1, NVIDIA A10G, 0 %, 0 %, 0 MiB, 23028 MiB
2026/02/25 16:26:42.674, 2, NVIDIA A10G, 0 %, 0 %, 0 MiB, 23028 MiB
2026/02/25 16:26:42.674, 3, NVIDIA A10G, 0 %, 0 %, 0 MiB, 23028 MiB
2026/02/25 16:26:43.674, 0, NVIDIA A10G, 0 %, 0 %, 2049 MiB, 23028 MiB
2026/02/25 16:26:43.674, 1, NVIDIA A10G, 0 %, 0 %, 0 MiB, 23028 MiB
2026/02/25 16:26:43.674, 2, NVIDIA A10G, 0 %, 0 %, 0 MiB, 23028 MiB
2026/02/25 16:26:43.674, 3, NVIDIA A10G, 0 %, 0 %, 0 MiB, 23028 MiB
2026/02/25 16:26:44.674, 0, NVIDIA A10G, 0 %, 0 %, 2049 MiB, 23028 MiB
2026/02/25 16:26:44.674, 1, NVIDIA A10G, 0 %, 0 %, 0 MiB, 23028 MiB
2026/02/25 16:26:44.674, 2, NVIDIA A10G, 0 %, 0 %, 0 MiB, 23028 MiB
2026/02/25 16:26:44.674, 3, NVIDIA A10G, 0 %, 0 %, 0 MiB, 23028 MiB
2026/02/25 16:26:45.674, 0, NVIDIA A10G, 0 %, 0 %, 2049 MiB, 23028 MiB
2026/02/25 16:26:45.674, 1, NVIDIA A10G, 0 %, 0 %, 0 MiB, 23028 MiB
2026/02/25 16:26:45.675, 2, NVIDIA A10G, 0 %, 0 %, 0 MiB, 23028 MiB
2026/02/25 16:26:45.675, 3, NVIDIA A10G, 0 %, 0 %, 0 MiB, 23028 MiB
2026/02/25 16:26:46.675, 0, NVIDIA A10G, 0 %, 0 %, 2049 MiB, 23028 MiB
2026/02/25 16:26:46.675, 1, NVIDIA A10G, 0 %, 0 %, 0 MiB, 23028 MiB
2026/02/25 16:26:46.675, 2, NVIDIA A10G, 0 %, 0 %, 0 MiB, 23028 MiB
2026/02/25 16:26:46.675, 3, NVIDIA A10G, 0 %, 0 %, 0 MiB, 23028 MiB
2026/02/25 16:26:47.675, 0, NVIDIA A10G, 0 %, 0 %, 2049 MiB, 23028 MiB
2026/02/25 16:26:47.675, 1, NVIDIA A10G, 0 %, 0 %, 0 MiB, 23028 MiB
2026/02/25 16:26:47.675, 2, NVIDIA A10G, 0 %, 0 %, 0 MiB, 23028 MiB
2026/02/25 16:26:47.675, 3, NVIDIA A10G, 0 %, 0 %, 0 MiB, 23028 MiB
2026/02/25 16:26:48.675, 0, NVIDIA A10G, 0 %, 0 %, 2049 MiB, 23028 MiB
2026/02/25 16:26:48.675, 1, NVIDIA A10G, 0 %, 0 %, 0 MiB, 23028 MiB
2026/02/25 16:26:48.675, 2, NVIDIA A10G, 0 %, 0 %, 0 MiB, 23028 MiB
2026/02/25 16:26:48.675, 3, NVIDIA A10G, 0 %, 0 %, 0 MiB, 23028 MiB
2026/02/25 16:26:49.676, 0, NVIDIA A10G, 0 %, 0 %, 2049 MiB, 23028 MiB
2026/02/25 16:26:49.676, 1, NVIDIA A10G, 0 %, 0 %, 0 MiB, 23028 MiB
2026/02/25 16:26:49.676, 2, NVIDIA A10G, 0 %, 0 %, 0 MiB, 23028 MiB
2026/02/25 16:26:49.676, 3, NVIDIA A10G, 0 %, 0 %, 0 MiB, 23028 MiB
2026/02/25 16:26:50.676, 0, NVIDIA A10G, 21 %, 7 %, 2049 MiB, 23028 MiB
2026/02/25 16:26:50.676, 1, NVIDIA A10G, 0 %, 0 %, 0 MiB, 23028 MiB
2026/02/25 16:26:50.676, 2, NVIDIA A10G, 0 %, 0 %, 0 MiB, 23028 MiB
2026/02/25 16:26:50.676, 3, NVIDIA A10G, 0 %, 0 %, 0 MiB, 23028 MiB
2026/02/25 16:26:51.676, 0, NVIDIA A10G, 21 %, 7 %, 2049 MiB, 23028 MiB
2026/02/25 16:26:51.676, 1, NVIDIA A10G, 0 %, 0 %, 0 MiB, 23028 MiB
2026/02/25 16:26:51.676, 2, NVIDIA A10G, 0 %, 0 %, 0 MiB, 23028 MiB
2026/02/25 16:26:51.676, 3, NVIDIA A10G, 0 %, 0 %, 0 MiB, 23028 MiB
2026/02/25 16:26:52.676, 0, NVIDIA A10G, 22 %, 7 %, 2049 MiB, 23028 MiB
2026/02/25 16:26:52.677, 1, NVIDIA A10G, 0 %, 0 %, 0 MiB, 23028 MiB
2026/02/25 16:26:52.677, 2, NVIDIA A10G, 0 %, 0 %, 0 MiB, 23028 MiB
2026/02/25 16:26:52.677, 3, NVIDIA A10G, 0 %, 0 %, 0 MiB, 23028 MiB
2026/02/25 16:26:53.677, 0, NVIDIA A10G, 22 %, 7 %, 2049 MiB, 23028 MiB
2026/02/25 16:26:53.677, 1, NVIDIA A10G, 0 %, 0 %, 0 MiB, 23028 MiB
2026/02/25 16:26:53.677, 2, NVIDIA A10G, 0 %, 0 %, 0 MiB, 23028 MiB
2026/02/25 16:26:53.677, 3, NVIDIA A10G, 0 %, 0 %, 0 MiB, 23028 MiB
2026/02/25 16:26:54.677, 0, NVIDIA A10G, 21 %, 7 %, 2049 MiB, 23028 MiB
2026/02/25 16:26:54.677, 1, NVIDIA A10G, 0 %, 0 %, 0 MiB, 23028 MiB
2026/02/25 16:26:54.677, 2, NVIDIA A10G, 0 %, 0 %, 0 MiB, 23028 MiB
2026/02/25 16:26:54.677, 3, NVIDIA A10G, 0 %, 0 %, 0 MiB, 23028 MiB
2026/02/25 16:26:55.677, 0, NVIDIA A10G, 22 %, 8 %, 2049 MiB, 23028 MiB
2026/02/25 16:26:55.678, 1, NVIDIA A10G, 0 %, 0 %, 0 MiB, 23028 MiB
2026/02/25 16:26:55.678, 2, NVIDIA A10G, 0 %, 0 %, 0 MiB, 23028 MiB
2026/02/25 16:26:55.678, 3, NVIDIA A10G, 0 %, 0 %, 0 MiB, 23028 MiB
2026/02/25 16:26:56.678, 0, NVIDIA A10G, 21 %, 7 %, 2049 MiB, 23028 MiB
2026/02/25 16:26:56.678, 1, NVIDIA A10G, 0 %, 0 %, 0 MiB, 23028 MiB
2026/02/25 16:26:56.678, 2, NVIDIA A10G, 0 %, 0 %, 0 MiB, 23028 MiB
2026/02/25 16:26:56.678, 3, NVIDIA A10G, 0 %, 0 %, 0 MiB, 23028 MiB
2026/02/25 16:26:57.678, 0, NVIDIA A10G, 21 %, 7 %, 2049 MiB, 23028 MiB
2026/02/25 16:26:57.678, 1, NVIDIA A10G, 0 %, 0 %, 0 MiB, 23028 MiB
2026/02/25 16:26:57.679, 2, NVIDIA A10G, 0 %, 0 %, 0 MiB, 23028 MiB
2026/02/25 16:26:57.679, 3, NVIDIA A10G, 0 %, 0 %, 0 MiB, 23028 MiB
2026/02/25 16:26:58.679, 0, NVIDIA A10G, 0 %, 0 %, 2049 MiB, 23028 MiB
2026/02/25 16:26:58.679, 1, NVIDIA A10G, 0 %, 0 %, 0 MiB, 23028 MiB
2026/02/25 16:26:58.679, 2, NVIDIA A10G, 0 %, 0 %, 0 MiB, 23028 MiB
2026/02/25 16:26:58.679, 3, NVIDIA A10G, 0 %, 0 %, 0 MiB, 23028 MiB
2026/02/25 16:26:59.679, 0, NVIDIA A10G, 0 %, 0 %, 2049 MiB, 23028 MiB
2026/02/25 16:26:59.679, 1, NVIDIA A10G, 0 %, 0 %, 0 MiB, 23028 MiB
2026/02/25 16:26:59.679, 2, NVIDIA A10G, 0 %, 0 %, 0 MiB, 23028 MiB
2026/02/25 16:26:59.679, 3, NVIDIA A10G, 0 %, 0 %, 0 MiB, 23028 MiB
2026/02/25 16:27:00.679, 0, NVIDIA A10G, 0 %, 0 %, 2049 MiB, 23028 MiB
2026/02/25 16:27:00.679, 1, NVIDIA A10G, 0 %, 0 %, 0 MiB, 23028 MiB
2026/02/25 16:27:00.680, 2, NVIDIA A10G, 0 %, 0 %, 0 MiB, 23028 MiB
2026/02/25 16:27:00.680, 3, NVIDIA A10G, 0 %, 0 %, 0 MiB, 23028 MiB
2026/02/25 16:27:01.680, 0, NVIDIA A10G, 0 %, 0 %, 2049 MiB, 23028 MiB
2026/02/25 16:27:01.680, 1, NVIDIA A10G, 0 %, 0 %, 0 MiB, 23028 MiB
2026/02/25 16:27:01.680, 2, NVIDIA A10G, 0 %, 0 %, 0 MiB, 23028 MiB
2026/02/25 16:27:01.680, 3, NVIDIA A10G, 0 %, 0 %, 0 MiB, 23028 MiB
2026/02/25 16:27:02.680, 0, NVIDIA A10G, 0 %, 0 %, 2049 MiB, 23028 MiB
2026/02/25 16:27:02.680, 1, NVIDIA A10G, 0 %, 0 %, 0 MiB, 23028 MiB
2026/02/25 16:27:02.680, 2, NVIDIA A10G, 0 %, 0 %, 0 MiB, 23028 MiB
2026/02/25 16:27:02.680, 3, NVIDIA A10G, 0 %, 0 %, 0 MiB, 23028 MiB
2026/02/25 16:27:03.680, 0, NVIDIA A10G, 0 %, 0 %, 2049 MiB, 23028 MiB
2026/02/25 16:27:03.681, 1, NVIDIA A10G, 0 %, 0 %, 0 MiB, 23028 MiB
2026/02/25 16:27:03.681, 2, NVIDIA A10G, 0 %, 0 %, 0 MiB, 23028 MiB
2026/02/25 16:27:03.681, 3, NVIDIA A10G, 0 %, 0 %, 0 MiB, 23028 MiB
2026/02/25 16:27:04.681, 0, NVIDIA A10G, 0 %, 0 %, 2049 MiB, 23028 MiB
2026/02/25 16:27:04.681, 1, NVIDIA A10G, 0 %, 0 %, 0 MiB, 23028 MiB
2026/02/25 16:27:04.681, 2, NVIDIA A10G, 0 %, 0 %, 0 MiB, 23028 MiB
2026/02/25 16:27:04.681, 3, NVIDIA A10G, 0 %, 0 %, 0 MiB, 23028 MiB
2026/02/25 16:27:05.681, 0, NVIDIA A10G, 24 %, 8 %, 2049 MiB, 23028 MiB
2026/02/25 16:27:05.681, 1, NVIDIA A10G, 0 %, 0 %, 0 MiB, 23028 MiB
2026/02/25 16:27:05.681, 2, NVIDIA A10G, 0 %, 0 %, 0 MiB, 23028 MiB
2026/02/25 16:27:05.682, 3, NVIDIA A10G, 0 %, 0 %, 0 MiB, 23028 MiB
2026/02/25 16:27:06.682, 0, NVIDIA A10G, 23 %, 8 %, 2049 MiB, 23028 MiB
2026/02/25 16:27:06.682, 1, NVIDIA A10G, 0 %, 0 %, 0 MiB, 23028 MiB
2026/02/25 16:27:06.682, 2, NVIDIA A10G, 0 %, 0 %, 0 MiB, 23028 MiB
2026/02/25 16:27:06.682, 3, NVIDIA A10G, 0 %, 0 %, 0 MiB, 23028 MiB
2026/02/25 16:27:07.682, 0, NVIDIA A10G, 24 %, 9 %, 2049 MiB, 23028 MiB
2026/02/25 16:27:07.682, 1, NVIDIA A10G, 0 %, 0 %, 0 MiB, 23028 MiB
2026/02/25 16:27:07.682, 2, NVIDIA A10G, 0 %, 0 %, 0 MiB, 23028 MiB
2026/02/25 16:27:07.682, 3, NVIDIA A10G, 0 %, 0 %, 0 MiB, 23028 MiB
2026/02/25 16:27:08.682, 0, NVIDIA A10G, 23 %, 8 %, 2049 MiB, 23028 MiB
2026/02/25 16:27:08.682, 1, NVIDIA A10G, 0 %, 0 %, 0 MiB, 23028 MiB
2026/02/25 16:27:08.682, 2, NVIDIA A10G, 0 %, 0 %, 0 MiB, 23028 MiB
2026/02/25 16:27:08.682, 3, NVIDIA A10G, 0 %, 0 %, 0 MiB, 23028 MiB
2026/02/25 16:27:09.683, 0, NVIDIA A10G, 23 %, 8 %, 2049 MiB, 23028 MiB
2026/02/25 16:27:09.683, 1, NVIDIA A10G, 0 %, 0 %, 0 MiB, 23028 MiB
2026/02/25 16:27:09.683, 2, NVIDIA A10G, 0 %, 0 %, 0 MiB, 23028 MiB
2026/02/25 16:27:09.683, 3, NVIDIA A10G, 0 %, 0 %, 0 MiB, 23028 MiB
2026/02/25 16:27:10.683, 0, NVIDIA A10G, 22 %, 8 %, 2049 MiB, 23028 MiB
2026/02/25 16:27:10.683, 1, NVIDIA A10G, 0 %, 0 %, 0 MiB, 23028 MiB
2026/02/25 16:27:10.683, 2, NVIDIA A10G, 0 %, 0 %, 0 MiB, 23028 MiB
2026/02/25 16:27:10.683, 3, NVIDIA A10G, 0 %, 0 %, 0 MiB, 23028 MiB
2026/02/25 16:27:11.683, 0, NVIDIA A10G, 21 %, 7 %, 2049 MiB, 23028 MiB
2026/02/25 16:27:11.683, 1, NVIDIA A10G, 0 %, 0 %, 0 MiB, 23028 MiB
2026/02/25 16:27:11.683, 2, NVIDIA A10G, 0 %, 0 %, 0 MiB, 23028 MiB
2026/02/25 16:27:11.683, 3, NVIDIA A10G, 0 %, 0 %, 0 MiB, 23028 MiB
2026/02/25 16:27:12.684, 0, NVIDIA A10G, 0 %, 0 %, 2049 MiB, 23028 MiB
2026/02/25 16:27:12.684, 1, NVIDIA A10G, 0 %, 0 %, 0 MiB, 23028 MiB
2026/02/25 16:27:12.684, 2, NVIDIA A10G, 0 %, 0 %, 0 MiB, 23028 MiB
2026/02/25 16:27:12.684, 3, NVIDIA A10G, 0 %, 0 %, 0 MiB, 23028 MiB
2026/02/25 16:27:13.684, 0, NVIDIA A10G, 0 %, 0 %, 2049 MiB, 23028 MiB
2026/02/25 16:27:13.684, 1, NVIDIA A10G, 0 %, 0 %, 0 MiB, 23028 MiB
2026/02/25 16:27:13.684, 2, NVIDIA A10G, 0 %, 0 %, 0 MiB, 23028 MiB
2026/02/25 16:27:13.684, 3, NVIDIA A10G, 0 %, 0 %, 0 MiB, 23028 MiB
2026/02/25 16:27:14.684, 0, NVIDIA A10G, 0 %, 0 %, 2049 MiB, 23028 MiB
2026/02/25 16:27:14.684, 1, NVIDIA A10G, 0 %, 0 %, 0 MiB, 23028 MiB
2026/02/25 16:27:14.684, 2, NVIDIA A10G, 0 %, 0 %, 0 MiB, 23028 MiB
2026/02/25 16:27:14.684, 3, NVIDIA A10G, 0 %, 0 %, 0 MiB, 23028 MiB
2026/02/25 16:27:15.684, 0, NVIDIA A10G, 0 %, 0 %, 2049 MiB, 23028 MiB
2026/02/25 16:27:15.685, 1, NVIDIA A10G, 0 %, 0 %, 0 MiB, 23028 MiB
2026/02/25 16:27:15.685, 2, NVIDIA A10G, 0 %, 0 %, 0 MiB, 23028 MiB
2026/02/25 16:27:15.685, 3, NVIDIA A10G, 0 %, 0 %, 0 MiB, 23028 MiB
2026/02/25 16:27:16.685, 0, NVIDIA A10G, 0 %, 0 %, 2049 MiB, 23028 MiB
2026/02/25 16:27:16.685, 1, NVIDIA A10G, 0 %, 0 %, 0 MiB, 23028 MiB
2026/02/25 16:27:16.685, 2, NVIDIA A10G, 0 %, 0 %, 0 MiB, 23028 MiB
2026/02/25 16:27:16.685, 3, NVIDIA A10G, 0 %, 0 %, 0 MiB, 23028 MiB
2026/02/25 16:27:17.685, 0, NVIDIA A10G, 0 %, 0 %, 2049 MiB, 23028 MiB
2026/02/25 16:27:17.685, 1, NVIDIA A10G, 0 %, 0 %, 0 MiB, 23028 MiB
2026/02/25 16:27:17.686, 2, NVIDIA A10G, 0 %, 0 %, 0 MiB, 23028 MiB
2026/02/25 16:27:17.686, 3, NVIDIA A10G, 0 %, 0 %, 0 MiB, 23028 MiB
2026/02/25 16:27:18.686, 0, NVIDIA A10G, 11 %, 4 %, 2049 MiB, 23028 MiB
2026/02/25 16:27:18.686, 1, NVIDIA A10G, 0 %, 0 %, 0 MiB, 23028 MiB
2026/02/25 16:27:18.686, 2, NVIDIA A10G, 0 %, 0 %, 0 MiB, 23028 MiB
2026/02/25 16:27:18.686, 3, NVIDIA A10G, 0 %, 0 %, 0 MiB, 23028 MiB
2026/02/25 16:27:19.686, 0, NVIDIA A10G, 21 %, 7 %, 2049 MiB, 23028 MiB
2026/02/25 16:27:19.686, 1, NVIDIA A10G, 0 %, 0 %, 0 MiB, 23028 MiB
2026/02/25 16:27:19.686, 2, NVIDIA A10G, 0 %, 0 %, 0 MiB, 23028 MiB
2026/02/25 16:27:19.686, 3, NVIDIA A10G, 0 %, 0 %, 0 MiB, 23028 MiB
2026/02/25 16:27:20.686, 0, NVIDIA A10G, 20 %, 6 %, 2049 MiB, 23028 MiB
2026/02/25 16:27:20.686, 1, NVIDIA A10G, 0 %, 0 %, 0 MiB, 23028 MiB
2026/02/25 16:27:20.686, 2, NVIDIA A10G, 0 %, 0 %, 0 MiB, 23028 MiB
2026/02/25 16:27:20.686, 3, NVIDIA A10G, 0 %, 0 %, 0 MiB, 23028 MiB
2026/02/25 16:27:21.687, 0, NVIDIA A10G, 23 %, 8 %, 2049 MiB, 23028 MiB
2026/02/25 16:27:21.687, 1, NVIDIA A10G, 0 %, 0 %, 0 MiB, 23028 MiB
2026/02/25 16:27:21.687, 2, NVIDIA A10G, 0 %, 0 %, 0 MiB, 23028 MiB
2026/02/25 16:27:21.687, 3, NVIDIA A10G, 0 %, 0 %, 0 MiB, 23028 MiB
2026/02/25 16:27:22.687, 0, NVIDIA A10G, 22 %, 7 %, 2049 MiB, 23028 MiB
2026/02/25 16:27:22.687, 1, NVIDIA A10G, 0 %, 0 %, 0 MiB, 23028 MiB
2026/02/25 16:27:22.687, 2, NVIDIA A10G, 0 %, 0 %, 0 MiB, 23028 MiB
2026/02/25 16:27:22.687, 3, NVIDIA A10G, 0 %, 0 %, 0 MiB, 23028 MiB
2026/02/25 16:27:23.687, 0, NVIDIA A10G, 21 %, 7 %, 2049 MiB, 23028 MiB
2026/02/25 16:27:23.687, 1, NVIDIA A10G, 0 %, 0 %, 0 MiB, 23028 MiB
2026/02/25 16:27:23.687, 2, NVIDIA A10G, 0 %, 0 %, 0 MiB, 23028 MiB
2026/02/25 16:27:23.687, 3, NVIDIA A10G, 0 %, 0 %, 0 MiB, 23028 MiB
2026/02/25 16:27:24.687, 0, NVIDIA A10G, 23 %, 8 %, 2049 MiB, 23028 MiB
2026/02/25 16:27:24.688, 1, NVIDIA A10G, 0 %, 0 %, 0 MiB, 23028 MiB
2026/02/25 16:27:24.688, 2, NVIDIA A10G, 0 %, 0 %, 0 MiB, 23028 MiB
2026/02/25 16:27:24.688, 3, NVIDIA A10G, 0 %, 0 %, 0 MiB, 23028 MiB
2026/02/25 16:27:25.688, 0, NVIDIA A10G, 23 %, 8 %, 2049 MiB, 23028 MiB
2026/02/25 16:27:25.688, 1, NVIDIA A10G, 0 %, 0 %, 0 MiB, 23028 MiB
2026/02/25 16:27:25.688, 2, NVIDIA A10G, 0 %, 0 %, 0 MiB, 23028 MiB
2026/02/25 16:27:25.688, 3, NVIDIA A10G, 0 %, 0 %, 0 MiB, 23028 MiB
2026/02/25 16:27:26.688, 0, NVIDIA A10G, 0 %, 0 %, 2049 MiB, 23028 MiB
2026/02/25 16:27:26.688, 1, NVIDIA A10G, 0 %, 0 %, 0 MiB, 23028 MiB
2026/02/25 16:27:26.688, 2, NVIDIA A10G, 0 %, 0 %, 0 MiB, 23028 MiB
2026/02/25 16:27:26.688, 3, NVIDIA A10G, 0 %, 0 %, 0 MiB, 23028 MiB
2026/02/25 16:27:27.690, 0, NVIDIA A10G, 0 %, 0 %, 2049 MiB, 23028 MiB
2026/02/25 16:27:27.690, 1, NVIDIA A10G, 0 %, 0 %, 0 MiB, 23028 MiB
2026/02/25 16:27:27.690, 2, NVIDIA A10G, 0 %, 0 %, 0 MiB, 23028 MiB
2026/02/25 16:27:27.690, 3, NVIDIA A10G, 0 %, 0 %, 0 MiB, 23028 MiB
2026/02/25 16:27:28.690, 0, NVIDIA A10G, 0 %, 0 %, 2049 MiB, 23028 MiB
2026/02/25 16:27:28.690, 1, NVIDIA A10G, 0 %, 0 %, 0 MiB, 23028 MiB
2026/02/25 16:27:28.690, 2, NVIDIA A10G, 0 %, 0 %, 0 MiB, 23028 MiB
2026/02/25 16:27:28.690, 3, NVIDIA A10G, 0 %, 0 %, 0 MiB, 23028 MiB
2026/02/25 16:27:29.690, 0, NVIDIA A10G, 0 %, 0 %, 2049 MiB, 23028 MiB
2026/02/25 16:27:29.690, 1, NVIDIA A10G, 0 %, 0 %, 0 MiB, 23028 MiB
2026/02/25 16:27:29.690, 2, NVIDIA A10G, 0 %, 0 %, 0 MiB, 23028 MiB
2026/02/25 16:27:29.690, 3, NVIDIA A10G, 0 %, 0 %, 0 MiB, 23028 MiB
2026/02/25 16:27:30.691, 0, NVIDIA A10G, 0 %, 0 %, 2049 MiB, 23028 MiB
2026/02/25 16:27:30.691, 1, NVIDIA A10G, 0 %, 0 %, 0 MiB, 23028 MiB
2026/02/25 16:27:30.691, 2, NVIDIA A10G, 0 %, 0 %, 0 MiB, 23028 MiB
2026/02/25 16:27:30.691, 3, NVIDIA A10G, 0 %, 0 %, 0 MiB, 23028 MiB
2026/02/25 16:27:31.691, 0, NVIDIA A10G, 0 %, 0 %, 2049 MiB, 23028 MiB
2026/02/25 16:27:31.691, 1, NVIDIA A10G, 0 %, 0 %, 0 MiB, 23028 MiB
2026/02/25 16:27:31.691, 2, NVIDIA A10G, 0 %, 0 %, 0 MiB, 23028 MiB
2026/02/25 16:27:31.691, 3, NVIDIA A10G, 0 %, 0 %, 0 MiB, 23028 MiB
2026/02/25 16:27:32.691, 0, NVIDIA A10G, 0 %, 0 %, 2049 MiB, 23028 MiB
2026/02/25 16:27:32.691, 1, NVIDIA A10G, 0 %, 0 %, 0 MiB, 23028 MiB
2026/02/25 16:27:32.691, 2, NVIDIA A10G, 0 %, 0 %, 0 MiB, 23028 MiB
2026/02/25 16:27:32.691, 3, NVIDIA A10G, 0 %, 0 %, 0 MiB, 23028 MiB
2026/02/25 16:27:33.692, 0, NVIDIA A10G, 0 %, 0 %, 2049 MiB, 23028 MiB
2026/02/25 16:27:33.692, 1, NVIDIA A10G, 0 %, 0 %, 0 MiB, 23028 MiB
2026/02/25 16:27:33.692, 2, NVIDIA A10G, 0 %, 0 %, 0 MiB, 23028 MiB
2026/02/25 16:27:33.692, 3, NVIDIA A10G, 0 %, 0 %, 0 MiB, 23028 MiB
2026/02/25 16:27:34.692, 0, NVIDIA A10G, 0 %, 0 %, 2049 MiB, 23028 MiB
2026/02/25 16:27:34.692, 1, NVIDIA A10G, 0 %, 0 %, 0 MiB, 23028 MiB
2026/02/25 16:27:34.692, 2, NVIDIA A10G, 0 %, 0 %, 0 MiB, 23028 MiB
2026/02/25 16:27:34.692, 3, NVIDIA A10G, 0 %, 0 %, 0 MiB, 23028 MiB
2026/02/25 16:27:35.692, 0, NVIDIA A10G, 23 %, 8 %, 2049 MiB, 23028 MiB
2026/02/25 16:27:35.692, 1, NVIDIA A10G, 0 %, 0 %, 0 MiB, 23028 MiB
2026/02/25 16:27:35.692, 2, NVIDIA A10G, 0 %, 0 %, 0 MiB, 23028 MiB
2026/02/25 16:27:35.693, 3, NVIDIA A10G, 0 %, 0 %, 0 MiB, 23028 MiB
2026/02/25 16:27:36.693, 0, NVIDIA A10G, 22 %, 7 %, 2049 MiB, 23028 MiB
2026/02/25 16:27:36.693, 1, NVIDIA A10G, 0 %, 0 %, 0 MiB, 23028 MiB
2026/02/25 16:27:36.693, 2, NVIDIA A10G, 0 %, 0 %, 0 MiB, 23028 MiB
2026/02/25 16:27:36.693, 3, NVIDIA A10G, 0 %, 0 %, 0 MiB, 23028 MiB
2026/02/25 16:27:37.693, 0, NVIDIA A10G, 21 %, 7 %, 2049 MiB, 23028 MiB
2026/02/25 16:27:37.693, 1, NVIDIA A10G, 0 %, 0 %, 0 MiB, 23028 MiB
2026/02/25 16:27:37.693, 2, NVIDIA A10G, 0 %, 0 %, 0 MiB, 23028 MiB
2026/02/25 16:27:37.693, 3, NVIDIA A10G, 0 %, 0 %, 0 MiB, 23028 MiB
2026/02/25 16:27:38.693, 0, NVIDIA A10G, 22 %, 8 %, 2049 MiB, 23028 MiB
2026/02/25 16:27:38.693, 1, NVIDIA A10G, 0 %, 0 %, 0 MiB, 23028 MiB
2026/02/25 16:27:38.693, 2, NVIDIA A10G, 0 %, 0 %, 0 MiB, 23028 MiB
2026/02/25 16:27:38.694, 3, NVIDIA A10G, 0 %, 0 %, 0 MiB, 23028 MiB
2026/02/25 16:27:39.694, 0, NVIDIA A10G, 21 %, 7 %, 2049 MiB, 23028 MiB
2026/02/25 16:27:39.694, 1, NVIDIA A10G, 0 %, 0 %, 0 MiB, 23028 MiB
2026/02/25 16:27:39.694, 2, NVIDIA A10G, 0 %, 0 %, 0 MiB, 23028 MiB
2026/02/25 16:27:39.694, 3, NVIDIA A10G, 0 %, 0 %, 0 MiB, 23028 MiB
2026/02/25 16:27:40.694, 0, NVIDIA A10G, 23 %, 8 %, 2049 MiB, 23028 MiB
2026/02/25 16:27:40.694, 1, NVIDIA A10G, 0 %, 0 %, 0 MiB, 23028 MiB
2026/02/25 16:27:40.694, 2, NVIDIA A10G, 0 %, 0 %, 0 MiB, 23028 MiB
2026/02/25 16:27:40.694, 3, NVIDIA A10G, 0 %, 0 %, 0 MiB, 23028 MiB
2026/02/25 16:27:41.694, 0, NVIDIA A10G, 24 %, 9 %, 2049 MiB, 23028 MiB
2026/02/25 16:27:41.694, 1, NVIDIA A10G, 0 %, 0 %, 0 MiB, 23028 MiB
2026/02/25 16:27:41.695, 2, NVIDIA A10G, 0 %, 0 %, 0 MiB, 23028 MiB
2026/02/25 16:27:41.695, 3, NVIDIA A10G, 0 %, 0 %, 0 MiB, 23028 MiB
2026/02/25 16:27:42.695, 0, NVIDIA A10G, 23 %, 8 %, 2049 MiB, 23028 MiB
2026/02/25 16:27:42.695, 1, NVIDIA A10G, 0 %, 0 %, 0 MiB, 23028 MiB
2026/02/25 16:27:42.695, 2, NVIDIA A10G, 0 %, 0 %, 0 MiB, 23028 MiB
2026/02/25 16:27:42.695, 3, NVIDIA A10G, 0 %, 0 %, 0 MiB, 23028 MiB
2026/02/25 16:27:43.695, 0, NVIDIA A10G, 22 %, 7 %, 2049 MiB, 23028 MiB
2026/02/25 16:27:43.695, 1, NVIDIA A10G, 0 %, 0 %, 0 MiB, 23028 MiB
2026/02/25 16:27:43.695, 2, NVIDIA A10G, 0 %, 0 %, 0 MiB, 23028 MiB
2026/02/25 16:27:43.695, 3, NVIDIA A10G, 0 %, 0 %, 0 MiB, 23028 MiB
2026/02/25 16:27:44.695, 0, NVIDIA A10G, 22 %, 8 %, 2049 MiB, 23028 MiB
2026/02/25 16:27:44.695, 1, NVIDIA A10G, 0 %, 0 %, 0 MiB, 23028 MiB
2026/02/25 16:27:44.695, 2, NVIDIA A10G, 0 %, 0 %, 0 MiB, 23028 MiB
2026/02/25 16:27:44.695, 3, NVIDIA A10G, 0 %, 0 %, 0 MiB, 23028 MiB
2026/02/25 16:27:45.696, 0, NVIDIA A10G, 0 %, 0 %, 2049 MiB, 23028 MiB
2026/02/25 16:27:45.696, 1, NVIDIA A10G, 0 %, 0 %, 0 MiB, 23028 MiB
2026/02/25 16:27:45.696, 2, NVIDIA A10G, 0 %, 0 %, 0 MiB, 23028 MiB
2026/02/25 16:27:45.696, 3, NVIDIA A10G, 0 %, 0 %, 0 MiB, 23028 MiB
2026/02/25 16:27:46.696, 0, NVIDIA A10G, 0 %, 0 %, 2049 MiB, 23028 MiB
2026/02/25 16:27:46.696, 1, NVIDIA A10G, 0 %, 0 %, 0 MiB, 23028 MiB
2026/02/25 16:27:46.696, 2, NVIDIA A10G, 0 %, 0 %, 0 MiB, 23028 MiB
2026/02/25 16:27:46.696, 3, NVIDIA A10G, 0 %, 0 %, 0 MiB, 23028 MiB
2026/02/25 16:27:47.696, 0, NVIDIA A10G, 0 %, 0 %, 2049 MiB, 23028 MiB
2026/02/25 16:27:47.696, 1, NVIDIA A10G, 0 %, 0 %, 0 MiB, 23028 MiB
2026/02/25 16:27:47.696, 2, NVIDIA A10G, 0 %, 0 %, 0 MiB, 23028 MiB
2026/02/25 16:27:47.696, 3, NVIDIA A10G, 0 %, 0 %, 0 MiB, 23028 MiB
2026/02/25 16:27:48.696, 0, NVIDIA A10G, 0 %, 0 %, 2049 MiB, 23028 MiB
2026/02/25 16:27:48.696, 1, NVIDIA A10G, 0 %, 0 %, 0 MiB, 23028 MiB
2026/02/25 16:27:48.697, 2, NVIDIA A10G, 0 %, 0 %, 0 MiB, 23028 MiB
2026/02/25 16:27:48.697, 3, NVIDIA A10G, 0 %, 0 %, 0 MiB, 23028 MiB
2026/02/25 16:27:49.697, 0, NVIDIA A10G, 17 %, 5 %, 2049 MiB, 23028 MiB
2026/02/25 16:27:49.697, 1, NVIDIA A10G, 0 %, 0 %, 0 MiB, 23028 MiB
2026/02/25 16:27:49.697, 2, NVIDIA A10G, 0 %, 0 %, 0 MiB, 23028 MiB
2026/02/25 16:27:49.697, 3, NVIDIA A10G, 0 %, 0 %, 0 MiB, 23028 MiB
2026/02/25 16:27:50.697, 0, NVIDIA A10G, 20 %, 6 %, 2049 MiB, 23028 MiB
2026/02/25 16:27:50.697, 1, NVIDIA A10G, 0 %, 0 %, 0 MiB, 23028 MiB
2026/02/25 16:27:50.697, 2, NVIDIA A10G, 0 %, 0 %, 0 MiB, 23028 MiB
2026/02/25 16:27:50.697, 3, NVIDIA A10G, 0 %, 0 %, 0 MiB, 23028 MiB
2026/02/25 16:27:51.697, 0, NVIDIA A10G, 21 %, 7 %, 2049 MiB, 23028 MiB
2026/02/25 16:27:51.697, 1, NVIDIA A10G, 0 %, 0 %, 0 MiB, 23028 MiB
2026/02/25 16:27:51.697, 2, NVIDIA A10G, 0 %, 0 %, 0 MiB, 23028 MiB
2026/02/25 16:27:51.697, 3, NVIDIA A10G, 0 %, 0 %, 0 MiB, 23028 MiB
2026/02/25 16:27:52.698, 0, NVIDIA A10G, 23 %, 7 %, 2049 MiB, 23028 MiB
2026/02/25 16:27:52.698, 1, NVIDIA A10G, 0 %, 0 %, 0 MiB, 23028 MiB
2026/02/25 16:27:52.698, 2, NVIDIA A10G, 0 %, 0 %, 0 MiB, 23028 MiB
2026/02/25 16:27:52.698, 3, NVIDIA A10G, 0 %, 0 %, 0 MiB, 23028 MiB
2026/02/25 16:27:53.698, 0, NVIDIA A10G, 21 %, 7 %, 2049 MiB, 23028 MiB
2026/02/25 16:27:53.698, 1, NVIDIA A10G, 0 %, 0 %, 0 MiB, 23028 MiB
2026/02/25 16:27:53.698, 2, NVIDIA A10G, 0 %, 0 %, 0 MiB, 23028 MiB
2026/02/25 16:27:53.698, 3, NVIDIA A10G, 0 %, 0 %, 0 MiB, 23028 MiB
2026/02/25 16:27:54.698, 0, NVIDIA A10G, 15 %, 5 %, 2049 MiB, 23028 MiB
2026/02/25 16:27:54.698, 1, NVIDIA A10G, 0 %, 0 %, 0 MiB, 23028 MiB
2026/02/25 16:27:54.698, 2, NVIDIA A10G, 0 %, 0 %, 0 MiB, 23028 MiB
2026/02/25 16:27:54.698, 3, NVIDIA A10G, 0 %, 0 %, 0 MiB, 23028 MiB
2026/02/25 16:27:55.698, 0, NVIDIA A10G, 0 %, 0 %, 2049 MiB, 23028 MiB
2026/02/25 16:27:55.698, 1, NVIDIA A10G, 0 %, 0 %, 0 MiB, 23028 MiB
2026/02/25 16:27:55.699, 2, NVIDIA A10G, 0 %, 0 %, 0 MiB, 23028 MiB
2026/02/25 16:27:55.699, 3, NVIDIA A10G, 0 %, 0 %, 0 MiB, 23028 MiB
2026/02/25 16:27:56.699, 0, NVIDIA A10G, 0 %, 0 %, 2049 MiB, 23028 MiB
2026/02/25 16:27:56.699, 1, NVIDIA A10G, 0 %, 0 %, 0 MiB, 23028 MiB
2026/02/25 16:27:56.699, 2, NVIDIA A10G, 0 %, 0 %, 0 MiB, 23028 MiB
2026/02/25 16:27:56.699, 3, NVIDIA A10G, 0 %, 0 %, 0 MiB, 23028 MiB
2026/02/25 16:27:57.699, 0, NVIDIA A10G, 0 %, 0 %, 2049 MiB, 23028 MiB
2026/02/25 16:27:57.699, 1, NVIDIA A10G, 0 %, 0 %, 0 MiB, 23028 MiB
2026/02/25 16:27:57.699, 2, NVIDIA A10G, 0 %, 0 %, 0 MiB, 23028 MiB
2026/02/25 16:27:57.699, 3, NVIDIA A10G, 0 %, 0 %, 0 MiB, 23028 MiB
2026/02/25 16:27:58.699, 0, NVIDIA A10G, 0 %, 0 %, 2049 MiB, 23028 MiB
2026/02/25 16:27:58.699, 1, NVIDIA A10G, 0 %, 0 %, 0 MiB, 23028 MiB
2026/02/25 16:27:58.700, 2, NVIDIA A10G, 0 %, 0 %, 0 MiB, 23028 MiB
2026/02/25 16:27:58.700, 3, NVIDIA A10G, 0 %, 0 %, 0 MiB, 23028 MiB
2026/02/25 16:27:59.700, 0, NVIDIA A10G, 0 %, 0 %, 2049 MiB, 23028 MiB
2026/02/25 16:27:59.700, 1, NVIDIA A10G, 0 %, 0 %, 0 MiB, 23028 MiB
2026/02/25 16:27:59.700, 2, NVIDIA A10G, 0 %, 0 %, 0 MiB, 23028 MiB
2026/02/25 16:27:59.700, 3, NVIDIA A10G, 0 %, 0 %, 0 MiB, 23028 MiB
2026/02/25 16:28:00.700, 0, NVIDIA A10G, 0 %, 0 %, 2049 MiB, 23028 MiB
2026/02/25 16:28:00.700, 1, NVIDIA A10G, 0 %, 0 %, 0 MiB, 23028 MiB
2026/02/25 16:28:00.700, 2, NVIDIA A10G, 0 %, 0 %, 0 MiB, 23028 MiB
2026/02/25 16:28:00.700, 3, NVIDIA A10G, 0 %, 0 %, 0 MiB, 23028 MiB
2026/02/25 16:28:01.700, 0, NVIDIA A10G, 0 %, 0 %, 2049 MiB, 23028 MiB
2026/02/25 16:28:01.700, 1, NVIDIA A10G, 0 %, 0 %, 0 MiB, 23028 MiB
2026/02/25 16:28:01.700, 2, NVIDIA A10G, 0 %, 0 %, 0 MiB, 23028 MiB
2026/02/25 16:28:01.700, 3, NVIDIA A10G, 0 %, 0 %, 0 MiB, 23028 MiB
2026/02/25 16:28:02.700, 0, NVIDIA A10G, 0 %, 0 %, 2049 MiB, 23028 MiB
2026/02/25 16:28:02.700, 1, NVIDIA A10G, 0 %, 0 %, 0 MiB, 23028 MiB
2026/02/25 16:28:02.701, 2, NVIDIA A10G, 0 %, 0 %, 0 MiB, 23028 MiB
2026/02/25 16:28:02.701, 3, NVIDIA A10G, 0 %, 0 %, 0 MiB, 23028 MiB
2026/02/25 16:28:03.701, 0, NVIDIA A10G, 0 %, 0 %, 2049 MiB, 23028 MiB
2026/02/25 16:28:03.701, 1, NVIDIA A10G, 0 %, 0 %, 0 MiB, 23028 MiB
2026/02/25 16:28:03.701, 2, NVIDIA A10G, 0 %, 0 %, 0 MiB, 23028 MiB
2026/02/25 16:28:03.701, 3, NVIDIA A10G, 0 %, 0 %, 0 MiB, 23028 MiB
2026/02/25 16:28:04.701, 0, NVIDIA A10G, 13 %, 4 %, 2049 MiB, 23028 MiB
2026/02/25 16:28:04.701, 1, NVIDIA A10G, 0 %, 0 %, 0 MiB, 23028 MiB
2026/02/25 16:28:04.701, 2, NVIDIA A10G, 0 %, 0 %, 0 MiB, 23028 MiB
2026/02/25 16:28:04.701, 3, NVIDIA A10G, 0 %, 0 %, 0 MiB, 23028 MiB
2026/02/25 16:28:05.701, 0, NVIDIA A10G, 22 %, 8 %, 2049 MiB, 23028 MiB
2026/02/25 16:28:05.701, 1, NVIDIA A10G, 0 %, 0 %, 0 MiB, 23028 MiB
2026/02/25 16:28:05.701, 2, NVIDIA A10G, 0 %, 0 %, 0 MiB, 23028 MiB
2026/02/25 16:28:05.701, 3, NVIDIA A10G, 0 %, 0 %, 0 MiB, 23028 MiB
2026/02/25 16:28:06.702, 0, NVIDIA A10G, 22 %, 7 %, 2049 MiB, 23028 MiB
2026/02/25 16:28:06.702, 1, NVIDIA A10G, 0 %, 0 %, 0 MiB, 23028 MiB
2026/02/25 16:28:06.702, 2, NVIDIA A10G, 0 %, 0 %, 0 MiB, 23028 MiB
2026/02/25 16:28:06.702, 3, NVIDIA A10G, 0 %, 0 %, 0 MiB, 23028 MiB
2026/02/25 16:28:07.702, 0, NVIDIA A10G, 21 %, 7 %, 2049 MiB, 23028 MiB
2026/02/25 16:28:07.702, 1, NVIDIA A10G, 0 %, 0 %, 0 MiB, 23028 MiB
2026/02/25 16:28:07.702, 2, NVIDIA A10G, 0 %, 0 %, 0 MiB, 23028 MiB
2026/02/25 16:28:07.702, 3, NVIDIA A10G, 0 %, 0 %, 0 MiB, 23028 MiB
2026/02/25 16:28:08.702, 0, NVIDIA A10G, 24 %, 8 %, 2049 MiB, 23028 MiB
2026/02/25 16:28:08.702, 1, NVIDIA A10G, 0 %, 0 %, 0 MiB, 23028 MiB
2026/02/25 16:28:08.702, 2, NVIDIA A10G, 0 %, 0 %, 0 MiB, 23028 MiB
2026/02/25 16:28:08.702, 3, NVIDIA A10G, 0 %, 0 %, 0 MiB, 23028 MiB
2026/02/25 16:28:09.702, 0, NVIDIA A10G, 22 %, 7 %, 2049 MiB, 23028 MiB
2026/02/25 16:28:09.702, 1, NVIDIA A10G, 0 %, 0 %, 0 MiB, 23028 MiB
2026/02/25 16:28:09.703, 2, NVIDIA A10G, 0 %, 0 %, 0 MiB, 23028 MiB
2026/02/25 16:28:09.703, 3, NVIDIA A10G, 0 %, 0 %, 0 MiB, 23028 MiB
2026/02/25 16:28:10.703, 0, NVIDIA A10G, 24 %, 8 %, 2049 MiB, 23028 MiB
2026/02/25 16:28:10.703, 1, NVIDIA A10G, 0 %, 0 %, 0 MiB, 23028 MiB
2026/02/25 16:28:10.703, 2, NVIDIA A10G, 0 %, 0 %, 0 MiB, 23028 MiB
2026/02/25 16:28:10.703, 3, NVIDIA A10G, 0 %, 0 %, 0 MiB, 23028 MiB
2026/02/25 16:28:11.703, 0, NVIDIA A10G, 21 %, 8 %, 2049 MiB, 23028 MiB
2026/02/25 16:28:11.703, 1, NVIDIA A10G, 0 %, 0 %, 0 MiB, 23028 MiB
2026/02/25 16:28:11.703, 2, NVIDIA A10G, 0 %, 0 %, 0 MiB, 23028 MiB
2026/02/25 16:28:11.703, 3, NVIDIA A10G, 0 %, 0 %, 0 MiB, 23028 MiB
2026/02/25 16:28:12.703, 0, NVIDIA A10G, 23 %, 8 %, 2049 MiB, 23028 MiB
2026/02/25 16:28:12.703, 1, NVIDIA A10G, 0 %, 0 %, 0 MiB, 23028 MiB
2026/02/25 16:28:12.703, 2, NVIDIA A10G, 0 %, 0 %, 0 MiB, 23028 MiB
2026/02/25 16:28:12.703, 3, NVIDIA A10G, 0 %, 0 %, 0 MiB, 23028 MiB
2026/02/25 16:28:13.704, 0, NVIDIA A10G, 22 %, 7 %, 2049 MiB, 23028 MiB
2026/02/25 16:28:13.704, 1, NVIDIA A10G, 0 %, 0 %, 0 MiB, 23028 MiB
2026/02/25 16:28:13.704, 2, NVIDIA A10G, 0 %, 0 %, 0 MiB, 23028 MiB
2026/02/25 16:28:13.704, 3, NVIDIA A10G, 0 %, 0 %, 0 MiB, 23028 MiB
2026/02/25 16:28:14.704, 0, NVIDIA A10G, 18 %, 6 %, 2049 MiB, 23028 MiB
2026/02/25 16:28:14.704, 1, NVIDIA A10G, 0 %, 0 %, 0 MiB, 23028 MiB
2026/02/25 16:28:14.704, 2, NVIDIA A10G, 0 %, 0 %, 0 MiB, 23028 MiB
2026/02/25 16:28:14.704, 3, NVIDIA A10G, 0 %, 0 %, 0 MiB, 23028 MiB
2026/02/25 16:28:15.704, 0, NVIDIA A10G, 0 %, 0 %, 2049 MiB, 23028 MiB
2026/02/25 16:28:15.704, 1, NVIDIA A10G, 0 %, 0 %, 0 MiB, 23028 MiB
2026/02/25 16:28:15.704, 2, NVIDIA A10G, 0 %, 0 %, 0 MiB, 23028 MiB
2026/02/25 16:28:15.705, 3, NVIDIA A10G, 0 %, 0 %, 0 MiB, 23028 MiB
2026/02/25 16:28:16.705, 0, NVIDIA A10G, 0 %, 0 %, 2049 MiB, 23028 MiB
2026/02/25 16:28:16.705, 1, NVIDIA A10G, 0 %, 0 %, 0 MiB, 23028 MiB
2026/02/25 16:28:16.705, 2, NVIDIA A10G, 0 %, 0 %, 0 MiB, 23028 MiB
2026/02/25 16:28:16.705, 3, NVIDIA A10G, 0 %, 0 %, 0 MiB, 23028 MiB
2026/02/25 16:28:17.705, 0, NVIDIA A10G, 0 %, 0 %, 2049 MiB, 23028 MiB
2026/02/25 16:28:17.705, 1, NVIDIA A10G, 0 %, 0 %, 0 MiB, 23028 MiB
2026/02/25 16:28:17.705, 2, NVIDIA A10G, 0 %, 0 %, 0 MiB, 23028 MiB
2026/02/25 16:28:17.705, 3, NVIDIA A10G, 0 %, 0 %, 0 MiB, 23028 MiB
2026/02/25 16:28:18.705, 0, NVIDIA A10G, 0 %, 0 %, 2049 MiB, 23028 MiB
2026/02/25 16:28:18.705, 1, NVIDIA A10G, 0 %, 0 %, 0 MiB, 23028 MiB
2026/02/25 16:28:18.705, 2, NVIDIA A10G, 0 %, 0 %, 0 MiB, 23028 MiB
2026/02/25 16:28:18.705, 3, NVIDIA A10G, 0 %, 0 %, 0 MiB, 23028 MiB
2026/02/25 16:28:19.705, 0, NVIDIA A10G, 0 %, 0 %, 2049 MiB, 23028 MiB
2026/02/25 16:28:19.706, 1, NVIDIA A10G, 0 %, 0 %, 0 MiB, 23028 MiB
2026/02/25 16:28:19.706, 2, NVIDIA A10G, 0 %, 0 %, 0 MiB, 23028 MiB
2026/02/25 16:28:19.706, 3, NVIDIA A10G, 0 %, 0 %, 0 MiB, 23028 MiB
2026/02/25 16:28:20.706, 0, NVIDIA A10G, 0 %, 0 %, 2049 MiB, 23028 MiB
2026/02/25 16:28:20.706, 1, NVIDIA A10G, 0 %, 0 %, 0 MiB, 23028 MiB
2026/02/25 16:28:20.706, 2, NVIDIA A10G, 0 %, 0 %, 0 MiB, 23028 MiB
2026/02/25 16:28:20.706, 3, NVIDIA A10G, 0 %, 0 %, 0 MiB, 23028 MiB
2026/02/25 16:28:21.706, 0, NVIDIA A10G, 100 %, 71 %, 2049 MiB, 23028 MiB
2026/02/25 16:28:21.706, 1, NVIDIA A10G, 0 %, 0 %, 0 MiB, 23028 MiB
2026/02/25 16:28:21.706, 2, NVIDIA A10G, 0 %, 0 %, 0 MiB, 23028 MiB
2026/02/25 16:28:21.706, 3, NVIDIA A10G, 0 %, 0 %, 0 MiB, 23028 MiB
2026/02/25 16:28:22.706, 0, NVIDIA A10G, 24 %, 9 %, 2049 MiB, 23028 MiB
2026/02/25 16:28:22.706, 1, NVIDIA A10G, 0 %, 0 %, 0 MiB, 23028 MiB
2026/02/25 16:28:22.706, 2, NVIDIA A10G, 0 %, 0 %, 0 MiB, 23028 MiB
2026/02/25 16:28:22.706, 3, NVIDIA A10G, 0 %, 0 %, 0 MiB, 23028 MiB
2026/02/25 16:28:23.707, 0, NVIDIA A10G, 24 %, 8 %, 2049 MiB, 23028 MiB
2026/02/25 16:28:23.707, 1, NVIDIA A10G, 0 %, 0 %, 0 MiB, 23028 MiB
2026/02/25 16:28:23.707, 2, NVIDIA A10G, 0 %, 0 %, 0 MiB, 23028 MiB
2026/02/25 16:28:23.707, 3, NVIDIA A10G, 0 %, 0 %, 0 MiB, 23028 MiB
2026/02/25 16:28:24.707, 0, NVIDIA A10G, 23 %, 8 %, 2049 MiB, 23028 MiB
2026/02/25 16:28:24.707, 1, NVIDIA A10G, 0 %, 0 %, 0 MiB, 23028 MiB
2026/02/25 16:28:24.707, 2, NVIDIA A10G, 0 %, 0 %, 0 MiB, 23028 MiB
2026/02/25 16:28:24.707, 3, NVIDIA A10G, 0 %, 0 %, 0 MiB, 23028 MiB
2026/02/25 16:28:25.707, 0, NVIDIA A10G, 22 %, 8 %, 2049 MiB, 23028 MiB
2026/02/25 16:28:25.707, 1, NVIDIA A10G, 0 %, 0 %, 0 MiB, 23028 MiB
2026/02/25 16:28:25.707, 2, NVIDIA A10G, 0 %, 0 %, 0 MiB, 23028 MiB
2026/02/25 16:28:25.707, 3, NVIDIA A10G, 0 %, 0 %, 0 MiB, 23028 MiB
2026/02/25 16:28:26.707, 0, NVIDIA A10G, 22 %, 7 %, 2049 MiB, 23028 MiB
2026/02/25 16:28:26.708, 1, NVIDIA A10G, 0 %, 0 %, 0 MiB, 23028 MiB
2026/02/25 16:28:26.708, 2, NVIDIA A10G, 0 %, 0 %, 0 MiB, 23028 MiB
2026/02/25 16:28:26.708, 3, NVIDIA A10G, 0 %, 0 %, 0 MiB, 23028 MiB
2026/02/25 16:28:27.708, 0, NVIDIA A10G, 23 %, 8 %, 2049 MiB, 23028 MiB
2026/02/25 16:28:27.708, 1, NVIDIA A10G, 0 %, 0 %, 0 MiB, 23028 MiB
2026/02/25 16:28:27.708, 2, NVIDIA A10G, 0 %, 0 %, 0 MiB, 23028 MiB
2026/02/25 16:28:27.708, 3, NVIDIA A10G, 0 %, 0 %, 0 MiB, 23028 MiB
2026/02/25 16:28:28.708, 0, NVIDIA A10G, 21 %, 7 %, 2049 MiB, 23028 MiB
2026/02/25 16:28:28.708, 1, NVIDIA A10G, 0 %, 0 %, 0 MiB, 23028 MiB
2026/02/25 16:28:28.708, 2, NVIDIA A10G, 0 %, 0 %, 0 MiB, 23028 MiB
2026/02/25 16:28:28.708, 3, NVIDIA A10G, 0 %, 0 %, 0 MiB, 23028 MiB
2026/02/25 16:28:29.708, 0, NVIDIA A10G, 22 %, 7 %, 2049 MiB, 23028 MiB
2026/02/25 16:28:29.708, 1, NVIDIA A10G, 0 %, 0 %, 0 MiB, 23028 MiB
2026/02/25 16:28:29.708, 2, NVIDIA A10G, 0 %, 0 %, 0 MiB, 23028 MiB
2026/02/25 16:28:29.708, 3, NVIDIA A10G, 0 %, 0 %, 0 MiB, 23028 MiB
2026/02/25 16:28:30.709, 0, NVIDIA A10G, 0 %, 0 %, 2049 MiB, 23028 MiB
2026/02/25 16:28:30.709, 1, NVIDIA A10G, 0 %, 0 %, 0 MiB, 23028 MiB
2026/02/25 16:28:30.709, 2, NVIDIA A10G, 0 %, 0 %, 0 MiB, 23028 MiB
2026/02/25 16:28:30.709, 3, NVIDIA A10G, 0 %, 0 %, 0 MiB, 23028 MiB
2026/02/25 16:28:31.709, 0, NVIDIA A10G, 0 %, 0 %, 2049 MiB, 23028 MiB
2026/02/25 16:28:31.709, 1, NVIDIA A10G, 0 %, 0 %, 0 MiB, 23028 MiB
2026/02/25 16:28:31.709, 2, NVIDIA A10G, 0 %, 0 %, 0 MiB, 23028 MiB
2026/02/25 16:28:31.709, 3, NVIDIA A10G, 0 %, 0 %, 0 MiB, 23028 MiB
2026/02/25 16:28:32.709, 0, NVIDIA A10G, 0 %, 0 %, 2049 MiB, 23028 MiB
2026/02/25 16:28:32.709, 1, NVIDIA A10G, 0 %, 0 %, 0 MiB, 23028 MiB
2026/02/25 16:28:32.709, 2, NVIDIA A10G, 0 %, 0 %, 0 MiB, 23028 MiB
2026/02/25 16:28:32.710, 3, NVIDIA A10G, 0 %, 0 %, 0 MiB, 23028 MiB
2026/02/25 16:28:33.710, 0, NVIDIA A10G, 0 %, 0 %, 2049 MiB, 23028 MiB
2026/02/25 16:28:33.710, 1, NVIDIA A10G, 0 %, 0 %, 0 MiB, 23028 MiB
2026/02/25 16:28:33.710, 2, NVIDIA A10G, 0 %, 0 %, 0 MiB, 23028 MiB
2026/02/25 16:28:33.710, 3, NVIDIA A10G, 0 %, 0 %, 0 MiB, 23028 MiB
2026/02/25 16:28:34.710, 0, NVIDIA A10G, 0 %, 0 %, 2049 MiB, 23028 MiB
2026/02/25 16:28:34.710, 1, NVIDIA A10G, 0 %, 0 %, 0 MiB, 23028 MiB
2026/02/25 16:28:34.710, 2, NVIDIA A10G, 0 %, 0 %, 0 MiB, 23028 MiB
2026/02/25 16:28:34.710, 3, NVIDIA A10G, 0 %, 0 %, 0 MiB, 23028 MiB
2026/02/25 16:28:35.710, 0, NVIDIA A10G, 0 %, 0 %, 2049 MiB, 23028 MiB
2026/02/25 16:28:35.710, 1, NVIDIA A10G, 0 %, 0 %, 0 MiB, 23028 MiB
2026/02/25 16:28:35.710, 2, NVIDIA A10G, 0 %, 0 %, 0 MiB, 23028 MiB
2026/02/25 16:28:35.710, 3, NVIDIA A10G, 0 %, 0 %, 0 MiB, 23028 MiB
2026/02/25 16:28:36.711, 0, NVIDIA A10G, 0 %, 0 %, 2049 MiB, 23028 MiB
2026/02/25 16:28:36.711, 1, NVIDIA A10G, 0 %, 0 %, 0 MiB, 23028 MiB
2026/02/25 16:28:36.711, 2, NVIDIA A10G, 0 %, 0 %, 0 MiB, 23028 MiB
2026/02/25 16:28:36.711, 3, NVIDIA A10G, 0 %, 0 %, 0 MiB, 23028 MiB
2026/02/25 16:28:37.712, 0, NVIDIA A10G, 0 %, 0 %, 2049 MiB, 23028 MiB
2026/02/25 16:28:37.712, 1, NVIDIA A10G, 0 %, 0 %, 0 MiB, 23028 MiB
2026/02/25 16:28:37.712, 2, NVIDIA A10G, 0 %, 0 %, 0 MiB, 23028 MiB
2026/02/25 16:28:37.712, 3, NVIDIA A10G, 0 %, 0 %, 0 MiB, 23028 MiB
2026/02/25 16:28:38.713, 0, NVIDIA A10G, 0 %, 0 %, 2049 MiB, 23028 MiB
2026/02/25 16:28:38.713, 1, NVIDIA A10G, 0 %, 0 %, 0 MiB, 23028 MiB
2026/02/25 16:28:38.713, 2, NVIDIA A10G, 0 %, 0 %, 0 MiB, 23028 MiB
2026/02/25 16:28:38.713, 3, NVIDIA A10G, 0 %, 0 %, 0 MiB, 23028 MiB
2026/02/25 16:28:39.713, 0, NVIDIA A10G, 0 %, 0 %, 2049 MiB, 23028 MiB
2026/02/25 16:28:39.713, 1, NVIDIA A10G, 0 %, 0 %, 0 MiB, 23028 MiB
2026/02/25 16:28:39.713, 2, NVIDIA A10G, 0 %, 0 %, 0 MiB, 23028 MiB
2026/02/25 16:28:39.713, 3, NVIDIA A10G, 0 %, 0 %, 0 MiB, 23028 MiB
2026/02/25 16:28:40.713, 0, NVIDIA A10G, 22 %, 8 %, 2049 MiB, 23028 MiB
2026/02/25 16:28:40.713, 1, NVIDIA A10G, 0 %, 0 %, 0 MiB, 23028 MiB
2026/02/25 16:28:40.713, 2, NVIDIA A10G, 0 %, 0 %, 0 MiB, 23028 MiB
2026/02/25 16:28:40.713, 3, NVIDIA A10G, 0 %, 0 %, 0 MiB, 23028 MiB
2026/02/25 16:28:41.713, 0, NVIDIA A10G, 21 %, 7 %, 2049 MiB, 23028 MiB
2026/02/25 16:28:41.714, 1, NVIDIA A10G, 0 %, 0 %, 0 MiB, 23028 MiB
2026/02/25 16:28:41.714, 2, NVIDIA A10G, 0 %, 0 %, 0 MiB, 23028 MiB
2026/02/25 16:28:41.714, 3, NVIDIA A10G, 0 %, 0 %, 0 MiB, 23028 MiB
2026/02/25 16:28:42.714, 0, NVIDIA A10G, 20 %, 7 %, 2049 MiB, 23028 MiB
2026/02/25 16:28:42.714, 1, NVIDIA A10G, 0 %, 0 %, 0 MiB, 23028 MiB
2026/02/25 16:28:42.714, 2, NVIDIA A10G, 0 %, 0 %, 0 MiB, 23028 MiB
2026/02/25 16:28:42.714, 3, NVIDIA A10G, 0 %, 0 %, 0 MiB, 23028 MiB
2026/02/25 16:28:43.714, 0, NVIDIA A10G, 21 %, 7 %, 2049 MiB, 23028 MiB
2026/02/25 16:28:43.714, 1, NVIDIA A10G, 0 %, 0 %, 0 MiB, 23028 MiB
2026/02/25 16:28:43.714, 2, NVIDIA A10G, 0 %, 0 %, 0 MiB, 23028 MiB
2026/02/25 16:28:43.714, 3, NVIDIA A10G, 0 %, 0 %, 0 MiB, 23028 MiB
2026/02/25 16:28:44.715, 0, NVIDIA A10G, 22 %, 7 %, 2049 MiB, 23028 MiB
2026/02/25 16:28:44.715, 1, NVIDIA A10G, 0 %, 0 %, 0 MiB, 23028 MiB
2026/02/25 16:28:44.715, 2, NVIDIA A10G, 0 %, 0 %, 0 MiB, 23028 MiB
2026/02/25 16:28:44.715, 3, NVIDIA A10G, 0 %, 0 %, 0 MiB, 23028 MiB
2026/02/25 16:28:45.715, 0, NVIDIA A10G, 23 %, 8 %, 2049 MiB, 23028 MiB
2026/02/25 16:28:45.715, 1, NVIDIA A10G, 0 %, 0 %, 0 MiB, 23028 MiB
2026/02/25 16:28:45.715, 2, NVIDIA A10G, 0 %, 0 %, 0 MiB, 23028 MiB
2026/02/25 16:28:45.715, 3, NVIDIA A10G, 0 %, 0 %, 0 MiB, 23028 MiB
2026/02/25 16:28:46.715, 0, NVIDIA A10G, 19 %, 7 %, 2049 MiB, 23028 MiB
2026/02/25 16:28:46.715, 1, NVIDIA A10G, 0 %, 0 %, 0 MiB, 23028 MiB
2026/02/25 16:28:46.715, 2, NVIDIA A10G, 0 %, 0 %, 0 MiB, 23028 MiB
2026/02/25 16:28:46.715, 3, NVIDIA A10G, 0 %, 0 %, 0 MiB, 23028 MiB
2026/02/25 16:28:47.715, 0, NVIDIA A10G, 22 %, 7 %, 2049 MiB, 23028 MiB
2026/02/25 16:28:47.716, 1, NVIDIA A10G, 0 %, 0 %, 0 MiB, 23028 MiB
2026/02/25 16:28:47.716, 2, NVIDIA A10G, 0 %, 0 %, 0 MiB, 23028 MiB
2026/02/25 16:28:47.716, 3, NVIDIA A10G, 0 %, 0 %, 0 MiB, 23028 MiB
2026/02/25 16:28:48.716, 0, NVIDIA A10G, 22 %, 7 %, 2049 MiB, 23028 MiB
2026/02/25 16:28:48.716, 1, NVIDIA A10G, 0 %, 0 %, 0 MiB, 23028 MiB
2026/02/25 16:28:48.716, 2, NVIDIA A10G, 0 %, 0 %, 0 MiB, 23028 MiB
2026/02/25 16:28:48.716, 3, NVIDIA A10G, 0 %, 0 %, 0 MiB, 23028 MiB
2026/02/25 16:28:49.716, 0, NVIDIA A10G, 14 %, 4 %, 2049 MiB, 23028 MiB
2026/02/25 16:28:49.716, 1, NVIDIA A10G, 0 %, 0 %, 0 MiB, 23028 MiB
2026/02/25 16:28:49.716, 2, NVIDIA A10G, 0 %, 0 %, 0 MiB, 23028 MiB
2026/02/25 16:28:49.716, 3, NVIDIA A10G, 0 %, 0 %, 0 MiB, 23028 MiB
2026/02/25 16:28:50.717, 0, NVIDIA A10G, 0 %, 0 %, 2049 MiB, 23028 MiB
2026/02/25 16:28:50.717, 1, NVIDIA A10G, 0 %, 0 %, 0 MiB, 23028 MiB
2026/02/25 16:28:50.717, 2, NVIDIA A10G, 0 %, 0 %, 0 MiB, 23028 MiB
2026/02/25 16:28:50.717, 3, NVIDIA A10G, 0 %, 0 %, 0 MiB, 23028 MiB
2026/02/25 16:28:51.717, 0, NVIDIA A10G, 0 %, 0 %, 2049 MiB, 23028 MiB
2026/02/25 16:28:51.717, 1, NVIDIA A10G, 0 %, 0 %, 0 MiB, 23028 MiB
2026/02/25 16:28:51.717, 2, NVIDIA A10G, 0 %, 0 %, 0 MiB, 23028 MiB
2026/02/25 16:28:51.717, 3, NVIDIA A10G, 0 %, 0 %, 0 MiB, 23028 MiB
2026/02/25 16:28:52.717, 0, NVIDIA A10G, 0 %, 0 %, 2049 MiB, 23028 MiB
2026/02/25 16:28:52.717, 1, NVIDIA A10G, 0 %, 0 %, 0 MiB, 23028 MiB
2026/02/25 16:28:52.717, 2, NVIDIA A10G, 0 %, 0 %, 0 MiB, 23028 MiB
2026/02/25 16:28:52.717, 3, NVIDIA A10G, 0 %, 0 %, 0 MiB, 23028 MiB
2026/02/25 16:28:53.718, 0, NVIDIA A10G, 0 %, 0 %, 2049 MiB, 23028 MiB
2026/02/25 16:28:53.718, 1, NVIDIA A10G, 0 %, 0 %, 0 MiB, 23028 MiB
2026/02/25 16:28:53.718, 2, NVIDIA A10G, 0 %, 0 %, 0 MiB, 23028 MiB
2026/02/25 16:28:53.718, 3, NVIDIA A10G, 0 %, 0 %, 0 MiB, 23028 MiB
2026/02/25 16:28:54.718, 0, NVIDIA A10G, 0 %, 0 %, 2049 MiB, 23028 MiB
2026/02/25 16:28:54.718, 1, NVIDIA A10G, 0 %, 0 %, 0 MiB, 23028 MiB
2026/02/25 16:28:54.718, 2, NVIDIA A10G, 0 %, 0 %, 0 MiB, 23028 MiB
2026/02/25 16:28:54.718, 3, NVIDIA A10G, 0 %, 0 %, 0 MiB, 23028 MiB
2026/02/25 16:28:55.718, 0, NVIDIA A10G, 0 %, 0 %, 2049 MiB, 23028 MiB
2026/02/25 16:28:55.718, 1, NVIDIA A10G, 0 %, 0 %, 0 MiB, 23028 MiB
2026/02/25 16:28:55.718, 2, NVIDIA A10G, 0 %, 0 %, 0 MiB, 23028 MiB
2026/02/25 16:28:55.718, 3, NVIDIA A10G, 0 %, 0 %, 0 MiB, 23028 MiB
2026/02/25 16:28:56.718, 0, NVIDIA A10G, 0 %, 0 %, 2049 MiB, 23028 MiB
2026/02/25 16:28:56.719, 1, NVIDIA A10G, 0 %, 0 %, 0 MiB, 23028 MiB
2026/02/25 16:28:56.719, 2, NVIDIA A10G, 0 %, 0 %, 0 MiB, 23028 MiB
2026/02/25 16:28:56.719, 3, NVIDIA A10G, 0 %, 0 %, 0 MiB, 23028 MiB
2026/02/25 16:28:57.719, 0, NVIDIA A10G, 83 %, 54 %, 2049 MiB, 23028 MiB
2026/02/25 16:28:57.719, 1, NVIDIA A10G, 0 %, 0 %, 0 MiB, 23028 MiB
2026/02/25 16:28:57.719, 2, NVIDIA A10G, 0 %, 0 %, 0 MiB, 23028 MiB
2026/02/25 16:28:57.719, 3, NVIDIA A10G, 0 %, 0 %, 0 MiB, 23028 MiB
2026/02/25 16:28:58.719, 0, NVIDIA A10G, 22 %, 8 %, 2049 MiB, 23028 MiB
2026/02/25 16:28:58.719, 1, NVIDIA A10G, 0 %, 0 %, 0 MiB, 23028 MiB
2026/02/25 16:28:58.719, 2, NVIDIA A10G, 0 %, 0 %, 0 MiB, 23028 MiB
2026/02/25 16:28:58.719, 3, NVIDIA A10G, 0 %, 0 %, 0 MiB, 23028 MiB
2026/02/25 16:28:59.719, 0, NVIDIA A10G, 23 %, 8 %, 2049 MiB, 23028 MiB
2026/02/25 16:28:59.719, 1, NVIDIA A10G, 0 %, 0 %, 0 MiB, 23028 MiB
2026/02/25 16:28:59.719, 2, NVIDIA A10G, 0 %, 0 %, 0 MiB, 23028 MiB
2026/02/25 16:28:59.720, 3, NVIDIA A10G, 0 %, 0 %, 0 MiB, 23028 MiB
2026/02/25 16:29:00.720, 0, NVIDIA A10G, 23 %, 8 %, 2049 MiB, 23028 MiB
2026/02/25 16:29:00.720, 1, NVIDIA A10G, 0 %, 0 %, 0 MiB, 23028 MiB
2026/02/25 16:29:00.720, 2, NVIDIA A10G, 0 %, 0 %, 0 MiB, 23028 MiB
2026/02/25 16:29:00.720, 3, NVIDIA A10G, 0 %, 0 %, 0 MiB, 23028 MiB
2026/02/25 16:29:01.720, 0, NVIDIA A10G, 23 %, 8 %, 2049 MiB, 23028 MiB
2026/02/25 16:29:01.720, 1, NVIDIA A10G, 0 %, 0 %, 0 MiB, 23028 MiB
2026/02/25 16:29:01.720, 2, NVIDIA A10G, 0 %, 0 %, 0 MiB, 23028 MiB
2026/02/25 16:29:01.720, 3, NVIDIA A10G, 0 %, 0 %, 0 MiB, 23028 MiB
2026/02/25 16:29:02.721, 0, NVIDIA A10G, 21 %, 7 %, 2049 MiB, 23028 MiB
2026/02/25 16:29:02.721, 1, NVIDIA A10G, 0 %, 0 %, 0 MiB, 23028 MiB
2026/02/25 16:29:02.721, 2, NVIDIA A10G, 0 %, 0 %, 0 MiB, 23028 MiB
2026/02/25 16:29:02.721, 3, NVIDIA A10G, 0 %, 0 %, 0 MiB, 23028 MiB
2026/02/25 16:29:03.721, 0, NVIDIA A10G, 22 %, 8 %, 2049 MiB, 23028 MiB
2026/02/25 16:29:03.721, 1, NVIDIA A10G, 0 %, 0 %, 0 MiB, 23028 MiB
2026/02/25 16:29:03.721, 2, NVIDIA A10G, 0 %, 0 %, 0 MiB, 23028 MiB
2026/02/25 16:29:03.721, 3, NVIDIA A10G, 0 %, 0 %, 0 MiB, 23028 MiB
2026/02/25 16:29:04.721, 0, NVIDIA A10G, 22 %, 7 %, 2049 MiB, 23028 MiB
2026/02/25 16:29:04.721, 1, NVIDIA A10G, 0 %, 0 %, 0 MiB, 23028 MiB
2026/02/25 16:29:04.722, 2, NVIDIA A10G, 0 %, 0 %, 0 MiB, 23028 MiB
2026/02/25 16:29:04.722, 3, NVIDIA A10G, 0 %, 0 %, 0 MiB, 23028 MiB
2026/02/25 16:29:05.722, 0, NVIDIA A10G, 22 %, 7 %, 2049 MiB, 23028 MiB
2026/02/25 16:29:05.722, 1, NVIDIA A10G, 0 %, 0 %, 0 MiB, 23028 MiB
2026/02/25 16:29:05.722, 2, NVIDIA A10G, 0 %, 0 %, 0 MiB, 23028 MiB
2026/02/25 16:29:05.722, 3, NVIDIA A10G, 0 %, 0 %, 0 MiB, 23028 MiB
2026/02/25 16:29:06.722, 0, NVIDIA A10G, 22 %, 8 %, 2049 MiB, 23028 MiB
2026/02/25 16:29:06.723, 1, NVIDIA A10G, 0 %, 0 %, 0 MiB, 23028 MiB
2026/02/25 16:29:06.723, 2, NVIDIA A10G, 0 %, 0 %, 0 MiB, 23028 MiB
2026/02/25 16:29:06.723, 3, NVIDIA A10G, 0 %, 0 %, 0 MiB, 23028 MiB
2026/02/25 16:29:07.724, 0, NVIDIA A10G, 7 %, 2 %, 2049 MiB, 23028 MiB
2026/02/25 16:29:07.724, 1, NVIDIA A10G, 0 %, 0 %, 0 MiB, 23028 MiB
2026/02/25 16:29:07.724, 2, NVIDIA A10G, 0 %, 0 %, 0 MiB, 23028 MiB
2026/02/25 16:29:07.724, 3, NVIDIA A10G, 0 %, 0 %, 0 MiB, 23028 MiB
2026/02/25 16:29:08.724, 0, NVIDIA A10G, 0 %, 0 %, 2049 MiB, 23028 MiB
2026/02/25 16:29:08.724, 1, NVIDIA A10G, 0 %, 0 %, 0 MiB, 23028 MiB
2026/02/25 16:29:08.724, 2, NVIDIA A10G, 0 %, 0 %, 0 MiB, 23028 MiB
2026/02/25 16:29:08.724, 3, NVIDIA A10G, 0 %, 0 %, 0 MiB, 23028 MiB
2026/02/25 16:29:09.724, 0, NVIDIA A10G, 0 %, 0 %, 2049 MiB, 23028 MiB
2026/02/25 16:29:09.724, 1, NVIDIA A10G, 0 %, 0 %, 0 MiB, 23028 MiB
2026/02/25 16:29:09.724, 2, NVIDIA A10G, 0 %, 0 %, 0 MiB, 23028 MiB
2026/02/25 16:29:09.724, 3, NVIDIA A10G, 0 %, 0 %, 0 MiB, 23028 MiB
2026/02/25 16:29:10.725, 0, NVIDIA A10G, 0 %, 0 %, 2049 MiB, 23028 MiB
2026/02/25 16:29:10.725, 1, NVIDIA A10G, 0 %, 0 %, 0 MiB, 23028 MiB
2026/02/25 16:29:10.725, 2, NVIDIA A10G, 0 %, 0 %, 0 MiB, 23028 MiB
2026/02/25 16:29:10.725, 3, NVIDIA A10G, 0 %, 0 %, 0 MiB, 23028 MiB
2026/02/25 16:29:11.725, 0, NVIDIA A10G, 0 %, 0 %, 2049 MiB, 23028 MiB
2026/02/25 16:29:11.725, 1, NVIDIA A10G, 0 %, 0 %, 0 MiB, 23028 MiB
2026/02/25 16:29:11.725, 2, NVIDIA A10G, 0 %, 0 %, 0 MiB, 23028 MiB
2026/02/25 16:29:11.725, 3, NVIDIA A10G, 0 %, 0 %, 0 MiB, 23028 MiB
2026/02/25 16:29:12.725, 0, NVIDIA A10G, 0 %, 0 %, 2049 MiB, 23028 MiB
2026/02/25 16:29:12.725, 1, NVIDIA A10G, 0 %, 0 %, 0 MiB, 23028 MiB
2026/02/25 16:29:12.725, 2, NVIDIA A10G, 0 %, 0 %, 0 MiB, 23028 MiB
2026/02/25 16:29:12.726, 3, NVIDIA A10G, 0 %, 0 %, 0 MiB, 23028 MiB
2026/02/25 16:29:13.726, 0, NVIDIA A10G, 82 %, 53 %, 2049 MiB, 23028 MiB
2026/02/25 16:29:13.726, 1, NVIDIA A10G, 0 %, 0 %, 0 MiB, 23028 MiB
2026/02/25 16:29:13.726, 2, NVIDIA A10G, 0 %, 0 %, 0 MiB, 23028 MiB
2026/02/25 16:29:13.726, 3, NVIDIA A10G, 0 %, 0 %, 0 MiB, 23028 MiB
2026/02/25 16:29:14.726, 0, NVIDIA A10G, 22 %, 8 %, 2049 MiB, 23028 MiB
2026/02/25 16:29:14.726, 1, NVIDIA A10G, 0 %, 0 %, 0 MiB, 23028 MiB
2026/02/25 16:29:14.726, 2, NVIDIA A10G, 0 %, 0 %, 0 MiB, 23028 MiB
2026/02/25 16:29:14.726, 3, NVIDIA A10G, 0 %, 0 %, 0 MiB, 23028 MiB
2026/02/25 16:29:15.726, 0, NVIDIA A10G, 22 %, 8 %, 2049 MiB, 23028 MiB
2026/02/25 16:29:15.726, 1, NVIDIA A10G, 0 %, 0 %, 0 MiB, 23028 MiB
2026/02/25 16:29:15.727, 2, NVIDIA A10G, 0 %, 0 %, 0 MiB, 23028 MiB
2026/02/25 16:29:15.727, 3, NVIDIA A10G, 0 %, 0 %, 0 MiB, 23028 MiB
2026/02/25 16:29:16.727, 0, NVIDIA A10G, 20 %, 7 %, 2049 MiB, 23028 MiB
2026/02/25 16:29:16.727, 1, NVIDIA A10G, 0 %, 0 %, 0 MiB, 23028 MiB
2026/02/25 16:29:16.727, 2, NVIDIA A10G, 0 %, 0 %, 0 MiB, 23028 MiB
2026/02/25 16:29:16.727, 3, NVIDIA A10G, 0 %, 0 %, 0 MiB, 23028 MiB
2026/02/25 16:29:17.727, 0, NVIDIA A10G, 21 %, 7 %, 2049 MiB, 23028 MiB
2026/02/25 16:29:17.727, 1, NVIDIA A10G, 0 %, 0 %, 0 MiB, 23028 MiB
2026/02/25 16:29:17.727, 2, NVIDIA A10G, 0 %, 0 %, 0 MiB, 23028 MiB
2026/02/25 16:29:17.727, 3, NVIDIA A10G, 0 %, 0 %, 0 MiB, 23028 MiB
2026/02/25 16:29:18.727, 0, NVIDIA A10G, 23 %, 8 %, 2049 MiB, 23028 MiB
2026/02/25 16:29:18.727, 1, NVIDIA A10G, 0 %, 0 %, 0 MiB, 23028 MiB
2026/02/25 16:29:18.727, 2, NVIDIA A10G, 0 %, 0 %, 0 MiB, 23028 MiB
2026/02/25 16:29:18.727, 3, NVIDIA A10G, 0 %, 0 %, 0 MiB, 23028 MiB
2026/02/25 16:29:19.728, 0, NVIDIA A10G, 22 %, 8 %, 2049 MiB, 23028 MiB
2026/02/25 16:29:19.728, 1, NVIDIA A10G, 0 %, 0 %, 0 MiB, 23028 MiB
2026/02/25 16:29:19.728, 2, NVIDIA A10G, 0 %, 0 %, 0 MiB, 23028 MiB
2026/02/25 16:29:19.728, 3, NVIDIA A10G, 0 %, 0 %, 0 MiB, 23028 MiB
2026/02/25 16:29:20.728, 0, NVIDIA A10G, 0 %, 0 %, 2049 MiB, 23028 MiB
2026/02/25 16:29:20.728, 1, NVIDIA A10G, 0 %, 0 %, 0 MiB, 23028 MiB
2026/02/25 16:29:20.728, 2, NVIDIA A10G, 0 %, 0 %, 0 MiB, 23028 MiB
2026/02/25 16:29:20.728, 3, NVIDIA A10G, 0 %, 0 %, 0 MiB, 23028 MiB
2026/02/25 16:29:21.728, 0, NVIDIA A10G, 0 %, 0 %, 2049 MiB, 23028 MiB
2026/02/25 16:29:21.728, 1, NVIDIA A10G, 0 %, 0 %, 0 MiB, 23028 MiB
2026/02/25 16:29:21.728, 2, NVIDIA A10G, 0 %, 0 %, 0 MiB, 23028 MiB
2026/02/25 16:29:21.728, 3, NVIDIA A10G, 0 %, 0 %, 0 MiB, 23028 MiB
2026/02/25 16:29:22.728, 0, NVIDIA A10G, 0 %, 0 %, 2049 MiB, 23028 MiB
2026/02/25 16:29:22.729, 1, NVIDIA A10G, 0 %, 0 %, 0 MiB, 23028 MiB
2026/02/25 16:29:22.729, 2, NVIDIA A10G, 0 %, 0 %, 0 MiB, 23028 MiB
2026/02/25 16:29:22.729, 3, NVIDIA A10G, 0 %, 0 %, 0 MiB, 23028 MiB
2026/02/25 16:29:23.729, 0, NVIDIA A10G, 0 %, 0 %, 2049 MiB, 23028 MiB
2026/02/25 16:29:23.729, 1, NVIDIA A10G, 0 %, 0 %, 0 MiB, 23028 MiB
2026/02/25 16:29:23.729, 2, NVIDIA A10G, 0 %, 0 %, 0 MiB, 23028 MiB
2026/02/25 16:29:23.729, 3, NVIDIA A10G, 0 %, 0 %, 0 MiB, 23028 MiB
2026/02/25 16:29:24.729, 0, NVIDIA A10G, 0 %, 0 %, 2049 MiB, 23028 MiB
2026/02/25 16:29:24.729, 1, NVIDIA A10G, 0 %, 0 %, 0 MiB, 23028 MiB
2026/02/25 16:29:24.729, 2, NVIDIA A10G, 0 %, 0 %, 0 MiB, 23028 MiB
2026/02/25 16:29:24.729, 3, NVIDIA A10G, 0 %, 0 %, 0 MiB, 23028 MiB
2026/02/25 16:29:25.729, 0, NVIDIA A10G, 6 %, 4 %, 2049 MiB, 23028 MiB
2026/02/25 16:29:25.730, 1, NVIDIA A10G, 0 %, 0 %, 0 MiB, 23028 MiB
2026/02/25 16:29:25.730, 2, NVIDIA A10G, 0 %, 0 %, 0 MiB, 23028 MiB
2026/02/25 16:29:25.730, 3, NVIDIA A10G, 0 %, 0 %, 0 MiB, 23028 MiB
2026/02/25 16:29:26.730, 0, NVIDIA A10G, 23 %, 8 %, 2049 MiB, 23028 MiB
2026/02/25 16:29:26.730, 1, NVIDIA A10G, 0 %, 0 %, 0 MiB, 23028 MiB
2026/02/25 16:29:26.730, 2, NVIDIA A10G, 0 %, 0 %, 0 MiB, 23028 MiB
2026/02/25 16:29:26.730, 3, NVIDIA A10G, 0 %, 0 %, 0 MiB, 23028 MiB
2026/02/25 16:29:27.730, 0, NVIDIA A10G, 22 %, 8 %, 2049 MiB, 23028 MiB
2026/02/25 16:29:27.730, 1, NVIDIA A10G, 0 %, 0 %, 0 MiB, 23028 MiB
2026/02/25 16:29:27.730, 2, NVIDIA A10G, 0 %, 0 %, 0 MiB, 23028 MiB
2026/02/25 16:29:27.730, 3, NVIDIA A10G, 0 %, 0 %, 0 MiB, 23028 MiB
2026/02/25 16:29:28.730, 0, NVIDIA A10G, 23 %, 8 %, 2049 MiB, 23028 MiB
2026/02/25 16:29:28.730, 1, NVIDIA A10G, 0 %, 0 %, 0 MiB, 23028 MiB
2026/02/25 16:29:28.730, 2, NVIDIA A10G, 0 %, 0 %, 0 MiB, 23028 MiB
2026/02/25 16:29:28.730, 3, NVIDIA A10G, 0 %, 0 %, 0 MiB, 23028 MiB
2026/02/25 16:29:29.731, 0, NVIDIA A10G, 22 %, 7 %, 2049 MiB, 23028 MiB
2026/02/25 16:29:29.731, 1, NVIDIA A10G, 0 %, 0 %, 0 MiB, 23028 MiB
2026/02/25 16:29:29.731, 2, NVIDIA A10G, 0 %, 0 %, 0 MiB, 23028 MiB
2026/02/25 16:29:29.731, 3, NVIDIA A10G, 0 %, 0 %, 0 MiB, 23028 MiB
2026/02/25 16:29:30.731, 0, NVIDIA A10G, 21 %, 7 %, 2049 MiB, 23028 MiB
2026/02/25 16:29:30.731, 1, NVIDIA A10G, 0 %, 0 %, 0 MiB, 23028 MiB
2026/02/25 16:29:30.731, 2, NVIDIA A10G, 0 %, 0 %, 0 MiB, 23028 MiB
2026/02/25 16:29:30.731, 3, NVIDIA A10G, 0 %, 0 %, 0 MiB, 23028 MiB
2026/02/25 16:29:31.731, 0, NVIDIA A10G, 0 %, 0 %, 2049 MiB, 23028 MiB
2026/02/25 16:29:31.731, 1, NVIDIA A10G, 0 %, 0 %, 0 MiB, 23028 MiB
2026/02/25 16:29:31.731, 2, NVIDIA A10G, 0 %, 0 %, 0 MiB, 23028 MiB
2026/02/25 16:29:31.731, 3, NVIDIA A10G, 0 %, 0 %, 0 MiB, 23028 MiB
2026/02/25 16:29:32.731, 0, NVIDIA A10G, 22 %, 8 %, 2049 MiB, 23028 MiB
2026/02/25 16:29:32.732, 1, NVIDIA A10G, 0 %, 0 %, 0 MiB, 23028 MiB
2026/02/25 16:29:32.732, 2, NVIDIA A10G, 0 %, 0 %, 0 MiB, 23028 MiB
2026/02/25 16:29:32.732, 3, NVIDIA A10G, 0 %, 0 %, 0 MiB, 23028 MiB
2026/02/25 16:29:33.732, 0, NVIDIA A10G, 0 %, 0 %, 2049 MiB, 23028 MiB
2026/02/25 16:29:33.732, 1, NVIDIA A10G, 0 %, 0 %, 0 MiB, 23028 MiB
2026/02/25 16:29:33.732, 2, NVIDIA A10G, 0 %, 0 %, 0 MiB, 23028 MiB
2026/02/25 16:29:33.732, 3, NVIDIA A10G, 0 %, 0 %, 0 MiB, 23028 MiB
2026/02/25 16:29:34.732, 0, NVIDIA A10G, 0 %, 0 %, 2049 MiB, 23028 MiB
2026/02/25 16:29:34.732, 1, NVIDIA A10G, 0 %, 0 %, 0 MiB, 23028 MiB
2026/02/25 16:29:34.732, 2, NVIDIA A10G, 0 %, 0 %, 0 MiB, 23028 MiB
2026/02/25 16:29:34.733, 3, NVIDIA A10G, 0 %, 0 %, 0 MiB, 23028 MiB
2026/02/25 16:29:35.733, 0, NVIDIA A10G, 0 %, 0 %, 2049 MiB, 23028 MiB
2026/02/25 16:29:35.733, 1, NVIDIA A10G, 0 %, 0 %, 0 MiB, 23028 MiB
2026/02/25 16:29:35.733, 2, NVIDIA A10G, 0 %, 0 %, 0 MiB, 23028 MiB
2026/02/25 16:29:35.733, 3, NVIDIA A10G, 0 %, 0 %, 0 MiB, 23028 MiB
2026/02/25 16:29:36.733, 0, NVIDIA A10G, 0 %, 0 %, 2049 MiB, 23028 MiB
2026/02/25 16:29:36.735, 1, NVIDIA A10G, 0 %, 0 %, 0 MiB, 23028 MiB
2026/02/25 16:29:36.735, 2, NVIDIA A10G, 0 %, 0 %, 0 MiB, 23028 MiB
2026/02/25 16:29:36.735, 3, NVIDIA A10G, 0 %, 0 %, 0 MiB, 23028 MiB
2026/02/25 16:29:37.735, 0, NVIDIA A10G, 0 %, 0 %, 2049 MiB, 23028 MiB
2026/02/25 16:29:37.735, 1, NVIDIA A10G, 0 %, 0 %, 0 MiB, 23028 MiB
2026/02/25 16:29:37.735, 2, NVIDIA A10G, 0 %, 0 %, 0 MiB, 23028 MiB
2026/02/25 16:29:37.735, 3, NVIDIA A10G, 0 %, 0 %, 0 MiB, 23028 MiB
2026/02/25 16:29:38.735, 0, NVIDIA A10G, 0 %, 0 %, 2049 MiB, 23028 MiB
2026/02/25 16:29:38.736, 1, NVIDIA A10G, 0 %, 0 %, 0 MiB, 23028 MiB
2026/02/25 16:29:38.736, 2, NVIDIA A10G, 0 %, 0 %, 0 MiB, 23028 MiB
2026/02/25 16:29:38.736, 3, NVIDIA A10G, 0 %, 0 %, 0 MiB, 23028 MiB
2026/02/25 16:29:39.736, 0, NVIDIA A10G, 0 %, 0 %, 2049 MiB, 23028 MiB
2026/02/25 16:29:39.736, 1, NVIDIA A10G, 0 %, 0 %, 0 MiB, 23028 MiB
2026/02/25 16:29:39.736, 2, NVIDIA A10G, 0 %, 0 %, 0 MiB, 23028 MiB
2026/02/25 16:29:39.736, 3, NVIDIA A10G, 0 %, 0 %, 0 MiB, 23028 MiB
2026/02/25 16:29:40.736, 0, NVIDIA A10G, 0 %, 0 %, 2049 MiB, 23028 MiB
2026/02/25 16:29:40.736, 1, NVIDIA A10G, 0 %, 0 %, 0 MiB, 23028 MiB
2026/02/25 16:29:40.736, 2, NVIDIA A10G, 0 %, 0 %, 0 MiB, 23028 MiB
2026/02/25 16:29:40.736, 3, NVIDIA A10G, 0 %, 0 %, 0 MiB, 23028 MiB
2026/02/25 16:29:41.737, 0, NVIDIA A10G, 80 %, 51 %, 2049 MiB, 23028 MiB
2026/02/25 16:29:41.737, 1, NVIDIA A10G, 0 %, 0 %, 0 MiB, 23028 MiB
2026/02/25 16:29:41.737, 2, NVIDIA A10G, 0 %, 0 %, 0 MiB, 23028 MiB
2026/02/25 16:29:41.737, 3, NVIDIA A10G, 0 %, 0 %, 0 MiB, 23028 MiB
2026/02/25 16:29:42.737, 0, NVIDIA A10G, 24 %, 9 %, 2049 MiB, 23028 MiB
2026/02/25 16:29:42.737, 1, NVIDIA A10G, 0 %, 0 %, 0 MiB, 23028 MiB
2026/02/25 16:29:42.737, 2, NVIDIA A10G, 0 %, 0 %, 0 MiB, 23028 MiB
2026/02/25 16:29:42.737, 3, NVIDIA A10G, 0 %, 0 %, 0 MiB, 23028 MiB
2026/02/25 16:29:43.737, 0, NVIDIA A10G, 19 %, 6 %, 2049 MiB, 23028 MiB
2026/02/25 16:29:43.737, 1, NVIDIA A10G, 0 %, 0 %, 0 MiB, 23028 MiB
2026/02/25 16:29:43.737, 2, NVIDIA A10G, 0 %, 0 %, 0 MiB, 23028 MiB
2026/02/25 16:29:43.738, 3, NVIDIA A10G, 0 %, 0 %, 0 MiB, 23028 MiB
2026/02/25 16:29:44.738, 0, NVIDIA A10G, 19 %, 6 %, 2049 MiB, 23028 MiB
2026/02/25 16:29:44.738, 1, NVIDIA A10G, 0 %, 0 %, 0 MiB, 23028 MiB
2026/02/25 16:29:44.738, 2, NVIDIA A10G, 0 %, 0 %, 0 MiB, 23028 MiB
2026/02/25 16:29:44.738, 3, NVIDIA A10G, 0 %, 0 %, 0 MiB, 23028 MiB
2026/02/25 16:29:45.738, 0, NVIDIA A10G, 23 %, 8 %, 2049 MiB, 23028 MiB
2026/02/25 16:29:45.738, 1, NVIDIA A10G, 0 %, 0 %, 0 MiB, 23028 MiB
2026/02/25 16:29:45.738, 2, NVIDIA A10G, 0 %, 0 %, 0 MiB, 23028 MiB
2026/02/25 16:29:45.738, 3, NVIDIA A10G, 0 %, 0 %, 0 MiB, 23028 MiB
2026/02/25 16:29:46.738, 0, NVIDIA A10G, 23 %, 8 %, 2049 MiB, 23028 MiB
2026/02/25 16:29:46.738, 1, NVIDIA A10G, 0 %, 0 %, 0 MiB, 23028 MiB
2026/02/25 16:29:46.739, 2, NVIDIA A10G, 0 %, 0 %, 0 MiB, 23028 MiB
2026/02/25 16:29:46.739, 3, NVIDIA A10G, 0 %, 0 %, 0 MiB, 23028 MiB
2026/02/25 16:29:47.739, 0, NVIDIA A10G, 21 %, 7 %, 2049 MiB, 23028 MiB
2026/02/25 16:29:47.739, 1, NVIDIA A10G, 0 %, 0 %, 0 MiB, 23028 MiB
2026/02/25 16:29:47.739, 2, NVIDIA A10G, 0 %, 0 %, 0 MiB, 23028 MiB
2026/02/25 16:29:47.739, 3, NVIDIA A10G, 0 %, 0 %, 0 MiB, 23028 MiB
2026/02/25 16:29:48.739, 0, NVIDIA A10G, 24 %, 9 %, 2049 MiB, 23028 MiB
2026/02/25 16:29:48.739, 1, NVIDIA A10G, 0 %, 0 %, 0 MiB, 23028 MiB
2026/02/25 16:29:48.739, 2, NVIDIA A10G, 0 %, 0 %, 0 MiB, 23028 MiB
2026/02/25 16:29:48.739, 3, NVIDIA A10G, 0 %, 0 %, 0 MiB, 23028 MiB
2026/02/25 16:29:49.739, 0, NVIDIA A10G, 22 %, 8 %, 2049 MiB, 23028 MiB
2026/02/25 16:29:49.739, 1, NVIDIA A10G, 0 %, 0 %, 0 MiB, 23028 MiB
2026/02/25 16:29:49.739, 2, NVIDIA A10G, 0 %, 0 %, 0 MiB, 23028 MiB
2026/02/25 16:29:49.739, 3, NVIDIA A10G, 0 %, 0 %, 0 MiB, 23028 MiB
2026/02/25 16:29:50.740, 0, NVIDIA A10G, 20 %, 6 %, 2049 MiB, 23028 MiB
2026/02/25 16:29:50.740, 1, NVIDIA A10G, 0 %, 0 %, 0 MiB, 23028 MiB
2026/02/25 16:29:50.740, 2, NVIDIA A10G, 0 %, 0 %, 0 MiB, 23028 MiB
2026/02/25 16:29:50.740, 3, NVIDIA A10G, 0 %, 0 %, 0 MiB, 23028 MiB
2026/02/25 16:29:51.740, 0, NVIDIA A10G, 22 %, 7 %, 2049 MiB, 23028 MiB
2026/02/25 16:29:51.740, 1, NVIDIA A10G, 0 %, 0 %, 0 MiB, 23028 MiB
2026/02/25 16:29:51.740, 2, NVIDIA A10G, 0 %, 0 %, 0 MiB, 23028 MiB
2026/02/25 16:29:51.740, 3, NVIDIA A10G, 0 %, 0 %, 0 MiB, 23028 MiB
2026/02/25 16:29:52.740, 0, NVIDIA A10G, 14 %, 4 %, 2049 MiB, 23028 MiB
2026/02/25 16:29:52.740, 1, NVIDIA A10G, 0 %, 0 %, 0 MiB, 23028 MiB
2026/02/25 16:29:52.740, 2, NVIDIA A10G, 0 %, 0 %, 0 MiB, 23028 MiB
2026/02/25 16:29:52.740, 3, NVIDIA A10G, 0 %, 0 %, 0 MiB, 23028 MiB
2026/02/25 16:29:53.740, 0, NVIDIA A10G, 0 %, 0 %, 2049 MiB, 23028 MiB
2026/02/25 16:29:53.741, 1, NVIDIA A10G, 0 %, 0 %, 0 MiB, 23028 MiB
2026/02/25 16:29:53.741, 2, NVIDIA A10G, 0 %, 0 %, 0 MiB, 23028 MiB
2026/02/25 16:29:53.741, 3, NVIDIA A10G, 0 %, 0 %, 0 MiB, 23028 MiB
2026/02/25 16:29:54.741, 0, NVIDIA A10G, 0 %, 0 %, 2049 MiB, 23028 MiB
2026/02/25 16:29:54.741, 1, NVIDIA A10G, 0 %, 0 %, 0 MiB, 23028 MiB
2026/02/25 16:29:54.741, 2, NVIDIA A10G, 0 %, 0 %, 0 MiB, 23028 MiB
2026/02/25 16:29:54.741, 3, NVIDIA A10G, 0 %, 0 %, 0 MiB, 23028 MiB
2026/02/25 16:29:55.741, 0, NVIDIA A10G, 87 %, 54 %, 2049 MiB, 23028 MiB
2026/02/25 16:29:55.741, 1, NVIDIA A10G, 0 %, 0 %, 0 MiB, 23028 MiB
2026/02/25 16:29:55.741, 2, NVIDIA A10G, 0 %, 0 %, 0 MiB, 23028 MiB
2026/02/25 16:29:55.741, 3, NVIDIA A10G, 0 %, 0 %, 0 MiB, 23028 MiB
2026/02/25 16:29:56.741, 0, NVIDIA A10G, 21 %, 7 %, 2049 MiB, 23028 MiB
2026/02/25 16:29:56.741, 1, NVIDIA A10G, 0 %, 0 %, 0 MiB, 23028 MiB
2026/02/25 16:29:56.741, 2, NVIDIA A10G, 0 %, 0 %, 0 MiB, 23028 MiB
2026/02/25 16:29:56.741, 3, NVIDIA A10G, 0 %, 0 %, 0 MiB, 23028 MiB
2026/02/25 16:29:57.742, 0, NVIDIA A10G, 22 %, 7 %, 2049 MiB, 23028 MiB
2026/02/25 16:29:57.742, 1, NVIDIA A10G, 0 %, 0 %, 0 MiB, 23028 MiB
2026/02/25 16:29:57.742, 2, NVIDIA A10G, 0 %, 0 %, 0 MiB, 23028 MiB
2026/02/25 16:29:57.742, 3, NVIDIA A10G, 0 %, 0 %, 0 MiB, 23028 MiB
2026/02/25 16:29:58.742, 0, NVIDIA A10G, 22 %, 7 %, 2049 MiB, 23028 MiB
2026/02/25 16:29:58.742, 1, NVIDIA A10G, 0 %, 0 %, 0 MiB, 23028 MiB
2026/02/25 16:29:58.742, 2, NVIDIA A10G, 0 %, 0 %, 0 MiB, 23028 MiB
2026/02/25 16:29:58.742, 3, NVIDIA A10G, 0 %, 0 %, 0 MiB, 23028 MiB
2026/02/25 16:29:59.742, 0, NVIDIA A10G, 0 %, 0 %, 2049 MiB, 23028 MiB
2026/02/25 16:29:59.742, 1, NVIDIA A10G, 0 %, 0 %, 0 MiB, 23028 MiB
2026/02/25 16:29:59.742, 2, NVIDIA A10G, 0 %, 0 %, 0 MiB, 23028 MiB
2026/02/25 16:29:59.742, 3, NVIDIA A10G, 0 %, 0 %, 0 MiB, 23028 MiB
2026/02/25 16:30:00.742, 0, NVIDIA A10G, 0 %, 0 %, 2049 MiB, 23028 MiB
2026/02/25 16:30:00.743, 1, NVIDIA A10G, 0 %, 0 %, 0 MiB, 23028 MiB
2026/02/25 16:30:00.743, 2, NVIDIA A10G, 0 %, 0 %, 0 MiB, 23028 MiB
2026/02/25 16:30:00.743, 3, NVIDIA A10G, 0 %, 0 %, 0 MiB, 23028 MiB
2026/02/25 16:30:01.743, 0, NVIDIA A10G, 0 %, 0 %, 2049 MiB, 23028 MiB
2026/02/25 16:30:01.743, 1, NVIDIA A10G, 0 %, 0 %, 0 MiB, 23028 MiB
2026/02/25 16:30:01.743, 2, NVIDIA A10G, 0 %, 0 %, 0 MiB, 23028 MiB
2026/02/25 16:30:01.743, 3, NVIDIA A10G, 0 %, 0 %, 0 MiB, 23028 MiB
2026/02/25 16:30:02.743, 0, NVIDIA A10G, 0 %, 0 %, 2049 MiB, 23028 MiB
2026/02/25 16:30:02.743, 1, NVIDIA A10G, 0 %, 0 %, 0 MiB, 23028 MiB
2026/02/25 16:30:02.743, 2, NVIDIA A10G, 0 %, 0 %, 0 MiB, 23028 MiB
2026/02/25 16:30:02.743, 3, NVIDIA A10G, 0 %, 0 %, 0 MiB, 23028 MiB
2026/02/25 16:30:03.743, 0, NVIDIA A10G, 0 %, 0 %, 2049 MiB, 23028 MiB
2026/02/25 16:30:03.743, 1, NVIDIA A10G, 0 %, 0 %, 0 MiB, 23028 MiB
2026/02/25 16:30:03.743, 2, NVIDIA A10G, 0 %, 0 %, 0 MiB, 23028 MiB
2026/02/25 16:30:03.744, 3, NVIDIA A10G, 0 %, 0 %, 0 MiB, 23028 MiB
2026/02/25 16:30:04.744, 0, NVIDIA A10G, 0 %, 0 %, 2049 MiB, 23028 MiB
2026/02/25 16:30:04.744, 1, NVIDIA A10G, 0 %, 0 %, 0 MiB, 23028 MiB
2026/02/25 16:30:04.744, 2, NVIDIA A10G, 0 %, 0 %, 0 MiB, 23028 MiB
2026/02/25 16:30:04.744, 3, NVIDIA A10G, 0 %, 0 %, 0 MiB, 23028 MiB
2026/02/25 16:30:05.744, 0, NVIDIA A10G, 0 %, 0 %, 2049 MiB, 23028 MiB
2026/02/25 16:30:05.744, 1, NVIDIA A10G, 0 %, 0 %, 0 MiB, 23028 MiB
2026/02/25 16:30:05.744, 2, NVIDIA A10G, 0 %, 0 %, 0 MiB, 23028 MiB
2026/02/25 16:30:05.744, 3, NVIDIA A10G, 0 %, 0 %, 0 MiB, 23028 MiB
2026/02/25 16:30:06.744, 0, NVIDIA A10G, 0 %, 0 %, 2049 MiB, 23028 MiB
2026/02/25 16:30:06.745, 1, NVIDIA A10G, 0 %, 0 %, 0 MiB, 23028 MiB
2026/02/25 16:30:06.745, 2, NVIDIA A10G, 0 %, 0 %, 0 MiB, 23028 MiB
2026/02/25 16:30:06.745, 3, NVIDIA A10G, 0 %, 0 %, 0 MiB, 23028 MiB
2026/02/25 16:30:07.745, 0, NVIDIA A10G, 0 %, 0 %, 2049 MiB, 23028 MiB
2026/02/25 16:30:07.745, 1, NVIDIA A10G, 0 %, 0 %, 0 MiB, 23028 MiB
2026/02/25 16:30:07.745, 2, NVIDIA A10G, 0 %, 0 %, 0 MiB, 23028 MiB
2026/02/25 16:30:07.745, 3, NVIDIA A10G, 0 %, 0 %, 0 MiB, 23028 MiB
2026/02/25 16:30:08.745, 0, NVIDIA A10G, 0 %, 0 %, 2049 MiB, 23028 MiB
2026/02/25 16:30:08.745, 1, NVIDIA A10G, 0 %, 0 %, 0 MiB, 23028 MiB
2026/02/25 16:30:08.745, 2, NVIDIA A10G, 0 %, 0 %, 0 MiB, 23028 MiB
2026/02/25 16:30:08.745, 3, NVIDIA A10G, 0 %, 0 %, 0 MiB, 23028 MiB
2026/02/25 16:30:09.745, 0, NVIDIA A10G, 87 %, 57 %, 2049 MiB, 23028 MiB
2026/02/25 16:30:09.746, 1, NVIDIA A10G, 0 %, 0 %, 0 MiB, 23028 MiB
2026/02/25 16:30:09.746, 2, NVIDIA A10G, 0 %, 0 %, 0 MiB, 23028 MiB
2026/02/25 16:30:09.746, 3, NVIDIA A10G, 0 %, 0 %, 0 MiB, 23028 MiB
2026/02/25 16:30:10.746, 0, NVIDIA A10G, 24 %, 9 %, 2049 MiB, 23028 MiB
2026/02/25 16:30:10.746, 1, NVIDIA A10G, 0 %, 0 %, 0 MiB, 23028 MiB
2026/02/25 16:30:10.746, 2, NVIDIA A10G, 0 %, 0 %, 0 MiB, 23028 MiB
2026/02/25 16:30:10.746, 3, NVIDIA A10G, 0 %, 0 %, 0 MiB, 23028 MiB
2026/02/25 16:30:11.746, 0, NVIDIA A10G, 24 %, 8 %, 2049 MiB, 23028 MiB
2026/02/25 16:30:11.746, 1, NVIDIA A10G, 0 %, 0 %, 0 MiB, 23028 MiB
2026/02/25 16:30:11.746, 2, NVIDIA A10G, 0 %, 0 %, 0 MiB, 23028 MiB
2026/02/25 16:30:11.746, 3, NVIDIA A10G, 0 %, 0 %, 0 MiB, 23028 MiB
2026/02/25 16:30:12.746, 0, NVIDIA A10G, 22 %, 8 %, 2049 MiB, 23028 MiB
2026/02/25 16:30:12.746, 1, NVIDIA A10G, 0 %, 0 %, 0 MiB, 23028 MiB
2026/02/25 16:30:12.747, 2, NVIDIA A10G, 0 %, 0 %, 0 MiB, 23028 MiB
2026/02/25 16:30:12.747, 3, NVIDIA A10G, 0 %, 0 %, 0 MiB, 23028 MiB
2026/02/25 16:30:13.747, 0, NVIDIA A10G, 24 %, 9 %, 2049 MiB, 23028 MiB
2026/02/25 16:30:13.747, 1, NVIDIA A10G, 0 %, 0 %, 0 MiB, 23028 MiB
2026/02/25 16:30:13.747, 2, NVIDIA A10G, 0 %, 0 %, 0 MiB, 23028 MiB
2026/02/25 16:30:13.747, 3, NVIDIA A10G, 0 %, 0 %, 0 MiB, 23028 MiB
2026/02/25 16:30:14.747, 0, NVIDIA A10G, 22 %, 8 %, 2049 MiB, 23028 MiB
2026/02/25 16:30:14.747, 1, NVIDIA A10G, 0 %, 0 %, 0 MiB, 23028 MiB
2026/02/25 16:30:14.747, 2, NVIDIA A10G, 0 %, 0 %, 0 MiB, 23028 MiB
2026/02/25 16:30:14.747, 3, NVIDIA A10G, 0 %, 0 %, 0 MiB, 23028 MiB
2026/02/25 16:30:15.747, 0, NVIDIA A10G, 25 %, 9 %, 2049 MiB, 23028 MiB
2026/02/25 16:30:15.747, 1, NVIDIA A10G, 0 %, 0 %, 0 MiB, 23028 MiB
2026/02/25 16:30:15.747, 2, NVIDIA A10G, 0 %, 0 %, 0 MiB, 23028 MiB
2026/02/25 16:30:15.747, 3, NVIDIA A10G, 0 %, 0 %, 0 MiB, 23028 MiB
2026/02/25 16:30:16.748, 0, NVIDIA A10G, 21 %, 8 %, 2049 MiB, 23028 MiB
2026/02/25 16:30:16.748, 1, NVIDIA A10G, 0 %, 0 %, 0 MiB, 23028 MiB
2026/02/25 16:30:16.748, 2, NVIDIA A10G, 0 %, 0 %, 0 MiB, 23028 MiB
2026/02/25 16:30:16.748, 3, NVIDIA A10G, 0 %, 0 %, 0 MiB, 23028 MiB
2026/02/25 16:30:17.748, 0, NVIDIA A10G, 24 %, 9 %, 2049 MiB, 23028 MiB
2026/02/25 16:30:17.748, 1, NVIDIA A10G, 0 %, 0 %, 0 MiB, 23028 MiB
2026/02/25 16:30:17.748, 2, NVIDIA A10G, 0 %, 0 %, 0 MiB, 23028 MiB
2026/02/25 16:30:17.748, 3, NVIDIA A10G, 0 %, 0 %, 0 MiB, 23028 MiB
2026/02/25 16:30:18.748, 0, NVIDIA A10G, 23 %, 8 %, 2049 MiB, 23028 MiB
2026/02/25 16:30:18.748, 1, NVIDIA A10G, 0 %, 0 %, 0 MiB, 23028 MiB
2026/02/25 16:30:18.748, 2, NVIDIA A10G, 0 %, 0 %, 0 MiB, 23028 MiB
2026/02/25 16:30:18.748, 3, NVIDIA A10G, 0 %, 0 %, 0 MiB, 23028 MiB
2026/02/25 16:30:19.749, 0, NVIDIA A10G, 0 %, 0 %, 2049 MiB, 23028 MiB
2026/02/25 16:30:19.749, 1, NVIDIA A10G, 0 %, 0 %, 0 MiB, 23028 MiB
2026/02/25 16:30:19.749, 2, NVIDIA A10G, 0 %, 0 %, 0 MiB, 23028 MiB
2026/02/25 16:30:19.749, 3, NVIDIA A10G, 0 %, 0 %, 0 MiB, 23028 MiB
2026/02/25 16:30:20.749, 0, NVIDIA A10G, 0 %, 0 %, 2049 MiB, 23028 MiB
2026/02/25 16:30:20.749, 1, NVIDIA A10G, 0 %, 0 %, 0 MiB, 23028 MiB
2026/02/25 16:30:20.749, 2, NVIDIA A10G, 0 %, 0 %, 0 MiB, 23028 MiB
2026/02/25 16:30:20.749, 3, NVIDIA A10G, 0 %, 0 %, 0 MiB, 23028 MiB
2026/02/25 16:30:21.749, 0, NVIDIA A10G, 0 %, 0 %, 2049 MiB, 23028 MiB
2026/02/25 16:30:21.749, 1, NVIDIA A10G, 0 %, 0 %, 0 MiB, 23028 MiB
2026/02/25 16:30:21.749, 2, NVIDIA A10G, 0 %, 0 %, 0 MiB, 23028 MiB
2026/02/25 16:30:21.749, 3, NVIDIA A10G, 0 %, 0 %, 0 MiB, 23028 MiB
2026/02/25 16:30:22.749, 0, NVIDIA A10G, 0 %, 0 %, 2049 MiB, 23028 MiB
2026/02/25 16:30:22.750, 1, NVIDIA A10G, 0 %, 0 %, 0 MiB, 23028 MiB
2026/02/25 16:30:22.750, 2, NVIDIA A10G, 0 %, 0 %, 0 MiB, 23028 MiB
2026/02/25 16:30:22.750, 3, NVIDIA A10G, 0 %, 0 %, 0 MiB, 23028 MiB
2026/02/25 16:30:23.750, 0, NVIDIA A10G, 0 %, 0 %, 2049 MiB, 23028 MiB
2026/02/25 16:30:23.750, 1, NVIDIA A10G, 0 %, 0 %, 0 MiB, 23028 MiB
2026/02/25 16:30:23.750, 2, NVIDIA A10G, 0 %, 0 %, 0 MiB, 23028 MiB
2026/02/25 16:30:23.750, 3, NVIDIA A10G, 0 %, 0 %, 0 MiB, 23028 MiB
2026/02/25 16:30:24.750, 0, NVIDIA A10G, 0 %, 0 %, 2049 MiB, 23028 MiB
2026/02/25 16:30:24.750, 1, NVIDIA A10G, 0 %, 0 %, 0 MiB, 23028 MiB
2026/02/25 16:30:24.750, 2, NVIDIA A10G, 0 %, 0 %, 0 MiB, 23028 MiB
2026/02/25 16:30:24.750, 3, NVIDIA A10G, 0 %, 0 %, 0 MiB, 23028 MiB
2026/02/25 16:30:25.750, 0, NVIDIA A10G, 0 %, 0 %, 2049 MiB, 23028 MiB
2026/02/25 16:30:25.750, 1, NVIDIA A10G, 0 %, 0 %, 0 MiB, 23028 MiB
2026/02/25 16:30:25.750, 2, NVIDIA A10G, 0 %, 0 %, 0 MiB, 23028 MiB
2026/02/25 16:30:25.751, 3, NVIDIA A10G, 0 %, 0 %, 0 MiB, 23028 MiB
2026/02/25 16:30:26.751, 0, NVIDIA A10G, 0 %, 0 %, 2049 MiB, 23028 MiB
2026/02/25 16:30:26.751, 1, NVIDIA A10G, 0 %, 0 %, 0 MiB, 23028 MiB
2026/02/25 16:30:26.751, 2, NVIDIA A10G, 0 %, 0 %, 0 MiB, 23028 MiB
2026/02/25 16:30:26.751, 3, NVIDIA A10G, 0 %, 0 %, 0 MiB, 23028 MiB
2026/02/25 16:30:27.751, 0, NVIDIA A10G, 0 %, 0 %, 2049 MiB, 23028 MiB
2026/02/25 16:30:27.751, 1, NVIDIA A10G, 0 %, 0 %, 0 MiB, 23028 MiB
2026/02/25 16:30:27.751, 2, NVIDIA A10G, 0 %, 0 %, 0 MiB, 23028 MiB
2026/02/25 16:30:27.751, 3, NVIDIA A10G, 0 %, 0 %, 0 MiB, 23028 MiB
2026/02/25 16:30:28.751, 0, NVIDIA A10G, 0 %, 0 %, 2049 MiB, 23028 MiB
2026/02/25 16:30:28.751, 1, NVIDIA A10G, 0 %, 0 %, 0 MiB, 23028 MiB
2026/02/25 16:30:28.751, 2, NVIDIA A10G, 0 %, 0 %, 0 MiB, 23028 MiB
2026/02/25 16:30:28.751, 3, NVIDIA A10G, 0 %, 0 %, 0 MiB, 23028 MiB
2026/02/25 16:30:29.752, 0, NVIDIA A10G, 0 %, 0 %, 2049 MiB, 23028 MiB
2026/02/25 16:30:29.752, 1, NVIDIA A10G, 0 %, 0 %, 0 MiB, 23028 MiB
2026/02/25 16:30:29.752, 2, NVIDIA A10G, 0 %, 0 %, 0 MiB, 23028 MiB
2026/02/25 16:30:29.752, 3, NVIDIA A10G, 0 %, 0 %, 0 MiB, 23028 MiB
2026/02/25 16:30:30.752, 0, NVIDIA A10G, 21 %, 8 %, 2049 MiB, 23028 MiB
2026/02/25 16:30:30.752, 1, NVIDIA A10G, 0 %, 0 %, 0 MiB, 23028 MiB
2026/02/25 16:30:30.752, 2, NVIDIA A10G, 0 %, 0 %, 0 MiB, 23028 MiB
2026/02/25 16:30:30.752, 3, NVIDIA A10G, 0 %, 0 %, 0 MiB, 23028 MiB
2026/02/25 16:30:31.752, 0, NVIDIA A10G, 22 %, 7 %, 2049 MiB, 23028 MiB
2026/02/25 16:30:31.752, 1, NVIDIA A10G, 0 %, 0 %, 0 MiB, 23028 MiB
2026/02/25 16:30:31.752, 2, NVIDIA A10G, 0 %, 0 %, 0 MiB, 23028 MiB
2026/02/25 16:30:31.753, 3, NVIDIA A10G, 0 %, 0 %, 0 MiB, 23028 MiB
2026/02/25 16:30:32.753, 0, NVIDIA A10G, 24 %, 9 %, 2049 MiB, 23028 MiB
2026/02/25 16:30:32.753, 1, NVIDIA A10G, 0 %, 0 %, 0 MiB, 23028 MiB
2026/02/25 16:30:32.753, 2, NVIDIA A10G, 0 %, 0 %, 0 MiB, 23028 MiB
2026/02/25 16:30:32.753, 3, NVIDIA A10G, 0 %, 0 %, 0 MiB, 23028 MiB
2026/02/25 16:30:33.753, 0, NVIDIA A10G, 23 %, 8 %, 2049 MiB, 23028 MiB
2026/02/25 16:30:33.753, 1, NVIDIA A10G, 0 %, 0 %, 0 MiB, 23028 MiB
2026/02/25 16:30:33.753, 2, NVIDIA A10G, 0 %, 0 %, 0 MiB, 23028 MiB
2026/02/25 16:30:33.753, 3, NVIDIA A10G, 0 %, 0 %, 0 MiB, 23028 MiB
2026/02/25 16:30:34.753, 0, NVIDIA A10G, 23 %, 8 %, 2049 MiB, 23028 MiB
2026/02/25 16:30:34.754, 1, NVIDIA A10G, 0 %, 0 %, 0 MiB, 23028 MiB
2026/02/25 16:30:34.754, 2, NVIDIA A10G, 0 %, 0 %, 0 MiB, 23028 MiB
2026/02/25 16:30:34.754, 3, NVIDIA A10G, 0 %, 0 %, 0 MiB, 23028 MiB
2026/02/25 16:30:35.754, 0, NVIDIA A10G, 23 %, 8 %, 2049 MiB, 23028 MiB
2026/02/25 16:30:35.754, 1, NVIDIA A10G, 0 %, 0 %, 0 MiB, 23028 MiB
2026/02/25 16:30:35.754, 2, NVIDIA A10G, 0 %, 0 %, 0 MiB, 23028 MiB
2026/02/25 16:30:35.754, 3, NVIDIA A10G, 0 %, 0 %, 0 MiB, 23028 MiB
2026/02/25 16:30:36.754, 0, NVIDIA A10G, 22 %, 8 %, 2049 MiB, 23028 MiB
2026/02/25 16:30:36.754, 1, NVIDIA A10G, 0 %, 0 %, 0 MiB, 23028 MiB
2026/02/25 16:30:36.754, 2, NVIDIA A10G, 0 %, 0 %, 0 MiB, 23028 MiB
2026/02/25 16:30:36.754, 3, NVIDIA A10G, 0 %, 0 %, 0 MiB, 23028 MiB
2026/02/25 16:30:37.754, 0, NVIDIA A10G, 24 %, 8 %, 2049 MiB, 23028 MiB
2026/02/25 16:30:37.755, 1, NVIDIA A10G, 0 %, 0 %, 0 MiB, 23028 MiB
2026/02/25 16:30:37.755, 2, NVIDIA A10G, 0 %, 0 %, 0 MiB, 23028 MiB
2026/02/25 16:30:37.755, 3, NVIDIA A10G, 0 %, 0 %, 0 MiB, 23028 MiB
2026/02/25 16:30:38.755, 0, NVIDIA A10G, 24 %, 9 %, 2049 MiB, 23028 MiB
2026/02/25 16:30:38.755, 1, NVIDIA A10G, 0 %, 0 %, 0 MiB, 23028 MiB
2026/02/25 16:30:38.755, 2, NVIDIA A10G, 0 %, 0 %, 0 MiB, 23028 MiB
2026/02/25 16:30:38.755, 3, NVIDIA A10G, 0 %, 0 %, 0 MiB, 23028 MiB
2026/02/25 16:30:39.755, 0, NVIDIA A10G, 23 %, 8 %, 2049 MiB, 23028 MiB
2026/02/25 16:30:39.755, 1, NVIDIA A10G, 0 %, 0 %, 0 MiB, 23028 MiB
2026/02/25 16:30:39.755, 2, NVIDIA A10G, 0 %, 0 %, 0 MiB, 23028 MiB
2026/02/25 16:30:39.755, 3, NVIDIA A10G, 0 %, 0 %, 0 MiB, 23028 MiB
2026/02/25 16:30:40.756, 0, NVIDIA A10G, 0 %, 0 %, 2049 MiB, 23028 MiB
2026/02/25 16:30:40.756, 1, NVIDIA A10G, 0 %, 0 %, 0 MiB, 23028 MiB
2026/02/25 16:30:40.756, 2, NVIDIA A10G, 0 %, 0 %, 0 MiB, 23028 MiB
2026/02/25 16:30:40.756, 3, NVIDIA A10G, 0 %, 0 %, 0 MiB, 23028 MiB
2026/02/25 16:30:41.756, 0, NVIDIA A10G, 0 %, 0 %, 2049 MiB, 23028 MiB
2026/02/25 16:30:41.756, 1, NVIDIA A10G, 0 %, 0 %, 0 MiB, 23028 MiB
2026/02/25 16:30:41.756, 2, NVIDIA A10G, 0 %, 0 %, 0 MiB, 23028 MiB
2026/02/25 16:30:41.756, 3, NVIDIA A10G, 0 %, 0 %, 0 MiB, 23028 MiB
2026/02/25 16:30:42.756, 0, NVIDIA A10G, 0 %, 0 %, 2049 MiB, 23028 MiB
2026/02/25 16:30:42.756, 1, NVIDIA A10G, 0 %, 0 %, 0 MiB, 23028 MiB
2026/02/25 16:30:42.756, 2, NVIDIA A10G, 0 %, 0 %, 0 MiB, 23028 MiB
2026/02/25 16:30:42.756, 3, NVIDIA A10G, 0 %, 0 %, 0 MiB, 23028 MiB
2026/02/25 16:30:43.756, 0, NVIDIA A10G, 0 %, 0 %, 2049 MiB, 23028 MiB
2026/02/25 16:30:43.757, 1, NVIDIA A10G, 0 %, 0 %, 0 MiB, 23028 MiB
2026/02/25 16:30:43.757, 2, NVIDIA A10G, 0 %, 0 %, 0 MiB, 23028 MiB
2026/02/25 16:30:43.757, 3, NVIDIA A10G, 0 %, 0 %, 0 MiB, 23028 MiB
2026/02/25 16:30:44.757, 0, NVIDIA A10G, 0 %, 0 %, 2049 MiB, 23028 MiB
2026/02/25 16:30:44.757, 1, NVIDIA A10G, 0 %, 0 %, 0 MiB, 23028 MiB
2026/02/25 16:30:44.757, 2, NVIDIA A10G, 0 %, 0 %, 0 MiB, 23028 MiB
2026/02/25 16:30:44.757, 3, NVIDIA A10G, 0 %, 0 %, 0 MiB, 23028 MiB
2026/02/25 16:30:45.757, 0, NVIDIA A10G, 0 %, 0 %, 2049 MiB, 23028 MiB
2026/02/25 16:30:45.757, 1, NVIDIA A10G, 0 %, 0 %, 0 MiB, 23028 MiB
2026/02/25 16:30:45.757, 2, NVIDIA A10G, 0 %, 0 %, 0 MiB, 23028 MiB
2026/02/25 16:30:45.757, 3, NVIDIA A10G, 0 %, 0 %, 0 MiB, 23028 MiB
2026/02/25 16:30:46.758, 0, NVIDIA A10G, 0 %, 0 %, 2049 MiB, 23028 MiB
2026/02/25 16:30:46.758, 1, NVIDIA A10G, 0 %, 0 %, 0 MiB, 23028 MiB
2026/02/25 16:30:46.758, 2, NVIDIA A10G, 0 %, 0 %, 0 MiB, 23028 MiB
2026/02/25 16:30:46.758, 3, NVIDIA A10G, 0 %, 0 %, 0 MiB, 23028 MiB
2026/02/25 16:30:47.758, 0, NVIDIA A10G, 20 %, 6 %, 2049 MiB, 23028 MiB
2026/02/25 16:30:47.758, 1, NVIDIA A10G, 0 %, 0 %, 0 MiB, 23028 MiB
2026/02/25 16:30:47.758, 2, NVIDIA A10G, 0 %, 0 %, 0 MiB, 23028 MiB
2026/02/25 16:30:47.758, 3, NVIDIA A10G, 0 %, 0 %, 0 MiB, 23028 MiB
2026/02/25 16:30:48.758, 0, NVIDIA A10G, 24 %, 9 %, 2049 MiB, 23028 MiB
2026/02/25 16:30:48.758, 1, NVIDIA A10G, 0 %, 0 %, 0 MiB, 23028 MiB
2026/02/25 16:30:48.758, 2, NVIDIA A10G, 0 %, 0 %, 0 MiB, 23028 MiB
2026/02/25 16:30:48.758, 3, NVIDIA A10G, 0 %, 0 %, 0 MiB, 23028 MiB
2026/02/25 16:30:49.758, 0, NVIDIA A10G, 21 %, 7 %, 2049 MiB, 23028 MiB
2026/02/25 16:30:49.759, 1, NVIDIA A10G, 0 %, 0 %, 0 MiB, 23028 MiB
2026/02/25 16:30:49.759, 2, NVIDIA A10G, 0 %, 0 %, 0 MiB, 23028 MiB
2026/02/25 16:30:49.759, 3, NVIDIA A10G, 0 %, 0 %, 0 MiB, 23028 MiB
2026/02/25 16:30:50.759, 0, NVIDIA A10G, 23 %, 8 %, 2049 MiB, 23028 MiB
2026/02/25 16:30:50.759, 1, NVIDIA A10G, 0 %, 0 %, 0 MiB, 23028 MiB
2026/02/25 16:30:50.759, 2, NVIDIA A10G, 0 %, 0 %, 0 MiB, 23028 MiB
2026/02/25 16:30:50.759, 3, NVIDIA A10G, 0 %, 0 %, 0 MiB, 23028 MiB
2026/02/25 16:30:51.759, 0, NVIDIA A10G, 23 %, 7 %, 2049 MiB, 23028 MiB
2026/02/25 16:30:51.759, 1, NVIDIA A10G, 0 %, 0 %, 0 MiB, 23028 MiB
2026/02/25 16:30:51.759, 2, NVIDIA A10G, 0 %, 0 %, 0 MiB, 23028 MiB
2026/02/25 16:30:51.759, 3, NVIDIA A10G, 0 %, 0 %, 0 MiB, 23028 MiB
2026/02/25 16:30:52.760, 0, NVIDIA A10G, 23 %, 8 %, 2049 MiB, 23028 MiB
2026/02/25 16:30:52.760, 1, NVIDIA A10G, 0 %, 0 %, 0 MiB, 23028 MiB
2026/02/25 16:30:52.760, 2, NVIDIA A10G, 0 %, 0 %, 0 MiB, 23028 MiB
2026/02/25 16:30:52.760, 3, NVIDIA A10G, 0 %, 0 %, 0 MiB, 23028 MiB
2026/02/25 16:30:53.760, 0, NVIDIA A10G, 23 %, 8 %, 2049 MiB, 23028 MiB
2026/02/25 16:30:53.760, 1, NVIDIA A10G, 0 %, 0 %, 0 MiB, 23028 MiB
2026/02/25 16:30:53.760, 2, NVIDIA A10G, 0 %, 0 %, 0 MiB, 23028 MiB
2026/02/25 16:30:53.760, 3, NVIDIA A10G, 0 %, 0 %, 0 MiB, 23028 MiB
2026/02/25 16:30:54.760, 0, NVIDIA A10G, 0 %, 0 %, 2049 MiB, 23028 MiB
2026/02/25 16:30:54.760, 1, NVIDIA A10G, 0 %, 0 %, 0 MiB, 23028 MiB
2026/02/25 16:30:54.760, 2, NVIDIA A10G, 0 %, 0 %, 0 MiB, 23028 MiB
2026/02/25 16:30:54.760, 3, NVIDIA A10G, 0 %, 0 %, 0 MiB, 23028 MiB
2026/02/25 16:30:55.761, 0, NVIDIA A10G, 0 %, 0 %, 2049 MiB, 23028 MiB
2026/02/25 16:30:55.761, 1, NVIDIA A10G, 0 %, 0 %, 0 MiB, 23028 MiB
2026/02/25 16:30:55.761, 2, NVIDIA A10G, 0 %, 0 %, 0 MiB, 23028 MiB
2026/02/25 16:30:55.761, 3, NVIDIA A10G, 0 %, 0 %, 0 MiB, 23028 MiB
2026/02/25 16:30:56.761, 0, NVIDIA A10G, 0 %, 0 %, 2049 MiB, 23028 MiB
2026/02/25 16:30:56.761, 1, NVIDIA A10G, 0 %, 0 %, 0 MiB, 23028 MiB
2026/02/25 16:30:56.761, 2, NVIDIA A10G, 0 %, 0 %, 0 MiB, 23028 MiB
2026/02/25 16:30:56.761, 3, NVIDIA A10G, 0 %, 0 %, 0 MiB, 23028 MiB
2026/02/25 16:30:57.761, 0, NVIDIA A10G, 0 %, 0 %, 2049 MiB, 23028 MiB
2026/02/25 16:30:57.761, 1, NVIDIA A10G, 0 %, 0 %, 0 MiB, 23028 MiB
2026/02/25 16:30:57.761, 2, NVIDIA A10G, 0 %, 0 %, 0 MiB, 23028 MiB
2026/02/25 16:30:57.761, 3, NVIDIA A10G, 0 %, 0 %, 0 MiB, 23028 MiB
2026/02/25 16:30:58.761, 0, NVIDIA A10G, 0 %, 0 %, 2049 MiB, 23028 MiB
2026/02/25 16:30:58.762, 1, NVIDIA A10G, 0 %, 0 %, 0 MiB, 23028 MiB
2026/02/25 16:30:58.762, 2, NVIDIA A10G, 0 %, 0 %, 0 MiB, 23028 MiB
2026/02/25 16:30:58.762, 3, NVIDIA A10G, 0 %, 0 %, 0 MiB, 23028 MiB
2026/02/25 16:30:59.762, 0, NVIDIA A10G, 0 %, 0 %, 2049 MiB, 23028 MiB
2026/02/25 16:30:59.762, 1, NVIDIA A10G, 0 %, 0 %, 0 MiB, 23028 MiB
2026/02/25 16:30:59.762, 2, NVIDIA A10G, 0 %, 0 %, 0 MiB, 23028 MiB
2026/02/25 16:30:59.762, 3, NVIDIA A10G, 0 %, 0 %, 0 MiB, 23028 MiB
2026/02/25 16:31:00.762, 0, NVIDIA A10G, 0 %, 0 %, 2049 MiB, 23028 MiB
2026/02/25 16:31:00.762, 1, NVIDIA A10G, 0 %, 0 %, 0 MiB, 23028 MiB
2026/02/25 16:31:00.762, 2, NVIDIA A10G, 0 %, 0 %, 0 MiB, 23028 MiB
2026/02/25 16:31:00.762, 3, NVIDIA A10G, 0 %, 0 %, 0 MiB, 23028 MiB
2026/02/25 16:31:01.762, 0, NVIDIA A10G, 24 %, 8 %, 2049 MiB, 23028 MiB
2026/02/25 16:31:01.763, 1, NVIDIA A10G, 0 %, 0 %, 0 MiB, 23028 MiB
2026/02/25 16:31:01.763, 2, NVIDIA A10G, 0 %, 0 %, 0 MiB, 23028 MiB
2026/02/25 16:31:01.763, 3, NVIDIA A10G, 0 %, 0 %, 0 MiB, 23028 MiB
2026/02/25 16:31:02.763, 0, NVIDIA A10G, 21 %, 7 %, 2049 MiB, 23028 MiB
2026/02/25 16:31:02.763, 1, NVIDIA A10G, 0 %, 0 %, 0 MiB, 23028 MiB
2026/02/25 16:31:02.763, 2, NVIDIA A10G, 0 %, 0 %, 0 MiB, 23028 MiB
2026/02/25 16:31:02.763, 3, NVIDIA A10G, 0 %, 0 %, 0 MiB, 23028 MiB
2026/02/25 16:31:03.763, 0, NVIDIA A10G, 23 %, 8 %, 2049 MiB, 23028 MiB
2026/02/25 16:31:03.763, 1, NVIDIA A10G, 0 %, 0 %, 0 MiB, 23028 MiB
2026/02/25 16:31:03.763, 2, NVIDIA A10G, 0 %, 0 %, 0 MiB, 23028 MiB
2026/02/25 16:31:03.763, 3, NVIDIA A10G, 0 %, 0 %, 0 MiB, 23028 MiB
2026/02/25 16:31:04.763, 0, NVIDIA A10G, 22 %, 7 %, 2049 MiB, 23028 MiB
2026/02/25 16:31:04.765, 1, NVIDIA A10G, 0 %, 0 %, 0 MiB, 23028 MiB
2026/02/25 16:31:04.765, 2, NVIDIA A10G, 0 %, 0 %, 0 MiB, 23028 MiB
2026/02/25 16:31:04.765, 3, NVIDIA A10G, 0 %, 0 %, 0 MiB, 23028 MiB
2026/02/25 16:31:05.765, 0, NVIDIA A10G, 22 %, 8 %, 2049 MiB, 23028 MiB
2026/02/25 16:31:05.765, 1, NVIDIA A10G, 0 %, 0 %, 0 MiB, 23028 MiB
2026/02/25 16:31:05.765, 2, NVIDIA A10G, 0 %, 0 %, 0 MiB, 23028 MiB
2026/02/25 16:31:05.765, 3, NVIDIA A10G, 0 %, 0 %, 0 MiB, 23028 MiB
2026/02/25 16:31:06.766, 0, NVIDIA A10G, 21 %, 7 %, 2049 MiB, 23028 MiB
2026/02/25 16:31:06.766, 1, NVIDIA A10G, 0 %, 0 %, 0 MiB, 23028 MiB
2026/02/25 16:31:06.766, 2, NVIDIA A10G, 0 %, 0 %, 0 MiB, 23028 MiB
2026/02/25 16:31:06.766, 3, NVIDIA A10G, 0 %, 0 %, 0 MiB, 23028 MiB
2026/02/25 16:31:07.766, 0, NVIDIA A10G, 19 %, 6 %, 2049 MiB, 23028 MiB
2026/02/25 16:31:07.766, 1, NVIDIA A10G, 0 %, 0 %, 0 MiB, 23028 MiB
2026/02/25 16:31:07.766, 2, NVIDIA A10G, 0 %, 0 %, 0 MiB, 23028 MiB
2026/02/25 16:31:07.766, 3, NVIDIA A10G, 0 %, 0 %, 0 MiB, 23028 MiB
2026/02/25 16:31:08.766, 0, NVIDIA A10G, 21 %, 6 %, 2049 MiB, 23028 MiB
2026/02/25 16:31:08.766, 1, NVIDIA A10G, 0 %, 0 %, 0 MiB, 23028 MiB
2026/02/25 16:31:08.766, 2, NVIDIA A10G, 0 %, 0 %, 0 MiB, 23028 MiB
2026/02/25 16:31:08.766, 3, NVIDIA A10G, 0 %, 0 %, 0 MiB, 23028 MiB
2026/02/25 16:31:09.767, 0, NVIDIA A10G, 0 %, 0 %, 2049 MiB, 23028 MiB
2026/02/25 16:31:09.767, 1, NVIDIA A10G, 0 %, 0 %, 0 MiB, 23028 MiB
2026/02/25 16:31:09.767, 2, NVIDIA A10G, 0 %, 0 %, 0 MiB, 23028 MiB
2026/02/25 16:31:09.767, 3, NVIDIA A10G, 0 %, 0 %, 0 MiB, 23028 MiB
2026/02/25 16:31:10.767, 0, NVIDIA A10G, 0 %, 0 %, 2049 MiB, 23028 MiB
2026/02/25 16:31:10.767, 1, NVIDIA A10G, 0 %, 0 %, 0 MiB, 23028 MiB
2026/02/25 16:31:10.767, 2, NVIDIA A10G, 0 %, 0 %, 0 MiB, 23028 MiB
2026/02/25 16:31:10.768, 3, NVIDIA A10G, 0 %, 0 %, 0 MiB, 23028 MiB
2026/02/25 16:31:11.768, 0, NVIDIA A10G, 0 %, 0 %, 2049 MiB, 23028 MiB
2026/02/25 16:31:11.768, 1, NVIDIA A10G, 0 %, 0 %, 0 MiB, 23028 MiB
2026/02/25 16:31:11.768, 2, NVIDIA A10G, 0 %, 0 %, 0 MiB, 23028 MiB
2026/02/25 16:31:11.768, 3, NVIDIA A10G, 0 %, 0 %, 0 MiB, 23028 MiB
2026/02/25 16:31:12.768, 0, NVIDIA A10G, 20 %, 6 %, 2049 MiB, 23028 MiB
2026/02/25 16:31:12.768, 1, NVIDIA A10G, 0 %, 0 %, 0 MiB, 23028 MiB
2026/02/25 16:31:12.768, 2, NVIDIA A10G, 0 %, 0 %, 0 MiB, 23028 MiB
2026/02/25 16:31:12.768, 3, NVIDIA A10G, 0 %, 0 %, 0 MiB, 23028 MiB
2026/02/25 16:31:13.768, 0, NVIDIA A10G, 21 %, 6 %, 2049 MiB, 23028 MiB
2026/02/25 16:31:13.768, 1, NVIDIA A10G, 0 %, 0 %, 0 MiB, 23028 MiB
2026/02/25 16:31:13.768, 2, NVIDIA A10G, 0 %, 0 %, 0 MiB, 23028 MiB
2026/02/25 16:31:13.769, 3, NVIDIA A10G, 0 %, 0 %, 0 MiB, 23028 MiB
2026/02/25 16:31:14.769, 0, NVIDIA A10G, 22 %, 8 %, 2049 MiB, 23028 MiB
2026/02/25 16:31:14.769, 1, NVIDIA A10G, 0 %, 0 %, 0 MiB, 23028 MiB
2026/02/25 16:31:14.769, 2, NVIDIA A10G, 0 %, 0 %, 0 MiB, 23028 MiB
2026/02/25 16:31:14.769, 3, NVIDIA A10G, 0 %, 0 %, 0 MiB, 23028 MiB
2026/02/25 16:31:15.769, 0, NVIDIA A10G, 22 %, 7 %, 2049 MiB, 23028 MiB
2026/02/25 16:31:15.769, 1, NVIDIA A10G, 0 %, 0 %, 0 MiB, 23028 MiB
2026/02/25 16:31:15.769, 2, NVIDIA A10G, 0 %, 0 %, 0 MiB, 23028 MiB
2026/02/25 16:31:15.769, 3, NVIDIA A10G, 0 %, 0 %, 0 MiB, 23028 MiB
2026/02/25 16:31:16.769, 0, NVIDIA A10G, 0 %, 0 %, 2049 MiB, 23028 MiB
2026/02/25 16:31:16.769, 1, NVIDIA A10G, 0 %, 0 %, 0 MiB, 23028 MiB
2026/02/25 16:31:16.769, 2, NVIDIA A10G, 0 %, 0 %, 0 MiB, 23028 MiB
2026/02/25 16:31:16.769, 3, NVIDIA A10G, 0 %, 0 %, 0 MiB, 23028 MiB
2026/02/25 16:31:17.770, 0, NVIDIA A10G, 0 %, 0 %, 2049 MiB, 23028 MiB
2026/02/25 16:31:17.770, 1, NVIDIA A10G, 0 %, 0 %, 0 MiB, 23028 MiB
2026/02/25 16:31:17.770, 2, NVIDIA A10G, 0 %, 0 %, 0 MiB, 23028 MiB
2026/02/25 16:31:17.770, 3, NVIDIA A10G, 0 %, 0 %, 0 MiB, 23028 MiB
2026/02/25 16:31:18.770, 0, NVIDIA A10G, 0 %, 0 %, 2049 MiB, 23028 MiB
2026/02/25 16:31:18.770, 1, NVIDIA A10G, 0 %, 0 %, 0 MiB, 23028 MiB
2026/02/25 16:31:18.770, 2, NVIDIA A10G, 0 %, 0 %, 0 MiB, 23028 MiB
2026/02/25 16:31:18.770, 3, NVIDIA A10G, 0 %, 0 %, 0 MiB, 23028 MiB
2026/02/25 16:31:19.770, 0, NVIDIA A10G, 0 %, 0 %, 2049 MiB, 23028 MiB
2026/02/25 16:31:19.770, 1, NVIDIA A10G, 0 %, 0 %, 0 MiB, 23028 MiB
2026/02/25 16:31:19.770, 2, NVIDIA A10G, 0 %, 0 %, 0 MiB, 23028 MiB
2026/02/25 16:31:19.770, 3, NVIDIA A10G, 0 %, 0 %, 0 MiB, 23028 MiB
2026/02/25 16:31:20.770, 0, NVIDIA A10G, 0 %, 0 %, 2049 MiB, 23028 MiB
2026/02/25 16:31:20.771, 1, NVIDIA A10G, 0 %, 0 %, 0 MiB, 23028 MiB
2026/02/25 16:31:20.771, 2, NVIDIA A10G, 0 %, 0 %, 0 MiB, 23028 MiB
2026/02/25 16:31:20.771, 3, NVIDIA A10G, 0 %, 0 %, 0 MiB, 23028 MiB
2026/02/25 16:31:21.771, 0, NVIDIA A10G, 0 %, 0 %, 2049 MiB, 23028 MiB
2026/02/25 16:31:21.771, 1, NVIDIA A10G, 0 %, 0 %, 0 MiB, 23028 MiB
2026/02/25 16:31:21.771, 2, NVIDIA A10G, 0 %, 0 %, 0 MiB, 23028 MiB
2026/02/25 16:31:21.771, 3, NVIDIA A10G, 0 %, 0 %, 0 MiB, 23028 MiB
2026/02/25 16:31:22.771, 0, NVIDIA A10G, 0 %, 0 %, 2049 MiB, 23028 MiB
2026/02/25 16:31:22.771, 1, NVIDIA A10G, 0 %, 0 %, 0 MiB, 23028 MiB
2026/02/25 16:31:22.771, 2, NVIDIA A10G, 0 %, 0 %, 0 MiB, 23028 MiB
2026/02/25 16:31:22.771, 3, NVIDIA A10G, 0 %, 0 %, 0 MiB, 23028 MiB
2026/02/25 16:31:23.771, 0, NVIDIA A10G, 0 %, 0 %, 2049 MiB, 23028 MiB
2026/02/25 16:31:23.771, 1, NVIDIA A10G, 0 %, 0 %, 0 MiB, 23028 MiB
2026/02/25 16:31:23.771, 2, NVIDIA A10G, 0 %, 0 %, 0 MiB, 23028 MiB
2026/02/25 16:31:23.771, 3, NVIDIA A10G, 0 %, 0 %, 0 MiB, 23028 MiB
2026/02/25 16:31:24.772, 0, NVIDIA A10G, 0 %, 0 %, 2049 MiB, 23028 MiB
2026/02/25 16:31:24.772, 1, NVIDIA A10G, 0 %, 0 %, 0 MiB, 23028 MiB
2026/02/25 16:31:24.772, 2, NVIDIA A10G, 0 %, 0 %, 0 MiB, 23028 MiB
2026/02/25 16:31:24.772, 3, NVIDIA A10G, 0 %, 0 %, 0 MiB, 23028 MiB
2026/02/25 16:31:25.772, 0, NVIDIA A10G, 80 %, 54 %, 2049 MiB, 23028 MiB
2026/02/25 16:31:25.772, 1, NVIDIA A10G, 0 %, 0 %, 0 MiB, 23028 MiB
2026/02/25 16:31:25.772, 2, NVIDIA A10G, 0 %, 0 %, 0 MiB, 23028 MiB
2026/02/25 16:31:25.772, 3, NVIDIA A10G, 0 %, 0 %, 0 MiB, 23028 MiB
2026/02/25 16:31:26.772, 0, NVIDIA A10G, 20 %, 6 %, 2049 MiB, 23028 MiB
2026/02/25 16:31:26.772, 1, NVIDIA A10G, 0 %, 0 %, 0 MiB, 23028 MiB
2026/02/25 16:31:26.772, 2, NVIDIA A10G, 0 %, 0 %, 0 MiB, 23028 MiB
2026/02/25 16:31:26.772, 3, NVIDIA A10G, 0 %, 0 %, 0 MiB, 23028 MiB
2026/02/25 16:31:27.772, 0, NVIDIA A10G, 22 %, 8 %, 2049 MiB, 23028 MiB
2026/02/25 16:31:27.773, 1, NVIDIA A10G, 0 %, 0 %, 0 MiB, 23028 MiB
2026/02/25 16:31:27.773, 2, NVIDIA A10G, 0 %, 0 %, 0 MiB, 23028 MiB
2026/02/25 16:31:27.773, 3, NVIDIA A10G, 0 %, 0 %, 0 MiB, 23028 MiB
2026/02/25 16:31:28.773, 0, NVIDIA A10G, 22 %, 7 %, 2049 MiB, 23028 MiB
2026/02/25 16:31:28.773, 1, NVIDIA A10G, 0 %, 0 %, 0 MiB, 23028 MiB
2026/02/25 16:31:28.773, 2, NVIDIA A10G, 0 %, 0 %, 0 MiB, 23028 MiB
2026/02/25 16:31:28.773, 3, NVIDIA A10G, 0 %, 0 %, 0 MiB, 23028 MiB
2026/02/25 16:31:29.773, 0, NVIDIA A10G, 20 %, 7 %, 2049 MiB, 23028 MiB
2026/02/25 16:31:29.773, 1, NVIDIA A10G, 0 %, 0 %, 0 MiB, 23028 MiB
2026/02/25 16:31:29.773, 2, NVIDIA A10G, 0 %, 0 %, 0 MiB, 23028 MiB
2026/02/25 16:31:29.773, 3, NVIDIA A10G, 0 %, 0 %, 0 MiB, 23028 MiB
2026/02/25 16:31:30.774, 0, NVIDIA A10G, 21 %, 6 %, 2049 MiB, 23028 MiB
2026/02/25 16:31:30.774, 1, NVIDIA A10G, 0 %, 0 %, 0 MiB, 23028 MiB
2026/02/25 16:31:30.774, 2, NVIDIA A10G, 0 %, 0 %, 0 MiB, 23028 MiB
2026/02/25 16:31:30.774, 3, NVIDIA A10G, 0 %, 0 %, 0 MiB, 23028 MiB
2026/02/25 16:31:31.774, 0, NVIDIA A10G, 23 %, 8 %, 2049 MiB, 23028 MiB
2026/02/25 16:31:31.774, 1, NVIDIA A10G, 0 %, 0 %, 0 MiB, 23028 MiB
2026/02/25 16:31:31.774, 2, NVIDIA A10G, 0 %, 0 %, 0 MiB, 23028 MiB
2026/02/25 16:31:31.774, 3, NVIDIA A10G, 0 %, 0 %, 0 MiB, 23028 MiB
2026/02/25 16:31:32.774, 0, NVIDIA A10G, 22 %, 7 %, 2049 MiB, 23028 MiB
2026/02/25 16:31:32.774, 1, NVIDIA A10G, 0 %, 0 %, 0 MiB, 23028 MiB
2026/02/25 16:31:32.774, 2, NVIDIA A10G, 0 %, 0 %, 0 MiB, 23028 MiB
2026/02/25 16:31:32.774, 3, NVIDIA A10G, 0 %, 0 %, 0 MiB, 23028 MiB
2026/02/25 16:31:33.775, 0, NVIDIA A10G, 23 %, 8 %, 2049 MiB, 23028 MiB
2026/02/25 16:31:33.775, 1, NVIDIA A10G, 0 %, 0 %, 0 MiB, 23028 MiB
2026/02/25 16:31:33.775, 2, NVIDIA A10G, 0 %, 0 %, 0 MiB, 23028 MiB
2026/02/25 16:31:33.775, 3, NVIDIA A10G, 0 %, 0 %, 0 MiB, 23028 MiB
2026/02/25 16:31:34.775, 0, NVIDIA A10G, 21 %, 7 %, 2049 MiB, 23028 MiB
2026/02/25 16:31:34.775, 1, NVIDIA A10G, 0 %, 0 %, 0 MiB, 23028 MiB
2026/02/25 16:31:34.775, 2, NVIDIA A10G, 0 %, 0 %, 0 MiB, 23028 MiB
2026/02/25 16:31:34.775, 3, NVIDIA A10G, 0 %, 0 %, 0 MiB, 23028 MiB
2026/02/25 16:31:35.775, 0, NVIDIA A10G, 19 %, 6 %, 2049 MiB, 23028 MiB
2026/02/25 16:31:35.775, 1, NVIDIA A10G, 0 %, 0 %, 0 MiB, 23028 MiB
2026/02/25 16:31:35.775, 2, NVIDIA A10G, 0 %, 0 %, 0 MiB, 23028 MiB
2026/02/25 16:31:35.775, 3, NVIDIA A10G, 0 %, 0 %, 0 MiB, 23028 MiB
2026/02/25 16:31:36.776, 0, NVIDIA A10G, 13 %, 4 %, 2049 MiB, 23028 MiB
2026/02/25 16:31:36.776, 1, NVIDIA A10G, 0 %, 0 %, 0 MiB, 23028 MiB
2026/02/25 16:31:36.776, 2, NVIDIA A10G, 0 %, 0 %, 0 MiB, 23028 MiB
2026/02/25 16:31:36.776, 3, NVIDIA A10G, 0 %, 0 %, 0 MiB, 23028 MiB
2026/02/25 16:31:37.776, 0, NVIDIA A10G, 0 %, 0 %, 2049 MiB, 23028 MiB
2026/02/25 16:31:37.776, 1, NVIDIA A10G, 0 %, 0 %, 0 MiB, 23028 MiB
2026/02/25 16:31:37.776, 2, NVIDIA A10G, 0 %, 0 %, 0 MiB, 23028 MiB
2026/02/25 16:31:37.776, 3, NVIDIA A10G, 0 %, 0 %, 0 MiB, 23028 MiB
2026/02/25 16:31:38.776, 0, NVIDIA A10G, 0 %, 0 %, 2049 MiB, 23028 MiB
2026/02/25 16:31:38.776, 1, NVIDIA A10G, 0 %, 0 %, 0 MiB, 23028 MiB
2026/02/25 16:31:38.777, 2, NVIDIA A10G, 0 %, 0 %, 0 MiB, 23028 MiB
2026/02/25 16:31:38.777, 3, NVIDIA A10G, 0 %, 0 %, 0 MiB, 23028 MiB
2026/02/25 16:31:39.777, 0, NVIDIA A10G, 0 %, 0 %, 2049 MiB, 23028 MiB
2026/02/25 16:31:39.777, 1, NVIDIA A10G, 0 %, 0 %, 0 MiB, 23028 MiB
2026/02/25 16:31:39.777, 2, NVIDIA A10G, 0 %, 0 %, 0 MiB, 23028 MiB
2026/02/25 16:31:39.777, 3, NVIDIA A10G, 0 %, 0 %, 0 MiB, 23028 MiB
2026/02/25 16:31:40.777, 0, NVIDIA A10G, 15 %, 5 %, 2049 MiB, 23028 MiB
2026/02/25 16:31:40.777, 1, NVIDIA A10G, 0 %, 0 %, 0 MiB, 23028 MiB
2026/02/25 16:31:40.777, 2, NVIDIA A10G, 0 %, 0 %, 0 MiB, 23028 MiB
2026/02/25 16:31:40.777, 3, NVIDIA A10G, 0 %, 0 %, 0 MiB, 23028 MiB
2026/02/25 16:31:41.777, 0, NVIDIA A10G, 23 %, 8 %, 2049 MiB, 23028 MiB
2026/02/25 16:31:41.778, 1, NVIDIA A10G, 0 %, 0 %, 0 MiB, 23028 MiB
2026/02/25 16:31:41.778, 2, NVIDIA A10G, 0 %, 0 %, 0 MiB, 23028 MiB
2026/02/25 16:31:41.778, 3, NVIDIA A10G, 0 %, 0 %, 0 MiB, 23028 MiB
2026/02/25 16:31:42.778, 0, NVIDIA A10G, 20 %, 7 %, 2049 MiB, 23028 MiB
2026/02/25 16:31:42.778, 1, NVIDIA A10G, 0 %, 0 %, 0 MiB, 23028 MiB
2026/02/25 16:31:42.778, 2, NVIDIA A10G, 0 %, 0 %, 0 MiB, 23028 MiB
2026/02/25 16:31:42.778, 3, NVIDIA A10G, 0 %, 0 %, 0 MiB, 23028 MiB
2026/02/25 16:31:43.778, 0, NVIDIA A10G, 22 %, 8 %, 2049 MiB, 23028 MiB
2026/02/25 16:31:43.778, 1, NVIDIA A10G, 0 %, 0 %, 0 MiB, 23028 MiB
2026/02/25 16:31:43.778, 2, NVIDIA A10G, 0 %, 0 %, 0 MiB, 23028 MiB
2026/02/25 16:31:43.778, 3, NVIDIA A10G, 0 %, 0 %, 0 MiB, 23028 MiB
2026/02/25 16:31:44.778, 0, NVIDIA A10G, 20 %, 7 %, 2049 MiB, 23028 MiB
2026/02/25 16:31:44.778, 1, NVIDIA A10G, 0 %, 0 %, 0 MiB, 23028 MiB
2026/02/25 16:31:44.779, 2, NVIDIA A10G, 0 %, 0 %, 0 MiB, 23028 MiB
2026/02/25 16:31:44.779, 3, NVIDIA A10G, 0 %, 0 %, 0 MiB, 23028 MiB
2026/02/25 16:31:45.779, 0, NVIDIA A10G, 0 %, 0 %, 2049 MiB, 23028 MiB
2026/02/25 16:31:45.779, 1, NVIDIA A10G, 0 %, 0 %, 0 MiB, 23028 MiB
2026/02/25 16:31:45.779, 2, NVIDIA A10G, 0 %, 0 %, 0 MiB, 23028 MiB
2026/02/25 16:31:45.779, 3, NVIDIA A10G, 0 %, 0 %, 0 MiB, 23028 MiB
2026/02/25 16:31:46.779, 0, NVIDIA A10G, 0 %, 0 %, 2049 MiB, 23028 MiB
2026/02/25 16:31:46.779, 1, NVIDIA A10G, 0 %, 0 %, 0 MiB, 23028 MiB
2026/02/25 16:31:46.779, 2, NVIDIA A10G, 0 %, 0 %, 0 MiB, 23028 MiB
2026/02/25 16:31:46.779, 3, NVIDIA A10G, 0 %, 0 %, 0 MiB, 23028 MiB
2026/02/25 16:31:47.779, 0, NVIDIA A10G, 0 %, 0 %, 2049 MiB, 23028 MiB
2026/02/25 16:31:47.780, 1, NVIDIA A10G, 0 %, 0 %, 0 MiB, 23028 MiB
2026/02/25 16:31:47.780, 2, NVIDIA A10G, 0 %, 0 %, 0 MiB, 23028 MiB
2026/02/25 16:31:47.780, 3, NVIDIA A10G, 0 %, 0 %, 0 MiB, 23028 MiB
2026/02/25 16:31:48.780, 0, NVIDIA A10G, 0 %, 0 %, 2049 MiB, 23028 MiB
2026/02/25 16:31:48.780, 1, NVIDIA A10G, 0 %, 0 %, 0 MiB, 23028 MiB
2026/02/25 16:31:48.780, 2, NVIDIA A10G, 0 %, 0 %, 0 MiB, 23028 MiB
2026/02/25 16:31:48.780, 3, NVIDIA A10G, 0 %, 0 %, 0 MiB, 23028 MiB
2026/02/25 16:31:49.780, 0, NVIDIA A10G, 0 %, 0 %, 2049 MiB, 23028 MiB
2026/02/25 16:31:49.780, 1, NVIDIA A10G, 0 %, 0 %, 0 MiB, 23028 MiB
2026/02/25 16:31:49.780, 2, NVIDIA A10G, 0 %, 0 %, 0 MiB, 23028 MiB
2026/02/25 16:31:49.780, 3, NVIDIA A10G, 0 %, 0 %, 0 MiB, 23028 MiB
2026/02/25 16:31:50.781, 0, NVIDIA A10G, 0 %, 0 %, 2049 MiB, 23028 MiB
2026/02/25 16:31:50.781, 1, NVIDIA A10G, 0 %, 0 %, 0 MiB, 23028 MiB
2026/02/25 16:31:50.781, 2, NVIDIA A10G, 0 %, 0 %, 0 MiB, 23028 MiB
2026/02/25 16:31:50.781, 3, NVIDIA A10G, 0 %, 0 %, 0 MiB, 23028 MiB
2026/02/25 16:31:51.781, 0, NVIDIA A10G, 0 %, 0 %, 2049 MiB, 23028 MiB
2026/02/25 16:31:51.781, 1, NVIDIA A10G, 0 %, 0 %, 0 MiB, 23028 MiB
2026/02/25 16:31:51.781, 2, NVIDIA A10G, 0 %, 0 %, 0 MiB, 23028 MiB
2026/02/25 16:31:51.781, 3, NVIDIA A10G, 0 %, 0 %, 0 MiB, 23028 MiB
2026/02/25 16:31:52.781, 0, NVIDIA A10G, 0 %, 0 %, 2049 MiB, 23028 MiB
2026/02/25 16:31:52.781, 1, NVIDIA A10G, 0 %, 0 %, 0 MiB, 23028 MiB
2026/02/25 16:31:52.781, 2, NVIDIA A10G, 0 %, 0 %, 0 MiB, 23028 MiB
2026/02/25 16:31:52.781, 3, NVIDIA A10G, 0 %, 0 %, 0 MiB, 23028 MiB
2026/02/25 16:31:53.782, 0, NVIDIA A10G, 0 %, 0 %, 2049 MiB, 23028 MiB
2026/02/25 16:31:53.782, 1, NVIDIA A10G, 0 %, 0 %, 0 MiB, 23028 MiB
2026/02/25 16:31:53.782, 2, NVIDIA A10G, 0 %, 0 %, 0 MiB, 23028 MiB
2026/02/25 16:31:53.782, 3, NVIDIA A10G, 0 %, 0 %, 0 MiB, 23028 MiB
2026/02/25 16:31:54.782, 0, NVIDIA A10G, 0 %, 0 %, 2049 MiB, 23028 MiB
2026/02/25 16:31:54.782, 1, NVIDIA A10G, 0 %, 0 %, 0 MiB, 23028 MiB
2026/02/25 16:31:54.782, 2, NVIDIA A10G, 0 %, 0 %, 0 MiB, 23028 MiB
2026/02/25 16:31:54.782, 3, NVIDIA A10G, 0 %, 0 %, 0 MiB, 23028 MiB
2026/02/25 16:31:55.782, 0, NVIDIA A10G, 100 %, 70 %, 2049 MiB, 23028 MiB
2026/02/25 16:31:55.782, 1, NVIDIA A10G, 0 %, 0 %, 0 MiB, 23028 MiB
2026/02/25 16:31:55.782, 2, NVIDIA A10G, 0 %, 0 %, 0 MiB, 23028 MiB
2026/02/25 16:31:55.783, 3, NVIDIA A10G, 0 %, 0 %, 0 MiB, 23028 MiB
2026/02/25 16:31:56.783, 0, NVIDIA A10G, 0 %, 0 %, 2049 MiB, 23028 MiB
2026/02/25 16:31:56.783, 1, NVIDIA A10G, 0 %, 0 %, 0 MiB, 23028 MiB
2026/02/25 16:31:56.783, 2, NVIDIA A10G, 0 %, 0 %, 0 MiB, 23028 MiB
2026/02/25 16:31:56.783, 3, NVIDIA A10G, 0 %, 0 %, 0 MiB, 23028 MiB
2026/02/25 16:31:57.783, 0, NVIDIA A10G, 22 %, 7 %, 2049 MiB, 23028 MiB
2026/02/25 16:31:57.783, 1, NVIDIA A10G, 0 %, 0 %, 0 MiB, 23028 MiB
2026/02/25 16:31:57.783, 2, NVIDIA A10G, 0 %, 0 %, 0 MiB, 23028 MiB
2026/02/25 16:31:57.783, 3, NVIDIA A10G, 0 %, 0 %, 0 MiB, 23028 MiB
2026/02/25 16:31:58.783, 0, NVIDIA A10G, 20 %, 6 %, 2049 MiB, 23028 MiB
2026/02/25 16:31:58.783, 1, NVIDIA A10G, 0 %, 0 %, 0 MiB, 23028 MiB
2026/02/25 16:31:58.783, 2, NVIDIA A10G, 0 %, 0 %, 0 MiB, 23028 MiB
2026/02/25 16:31:58.783, 3, NVIDIA A10G, 0 %, 0 %, 0 MiB, 23028 MiB
2026/02/25 16:31:59.783, 0, NVIDIA A10G, 23 %, 8 %, 2049 MiB, 23028 MiB
2026/02/25 16:31:59.784, 1, NVIDIA A10G, 0 %, 0 %, 0 MiB, 23028 MiB
2026/02/25 16:31:59.784, 2, NVIDIA A10G, 0 %, 0 %, 0 MiB, 23028 MiB
2026/02/25 16:31:59.784, 3, NVIDIA A10G, 0 %, 0 %, 0 MiB, 23028 MiB
2026/02/25 16:32:00.784, 0, NVIDIA A10G, 22 %, 7 %, 2049 MiB, 23028 MiB
2026/02/25 16:32:00.784, 1, NVIDIA A10G, 0 %, 0 %, 0 MiB, 23028 MiB
2026/02/25 16:32:00.784, 2, NVIDIA A10G, 0 %, 0 %, 0 MiB, 23028 MiB
2026/02/25 16:32:00.784, 3, NVIDIA A10G, 0 %, 0 %, 0 MiB, 23028 MiB
2026/02/25 16:32:01.784, 0, NVIDIA A10G, 23 %, 8 %, 2049 MiB, 23028 MiB
2026/02/25 16:32:01.784, 1, NVIDIA A10G, 0 %, 0 %, 0 MiB, 23028 MiB
2026/02/25 16:32:01.784, 2, NVIDIA A10G, 0 %, 0 %, 0 MiB, 23028 MiB
2026/02/25 16:32:01.784, 3, NVIDIA A10G, 0 %, 0 %, 0 MiB, 23028 MiB
2026/02/25 16:32:02.784, 0, NVIDIA A10G, 22 %, 7 %, 2049 MiB, 23028 MiB
2026/02/25 16:32:02.784, 1, NVIDIA A10G, 0 %, 0 %, 0 MiB, 23028 MiB
2026/02/25 16:32:02.784, 2, NVIDIA A10G, 0 %, 0 %, 0 MiB, 23028 MiB
2026/02/25 16:32:02.785, 3, NVIDIA A10G, 0 %, 0 %, 0 MiB, 23028 MiB
2026/02/25 16:32:03.785, 0, NVIDIA A10G, 23 %, 8 %, 2049 MiB, 23028 MiB
2026/02/25 16:32:03.785, 1, NVIDIA A10G, 0 %, 0 %, 0 MiB, 23028 MiB
2026/02/25 16:32:03.785, 2, NVIDIA A10G, 0 %, 0 %, 0 MiB, 23028 MiB
2026/02/25 16:32:03.785, 3, NVIDIA A10G, 0 %, 0 %, 0 MiB, 23028 MiB
2026/02/25 16:32:04.785, 0, NVIDIA A10G, 22 %, 7 %, 2049 MiB, 23028 MiB
2026/02/25 16:32:04.785, 1, NVIDIA A10G, 0 %, 0 %, 0 MiB, 23028 MiB
2026/02/25 16:32:04.785, 2, NVIDIA A10G, 0 %, 0 %, 0 MiB, 23028 MiB
2026/02/25 16:32:04.785, 3, NVIDIA A10G, 0 %, 0 %, 0 MiB, 23028 MiB
2026/02/25 16:32:05.785, 0, NVIDIA A10G, 24 %, 9 %, 2049 MiB, 23028 MiB
2026/02/25 16:32:05.785, 1, NVIDIA A10G, 0 %, 0 %, 0 MiB, 23028 MiB
2026/02/25 16:32:05.785, 2, NVIDIA A10G, 0 %, 0 %, 0 MiB, 23028 MiB
2026/02/25 16:32:05.786, 3, NVIDIA A10G, 0 %, 0 %, 0 MiB, 23028 MiB
2026/02/25 16:32:06.786, 0, NVIDIA A10G, 22 %, 8 %, 2049 MiB, 23028 MiB
2026/02/25 16:32:06.786, 1, NVIDIA A10G, 0 %, 0 %, 0 MiB, 23028 MiB
2026/02/25 16:32:06.786, 2, NVIDIA A10G, 0 %, 0 %, 0 MiB, 23028 MiB
2026/02/25 16:32:06.786, 3, NVIDIA A10G, 0 %, 0 %, 0 MiB, 23028 MiB
2026/02/25 16:32:07.786, 0, NVIDIA A10G, 22 %, 7 %, 2049 MiB, 23028 MiB
2026/02/25 16:32:07.786, 1, NVIDIA A10G, 0 %, 0 %, 0 MiB, 23028 MiB
2026/02/25 16:32:07.786, 2, NVIDIA A10G, 0 %, 0 %, 0 MiB, 23028 MiB
2026/02/25 16:32:07.786, 3, NVIDIA A10G, 0 %, 0 %, 0 MiB, 23028 MiB
2026/02/25 16:32:08.786, 0, NVIDIA A10G, 0 %, 0 %, 2049 MiB, 23028 MiB
2026/02/25 16:32:08.786, 1, NVIDIA A10G, 0 %, 0 %, 0 MiB, 23028 MiB
2026/02/25 16:32:08.786, 2, NVIDIA A10G, 0 %, 0 %, 0 MiB, 23028 MiB
2026/02/25 16:32:08.786, 3, NVIDIA A10G, 0 %, 0 %, 0 MiB, 23028 MiB
2026/02/25 16:32:09.787, 0, NVIDIA A10G, 0 %, 0 %, 2049 MiB, 23028 MiB
2026/02/25 16:32:09.787, 1, NVIDIA A10G, 0 %, 0 %, 0 MiB, 23028 MiB
2026/02/25 16:32:09.787, 2, NVIDIA A10G, 0 %, 0 %, 0 MiB, 23028 MiB
2026/02/25 16:32:09.787, 3, NVIDIA A10G, 0 %, 0 %, 0 MiB, 23028 MiB
2026/02/25 16:32:10.787, 0, NVIDIA A10G, 0 %, 0 %, 2049 MiB, 23028 MiB
2026/02/25 16:32:10.787, 1, NVIDIA A10G, 0 %, 0 %, 0 MiB, 23028 MiB
2026/02/25 16:32:10.787, 2, NVIDIA A10G, 0 %, 0 %, 0 MiB, 23028 MiB
2026/02/25 16:32:10.787, 3, NVIDIA A10G, 0 %, 0 %, 0 MiB, 23028 MiB
2026/02/25 16:32:11.787, 0, NVIDIA A10G, 0 %, 0 %, 2049 MiB, 23028 MiB
2026/02/25 16:32:11.788, 1, NVIDIA A10G, 0 %, 0 %, 0 MiB, 23028 MiB
2026/02/25 16:32:11.788, 2, NVIDIA A10G, 0 %, 0 %, 0 MiB, 23028 MiB
2026/02/25 16:32:11.788, 3, NVIDIA A10G, 0 %, 0 %, 0 MiB, 23028 MiB
2026/02/25 16:32:12.788, 0, NVIDIA A10G, 0 %, 0 %, 2049 MiB, 23028 MiB
2026/02/25 16:32:12.788, 1, NVIDIA A10G, 0 %, 0 %, 0 MiB, 23028 MiB
2026/02/25 16:32:12.788, 2, NVIDIA A10G, 0 %, 0 %, 0 MiB, 23028 MiB
2026/02/25 16:32:12.788, 3, NVIDIA A10G, 0 %, 0 %, 0 MiB, 23028 MiB
2026/02/25 16:32:13.788, 0, NVIDIA A10G, 0 %, 0 %, 2049 MiB, 23028 MiB
2026/02/25 16:32:13.788, 1, NVIDIA A10G, 0 %, 0 %, 0 MiB, 23028 MiB
2026/02/25 16:32:13.788, 2, NVIDIA A10G, 0 %, 0 %, 0 MiB, 23028 MiB
2026/02/25 16:32:13.788, 3, NVIDIA A10G, 0 %, 0 %, 0 MiB, 23028 MiB
2026/02/25 16:32:14.788, 0, NVIDIA A10G, 0 %, 0 %, 2049 MiB, 23028 MiB
2026/02/25 16:32:14.788, 1, NVIDIA A10G, 0 %, 0 %, 0 MiB, 23028 MiB
2026/02/25 16:32:14.788, 2, NVIDIA A10G, 0 %, 0 %, 0 MiB, 23028 MiB
2026/02/25 16:32:14.788, 3, NVIDIA A10G, 0 %, 0 %, 0 MiB, 23028 MiB
2026/02/25 16:32:15.788, 0, NVIDIA A10G, 0 %, 0 %, 2049 MiB, 23028 MiB
2026/02/25 16:32:15.789, 1, NVIDIA A10G, 0 %, 0 %, 0 MiB, 23028 MiB
2026/02/25 16:32:15.789, 2, NVIDIA A10G, 0 %, 0 %, 0 MiB, 23028 MiB
2026/02/25 16:32:15.789, 3, NVIDIA A10G, 0 %, 0 %, 0 MiB, 23028 MiB
2026/02/25 16:32:16.789, 0, NVIDIA A10G, 22 %, 7 %, 2049 MiB, 23028 MiB
2026/02/25 16:32:16.789, 1, NVIDIA A10G, 0 %, 0 %, 0 MiB, 23028 MiB
2026/02/25 16:32:16.789, 2, NVIDIA A10G, 0 %, 0 %, 0 MiB, 23028 MiB
2026/02/25 16:32:16.789, 3, NVIDIA A10G, 0 %, 0 %, 0 MiB, 23028 MiB
2026/02/25 16:32:17.789, 0, NVIDIA A10G, 22 %, 7 %, 2049 MiB, 23028 MiB
2026/02/25 16:32:17.789, 1, NVIDIA A10G, 0 %, 0 %, 0 MiB, 23028 MiB
2026/02/25 16:32:17.789, 2, NVIDIA A10G, 0 %, 0 %, 0 MiB, 23028 MiB
2026/02/25 16:32:17.789, 3, NVIDIA A10G, 0 %, 0 %, 0 MiB, 23028 MiB
2026/02/25 16:32:18.790, 0, NVIDIA A10G, 23 %, 8 %, 2049 MiB, 23028 MiB
2026/02/25 16:32:18.790, 1, NVIDIA A10G, 0 %, 0 %, 0 MiB, 23028 MiB
2026/02/25 16:32:18.790, 2, NVIDIA A10G, 0 %, 0 %, 0 MiB, 23028 MiB
2026/02/25 16:32:18.790, 3, NVIDIA A10G, 0 %, 0 %, 0 MiB, 23028 MiB
2026/02/25 16:32:19.790, 0, NVIDIA A10G, 22 %, 8 %, 2049 MiB, 23028 MiB
2026/02/25 16:32:19.790, 1, NVIDIA A10G, 0 %, 0 %, 0 MiB, 23028 MiB
2026/02/25 16:32:19.790, 2, NVIDIA A10G, 0 %, 0 %, 0 MiB, 23028 MiB
2026/02/25 16:32:19.790, 3, NVIDIA A10G, 0 %, 0 %, 0 MiB, 23028 MiB
2026/02/25 16:32:20.790, 0, NVIDIA A10G, 22 %, 7 %, 2049 MiB, 23028 MiB
2026/02/25 16:32:20.790, 1, NVIDIA A10G, 0 %, 0 %, 0 MiB, 23028 MiB
2026/02/25 16:32:20.790, 2, NVIDIA A10G, 0 %, 0 %, 0 MiB, 23028 MiB
2026/02/25 16:32:20.790, 3, NVIDIA A10G, 0 %, 0 %, 0 MiB, 23028 MiB
2026/02/25 16:32:21.790, 0, NVIDIA A10G, 22 %, 7 %, 2049 MiB, 23028 MiB
2026/02/25 16:32:21.790, 1, NVIDIA A10G, 0 %, 0 %, 0 MiB, 23028 MiB
2026/02/25 16:32:21.790, 2, NVIDIA A10G, 0 %, 0 %, 0 MiB, 23028 MiB
2026/02/25 16:32:21.791, 3, NVIDIA A10G, 0 %, 0 %, 0 MiB, 23028 MiB
2026/02/25 16:32:22.791, 0, NVIDIA A10G, 24 %, 9 %, 2049 MiB, 23028 MiB
2026/02/25 16:32:22.791, 1, NVIDIA A10G, 0 %, 0 %, 0 MiB, 23028 MiB
2026/02/25 16:32:22.791, 2, NVIDIA A10G, 0 %, 0 %, 0 MiB, 23028 MiB
2026/02/25 16:32:22.791, 3, NVIDIA A10G, 0 %, 0 %, 0 MiB, 23028 MiB
2026/02/25 16:32:23.791, 0, NVIDIA A10G, 23 %, 8 %, 2049 MiB, 23028 MiB
2026/02/25 16:32:23.791, 1, NVIDIA A10G, 0 %, 0 %, 0 MiB, 23028 MiB
2026/02/25 16:32:23.791, 2, NVIDIA A10G, 0 %, 0 %, 0 MiB, 23028 MiB
2026/02/25 16:32:23.791, 3, NVIDIA A10G, 0 %, 0 %, 0 MiB, 23028 MiB
2026/02/25 16:32:24.791, 0, NVIDIA A10G, 0 %, 0 %, 2049 MiB, 23028 MiB
2026/02/25 16:32:24.791, 1, NVIDIA A10G, 0 %, 0 %, 0 MiB, 23028 MiB
2026/02/25 16:32:24.791, 2, NVIDIA A10G, 0 %, 0 %, 0 MiB, 23028 MiB
2026/02/25 16:32:24.791, 3, NVIDIA A10G, 0 %, 0 %, 0 MiB, 23028 MiB
2026/02/25 16:32:25.791, 0, NVIDIA A10G, 0 %, 0 %, 2049 MiB, 23028 MiB
2026/02/25 16:32:25.792, 1, NVIDIA A10G, 0 %, 0 %, 0 MiB, 23028 MiB
2026/02/25 16:32:25.792, 2, NVIDIA A10G, 0 %, 0 %, 0 MiB, 23028 MiB
2026/02/25 16:32:25.792, 3, NVIDIA A10G, 0 %, 0 %, 0 MiB, 23028 MiB
2026/02/25 16:32:26.792, 0, NVIDIA A10G, 0 %, 0 %, 2049 MiB, 23028 MiB
2026/02/25 16:32:26.792, 1, NVIDIA A10G, 0 %, 0 %, 0 MiB, 23028 MiB
2026/02/25 16:32:26.792, 2, NVIDIA A10G, 0 %, 0 %, 0 MiB, 23028 MiB
2026/02/25 16:32:26.792, 3, NVIDIA A10G, 0 %, 0 %, 0 MiB, 23028 MiB
2026/02/25 16:32:27.792, 0, NVIDIA A10G, 0 %, 0 %, 2049 MiB, 23028 MiB
2026/02/25 16:32:27.792, 1, NVIDIA A10G, 0 %, 0 %, 0 MiB, 23028 MiB
2026/02/25 16:32:27.792, 2, NVIDIA A10G, 0 %, 0 %, 0 MiB, 23028 MiB
2026/02/25 16:32:27.792, 3, NVIDIA A10G, 0 %, 0 %, 0 MiB, 23028 MiB
2026/02/25 16:32:28.792, 0, NVIDIA A10G, 100 %, 69 %, 2049 MiB, 23028 MiB
2026/02/25 16:32:28.792, 1, NVIDIA A10G, 0 %, 0 %, 0 MiB, 23028 MiB
2026/02/25 16:32:28.792, 2, NVIDIA A10G, 0 %, 0 %, 0 MiB, 23028 MiB
2026/02/25 16:32:28.792, 3, NVIDIA A10G, 0 %, 0 %, 0 MiB, 23028 MiB
2026/02/25 16:32:29.793, 0, NVIDIA A10G, 22 %, 8 %, 2049 MiB, 23028 MiB
2026/02/25 16:32:29.793, 1, NVIDIA A10G, 0 %, 0 %, 0 MiB, 23028 MiB
2026/02/25 16:32:29.793, 2, NVIDIA A10G, 0 %, 0 %, 0 MiB, 23028 MiB
2026/02/25 16:32:29.793, 3, NVIDIA A10G, 0 %, 0 %, 0 MiB, 23028 MiB
2026/02/25 16:32:30.793, 0, NVIDIA A10G, 22 %, 7 %, 2049 MiB, 23028 MiB
2026/02/25 16:32:30.793, 1, NVIDIA A10G, 0 %, 0 %, 0 MiB, 23028 MiB
2026/02/25 16:32:30.793, 2, NVIDIA A10G, 0 %, 0 %, 0 MiB, 23028 MiB
2026/02/25 16:32:30.793, 3, NVIDIA A10G, 0 %, 0 %, 0 MiB, 23028 MiB
2026/02/25 16:32:31.793, 0, NVIDIA A10G, 23 %, 8 %, 2049 MiB, 23028 MiB
2026/02/25 16:32:31.793, 1, NVIDIA A10G, 0 %, 0 %, 0 MiB, 23028 MiB
2026/02/25 16:32:31.793, 2, NVIDIA A10G, 0 %, 0 %, 0 MiB, 23028 MiB
2026/02/25 16:32:31.793, 3, NVIDIA A10G, 0 %, 0 %, 0 MiB, 23028 MiB
2026/02/25 16:32:32.793, 0, NVIDIA A10G, 22 %, 7 %, 2049 MiB, 23028 MiB
2026/02/25 16:32:32.794, 1, NVIDIA A10G, 0 %, 0 %, 0 MiB, 23028 MiB
2026/02/25 16:32:32.794, 2, NVIDIA A10G, 0 %, 0 %, 0 MiB, 23028 MiB
2026/02/25 16:32:32.794, 3, NVIDIA A10G, 0 %, 0 %, 0 MiB, 23028 MiB
2026/02/25 16:32:33.794, 0, NVIDIA A10G, 0 %, 0 %, 2049 MiB, 23028 MiB
2026/02/25 16:32:33.794, 1, NVIDIA A10G, 0 %, 0 %, 0 MiB, 23028 MiB
2026/02/25 16:32:33.794, 2, NVIDIA A10G, 0 %, 0 %, 0 MiB, 23028 MiB
2026/02/25 16:32:33.794, 3, NVIDIA A10G, 0 %, 0 %, 0 MiB, 23028 MiB
2026/02/25 16:32:34.794, 0, NVIDIA A10G, 0 %, 0 %, 2049 MiB, 23028 MiB
2026/02/25 16:32:34.794, 1, NVIDIA A10G, 0 %, 0 %, 0 MiB, 23028 MiB
2026/02/25 16:32:34.794, 2, NVIDIA A10G, 0 %, 0 %, 0 MiB, 23028 MiB
2026/02/25 16:32:34.794, 3, NVIDIA A10G, 0 %, 0 %, 0 MiB, 23028 MiB
2026/02/25 16:32:35.794, 0, NVIDIA A10G, 0 %, 0 %, 2049 MiB, 23028 MiB
2026/02/25 16:32:35.794, 1, NVIDIA A10G, 0 %, 0 %, 0 MiB, 23028 MiB
2026/02/25 16:32:35.794, 2, NVIDIA A10G, 0 %, 0 %, 0 MiB, 23028 MiB
2026/02/25 16:32:35.794, 3, NVIDIA A10G, 0 %, 0 %, 0 MiB, 23028 MiB
2026/02/25 16:32:36.795, 0, NVIDIA A10G, 0 %, 0 %, 2049 MiB, 23028 MiB
2026/02/25 16:32:36.795, 1, NVIDIA A10G, 0 %, 0 %, 0 MiB, 23028 MiB
2026/02/25 16:32:36.795, 2, NVIDIA A10G, 0 %, 0 %, 0 MiB, 23028 MiB
2026/02/25 16:32:36.795, 3, NVIDIA A10G, 0 %, 0 %, 0 MiB, 23028 MiB
2026/02/25 16:32:37.795, 0, NVIDIA A10G, 0 %, 0 %, 2049 MiB, 23028 MiB
2026/02/25 16:32:37.795, 1, NVIDIA A10G, 0 %, 0 %, 0 MiB, 23028 MiB
2026/02/25 16:32:37.795, 2, NVIDIA A10G, 0 %, 0 %, 0 MiB, 23028 MiB
2026/02/25 16:32:37.795, 3, NVIDIA A10G, 0 %, 0 %, 0 MiB, 23028 MiB
2026/02/25 16:32:38.795, 0, NVIDIA A10G, 0 %, 0 %, 2049 MiB, 23028 MiB
2026/02/25 16:32:38.795, 1, NVIDIA A10G, 0 %, 0 %, 0 MiB, 23028 MiB
2026/02/25 16:32:38.795, 2, NVIDIA A10G, 0 %, 0 %, 0 MiB, 23028 MiB
2026/02/25 16:32:38.795, 3, NVIDIA A10G, 0 %, 0 %, 0 MiB, 23028 MiB
2026/02/25 16:32:39.795, 0, NVIDIA A10G, 0 %, 0 %, 2049 MiB, 23028 MiB
2026/02/25 16:32:39.795, 1, NVIDIA A10G, 0 %, 0 %, 0 MiB, 23028 MiB
2026/02/25 16:32:39.795, 2, NVIDIA A10G, 0 %, 0 %, 0 MiB, 23028 MiB
2026/02/25 16:32:39.796, 3, NVIDIA A10G, 0 %, 0 %, 0 MiB, 23028 MiB
2026/02/25 16:32:40.796, 0, NVIDIA A10G, 0 %, 0 %, 2049 MiB, 23028 MiB
2026/02/25 16:32:40.796, 1, NVIDIA A10G, 0 %, 0 %, 0 MiB, 23028 MiB
2026/02/25 16:32:40.796, 2, NVIDIA A10G, 0 %, 0 %, 0 MiB, 23028 MiB
2026/02/25 16:32:40.796, 3, NVIDIA A10G, 0 %, 0 %, 0 MiB, 23028 MiB
2026/02/25 16:32:41.796, 0, NVIDIA A10G, 0 %, 0 %, 2049 MiB, 23028 MiB
2026/02/25 16:32:41.796, 1, NVIDIA A10G, 0 %, 0 %, 0 MiB, 23028 MiB
2026/02/25 16:32:41.796, 2, NVIDIA A10G, 0 %, 0 %, 0 MiB, 23028 MiB
2026/02/25 16:32:41.796, 3, NVIDIA A10G, 0 %, 0 %, 0 MiB, 23028 MiB
2026/02/25 16:32:42.796, 0, NVIDIA A10G, 0 %, 0 %, 2049 MiB, 23028 MiB
2026/02/25 16:32:42.796, 1, NVIDIA A10G, 0 %, 0 %, 0 MiB, 23028 MiB
2026/02/25 16:32:42.796, 2, NVIDIA A10G, 0 %, 0 %, 0 MiB, 23028 MiB
2026/02/25 16:32:42.796, 3, NVIDIA A10G, 0 %, 0 %, 0 MiB, 23028 MiB
2026/02/25 16:32:43.796, 0, NVIDIA A10G, 0 %, 0 %, 2049 MiB, 23028 MiB
2026/02/25 16:32:43.797, 1, NVIDIA A10G, 0 %, 0 %, 0 MiB, 23028 MiB
2026/02/25 16:32:43.797, 2, NVIDIA A10G, 0 %, 0 %, 0 MiB, 23028 MiB
2026/02/25 16:32:43.797, 3, NVIDIA A10G, 0 %, 0 %, 0 MiB, 23028 MiB
2026/02/25 16:32:44.797, 0, NVIDIA A10G, 0 %, 0 %, 2049 MiB, 23028 MiB
2026/02/25 16:32:44.797, 1, NVIDIA A10G, 0 %, 0 %, 0 MiB, 23028 MiB
2026/02/25 16:32:44.797, 2, NVIDIA A10G, 0 %, 0 %, 0 MiB, 23028 MiB
2026/02/25 16:32:44.797, 3, NVIDIA A10G, 0 %, 0 %, 0 MiB, 23028 MiB
2026/02/25 16:32:45.797, 0, NVIDIA A10G, 23 %, 8 %, 2049 MiB, 23028 MiB
2026/02/25 16:32:45.797, 1, NVIDIA A10G, 0 %, 0 %, 0 MiB, 23028 MiB
2026/02/25 16:32:45.797, 2, NVIDIA A10G, 0 %, 0 %, 0 MiB, 23028 MiB
2026/02/25 16:32:45.797, 3, NVIDIA A10G, 0 %, 0 %, 0 MiB, 23028 MiB
2026/02/25 16:32:46.797, 0, NVIDIA A10G, 23 %, 8 %, 2049 MiB, 23028 MiB
2026/02/25 16:32:46.798, 1, NVIDIA A10G, 0 %, 0 %, 0 MiB, 23028 MiB
2026/02/25 16:32:46.798, 2, NVIDIA A10G, 0 %, 0 %, 0 MiB, 23028 MiB
2026/02/25 16:32:46.798, 3, NVIDIA A10G, 0 %, 0 %, 0 MiB, 23028 MiB
2026/02/25 16:32:47.798, 0, NVIDIA A10G, 24 %, 9 %, 2049 MiB, 23028 MiB
2026/02/25 16:32:47.798, 1, NVIDIA A10G, 0 %, 0 %, 0 MiB, 23028 MiB
2026/02/25 16:32:47.798, 2, NVIDIA A10G, 0 %, 0 %, 0 MiB, 23028 MiB
2026/02/25 16:32:47.798, 3, NVIDIA A10G, 0 %, 0 %, 0 MiB, 23028 MiB
2026/02/25 16:32:48.798, 0, NVIDIA A10G, 22 %, 8 %, 2049 MiB, 23028 MiB
2026/02/25 16:32:48.798, 1, NVIDIA A10G, 0 %, 0 %, 0 MiB, 23028 MiB
2026/02/25 16:32:48.798, 2, NVIDIA A10G, 0 %, 0 %, 0 MiB, 23028 MiB
2026/02/25 16:32:48.798, 3, NVIDIA A10G, 0 %, 0 %, 0 MiB, 23028 MiB
2026/02/25 16:32:49.798, 0, NVIDIA A10G, 23 %, 8 %, 2049 MiB, 23028 MiB
2026/02/25 16:32:49.798, 1, NVIDIA A10G, 0 %, 0 %, 0 MiB, 23028 MiB
2026/02/25 16:32:49.799, 2, NVIDIA A10G, 0 %, 0 %, 0 MiB, 23028 MiB
2026/02/25 16:32:49.799, 3, NVIDIA A10G, 0 %, 0 %, 0 MiB, 23028 MiB
2026/02/25 16:32:50.799, 0, NVIDIA A10G, 20 %, 7 %, 2049 MiB, 23028 MiB
2026/02/25 16:32:50.799, 1, NVIDIA A10G, 0 %, 0 %, 0 MiB, 23028 MiB
2026/02/25 16:32:50.799, 2, NVIDIA A10G, 0 %, 0 %, 0 MiB, 23028 MiB
2026/02/25 16:32:50.799, 3, NVIDIA A10G, 0 %, 0 %, 0 MiB, 23028 MiB
2026/02/25 16:32:51.799, 0, NVIDIA A10G, 20 %, 6 %, 2049 MiB, 23028 MiB
2026/02/25 16:32:51.799, 1, NVIDIA A10G, 0 %, 0 %, 0 MiB, 23028 MiB
2026/02/25 16:32:51.799, 2, NVIDIA A10G, 0 %, 0 %, 0 MiB, 23028 MiB
2026/02/25 16:32:51.799, 3, NVIDIA A10G, 0 %, 0 %, 0 MiB, 23028 MiB
2026/02/25 16:32:52.799, 0, NVIDIA A10G, 19 %, 6 %, 2049 MiB, 23028 MiB
2026/02/25 16:32:52.800, 1, NVIDIA A10G, 0 %, 0 %, 0 MiB, 23028 MiB
2026/02/25 16:32:52.800, 2, NVIDIA A10G, 0 %, 0 %, 0 MiB, 23028 MiB
2026/02/25 16:32:52.800, 3, NVIDIA A10G, 0 %, 0 %, 0 MiB, 23028 MiB
2026/02/25 16:32:53.800, 0, NVIDIA A10G, 23 %, 9 %, 2049 MiB, 23028 MiB
2026/02/25 16:32:53.800, 1, NVIDIA A10G, 0 %, 0 %, 0 MiB, 23028 MiB
2026/02/25 16:32:53.800, 2, NVIDIA A10G, 0 %, 0 %, 0 MiB, 23028 MiB
2026/02/25 16:32:53.800, 3, NVIDIA A10G, 0 %, 0 %, 0 MiB, 23028 MiB
2026/02/25 16:32:54.800, 0, NVIDIA A10G, 22 %, 8 %, 2049 MiB, 23028 MiB
2026/02/25 16:32:54.800, 1, NVIDIA A10G, 0 %, 0 %, 0 MiB, 23028 MiB
2026/02/25 16:32:54.800, 2, NVIDIA A10G, 0 %, 0 %, 0 MiB, 23028 MiB
2026/02/25 16:32:54.801, 3, NVIDIA A10G, 0 %, 0 %, 0 MiB, 23028 MiB
2026/02/25 16:32:55.801, 0, NVIDIA A10G, 24 %, 9 %, 2049 MiB, 23028 MiB
2026/02/25 16:32:55.801, 1, NVIDIA A10G, 0 %, 0 %, 0 MiB, 23028 MiB
2026/02/25 16:32:55.801, 2, NVIDIA A10G, 0 %, 0 %, 0 MiB, 23028 MiB
2026/02/25 16:32:55.801, 3, NVIDIA A10G, 0 %, 0 %, 0 MiB, 23028 MiB
2026/02/25 16:32:56.801, 0, NVIDIA A10G, 22 %, 8 %, 2049 MiB, 23028 MiB
2026/02/25 16:32:56.801, 1, NVIDIA A10G, 0 %, 0 %, 0 MiB, 23028 MiB
2026/02/25 16:32:56.801, 2, NVIDIA A10G, 0 %, 0 %, 0 MiB, 23028 MiB
2026/02/25 16:32:56.801, 3, NVIDIA A10G, 0 %, 0 %, 0 MiB, 23028 MiB
2026/02/25 16:32:57.801, 0, NVIDIA A10G, 0 %, 0 %, 2049 MiB, 23028 MiB
2026/02/25 16:32:57.801, 1, NVIDIA A10G, 0 %, 0 %, 0 MiB, 23028 MiB
2026/02/25 16:32:57.801, 2, NVIDIA A10G, 0 %, 0 %, 0 MiB, 23028 MiB
2026/02/25 16:32:57.801, 3, NVIDIA A10G, 0 %, 0 %, 0 MiB, 23028 MiB
2026/02/25 16:32:58.802, 0, NVIDIA A10G, 0 %, 0 %, 2049 MiB, 23028 MiB
2026/02/25 16:32:58.802, 1, NVIDIA A10G, 0 %, 0 %, 0 MiB, 23028 MiB
2026/02/25 16:32:58.802, 2, NVIDIA A10G, 0 %, 0 %, 0 MiB, 23028 MiB
2026/02/25 16:32:58.802, 3, NVIDIA A10G, 0 %, 0 %, 0 MiB, 23028 MiB
2026/02/25 16:32:59.802, 0, NVIDIA A10G, 0 %, 0 %, 2049 MiB, 23028 MiB
2026/02/25 16:32:59.802, 1, NVIDIA A10G, 0 %, 0 %, 0 MiB, 23028 MiB
2026/02/25 16:32:59.802, 2, NVIDIA A10G, 0 %, 0 %, 0 MiB, 23028 MiB
2026/02/25 16:32:59.802, 3, NVIDIA A10G, 0 %, 0 %, 0 MiB, 23028 MiB
2026/02/25 16:33:00.802, 0, NVIDIA A10G, 0 %, 0 %, 2049 MiB, 23028 MiB
2026/02/25 16:33:00.802, 1, NVIDIA A10G, 0 %, 0 %, 0 MiB, 23028 MiB
2026/02/25 16:33:00.802, 2, NVIDIA A10G, 0 %, 0 %, 0 MiB, 23028 MiB
2026/02/25 16:33:00.802, 3, NVIDIA A10G, 0 %, 0 %, 0 MiB, 23028 MiB
2026/02/25 16:33:01.803, 0, NVIDIA A10G, 0 %, 0 %, 2049 MiB, 23028 MiB
2026/02/25 16:33:01.803, 1, NVIDIA A10G, 0 %, 0 %, 0 MiB, 23028 MiB
2026/02/25 16:33:01.803, 2, NVIDIA A10G, 0 %, 0 %, 0 MiB, 23028 MiB
2026/02/25 16:33:01.803, 3, NVIDIA A10G, 0 %, 0 %, 0 MiB, 23028 MiB
2026/02/25 16:33:02.803, 0, NVIDIA A10G, 0 %, 0 %, 2049 MiB, 23028 MiB
2026/02/25 16:33:02.803, 1, NVIDIA A10G, 0 %, 0 %, 0 MiB, 23028 MiB
2026/02/25 16:33:02.803, 2, NVIDIA A10G, 0 %, 0 %, 0 MiB, 23028 MiB
2026/02/25 16:33:02.803, 3, NVIDIA A10G, 0 %, 0 %, 0 MiB, 23028 MiB
2026/02/25 16:33:03.803, 0, NVIDIA A10G, 0 %, 0 %, 2049 MiB, 23028 MiB
2026/02/25 16:33:03.803, 1, NVIDIA A10G, 0 %, 0 %, 0 MiB, 23028 MiB
2026/02/25 16:33:03.803, 2, NVIDIA A10G, 0 %, 0 %, 0 MiB, 23028 MiB
2026/02/25 16:33:03.803, 3, NVIDIA A10G, 0 %, 0 %, 0 MiB, 23028 MiB
2026/02/25 16:33:04.803, 0, NVIDIA A10G, 0 %, 0 %, 2049 MiB, 23028 MiB
2026/02/25 16:33:04.804, 1, NVIDIA A10G, 0 %, 0 %, 0 MiB, 23028 MiB
2026/02/25 16:33:04.804, 2, NVIDIA A10G, 0 %, 0 %, 0 MiB, 23028 MiB
2026/02/25 16:33:04.804, 3, NVIDIA A10G, 0 %, 0 %, 0 MiB, 23028 MiB
2026/02/25 16:33:05.804, 0, NVIDIA A10G, 23 %, 7 %, 2049 MiB, 23028 MiB
2026/02/25 16:33:05.804, 1, NVIDIA A10G, 0 %, 0 %, 0 MiB, 23028 MiB
2026/02/25 16:33:05.804, 2, NVIDIA A10G, 0 %, 0 %, 0 MiB, 23028 MiB
2026/02/25 16:33:05.804, 3, NVIDIA A10G, 0 %, 0 %, 0 MiB, 23028 MiB
2026/02/25 16:33:06.804, 0, NVIDIA A10G, 22 %, 7 %, 2049 MiB, 23028 MiB
2026/02/25 16:33:06.804, 1, NVIDIA A10G, 0 %, 0 %, 0 MiB, 23028 MiB
2026/02/25 16:33:06.804, 2, NVIDIA A10G, 0 %, 0 %, 0 MiB, 23028 MiB
2026/02/25 16:33:06.804, 3, NVIDIA A10G, 0 %, 0 %, 0 MiB, 23028 MiB
2026/02/25 16:33:07.805, 0, NVIDIA A10G, 21 %, 7 %, 2049 MiB, 23028 MiB
2026/02/25 16:33:07.805, 1, NVIDIA A10G, 0 %, 0 %, 0 MiB, 23028 MiB
2026/02/25 16:33:07.805, 2, NVIDIA A10G, 0 %, 0 %, 0 MiB, 23028 MiB
2026/02/25 16:33:07.805, 3, NVIDIA A10G, 0 %, 0 %, 0 MiB, 23028 MiB
2026/02/25 16:33:08.805, 0, NVIDIA A10G, 20 %, 7 %, 2049 MiB, 23028 MiB
2026/02/25 16:33:08.805, 1, NVIDIA A10G, 0 %, 0 %, 0 MiB, 23028 MiB
2026/02/25 16:33:08.805, 2, NVIDIA A10G, 0 %, 0 %, 0 MiB, 23028 MiB
2026/02/25 16:33:08.805, 3, NVIDIA A10G, 0 %, 0 %, 0 MiB, 23028 MiB
2026/02/25 16:33:09.805, 0, NVIDIA A10G, 21 %, 7 %, 2049 MiB, 23028 MiB
2026/02/25 16:33:09.805, 1, NVIDIA A10G, 0 %, 0 %, 0 MiB, 23028 MiB
2026/02/25 16:33:09.805, 2, NVIDIA A10G, 0 %, 0 %, 0 MiB, 23028 MiB
2026/02/25 16:33:09.805, 3, NVIDIA A10G, 0 %, 0 %, 0 MiB, 23028 MiB
2026/02/25 16:33:10.806, 0, NVIDIA A10G, 21 %, 7 %, 2049 MiB, 23028 MiB
2026/02/25 16:33:10.806, 1, NVIDIA A10G, 0 %, 0 %, 0 MiB, 23028 MiB
2026/02/25 16:33:10.806, 2, NVIDIA A10G, 0 %, 0 %, 0 MiB, 23028 MiB
2026/02/25 16:33:10.806, 3, NVIDIA A10G, 0 %, 0 %, 0 MiB, 23028 MiB
2026/02/25 16:33:11.806, 0, NVIDIA A10G, 24 %, 9 %, 2049 MiB, 23028 MiB
2026/02/25 16:33:11.806, 1, NVIDIA A10G, 0 %, 0 %, 0 MiB, 23028 MiB
2026/02/25 16:33:11.806, 2, NVIDIA A10G, 0 %, 0 %, 0 MiB, 23028 MiB
2026/02/25 16:33:11.806, 3, NVIDIA A10G, 0 %, 0 %, 0 MiB, 23028 MiB
2026/02/25 16:33:12.806, 0, NVIDIA A10G, 21 %, 6 %, 2049 MiB, 23028 MiB
2026/02/25 16:33:12.806, 1, NVIDIA A10G, 0 %, 0 %, 0 MiB, 23028 MiB
2026/02/25 16:33:12.806, 2, NVIDIA A10G, 0 %, 0 %, 0 MiB, 23028 MiB
2026/02/25 16:33:12.806, 3, NVIDIA A10G, 0 %, 0 %, 0 MiB, 23028 MiB
2026/02/25 16:33:13.806, 0, NVIDIA A10G, 22 %, 8 %, 2049 MiB, 23028 MiB
2026/02/25 16:33:13.807, 1, NVIDIA A10G, 0 %, 0 %, 0 MiB, 23028 MiB
2026/02/25 16:33:13.807, 2, NVIDIA A10G, 0 %, 0 %, 0 MiB, 23028 MiB
2026/02/25 16:33:13.807, 3, NVIDIA A10G, 0 %, 0 %, 0 MiB, 23028 MiB
2026/02/25 16:33:14.807, 0, NVIDIA A10G, 6 %, 2 %, 2049 MiB, 23028 MiB
2026/02/25 16:33:14.807, 1, NVIDIA A10G, 0 %, 0 %, 0 MiB, 23028 MiB
2026/02/25 16:33:14.807, 2, NVIDIA A10G, 0 %, 0 %, 0 MiB, 23028 MiB
2026/02/25 16:33:14.807, 3, NVIDIA A10G, 0 %, 0 %, 0 MiB, 23028 MiB
2026/02/25 16:33:15.807, 0, NVIDIA A10G, 0 %, 0 %, 2049 MiB, 23028 MiB
2026/02/25 16:33:15.807, 1, NVIDIA A10G, 0 %, 0 %, 0 MiB, 23028 MiB
2026/02/25 16:33:15.807, 2, NVIDIA A10G, 0 %, 0 %, 0 MiB, 23028 MiB
2026/02/25 16:33:15.807, 3, NVIDIA A10G, 0 %, 0 %, 0 MiB, 23028 MiB
2026/02/25 16:33:16.807, 0, NVIDIA A10G, 0 %, 0 %, 2049 MiB, 23028 MiB
2026/02/25 16:33:16.807, 1, NVIDIA A10G, 0 %, 0 %, 0 MiB, 23028 MiB
2026/02/25 16:33:16.807, 2, NVIDIA A10G, 0 %, 0 %, 0 MiB, 23028 MiB
2026/02/25 16:33:16.807, 3, NVIDIA A10G, 0 %, 0 %, 0 MiB, 23028 MiB
2026/02/25 16:33:17.808, 0, NVIDIA A10G, 0 %, 0 %, 2049 MiB, 23028 MiB
2026/02/25 16:33:17.808, 1, NVIDIA A10G, 0 %, 0 %, 0 MiB, 23028 MiB
2026/02/25 16:33:17.808, 2, NVIDIA A10G, 0 %, 0 %, 0 MiB, 23028 MiB
2026/02/25 16:33:17.808, 3, NVIDIA A10G, 0 %, 0 %, 0 MiB, 23028 MiB
2026/02/25 16:33:18.808, 0, NVIDIA A10G, 0 %, 0 %, 2049 MiB, 23028 MiB
2026/02/25 16:33:18.808, 1, NVIDIA A10G, 0 %, 0 %, 0 MiB, 23028 MiB
2026/02/25 16:33:18.808, 2, NVIDIA A10G, 0 %, 0 %, 0 MiB, 23028 MiB
2026/02/25 16:33:18.808, 3, NVIDIA A10G, 0 %, 0 %, 0 MiB, 23028 MiB
2026/02/25 16:33:19.808, 0, NVIDIA A10G, 0 %, 0 %, 2049 MiB, 23028 MiB
2026/02/25 16:33:19.808, 1, NVIDIA A10G, 0 %, 0 %, 0 MiB, 23028 MiB
2026/02/25 16:33:19.808, 2, NVIDIA A10G, 0 %, 0 %, 0 MiB, 23028 MiB
2026/02/25 16:33:19.808, 3, NVIDIA A10G, 0 %, 0 %, 0 MiB, 23028 MiB
2026/02/25 16:33:20.808, 0, NVIDIA A10G, 94 %, 62 %, 2049 MiB, 23028 MiB
2026/02/25 16:33:20.809, 1, NVIDIA A10G, 0 %, 0 %, 0 MiB, 23028 MiB
2026/02/25 16:33:20.809, 2, NVIDIA A10G, 0 %, 0 %, 0 MiB, 23028 MiB
2026/02/25 16:33:20.809, 3, NVIDIA A10G, 0 %, 0 %, 0 MiB, 23028 MiB
2026/02/25 16:33:21.809, 0, NVIDIA A10G, 23 %, 8 %, 2049 MiB, 23028 MiB
2026/02/25 16:33:21.809, 1, NVIDIA A10G, 0 %, 0 %, 0 MiB, 23028 MiB
2026/02/25 16:33:21.809, 2, NVIDIA A10G, 0 %, 0 %, 0 MiB, 23028 MiB
2026/02/25 16:33:21.809, 3, NVIDIA A10G, 0 %, 0 %, 0 MiB, 23028 MiB
2026/02/25 16:33:22.809, 0, NVIDIA A10G, 23 %, 8 %, 2049 MiB, 23028 MiB
2026/02/25 16:33:22.809, 1, NVIDIA A10G, 0 %, 0 %, 0 MiB, 23028 MiB
2026/02/25 16:33:22.809, 2, NVIDIA A10G, 0 %, 0 %, 0 MiB, 23028 MiB
2026/02/25 16:33:22.809, 3, NVIDIA A10G, 0 %, 0 %, 0 MiB, 23028 MiB
2026/02/25 16:33:23.809, 0, NVIDIA A10G, 22 %, 7 %, 2049 MiB, 23028 MiB
2026/02/25 16:33:23.810, 1, NVIDIA A10G, 0 %, 0 %, 0 MiB, 23028 MiB
2026/02/25 16:33:23.810, 2, NVIDIA A10G, 0 %, 0 %, 0 MiB, 23028 MiB
2026/02/25 16:33:23.810, 3, NVIDIA A10G, 0 %, 0 %, 0 MiB, 23028 MiB
2026/02/25 16:33:24.810, 0, NVIDIA A10G, 23 %, 7 %, 2049 MiB, 23028 MiB
2026/02/25 16:33:24.810, 1, NVIDIA A10G, 0 %, 0 %, 0 MiB, 23028 MiB
2026/02/25 16:33:24.810, 2, NVIDIA A10G, 0 %, 0 %, 0 MiB, 23028 MiB
2026/02/25 16:33:24.810, 3, NVIDIA A10G, 0 %, 0 %, 0 MiB, 23028 MiB
2026/02/25 16:33:25.810, 0, NVIDIA A10G, 23 %, 7 %, 2049 MiB, 23028 MiB
2026/02/25 16:33:25.810, 1, NVIDIA A10G, 0 %, 0 %, 0 MiB, 23028 MiB
2026/02/25 16:33:25.810, 2, NVIDIA A10G, 0 %, 0 %, 0 MiB, 23028 MiB
2026/02/25 16:33:25.810, 3, NVIDIA A10G, 0 %, 0 %, 0 MiB, 23028 MiB
2026/02/25 16:33:26.810, 0, NVIDIA A10G, 21 %, 7 %, 2049 MiB, 23028 MiB
2026/02/25 16:33:26.810, 1, NVIDIA A10G, 0 %, 0 %, 0 MiB, 23028 MiB
2026/02/25 16:33:26.810, 2, NVIDIA A10G, 0 %, 0 %, 0 MiB, 23028 MiB
2026/02/25 16:33:26.811, 3, NVIDIA A10G, 0 %, 0 %, 0 MiB, 23028 MiB
2026/02/25 16:33:27.811, 0, NVIDIA A10G, 24 %, 9 %, 2049 MiB, 23028 MiB
2026/02/25 16:33:27.811, 1, NVIDIA A10G, 0 %, 0 %, 0 MiB, 23028 MiB
2026/02/25 16:33:27.811, 2, NVIDIA A10G, 0 %, 0 %, 0 MiB, 23028 MiB
2026/02/25 16:33:27.811, 3, NVIDIA A10G, 0 %, 0 %, 0 MiB, 23028 MiB
2026/02/25 16:33:28.811, 0, NVIDIA A10G, 0 %, 0 %, 2049 MiB, 23028 MiB
2026/02/25 16:33:28.811, 1, NVIDIA A10G, 0 %, 0 %, 0 MiB, 23028 MiB
2026/02/25 16:33:28.811, 2, NVIDIA A10G, 0 %, 0 %, 0 MiB, 23028 MiB
2026/02/25 16:33:28.811, 3, NVIDIA A10G, 0 %, 0 %, 0 MiB, 23028 MiB
2026/02/25 16:33:29.811, 0, NVIDIA A10G, 0 %, 0 %, 2049 MiB, 23028 MiB
2026/02/25 16:33:29.811, 1, NVIDIA A10G, 0 %, 0 %, 0 MiB, 23028 MiB
2026/02/25 16:33:29.811, 2, NVIDIA A10G, 0 %, 0 %, 0 MiB, 23028 MiB
2026/02/25 16:33:29.811, 3, NVIDIA A10G, 0 %, 0 %, 0 MiB, 23028 MiB
2026/02/25 16:33:30.812, 0, NVIDIA A10G, 0 %, 0 %, 2049 MiB, 23028 MiB
2026/02/25 16:33:30.812, 1, NVIDIA A10G, 0 %, 0 %, 0 MiB, 23028 MiB
2026/02/25 16:33:30.812, 2, NVIDIA A10G, 0 %, 0 %, 0 MiB, 23028 MiB
2026/02/25 16:33:30.812, 3, NVIDIA A10G, 0 %, 0 %, 0 MiB, 23028 MiB
2026/02/25 16:33:31.812, 0, NVIDIA A10G, 0 %, 0 %, 2049 MiB, 23028 MiB
2026/02/25 16:33:31.812, 1, NVIDIA A10G, 0 %, 0 %, 0 MiB, 23028 MiB
2026/02/25 16:33:31.812, 2, NVIDIA A10G, 0 %, 0 %, 0 MiB, 23028 MiB
2026/02/25 16:33:31.812, 3, NVIDIA A10G, 0 %, 0 %, 0 MiB, 23028 MiB
2026/02/25 16:33:32.812, 0, NVIDIA A10G, 0 %, 0 %, 2049 MiB, 23028 MiB
2026/02/25 16:33:32.812, 1, NVIDIA A10G, 0 %, 0 %, 0 MiB, 23028 MiB
2026/02/25 16:33:32.812, 2, NVIDIA A10G, 0 %, 0 %, 0 MiB, 23028 MiB
2026/02/25 16:33:32.812, 3, NVIDIA A10G, 0 %, 0 %, 0 MiB, 23028 MiB
2026/02/25 16:33:33.812, 0, NVIDIA A10G, 0 %, 0 %, 2049 MiB, 23028 MiB
2026/02/25 16:33:33.813, 1, NVIDIA A10G, 0 %, 0 %, 0 MiB, 23028 MiB
2026/02/25 16:33:33.813, 2, NVIDIA A10G, 0 %, 0 %, 0 MiB, 23028 MiB
2026/02/25 16:33:33.813, 3, NVIDIA A10G, 0 %, 0 %, 0 MiB, 23028 MiB
2026/02/25 16:33:34.813, 0, NVIDIA A10G, 0 %, 0 %, 2049 MiB, 23028 MiB
2026/02/25 16:33:34.813, 1, NVIDIA A10G, 0 %, 0 %, 0 MiB, 23028 MiB
2026/02/25 16:33:34.813, 2, NVIDIA A10G, 0 %, 0 %, 0 MiB, 23028 MiB
2026/02/25 16:33:34.813, 3, NVIDIA A10G, 0 %, 0 %, 0 MiB, 23028 MiB
2026/02/25 16:33:35.813, 0, NVIDIA A10G, 0 %, 0 %, 2049 MiB, 23028 MiB
2026/02/25 16:33:35.813, 1, NVIDIA A10G, 0 %, 0 %, 0 MiB, 23028 MiB
2026/02/25 16:33:35.813, 2, NVIDIA A10G, 0 %, 0 %, 0 MiB, 23028 MiB
2026/02/25 16:33:35.813, 3, NVIDIA A10G, 0 %, 0 %, 0 MiB, 23028 MiB
2026/02/25 16:33:36.814, 0, NVIDIA A10G, 23 %, 8 %, 2049 MiB, 23028 MiB
2026/02/25 16:33:36.814, 1, NVIDIA A10G, 0 %, 0 %, 0 MiB, 23028 MiB
2026/02/25 16:33:36.814, 2, NVIDIA A10G, 0 %, 0 %, 0 MiB, 23028 MiB
2026/02/25 16:33:36.814, 3, NVIDIA A10G, 0 %, 0 %, 0 MiB, 23028 MiB
2026/02/25 16:33:37.814, 0, NVIDIA A10G, 22 %, 8 %, 2049 MiB, 23028 MiB
2026/02/25 16:33:37.814, 1, NVIDIA A10G, 0 %, 0 %, 0 MiB, 23028 MiB
2026/02/25 16:33:37.815, 2, NVIDIA A10G, 0 %, 0 %, 0 MiB, 23028 MiB
2026/02/25 16:33:37.815, 3, NVIDIA A10G, 0 %, 0 %, 0 MiB, 23028 MiB
2026/02/25 16:33:38.815, 0, NVIDIA A10G, 24 %, 9 %, 2049 MiB, 23028 MiB
2026/02/25 16:33:38.815, 1, NVIDIA A10G, 0 %, 0 %, 0 MiB, 23028 MiB
2026/02/25 16:33:38.815, 2, NVIDIA A10G, 0 %, 0 %, 0 MiB, 23028 MiB
2026/02/25 16:33:38.815, 3, NVIDIA A10G, 0 %, 0 %, 0 MiB, 23028 MiB
2026/02/25 16:33:39.816, 0, NVIDIA A10G, 24 %, 9 %, 2049 MiB, 23028 MiB
2026/02/25 16:33:39.816, 1, NVIDIA A10G, 0 %, 0 %, 0 MiB, 23028 MiB
2026/02/25 16:33:39.816, 2, NVIDIA A10G, 0 %, 0 %, 0 MiB, 23028 MiB
2026/02/25 16:33:39.816, 3, NVIDIA A10G, 0 %, 0 %, 0 MiB, 23028 MiB
2026/02/25 16:33:40.816, 0, NVIDIA A10G, 21 %, 7 %, 2049 MiB, 23028 MiB
2026/02/25 16:33:40.816, 1, NVIDIA A10G, 0 %, 0 %, 0 MiB, 23028 MiB
2026/02/25 16:33:40.816, 2, NVIDIA A10G, 0 %, 0 %, 0 MiB, 23028 MiB
2026/02/25 16:33:40.816, 3, NVIDIA A10G, 0 %, 0 %, 0 MiB, 23028 MiB
2026/02/25 16:33:41.816, 0, NVIDIA A10G, 23 %, 8 %, 2049 MiB, 23028 MiB
2026/02/25 16:33:41.816, 1, NVIDIA A10G, 0 %, 0 %, 0 MiB, 23028 MiB
2026/02/25 16:33:41.816, 2, NVIDIA A10G, 0 %, 0 %, 0 MiB, 23028 MiB
2026/02/25 16:33:41.816, 3, NVIDIA A10G, 0 %, 0 %, 0 MiB, 23028 MiB
2026/02/25 16:33:42.816, 0, NVIDIA A10G, 22 %, 8 %, 2049 MiB, 23028 MiB
2026/02/25 16:33:42.817, 1, NVIDIA A10G, 0 %, 0 %, 0 MiB, 23028 MiB
2026/02/25 16:33:42.817, 2, NVIDIA A10G, 0 %, 0 %, 0 MiB, 23028 MiB
2026/02/25 16:33:42.817, 3, NVIDIA A10G, 0 %, 0 %, 0 MiB, 23028 MiB
2026/02/25 16:33:43.817, 0, NVIDIA A10G, 12 %, 4 %, 2049 MiB, 23028 MiB
2026/02/25 16:33:43.817, 1, NVIDIA A10G, 0 %, 0 %, 0 MiB, 23028 MiB
2026/02/25 16:33:43.817, 2, NVIDIA A10G, 0 %, 0 %, 0 MiB, 23028 MiB
2026/02/25 16:33:43.817, 3, NVIDIA A10G, 0 %, 0 %, 0 MiB, 23028 MiB
2026/02/25 16:33:44.817, 0, NVIDIA A10G, 0 %, 0 %, 2049 MiB, 23028 MiB
2026/02/25 16:33:44.817, 1, NVIDIA A10G, 0 %, 0 %, 0 MiB, 23028 MiB
2026/02/25 16:33:44.817, 2, NVIDIA A10G, 0 %, 0 %, 0 MiB, 23028 MiB
2026/02/25 16:33:44.817, 3, NVIDIA A10G, 0 %, 0 %, 0 MiB, 23028 MiB
2026/02/25 16:33:45.817, 0, NVIDIA A10G, 0 %, 0 %, 2049 MiB, 23028 MiB
2026/02/25 16:33:45.818, 1, NVIDIA A10G, 0 %, 0 %, 0 MiB, 23028 MiB
2026/02/25 16:33:45.818, 2, NVIDIA A10G, 0 %, 0 %, 0 MiB, 23028 MiB
2026/02/25 16:33:45.818, 3, NVIDIA A10G, 0 %, 0 %, 0 MiB, 23028 MiB
2026/02/25 16:33:46.818, 0, NVIDIA A10G, 0 %, 0 %, 2049 MiB, 23028 MiB
2026/02/25 16:33:46.818, 1, NVIDIA A10G, 0 %, 0 %, 0 MiB, 23028 MiB
2026/02/25 16:33:46.818, 2, NVIDIA A10G, 0 %, 0 %, 0 MiB, 23028 MiB
2026/02/25 16:33:46.818, 3, NVIDIA A10G, 0 %, 0 %, 0 MiB, 23028 MiB
2026/02/25 16:33:47.818, 0, NVIDIA A10G, 0 %, 0 %, 2049 MiB, 23028 MiB
2026/02/25 16:33:47.818, 1, NVIDIA A10G, 0 %, 0 %, 0 MiB, 23028 MiB
2026/02/25 16:33:47.818, 2, NVIDIA A10G, 0 %, 0 %, 0 MiB, 23028 MiB
2026/02/25 16:33:47.818, 3, NVIDIA A10G, 0 %, 0 %, 0 MiB, 23028 MiB
2026/02/25 16:33:48.818, 0, NVIDIA A10G, 0 %, 0 %, 2049 MiB, 23028 MiB
2026/02/25 16:33:48.818, 1, NVIDIA A10G, 0 %, 0 %, 0 MiB, 23028 MiB
2026/02/25 16:33:48.818, 2, NVIDIA A10G, 0 %, 0 %, 0 MiB, 23028 MiB
2026/02/25 16:33:48.818, 3, NVIDIA A10G, 0 %, 0 %, 0 MiB, 23028 MiB
2026/02/25 16:33:49.818, 0, NVIDIA A10G, 22 %, 7 %, 2049 MiB, 23028 MiB
2026/02/25 16:33:49.819, 1, NVIDIA A10G, 0 %, 0 %, 0 MiB, 23028 MiB
2026/02/25 16:33:49.819, 2, NVIDIA A10G, 0 %, 0 %, 0 MiB, 23028 MiB
2026/02/25 16:33:49.819, 3, NVIDIA A10G, 0 %, 0 %, 0 MiB, 23028 MiB
2026/02/25 16:33:50.819, 0, NVIDIA A10G, 21 %, 6 %, 2049 MiB, 23028 MiB
2026/02/25 16:33:50.819, 1, NVIDIA A10G, 0 %, 0 %, 0 MiB, 23028 MiB
2026/02/25 16:33:50.819, 2, NVIDIA A10G, 0 %, 0 %, 0 MiB, 23028 MiB
2026/02/25 16:33:50.819, 3, NVIDIA A10G, 0 %, 0 %, 0 MiB, 23028 MiB
2026/02/25 16:33:51.819, 0, NVIDIA A10G, 23 %, 7 %, 2049 MiB, 23028 MiB
2026/02/25 16:33:51.819, 1, NVIDIA A10G, 0 %, 0 %, 0 MiB, 23028 MiB
2026/02/25 16:33:51.819, 2, NVIDIA A10G, 0 %, 0 %, 0 MiB, 23028 MiB
2026/02/25 16:33:51.819, 3, NVIDIA A10G, 0 %, 0 %, 0 MiB, 23028 MiB
2026/02/25 16:33:52.819, 0, NVIDIA A10G, 21 %, 7 %, 2049 MiB, 23028 MiB
2026/02/25 16:33:52.819, 1, NVIDIA A10G, 0 %, 0 %, 0 MiB, 23028 MiB
2026/02/25 16:33:52.819, 2, NVIDIA A10G, 0 %, 0 %, 0 MiB, 23028 MiB
2026/02/25 16:33:52.820, 3, NVIDIA A10G, 0 %, 0 %, 0 MiB, 23028 MiB
2026/02/25 16:33:53.820, 0, NVIDIA A10G, 20 %, 6 %, 2049 MiB, 23028 MiB
2026/02/25 16:33:53.820, 1, NVIDIA A10G, 0 %, 0 %, 0 MiB, 23028 MiB
2026/02/25 16:33:53.820, 2, NVIDIA A10G, 0 %, 0 %, 0 MiB, 23028 MiB
2026/02/25 16:33:53.820, 3, NVIDIA A10G, 0 %, 0 %, 0 MiB, 23028 MiB
2026/02/25 16:33:54.820, 0, NVIDIA A10G, 22 %, 7 %, 2049 MiB, 23028 MiB
2026/02/25 16:33:54.820, 1, NVIDIA A10G, 0 %, 0 %, 0 MiB, 23028 MiB
2026/02/25 16:33:54.820, 2, NVIDIA A10G, 0 %, 0 %, 0 MiB, 23028 MiB
2026/02/25 16:33:54.820, 3, NVIDIA A10G, 0 %, 0 %, 0 MiB, 23028 MiB
2026/02/25 16:33:55.820, 0, NVIDIA A10G, 15 %, 5 %, 2049 MiB, 23028 MiB
2026/02/25 16:33:55.820, 1, NVIDIA A10G, 0 %, 0 %, 0 MiB, 23028 MiB
2026/02/25 16:33:55.820, 2, NVIDIA A10G, 0 %, 0 %, 0 MiB, 23028 MiB
2026/02/25 16:33:55.821, 3, NVIDIA A10G, 0 %, 0 %, 0 MiB, 23028 MiB
2026/02/25 16:33:56.821, 0, NVIDIA A10G, 0 %, 0 %, 2049 MiB, 23028 MiB
2026/02/25 16:33:56.821, 1, NVIDIA A10G, 0 %, 0 %, 0 MiB, 23028 MiB
2026/02/25 16:33:56.821, 2, NVIDIA A10G, 0 %, 0 %, 0 MiB, 23028 MiB
2026/02/25 16:33:56.821, 3, NVIDIA A10G, 0 %, 0 %, 0 MiB, 23028 MiB
2026/02/25 16:33:57.821, 0, NVIDIA A10G, 0 %, 0 %, 2049 MiB, 23028 MiB
2026/02/25 16:33:57.821, 1, NVIDIA A10G, 0 %, 0 %, 0 MiB, 23028 MiB
2026/02/25 16:33:57.821, 2, NVIDIA A10G, 0 %, 0 %, 0 MiB, 23028 MiB
2026/02/25 16:33:57.821, 3, NVIDIA A10G, 0 %, 0 %, 0 MiB, 23028 MiB
2026/02/25 16:33:58.821, 0, NVIDIA A10G, 0 %, 0 %, 2049 MiB, 23028 MiB
2026/02/25 16:33:58.821, 1, NVIDIA A10G, 0 %, 0 %, 0 MiB, 23028 MiB
2026/02/25 16:33:58.821, 2, NVIDIA A10G, 0 %, 0 %, 0 MiB, 23028 MiB
2026/02/25 16:33:58.821, 3, NVIDIA A10G, 0 %, 0 %, 0 MiB, 23028 MiB
2026/02/25 16:33:59.821, 0, NVIDIA A10G, 0 %, 0 %, 2049 MiB, 23028 MiB
2026/02/25 16:33:59.822, 1, NVIDIA A10G, 0 %, 0 %, 0 MiB, 23028 MiB
2026/02/25 16:33:59.822, 2, NVIDIA A10G, 0 %, 0 %, 0 MiB, 23028 MiB
2026/02/25 16:33:59.822, 3, NVIDIA A10G, 0 %, 0 %, 0 MiB, 23028 MiB
2026/02/25 16:34:00.822, 0, NVIDIA A10G, 0 %, 0 %, 2049 MiB, 23028 MiB
2026/02/25 16:34:00.822, 1, NVIDIA A10G, 0 %, 0 %, 0 MiB, 23028 MiB
2026/02/25 16:34:00.822, 2, NVIDIA A10G, 0 %, 0 %, 0 MiB, 23028 MiB
2026/02/25 16:34:00.822, 3, NVIDIA A10G, 0 %, 0 %, 0 MiB, 23028 MiB
2026/02/25 16:34:01.822, 0, NVIDIA A10G, 0 %, 0 %, 2049 MiB, 23028 MiB
2026/02/25 16:34:01.822, 1, NVIDIA A10G, 0 %, 0 %, 0 MiB, 23028 MiB
2026/02/25 16:34:01.822, 2, NVIDIA A10G, 0 %, 0 %, 0 MiB, 23028 MiB
2026/02/25 16:34:01.822, 3, NVIDIA A10G, 0 %, 0 %, 0 MiB, 23028 MiB
2026/02/25 16:34:02.822, 0, NVIDIA A10G, 0 %, 0 %, 2049 MiB, 23028 MiB
2026/02/25 16:34:02.822, 1, NVIDIA A10G, 0 %, 0 %, 0 MiB, 23028 MiB
2026/02/25 16:34:02.822, 2, NVIDIA A10G, 0 %, 0 %, 0 MiB, 23028 MiB
2026/02/25 16:34:02.822, 3, NVIDIA A10G, 0 %, 0 %, 0 MiB, 23028 MiB
2026/02/25 16:34:03.822, 0, NVIDIA A10G, 0 %, 0 %, 2049 MiB, 23028 MiB
2026/02/25 16:34:03.823, 1, NVIDIA A10G, 0 %, 0 %, 0 MiB, 23028 MiB
2026/02/25 16:34:03.823, 2, NVIDIA A10G, 0 %, 0 %, 0 MiB, 23028 MiB
2026/02/25 16:34:03.823, 3, NVIDIA A10G, 0 %, 0 %, 0 MiB, 23028 MiB
2026/02/25 16:34:04.823, 0, NVIDIA A10G, 0 %, 0 %, 2049 MiB, 23028 MiB
2026/02/25 16:34:04.823, 1, NVIDIA A10G, 0 %, 0 %, 0 MiB, 23028 MiB
2026/02/25 16:34:04.823, 2, NVIDIA A10G, 0 %, 0 %, 0 MiB, 23028 MiB
2026/02/25 16:34:04.823, 3, NVIDIA A10G, 0 %, 0 %, 0 MiB, 23028 MiB
2026/02/25 16:34:05.823, 0, NVIDIA A10G, 0 %, 0 %, 2049 MiB, 23028 MiB
2026/02/25 16:34:05.823, 1, NVIDIA A10G, 0 %, 0 %, 0 MiB, 23028 MiB
2026/02/25 16:34:05.823, 2, NVIDIA A10G, 0 %, 0 %, 0 MiB, 23028 MiB
2026/02/25 16:34:05.823, 3, NVIDIA A10G, 0 %, 0 %, 0 MiB, 23028 MiB
2026/02/25 16:34:06.823, 0, NVIDIA A10G, 100 %, 67 %, 2049 MiB, 23028 MiB
2026/02/25 16:34:06.824, 1, NVIDIA A10G, 0 %, 0 %, 0 MiB, 23028 MiB
2026/02/25 16:34:06.824, 2, NVIDIA A10G, 0 %, 0 %, 0 MiB, 23028 MiB
2026/02/25 16:34:06.824, 3, NVIDIA A10G, 0 %, 0 %, 0 MiB, 23028 MiB
2026/02/25 16:34:07.824, 0, NVIDIA A10G, 0 %, 0 %, 2049 MiB, 23028 MiB
2026/02/25 16:34:07.824, 1, NVIDIA A10G, 0 %, 0 %, 0 MiB, 23028 MiB
2026/02/25 16:34:07.825, 2, NVIDIA A10G, 0 %, 0 %, 0 MiB, 23028 MiB
2026/02/25 16:34:07.825, 3, NVIDIA A10G, 0 %, 0 %, 0 MiB, 23028 MiB
2026/02/25 16:34:08.825, 0, NVIDIA A10G, 21 %, 7 %, 2049 MiB, 23028 MiB
2026/02/25 16:34:08.825, 1, NVIDIA A10G, 0 %, 0 %, 0 MiB, 23028 MiB
2026/02/25 16:34:08.825, 2, NVIDIA A10G, 0 %, 0 %, 0 MiB, 23028 MiB
2026/02/25 16:34:08.825, 3, NVIDIA A10G, 0 %, 0 %, 0 MiB, 23028 MiB
2026/02/25 16:34:09.826, 0, NVIDIA A10G, 21 %, 7 %, 2049 MiB, 23028 MiB
2026/02/25 16:34:09.826, 1, NVIDIA A10G, 0 %, 0 %, 0 MiB, 23028 MiB
2026/02/25 16:34:09.826, 2, NVIDIA A10G, 0 %, 0 %, 0 MiB, 23028 MiB
2026/02/25 16:34:09.826, 3, NVIDIA A10G, 0 %, 0 %, 0 MiB, 23028 MiB
2026/02/25 16:34:10.826, 0, NVIDIA A10G, 18 %, 6 %, 2049 MiB, 23028 MiB
2026/02/25 16:34:10.826, 1, NVIDIA A10G, 0 %, 0 %, 0 MiB, 23028 MiB
2026/02/25 16:34:10.826, 2, NVIDIA A10G, 0 %, 0 %, 0 MiB, 23028 MiB
2026/02/25 16:34:10.826, 3, NVIDIA A10G, 0 %, 0 %, 0 MiB, 23028 MiB
2026/02/25 16:34:11.826, 0, NVIDIA A10G, 21 %, 7 %, 2049 MiB, 23028 MiB
2026/02/25 16:34:11.826, 1, NVIDIA A10G, 0 %, 0 %, 0 MiB, 23028 MiB
2026/02/25 16:34:11.826, 2, NVIDIA A10G, 0 %, 0 %, 0 MiB, 23028 MiB
2026/02/25 16:34:11.826, 3, NVIDIA A10G, 0 %, 0 %, 0 MiB, 23028 MiB
2026/02/25 16:34:12.827, 0, NVIDIA A10G, 21 %, 7 %, 2049 MiB, 23028 MiB
2026/02/25 16:34:12.827, 1, NVIDIA A10G, 0 %, 0 %, 0 MiB, 23028 MiB
2026/02/25 16:34:12.827, 2, NVIDIA A10G, 0 %, 0 %, 0 MiB, 23028 MiB
2026/02/25 16:34:12.827, 3, NVIDIA A10G, 0 %, 0 %, 0 MiB, 23028 MiB
2026/02/25 16:34:13.827, 0, NVIDIA A10G, 20 %, 6 %, 2049 MiB, 23028 MiB
2026/02/25 16:34:13.827, 1, NVIDIA A10G, 0 %, 0 %, 0 MiB, 23028 MiB
2026/02/25 16:34:13.827, 2, NVIDIA A10G, 0 %, 0 %, 0 MiB, 23028 MiB
2026/02/25 16:34:13.827, 3, NVIDIA A10G, 0 %, 0 %, 0 MiB, 23028 MiB
2026/02/25 16:34:14.827, 0, NVIDIA A10G, 21 %, 7 %, 2049 MiB, 23028 MiB
2026/02/25 16:34:14.828, 1, NVIDIA A10G, 0 %, 0 %, 0 MiB, 23028 MiB
2026/02/25 16:34:14.828, 2, NVIDIA A10G, 0 %, 0 %, 0 MiB, 23028 MiB
2026/02/25 16:34:14.828, 3, NVIDIA A10G, 0 %, 0 %, 0 MiB, 23028 MiB
2026/02/25 16:34:15.828, 0, NVIDIA A10G, 24 %, 9 %, 2049 MiB, 23028 MiB
2026/02/25 16:34:15.828, 1, NVIDIA A10G, 0 %, 0 %, 0 MiB, 23028 MiB
2026/02/25 16:34:15.828, 2, NVIDIA A10G, 0 %, 0 %, 0 MiB, 23028 MiB
2026/02/25 16:34:15.828, 3, NVIDIA A10G, 0 %, 0 %, 0 MiB, 23028 MiB
2026/02/25 16:34:16.828, 0, NVIDIA A10G, 22 %, 8 %, 2049 MiB, 23028 MiB
2026/02/25 16:34:16.828, 1, NVIDIA A10G, 0 %, 0 %, 0 MiB, 23028 MiB
2026/02/25 16:34:16.828, 2, NVIDIA A10G, 0 %, 0 %, 0 MiB, 23028 MiB
2026/02/25 16:34:16.828, 3, NVIDIA A10G, 0 %, 0 %, 0 MiB, 23028 MiB
2026/02/25 16:34:17.829, 0, NVIDIA A10G, 19 %, 6 %, 2049 MiB, 23028 MiB
2026/02/25 16:34:17.829, 1, NVIDIA A10G, 0 %, 0 %, 0 MiB, 23028 MiB
2026/02/25 16:34:17.829, 2, NVIDIA A10G, 0 %, 0 %, 0 MiB, 23028 MiB
2026/02/25 16:34:17.829, 3, NVIDIA A10G, 0 %, 0 %, 0 MiB, 23028 MiB
2026/02/25 16:34:18.829, 0, NVIDIA A10G, 22 %, 8 %, 2049 MiB, 23028 MiB
2026/02/25 16:34:18.829, 1, NVIDIA A10G, 0 %, 0 %, 0 MiB, 23028 MiB
2026/02/25 16:34:18.829, 2, NVIDIA A10G, 0 %, 0 %, 0 MiB, 23028 MiB
2026/02/25 16:34:18.829, 3, NVIDIA A10G, 0 %, 0 %, 0 MiB, 23028 MiB
2026/02/25 16:34:19.829, 0, NVIDIA A10G, 21 %, 7 %, 2049 MiB, 23028 MiB
2026/02/25 16:34:19.829, 1, NVIDIA A10G, 0 %, 0 %, 0 MiB, 23028 MiB
2026/02/25 16:34:19.829, 2, NVIDIA A10G, 0 %, 0 %, 0 MiB, 23028 MiB
2026/02/25 16:34:19.829, 3, NVIDIA A10G, 0 %, 0 %, 0 MiB, 23028 MiB
2026/02/25 16:34:20.830, 0, NVIDIA A10G, 0 %, 0 %, 2049 MiB, 23028 MiB
2026/02/25 16:34:20.830, 1, NVIDIA A10G, 0 %, 0 %, 0 MiB, 23028 MiB
2026/02/25 16:34:20.830, 2, NVIDIA A10G, 0 %, 0 %, 0 MiB, 23028 MiB
2026/02/25 16:34:20.830, 3, NVIDIA A10G, 0 %, 0 %, 0 MiB, 23028 MiB
2026/02/25 16:34:21.830, 0, NVIDIA A10G, 0 %, 0 %, 2049 MiB, 23028 MiB
2026/02/25 16:34:21.830, 1, NVIDIA A10G, 0 %, 0 %, 0 MiB, 23028 MiB
2026/02/25 16:34:21.830, 2, NVIDIA A10G, 0 %, 0 %, 0 MiB, 23028 MiB
2026/02/25 16:34:21.830, 3, NVIDIA A10G, 0 %, 0 %, 0 MiB, 23028 MiB
2026/02/25 16:34:22.830, 0, NVIDIA A10G, 0 %, 0 %, 2049 MiB, 23028 MiB
2026/02/25 16:34:22.830, 1, NVIDIA A10G, 0 %, 0 %, 0 MiB, 23028 MiB
2026/02/25 16:34:22.830, 2, NVIDIA A10G, 0 %, 0 %, 0 MiB, 23028 MiB
2026/02/25 16:34:22.830, 3, NVIDIA A10G, 0 %, 0 %, 0 MiB, 23028 MiB
2026/02/25 16:34:23.831, 0, NVIDIA A10G, 0 %, 0 %, 2049 MiB, 23028 MiB
2026/02/25 16:34:23.831, 1, NVIDIA A10G, 0 %, 0 %, 0 MiB, 23028 MiB
2026/02/25 16:34:23.831, 2, NVIDIA A10G, 0 %, 0 %, 0 MiB, 23028 MiB
2026/02/25 16:34:23.831, 3, NVIDIA A10G, 0 %, 0 %, 0 MiB, 23028 MiB
2026/02/25 16:34:24.831, 0, NVIDIA A10G, 0 %, 0 %, 2049 MiB, 23028 MiB
2026/02/25 16:34:24.831, 1, NVIDIA A10G, 0 %, 0 %, 0 MiB, 23028 MiB
2026/02/25 16:34:24.831, 2, NVIDIA A10G, 0 %, 0 %, 0 MiB, 23028 MiB
2026/02/25 16:34:24.831, 3, NVIDIA A10G, 0 %, 0 %, 0 MiB, 23028 MiB
2026/02/25 16:34:25.831, 0, NVIDIA A10G, 0 %, 0 %, 2049 MiB, 23028 MiB
2026/02/25 16:34:25.831, 1, NVIDIA A10G, 0 %, 0 %, 0 MiB, 23028 MiB
2026/02/25 16:34:25.831, 2, NVIDIA A10G, 0 %, 0 %, 0 MiB, 23028 MiB
2026/02/25 16:34:25.831, 3, NVIDIA A10G, 0 %, 0 %, 0 MiB, 23028 MiB
2026/02/25 16:34:26.832, 0, NVIDIA A10G, 0 %, 0 %, 2049 MiB, 23028 MiB
2026/02/25 16:34:26.832, 1, NVIDIA A10G, 0 %, 0 %, 0 MiB, 23028 MiB
2026/02/25 16:34:26.832, 2, NVIDIA A10G, 0 %, 0 %, 0 MiB, 23028 MiB
2026/02/25 16:34:26.832, 3, NVIDIA A10G, 0 %, 0 %, 0 MiB, 23028 MiB
2026/02/25 16:34:27.832, 0, NVIDIA A10G, 0 %, 0 %, 2049 MiB, 23028 MiB
2026/02/25 16:34:27.832, 1, NVIDIA A10G, 0 %, 0 %, 0 MiB, 23028 MiB
2026/02/25 16:34:27.832, 2, NVIDIA A10G, 0 %, 0 %, 0 MiB, 23028 MiB
2026/02/25 16:34:27.832, 3, NVIDIA A10G, 0 %, 0 %, 0 MiB, 23028 MiB
2026/02/25 16:34:28.832, 0, NVIDIA A10G, 0 %, 0 %, 2049 MiB, 23028 MiB
2026/02/25 16:34:28.832, 1, NVIDIA A10G, 0 %, 0 %, 0 MiB, 23028 MiB
2026/02/25 16:34:28.832, 2, NVIDIA A10G, 0 %, 0 %, 0 MiB, 23028 MiB
2026/02/25 16:34:28.832, 3, NVIDIA A10G, 0 %, 0 %, 0 MiB, 23028 MiB
2026/02/25 16:34:29.832, 0, NVIDIA A10G, 0 %, 0 %, 2049 MiB, 23028 MiB
2026/02/25 16:34:29.832, 1, NVIDIA A10G, 0 %, 0 %, 0 MiB, 23028 MiB
2026/02/25 16:34:29.833, 2, NVIDIA A10G, 0 %, 0 %, 0 MiB, 23028 MiB
2026/02/25 16:34:29.833, 3, NVIDIA A10G, 0 %, 0 %, 0 MiB, 23028 MiB
2026/02/25 16:34:30.833, 0, NVIDIA A10G, 0 %, 0 %, 2049 MiB, 23028 MiB
2026/02/25 16:34:30.833, 1, NVIDIA A10G, 0 %, 0 %, 0 MiB, 23028 MiB
2026/02/25 16:34:30.833, 2, NVIDIA A10G, 0 %, 0 %, 0 MiB, 23028 MiB
2026/02/25 16:34:30.833, 3, NVIDIA A10G, 0 %, 0 %, 0 MiB, 23028 MiB
2026/02/25 16:34:31.833, 0, NVIDIA A10G, 0 %, 0 %, 2049 MiB, 23028 MiB
2026/02/25 16:34:31.833, 1, NVIDIA A10G, 0 %, 0 %, 0 MiB, 23028 MiB
2026/02/25 16:34:31.833, 2, NVIDIA A10G, 0 %, 0 %, 0 MiB, 23028 MiB
2026/02/25 16:34:31.833, 3, NVIDIA A10G, 0 %, 0 %, 0 MiB, 23028 MiB
2026/02/25 16:34:32.834, 0, NVIDIA A10G, 0 %, 0 %, 2049 MiB, 23028 MiB
2026/02/25 16:34:32.834, 1, NVIDIA A10G, 0 %, 0 %, 0 MiB, 23028 MiB
2026/02/25 16:34:32.834, 2, NVIDIA A10G, 0 %, 0 %, 0 MiB, 23028 MiB
2026/02/25 16:34:32.834, 3, NVIDIA A10G, 0 %, 0 %, 0 MiB, 23028 MiB
2026/02/25 16:34:33.834, 0, NVIDIA A10G, 0 %, 0 %, 2049 MiB, 23028 MiB
2026/02/25 16:34:33.834, 1, NVIDIA A10G, 0 %, 0 %, 0 MiB, 23028 MiB
2026/02/25 16:34:33.834, 2, NVIDIA A10G, 0 %, 0 %, 0 MiB, 23028 MiB
2026/02/25 16:34:33.834, 3, NVIDIA A10G, 0 %, 0 %, 0 MiB, 23028 MiB
2026/02/25 16:34:34.834, 0, NVIDIA A10G, 23 %, 8 %, 2049 MiB, 23028 MiB
2026/02/25 16:34:34.834, 1, NVIDIA A10G, 0 %, 0 %, 0 MiB, 23028 MiB
2026/02/25 16:34:34.834, 2, NVIDIA A10G, 0 %, 0 %, 0 MiB, 23028 MiB
2026/02/25 16:34:34.834, 3, NVIDIA A10G, 0 %, 0 %, 0 MiB, 23028 MiB
2026/02/25 16:34:35.834, 0, NVIDIA A10G, 23 %, 8 %, 2049 MiB, 23028 MiB
2026/02/25 16:34:35.834, 1, NVIDIA A10G, 0 %, 0 %, 0 MiB, 23028 MiB
2026/02/25 16:34:35.835, 2, NVIDIA A10G, 0 %, 0 %, 0 MiB, 23028 MiB
2026/02/25 16:34:35.835, 3, NVIDIA A10G, 0 %, 0 %, 0 MiB, 23028 MiB
2026/02/25 16:34:36.835, 0, NVIDIA A10G, 22 %, 7 %, 2049 MiB, 23028 MiB
2026/02/25 16:34:36.835, 1, NVIDIA A10G, 0 %, 0 %, 0 MiB, 23028 MiB
2026/02/25 16:34:36.835, 2, NVIDIA A10G, 0 %, 0 %, 0 MiB, 23028 MiB
2026/02/25 16:34:36.835, 3, NVIDIA A10G, 0 %, 0 %, 0 MiB, 23028 MiB
2026/02/25 16:34:37.835, 0, NVIDIA A10G, 20 %, 7 %, 2049 MiB, 23028 MiB
2026/02/25 16:34:37.835, 1, NVIDIA A10G, 0 %, 0 %, 0 MiB, 23028 MiB
2026/02/25 16:34:37.835, 2, NVIDIA A10G, 0 %, 0 %, 0 MiB, 23028 MiB
2026/02/25 16:34:37.835, 3, NVIDIA A10G, 0 %, 0 %, 0 MiB, 23028 MiB
2026/02/25 16:34:38.835, 0, NVIDIA A10G, 22 %, 8 %, 2049 MiB, 23028 MiB
2026/02/25 16:34:38.835, 1, NVIDIA A10G, 0 %, 0 %, 0 MiB, 23028 MiB
2026/02/25 16:34:38.835, 2, NVIDIA A10G, 0 %, 0 %, 0 MiB, 23028 MiB
2026/02/25 16:34:38.835, 3, NVIDIA A10G, 0 %, 0 %, 0 MiB, 23028 MiB
2026/02/25 16:34:39.835, 0, NVIDIA A10G, 21 %, 7 %, 2049 MiB, 23028 MiB
2026/02/25 16:34:39.836, 1, NVIDIA A10G, 0 %, 0 %, 0 MiB, 23028 MiB
2026/02/25 16:34:39.836, 2, NVIDIA A10G, 0 %, 0 %, 0 MiB, 23028 MiB
2026/02/25 16:34:39.836, 3, NVIDIA A10G, 0 %, 0 %, 0 MiB, 23028 MiB
2026/02/25 16:34:40.836, 0, NVIDIA A10G, 23 %, 8 %, 2049 MiB, 23028 MiB
2026/02/25 16:34:40.836, 1, NVIDIA A10G, 0 %, 0 %, 0 MiB, 23028 MiB
2026/02/25 16:34:40.836, 2, NVIDIA A10G, 0 %, 0 %, 0 MiB, 23028 MiB
2026/02/25 16:34:40.836, 3, NVIDIA A10G, 0 %, 0 %, 0 MiB, 23028 MiB
2026/02/25 16:34:41.836, 0, NVIDIA A10G, 22 %, 7 %, 2049 MiB, 23028 MiB
2026/02/25 16:34:41.836, 1, NVIDIA A10G, 0 %, 0 %, 0 MiB, 23028 MiB
2026/02/25 16:34:41.836, 2, NVIDIA A10G, 0 %, 0 %, 0 MiB, 23028 MiB
2026/02/25 16:34:41.836, 3, NVIDIA A10G, 0 %, 0 %, 0 MiB, 23028 MiB
2026/02/25 16:34:42.836, 0, NVIDIA A10G, 23 %, 8 %, 2049 MiB, 23028 MiB
2026/02/25 16:34:42.836, 1, NVIDIA A10G, 0 %, 0 %, 0 MiB, 23028 MiB
2026/02/25 16:34:42.836, 2, NVIDIA A10G, 0 %, 0 %, 0 MiB, 23028 MiB
2026/02/25 16:34:42.837, 3, NVIDIA A10G, 0 %, 0 %, 0 MiB, 23028 MiB
2026/02/25 16:34:43.837, 0, NVIDIA A10G, 21 %, 7 %, 2049 MiB, 23028 MiB
2026/02/25 16:34:43.837, 1, NVIDIA A10G, 0 %, 0 %, 0 MiB, 23028 MiB
2026/02/25 16:34:43.837, 2, NVIDIA A10G, 0 %, 0 %, 0 MiB, 23028 MiB
2026/02/25 16:34:43.837, 3, NVIDIA A10G, 0 %, 0 %, 0 MiB, 23028 MiB
2026/02/25 16:34:44.837, 0, NVIDIA A10G, 21 %, 7 %, 2049 MiB, 23028 MiB
2026/02/25 16:34:44.837, 1, NVIDIA A10G, 0 %, 0 %, 0 MiB, 23028 MiB
2026/02/25 16:34:44.837, 2, NVIDIA A10G, 0 %, 0 %, 0 MiB, 23028 MiB
2026/02/25 16:34:44.837, 3, NVIDIA A10G, 0 %, 0 %, 0 MiB, 23028 MiB
2026/02/25 16:34:45.837, 0, NVIDIA A10G, 22 %, 7 %, 2049 MiB, 23028 MiB
2026/02/25 16:34:45.837, 1, NVIDIA A10G, 0 %, 0 %, 0 MiB, 23028 MiB
2026/02/25 16:34:45.838, 2, NVIDIA A10G, 0 %, 0 %, 0 MiB, 23028 MiB
2026/02/25 16:34:45.838, 3, NVIDIA A10G, 0 %, 0 %, 0 MiB, 23028 MiB
2026/02/25 16:34:46.838, 0, NVIDIA A10G, 21 %, 7 %, 2049 MiB, 23028 MiB
2026/02/25 16:34:46.838, 1, NVIDIA A10G, 0 %, 0 %, 0 MiB, 23028 MiB
2026/02/25 16:34:46.838, 2, NVIDIA A10G, 0 %, 0 %, 0 MiB, 23028 MiB
2026/02/25 16:34:46.838, 3, NVIDIA A10G, 0 %, 0 %, 0 MiB, 23028 MiB
2026/02/25 16:34:47.838, 0, NVIDIA A10G, 22 %, 8 %, 2049 MiB, 23028 MiB
2026/02/25 16:34:47.838, 1, NVIDIA A10G, 0 %, 0 %, 0 MiB, 23028 MiB
2026/02/25 16:34:47.838, 2, NVIDIA A10G, 0 %, 0 %, 0 MiB, 23028 MiB
2026/02/25 16:34:47.838, 3, NVIDIA A10G, 0 %, 0 %, 0 MiB, 23028 MiB
2026/02/25 16:34:48.839, 0, NVIDIA A10G, 0 %, 0 %, 2049 MiB, 23028 MiB
2026/02/25 16:34:48.839, 1, NVIDIA A10G, 0 %, 0 %, 0 MiB, 23028 MiB
2026/02/25 16:34:48.839, 2, NVIDIA A10G, 0 %, 0 %, 0 MiB, 23028 MiB
2026/02/25 16:34:48.839, 3, NVIDIA A10G, 0 %, 0 %, 0 MiB, 23028 MiB
2026/02/25 16:34:49.839, 0, NVIDIA A10G, 0 %, 0 %, 2049 MiB, 23028 MiB
2026/02/25 16:34:49.839, 1, NVIDIA A10G, 0 %, 0 %, 0 MiB, 23028 MiB
2026/02/25 16:34:49.839, 2, NVIDIA A10G, 0 %, 0 %, 0 MiB, 23028 MiB
2026/02/25 16:34:49.839, 3, NVIDIA A10G, 0 %, 0 %, 0 MiB, 23028 MiB
2026/02/25 16:34:50.839, 0, NVIDIA A10G, 0 %, 0 %, 2049 MiB, 23028 MiB
2026/02/25 16:34:50.839, 1, NVIDIA A10G, 0 %, 0 %, 0 MiB, 23028 MiB
2026/02/25 16:34:50.839, 2, NVIDIA A10G, 0 %, 0 %, 0 MiB, 23028 MiB
2026/02/25 16:34:50.839, 3, NVIDIA A10G, 0 %, 0 %, 0 MiB, 23028 MiB
2026/02/25 16:34:51.839, 0, NVIDIA A10G, 0 %, 0 %, 2049 MiB, 23028 MiB
2026/02/25 16:34:51.840, 1, NVIDIA A10G, 0 %, 0 %, 0 MiB, 23028 MiB
2026/02/25 16:34:51.840, 2, NVIDIA A10G, 0 %, 0 %, 0 MiB, 23028 MiB
2026/02/25 16:34:51.840, 3, NVIDIA A10G, 0 %, 0 %, 0 MiB, 23028 MiB
2026/02/25 16:34:52.840, 0, NVIDIA A10G, 0 %, 0 %, 2049 MiB, 23028 MiB
2026/02/25 16:34:52.840, 1, NVIDIA A10G, 0 %, 0 %, 0 MiB, 23028 MiB
2026/02/25 16:34:52.840, 2, NVIDIA A10G, 0 %, 0 %, 0 MiB, 23028 MiB
2026/02/25 16:34:52.840, 3, NVIDIA A10G, 0 %, 0 %, 0 MiB, 23028 MiB
2026/02/25 16:34:53.840, 0, NVIDIA A10G, 7 %, 3 %, 2049 MiB, 23028 MiB
2026/02/25 16:34:53.840, 1, NVIDIA A10G, 0 %, 0 %, 0 MiB, 23028 MiB
2026/02/25 16:34:53.840, 2, NVIDIA A10G, 0 %, 0 %, 0 MiB, 23028 MiB
2026/02/25 16:34:53.840, 3, NVIDIA A10G, 0 %, 0 %, 0 MiB, 23028 MiB
2026/02/25 16:34:54.841, 0, NVIDIA A10G, 23 %, 7 %, 2049 MiB, 23028 MiB
2026/02/25 16:34:54.841, 1, NVIDIA A10G, 0 %, 0 %, 0 MiB, 23028 MiB
2026/02/25 16:34:54.841, 2, NVIDIA A10G, 0 %, 0 %, 0 MiB, 23028 MiB
2026/02/25 16:34:54.841, 3, NVIDIA A10G, 0 %, 0 %, 0 MiB, 23028 MiB
2026/02/25 16:34:55.841, 0, NVIDIA A10G, 20 %, 6 %, 2049 MiB, 23028 MiB
2026/02/25 16:34:55.841, 1, NVIDIA A10G, 0 %, 0 %, 0 MiB, 23028 MiB
2026/02/25 16:34:55.841, 2, NVIDIA A10G, 0 %, 0 %, 0 MiB, 23028 MiB
2026/02/25 16:34:55.841, 3, NVIDIA A10G, 0 %, 0 %, 0 MiB, 23028 MiB
2026/02/25 16:34:56.841, 0, NVIDIA A10G, 21 %, 7 %, 2049 MiB, 23028 MiB
2026/02/25 16:34:56.841, 1, NVIDIA A10G, 0 %, 0 %, 0 MiB, 23028 MiB
2026/02/25 16:34:56.841, 2, NVIDIA A10G, 0 %, 0 %, 0 MiB, 23028 MiB
2026/02/25 16:34:56.841, 3, NVIDIA A10G, 0 %, 0 %, 0 MiB, 23028 MiB
2026/02/25 16:34:57.841, 0, NVIDIA A10G, 23 %, 8 %, 2049 MiB, 23028 MiB
2026/02/25 16:34:57.842, 1, NVIDIA A10G, 0 %, 0 %, 0 MiB, 23028 MiB
2026/02/25 16:34:57.842, 2, NVIDIA A10G, 0 %, 0 %, 0 MiB, 23028 MiB
2026/02/25 16:34:57.842, 3, NVIDIA A10G, 0 %, 0 %, 0 MiB, 23028 MiB
2026/02/25 16:34:58.842, 0, NVIDIA A10G, 20 %, 6 %, 2049 MiB, 23028 MiB
2026/02/25 16:34:58.842, 1, NVIDIA A10G, 0 %, 0 %, 0 MiB, 23028 MiB
2026/02/25 16:34:58.842, 2, NVIDIA A10G, 0 %, 0 %, 0 MiB, 23028 MiB
2026/02/25 16:34:58.842, 3, NVIDIA A10G, 0 %, 0 %, 0 MiB, 23028 MiB
2026/02/25 16:34:59.842, 0, NVIDIA A10G, 21 %, 6 %, 2049 MiB, 23028 MiB
2026/02/25 16:34:59.842, 1, NVIDIA A10G, 0 %, 0 %, 0 MiB, 23028 MiB
2026/02/25 16:34:59.842, 2, NVIDIA A10G, 0 %, 0 %, 0 MiB, 23028 MiB
2026/02/25 16:34:59.842, 3, NVIDIA A10G, 0 %, 0 %, 0 MiB, 23028 MiB
2026/02/25 16:35:00.842, 0, NVIDIA A10G, 23 %, 8 %, 2049 MiB, 23028 MiB
2026/02/25 16:35:00.842, 1, NVIDIA A10G, 0 %, 0 %, 0 MiB, 23028 MiB
2026/02/25 16:35:00.842, 2, NVIDIA A10G, 0 %, 0 %, 0 MiB, 23028 MiB
2026/02/25 16:35:00.843, 3, NVIDIA A10G, 0 %, 0 %, 0 MiB, 23028 MiB
2026/02/25 16:35:01.843, 0, NVIDIA A10G, 0 %, 0 %, 2049 MiB, 23028 MiB
2026/02/25 16:35:01.843, 1, NVIDIA A10G, 0 %, 0 %, 0 MiB, 23028 MiB
2026/02/25 16:35:01.843, 2, NVIDIA A10G, 0 %, 0 %, 0 MiB, 23028 MiB
2026/02/25 16:35:01.843, 3, NVIDIA A10G, 0 %, 0 %, 0 MiB, 23028 MiB
2026/02/25 16:35:02.843, 0, NVIDIA A10G, 0 %, 0 %, 2049 MiB, 23028 MiB
2026/02/25 16:35:02.843, 1, NVIDIA A10G, 0 %, 0 %, 0 MiB, 23028 MiB
2026/02/25 16:35:02.843, 2, NVIDIA A10G, 0 %, 0 %, 0 MiB, 23028 MiB
2026/02/25 16:35:02.843, 3, NVIDIA A10G, 0 %, 0 %, 0 MiB, 23028 MiB
2026/02/25 16:35:03.843, 0, NVIDIA A10G, 0 %, 0 %, 2049 MiB, 23028 MiB
2026/02/25 16:35:03.843, 1, NVIDIA A10G, 0 %, 0 %, 0 MiB, 23028 MiB
2026/02/25 16:35:03.843, 2, NVIDIA A10G, 0 %, 0 %, 0 MiB, 23028 MiB
2026/02/25 16:35:03.843, 3, NVIDIA A10G, 0 %, 0 %, 0 MiB, 23028 MiB
2026/02/25 16:35:04.843, 0, NVIDIA A10G, 21 %, 7 %, 2049 MiB, 23028 MiB
2026/02/25 16:35:04.844, 1, NVIDIA A10G, 0 %, 0 %, 0 MiB, 23028 MiB
2026/02/25 16:35:04.844, 2, NVIDIA A10G, 0 %, 0 %, 0 MiB, 23028 MiB
2026/02/25 16:35:04.844, 3, NVIDIA A10G, 0 %, 0 %, 0 MiB, 23028 MiB
2026/02/25 16:35:05.844, 0, NVIDIA A10G, 20 %, 7 %, 2049 MiB, 23028 MiB
2026/02/25 16:35:05.844, 1, NVIDIA A10G, 0 %, 0 %, 0 MiB, 23028 MiB
2026/02/25 16:35:05.844, 2, NVIDIA A10G, 0 %, 0 %, 0 MiB, 23028 MiB
2026/02/25 16:35:05.844, 3, NVIDIA A10G, 0 %, 0 %, 0 MiB, 23028 MiB
2026/02/25 16:35:06.844, 0, NVIDIA A10G, 22 %, 8 %, 2049 MiB, 23028 MiB
2026/02/25 16:35:06.844, 1, NVIDIA A10G, 0 %, 0 %, 0 MiB, 23028 MiB
2026/02/25 16:35:06.844, 2, NVIDIA A10G, 0 %, 0 %, 0 MiB, 23028 MiB
2026/02/25 16:35:06.844, 3, NVIDIA A10G, 0 %, 0 %, 0 MiB, 23028 MiB
2026/02/25 16:35:07.845, 0, NVIDIA A10G, 23 %, 8 %, 2049 MiB, 23028 MiB
2026/02/25 16:35:07.845, 1, NVIDIA A10G, 0 %, 0 %, 0 MiB, 23028 MiB
2026/02/25 16:35:07.845, 2, NVIDIA A10G, 0 %, 0 %, 0 MiB, 23028 MiB
2026/02/25 16:35:07.845, 3, NVIDIA A10G, 0 %, 0 %, 0 MiB, 23028 MiB
2026/02/25 16:35:08.845, 0, NVIDIA A10G, 0 %, 0 %, 2049 MiB, 23028 MiB
2026/02/25 16:35:08.845, 1, NVIDIA A10G, 0 %, 0 %, 0 MiB, 23028 MiB
2026/02/25 16:35:08.845, 2, NVIDIA A10G, 0 %, 0 %, 0 MiB, 23028 MiB
2026/02/25 16:35:08.845, 3, NVIDIA A10G, 0 %, 0 %, 0 MiB, 23028 MiB
2026/02/25 16:35:09.845, 0, NVIDIA A10G, 0 %, 0 %, 2049 MiB, 23028 MiB
2026/02/25 16:35:09.845, 1, NVIDIA A10G, 0 %, 0 %, 0 MiB, 23028 MiB
2026/02/25 16:35:09.845, 2, NVIDIA A10G, 0 %, 0 %, 0 MiB, 23028 MiB
2026/02/25 16:35:09.845, 3, NVIDIA A10G, 0 %, 0 %, 0 MiB, 23028 MiB
2026/02/25 16:35:10.845, 0, NVIDIA A10G, 0 %, 0 %, 2049 MiB, 23028 MiB
2026/02/25 16:35:10.846, 1, NVIDIA A10G, 0 %, 0 %, 0 MiB, 23028 MiB
2026/02/25 16:35:10.846, 2, NVIDIA A10G, 0 %, 0 %, 0 MiB, 23028 MiB
2026/02/25 16:35:10.846, 3, NVIDIA A10G, 0 %, 0 %, 0 MiB, 23028 MiB
2026/02/25 16:35:11.847, 0, NVIDIA A10G, 0 %, 0 %, 2049 MiB, 23028 MiB
2026/02/25 16:35:11.847, 1, NVIDIA A10G, 0 %, 0 %, 0 MiB, 23028 MiB
2026/02/25 16:35:11.847, 2, NVIDIA A10G, 0 %, 0 %, 0 MiB, 23028 MiB
2026/02/25 16:35:11.847, 3, NVIDIA A10G, 0 %, 0 %, 0 MiB, 23028 MiB
2026/02/25 16:35:12.847, 0, NVIDIA A10G, 0 %, 0 %, 2049 MiB, 23028 MiB
2026/02/25 16:35:12.847, 1, NVIDIA A10G, 0 %, 0 %, 0 MiB, 23028 MiB
2026/02/25 16:35:12.847, 2, NVIDIA A10G, 0 %, 0 %, 0 MiB, 23028 MiB
2026/02/25 16:35:12.847, 3, NVIDIA A10G, 0 %, 0 %, 0 MiB, 23028 MiB
2026/02/25 16:35:13.847, 0, NVIDIA A10G, 84 %, 53 %, 2049 MiB, 23028 MiB
2026/02/25 16:35:13.847, 1, NVIDIA A10G, 0 %, 0 %, 0 MiB, 23028 MiB
2026/02/25 16:35:13.847, 2, NVIDIA A10G, 0 %, 0 %, 0 MiB, 23028 MiB
2026/02/25 16:35:13.847, 3, NVIDIA A10G, 0 %, 0 %, 0 MiB, 23028 MiB
2026/02/25 16:35:14.848, 0, NVIDIA A10G, 24 %, 8 %, 2049 MiB, 23028 MiB
2026/02/25 16:35:14.848, 1, NVIDIA A10G, 0 %, 0 %, 0 MiB, 23028 MiB
2026/02/25 16:35:14.848, 2, NVIDIA A10G, 0 %, 0 %, 0 MiB, 23028 MiB
2026/02/25 16:35:14.848, 3, NVIDIA A10G, 0 %, 0 %, 0 MiB, 23028 MiB
2026/02/25 16:35:15.848, 0, NVIDIA A10G, 22 %, 8 %, 2049 MiB, 23028 MiB
2026/02/25 16:35:15.848, 1, NVIDIA A10G, 0 %, 0 %, 0 MiB, 23028 MiB
2026/02/25 16:35:15.848, 2, NVIDIA A10G, 0 %, 0 %, 0 MiB, 23028 MiB
2026/02/25 16:35:15.848, 3, NVIDIA A10G, 0 %, 0 %, 0 MiB, 23028 MiB
2026/02/25 16:35:16.848, 0, NVIDIA A10G, 23 %, 8 %, 2049 MiB, 23028 MiB
2026/02/25 16:35:16.848, 1, NVIDIA A10G, 0 %, 0 %, 0 MiB, 23028 MiB
2026/02/25 16:35:16.848, 2, NVIDIA A10G, 0 %, 0 %, 0 MiB, 23028 MiB
2026/02/25 16:35:16.848, 3, NVIDIA A10G, 0 %, 0 %, 0 MiB, 23028 MiB
2026/02/25 16:35:17.849, 0, NVIDIA A10G, 23 %, 8 %, 2049 MiB, 23028 MiB
2026/02/25 16:35:17.849, 1, NVIDIA A10G, 0 %, 0 %, 0 MiB, 23028 MiB
2026/02/25 16:35:17.849, 2, NVIDIA A10G, 0 %, 0 %, 0 MiB, 23028 MiB
2026/02/25 16:35:17.849, 3, NVIDIA A10G, 0 %, 0 %, 0 MiB, 23028 MiB
2026/02/25 16:35:18.849, 0, NVIDIA A10G, 22 %, 8 %, 2049 MiB, 23028 MiB
2026/02/25 16:35:18.849, 1, NVIDIA A10G, 0 %, 0 %, 0 MiB, 23028 MiB
2026/02/25 16:35:18.849, 2, NVIDIA A10G, 0 %, 0 %, 0 MiB, 23028 MiB
2026/02/25 16:35:18.849, 3, NVIDIA A10G, 0 %, 0 %, 0 MiB, 23028 MiB
2026/02/25 16:35:19.849, 0, NVIDIA A10G, 21 %, 7 %, 2049 MiB, 23028 MiB
2026/02/25 16:35:19.849, 1, NVIDIA A10G, 0 %, 0 %, 0 MiB, 23028 MiB
2026/02/25 16:35:19.849, 2, NVIDIA A10G, 0 %, 0 %, 0 MiB, 23028 MiB
2026/02/25 16:35:19.849, 3, NVIDIA A10G, 0 %, 0 %, 0 MiB, 23028 MiB
2026/02/25 16:35:20.850, 0, NVIDIA A10G, 0 %, 0 %, 2049 MiB, 23028 MiB
2026/02/25 16:35:20.850, 1, NVIDIA A10G, 0 %, 0 %, 0 MiB, 23028 MiB
2026/02/25 16:35:20.850, 2, NVIDIA A10G, 0 %, 0 %, 0 MiB, 23028 MiB
2026/02/25 16:35:20.850, 3, NVIDIA A10G, 0 %, 0 %, 0 MiB, 23028 MiB
2026/02/25 16:35:21.850, 0, NVIDIA A10G, 0 %, 0 %, 2049 MiB, 23028 MiB
2026/02/25 16:35:21.850, 1, NVIDIA A10G, 0 %, 0 %, 0 MiB, 23028 MiB
2026/02/25 16:35:21.850, 2, NVIDIA A10G, 0 %, 0 %, 0 MiB, 23028 MiB
2026/02/25 16:35:21.850, 3, NVIDIA A10G, 0 %, 0 %, 0 MiB, 23028 MiB
2026/02/25 16:35:22.850, 0, NVIDIA A10G, 0 %, 0 %, 2049 MiB, 23028 MiB
2026/02/25 16:35:22.850, 1, NVIDIA A10G, 0 %, 0 %, 0 MiB, 23028 MiB
2026/02/25 16:35:22.850, 2, NVIDIA A10G, 0 %, 0 %, 0 MiB, 23028 MiB
2026/02/25 16:35:22.850, 3, NVIDIA A10G, 0 %, 0 %, 0 MiB, 23028 MiB
2026/02/25 16:35:23.850, 0, NVIDIA A10G, 0 %, 0 %, 2049 MiB, 23028 MiB
2026/02/25 16:35:23.851, 1, NVIDIA A10G, 0 %, 0 %, 0 MiB, 23028 MiB
2026/02/25 16:35:23.851, 2, NVIDIA A10G, 0 %, 0 %, 0 MiB, 23028 MiB
2026/02/25 16:35:23.851, 3, NVIDIA A10G, 0 %, 0 %, 0 MiB, 23028 MiB
2026/02/25 16:35:24.851, 0, NVIDIA A10G, 85 %, 56 %, 2049 MiB, 23028 MiB
2026/02/25 16:35:24.851, 1, NVIDIA A10G, 0 %, 0 %, 0 MiB, 23028 MiB
2026/02/25 16:35:24.851, 2, NVIDIA A10G, 0 %, 0 %, 0 MiB, 23028 MiB
2026/02/25 16:35:24.851, 3, NVIDIA A10G, 0 %, 0 %, 0 MiB, 23028 MiB
2026/02/25 16:35:25.851, 0, NVIDIA A10G, 23 %, 8 %, 2049 MiB, 23028 MiB
2026/02/25 16:35:25.851, 1, NVIDIA A10G, 0 %, 0 %, 0 MiB, 23028 MiB
2026/02/25 16:35:25.851, 2, NVIDIA A10G, 0 %, 0 %, 0 MiB, 23028 MiB
2026/02/25 16:35:25.851, 3, NVIDIA A10G, 0 %, 0 %, 0 MiB, 23028 MiB
2026/02/25 16:35:26.851, 0, NVIDIA A10G, 23 %, 8 %, 2049 MiB, 23028 MiB
2026/02/25 16:35:26.851, 1, NVIDIA A10G, 0 %, 0 %, 0 MiB, 23028 MiB
2026/02/25 16:35:26.851, 2, NVIDIA A10G, 0 %, 0 %, 0 MiB, 23028 MiB
2026/02/25 16:35:26.852, 3, NVIDIA A10G, 0 %, 0 %, 0 MiB, 23028 MiB
2026/02/25 16:35:27.852, 0, NVIDIA A10G, 21 %, 7 %, 2049 MiB, 23028 MiB
2026/02/25 16:35:27.852, 1, NVIDIA A10G, 0 %, 0 %, 0 MiB, 23028 MiB
2026/02/25 16:35:27.852, 2, NVIDIA A10G, 0 %, 0 %, 0 MiB, 23028 MiB
2026/02/25 16:35:27.852, 3, NVIDIA A10G, 0 %, 0 %, 0 MiB, 23028 MiB
2026/02/25 16:35:28.852, 0, NVIDIA A10G, 21 %, 7 %, 2049 MiB, 23028 MiB
2026/02/25 16:35:28.852, 1, NVIDIA A10G, 0 %, 0 %, 0 MiB, 23028 MiB
2026/02/25 16:35:28.852, 2, NVIDIA A10G, 0 %, 0 %, 0 MiB, 23028 MiB
2026/02/25 16:35:28.852, 3, NVIDIA A10G, 0 %, 0 %, 0 MiB, 23028 MiB
2026/02/25 16:35:29.853, 0, NVIDIA A10G, 22 %, 8 %, 2049 MiB, 23028 MiB
2026/02/25 16:35:29.853, 1, NVIDIA A10G, 0 %, 0 %, 0 MiB, 23028 MiB
2026/02/25 16:35:29.853, 2, NVIDIA A10G, 0 %, 0 %, 0 MiB, 23028 MiB
2026/02/25 16:35:29.853, 3, NVIDIA A10G, 0 %, 0 %, 0 MiB, 23028 MiB
2026/02/25 16:35:30.853, 0, NVIDIA A10G, 0 %, 0 %, 2049 MiB, 23028 MiB
2026/02/25 16:35:30.853, 1, NVIDIA A10G, 0 %, 0 %, 0 MiB, 23028 MiB
2026/02/25 16:35:30.853, 2, NVIDIA A10G, 0 %, 0 %, 0 MiB, 23028 MiB
2026/02/25 16:35:30.853, 3, NVIDIA A10G, 0 %, 0 %, 0 MiB, 23028 MiB
2026/02/25 16:35:31.853, 0, NVIDIA A10G, 0 %, 0 %, 2049 MiB, 23028 MiB
2026/02/25 16:35:31.854, 1, NVIDIA A10G, 0 %, 0 %, 0 MiB, 23028 MiB
2026/02/25 16:35:31.854, 2, NVIDIA A10G, 0 %, 0 %, 0 MiB, 23028 MiB
2026/02/25 16:35:31.854, 3, NVIDIA A10G, 0 %, 0 %, 0 MiB, 23028 MiB
2026/02/25 16:35:32.854, 0, NVIDIA A10G, 0 %, 0 %, 2049 MiB, 23028 MiB
2026/02/25 16:35:32.854, 1, NVIDIA A10G, 0 %, 0 %, 0 MiB, 23028 MiB
2026/02/25 16:35:32.854, 2, NVIDIA A10G, 0 %, 0 %, 0 MiB, 23028 MiB
2026/02/25 16:35:32.854, 3, NVIDIA A10G, 0 %, 0 %, 0 MiB, 23028 MiB
2026/02/25 16:35:33.854, 0, NVIDIA A10G, 0 %, 0 %, 2049 MiB, 23028 MiB
2026/02/25 16:35:33.854, 1, NVIDIA A10G, 0 %, 0 %, 0 MiB, 23028 MiB
2026/02/25 16:35:33.855, 2, NVIDIA A10G, 0 %, 0 %, 0 MiB, 23028 MiB
2026/02/25 16:35:33.855, 3, NVIDIA A10G, 0 %, 0 %, 0 MiB, 23028 MiB
2026/02/25 16:35:34.855, 0, NVIDIA A10G, 0 %, 0 %, 2049 MiB, 23028 MiB
2026/02/25 16:35:34.855, 1, NVIDIA A10G, 0 %, 0 %, 0 MiB, 23028 MiB
2026/02/25 16:35:34.856, 2, NVIDIA A10G, 0 %, 0 %, 0 MiB, 23028 MiB
2026/02/25 16:35:34.856, 3, NVIDIA A10G, 0 %, 0 %, 0 MiB, 23028 MiB
2026/02/25 16:35:35.856, 0, NVIDIA A10G, 0 %, 0 %, 2049 MiB, 23028 MiB
2026/02/25 16:35:35.856, 1, NVIDIA A10G, 0 %, 0 %, 0 MiB, 23028 MiB
2026/02/25 16:35:35.856, 2, NVIDIA A10G, 0 %, 0 %, 0 MiB, 23028 MiB
2026/02/25 16:35:35.856, 3, NVIDIA A10G, 0 %, 0 %, 0 MiB, 23028 MiB
2026/02/25 16:35:36.857, 0, NVIDIA A10G, 0 %, 0 %, 2049 MiB, 23028 MiB
2026/02/25 16:35:36.857, 1, NVIDIA A10G, 0 %, 0 %, 0 MiB, 23028 MiB
2026/02/25 16:35:36.857, 2, NVIDIA A10G, 0 %, 0 %, 0 MiB, 23028 MiB
2026/02/25 16:35:36.857, 3, NVIDIA A10G, 0 %, 0 %, 0 MiB, 23028 MiB
2026/02/25 16:35:37.857, 0, NVIDIA A10G, 85 %, 56 %, 2049 MiB, 23028 MiB
2026/02/25 16:35:37.857, 1, NVIDIA A10G, 0 %, 0 %, 0 MiB, 23028 MiB
2026/02/25 16:35:37.857, 2, NVIDIA A10G, 0 %, 0 %, 0 MiB, 23028 MiB
2026/02/25 16:35:37.857, 3, NVIDIA A10G, 0 %, 0 %, 0 MiB, 23028 MiB
2026/02/25 16:35:38.857, 0, NVIDIA A10G, 24 %, 8 %, 2049 MiB, 23028 MiB
2026/02/25 16:35:38.857, 1, NVIDIA A10G, 0 %, 0 %, 0 MiB, 23028 MiB
2026/02/25 16:35:38.857, 2, NVIDIA A10G, 0 %, 0 %, 0 MiB, 23028 MiB
2026/02/25 16:35:38.857, 3, NVIDIA A10G, 0 %, 0 %, 0 MiB, 23028 MiB
2026/02/25 16:35:39.857, 0, NVIDIA A10G, 24 %, 9 %, 2049 MiB, 23028 MiB
2026/02/25 16:35:39.858, 1, NVIDIA A10G, 0 %, 0 %, 0 MiB, 23028 MiB
2026/02/25 16:35:39.858, 2, NVIDIA A10G, 0 %, 0 %, 0 MiB, 23028 MiB
2026/02/25 16:35:39.858, 3, NVIDIA A10G, 0 %, 0 %, 0 MiB, 23028 MiB
2026/02/25 16:35:40.858, 0, NVIDIA A10G, 23 %, 8 %, 2049 MiB, 23028 MiB
2026/02/25 16:35:40.858, 1, NVIDIA A10G, 0 %, 0 %, 0 MiB, 23028 MiB
2026/02/25 16:35:40.858, 2, NVIDIA A10G, 0 %, 0 %, 0 MiB, 23028 MiB
2026/02/25 16:35:40.858, 3, NVIDIA A10G, 0 %, 0 %, 0 MiB, 23028 MiB
2026/02/25 16:35:41.858, 0, NVIDIA A10G, 23 %, 8 %, 2049 MiB, 23028 MiB
2026/02/25 16:35:41.858, 1, NVIDIA A10G, 0 %, 0 %, 0 MiB, 23028 MiB
2026/02/25 16:35:41.858, 2, NVIDIA A10G, 0 %, 0 %, 0 MiB, 23028 MiB
2026/02/25 16:35:41.858, 3, NVIDIA A10G, 0 %, 0 %, 0 MiB, 23028 MiB
2026/02/25 16:35:42.858, 0, NVIDIA A10G, 22 %, 7 %, 2049 MiB, 23028 MiB
2026/02/25 16:35:42.858, 1, NVIDIA A10G, 0 %, 0 %, 0 MiB, 23028 MiB
2026/02/25 16:35:42.858, 2, NVIDIA A10G, 0 %, 0 %, 0 MiB, 23028 MiB
2026/02/25 16:35:42.858, 3, NVIDIA A10G, 0 %, 0 %, 0 MiB, 23028 MiB
2026/02/25 16:35:43.859, 0, NVIDIA A10G, 20 %, 6 %, 2049 MiB, 23028 MiB
2026/02/25 16:35:43.859, 1, NVIDIA A10G, 0 %, 0 %, 0 MiB, 23028 MiB
2026/02/25 16:35:43.859, 2, NVIDIA A10G, 0 %, 0 %, 0 MiB, 23028 MiB
2026/02/25 16:35:43.859, 3, NVIDIA A10G, 0 %, 0 %, 0 MiB, 23028 MiB
2026/02/25 16:35:44.859, 0, NVIDIA A10G, 21 %, 7 %, 2049 MiB, 23028 MiB
2026/02/25 16:35:44.859, 1, NVIDIA A10G, 0 %, 0 %, 0 MiB, 23028 MiB
2026/02/25 16:35:44.859, 2, NVIDIA A10G, 0 %, 0 %, 0 MiB, 23028 MiB
2026/02/25 16:35:44.859, 3, NVIDIA A10G, 0 %, 0 %, 0 MiB, 23028 MiB
2026/02/25 16:35:45.859, 0, NVIDIA A10G, 20 %, 7 %, 2049 MiB, 23028 MiB
2026/02/25 16:35:45.859, 1, NVIDIA A10G, 0 %, 0 %, 0 MiB, 23028 MiB
2026/02/25 16:35:45.859, 2, NVIDIA A10G, 0 %, 0 %, 0 MiB, 23028 MiB
2026/02/25 16:35:45.860, 3, NVIDIA A10G, 0 %, 0 %, 0 MiB, 23028 MiB
2026/02/25 16:35:46.860, 0, NVIDIA A10G, 6 %, 2 %, 2049 MiB, 23028 MiB
2026/02/25 16:35:46.860, 1, NVIDIA A10G, 0 %, 0 %, 0 MiB, 23028 MiB
2026/02/25 16:35:46.860, 2, NVIDIA A10G, 0 %, 0 %, 0 MiB, 23028 MiB
2026/02/25 16:35:46.860, 3, NVIDIA A10G, 0 %, 0 %, 0 MiB, 23028 MiB
2026/02/25 16:35:47.860, 0, NVIDIA A10G, 0 %, 0 %, 2049 MiB, 23028 MiB
2026/02/25 16:35:47.860, 1, NVIDIA A10G, 0 %, 0 %, 0 MiB, 23028 MiB
2026/02/25 16:35:47.860, 2, NVIDIA A10G, 0 %, 0 %, 0 MiB, 23028 MiB
2026/02/25 16:35:47.860, 3, NVIDIA A10G, 0 %, 0 %, 0 MiB, 23028 MiB
2026/02/25 16:35:48.860, 0, NVIDIA A10G, 0 %, 0 %, 2049 MiB, 23028 MiB
2026/02/25 16:35:48.861, 1, NVIDIA A10G, 0 %, 0 %, 0 MiB, 23028 MiB
2026/02/25 16:35:48.861, 2, NVIDIA A10G, 0 %, 0 %, 0 MiB, 23028 MiB
2026/02/25 16:35:48.861, 3, NVIDIA A10G, 0 %, 0 %, 0 MiB, 23028 MiB
2026/02/25 16:35:49.861, 0, NVIDIA A10G, 0 %, 0 %, 2049 MiB, 23028 MiB
2026/02/25 16:35:49.861, 1, NVIDIA A10G, 0 %, 0 %, 0 MiB, 23028 MiB
2026/02/25 16:35:49.861, 2, NVIDIA A10G, 0 %, 0 %, 0 MiB, 23028 MiB
2026/02/25 16:35:49.861, 3, NVIDIA A10G, 0 %, 0 %, 0 MiB, 23028 MiB
2026/02/25 16:35:50.861, 0, NVIDIA A10G, 0 %, 0 %, 2049 MiB, 23028 MiB
2026/02/25 16:35:50.861, 1, NVIDIA A10G, 0 %, 0 %, 0 MiB, 23028 MiB
2026/02/25 16:35:50.861, 2, NVIDIA A10G, 0 %, 0 %, 0 MiB, 23028 MiB
2026/02/25 16:35:50.861, 3, NVIDIA A10G, 0 %, 0 %, 0 MiB, 23028 MiB
2026/02/25 16:35:51.861, 0, NVIDIA A10G, 0 %, 0 %, 2049 MiB, 23028 MiB
2026/02/25 16:35:51.862, 1, NVIDIA A10G, 0 %, 0 %, 0 MiB, 23028 MiB
2026/02/25 16:35:51.862, 2, NVIDIA A10G, 0 %, 0 %, 0 MiB, 23028 MiB
2026/02/25 16:35:51.862, 3, NVIDIA A10G, 0 %, 0 %, 0 MiB, 23028 MiB
2026/02/25 16:35:52.862, 0, NVIDIA A10G, 0 %, 0 %, 2049 MiB, 23028 MiB
2026/02/25 16:35:52.862, 1, NVIDIA A10G, 0 %, 0 %, 0 MiB, 23028 MiB
2026/02/25 16:35:52.862, 2, NVIDIA A10G, 0 %, 0 %, 0 MiB, 23028 MiB
2026/02/25 16:35:52.862, 3, NVIDIA A10G, 0 %, 0 %, 0 MiB, 23028 MiB
2026/02/25 16:35:53.862, 0, NVIDIA A10G, 0 %, 0 %, 2049 MiB, 23028 MiB
2026/02/25 16:35:53.862, 1, NVIDIA A10G, 0 %, 0 %, 0 MiB, 23028 MiB
2026/02/25 16:35:53.862, 2, NVIDIA A10G, 0 %, 0 %, 0 MiB, 23028 MiB
2026/02/25 16:35:53.862, 3, NVIDIA A10G, 0 %, 0 %, 0 MiB, 23028 MiB
2026/02/25 16:35:54.862, 0, NVIDIA A10G, 0 %, 0 %, 2049 MiB, 23028 MiB
2026/02/25 16:35:54.862, 1, NVIDIA A10G, 0 %, 0 %, 0 MiB, 23028 MiB
2026/02/25 16:35:54.863, 2, NVIDIA A10G, 0 %, 0 %, 0 MiB, 23028 MiB
2026/02/25 16:35:54.863, 3, NVIDIA A10G, 0 %, 0 %, 0 MiB, 23028 MiB
2026/02/25 16:35:55.863, 0, NVIDIA A10G, 0 %, 0 %, 2049 MiB, 23028 MiB
2026/02/25 16:35:55.863, 1, NVIDIA A10G, 0 %, 0 %, 0 MiB, 23028 MiB
2026/02/25 16:35:55.863, 2, NVIDIA A10G, 0 %, 0 %, 0 MiB, 23028 MiB
2026/02/25 16:35:55.863, 3, NVIDIA A10G, 0 %, 0 %, 0 MiB, 23028 MiB
2026/02/25 16:35:56.863, 0, NVIDIA A10G, 0 %, 0 %, 2049 MiB, 23028 MiB
2026/02/25 16:35:56.863, 1, NVIDIA A10G, 0 %, 0 %, 0 MiB, 23028 MiB
2026/02/25 16:35:56.863, 2, NVIDIA A10G, 0 %, 0 %, 0 MiB, 23028 MiB
2026/02/25 16:35:56.863, 3, NVIDIA A10G, 0 %, 0 %, 0 MiB, 23028 MiB
2026/02/25 16:35:57.863, 0, NVIDIA A10G, 0 %, 0 %, 2049 MiB, 23028 MiB
2026/02/25 16:35:57.863, 1, NVIDIA A10G, 0 %, 0 %, 0 MiB, 23028 MiB
2026/02/25 16:35:57.863, 2, NVIDIA A10G, 0 %, 0 %, 0 MiB, 23028 MiB
2026/02/25 16:35:57.863, 3, NVIDIA A10G, 0 %, 0 %, 0 MiB, 23028 MiB
2026/02/25 16:35:58.863, 0, NVIDIA A10G, 23 %, 8 %, 2049 MiB, 23028 MiB
2026/02/25 16:35:58.864, 1, NVIDIA A10G, 0 %, 0 %, 0 MiB, 23028 MiB
2026/02/25 16:35:58.864, 2, NVIDIA A10G, 0 %, 0 %, 0 MiB, 23028 MiB
2026/02/25 16:35:58.864, 3, NVIDIA A10G, 0 %, 0 %, 0 MiB, 23028 MiB
2026/02/25 16:35:59.864, 0, NVIDIA A10G, 20 %, 7 %, 2049 MiB, 23028 MiB
2026/02/25 16:35:59.864, 1, NVIDIA A10G, 0 %, 0 %, 0 MiB, 23028 MiB
2026/02/25 16:35:59.864, 2, NVIDIA A10G, 0 %, 0 %, 0 MiB, 23028 MiB
2026/02/25 16:35:59.864, 3, NVIDIA A10G, 0 %, 0 %, 0 MiB, 23028 MiB
2026/02/25 16:36:00.864, 0, NVIDIA A10G, 23 %, 8 %, 2049 MiB, 23028 MiB
2026/02/25 16:36:00.864, 1, NVIDIA A10G, 0 %, 0 %, 0 MiB, 23028 MiB
2026/02/25 16:36:00.864, 2, NVIDIA A10G, 0 %, 0 %, 0 MiB, 23028 MiB
2026/02/25 16:36:00.864, 3, NVIDIA A10G, 0 %, 0 %, 0 MiB, 23028 MiB
2026/02/25 16:36:01.864, 0, NVIDIA A10G, 22 %, 8 %, 2049 MiB, 23028 MiB
2026/02/25 16:36:01.864, 1, NVIDIA A10G, 0 %, 0 %, 0 MiB, 23028 MiB
2026/02/25 16:36:01.864, 2, NVIDIA A10G, 0 %, 0 %, 0 MiB, 23028 MiB
2026/02/25 16:36:01.864, 3, NVIDIA A10G, 0 %, 0 %, 0 MiB, 23028 MiB
2026/02/25 16:36:02.865, 0, NVIDIA A10G, 20 %, 7 %, 2049 MiB, 23028 MiB
2026/02/25 16:36:02.865, 1, NVIDIA A10G, 0 %, 0 %, 0 MiB, 23028 MiB
2026/02/25 16:36:02.865, 2, NVIDIA A10G, 0 %, 0 %, 0 MiB, 23028 MiB
2026/02/25 16:36:02.865, 3, NVIDIA A10G, 0 %, 0 %, 0 MiB, 23028 MiB
2026/02/25 16:36:03.865, 0, NVIDIA A10G, 22 %, 8 %, 2049 MiB, 23028 MiB
2026/02/25 16:36:03.865, 1, NVIDIA A10G, 0 %, 0 %, 0 MiB, 23028 MiB
2026/02/25 16:36:03.865, 2, NVIDIA A10G, 0 %, 0 %, 0 MiB, 23028 MiB
2026/02/25 16:36:03.865, 3, NVIDIA A10G, 0 %, 0 %, 0 MiB, 23028 MiB
2026/02/25 16:36:04.865, 0, NVIDIA A10G, 23 %, 8 %, 2049 MiB, 23028 MiB
2026/02/25 16:36:04.866, 1, NVIDIA A10G, 0 %, 0 %, 0 MiB, 23028 MiB
2026/02/25 16:36:04.866, 2, NVIDIA A10G, 0 %, 0 %, 0 MiB, 23028 MiB
2026/02/25 16:36:04.866, 3, NVIDIA A10G, 0 %, 0 %, 0 MiB, 23028 MiB
2026/02/25 16:36:05.866, 0, NVIDIA A10G, 23 %, 8 %, 2049 MiB, 23028 MiB
2026/02/25 16:36:05.866, 1, NVIDIA A10G, 0 %, 0 %, 0 MiB, 23028 MiB
2026/02/25 16:36:05.866, 2, NVIDIA A10G, 0 %, 0 %, 0 MiB, 23028 MiB
2026/02/25 16:36:05.866, 3, NVIDIA A10G, 0 %, 0 %, 0 MiB, 23028 MiB
2026/02/25 16:36:06.866, 0, NVIDIA A10G, 22 %, 7 %, 2049 MiB, 23028 MiB
2026/02/25 16:36:06.866, 1, NVIDIA A10G, 0 %, 0 %, 0 MiB, 23028 MiB
2026/02/25 16:36:06.866, 2, NVIDIA A10G, 0 %, 0 %, 0 MiB, 23028 MiB
2026/02/25 16:36:06.866, 3, NVIDIA A10G, 0 %, 0 %, 0 MiB, 23028 MiB
2026/02/25 16:36:07.866, 0, NVIDIA A10G, 21 %, 7 %, 2049 MiB, 23028 MiB
2026/02/25 16:36:07.866, 1, NVIDIA A10G, 0 %, 0 %, 0 MiB, 23028 MiB
2026/02/25 16:36:07.866, 2, NVIDIA A10G, 0 %, 0 %, 0 MiB, 23028 MiB
2026/02/25 16:36:07.867, 3, NVIDIA A10G, 0 %, 0 %, 0 MiB, 23028 MiB
2026/02/25 16:36:08.867, 0, NVIDIA A10G, 0 %, 0 %, 2049 MiB, 23028 MiB
2026/02/25 16:36:08.867, 1, NVIDIA A10G, 0 %, 0 %, 0 MiB, 23028 MiB
2026/02/25 16:36:08.867, 2, NVIDIA A10G, 0 %, 0 %, 0 MiB, 23028 MiB
2026/02/25 16:36:08.867, 3, NVIDIA A10G, 0 %, 0 %, 0 MiB, 23028 MiB
2026/02/25 16:36:09.867, 0, NVIDIA A10G, 0 %, 0 %, 2049 MiB, 23028 MiB
2026/02/25 16:36:09.867, 1, NVIDIA A10G, 0 %, 0 %, 0 MiB, 23028 MiB
2026/02/25 16:36:09.867, 2, NVIDIA A10G, 0 %, 0 %, 0 MiB, 23028 MiB
2026/02/25 16:36:09.867, 3, NVIDIA A10G, 0 %, 0 %, 0 MiB, 23028 MiB
2026/02/25 16:36:10.867, 0, NVIDIA A10G, 0 %, 0 %, 2049 MiB, 23028 MiB
2026/02/25 16:36:10.867, 1, NVIDIA A10G, 0 %, 0 %, 0 MiB, 23028 MiB
2026/02/25 16:36:10.867, 2, NVIDIA A10G, 0 %, 0 %, 0 MiB, 23028 MiB
2026/02/25 16:36:10.867, 3, NVIDIA A10G, 0 %, 0 %, 0 MiB, 23028 MiB
2026/02/25 16:36:11.867, 0, NVIDIA A10G, 0 %, 0 %, 2049 MiB, 23028 MiB
2026/02/25 16:36:11.868, 1, NVIDIA A10G, 0 %, 0 %, 0 MiB, 23028 MiB
2026/02/25 16:36:11.868, 2, NVIDIA A10G, 0 %, 0 %, 0 MiB, 23028 MiB
2026/02/25 16:36:11.868, 3, NVIDIA A10G, 0 %, 0 %, 0 MiB, 23028 MiB
2026/02/25 16:36:12.868, 0, NVIDIA A10G, 0 %, 0 %, 2049 MiB, 23028 MiB
2026/02/25 16:36:12.868, 1, NVIDIA A10G, 0 %, 0 %, 0 MiB, 23028 MiB
2026/02/25 16:36:12.868, 2, NVIDIA A10G, 0 %, 0 %, 0 MiB, 23028 MiB
2026/02/25 16:36:12.868, 3, NVIDIA A10G, 0 %, 0 %, 0 MiB, 23028 MiB
2026/02/25 16:36:13.868, 0, NVIDIA A10G, 0 %, 0 %, 2049 MiB, 23028 MiB
2026/02/25 16:36:13.868, 1, NVIDIA A10G, 0 %, 0 %, 0 MiB, 23028 MiB
2026/02/25 16:36:13.868, 2, NVIDIA A10G, 0 %, 0 %, 0 MiB, 23028 MiB
2026/02/25 16:36:13.869, 3, NVIDIA A10G, 0 %, 0 %, 0 MiB, 23028 MiB
2026/02/25 16:36:14.869, 0, NVIDIA A10G, 76 %, 47 %, 2049 MiB, 23028 MiB
2026/02/25 16:36:14.869, 1, NVIDIA A10G, 0 %, 0 %, 0 MiB, 23028 MiB
2026/02/25 16:36:14.869, 2, NVIDIA A10G, 0 %, 0 %, 0 MiB, 23028 MiB
2026/02/25 16:36:14.869, 3, NVIDIA A10G, 0 %, 0 %, 0 MiB, 23028 MiB
2026/02/25 16:36:15.869, 0, NVIDIA A10G, 21 %, 7 %, 2049 MiB, 23028 MiB
2026/02/25 16:36:15.869, 1, NVIDIA A10G, 0 %, 0 %, 0 MiB, 23028 MiB
2026/02/25 16:36:15.869, 2, NVIDIA A10G, 0 %, 0 %, 0 MiB, 23028 MiB
2026/02/25 16:36:15.869, 3, NVIDIA A10G, 0 %, 0 %, 0 MiB, 23028 MiB
2026/02/25 16:36:16.869, 0, NVIDIA A10G, 23 %, 8 %, 2049 MiB, 23028 MiB
2026/02/25 16:36:16.869, 1, NVIDIA A10G, 0 %, 0 %, 0 MiB, 23028 MiB
2026/02/25 16:36:16.869, 2, NVIDIA A10G, 0 %, 0 %, 0 MiB, 23028 MiB
2026/02/25 16:36:16.869, 3, NVIDIA A10G, 0 %, 0 %, 0 MiB, 23028 MiB
2026/02/25 16:36:17.870, 0, NVIDIA A10G, 22 %, 7 %, 2049 MiB, 23028 MiB
2026/02/25 16:36:17.870, 1, NVIDIA A10G, 0 %, 0 %, 0 MiB, 23028 MiB
2026/02/25 16:36:17.870, 2, NVIDIA A10G, 0 %, 0 %, 0 MiB, 23028 MiB
2026/02/25 16:36:17.870, 3, NVIDIA A10G, 0 %, 0 %, 0 MiB, 23028 MiB
2026/02/25 16:36:18.870, 0, NVIDIA A10G, 21 %, 7 %, 2049 MiB, 23028 MiB
2026/02/25 16:36:18.870, 1, NVIDIA A10G, 0 %, 0 %, 0 MiB, 23028 MiB
2026/02/25 16:36:18.870, 2, NVIDIA A10G, 0 %, 0 %, 0 MiB, 23028 MiB
2026/02/25 16:36:18.870, 3, NVIDIA A10G, 0 %, 0 %, 0 MiB, 23028 MiB
2026/02/25 16:36:19.870, 0, NVIDIA A10G, 22 %, 8 %, 2049 MiB, 23028 MiB
2026/02/25 16:36:19.870, 1, NVIDIA A10G, 0 %, 0 %, 0 MiB, 23028 MiB
2026/02/25 16:36:19.870, 2, NVIDIA A10G, 0 %, 0 %, 0 MiB, 23028 MiB
2026/02/25 16:36:19.870, 3, NVIDIA A10G, 0 %, 0 %, 0 MiB, 23028 MiB
2026/02/25 16:36:20.871, 0, NVIDIA A10G, 24 %, 8 %, 2049 MiB, 23028 MiB
2026/02/25 16:36:20.871, 1, NVIDIA A10G, 0 %, 0 %, 0 MiB, 23028 MiB
2026/02/25 16:36:20.871, 2, NVIDIA A10G, 0 %, 0 %, 0 MiB, 23028 MiB
2026/02/25 16:36:20.871, 3, NVIDIA A10G, 0 %, 0 %, 0 MiB, 23028 MiB
2026/02/25 16:36:21.871, 0, NVIDIA A10G, 22 %, 7 %, 2049 MiB, 23028 MiB
2026/02/25 16:36:21.871, 1, NVIDIA A10G, 0 %, 0 %, 0 MiB, 23028 MiB
2026/02/25 16:36:21.871, 2, NVIDIA A10G, 0 %, 0 %, 0 MiB, 23028 MiB
2026/02/25 16:36:21.871, 3, NVIDIA A10G, 0 %, 0 %, 0 MiB, 23028 MiB
2026/02/25 16:36:22.871, 0, NVIDIA A10G, 0 %, 0 %, 2049 MiB, 23028 MiB
2026/02/25 16:36:22.871, 1, NVIDIA A10G, 0 %, 0 %, 0 MiB, 23028 MiB
2026/02/25 16:36:22.871, 2, NVIDIA A10G, 0 %, 0 %, 0 MiB, 23028 MiB
2026/02/25 16:36:22.872, 3, NVIDIA A10G, 0 %, 0 %, 0 MiB, 23028 MiB
2026/02/25 16:36:23.872, 0, NVIDIA A10G, 0 %, 0 %, 2049 MiB, 23028 MiB
2026/02/25 16:36:23.872, 1, NVIDIA A10G, 0 %, 0 %, 0 MiB, 23028 MiB
2026/02/25 16:36:23.872, 2, NVIDIA A10G, 0 %, 0 %, 0 MiB, 23028 MiB
2026/02/25 16:36:23.872, 3, NVIDIA A10G, 0 %, 0 %, 0 MiB, 23028 MiB
2026/02/25 16:36:24.872, 0, NVIDIA A10G, 0 %, 0 %, 2049 MiB, 23028 MiB
2026/02/25 16:36:24.872, 1, NVIDIA A10G, 0 %, 0 %, 0 MiB, 23028 MiB
2026/02/25 16:36:24.872, 2, NVIDIA A10G, 0 %, 0 %, 0 MiB, 23028 MiB
2026/02/25 16:36:24.872, 3, NVIDIA A10G, 0 %, 0 %, 0 MiB, 23028 MiB
2026/02/25 16:36:25.872, 0, NVIDIA A10G, 0 %, 0 %, 2049 MiB, 23028 MiB
2026/02/25 16:36:25.872, 1, NVIDIA A10G, 0 %, 0 %, 0 MiB, 23028 MiB
2026/02/25 16:36:25.873, 2, NVIDIA A10G, 0 %, 0 %, 0 MiB, 23028 MiB
2026/02/25 16:36:25.873, 3, NVIDIA A10G, 0 %, 0 %, 0 MiB, 23028 MiB
2026/02/25 16:36:26.873, 0, NVIDIA A10G, 0 %, 0 %, 2049 MiB, 23028 MiB
2026/02/25 16:36:26.873, 1, NVIDIA A10G, 0 %, 0 %, 0 MiB, 23028 MiB
2026/02/25 16:36:26.873, 2, NVIDIA A10G, 0 %, 0 %, 0 MiB, 23028 MiB
2026/02/25 16:36:26.873, 3, NVIDIA A10G, 0 %, 0 %, 0 MiB, 23028 MiB
2026/02/25 16:36:27.873, 0, NVIDIA A10G, 0 %, 0 %, 2049 MiB, 23028 MiB
2026/02/25 16:36:27.873, 1, NVIDIA A10G, 0 %, 0 %, 0 MiB, 23028 MiB
2026/02/25 16:36:27.873, 2, NVIDIA A10G, 0 %, 0 %, 0 MiB, 23028 MiB
2026/02/25 16:36:27.873, 3, NVIDIA A10G, 0 %, 0 %, 0 MiB, 23028 MiB
2026/02/25 16:36:28.873, 0, NVIDIA A10G, 0 %, 0 %, 2049 MiB, 23028 MiB
2026/02/25 16:36:28.874, 1, NVIDIA A10G, 0 %, 0 %, 0 MiB, 23028 MiB
2026/02/25 16:36:28.874, 2, NVIDIA A10G, 0 %, 0 %, 0 MiB, 23028 MiB
2026/02/25 16:36:28.874, 3, NVIDIA A10G, 0 %, 0 %, 0 MiB, 23028 MiB
2026/02/25 16:36:29.874, 0, NVIDIA A10G, 0 %, 0 %, 2049 MiB, 23028 MiB
2026/02/25 16:36:29.874, 1, NVIDIA A10G, 0 %, 0 %, 0 MiB, 23028 MiB
2026/02/25 16:36:29.874, 2, NVIDIA A10G, 0 %, 0 %, 0 MiB, 23028 MiB
2026/02/25 16:36:29.874, 3, NVIDIA A10G, 0 %, 0 %, 0 MiB, 23028 MiB
2026/02/25 16:36:30.874, 0, NVIDIA A10G, 19 %, 6 %, 2049 MiB, 23028 MiB
2026/02/25 16:36:30.874, 1, NVIDIA A10G, 0 %, 0 %, 0 MiB, 23028 MiB
2026/02/25 16:36:30.874, 2, NVIDIA A10G, 0 %, 0 %, 0 MiB, 23028 MiB
2026/02/25 16:36:30.874, 3, NVIDIA A10G, 0 %, 0 %, 0 MiB, 23028 MiB
2026/02/25 16:36:31.875, 0, NVIDIA A10G, 22 %, 7 %, 2049 MiB, 23028 MiB
2026/02/25 16:36:31.875, 1, NVIDIA A10G, 0 %, 0 %, 0 MiB, 23028 MiB
2026/02/25 16:36:31.875, 2, NVIDIA A10G, 0 %, 0 %, 0 MiB, 23028 MiB
2026/02/25 16:36:31.875, 3, NVIDIA A10G, 0 %, 0 %, 0 MiB, 23028 MiB
2026/02/25 16:36:32.875, 0, NVIDIA A10G, 23 %, 8 %, 2049 MiB, 23028 MiB
2026/02/25 16:36:32.875, 1, NVIDIA A10G, 0 %, 0 %, 0 MiB, 23028 MiB
2026/02/25 16:36:32.875, 2, NVIDIA A10G, 0 %, 0 %, 0 MiB, 23028 MiB
2026/02/25 16:36:32.875, 3, NVIDIA A10G, 0 %, 0 %, 0 MiB, 23028 MiB
2026/02/25 16:36:33.875, 0, NVIDIA A10G, 22 %, 8 %, 2049 MiB, 23028 MiB
2026/02/25 16:36:33.875, 1, NVIDIA A10G, 0 %, 0 %, 0 MiB, 23028 MiB
2026/02/25 16:36:33.875, 2, NVIDIA A10G, 0 %, 0 %, 0 MiB, 23028 MiB
2026/02/25 16:36:33.875, 3, NVIDIA A10G, 0 %, 0 %, 0 MiB, 23028 MiB
2026/02/25 16:36:34.875, 0, NVIDIA A10G, 20 %, 7 %, 2049 MiB, 23028 MiB
2026/02/25 16:36:34.876, 1, NVIDIA A10G, 0 %, 0 %, 0 MiB, 23028 MiB
2026/02/25 16:36:34.876, 2, NVIDIA A10G, 0 %, 0 %, 0 MiB, 23028 MiB
2026/02/25 16:36:34.876, 3, NVIDIA A10G, 0 %, 0 %, 0 MiB, 23028 MiB
2026/02/25 16:36:35.876, 0, NVIDIA A10G, 23 %, 8 %, 2049 MiB, 23028 MiB
2026/02/25 16:36:35.876, 1, NVIDIA A10G, 0 %, 0 %, 0 MiB, 23028 MiB
2026/02/25 16:36:35.876, 2, NVIDIA A10G, 0 %, 0 %, 0 MiB, 23028 MiB
2026/02/25 16:36:35.876, 3, NVIDIA A10G, 0 %, 0 %, 0 MiB, 23028 MiB
2026/02/25 16:36:36.876, 0, NVIDIA A10G, 24 %, 9 %, 2049 MiB, 23028 MiB
2026/02/25 16:36:36.876, 1, NVIDIA A10G, 0 %, 0 %, 0 MiB, 23028 MiB
2026/02/25 16:36:36.876, 2, NVIDIA A10G, 0 %, 0 %, 0 MiB, 23028 MiB
2026/02/25 16:36:36.876, 3, NVIDIA A10G, 0 %, 0 %, 0 MiB, 23028 MiB
2026/02/25 16:36:37.876, 0, NVIDIA A10G, 22 %, 8 %, 2049 MiB, 23028 MiB
2026/02/25 16:36:37.876, 1, NVIDIA A10G, 0 %, 0 %, 0 MiB, 23028 MiB
2026/02/25 16:36:37.876, 2, NVIDIA A10G, 0 %, 0 %, 0 MiB, 23028 MiB
2026/02/25 16:36:37.876, 3, NVIDIA A10G, 0 %, 0 %, 0 MiB, 23028 MiB
2026/02/25 16:36:38.877, 0, NVIDIA A10G, 0 %, 0 %, 2049 MiB, 23028 MiB
2026/02/25 16:36:38.877, 1, NVIDIA A10G, 0 %, 0 %, 0 MiB, 23028 MiB
2026/02/25 16:36:38.877, 2, NVIDIA A10G, 0 %, 0 %, 0 MiB, 23028 MiB
2026/02/25 16:36:38.877, 3, NVIDIA A10G, 0 %, 0 %, 0 MiB, 23028 MiB
2026/02/25 16:36:39.877, 0, NVIDIA A10G, 0 %, 0 %, 2049 MiB, 23028 MiB
2026/02/25 16:36:39.877, 1, NVIDIA A10G, 0 %, 0 %, 0 MiB, 23028 MiB
2026/02/25 16:36:39.877, 2, NVIDIA A10G, 0 %, 0 %, 0 MiB, 23028 MiB
2026/02/25 16:36:39.877, 3, NVIDIA A10G, 0 %, 0 %, 0 MiB, 23028 MiB
2026/02/25 16:36:40.877, 0, NVIDIA A10G, 0 %, 0 %, 2049 MiB, 23028 MiB
2026/02/25 16:36:40.877, 1, NVIDIA A10G, 0 %, 0 %, 0 MiB, 23028 MiB
2026/02/25 16:36:40.877, 2, NVIDIA A10G, 0 %, 0 %, 0 MiB, 23028 MiB
2026/02/25 16:36:40.877, 3, NVIDIA A10G, 0 %, 0 %, 0 MiB, 23028 MiB
2026/02/25 16:36:41.877, 0, NVIDIA A10G, 0 %, 0 %, 2049 MiB, 23028 MiB
2026/02/25 16:36:41.877, 1, NVIDIA A10G, 0 %, 0 %, 0 MiB, 23028 MiB
2026/02/25 16:36:41.878, 2, NVIDIA A10G, 0 %, 0 %, 0 MiB, 23028 MiB
2026/02/25 16:36:41.878, 3, NVIDIA A10G, 0 %, 0 %, 0 MiB, 23028 MiB
2026/02/25 16:36:42.878, 0, NVIDIA A10G, 0 %, 0 %, 2049 MiB, 23028 MiB
2026/02/25 16:36:42.878, 1, NVIDIA A10G, 0 %, 0 %, 0 MiB, 23028 MiB
2026/02/25 16:36:42.878, 2, NVIDIA A10G, 0 %, 0 %, 0 MiB, 23028 MiB
2026/02/25 16:36:42.878, 3, NVIDIA A10G, 0 %, 0 %, 0 MiB, 23028 MiB
2026/02/25 16:36:43.878, 0, NVIDIA A10G, 0 %, 0 %, 2049 MiB, 23028 MiB
2026/02/25 16:36:43.878, 1, NVIDIA A10G, 0 %, 0 %, 0 MiB, 23028 MiB
2026/02/25 16:36:43.878, 2, NVIDIA A10G, 0 %, 0 %, 0 MiB, 23028 MiB
2026/02/25 16:36:43.878, 3, NVIDIA A10G, 0 %, 0 %, 0 MiB, 23028 MiB
2026/02/25 16:36:44.878, 0, NVIDIA A10G, 23 %, 8 %, 2049 MiB, 23028 MiB
2026/02/25 16:36:44.878, 1, NVIDIA A10G, 0 %, 0 %, 0 MiB, 23028 MiB
2026/02/25 16:36:44.878, 2, NVIDIA A10G, 0 %, 0 %, 0 MiB, 23028 MiB
2026/02/25 16:36:44.878, 3, NVIDIA A10G, 0 %, 0 %, 0 MiB, 23028 MiB
2026/02/25 16:36:45.879, 0, NVIDIA A10G, 23 %, 8 %, 2049 MiB, 23028 MiB
2026/02/25 16:36:45.879, 1, NVIDIA A10G, 0 %, 0 %, 0 MiB, 23028 MiB
2026/02/25 16:36:45.879, 2, NVIDIA A10G, 0 %, 0 %, 0 MiB, 23028 MiB
2026/02/25 16:36:45.879, 3, NVIDIA A10G, 0 %, 0 %, 0 MiB, 23028 MiB
2026/02/25 16:36:46.879, 0, NVIDIA A10G, 23 %, 8 %, 2049 MiB, 23028 MiB
2026/02/25 16:36:46.879, 1, NVIDIA A10G, 0 %, 0 %, 0 MiB, 23028 MiB
2026/02/25 16:36:46.879, 2, NVIDIA A10G, 0 %, 0 %, 0 MiB, 23028 MiB
2026/02/25 16:36:46.879, 3, NVIDIA A10G, 0 %, 0 %, 0 MiB, 23028 MiB
2026/02/25 16:36:47.879, 0, NVIDIA A10G, 21 %, 7 %, 2049 MiB, 23028 MiB
2026/02/25 16:36:47.879, 1, NVIDIA A10G, 0 %, 0 %, 0 MiB, 23028 MiB
2026/02/25 16:36:47.879, 2, NVIDIA A10G, 0 %, 0 %, 0 MiB, 23028 MiB
2026/02/25 16:36:47.879, 3, NVIDIA A10G, 0 %, 0 %, 0 MiB, 23028 MiB
2026/02/25 16:36:48.879, 0, NVIDIA A10G, 24 %, 8 %, 2049 MiB, 23028 MiB
2026/02/25 16:36:48.880, 1, NVIDIA A10G, 0 %, 0 %, 0 MiB, 23028 MiB
2026/02/25 16:36:48.880, 2, NVIDIA A10G, 0 %, 0 %, 0 MiB, 23028 MiB
2026/02/25 16:36:48.880, 3, NVIDIA A10G, 0 %, 0 %, 0 MiB, 23028 MiB
2026/02/25 16:36:49.880, 0, NVIDIA A10G, 23 %, 8 %, 2049 MiB, 23028 MiB
2026/02/25 16:36:49.880, 1, NVIDIA A10G, 0 %, 0 %, 0 MiB, 23028 MiB
2026/02/25 16:36:49.880, 2, NVIDIA A10G, 0 %, 0 %, 0 MiB, 23028 MiB
2026/02/25 16:36:49.880, 3, NVIDIA A10G, 0 %, 0 %, 0 MiB, 23028 MiB
2026/02/25 16:36:50.880, 0, NVIDIA A10G, 22 %, 7 %, 2049 MiB, 23028 MiB
2026/02/25 16:36:50.880, 1, NVIDIA A10G, 0 %, 0 %, 0 MiB, 23028 MiB
2026/02/25 16:36:50.880, 2, NVIDIA A10G, 0 %, 0 %, 0 MiB, 23028 MiB
2026/02/25 16:36:50.880, 3, NVIDIA A10G, 0 %, 0 %, 0 MiB, 23028 MiB
2026/02/25 16:36:51.880, 0, NVIDIA A10G, 0 %, 0 %, 2049 MiB, 23028 MiB
2026/02/25 16:36:51.881, 1, NVIDIA A10G, 0 %, 0 %, 0 MiB, 23028 MiB
2026/02/25 16:36:51.881, 2, NVIDIA A10G, 0 %, 0 %, 0 MiB, 23028 MiB
2026/02/25 16:36:51.881, 3, NVIDIA A10G, 0 %, 0 %, 0 MiB, 23028 MiB
2026/02/25 16:36:52.881, 0, NVIDIA A10G, 0 %, 0 %, 2049 MiB, 23028 MiB
2026/02/25 16:36:52.881, 1, NVIDIA A10G, 0 %, 0 %, 0 MiB, 23028 MiB
2026/02/25 16:36:52.881, 2, NVIDIA A10G, 0 %, 0 %, 0 MiB, 23028 MiB
2026/02/25 16:36:52.881, 3, NVIDIA A10G, 0 %, 0 %, 0 MiB, 23028 MiB
2026/02/25 16:36:53.881, 0, NVIDIA A10G, 0 %, 0 %, 2049 MiB, 23028 MiB
2026/02/25 16:36:53.881, 1, NVIDIA A10G, 0 %, 0 %, 0 MiB, 23028 MiB
2026/02/25 16:36:53.881, 2, NVIDIA A10G, 0 %, 0 %, 0 MiB, 23028 MiB
2026/02/25 16:36:53.881, 3, NVIDIA A10G, 0 %, 0 %, 0 MiB, 23028 MiB
2026/02/25 16:36:54.881, 0, NVIDIA A10G, 0 %, 0 %, 2049 MiB, 23028 MiB
2026/02/25 16:36:54.882, 1, NVIDIA A10G, 0 %, 0 %, 0 MiB, 23028 MiB
2026/02/25 16:36:54.882, 2, NVIDIA A10G, 0 %, 0 %, 0 MiB, 23028 MiB
2026/02/25 16:36:54.882, 3, NVIDIA A10G, 0 %, 0 %, 0 MiB, 23028 MiB
2026/02/25 16:36:55.882, 0, NVIDIA A10G, 0 %, 0 %, 2049 MiB, 23028 MiB
2026/02/25 16:36:55.882, 1, NVIDIA A10G, 0 %, 0 %, 0 MiB, 23028 MiB
2026/02/25 16:36:55.882, 2, NVIDIA A10G, 0 %, 0 %, 0 MiB, 23028 MiB
2026/02/25 16:36:55.882, 3, NVIDIA A10G, 0 %, 0 %, 0 MiB, 23028 MiB
2026/02/25 16:36:56.882, 0, NVIDIA A10G, 0 %, 0 %, 2049 MiB, 23028 MiB
2026/02/25 16:36:56.882, 1, NVIDIA A10G, 0 %, 0 %, 0 MiB, 23028 MiB
2026/02/25 16:36:56.882, 2, NVIDIA A10G, 0 %, 0 %, 0 MiB, 23028 MiB
2026/02/25 16:36:56.882, 3, NVIDIA A10G, 0 %, 0 %, 0 MiB, 23028 MiB
2026/02/25 16:36:57.882, 0, NVIDIA A10G, 0 %, 0 %, 2049 MiB, 23028 MiB
2026/02/25 16:36:57.882, 1, NVIDIA A10G, 0 %, 0 %, 0 MiB, 23028 MiB
2026/02/25 16:36:57.882, 2, NVIDIA A10G, 0 %, 0 %, 0 MiB, 23028 MiB
2026/02/25 16:36:57.883, 3, NVIDIA A10G, 0 %, 0 %, 0 MiB, 23028 MiB
2026/02/25 16:36:58.883, 0, NVIDIA A10G, 21 %, 7 %, 2049 MiB, 23028 MiB
2026/02/25 16:36:58.883, 1, NVIDIA A10G, 0 %, 0 %, 0 MiB, 23028 MiB
2026/02/25 16:36:58.883, 2, NVIDIA A10G, 0 %, 0 %, 0 MiB, 23028 MiB
2026/02/25 16:36:58.883, 3, NVIDIA A10G, 0 %, 0 %, 0 MiB, 23028 MiB
2026/02/25 16:36:59.883, 0, NVIDIA A10G, 23 %, 8 %, 2049 MiB, 23028 MiB
2026/02/25 16:36:59.883, 1, NVIDIA A10G, 0 %, 0 %, 0 MiB, 23028 MiB
2026/02/25 16:36:59.883, 2, NVIDIA A10G, 0 %, 0 %, 0 MiB, 23028 MiB
2026/02/25 16:36:59.883, 3, NVIDIA A10G, 0 %, 0 %, 0 MiB, 23028 MiB
2026/02/25 16:37:00.883, 0, NVIDIA A10G, 24 %, 9 %, 2049 MiB, 23028 MiB
2026/02/25 16:37:00.883, 1, NVIDIA A10G, 0 %, 0 %, 0 MiB, 23028 MiB
2026/02/25 16:37:00.883, 2, NVIDIA A10G, 0 %, 0 %, 0 MiB, 23028 MiB
2026/02/25 16:37:00.883, 3, NVIDIA A10G, 0 %, 0 %, 0 MiB, 23028 MiB
2026/02/25 16:37:01.883, 0, NVIDIA A10G, 23 %, 8 %, 2049 MiB, 23028 MiB
2026/02/25 16:37:01.884, 1, NVIDIA A10G, 0 %, 0 %, 0 MiB, 23028 MiB
2026/02/25 16:37:01.884, 2, NVIDIA A10G, 0 %, 0 %, 0 MiB, 23028 MiB
2026/02/25 16:37:01.884, 3, NVIDIA A10G, 0 %, 0 %, 0 MiB, 23028 MiB
2026/02/25 16:37:02.884, 0, NVIDIA A10G, 21 %, 7 %, 2049 MiB, 23028 MiB
2026/02/25 16:37:02.884, 1, NVIDIA A10G, 0 %, 0 %, 0 MiB, 23028 MiB
2026/02/25 16:37:02.884, 2, NVIDIA A10G, 0 %, 0 %, 0 MiB, 23028 MiB
2026/02/25 16:37:02.884, 3, NVIDIA A10G, 0 %, 0 %, 0 MiB, 23028 MiB
2026/02/25 16:37:03.884, 0, NVIDIA A10G, 21 %, 7 %, 2049 MiB, 23028 MiB
2026/02/25 16:37:03.884, 1, NVIDIA A10G, 0 %, 0 %, 0 MiB, 23028 MiB
2026/02/25 16:37:03.884, 2, NVIDIA A10G, 0 %, 0 %, 0 MiB, 23028 MiB
2026/02/25 16:37:03.884, 3, NVIDIA A10G, 0 %, 0 %, 0 MiB, 23028 MiB
2026/02/25 16:37:04.884, 0, NVIDIA A10G, 24 %, 9 %, 2049 MiB, 23028 MiB
2026/02/25 16:37:04.885, 1, NVIDIA A10G, 0 %, 0 %, 0 MiB, 23028 MiB
2026/02/25 16:37:04.885, 2, NVIDIA A10G, 0 %, 0 %, 0 MiB, 23028 MiB
2026/02/25 16:37:04.885, 3, NVIDIA A10G, 0 %, 0 %, 0 MiB, 23028 MiB
2026/02/25 16:37:05.885, 0, NVIDIA A10G, 0 %, 0 %, 2049 MiB, 23028 MiB
2026/02/25 16:37:05.885, 1, NVIDIA A10G, 0 %, 0 %, 0 MiB, 23028 MiB
2026/02/25 16:37:05.885, 2, NVIDIA A10G, 0 %, 0 %, 0 MiB, 23028 MiB
2026/02/25 16:37:05.885, 3, NVIDIA A10G, 0 %, 0 %, 0 MiB, 23028 MiB
2026/02/25 16:37:06.885, 0, NVIDIA A10G, 0 %, 0 %, 2049 MiB, 23028 MiB
2026/02/25 16:37:06.885, 1, NVIDIA A10G, 0 %, 0 %, 0 MiB, 23028 MiB
2026/02/25 16:37:06.885, 2, NVIDIA A10G, 0 %, 0 %, 0 MiB, 23028 MiB
2026/02/25 16:37:06.885, 3, NVIDIA A10G, 0 %, 0 %, 0 MiB, 23028 MiB
2026/02/25 16:37:07.885, 0, NVIDIA A10G, 0 %, 0 %, 2049 MiB, 23028 MiB
2026/02/25 16:37:07.885, 1, NVIDIA A10G, 0 %, 0 %, 0 MiB, 23028 MiB
2026/02/25 16:37:07.886, 2, NVIDIA A10G, 0 %, 0 %, 0 MiB, 23028 MiB
2026/02/25 16:37:07.886, 3, NVIDIA A10G, 0 %, 0 %, 0 MiB, 23028 MiB
2026/02/25 16:37:08.886, 0, NVIDIA A10G, 0 %, 0 %, 2049 MiB, 23028 MiB
2026/02/25 16:37:08.886, 1, NVIDIA A10G, 0 %, 0 %, 0 MiB, 23028 MiB
2026/02/25 16:37:08.886, 2, NVIDIA A10G, 0 %, 0 %, 0 MiB, 23028 MiB
2026/02/25 16:37:08.886, 3, NVIDIA A10G, 0 %, 0 %, 0 MiB, 23028 MiB
2026/02/25 16:37:09.886, 0, NVIDIA A10G, 0 %, 0 %, 2049 MiB, 23028 MiB
2026/02/25 16:37:09.886, 1, NVIDIA A10G, 0 %, 0 %, 0 MiB, 23028 MiB
2026/02/25 16:37:09.886, 2, NVIDIA A10G, 0 %, 0 %, 0 MiB, 23028 MiB
2026/02/25 16:37:09.886, 3, NVIDIA A10G, 0 %, 0 %, 0 MiB, 23028 MiB
2026/02/25 16:37:10.886, 0, NVIDIA A10G, 0 %, 0 %, 2049 MiB, 23028 MiB
2026/02/25 16:37:10.886, 1, NVIDIA A10G, 0 %, 0 %, 0 MiB, 23028 MiB
2026/02/25 16:37:10.886, 2, NVIDIA A10G, 0 %, 0 %, 0 MiB, 23028 MiB
2026/02/25 16:37:10.887, 3, NVIDIA A10G, 0 %, 0 %, 0 MiB, 23028 MiB
2026/02/25 16:37:11.887, 0, NVIDIA A10G, 0 %, 0 %, 2049 MiB, 23028 MiB
2026/02/25 16:37:11.887, 1, NVIDIA A10G, 0 %, 0 %, 0 MiB, 23028 MiB
2026/02/25 16:37:11.887, 2, NVIDIA A10G, 0 %, 0 %, 0 MiB, 23028 MiB
2026/02/25 16:37:11.887, 3, NVIDIA A10G, 0 %, 0 %, 0 MiB, 23028 MiB
2026/02/25 16:37:12.887, 0, NVIDIA A10G, 0 %, 0 %, 2049 MiB, 23028 MiB
2026/02/25 16:37:12.887, 1, NVIDIA A10G, 0 %, 0 %, 0 MiB, 23028 MiB
2026/02/25 16:37:12.887, 2, NVIDIA A10G, 0 %, 0 %, 0 MiB, 23028 MiB
2026/02/25 16:37:12.887, 3, NVIDIA A10G, 0 %, 0 %, 0 MiB, 23028 MiB
2026/02/25 16:37:13.887, 0, NVIDIA A10G, 0 %, 0 %, 2049 MiB, 23028 MiB
2026/02/25 16:37:13.887, 1, NVIDIA A10G, 0 %, 0 %, 0 MiB, 23028 MiB
2026/02/25 16:37:13.888, 2, NVIDIA A10G, 0 %, 0 %, 0 MiB, 23028 MiB
2026/02/25 16:37:13.888, 3, NVIDIA A10G, 0 %, 0 %, 0 MiB, 23028 MiB
2026/02/25 16:37:14.888, 0, NVIDIA A10G, 19 %, 6 %, 2049 MiB, 23028 MiB
2026/02/25 16:37:14.888, 1, NVIDIA A10G, 0 %, 0 %, 0 MiB, 23028 MiB
2026/02/25 16:37:14.888, 2, NVIDIA A10G, 0 %, 0 %, 0 MiB, 23028 MiB
2026/02/25 16:37:14.888, 3, NVIDIA A10G, 0 %, 0 %, 0 MiB, 23028 MiB
2026/02/25 16:37:15.888, 0, NVIDIA A10G, 24 %, 9 %, 2049 MiB, 23028 MiB
2026/02/25 16:37:15.888, 1, NVIDIA A10G, 0 %, 0 %, 0 MiB, 23028 MiB
2026/02/25 16:37:15.888, 2, NVIDIA A10G, 0 %, 0 %, 0 MiB, 23028 MiB
2026/02/25 16:37:15.888, 3, NVIDIA A10G, 0 %, 0 %, 0 MiB, 23028 MiB
2026/02/25 16:37:16.888, 0, NVIDIA A10G, 24 %, 9 %, 2049 MiB, 23028 MiB
2026/02/25 16:37:16.889, 1, NVIDIA A10G, 0 %, 0 %, 0 MiB, 23028 MiB
2026/02/25 16:37:16.889, 2, NVIDIA A10G, 0 %, 0 %, 0 MiB, 23028 MiB
2026/02/25 16:37:16.889, 3, NVIDIA A10G, 0 %, 0 %, 0 MiB, 23028 MiB
2026/02/25 16:37:17.889, 0, NVIDIA A10G, 22 %, 8 %, 2049 MiB, 23028 MiB
2026/02/25 16:37:17.889, 1, NVIDIA A10G, 0 %, 0 %, 0 MiB, 23028 MiB
2026/02/25 16:37:17.889, 2, NVIDIA A10G, 0 %, 0 %, 0 MiB, 23028 MiB
2026/02/25 16:37:17.889, 3, NVIDIA A10G, 0 %, 0 %, 0 MiB, 23028 MiB
2026/02/25 16:37:18.889, 0, NVIDIA A10G, 24 %, 9 %, 2049 MiB, 23028 MiB
2026/02/25 16:37:18.889, 1, NVIDIA A10G, 0 %, 0 %, 0 MiB, 23028 MiB
2026/02/25 16:37:18.889, 2, NVIDIA A10G, 0 %, 0 %, 0 MiB, 23028 MiB
2026/02/25 16:37:18.889, 3, NVIDIA A10G, 0 %, 0 %, 0 MiB, 23028 MiB
2026/02/25 16:37:19.889, 0, NVIDIA A10G, 23 %, 8 %, 2049 MiB, 23028 MiB
2026/02/25 16:37:19.890, 1, NVIDIA A10G, 0 %, 0 %, 0 MiB, 23028 MiB
2026/02/25 16:37:19.890, 2, NVIDIA A10G, 0 %, 0 %, 0 MiB, 23028 MiB
2026/02/25 16:37:19.890, 3, NVIDIA A10G, 0 %, 0 %, 0 MiB, 23028 MiB
2026/02/25 16:37:20.890, 0, NVIDIA A10G, 22 %, 7 %, 2049 MiB, 23028 MiB
2026/02/25 16:37:20.890, 1, NVIDIA A10G, 0 %, 0 %, 0 MiB, 23028 MiB
2026/02/25 16:37:20.890, 2, NVIDIA A10G, 0 %, 0 %, 0 MiB, 23028 MiB
2026/02/25 16:37:20.890, 3, NVIDIA A10G, 0 %, 0 %, 0 MiB, 23028 MiB
2026/02/25 16:37:21.890, 0, NVIDIA A10G, 20 %, 7 %, 2049 MiB, 23028 MiB
2026/02/25 16:37:21.890, 1, NVIDIA A10G, 0 %, 0 %, 0 MiB, 23028 MiB
2026/02/25 16:37:21.890, 2, NVIDIA A10G, 0 %, 0 %, 0 MiB, 23028 MiB
2026/02/25 16:37:21.891, 3, NVIDIA A10G, 0 %, 0 %, 0 MiB, 23028 MiB
2026/02/25 16:37:22.891, 0, NVIDIA A10G, 24 %, 8 %, 2049 MiB, 23028 MiB
2026/02/25 16:37:22.891, 1, NVIDIA A10G, 0 %, 0 %, 0 MiB, 23028 MiB
2026/02/25 16:37:22.891, 2, NVIDIA A10G, 0 %, 0 %, 0 MiB, 23028 MiB
2026/02/25 16:37:22.891, 3, NVIDIA A10G, 0 %, 0 %, 0 MiB, 23028 MiB
2026/02/25 16:37:23.891, 0, NVIDIA A10G, 0 %, 0 %, 2049 MiB, 23028 MiB
2026/02/25 16:37:23.891, 1, NVIDIA A10G, 0 %, 0 %, 0 MiB, 23028 MiB
2026/02/25 16:37:23.891, 2, NVIDIA A10G, 0 %, 0 %, 0 MiB, 23028 MiB
2026/02/25 16:37:23.891, 3, NVIDIA A10G, 0 %, 0 %, 0 MiB, 23028 MiB
2026/02/25 16:37:24.891, 0, NVIDIA A10G, 0 %, 0 %, 2049 MiB, 23028 MiB
2026/02/25 16:37:24.891, 1, NVIDIA A10G, 0 %, 0 %, 0 MiB, 23028 MiB
2026/02/25 16:37:24.891, 2, NVIDIA A10G, 0 %, 0 %, 0 MiB, 23028 MiB
2026/02/25 16:37:24.891, 3, NVIDIA A10G, 0 %, 0 %, 0 MiB, 23028 MiB
2026/02/25 16:37:25.892, 0, NVIDIA A10G, 0 %, 0 %, 2049 MiB, 23028 MiB
2026/02/25 16:37:25.892, 1, NVIDIA A10G, 0 %, 0 %, 0 MiB, 23028 MiB
2026/02/25 16:37:25.892, 2, NVIDIA A10G, 0 %, 0 %, 0 MiB, 23028 MiB
2026/02/25 16:37:25.892, 3, NVIDIA A10G, 0 %, 0 %, 0 MiB, 23028 MiB
2026/02/25 16:37:26.892, 0, NVIDIA A10G, 0 %, 0 %, 2049 MiB, 23028 MiB
2026/02/25 16:37:26.892, 1, NVIDIA A10G, 0 %, 0 %, 0 MiB, 23028 MiB
2026/02/25 16:37:26.892, 2, NVIDIA A10G, 0 %, 0 %, 0 MiB, 23028 MiB
2026/02/25 16:37:26.892, 3, NVIDIA A10G, 0 %, 0 %, 0 MiB, 23028 MiB
2026/02/25 16:37:27.892, 0, NVIDIA A10G, 0 %, 0 %, 2049 MiB, 23028 MiB
2026/02/25 16:37:27.892, 1, NVIDIA A10G, 0 %, 0 %, 0 MiB, 23028 MiB
2026/02/25 16:37:27.892, 2, NVIDIA A10G, 0 %, 0 %, 0 MiB, 23028 MiB
2026/02/25 16:37:27.892, 3, NVIDIA A10G, 0 %, 0 %, 0 MiB, 23028 MiB
2026/02/25 16:37:28.893, 0, NVIDIA A10G, 0 %, 0 %, 2049 MiB, 23028 MiB
2026/02/25 16:37:28.893, 1, NVIDIA A10G, 0 %, 0 %, 0 MiB, 23028 MiB
2026/02/25 16:37:28.893, 2, NVIDIA A10G, 0 %, 0 %, 0 MiB, 23028 MiB
2026/02/25 16:37:28.893, 3, NVIDIA A10G, 0 %, 0 %, 0 MiB, 23028 MiB
2026/02/25 16:37:29.893, 0, NVIDIA A10G, 0 %, 0 %, 2049 MiB, 23028 MiB
2026/02/25 16:37:29.893, 1, NVIDIA A10G, 0 %, 0 %, 0 MiB, 23028 MiB
2026/02/25 16:37:29.893, 2, NVIDIA A10G, 0 %, 0 %, 0 MiB, 23028 MiB
2026/02/25 16:37:29.893, 3, NVIDIA A10G, 0 %, 0 %, 0 MiB, 23028 MiB
2026/02/25 16:37:30.893, 0, NVIDIA A10G, 0 %, 0 %, 2049 MiB, 23028 MiB
2026/02/25 16:37:30.893, 1, NVIDIA A10G, 0 %, 0 %, 0 MiB, 23028 MiB
2026/02/25 16:37:30.893, 2, NVIDIA A10G, 0 %, 0 %, 0 MiB, 23028 MiB
2026/02/25 16:37:30.893, 3, NVIDIA A10G, 0 %, 0 %, 0 MiB, 23028 MiB
2026/02/25 16:37:31.894, 0, NVIDIA A10G, 0 %, 0 %, 2049 MiB, 23028 MiB
2026/02/25 16:37:31.894, 1, NVIDIA A10G, 0 %, 0 %, 0 MiB, 23028 MiB
2026/02/25 16:37:31.894, 2, NVIDIA A10G, 0 %, 0 %, 0 MiB, 23028 MiB
2026/02/25 16:37:31.894, 3, NVIDIA A10G, 0 %, 0 %, 0 MiB, 23028 MiB
2026/02/25 16:37:32.894, 0, NVIDIA A10G, 0 %, 0 %, 2049 MiB, 23028 MiB
2026/02/25 16:37:32.894, 1, NVIDIA A10G, 0 %, 0 %, 0 MiB, 23028 MiB
2026/02/25 16:37:32.894, 2, NVIDIA A10G, 0 %, 0 %, 0 MiB, 23028 MiB
2026/02/25 16:37:32.894, 3, NVIDIA A10G, 0 %, 0 %, 0 MiB, 23028 MiB
2026/02/25 16:37:33.894, 0, NVIDIA A10G, 0 %, 0 %, 2049 MiB, 23028 MiB
2026/02/25 16:37:33.894, 1, NVIDIA A10G, 0 %, 0 %, 0 MiB, 23028 MiB
2026/02/25 16:37:33.894, 2, NVIDIA A10G, 0 %, 0 %, 0 MiB, 23028 MiB
2026/02/25 16:37:33.894, 3, NVIDIA A10G, 0 %, 0 %, 0 MiB, 23028 MiB
2026/02/25 16:37:34.894, 0, NVIDIA A10G, 22 %, 7 %, 2049 MiB, 23028 MiB
2026/02/25 16:37:34.895, 1, NVIDIA A10G, 0 %, 0 %, 0 MiB, 23028 MiB
2026/02/25 16:37:34.895, 2, NVIDIA A10G, 0 %, 0 %, 0 MiB, 23028 MiB
2026/02/25 16:37:34.895, 3, NVIDIA A10G, 0 %, 0 %, 0 MiB, 23028 MiB
2026/02/25 16:37:35.895, 0, NVIDIA A10G, 22 %, 8 %, 2049 MiB, 23028 MiB
2026/02/25 16:37:35.895, 1, NVIDIA A10G, 0 %, 0 %, 0 MiB, 23028 MiB
2026/02/25 16:37:35.895, 2, NVIDIA A10G, 0 %, 0 %, 0 MiB, 23028 MiB
2026/02/25 16:37:35.895, 3, NVIDIA A10G, 0 %, 0 %, 0 MiB, 23028 MiB
2026/02/25 16:37:36.895, 0, NVIDIA A10G, 21 %, 7 %, 2049 MiB, 23028 MiB
2026/02/25 16:37:36.895, 1, NVIDIA A10G, 0 %, 0 %, 0 MiB, 23028 MiB
2026/02/25 16:37:36.895, 2, NVIDIA A10G, 0 %, 0 %, 0 MiB, 23028 MiB
2026/02/25 16:37:36.895, 3, NVIDIA A10G, 0 %, 0 %, 0 MiB, 23028 MiB
2026/02/25 16:37:37.895, 0, NVIDIA A10G, 21 %, 7 %, 2049 MiB, 23028 MiB
2026/02/25 16:37:37.895, 1, NVIDIA A10G, 0 %, 0 %, 0 MiB, 23028 MiB
2026/02/25 16:37:37.896, 2, NVIDIA A10G, 0 %, 0 %, 0 MiB, 23028 MiB
2026/02/25 16:37:37.896, 3, NVIDIA A10G, 0 %, 0 %, 0 MiB, 23028 MiB
2026/02/25 16:37:38.896, 0, NVIDIA A10G, 22 %, 8 %, 2049 MiB, 23028 MiB
2026/02/25 16:37:38.896, 1, NVIDIA A10G, 0 %, 0 %, 0 MiB, 23028 MiB
2026/02/25 16:37:38.896, 2, NVIDIA A10G, 0 %, 0 %, 0 MiB, 23028 MiB
2026/02/25 16:37:38.896, 3, NVIDIA A10G, 0 %, 0 %, 0 MiB, 23028 MiB
2026/02/25 16:37:39.896, 0, NVIDIA A10G, 22 %, 7 %, 2049 MiB, 23028 MiB
2026/02/25 16:37:39.896, 1, NVIDIA A10G, 0 %, 0 %, 0 MiB, 23028 MiB
2026/02/25 16:37:39.896, 2, NVIDIA A10G, 0 %, 0 %, 0 MiB, 23028 MiB
2026/02/25 16:37:39.896, 3, NVIDIA A10G, 0 %, 0 %, 0 MiB, 23028 MiB
2026/02/25 16:37:40.896, 0, NVIDIA A10G, 22 %, 7 %, 2049 MiB, 23028 MiB
2026/02/25 16:37:40.897, 1, NVIDIA A10G, 0 %, 0 %, 0 MiB, 23028 MiB
2026/02/25 16:37:40.897, 2, NVIDIA A10G, 0 %, 0 %, 0 MiB, 23028 MiB
2026/02/25 16:37:40.897, 3, NVIDIA A10G, 0 %, 0 %, 0 MiB, 23028 MiB
2026/02/25 16:37:41.897, 0, NVIDIA A10G, 22 %, 8 %, 2049 MiB, 23028 MiB
2026/02/25 16:37:41.897, 1, NVIDIA A10G, 0 %, 0 %, 0 MiB, 23028 MiB
2026/02/25 16:37:41.897, 2, NVIDIA A10G, 0 %, 0 %, 0 MiB, 23028 MiB
2026/02/25 16:37:41.897, 3, NVIDIA A10G, 0 %, 0 %, 0 MiB, 23028 MiB
2026/02/25 16:37:42.897, 0, NVIDIA A10G, 24 %, 8 %, 2049 MiB, 23028 MiB
2026/02/25 16:37:42.897, 1, NVIDIA A10G, 0 %, 0 %, 0 MiB, 23028 MiB
2026/02/25 16:37:42.897, 2, NVIDIA A10G, 0 %, 0 %, 0 MiB, 23028 MiB
2026/02/25 16:37:42.897, 3, NVIDIA A10G, 0 %, 0 %, 0 MiB, 23028 MiB
2026/02/25 16:37:43.897, 0, NVIDIA A10G, 22 %, 7 %, 2049 MiB, 23028 MiB
2026/02/25 16:37:43.897, 1, NVIDIA A10G, 0 %, 0 %, 0 MiB, 23028 MiB
2026/02/25 16:37:43.898, 2, NVIDIA A10G, 0 %, 0 %, 0 MiB, 23028 MiB
2026/02/25 16:37:43.898, 3, NVIDIA A10G, 0 %, 0 %, 0 MiB, 23028 MiB
2026/02/25 16:37:44.898, 0, NVIDIA A10G, 23 %, 8 %, 2049 MiB, 23028 MiB
2026/02/25 16:37:44.898, 1, NVIDIA A10G, 0 %, 0 %, 0 MiB, 23028 MiB
2026/02/25 16:37:44.898, 2, NVIDIA A10G, 0 %, 0 %, 0 MiB, 23028 MiB
2026/02/25 16:37:44.898, 3, NVIDIA A10G, 0 %, 0 %, 0 MiB, 23028 MiB
2026/02/25 16:37:45.898, 0, NVIDIA A10G, 17 %, 6 %, 2049 MiB, 23028 MiB
2026/02/25 16:37:45.898, 1, NVIDIA A10G, 0 %, 0 %, 0 MiB, 23028 MiB
2026/02/25 16:37:45.898, 2, NVIDIA A10G, 0 %, 0 %, 0 MiB, 23028 MiB
2026/02/25 16:37:45.898, 3, NVIDIA A10G, 0 %, 0 %, 0 MiB, 23028 MiB
2026/02/25 16:37:46.898, 0, NVIDIA A10G, 0 %, 0 %, 2049 MiB, 23028 MiB
2026/02/25 16:37:46.898, 1, NVIDIA A10G, 0 %, 0 %, 0 MiB, 23028 MiB
2026/02/25 16:37:46.898, 2, NVIDIA A10G, 0 %, 0 %, 0 MiB, 23028 MiB
2026/02/25 16:37:46.898, 3, NVIDIA A10G, 0 %, 0 %, 0 MiB, 23028 MiB
2026/02/25 16:37:47.899, 0, NVIDIA A10G, 0 %, 0 %, 2049 MiB, 23028 MiB
2026/02/25 16:37:47.899, 1, NVIDIA A10G, 0 %, 0 %, 0 MiB, 23028 MiB
2026/02/25 16:37:47.899, 2, NVIDIA A10G, 0 %, 0 %, 0 MiB, 23028 MiB
2026/02/25 16:37:47.899, 3, NVIDIA A10G, 0 %, 0 %, 0 MiB, 23028 MiB
2026/02/25 16:37:48.899, 0, NVIDIA A10G, 0 %, 0 %, 2049 MiB, 23028 MiB
2026/02/25 16:37:48.899, 1, NVIDIA A10G, 0 %, 0 %, 0 MiB, 23028 MiB
2026/02/25 16:37:48.899, 2, NVIDIA A10G, 0 %, 0 %, 0 MiB, 23028 MiB
2026/02/25 16:37:48.899, 3, NVIDIA A10G, 0 %, 0 %, 0 MiB, 23028 MiB
2026/02/25 16:37:49.899, 0, NVIDIA A10G, 0 %, 0 %, 2049 MiB, 23028 MiB
2026/02/25 16:37:49.899, 1, NVIDIA A10G, 0 %, 0 %, 0 MiB, 23028 MiB
2026/02/25 16:37:49.899, 2, NVIDIA A10G, 0 %, 0 %, 0 MiB, 23028 MiB
2026/02/25 16:37:49.900, 3, NVIDIA A10G, 0 %, 0 %, 0 MiB, 23028 MiB
2026/02/25 16:37:50.900, 0, NVIDIA A10G, 0 %, 0 %, 2049 MiB, 23028 MiB
2026/02/25 16:37:50.900, 1, NVIDIA A10G, 0 %, 0 %, 0 MiB, 23028 MiB
2026/02/25 16:37:50.900, 2, NVIDIA A10G, 0 %, 0 %, 0 MiB, 23028 MiB
2026/02/25 16:37:50.900, 3, NVIDIA A10G, 0 %, 0 %, 0 MiB, 23028 MiB
2026/02/25 16:37:51.900, 0, NVIDIA A10G, 0 %, 0 %, 2049 MiB, 23028 MiB
2026/02/25 16:37:51.900, 1, NVIDIA A10G, 0 %, 0 %, 0 MiB, 23028 MiB
2026/02/25 16:37:51.900, 2, NVIDIA A10G, 0 %, 0 %, 0 MiB, 23028 MiB
2026/02/25 16:37:51.900, 3, NVIDIA A10G, 0 %, 0 %, 0 MiB, 23028 MiB
2026/02/25 16:37:52.901, 0, NVIDIA A10G, 0 %, 0 %, 2049 MiB, 23028 MiB
2026/02/25 16:37:52.901, 1, NVIDIA A10G, 0 %, 0 %, 0 MiB, 23028 MiB
2026/02/25 16:37:52.901, 2, NVIDIA A10G, 0 %, 0 %, 0 MiB, 23028 MiB
2026/02/25 16:37:52.901, 3, NVIDIA A10G, 0 %, 0 %, 0 MiB, 23028 MiB
2026/02/25 16:37:53.901, 0, NVIDIA A10G, 22 %, 8 %, 2049 MiB, 23028 MiB
2026/02/25 16:37:53.901, 1, NVIDIA A10G, 0 %, 0 %, 0 MiB, 23028 MiB
2026/02/25 16:37:53.901, 2, NVIDIA A10G, 0 %, 0 %, 0 MiB, 23028 MiB
2026/02/25 16:37:53.901, 3, NVIDIA A10G, 0 %, 0 %, 0 MiB, 23028 MiB
2026/02/25 16:37:54.901, 0, NVIDIA A10G, 24 %, 9 %, 2049 MiB, 23028 MiB
2026/02/25 16:37:54.901, 1, NVIDIA A10G, 0 %, 0 %, 0 MiB, 23028 MiB
2026/02/25 16:37:54.901, 2, NVIDIA A10G, 0 %, 0 %, 0 MiB, 23028 MiB
2026/02/25 16:37:54.901, 3, NVIDIA A10G, 0 %, 0 %, 0 MiB, 23028 MiB
2026/02/25 16:37:55.901, 0, NVIDIA A10G, 22 %, 8 %, 2049 MiB, 23028 MiB
2026/02/25 16:37:55.902, 1, NVIDIA A10G, 0 %, 0 %, 0 MiB, 23028 MiB
2026/02/25 16:37:55.902, 2, NVIDIA A10G, 0 %, 0 %, 0 MiB, 23028 MiB
2026/02/25 16:37:55.902, 3, NVIDIA A10G, 0 %, 0 %, 0 MiB, 23028 MiB
2026/02/25 16:37:56.902, 0, NVIDIA A10G, 24 %, 9 %, 2049 MiB, 23028 MiB
2026/02/25 16:37:56.902, 1, NVIDIA A10G, 0 %, 0 %, 0 MiB, 23028 MiB
2026/02/25 16:37:56.902, 2, NVIDIA A10G, 0 %, 0 %, 0 MiB, 23028 MiB
2026/02/25 16:37:56.902, 3, NVIDIA A10G, 0 %, 0 %, 0 MiB, 23028 MiB
2026/02/25 16:37:57.902, 0, NVIDIA A10G, 22 %, 8 %, 2049 MiB, 23028 MiB
2026/02/25 16:37:57.902, 1, NVIDIA A10G, 0 %, 0 %, 0 MiB, 23028 MiB
2026/02/25 16:37:57.902, 2, NVIDIA A10G, 0 %, 0 %, 0 MiB, 23028 MiB
2026/02/25 16:37:57.902, 3, NVIDIA A10G, 0 %, 0 %, 0 MiB, 23028 MiB
2026/02/25 16:37:58.902, 0, NVIDIA A10G, 24 %, 9 %, 2049 MiB, 23028 MiB
2026/02/25 16:37:58.903, 1, NVIDIA A10G, 0 %, 0 %, 0 MiB, 23028 MiB
2026/02/25 16:37:58.903, 2, NVIDIA A10G, 0 %, 0 %, 0 MiB, 23028 MiB
2026/02/25 16:37:58.903, 3, NVIDIA A10G, 0 %, 0 %, 0 MiB, 23028 MiB
2026/02/25 16:37:59.903, 0, NVIDIA A10G, 23 %, 8 %, 2049 MiB, 23028 MiB
2026/02/25 16:37:59.903, 1, NVIDIA A10G, 0 %, 0 %, 0 MiB, 23028 MiB
2026/02/25 16:37:59.903, 2, NVIDIA A10G, 0 %, 0 %, 0 MiB, 23028 MiB
2026/02/25 16:37:59.903, 3, NVIDIA A10G, 0 %, 0 %, 0 MiB, 23028 MiB
2026/02/25 16:38:00.903, 0, NVIDIA A10G, 0 %, 0 %, 2049 MiB, 23028 MiB
2026/02/25 16:38:00.903, 1, NVIDIA A10G, 0 %, 0 %, 0 MiB, 23028 MiB
2026/02/25 16:38:00.903, 2, NVIDIA A10G, 0 %, 0 %, 0 MiB, 23028 MiB
2026/02/25 16:38:00.903, 3, NVIDIA A10G, 0 %, 0 %, 0 MiB, 23028 MiB
2026/02/25 16:38:01.904, 0, NVIDIA A10G, 0 %, 0 %, 2049 MiB, 23028 MiB
2026/02/25 16:38:01.904, 1, NVIDIA A10G, 0 %, 0 %, 0 MiB, 23028 MiB
2026/02/25 16:38:01.904, 2, NVIDIA A10G, 0 %, 0 %, 0 MiB, 23028 MiB
2026/02/25 16:38:01.904, 3, NVIDIA A10G, 0 %, 0 %, 0 MiB, 23028 MiB
2026/02/25 16:38:02.904, 0, NVIDIA A10G, 0 %, 0 %, 2049 MiB, 23028 MiB
2026/02/25 16:38:02.904, 1, NVIDIA A10G, 0 %, 0 %, 0 MiB, 23028 MiB
2026/02/25 16:38:02.904, 2, NVIDIA A10G, 0 %, 0 %, 0 MiB, 23028 MiB
2026/02/25 16:38:02.904, 3, NVIDIA A10G, 0 %, 0 %, 0 MiB, 23028 MiB
2026/02/25 16:38:03.904, 0, NVIDIA A10G, 0 %, 0 %, 2049 MiB, 23028 MiB
2026/02/25 16:38:03.904, 1, NVIDIA A10G, 0 %, 0 %, 0 MiB, 23028 MiB
2026/02/25 16:38:03.904, 2, NVIDIA A10G, 0 %, 0 %, 0 MiB, 23028 MiB
2026/02/25 16:38:03.904, 3, NVIDIA A10G, 0 %, 0 %, 0 MiB, 23028 MiB
2026/02/25 16:38:04.905, 0, NVIDIA A10G, 0 %, 0 %, 2049 MiB, 23028 MiB
2026/02/25 16:38:04.905, 1, NVIDIA A10G, 0 %, 0 %, 0 MiB, 23028 MiB
2026/02/25 16:38:04.905, 2, NVIDIA A10G, 0 %, 0 %, 0 MiB, 23028 MiB
2026/02/25 16:38:04.905, 3, NVIDIA A10G, 0 %, 0 %, 0 MiB, 23028 MiB
2026/02/25 16:38:05.905, 0, NVIDIA A10G, 0 %, 0 %, 2049 MiB, 23028 MiB
2026/02/25 16:38:05.905, 1, NVIDIA A10G, 0 %, 0 %, 0 MiB, 23028 MiB
2026/02/25 16:38:05.905, 2, NVIDIA A10G, 0 %, 0 %, 0 MiB, 23028 MiB
2026/02/25 16:38:05.905, 3, NVIDIA A10G, 0 %, 0 %, 0 MiB, 23028 MiB
2026/02/25 16:38:06.905, 0, NVIDIA A10G, 0 %, 0 %, 2049 MiB, 23028 MiB
2026/02/25 16:38:06.905, 1, NVIDIA A10G, 0 %, 0 %, 0 MiB, 23028 MiB
2026/02/25 16:38:06.905, 2, NVIDIA A10G, 0 %, 0 %, 0 MiB, 23028 MiB
2026/02/25 16:38:06.905, 3, NVIDIA A10G, 0 %, 0 %, 0 MiB, 23028 MiB
2026/02/25 16:38:07.906, 0, NVIDIA A10G, 22 %, 8 %, 2049 MiB, 23028 MiB
2026/02/25 16:38:07.906, 1, NVIDIA A10G, 0 %, 0 %, 0 MiB, 23028 MiB
2026/02/25 16:38:07.906, 2, NVIDIA A10G, 0 %, 0 %, 0 MiB, 23028 MiB
2026/02/25 16:38:07.906, 3, NVIDIA A10G, 0 %, 0 %, 0 MiB, 23028 MiB
2026/02/25 16:38:08.906, 0, NVIDIA A10G, 22 %, 7 %, 2049 MiB, 23028 MiB
2026/02/25 16:38:08.906, 1, NVIDIA A10G, 0 %, 0 %, 0 MiB, 23028 MiB
2026/02/25 16:38:08.906, 2, NVIDIA A10G, 0 %, 0 %, 0 MiB, 23028 MiB
2026/02/25 16:38:08.906, 3, NVIDIA A10G, 0 %, 0 %, 0 MiB, 23028 MiB
2026/02/25 16:38:09.906, 0, NVIDIA A10G, 24 %, 8 %, 2049 MiB, 23028 MiB
2026/02/25 16:38:09.906, 1, NVIDIA A10G, 0 %, 0 %, 0 MiB, 23028 MiB
2026/02/25 16:38:09.906, 2, NVIDIA A10G, 0 %, 0 %, 0 MiB, 23028 MiB
2026/02/25 16:38:09.906, 3, NVIDIA A10G, 0 %, 0 %, 0 MiB, 23028 MiB
2026/02/25 16:38:10.906, 0, NVIDIA A10G, 21 %, 7 %, 2049 MiB, 23028 MiB
2026/02/25 16:38:10.907, 1, NVIDIA A10G, 0 %, 0 %, 0 MiB, 23028 MiB
2026/02/25 16:38:10.907, 2, NVIDIA A10G, 0 %, 0 %, 0 MiB, 23028 MiB
2026/02/25 16:38:10.907, 3, NVIDIA A10G, 0 %, 0 %, 0 MiB, 23028 MiB
2026/02/25 16:38:11.907, 0, NVIDIA A10G, 20 %, 7 %, 2049 MiB, 23028 MiB
2026/02/25 16:38:11.907, 1, NVIDIA A10G, 0 %, 0 %, 0 MiB, 23028 MiB
2026/02/25 16:38:11.907, 2, NVIDIA A10G, 0 %, 0 %, 0 MiB, 23028 MiB
2026/02/25 16:38:11.907, 3, NVIDIA A10G, 0 %, 0 %, 0 MiB, 23028 MiB
2026/02/25 16:38:12.907, 0, NVIDIA A10G, 23 %, 8 %, 2049 MiB, 23028 MiB
2026/02/25 16:38:12.907, 1, NVIDIA A10G, 0 %, 0 %, 0 MiB, 23028 MiB
2026/02/25 16:38:12.907, 2, NVIDIA A10G, 0 %, 0 %, 0 MiB, 23028 MiB
2026/02/25 16:38:12.907, 3, NVIDIA A10G, 0 %, 0 %, 0 MiB, 23028 MiB
2026/02/25 16:38:13.908, 0, NVIDIA A10G, 0 %, 0 %, 2049 MiB, 23028 MiB
2026/02/25 16:38:13.908, 1, NVIDIA A10G, 0 %, 0 %, 0 MiB, 23028 MiB
2026/02/25 16:38:13.908, 2, NVIDIA A10G, 0 %, 0 %, 0 MiB, 23028 MiB
2026/02/25 16:38:13.908, 3, NVIDIA A10G, 0 %, 0 %, 0 MiB, 23028 MiB
2026/02/25 16:38:14.908, 0, NVIDIA A10G, 0 %, 0 %, 2049 MiB, 23028 MiB
2026/02/25 16:38:14.908, 1, NVIDIA A10G, 0 %, 0 %, 0 MiB, 23028 MiB
2026/02/25 16:38:14.908, 2, NVIDIA A10G, 0 %, 0 %, 0 MiB, 23028 MiB
2026/02/25 16:38:14.908, 3, NVIDIA A10G, 0 %, 0 %, 0 MiB, 23028 MiB
2026/02/25 16:38:15.908, 0, NVIDIA A10G, 0 %, 0 %, 2049 MiB, 23028 MiB
2026/02/25 16:38:15.908, 1, NVIDIA A10G, 0 %, 0 %, 0 MiB, 23028 MiB
2026/02/25 16:38:15.908, 2, NVIDIA A10G, 0 %, 0 %, 0 MiB, 23028 MiB
2026/02/25 16:38:15.908, 3, NVIDIA A10G, 0 %, 0 %, 0 MiB, 23028 MiB
2026/02/25 16:38:16.909, 0, NVIDIA A10G, 0 %, 0 %, 2049 MiB, 23028 MiB
2026/02/25 16:38:16.909, 1, NVIDIA A10G, 0 %, 0 %, 0 MiB, 23028 MiB
2026/02/25 16:38:16.909, 2, NVIDIA A10G, 0 %, 0 %, 0 MiB, 23028 MiB
2026/02/25 16:38:16.909, 3, NVIDIA A10G, 0 %, 0 %, 0 MiB, 23028 MiB
2026/02/25 16:38:17.909, 0, NVIDIA A10G, 0 %, 0 %, 2049 MiB, 23028 MiB
2026/02/25 16:38:17.909, 1, NVIDIA A10G, 0 %, 0 %, 0 MiB, 23028 MiB
2026/02/25 16:38:17.909, 2, NVIDIA A10G, 0 %, 0 %, 0 MiB, 23028 MiB
2026/02/25 16:38:17.909, 3, NVIDIA A10G, 0 %, 0 %, 0 MiB, 23028 MiB
2026/02/25 16:38:18.909, 0, NVIDIA A10G, 0 %, 0 %, 2049 MiB, 23028 MiB
2026/02/25 16:38:18.909, 1, NVIDIA A10G, 0 %, 0 %, 0 MiB, 23028 MiB
2026/02/25 16:38:18.909, 2, NVIDIA A10G, 0 %, 0 %, 0 MiB, 23028 MiB
2026/02/25 16:38:18.909, 3, NVIDIA A10G, 0 %, 0 %, 0 MiB, 23028 MiB
2026/02/25 16:38:19.909, 0, NVIDIA A10G, 24 %, 8 %, 2049 MiB, 23028 MiB
2026/02/25 16:38:19.909, 1, NVIDIA A10G, 0 %, 0 %, 0 MiB, 23028 MiB
2026/02/25 16:38:19.909, 2, NVIDIA A10G, 0 %, 0 %, 0 MiB, 23028 MiB
2026/02/25 16:38:19.909, 3, NVIDIA A10G, 0 %, 0 %, 0 MiB, 23028 MiB
2026/02/25 16:38:20.910, 0, NVIDIA A10G, 22 %, 7 %, 2049 MiB, 23028 MiB
2026/02/25 16:38:20.910, 1, NVIDIA A10G, 0 %, 0 %, 0 MiB, 23028 MiB
2026/02/25 16:38:20.910, 2, NVIDIA A10G, 0 %, 0 %, 0 MiB, 23028 MiB
2026/02/25 16:38:20.910, 3, NVIDIA A10G, 0 %, 0 %, 0 MiB, 23028 MiB
2026/02/25 16:38:21.910, 0, NVIDIA A10G, 24 %, 9 %, 2049 MiB, 23028 MiB
2026/02/25 16:38:21.910, 1, NVIDIA A10G, 0 %, 0 %, 0 MiB, 23028 MiB
2026/02/25 16:38:21.910, 2, NVIDIA A10G, 0 %, 0 %, 0 MiB, 23028 MiB
2026/02/25 16:38:21.910, 3, NVIDIA A10G, 0 %, 0 %, 0 MiB, 23028 MiB
2026/02/25 16:38:22.910, 0, NVIDIA A10G, 24 %, 8 %, 2049 MiB, 23028 MiB
2026/02/25 16:38:22.910, 1, NVIDIA A10G, 0 %, 0 %, 0 MiB, 23028 MiB
2026/02/25 16:38:22.910, 2, NVIDIA A10G, 0 %, 0 %, 0 MiB, 23028 MiB
2026/02/25 16:38:22.910, 3, NVIDIA A10G, 0 %, 0 %, 0 MiB, 23028 MiB
2026/02/25 16:38:23.911, 0, NVIDIA A10G, 23 %, 8 %, 2049 MiB, 23028 MiB
2026/02/25 16:38:23.911, 1, NVIDIA A10G, 0 %, 0 %, 0 MiB, 23028 MiB
2026/02/25 16:38:23.911, 2, NVIDIA A10G, 0 %, 0 %, 0 MiB, 23028 MiB
2026/02/25 16:38:23.911, 3, NVIDIA A10G, 0 %, 0 %, 0 MiB, 23028 MiB
2026/02/25 16:38:24.911, 0, NVIDIA A10G, 23 %, 8 %, 2049 MiB, 23028 MiB
2026/02/25 16:38:24.911, 1, NVIDIA A10G, 0 %, 0 %, 0 MiB, 23028 MiB
2026/02/25 16:38:24.911, 2, NVIDIA A10G, 0 %, 0 %, 0 MiB, 23028 MiB
2026/02/25 16:38:24.911, 3, NVIDIA A10G, 0 %, 0 %, 0 MiB, 23028 MiB
2026/02/25 16:38:25.911, 0, NVIDIA A10G, 0 %, 0 %, 2049 MiB, 23028 MiB
2026/02/25 16:38:25.911, 1, NVIDIA A10G, 0 %, 0 %, 0 MiB, 23028 MiB
2026/02/25 16:38:25.911, 2, NVIDIA A10G, 0 %, 0 %, 0 MiB, 23028 MiB
2026/02/25 16:38:25.911, 3, NVIDIA A10G, 0 %, 0 %, 0 MiB, 23028 MiB
2026/02/25 16:38:26.911, 0, NVIDIA A10G, 0 %, 0 %, 2049 MiB, 23028 MiB
2026/02/25 16:38:26.912, 1, NVIDIA A10G, 0 %, 0 %, 0 MiB, 23028 MiB
2026/02/25 16:38:26.912, 2, NVIDIA A10G, 0 %, 0 %, 0 MiB, 23028 MiB
2026/02/25 16:38:26.912, 3, NVIDIA A10G, 0 %, 0 %, 0 MiB, 23028 MiB
2026/02/25 16:38:27.912, 0, NVIDIA A10G, 0 %, 0 %, 2049 MiB, 23028 MiB
2026/02/25 16:38:27.912, 1, NVIDIA A10G, 0 %, 0 %, 0 MiB, 23028 MiB
2026/02/25 16:38:27.912, 2, NVIDIA A10G, 0 %, 0 %, 0 MiB, 23028 MiB
2026/02/25 16:38:27.912, 3, NVIDIA A10G, 0 %, 0 %, 0 MiB, 23028 MiB
2026/02/25 16:38:28.912, 0, NVIDIA A10G, 0 %, 0 %, 2049 MiB, 23028 MiB
2026/02/25 16:38:28.912, 1, NVIDIA A10G, 0 %, 0 %, 0 MiB, 23028 MiB
2026/02/25 16:38:28.912, 2, NVIDIA A10G, 0 %, 0 %, 0 MiB, 23028 MiB
2026/02/25 16:38:28.912, 3, NVIDIA A10G, 0 %, 0 %, 0 MiB, 23028 MiB
2026/02/25 16:38:29.913, 0, NVIDIA A10G, 0 %, 0 %, 2049 MiB, 23028 MiB
2026/02/25 16:38:29.913, 1, NVIDIA A10G, 0 %, 0 %, 0 MiB, 23028 MiB
2026/02/25 16:38:29.913, 2, NVIDIA A10G, 0 %, 0 %, 0 MiB, 23028 MiB
2026/02/25 16:38:29.913, 3, NVIDIA A10G, 0 %, 0 %, 0 MiB, 23028 MiB
2026/02/25 16:38:30.913, 0, NVIDIA A10G, 0 %, 0 %, 2049 MiB, 23028 MiB
2026/02/25 16:38:30.913, 1, NVIDIA A10G, 0 %, 0 %, 0 MiB, 23028 MiB
2026/02/25 16:38:30.913, 2, NVIDIA A10G, 0 %, 0 %, 0 MiB, 23028 MiB
2026/02/25 16:38:30.913, 3, NVIDIA A10G, 0 %, 0 %, 0 MiB, 23028 MiB
2026/02/25 16:38:31.913, 0, NVIDIA A10G, 0 %, 0 %, 2049 MiB, 23028 MiB
2026/02/25 16:38:31.913, 1, NVIDIA A10G, 0 %, 0 %, 0 MiB, 23028 MiB
2026/02/25 16:38:31.913, 2, NVIDIA A10G, 0 %, 0 %, 0 MiB, 23028 MiB
2026/02/25 16:38:31.913, 3, NVIDIA A10G, 0 %, 0 %, 0 MiB, 23028 MiB
2026/02/25 16:38:32.913, 0, NVIDIA A10G, 0 %, 0 %, 2049 MiB, 23028 MiB
2026/02/25 16:38:32.913, 1, NVIDIA A10G, 0 %, 0 %, 0 MiB, 23028 MiB
2026/02/25 16:38:32.914, 2, NVIDIA A10G, 0 %, 0 %, 0 MiB, 23028 MiB
2026/02/25 16:38:32.914, 3, NVIDIA A10G, 0 %, 0 %, 0 MiB, 23028 MiB
2026/02/25 16:38:33.914, 0, NVIDIA A10G, 0 %, 0 %, 2049 MiB, 23028 MiB
2026/02/25 16:38:33.914, 1, NVIDIA A10G, 0 %, 0 %, 0 MiB, 23028 MiB
2026/02/25 16:38:33.914, 2, NVIDIA A10G, 0 %, 0 %, 0 MiB, 23028 MiB
2026/02/25 16:38:33.914, 3, NVIDIA A10G, 0 %, 0 %, 0 MiB, 23028 MiB
2026/02/25 16:38:34.914, 0, NVIDIA A10G, 0 %, 0 %, 2049 MiB, 23028 MiB
2026/02/25 16:38:34.914, 1, NVIDIA A10G, 0 %, 0 %, 0 MiB, 23028 MiB
2026/02/25 16:38:34.914, 2, NVIDIA A10G, 0 %, 0 %, 0 MiB, 23028 MiB
2026/02/25 16:38:34.914, 3, NVIDIA A10G, 0 %, 0 %, 0 MiB, 23028 MiB
2026/02/25 16:38:35.914, 0, NVIDIA A10G, 0 %, 0 %, 2049 MiB, 23028 MiB
2026/02/25 16:38:35.914, 1, NVIDIA A10G, 0 %, 0 %, 0 MiB, 23028 MiB
2026/02/25 16:38:35.914, 2, NVIDIA A10G, 0 %, 0 %, 0 MiB, 23028 MiB
2026/02/25 16:38:35.915, 3, NVIDIA A10G, 0 %, 0 %, 0 MiB, 23028 MiB
2026/02/25 16:38:36.915, 0, NVIDIA A10G, 0 %, 0 %, 2049 MiB, 23028 MiB
2026/02/25 16:38:36.915, 1, NVIDIA A10G, 0 %, 0 %, 0 MiB, 23028 MiB
2026/02/25 16:38:36.915, 2, NVIDIA A10G, 0 %, 0 %, 0 MiB, 23028 MiB
2026/02/25 16:38:36.915, 3, NVIDIA A10G, 0 %, 0 %, 0 MiB, 23028 MiB
2026/02/25 16:38:37.915, 0, NVIDIA A10G, 0 %, 0 %, 2049 MiB, 23028 MiB
2026/02/25 16:38:37.915, 1, NVIDIA A10G, 0 %, 0 %, 0 MiB, 23028 MiB
2026/02/25 16:38:37.915, 2, NVIDIA A10G, 0 %, 0 %, 0 MiB, 23028 MiB
2026/02/25 16:38:37.915, 3, NVIDIA A10G, 0 %, 0 %, 0 MiB, 23028 MiB
2026/02/25 16:38:38.915, 0, NVIDIA A10G, 91 %, 60 %, 2049 MiB, 23028 MiB
2026/02/25 16:38:38.915, 1, NVIDIA A10G, 0 %, 0 %, 0 MiB, 23028 MiB
2026/02/25 16:38:38.915, 2, NVIDIA A10G, 0 %, 0 %, 0 MiB, 23028 MiB
2026/02/25 16:38:38.915, 3, NVIDIA A10G, 0 %, 0 %, 0 MiB, 23028 MiB
2026/02/25 16:38:39.916, 0, NVIDIA A10G, 0 %, 0 %, 2049 MiB, 23028 MiB
2026/02/25 16:38:39.916, 1, NVIDIA A10G, 0 %, 0 %, 0 MiB, 23028 MiB
2026/02/25 16:38:39.916, 2, NVIDIA A10G, 0 %, 0 %, 0 MiB, 23028 MiB
2026/02/25 16:38:39.916, 3, NVIDIA A10G, 0 %, 0 %, 0 MiB, 23028 MiB
2026/02/25 16:38:40.916, 0, NVIDIA A10G, 23 %, 8 %, 2049 MiB, 23028 MiB
2026/02/25 16:38:40.916, 1, NVIDIA A10G, 0 %, 0 %, 0 MiB, 23028 MiB
2026/02/25 16:38:40.916, 2, NVIDIA A10G, 0 %, 0 %, 0 MiB, 23028 MiB
2026/02/25 16:38:40.916, 3, NVIDIA A10G, 0 %, 0 %, 0 MiB, 23028 MiB
2026/02/25 16:38:41.916, 0, NVIDIA A10G, 20 %, 6 %, 2049 MiB, 23028 MiB
2026/02/25 16:38:41.916, 1, NVIDIA A10G, 0 %, 0 %, 0 MiB, 23028 MiB
2026/02/25 16:38:41.916, 2, NVIDIA A10G, 0 %, 0 %, 0 MiB, 23028 MiB
2026/02/25 16:38:41.916, 3, NVIDIA A10G, 0 %, 0 %, 0 MiB, 23028 MiB
2026/02/25 16:38:42.916, 0, NVIDIA A10G, 22 %, 8 %, 2049 MiB, 23028 MiB
2026/02/25 16:38:42.916, 1, NVIDIA A10G, 0 %, 0 %, 0 MiB, 23028 MiB
2026/02/25 16:38:42.917, 2, NVIDIA A10G, 0 %, 0 %, 0 MiB, 23028 MiB
2026/02/25 16:38:42.917, 3, NVIDIA A10G, 0 %, 0 %, 0 MiB, 23028 MiB
2026/02/25 16:38:43.917, 0, NVIDIA A10G, 22 %, 7 %, 2049 MiB, 23028 MiB
2026/02/25 16:38:43.917, 1, NVIDIA A10G, 0 %, 0 %, 0 MiB, 23028 MiB
2026/02/25 16:38:43.917, 2, NVIDIA A10G, 0 %, 0 %, 0 MiB, 23028 MiB
2026/02/25 16:38:43.917, 3, NVIDIA A10G, 0 %, 0 %, 0 MiB, 23028 MiB
2026/02/25 16:38:44.917, 0, NVIDIA A10G, 22 %, 8 %, 2049 MiB, 23028 MiB
2026/02/25 16:38:44.917, 1, NVIDIA A10G, 0 %, 0 %, 0 MiB, 23028 MiB
2026/02/25 16:38:44.917, 2, NVIDIA A10G, 0 %, 0 %, 0 MiB, 23028 MiB
2026/02/25 16:38:44.917, 3, NVIDIA A10G, 0 %, 0 %, 0 MiB, 23028 MiB
2026/02/25 16:38:45.917, 0, NVIDIA A10G, 24 %, 9 %, 2049 MiB, 23028 MiB
2026/02/25 16:38:45.917, 1, NVIDIA A10G, 0 %, 0 %, 0 MiB, 23028 MiB
2026/02/25 16:38:45.917, 2, NVIDIA A10G, 0 %, 0 %, 0 MiB, 23028 MiB
2026/02/25 16:38:45.917, 3, NVIDIA A10G, 0 %, 0 %, 0 MiB, 23028 MiB
2026/02/25 16:38:46.917, 0, NVIDIA A10G, 23 %, 9 %, 2049 MiB, 23028 MiB
2026/02/25 16:38:46.918, 1, NVIDIA A10G, 0 %, 0 %, 0 MiB, 23028 MiB
2026/02/25 16:38:46.918, 2, NVIDIA A10G, 0 %, 0 %, 0 MiB, 23028 MiB
2026/02/25 16:38:46.918, 3, NVIDIA A10G, 0 %, 0 %, 0 MiB, 23028 MiB
2026/02/25 16:38:47.918, 0, NVIDIA A10G, 22 %, 8 %, 2049 MiB, 23028 MiB
2026/02/25 16:38:47.918, 1, NVIDIA A10G, 0 %, 0 %, 0 MiB, 23028 MiB
2026/02/25 16:38:47.918, 2, NVIDIA A10G, 0 %, 0 %, 0 MiB, 23028 MiB
2026/02/25 16:38:47.918, 3, NVIDIA A10G, 0 %, 0 %, 0 MiB, 23028 MiB
2026/02/25 16:38:48.918, 0, NVIDIA A10G, 22 %, 8 %, 2049 MiB, 23028 MiB
2026/02/25 16:38:48.918, 1, NVIDIA A10G, 0 %, 0 %, 0 MiB, 23028 MiB
2026/02/25 16:38:48.918, 2, NVIDIA A10G, 0 %, 0 %, 0 MiB, 23028 MiB
2026/02/25 16:38:48.918, 3, NVIDIA A10G, 0 %, 0 %, 0 MiB, 23028 MiB
2026/02/25 16:38:49.918, 0, NVIDIA A10G, 24 %, 9 %, 2049 MiB, 23028 MiB
2026/02/25 16:38:49.919, 1, NVIDIA A10G, 0 %, 0 %, 0 MiB, 23028 MiB
2026/02/25 16:38:49.919, 2, NVIDIA A10G, 0 %, 0 %, 0 MiB, 23028 MiB
2026/02/25 16:38:49.919, 3, NVIDIA A10G, 0 %, 0 %, 0 MiB, 23028 MiB
2026/02/25 16:38:50.919, 0, NVIDIA A10G, 23 %, 8 %, 2049 MiB, 23028 MiB
2026/02/25 16:38:50.919, 1, NVIDIA A10G, 0 %, 0 %, 0 MiB, 23028 MiB
2026/02/25 16:38:50.919, 2, NVIDIA A10G, 0 %, 0 %, 0 MiB, 23028 MiB
2026/02/25 16:38:50.919, 3, NVIDIA A10G, 0 %, 0 %, 0 MiB, 23028 MiB
2026/02/25 16:38:51.919, 0, NVIDIA A10G, 23 %, 8 %, 2049 MiB, 23028 MiB
2026/02/25 16:38:51.919, 1, NVIDIA A10G, 0 %, 0 %, 0 MiB, 23028 MiB
2026/02/25 16:38:51.919, 2, NVIDIA A10G, 0 %, 0 %, 0 MiB, 23028 MiB
2026/02/25 16:38:51.919, 3, NVIDIA A10G, 0 %, 0 %, 0 MiB, 23028 MiB
2026/02/25 16:38:52.919, 0, NVIDIA A10G, 21 %, 7 %, 2049 MiB, 23028 MiB
2026/02/25 16:38:52.919, 1, NVIDIA A10G, 0 %, 0 %, 0 MiB, 23028 MiB
2026/02/25 16:38:52.920, 2, NVIDIA A10G, 0 %, 0 %, 0 MiB, 23028 MiB
2026/02/25 16:38:52.920, 3, NVIDIA A10G, 0 %, 0 %, 0 MiB, 23028 MiB
2026/02/25 16:38:53.920, 0, NVIDIA A10G, 19 %, 6 %, 2049 MiB, 23028 MiB
2026/02/25 16:38:53.920, 1, NVIDIA A10G, 0 %, 0 %, 0 MiB, 23028 MiB
2026/02/25 16:38:53.920, 2, NVIDIA A10G, 0 %, 0 %, 0 MiB, 23028 MiB
2026/02/25 16:38:53.920, 3, NVIDIA A10G, 0 %, 0 %, 0 MiB, 23028 MiB
2026/02/25 16:38:54.920, 0, NVIDIA A10G, 0 %, 0 %, 2049 MiB, 23028 MiB
2026/02/25 16:38:54.920, 1, NVIDIA A10G, 0 %, 0 %, 0 MiB, 23028 MiB
2026/02/25 16:38:54.920, 2, NVIDIA A10G, 0 %, 0 %, 0 MiB, 23028 MiB
2026/02/25 16:38:54.920, 3, NVIDIA A10G, 0 %, 0 %, 0 MiB, 23028 MiB
2026/02/25 16:38:55.920, 0, NVIDIA A10G, 0 %, 0 %, 2049 MiB, 23028 MiB
2026/02/25 16:38:55.920, 1, NVIDIA A10G, 0 %, 0 %, 0 MiB, 23028 MiB
2026/02/25 16:38:55.920, 2, NVIDIA A10G, 0 %, 0 %, 0 MiB, 23028 MiB
2026/02/25 16:38:55.921, 3, NVIDIA A10G, 0 %, 0 %, 0 MiB, 23028 MiB
2026/02/25 16:38:56.921, 0, NVIDIA A10G, 0 %, 0 %, 2049 MiB, 23028 MiB
2026/02/25 16:38:56.921, 1, NVIDIA A10G, 0 %, 0 %, 0 MiB, 23028 MiB
2026/02/25 16:38:56.921, 2, NVIDIA A10G, 0 %, 0 %, 0 MiB, 23028 MiB
2026/02/25 16:38:56.921, 3, NVIDIA A10G, 0 %, 0 %, 0 MiB, 23028 MiB
2026/02/25 16:38:57.921, 0, NVIDIA A10G, 0 %, 0 %, 2049 MiB, 23028 MiB
2026/02/25 16:38:57.921, 1, NVIDIA A10G, 0 %, 0 %, 0 MiB, 23028 MiB
2026/02/25 16:38:57.921, 2, NVIDIA A10G, 0 %, 0 %, 0 MiB, 23028 MiB
2026/02/25 16:38:57.921, 3, NVIDIA A10G, 0 %, 0 %, 0 MiB, 23028 MiB
2026/02/25 16:38:58.921, 0, NVIDIA A10G, 0 %, 0 %, 2049 MiB, 23028 MiB
2026/02/25 16:38:58.921, 1, NVIDIA A10G, 0 %, 0 %, 0 MiB, 23028 MiB
2026/02/25 16:38:58.921, 2, NVIDIA A10G, 0 %, 0 %, 0 MiB, 23028 MiB
2026/02/25 16:38:58.921, 3, NVIDIA A10G, 0 %, 0 %, 0 MiB, 23028 MiB
2026/02/25 16:38:59.922, 0, NVIDIA A10G, 0 %, 0 %, 2049 MiB, 23028 MiB
2026/02/25 16:38:59.922, 1, NVIDIA A10G, 0 %, 0 %, 0 MiB, 23028 MiB
2026/02/25 16:38:59.922, 2, NVIDIA A10G, 0 %, 0 %, 0 MiB, 23028 MiB
2026/02/25 16:38:59.922, 3, NVIDIA A10G, 0 %, 0 %, 0 MiB, 23028 MiB
2026/02/25 16:39:00.922, 0, NVIDIA A10G, 100 %, 70 %, 2049 MiB, 23028 MiB
2026/02/25 16:39:00.922, 1, NVIDIA A10G, 0 %, 0 %, 0 MiB, 23028 MiB
2026/02/25 16:39:00.922, 2, NVIDIA A10G, 0 %, 0 %, 0 MiB, 23028 MiB
2026/02/25 16:39:00.922, 3, NVIDIA A10G, 0 %, 0 %, 0 MiB, 23028 MiB
2026/02/25 16:39:01.922, 0, NVIDIA A10G, 23 %, 8 %, 2049 MiB, 23028 MiB
2026/02/25 16:39:01.922, 1, NVIDIA A10G, 0 %, 0 %, 0 MiB, 23028 MiB
2026/02/25 16:39:01.922, 2, NVIDIA A10G, 0 %, 0 %, 0 MiB, 23028 MiB
2026/02/25 16:39:01.922, 3, NVIDIA A10G, 0 %, 0 %, 0 MiB, 23028 MiB
2026/02/25 16:39:02.922, 0, NVIDIA A10G, 23 %, 8 %, 2049 MiB, 23028 MiB
2026/02/25 16:39:02.922, 1, NVIDIA A10G, 0 %, 0 %, 0 MiB, 23028 MiB
2026/02/25 16:39:02.922, 2, NVIDIA A10G, 0 %, 0 %, 0 MiB, 23028 MiB
2026/02/25 16:39:02.922, 3, NVIDIA A10G, 0 %, 0 %, 0 MiB, 23028 MiB
2026/02/25 16:39:03.923, 0, NVIDIA A10G, 22 %, 7 %, 2049 MiB, 23028 MiB
2026/02/25 16:39:03.923, 1, NVIDIA A10G, 0 %, 0 %, 0 MiB, 23028 MiB
2026/02/25 16:39:03.923, 2, NVIDIA A10G, 0 %, 0 %, 0 MiB, 23028 MiB
2026/02/25 16:39:03.923, 3, NVIDIA A10G, 0 %, 0 %, 0 MiB, 23028 MiB
2026/02/25 16:39:04.923, 0, NVIDIA A10G, 22 %, 8 %, 2049 MiB, 23028 MiB
2026/02/25 16:39:04.923, 1, NVIDIA A10G, 0 %, 0 %, 0 MiB, 23028 MiB
2026/02/25 16:39:04.923, 2, NVIDIA A10G, 0 %, 0 %, 0 MiB, 23028 MiB
2026/02/25 16:39:04.923, 3, NVIDIA A10G, 0 %, 0 %, 0 MiB, 23028 MiB
2026/02/25 16:39:05.923, 0, NVIDIA A10G, 24 %, 9 %, 2049 MiB, 23028 MiB
2026/02/25 16:39:05.923, 1, NVIDIA A10G, 0 %, 0 %, 0 MiB, 23028 MiB
2026/02/25 16:39:05.923, 2, NVIDIA A10G, 0 %, 0 %, 0 MiB, 23028 MiB
2026/02/25 16:39:05.923, 3, NVIDIA A10G, 0 %, 0 %, 0 MiB, 23028 MiB
2026/02/25 16:39:06.923, 0, NVIDIA A10G, 24 %, 8 %, 2049 MiB, 23028 MiB
2026/02/25 16:39:06.924, 1, NVIDIA A10G, 0 %, 0 %, 0 MiB, 23028 MiB
2026/02/25 16:39:06.924, 2, NVIDIA A10G, 0 %, 0 %, 0 MiB, 23028 MiB
2026/02/25 16:39:06.924, 3, NVIDIA A10G, 0 %, 0 %, 0 MiB, 23028 MiB
2026/02/25 16:39:07.924, 0, NVIDIA A10G, 22 %, 8 %, 2049 MiB, 23028 MiB
2026/02/25 16:39:07.924, 1, NVIDIA A10G, 0 %, 0 %, 0 MiB, 23028 MiB
2026/02/25 16:39:07.924, 2, NVIDIA A10G, 0 %, 0 %, 0 MiB, 23028 MiB
2026/02/25 16:39:07.924, 3, NVIDIA A10G, 0 %, 0 %, 0 MiB, 23028 MiB
2026/02/25 16:39:08.924, 0, NVIDIA A10G, 0 %, 0 %, 2049 MiB, 23028 MiB
2026/02/25 16:39:08.924, 1, NVIDIA A10G, 0 %, 0 %, 0 MiB, 23028 MiB
2026/02/25 16:39:08.924, 2, NVIDIA A10G, 0 %, 0 %, 0 MiB, 23028 MiB
2026/02/25 16:39:08.924, 3, NVIDIA A10G, 0 %, 0 %, 0 MiB, 23028 MiB
2026/02/25 16:39:09.924, 0, NVIDIA A10G, 0 %, 0 %, 2049 MiB, 23028 MiB
2026/02/25 16:39:09.924, 1, NVIDIA A10G, 0 %, 0 %, 0 MiB, 23028 MiB
2026/02/25 16:39:09.924, 2, NVIDIA A10G, 0 %, 0 %, 0 MiB, 23028 MiB
2026/02/25 16:39:09.925, 3, NVIDIA A10G, 0 %, 0 %, 0 MiB, 23028 MiB
2026/02/25 16:39:10.925, 0, NVIDIA A10G, 0 %, 0 %, 2049 MiB, 23028 MiB
2026/02/25 16:39:10.925, 1, NVIDIA A10G, 0 %, 0 %, 0 MiB, 23028 MiB
2026/02/25 16:39:10.925, 2, NVIDIA A10G, 0 %, 0 %, 0 MiB, 23028 MiB
2026/02/25 16:39:10.925, 3, NVIDIA A10G, 0 %, 0 %, 0 MiB, 23028 MiB
2026/02/25 16:39:11.925, 0, NVIDIA A10G, 0 %, 0 %, 2049 MiB, 23028 MiB
2026/02/25 16:39:11.925, 1, NVIDIA A10G, 0 %, 0 %, 0 MiB, 23028 MiB
2026/02/25 16:39:11.925, 2, NVIDIA A10G, 0 %, 0 %, 0 MiB, 23028 MiB
2026/02/25 16:39:11.925, 3, NVIDIA A10G, 0 %, 0 %, 0 MiB, 23028 MiB
2026/02/25 16:39:12.925, 0, NVIDIA A10G, 23 %, 8 %, 2049 MiB, 23028 MiB
2026/02/25 16:39:12.925, 1, NVIDIA A10G, 0 %, 0 %, 0 MiB, 23028 MiB
2026/02/25 16:39:12.925, 2, NVIDIA A10G, 0 %, 0 %, 0 MiB, 23028 MiB
2026/02/25 16:39:12.925, 3, NVIDIA A10G, 0 %, 0 %, 0 MiB, 23028 MiB
2026/02/25 16:39:13.925, 0, NVIDIA A10G, 21 %, 7 %, 2049 MiB, 23028 MiB
2026/02/25 16:39:13.926, 1, NVIDIA A10G, 0 %, 0 %, 0 MiB, 23028 MiB
2026/02/25 16:39:13.926, 2, NVIDIA A10G, 0 %, 0 %, 0 MiB, 23028 MiB
2026/02/25 16:39:13.926, 3, NVIDIA A10G, 0 %, 0 %, 0 MiB, 23028 MiB
2026/02/25 16:39:14.926, 0, NVIDIA A10G, 22 %, 7 %, 2049 MiB, 23028 MiB
2026/02/25 16:39:14.926, 1, NVIDIA A10G, 0 %, 0 %, 0 MiB, 23028 MiB
2026/02/25 16:39:14.926, 2, NVIDIA A10G, 0 %, 0 %, 0 MiB, 23028 MiB
2026/02/25 16:39:14.926, 3, NVIDIA A10G, 0 %, 0 %, 0 MiB, 23028 MiB
2026/02/25 16:39:15.926, 0, NVIDIA A10G, 24 %, 9 %, 2049 MiB, 23028 MiB
2026/02/25 16:39:15.926, 1, NVIDIA A10G, 0 %, 0 %, 0 MiB, 23028 MiB
2026/02/25 16:39:15.926, 2, NVIDIA A10G, 0 %, 0 %, 0 MiB, 23028 MiB
2026/02/25 16:39:15.926, 3, NVIDIA A10G, 0 %, 0 %, 0 MiB, 23028 MiB
2026/02/25 16:39:16.927, 0, NVIDIA A10G, 24 %, 9 %, 2049 MiB, 23028 MiB
2026/02/25 16:39:16.927, 1, NVIDIA A10G, 0 %, 0 %, 0 MiB, 23028 MiB
2026/02/25 16:39:16.927, 2, NVIDIA A10G, 0 %, 0 %, 0 MiB, 23028 MiB
2026/02/25 16:39:16.927, 3, NVIDIA A10G, 0 %, 0 %, 0 MiB, 23028 MiB
2026/02/25 16:39:17.927, 0, NVIDIA A10G, 0 %, 0 %, 2049 MiB, 23028 MiB
2026/02/25 16:39:17.927, 1, NVIDIA A10G, 0 %, 0 %, 0 MiB, 23028 MiB
2026/02/25 16:39:17.927, 2, NVIDIA A10G, 0 %, 0 %, 0 MiB, 23028 MiB
2026/02/25 16:39:17.927, 3, NVIDIA A10G, 0 %, 0 %, 0 MiB, 23028 MiB
2026/02/25 16:39:18.927, 0, NVIDIA A10G, 0 %, 0 %, 2049 MiB, 23028 MiB
2026/02/25 16:39:18.927, 1, NVIDIA A10G, 0 %, 0 %, 0 MiB, 23028 MiB
2026/02/25 16:39:18.927, 2, NVIDIA A10G, 0 %, 0 %, 0 MiB, 23028 MiB
2026/02/25 16:39:18.927, 3, NVIDIA A10G, 0 %, 0 %, 0 MiB, 23028 MiB
2026/02/25 16:39:19.928, 0, NVIDIA A10G, 0 %, 0 %, 2049 MiB, 23028 MiB
2026/02/25 16:39:19.928, 1, NVIDIA A10G, 0 %, 0 %, 0 MiB, 23028 MiB
2026/02/25 16:39:19.928, 2, NVIDIA A10G, 0 %, 0 %, 0 MiB, 23028 MiB
2026/02/25 16:39:19.928, 3, NVIDIA A10G, 0 %, 0 %, 0 MiB, 23028 MiB
2026/02/25 16:39:20.928, 0, NVIDIA A10G, 0 %, 0 %, 2049 MiB, 23028 MiB
2026/02/25 16:39:20.928, 1, NVIDIA A10G, 0 %, 0 %, 0 MiB, 23028 MiB
2026/02/25 16:39:20.928, 2, NVIDIA A10G, 0 %, 0 %, 0 MiB, 23028 MiB
2026/02/25 16:39:20.928, 3, NVIDIA A10G, 0 %, 0 %, 0 MiB, 23028 MiB
2026/02/25 16:39:21.928, 0, NVIDIA A10G, 71 %, 43 %, 2049 MiB, 23028 MiB
2026/02/25 16:39:21.928, 1, NVIDIA A10G, 0 %, 0 %, 0 MiB, 23028 MiB
2026/02/25 16:39:21.928, 2, NVIDIA A10G, 0 %, 0 %, 0 MiB, 23028 MiB
2026/02/25 16:39:21.928, 3, NVIDIA A10G, 0 %, 0 %, 0 MiB, 23028 MiB
2026/02/25 16:39:22.928, 0, NVIDIA A10G, 23 %, 8 %, 2049 MiB, 23028 MiB
2026/02/25 16:39:22.929, 1, NVIDIA A10G, 0 %, 0 %, 0 MiB, 23028 MiB
2026/02/25 16:39:22.929, 2, NVIDIA A10G, 0 %, 0 %, 0 MiB, 23028 MiB
2026/02/25 16:39:22.929, 3, NVIDIA A10G, 0 %, 0 %, 0 MiB, 23028 MiB
2026/02/25 16:39:23.929, 0, NVIDIA A10G, 22 %, 8 %, 2049 MiB, 23028 MiB
2026/02/25 16:39:23.929, 1, NVIDIA A10G, 0 %, 0 %, 0 MiB, 23028 MiB
2026/02/25 16:39:23.929, 2, NVIDIA A10G, 0 %, 0 %, 0 MiB, 23028 MiB
2026/02/25 16:39:23.929, 3, NVIDIA A10G, 0 %, 0 %, 0 MiB, 23028 MiB
2026/02/25 16:39:24.929, 0, NVIDIA A10G, 21 %, 7 %, 2049 MiB, 23028 MiB
2026/02/25 16:39:24.929, 1, NVIDIA A10G, 0 %, 0 %, 0 MiB, 23028 MiB
2026/02/25 16:39:24.929, 2, NVIDIA A10G, 0 %, 0 %, 0 MiB, 23028 MiB
2026/02/25 16:39:24.930, 3, NVIDIA A10G, 0 %, 0 %, 0 MiB, 23028 MiB
2026/02/25 16:39:25.930, 0, NVIDIA A10G, 23 %, 8 %, 2049 MiB, 23028 MiB
2026/02/25 16:39:25.930, 1, NVIDIA A10G, 0 %, 0 %, 0 MiB, 23028 MiB
2026/02/25 16:39:25.930, 2, NVIDIA A10G, 0 %, 0 %, 0 MiB, 23028 MiB
2026/02/25 16:39:25.930, 3, NVIDIA A10G, 0 %, 0 %, 0 MiB, 23028 MiB
2026/02/25 16:39:26.930, 0, NVIDIA A10G, 23 %, 7 %, 2049 MiB, 23028 MiB
2026/02/25 16:39:26.930, 1, NVIDIA A10G, 0 %, 0 %, 0 MiB, 23028 MiB
2026/02/25 16:39:26.930, 2, NVIDIA A10G, 0 %, 0 %, 0 MiB, 23028 MiB
2026/02/25 16:39:26.930, 3, NVIDIA A10G, 0 %, 0 %, 0 MiB, 23028 MiB
2026/02/25 16:39:27.931, 0, NVIDIA A10G, 0 %, 0 %, 2049 MiB, 23028 MiB
2026/02/25 16:39:27.931, 1, NVIDIA A10G, 0 %, 0 %, 0 MiB, 23028 MiB
2026/02/25 16:39:27.931, 2, NVIDIA A10G, 0 %, 0 %, 0 MiB, 23028 MiB
2026/02/25 16:39:27.931, 3, NVIDIA A10G, 0 %, 0 %, 0 MiB, 23028 MiB
2026/02/25 16:39:28.931, 0, NVIDIA A10G, 0 %, 0 %, 2049 MiB, 23028 MiB
2026/02/25 16:39:28.931, 1, NVIDIA A10G, 0 %, 0 %, 0 MiB, 23028 MiB
2026/02/25 16:39:28.931, 2, NVIDIA A10G, 0 %, 0 %, 0 MiB, 23028 MiB
2026/02/25 16:39:28.931, 3, NVIDIA A10G, 0 %, 0 %, 0 MiB, 23028 MiB
2026/02/25 16:39:29.931, 0, NVIDIA A10G, 0 %, 0 %, 2049 MiB, 23028 MiB
2026/02/25 16:39:29.932, 1, NVIDIA A10G, 0 %, 0 %, 0 MiB, 23028 MiB
2026/02/25 16:39:29.932, 2, NVIDIA A10G, 0 %, 0 %, 0 MiB, 23028 MiB
2026/02/25 16:39:29.932, 3, NVIDIA A10G, 0 %, 0 %, 0 MiB, 23028 MiB
2026/02/25 16:39:30.932, 0, NVIDIA A10G, 0 %, 0 %, 2049 MiB, 23028 MiB
2026/02/25 16:39:30.932, 1, NVIDIA A10G, 0 %, 0 %, 0 MiB, 23028 MiB
2026/02/25 16:39:30.932, 2, NVIDIA A10G, 0 %, 0 %, 0 MiB, 23028 MiB
2026/02/25 16:39:30.932, 3, NVIDIA A10G, 0 %, 0 %, 0 MiB, 23028 MiB
2026/02/25 16:39:31.932, 0, NVIDIA A10G, 0 %, 0 %, 2049 MiB, 23028 MiB
2026/02/25 16:39:31.932, 1, NVIDIA A10G, 0 %, 0 %, 0 MiB, 23028 MiB
2026/02/25 16:39:31.933, 2, NVIDIA A10G, 0 %, 0 %, 0 MiB, 23028 MiB
2026/02/25 16:39:31.933, 3, NVIDIA A10G, 0 %, 0 %, 0 MiB, 23028 MiB
2026/02/25 16:39:32.933, 0, NVIDIA A10G, 0 %, 0 %, 2049 MiB, 23028 MiB
2026/02/25 16:39:32.933, 1, NVIDIA A10G, 0 %, 0 %, 0 MiB, 23028 MiB
2026/02/25 16:39:32.933, 2, NVIDIA A10G, 0 %, 0 %, 0 MiB, 23028 MiB
2026/02/25 16:39:32.933, 3, NVIDIA A10G, 0 %, 0 %, 0 MiB, 23028 MiB
2026/02/25 16:39:33.933, 0, NVIDIA A10G, 0 %, 0 %, 2049 MiB, 23028 MiB
2026/02/25 16:39:33.933, 1, NVIDIA A10G, 0 %, 0 %, 0 MiB, 23028 MiB
2026/02/25 16:39:33.933, 2, NVIDIA A10G, 0 %, 0 %, 0 MiB, 23028 MiB
2026/02/25 16:39:33.933, 3, NVIDIA A10G, 0 %, 0 %, 0 MiB, 23028 MiB
2026/02/25 16:39:34.933, 0, NVIDIA A10G, 0 %, 0 %, 2049 MiB, 23028 MiB
2026/02/25 16:39:34.935, 1, NVIDIA A10G, 0 %, 0 %, 0 MiB, 23028 MiB
2026/02/25 16:39:34.935, 2, NVIDIA A10G, 0 %, 0 %, 0 MiB, 23028 MiB
2026/02/25 16:39:34.935, 3, NVIDIA A10G, 0 %, 0 %, 0 MiB, 23028 MiB
2026/02/25 16:39:35.935, 0, NVIDIA A10G, 99 %, 57 %, 2049 MiB, 23028 MiB
2026/02/25 16:39:35.935, 1, NVIDIA A10G, 0 %, 0 %, 0 MiB, 23028 MiB
2026/02/25 16:39:35.935, 2, NVIDIA A10G, 0 %, 0 %, 0 MiB, 23028 MiB
2026/02/25 16:39:35.935, 3, NVIDIA A10G, 0 %, 0 %, 0 MiB, 23028 MiB
2026/02/25 16:39:36.936, 0, NVIDIA A10G, 23 %, 8 %, 2049 MiB, 23028 MiB
2026/02/25 16:39:36.936, 1, NVIDIA A10G, 0 %, 0 %, 0 MiB, 23028 MiB
2026/02/25 16:39:36.936, 2, NVIDIA A10G, 0 %, 0 %, 0 MiB, 23028 MiB
2026/02/25 16:39:36.936, 3, NVIDIA A10G, 0 %, 0 %, 0 MiB, 23028 MiB
2026/02/25 16:39:37.936, 0, NVIDIA A10G, 23 %, 8 %, 2049 MiB, 23028 MiB
2026/02/25 16:39:37.936, 1, NVIDIA A10G, 0 %, 0 %, 0 MiB, 23028 MiB
2026/02/25 16:39:37.936, 2, NVIDIA A10G, 0 %, 0 %, 0 MiB, 23028 MiB
2026/02/25 16:39:37.936, 3, NVIDIA A10G, 0 %, 0 %, 0 MiB, 23028 MiB
2026/02/25 16:39:38.936, 0, NVIDIA A10G, 19 %, 6 %, 2049 MiB, 23028 MiB
2026/02/25 16:39:38.937, 1, NVIDIA A10G, 0 %, 0 %, 0 MiB, 23028 MiB
2026/02/25 16:39:38.937, 2, NVIDIA A10G, 0 %, 0 %, 0 MiB, 23028 MiB
2026/02/25 16:39:38.937, 3, NVIDIA A10G, 0 %, 0 %, 0 MiB, 23028 MiB
2026/02/25 16:39:39.937, 0, NVIDIA A10G, 22 %, 8 %, 2049 MiB, 23028 MiB
2026/02/25 16:39:39.937, 1, NVIDIA A10G, 0 %, 0 %, 0 MiB, 23028 MiB
2026/02/25 16:39:39.937, 2, NVIDIA A10G, 0 %, 0 %, 0 MiB, 23028 MiB
2026/02/25 16:39:39.937, 3, NVIDIA A10G, 0 %, 0 %, 0 MiB, 23028 MiB
2026/02/25 16:39:40.937, 0, NVIDIA A10G, 22 %, 7 %, 2049 MiB, 23028 MiB
2026/02/25 16:39:40.937, 1, NVIDIA A10G, 0 %, 0 %, 0 MiB, 23028 MiB
2026/02/25 16:39:40.937, 2, NVIDIA A10G, 0 %, 0 %, 0 MiB, 23028 MiB
2026/02/25 16:39:40.937, 3, NVIDIA A10G, 0 %, 0 %, 0 MiB, 23028 MiB
2026/02/25 16:39:41.938, 0, NVIDIA A10G, 24 %, 9 %, 2049 MiB, 23028 MiB
2026/02/25 16:39:41.938, 1, NVIDIA A10G, 0 %, 0 %, 0 MiB, 23028 MiB
2026/02/25 16:39:41.938, 2, NVIDIA A10G, 0 %, 0 %, 0 MiB, 23028 MiB
2026/02/25 16:39:41.938, 3, NVIDIA A10G, 0 %, 0 %, 0 MiB, 23028 MiB
2026/02/25 16:39:42.938, 0, NVIDIA A10G, 24 %, 8 %, 2049 MiB, 23028 MiB
2026/02/25 16:39:42.938, 1, NVIDIA A10G, 0 %, 0 %, 0 MiB, 23028 MiB
2026/02/25 16:39:42.938, 2, NVIDIA A10G, 0 %, 0 %, 0 MiB, 23028 MiB
2026/02/25 16:39:42.938, 3, NVIDIA A10G, 0 %, 0 %, 0 MiB, 23028 MiB
2026/02/25 16:39:43.938, 0, NVIDIA A10G, 21 %, 7 %, 2049 MiB, 23028 MiB
2026/02/25 16:39:43.939, 1, NVIDIA A10G, 0 %, 0 %, 0 MiB, 23028 MiB
2026/02/25 16:39:43.939, 2, NVIDIA A10G, 0 %, 0 %, 0 MiB, 23028 MiB
2026/02/25 16:39:43.939, 3, NVIDIA A10G, 0 %, 0 %, 0 MiB, 23028 MiB
2026/02/25 16:39:44.939, 0, NVIDIA A10G, 24 %, 9 %, 2049 MiB, 23028 MiB
2026/02/25 16:39:44.939, 1, NVIDIA A10G, 0 %, 0 %, 0 MiB, 23028 MiB
2026/02/25 16:39:44.939, 2, NVIDIA A10G, 0 %, 0 %, 0 MiB, 23028 MiB
2026/02/25 16:39:44.939, 3, NVIDIA A10G, 0 %, 0 %, 0 MiB, 23028 MiB
2026/02/25 16:39:45.939, 0, NVIDIA A10G, 0 %, 0 %, 2049 MiB, 23028 MiB
2026/02/25 16:39:45.939, 1, NVIDIA A10G, 0 %, 0 %, 0 MiB, 23028 MiB
2026/02/25 16:39:45.939, 2, NVIDIA A10G, 0 %, 0 %, 0 MiB, 23028 MiB
2026/02/25 16:39:45.940, 3, NVIDIA A10G, 0 %, 0 %, 0 MiB, 23028 MiB
2026/02/25 16:39:46.940, 0, NVIDIA A10G, 0 %, 0 %, 2049 MiB, 23028 MiB
2026/02/25 16:39:46.940, 1, NVIDIA A10G, 0 %, 0 %, 0 MiB, 23028 MiB
2026/02/25 16:39:46.940, 2, NVIDIA A10G, 0 %, 0 %, 0 MiB, 23028 MiB
2026/02/25 16:39:46.940, 3, NVIDIA A10G, 0 %, 0 %, 0 MiB, 23028 MiB
2026/02/25 16:39:47.940, 0, NVIDIA A10G, 0 %, 0 %, 2049 MiB, 23028 MiB
2026/02/25 16:39:47.940, 1, NVIDIA A10G, 0 %, 0 %, 0 MiB, 23028 MiB
2026/02/25 16:39:47.940, 2, NVIDIA A10G, 0 %, 0 %, 0 MiB, 23028 MiB
2026/02/25 16:39:47.940, 3, NVIDIA A10G, 0 %, 0 %, 0 MiB, 23028 MiB
2026/02/25 16:39:48.940, 0, NVIDIA A10G, 0 %, 0 %, 2049 MiB, 23028 MiB
2026/02/25 16:39:48.940, 1, NVIDIA A10G, 0 %, 0 %, 0 MiB, 23028 MiB
2026/02/25 16:39:48.940, 2, NVIDIA A10G, 0 %, 0 %, 0 MiB, 23028 MiB
2026/02/25 16:39:48.940, 3, NVIDIA A10G, 0 %, 0 %, 0 MiB, 23028 MiB
2026/02/25 16:39:49.941, 0, NVIDIA A10G, 0 %, 0 %, 2049 MiB, 23028 MiB
2026/02/25 16:39:49.941, 1, NVIDIA A10G, 0 %, 0 %, 0 MiB, 23028 MiB
2026/02/25 16:39:49.941, 2, NVIDIA A10G, 0 %, 0 %, 0 MiB, 23028 MiB
2026/02/25 16:39:49.941, 3, NVIDIA A10G, 0 %, 0 %, 0 MiB, 23028 MiB
2026/02/25 16:39:50.941, 0, NVIDIA A10G, 24 %, 8 %, 2049 MiB, 23028 MiB
2026/02/25 16:39:50.941, 1, NVIDIA A10G, 0 %, 0 %, 0 MiB, 23028 MiB
2026/02/25 16:39:50.941, 2, NVIDIA A10G, 0 %, 0 %, 0 MiB, 23028 MiB
2026/02/25 16:39:50.941, 3, NVIDIA A10G, 0 %, 0 %, 0 MiB, 23028 MiB
2026/02/25 16:39:51.941, 0, NVIDIA A10G, 20 %, 7 %, 2049 MiB, 23028 MiB
2026/02/25 16:39:51.941, 1, NVIDIA A10G, 0 %, 0 %, 0 MiB, 23028 MiB
2026/02/25 16:39:51.942, 2, NVIDIA A10G, 0 %, 0 %, 0 MiB, 23028 MiB
2026/02/25 16:39:51.942, 3, NVIDIA A10G, 0 %, 0 %, 0 MiB, 23028 MiB
2026/02/25 16:39:52.942, 0, NVIDIA A10G, 23 %, 8 %, 2049 MiB, 23028 MiB
2026/02/25 16:39:52.942, 1, NVIDIA A10G, 0 %, 0 %, 0 MiB, 23028 MiB
2026/02/25 16:39:52.942, 2, NVIDIA A10G, 0 %, 0 %, 0 MiB, 23028 MiB
2026/02/25 16:39:52.942, 3, NVIDIA A10G, 0 %, 0 %, 0 MiB, 23028 MiB
2026/02/25 16:39:53.942, 0, NVIDIA A10G, 22 %, 8 %, 2049 MiB, 23028 MiB
2026/02/25 16:39:53.942, 1, NVIDIA A10G, 0 %, 0 %, 0 MiB, 23028 MiB
2026/02/25 16:39:53.942, 2, NVIDIA A10G, 0 %, 0 %, 0 MiB, 23028 MiB
2026/02/25 16:39:53.942, 3, NVIDIA A10G, 0 %, 0 %, 0 MiB, 23028 MiB
2026/02/25 16:39:54.942, 0, NVIDIA A10G, 23 %, 8 %, 2049 MiB, 23028 MiB
2026/02/25 16:39:54.942, 1, NVIDIA A10G, 0 %, 0 %, 0 MiB, 23028 MiB
2026/02/25 16:39:54.942, 2, NVIDIA A10G, 0 %, 0 %, 0 MiB, 23028 MiB
2026/02/25 16:39:54.942, 3, NVIDIA A10G, 0 %, 0 %, 0 MiB, 23028 MiB
2026/02/25 16:39:55.943, 0, NVIDIA A10G, 0 %, 0 %, 2049 MiB, 23028 MiB
2026/02/25 16:39:55.943, 1, NVIDIA A10G, 0 %, 0 %, 0 MiB, 23028 MiB
2026/02/25 16:39:55.943, 2, NVIDIA A10G, 0 %, 0 %, 0 MiB, 23028 MiB
2026/02/25 16:39:55.943, 3, NVIDIA A10G, 0 %, 0 %, 0 MiB, 23028 MiB
2026/02/25 16:39:56.943, 0, NVIDIA A10G, 0 %, 0 %, 2049 MiB, 23028 MiB
2026/02/25 16:39:56.943, 1, NVIDIA A10G, 0 %, 0 %, 0 MiB, 23028 MiB
2026/02/25 16:39:56.943, 2, NVIDIA A10G, 0 %, 0 %, 0 MiB, 23028 MiB
2026/02/25 16:39:56.943, 3, NVIDIA A10G, 0 %, 0 %, 0 MiB, 23028 MiB
2026/02/25 16:39:57.943, 0, NVIDIA A10G, 0 %, 0 %, 2049 MiB, 23028 MiB
2026/02/25 16:39:57.943, 1, NVIDIA A10G, 0 %, 0 %, 0 MiB, 23028 MiB
2026/02/25 16:39:57.943, 2, NVIDIA A10G, 0 %, 0 %, 0 MiB, 23028 MiB
2026/02/25 16:39:57.943, 3, NVIDIA A10G, 0 %, 0 %, 0 MiB, 23028 MiB
2026/02/25 16:39:58.944, 0, NVIDIA A10G, 0 %, 0 %, 2049 MiB, 23028 MiB
2026/02/25 16:39:58.944, 1, NVIDIA A10G, 0 %, 0 %, 0 MiB, 23028 MiB
2026/02/25 16:39:58.944, 2, NVIDIA A10G, 0 %, 0 %, 0 MiB, 23028 MiB
2026/02/25 16:39:58.944, 3, NVIDIA A10G, 0 %, 0 %, 0 MiB, 23028 MiB
2026/02/25 16:39:59.944, 0, NVIDIA A10G, 0 %, 0 %, 2049 MiB, 23028 MiB
2026/02/25 16:39:59.944, 1, NVIDIA A10G, 0 %, 0 %, 0 MiB, 23028 MiB
2026/02/25 16:39:59.944, 2, NVIDIA A10G, 0 %, 0 %, 0 MiB, 23028 MiB
2026/02/25 16:39:59.944, 3, NVIDIA A10G, 0 %, 0 %, 0 MiB, 23028 MiB
2026/02/25 16:40:00.944, 0, NVIDIA A10G, 100 %, 64 %, 2049 MiB, 23028 MiB
2026/02/25 16:40:00.944, 1, NVIDIA A10G, 0 %, 0 %, 0 MiB, 23028 MiB
2026/02/25 16:40:00.944, 2, NVIDIA A10G, 0 %, 0 %, 0 MiB, 23028 MiB
2026/02/25 16:40:00.945, 3, NVIDIA A10G, 0 %, 0 %, 0 MiB, 23028 MiB
2026/02/25 16:40:01.945, 0, NVIDIA A10G, 22 %, 7 %, 2049 MiB, 23028 MiB
2026/02/25 16:40:01.945, 1, NVIDIA A10G, 0 %, 0 %, 0 MiB, 23028 MiB
2026/02/25 16:40:01.945, 2, NVIDIA A10G, 0 %, 0 %, 0 MiB, 23028 MiB
2026/02/25 16:40:01.945, 3, NVIDIA A10G, 0 %, 0 %, 0 MiB, 23028 MiB
2026/02/25 16:40:02.945, 0, NVIDIA A10G, 22 %, 7 %, 2049 MiB, 23028 MiB
2026/02/25 16:40:02.945, 1, NVIDIA A10G, 0 %, 0 %, 0 MiB, 23028 MiB
2026/02/25 16:40:02.945, 2, NVIDIA A10G, 0 %, 0 %, 0 MiB, 23028 MiB
2026/02/25 16:40:02.945, 3, NVIDIA A10G, 0 %, 0 %, 0 MiB, 23028 MiB
2026/02/25 16:40:03.946, 0, NVIDIA A10G, 24 %, 9 %, 2049 MiB, 23028 MiB
2026/02/25 16:40:03.946, 1, NVIDIA A10G, 0 %, 0 %, 0 MiB, 23028 MiB
2026/02/25 16:40:03.946, 2, NVIDIA A10G, 0 %, 0 %, 0 MiB, 23028 MiB
2026/02/25 16:40:03.946, 3, NVIDIA A10G, 0 %, 0 %, 0 MiB, 23028 MiB
2026/02/25 16:40:04.946, 0, NVIDIA A10G, 24 %, 8 %, 2049 MiB, 23028 MiB
2026/02/25 16:40:04.946, 1, NVIDIA A10G, 0 %, 0 %, 0 MiB, 23028 MiB
2026/02/25 16:40:04.946, 2, NVIDIA A10G, 0 %, 0 %, 0 MiB, 23028 MiB
2026/02/25 16:40:04.946, 3, NVIDIA A10G, 0 %, 0 %, 0 MiB, 23028 MiB
2026/02/25 16:40:05.947, 0, NVIDIA A10G, 23 %, 8 %, 2049 MiB, 23028 MiB
2026/02/25 16:40:05.947, 1, NVIDIA A10G, 0 %, 0 %, 0 MiB, 23028 MiB
2026/02/25 16:40:05.947, 2, NVIDIA A10G, 0 %, 0 %, 0 MiB, 23028 MiB
2026/02/25 16:40:05.947, 3, NVIDIA A10G, 0 %, 0 %, 0 MiB, 23028 MiB
2026/02/25 16:40:06.947, 0, NVIDIA A10G, 22 %, 7 %, 2049 MiB, 23028 MiB
2026/02/25 16:40:06.947, 1, NVIDIA A10G, 0 %, 0 %, 0 MiB, 23028 MiB
2026/02/25 16:40:06.947, 2, NVIDIA A10G, 0 %, 0 %, 0 MiB, 23028 MiB
2026/02/25 16:40:06.947, 3, NVIDIA A10G, 0 %, 0 %, 0 MiB, 23028 MiB
2026/02/25 16:40:07.947, 0, NVIDIA A10G, 0 %, 0 %, 2049 MiB, 23028 MiB
2026/02/25 16:40:07.947, 1, NVIDIA A10G, 0 %, 0 %, 0 MiB, 23028 MiB
2026/02/25 16:40:07.947, 2, NVIDIA A10G, 0 %, 0 %, 0 MiB, 23028 MiB
2026/02/25 16:40:07.947, 3, NVIDIA A10G, 0 %, 0 %, 0 MiB, 23028 MiB
2026/02/25 16:40:08.947, 0, NVIDIA A10G, 0 %, 0 %, 2049 MiB, 23028 MiB
2026/02/25 16:40:08.948, 1, NVIDIA A10G, 0 %, 0 %, 0 MiB, 23028 MiB
2026/02/25 16:40:08.948, 2, NVIDIA A10G, 0 %, 0 %, 0 MiB, 23028 MiB
2026/02/25 16:40:08.948, 3, NVIDIA A10G, 0 %, 0 %, 0 MiB, 23028 MiB
2026/02/25 16:40:09.948, 0, NVIDIA A10G, 0 %, 0 %, 2049 MiB, 23028 MiB
2026/02/25 16:40:09.948, 1, NVIDIA A10G, 0 %, 0 %, 0 MiB, 23028 MiB
2026/02/25 16:40:09.948, 2, NVIDIA A10G, 0 %, 0 %, 0 MiB, 23028 MiB
2026/02/25 16:40:09.948, 3, NVIDIA A10G, 0 %, 0 %, 0 MiB, 23028 MiB
2026/02/25 16:40:10.948, 0, NVIDIA A10G, 0 %, 0 %, 2049 MiB, 23028 MiB
2026/02/25 16:40:10.948, 1, NVIDIA A10G, 0 %, 0 %, 0 MiB, 23028 MiB
2026/02/25 16:40:10.948, 2, NVIDIA A10G, 0 %, 0 %, 0 MiB, 23028 MiB
2026/02/25 16:40:10.948, 3, NVIDIA A10G, 0 %, 0 %, 0 MiB, 23028 MiB
2026/02/25 16:40:11.948, 0, NVIDIA A10G, 0 %, 0 %, 2049 MiB, 23028 MiB
2026/02/25 16:40:11.948, 1, NVIDIA A10G, 0 %, 0 %, 0 MiB, 23028 MiB
2026/02/25 16:40:11.949, 2, NVIDIA A10G, 0 %, 0 %, 0 MiB, 23028 MiB
2026/02/25 16:40:11.949, 3, NVIDIA A10G, 0 %, 0 %, 0 MiB, 23028 MiB
2026/02/25 16:40:12.949, 0, NVIDIA A10G, 0 %, 0 %, 2049 MiB, 23028 MiB
2026/02/25 16:40:12.949, 1, NVIDIA A10G, 0 %, 0 %, 0 MiB, 23028 MiB
2026/02/25 16:40:12.949, 2, NVIDIA A10G, 0 %, 0 %, 0 MiB, 23028 MiB
2026/02/25 16:40:12.949, 3, NVIDIA A10G, 0 %, 0 %, 0 MiB, 23028 MiB
2026/02/25 16:40:13.949, 0, NVIDIA A10G, 11 %, 4 %, 2049 MiB, 23028 MiB
2026/02/25 16:40:13.949, 1, NVIDIA A10G, 0 %, 0 %, 0 MiB, 23028 MiB
2026/02/25 16:40:13.949, 2, NVIDIA A10G, 0 %, 0 %, 0 MiB, 23028 MiB
2026/02/25 16:40:13.949, 3, NVIDIA A10G, 0 %, 0 %, 0 MiB, 23028 MiB
2026/02/25 16:40:14.949, 0, NVIDIA A10G, 23 %, 8 %, 2049 MiB, 23028 MiB
2026/02/25 16:40:14.949, 1, NVIDIA A10G, 0 %, 0 %, 0 MiB, 23028 MiB
2026/02/25 16:40:14.949, 2, NVIDIA A10G, 0 %, 0 %, 0 MiB, 23028 MiB
2026/02/25 16:40:14.949, 3, NVIDIA A10G, 0 %, 0 %, 0 MiB, 23028 MiB
2026/02/25 16:40:15.950, 0, NVIDIA A10G, 21 %, 7 %, 2049 MiB, 23028 MiB
2026/02/25 16:40:15.950, 1, NVIDIA A10G, 0 %, 0 %, 0 MiB, 23028 MiB
2026/02/25 16:40:15.950, 2, NVIDIA A10G, 0 %, 0 %, 0 MiB, 23028 MiB
2026/02/25 16:40:15.950, 3, NVIDIA A10G, 0 %, 0 %, 0 MiB, 23028 MiB
2026/02/25 16:40:16.950, 0, NVIDIA A10G, 22 %, 7 %, 2049 MiB, 23028 MiB
2026/02/25 16:40:16.950, 1, NVIDIA A10G, 0 %, 0 %, 0 MiB, 23028 MiB
2026/02/25 16:40:16.950, 2, NVIDIA A10G, 0 %, 0 %, 0 MiB, 23028 MiB
2026/02/25 16:40:16.950, 3, NVIDIA A10G, 0 %, 0 %, 0 MiB, 23028 MiB
2026/02/25 16:40:17.950, 0, NVIDIA A10G, 21 %, 7 %, 2049 MiB, 23028 MiB
2026/02/25 16:40:17.950, 1, NVIDIA A10G, 0 %, 0 %, 0 MiB, 23028 MiB
2026/02/25 16:40:17.950, 2, NVIDIA A10G, 0 %, 0 %, 0 MiB, 23028 MiB
2026/02/25 16:40:17.950, 3, NVIDIA A10G, 0 %, 0 %, 0 MiB, 23028 MiB
2026/02/25 16:40:18.951, 0, NVIDIA A10G, 22 %, 7 %, 2049 MiB, 23028 MiB
2026/02/25 16:40:18.951, 1, NVIDIA A10G, 0 %, 0 %, 0 MiB, 23028 MiB
2026/02/25 16:40:18.951, 2, NVIDIA A10G, 0 %, 0 %, 0 MiB, 23028 MiB
2026/02/25 16:40:18.951, 3, NVIDIA A10G, 0 %, 0 %, 0 MiB, 23028 MiB
2026/02/25 16:40:19.951, 0, NVIDIA A10G, 23 %, 8 %, 2049 MiB, 23028 MiB
2026/02/25 16:40:19.951, 1, NVIDIA A10G, 0 %, 0 %, 0 MiB, 23028 MiB
2026/02/25 16:40:19.951, 2, NVIDIA A10G, 0 %, 0 %, 0 MiB, 23028 MiB
2026/02/25 16:40:19.951, 3, NVIDIA A10G, 0 %, 0 %, 0 MiB, 23028 MiB
2026/02/25 16:40:20.951, 0, NVIDIA A10G, 0 %, 0 %, 2049 MiB, 23028 MiB
2026/02/25 16:40:20.951, 1, NVIDIA A10G, 0 %, 0 %, 0 MiB, 23028 MiB
2026/02/25 16:40:20.951, 2, NVIDIA A10G, 0 %, 0 %, 0 MiB, 23028 MiB
2026/02/25 16:40:20.951, 3, NVIDIA A10G, 0 %, 0 %, 0 MiB, 23028 MiB
2026/02/25 16:40:21.952, 0, NVIDIA A10G, 0 %, 0 %, 2049 MiB, 23028 MiB
2026/02/25 16:40:21.952, 1, NVIDIA A10G, 0 %, 0 %, 0 MiB, 23028 MiB
2026/02/25 16:40:21.952, 2, NVIDIA A10G, 0 %, 0 %, 0 MiB, 23028 MiB
2026/02/25 16:40:21.952, 3, NVIDIA A10G, 0 %, 0 %, 0 MiB, 23028 MiB
2026/02/25 16:40:22.952, 0, NVIDIA A10G, 0 %, 0 %, 2049 MiB, 23028 MiB
2026/02/25 16:40:22.952, 1, NVIDIA A10G, 0 %, 0 %, 0 MiB, 23028 MiB
2026/02/25 16:40:22.952, 2, NVIDIA A10G, 0 %, 0 %, 0 MiB, 23028 MiB
2026/02/25 16:40:22.952, 3, NVIDIA A10G, 0 %, 0 %, 0 MiB, 23028 MiB
2026/02/25 16:40:23.952, 0, NVIDIA A10G, 0 %, 0 %, 2049 MiB, 23028 MiB
2026/02/25 16:40:23.952, 1, NVIDIA A10G, 0 %, 0 %, 0 MiB, 23028 MiB
2026/02/25 16:40:23.952, 2, NVIDIA A10G, 0 %, 0 %, 0 MiB, 23028 MiB
2026/02/25 16:40:23.952, 3, NVIDIA A10G, 0 %, 0 %, 0 MiB, 23028 MiB
2026/02/25 16:40:24.953, 0, NVIDIA A10G, 0 %, 0 %, 2049 MiB, 23028 MiB
2026/02/25 16:40:24.953, 1, NVIDIA A10G, 0 %, 0 %, 0 MiB, 23028 MiB
2026/02/25 16:40:24.953, 2, NVIDIA A10G, 0 %, 0 %, 0 MiB, 23028 MiB
2026/02/25 16:40:24.953, 3, NVIDIA A10G, 0 %, 0 %, 0 MiB, 23028 MiB
2026/02/25 16:40:25.953, 0, NVIDIA A10G, 0 %, 0 %, 2049 MiB, 23028 MiB
2026/02/25 16:40:25.953, 1, NVIDIA A10G, 0 %, 0 %, 0 MiB, 23028 MiB
2026/02/25 16:40:25.953, 2, NVIDIA A10G, 0 %, 0 %, 0 MiB, 23028 MiB
2026/02/25 16:40:25.953, 3, NVIDIA A10G, 0 %, 0 %, 0 MiB, 23028 MiB
2026/02/25 16:40:26.953, 0, NVIDIA A10G, 0 %, 0 %, 2049 MiB, 23028 MiB
2026/02/25 16:40:26.953, 1, NVIDIA A10G, 0 %, 0 %, 0 MiB, 23028 MiB
2026/02/25 16:40:26.953, 2, NVIDIA A10G, 0 %, 0 %, 0 MiB, 23028 MiB
2026/02/25 16:40:26.953, 3, NVIDIA A10G, 0 %, 0 %, 0 MiB, 23028 MiB
2026/02/25 16:40:27.953, 0, NVIDIA A10G, 0 %, 0 %, 2049 MiB, 23028 MiB
2026/02/25 16:40:27.954, 1, NVIDIA A10G, 0 %, 0 %, 0 MiB, 23028 MiB
2026/02/25 16:40:27.954, 2, NVIDIA A10G, 0 %, 0 %, 0 MiB, 23028 MiB
2026/02/25 16:40:27.954, 3, NVIDIA A10G, 0 %, 0 %, 0 MiB, 23028 MiB
2026/02/25 16:40:28.954, 0, NVIDIA A10G, 0 %, 0 %, 2049 MiB, 23028 MiB
2026/02/25 16:40:28.954, 1, NVIDIA A10G, 0 %, 0 %, 0 MiB, 23028 MiB
2026/02/25 16:40:28.954, 2, NVIDIA A10G, 0 %, 0 %, 0 MiB, 23028 MiB
2026/02/25 16:40:28.954, 3, NVIDIA A10G, 0 %, 0 %, 0 MiB, 23028 MiB
2026/02/25 16:40:29.954, 0, NVIDIA A10G, 24 %, 9 %, 2049 MiB, 23028 MiB
2026/02/25 16:40:29.954, 1, NVIDIA A10G, 0 %, 0 %, 0 MiB, 23028 MiB
2026/02/25 16:40:29.954, 2, NVIDIA A10G, 0 %, 0 %, 0 MiB, 23028 MiB
2026/02/25 16:40:29.954, 3, NVIDIA A10G, 0 %, 0 %, 0 MiB, 23028 MiB
2026/02/25 16:40:30.954, 0, NVIDIA A10G, 24 %, 9 %, 2049 MiB, 23028 MiB
2026/02/25 16:40:30.955, 1, NVIDIA A10G, 0 %, 0 %, 0 MiB, 23028 MiB
2026/02/25 16:40:30.955, 2, NVIDIA A10G, 0 %, 0 %, 0 MiB, 23028 MiB
2026/02/25 16:40:30.955, 3, NVIDIA A10G, 0 %, 0 %, 0 MiB, 23028 MiB
2026/02/25 16:40:31.955, 0, NVIDIA A10G, 22 %, 8 %, 2049 MiB, 23028 MiB
2026/02/25 16:40:31.955, 1, NVIDIA A10G, 0 %, 0 %, 0 MiB, 23028 MiB
2026/02/25 16:40:31.955, 2, NVIDIA A10G, 0 %, 0 %, 0 MiB, 23028 MiB
2026/02/25 16:40:31.955, 3, NVIDIA A10G, 0 %, 0 %, 0 MiB, 23028 MiB
2026/02/25 16:40:32.955, 0, NVIDIA A10G, 20 %, 6 %, 2049 MiB, 23028 MiB
2026/02/25 16:40:32.955, 1, NVIDIA A10G, 0 %, 0 %, 0 MiB, 23028 MiB
2026/02/25 16:40:32.955, 2, NVIDIA A10G, 0 %, 0 %, 0 MiB, 23028 MiB
2026/02/25 16:40:32.955, 3, NVIDIA A10G, 0 %, 0 %, 0 MiB, 23028 MiB
2026/02/25 16:40:33.955, 0, NVIDIA A10G, 23 %, 8 %, 2049 MiB, 23028 MiB
2026/02/25 16:40:33.956, 1, NVIDIA A10G, 0 %, 0 %, 0 MiB, 23028 MiB
2026/02/25 16:40:33.956, 2, NVIDIA A10G, 0 %, 0 %, 0 MiB, 23028 MiB
2026/02/25 16:40:33.956, 3, NVIDIA A10G, 0 %, 0 %, 0 MiB, 23028 MiB
2026/02/25 16:40:34.956, 0, NVIDIA A10G, 22 %, 7 %, 2049 MiB, 23028 MiB
2026/02/25 16:40:34.957, 1, NVIDIA A10G, 0 %, 0 %, 0 MiB, 23028 MiB
2026/02/25 16:40:34.957, 2, NVIDIA A10G, 0 %, 0 %, 0 MiB, 23028 MiB
2026/02/25 16:40:34.957, 3, NVIDIA A10G, 0 %, 0 %, 0 MiB, 23028 MiB
2026/02/25 16:40:35.958, 0, NVIDIA A10G, 21 %, 7 %, 2049 MiB, 23028 MiB
2026/02/25 16:40:35.958, 1, NVIDIA A10G, 0 %, 0 %, 0 MiB, 23028 MiB
2026/02/25 16:40:35.958, 2, NVIDIA A10G, 0 %, 0 %, 0 MiB, 23028 MiB
2026/02/25 16:40:35.958, 3, NVIDIA A10G, 0 %, 0 %, 0 MiB, 23028 MiB
2026/02/25 16:40:36.958, 0, NVIDIA A10G, 21 %, 7 %, 2049 MiB, 23028 MiB
2026/02/25 16:40:36.958, 1, NVIDIA A10G, 0 %, 0 %, 0 MiB, 23028 MiB
2026/02/25 16:40:36.958, 2, NVIDIA A10G, 0 %, 0 %, 0 MiB, 23028 MiB
2026/02/25 16:40:36.958, 3, NVIDIA A10G, 0 %, 0 %, 0 MiB, 23028 MiB
2026/02/25 16:40:37.958, 0, NVIDIA A10G, 22 %, 7 %, 2049 MiB, 23028 MiB
2026/02/25 16:40:37.958, 1, NVIDIA A10G, 0 %, 0 %, 0 MiB, 23028 MiB
2026/02/25 16:40:37.958, 2, NVIDIA A10G, 0 %, 0 %, 0 MiB, 23028 MiB
2026/02/25 16:40:37.958, 3, NVIDIA A10G, 0 %, 0 %, 0 MiB, 23028 MiB
2026/02/25 16:40:38.958, 0, NVIDIA A10G, 0 %, 0 %, 2049 MiB, 23028 MiB
2026/02/25 16:40:38.959, 1, NVIDIA A10G, 0 %, 0 %, 0 MiB, 23028 MiB
2026/02/25 16:40:38.959, 2, NVIDIA A10G, 0 %, 0 %, 0 MiB, 23028 MiB
2026/02/25 16:40:38.959, 3, NVIDIA A10G, 0 %, 0 %, 0 MiB, 23028 MiB
2026/02/25 16:40:39.959, 0, NVIDIA A10G, 0 %, 0 %, 2049 MiB, 23028 MiB
2026/02/25 16:40:39.959, 1, NVIDIA A10G, 0 %, 0 %, 0 MiB, 23028 MiB
2026/02/25 16:40:39.959, 2, NVIDIA A10G, 0 %, 0 %, 0 MiB, 23028 MiB
2026/02/25 16:40:39.959, 3, NVIDIA A10G, 0 %, 0 %, 0 MiB, 23028 MiB
2026/02/25 16:40:40.959, 0, NVIDIA A10G, 0 %, 0 %, 2049 MiB, 23028 MiB
2026/02/25 16:40:40.959, 1, NVIDIA A10G, 0 %, 0 %, 0 MiB, 23028 MiB
2026/02/25 16:40:40.959, 2, NVIDIA A10G, 0 %, 0 %, 0 MiB, 23028 MiB
2026/02/25 16:40:40.959, 3, NVIDIA A10G, 0 %, 0 %, 0 MiB, 23028 MiB
2026/02/25 16:40:41.959, 0, NVIDIA A10G, 0 %, 0 %, 2049 MiB, 23028 MiB
2026/02/25 16:40:41.960, 1, NVIDIA A10G, 0 %, 0 %, 0 MiB, 23028 MiB
2026/02/25 16:40:41.960, 2, NVIDIA A10G, 0 %, 0 %, 0 MiB, 23028 MiB
2026/02/25 16:40:41.960, 3, NVIDIA A10G, 0 %, 0 %, 0 MiB, 23028 MiB
2026/02/25 16:40:42.960, 0, NVIDIA A10G, 0 %, 0 %, 2049 MiB, 23028 MiB
2026/02/25 16:40:42.960, 1, NVIDIA A10G, 0 %, 0 %, 0 MiB, 23028 MiB
2026/02/25 16:40:42.960, 2, NVIDIA A10G, 0 %, 0 %, 0 MiB, 23028 MiB
2026/02/25 16:40:42.960, 3, NVIDIA A10G, 0 %, 0 %, 0 MiB, 23028 MiB
2026/02/25 16:40:43.960, 0, NVIDIA A10G, 0 %, 0 %, 2049 MiB, 23028 MiB
2026/02/25 16:40:43.960, 1, NVIDIA A10G, 0 %, 0 %, 0 MiB, 23028 MiB
2026/02/25 16:40:43.960, 2, NVIDIA A10G, 0 %, 0 %, 0 MiB, 23028 MiB
2026/02/25 16:40:43.960, 3, NVIDIA A10G, 0 %, 0 %, 0 MiB, 23028 MiB
2026/02/25 16:40:44.960, 0, NVIDIA A10G, 0 %, 0 %, 2049 MiB, 23028 MiB
2026/02/25 16:40:44.961, 1, NVIDIA A10G, 0 %, 0 %, 0 MiB, 23028 MiB
2026/02/25 16:40:44.961, 2, NVIDIA A10G, 0 %, 0 %, 0 MiB, 23028 MiB
2026/02/25 16:40:44.961, 3, NVIDIA A10G, 0 %, 0 %, 0 MiB, 23028 MiB
2026/02/25 16:40:45.961, 0, NVIDIA A10G, 0 %, 0 %, 2049 MiB, 23028 MiB
2026/02/25 16:40:45.961, 1, NVIDIA A10G, 0 %, 0 %, 0 MiB, 23028 MiB
2026/02/25 16:40:45.961, 2, NVIDIA A10G, 0 %, 0 %, 0 MiB, 23028 MiB
2026/02/25 16:40:45.961, 3, NVIDIA A10G, 0 %, 0 %, 0 MiB, 23028 MiB
2026/02/25 16:40:46.961, 0, NVIDIA A10G, 0 %, 0 %, 2049 MiB, 23028 MiB
2026/02/25 16:40:46.961, 1, NVIDIA A10G, 0 %, 0 %, 0 MiB, 23028 MiB
2026/02/25 16:40:46.961, 2, NVIDIA A10G, 0 %, 0 %, 0 MiB, 23028 MiB
2026/02/25 16:40:46.961, 3, NVIDIA A10G, 0 %, 0 %, 0 MiB, 23028 MiB
2026/02/25 16:40:47.961, 0, NVIDIA A10G, 0 %, 0 %, 2049 MiB, 23028 MiB
2026/02/25 16:40:47.961, 1, NVIDIA A10G, 0 %, 0 %, 0 MiB, 23028 MiB
2026/02/25 16:40:47.961, 2, NVIDIA A10G, 0 %, 0 %, 0 MiB, 23028 MiB
2026/02/25 16:40:47.961, 3, NVIDIA A10G, 0 %, 0 %, 0 MiB, 23028 MiB
2026/02/25 16:40:48.961, 0, NVIDIA A10G, 82 %, 52 %, 2049 MiB, 23028 MiB
2026/02/25 16:40:48.962, 1, NVIDIA A10G, 0 %, 0 %, 0 MiB, 23028 MiB
2026/02/25 16:40:48.962, 2, NVIDIA A10G, 0 %, 0 %, 0 MiB, 23028 MiB
2026/02/25 16:40:48.962, 3, NVIDIA A10G, 0 %, 0 %, 0 MiB, 23028 MiB
2026/02/25 16:40:49.962, 0, NVIDIA A10G, 24 %, 9 %, 2049 MiB, 23028 MiB
2026/02/25 16:40:49.962, 1, NVIDIA A10G, 0 %, 0 %, 0 MiB, 23028 MiB
2026/02/25 16:40:49.962, 2, NVIDIA A10G, 0 %, 0 %, 0 MiB, 23028 MiB
2026/02/25 16:40:49.962, 3, NVIDIA A10G, 0 %, 0 %, 0 MiB, 23028 MiB
2026/02/25 16:40:50.962, 0, NVIDIA A10G, 21 %, 7 %, 2049 MiB, 23028 MiB
2026/02/25 16:40:50.962, 1, NVIDIA A10G, 0 %, 0 %, 0 MiB, 23028 MiB
2026/02/25 16:40:50.962, 2, NVIDIA A10G, 0 %, 0 %, 0 MiB, 23028 MiB
2026/02/25 16:40:50.962, 3, NVIDIA A10G, 0 %, 0 %, 0 MiB, 23028 MiB
2026/02/25 16:40:51.962, 0, NVIDIA A10G, 22 %, 8 %, 2049 MiB, 23028 MiB
2026/02/25 16:40:51.962, 1, NVIDIA A10G, 0 %, 0 %, 0 MiB, 23028 MiB
2026/02/25 16:40:51.962, 2, NVIDIA A10G, 0 %, 0 %, 0 MiB, 23028 MiB
2026/02/25 16:40:51.963, 3, NVIDIA A10G, 0 %, 0 %, 0 MiB, 23028 MiB
2026/02/25 16:40:52.963, 0, NVIDIA A10G, 24 %, 8 %, 2049 MiB, 23028 MiB
2026/02/25 16:40:52.963, 1, NVIDIA A10G, 0 %, 0 %, 0 MiB, 23028 MiB
2026/02/25 16:40:52.963, 2, NVIDIA A10G, 0 %, 0 %, 0 MiB, 23028 MiB
2026/02/25 16:40:52.963, 3, NVIDIA A10G, 0 %, 0 %, 0 MiB, 23028 MiB
2026/02/25 16:40:53.963, 0, NVIDIA A10G, 24 %, 9 %, 2049 MiB, 23028 MiB
2026/02/25 16:40:53.963, 1, NVIDIA A10G, 0 %, 0 %, 0 MiB, 23028 MiB
2026/02/25 16:40:53.963, 2, NVIDIA A10G, 0 %, 0 %, 0 MiB, 23028 MiB
2026/02/25 16:40:53.963, 3, NVIDIA A10G, 0 %, 0 %, 0 MiB, 23028 MiB
2026/02/25 16:40:54.963, 0, NVIDIA A10G, 23 %, 8 %, 2049 MiB, 23028 MiB
2026/02/25 16:40:54.963, 1, NVIDIA A10G, 0 %, 0 %, 0 MiB, 23028 MiB
2026/02/25 16:40:54.963, 2, NVIDIA A10G, 0 %, 0 %, 0 MiB, 23028 MiB
2026/02/25 16:40:54.963, 3, NVIDIA A10G, 0 %, 0 %, 0 MiB, 23028 MiB
2026/02/25 16:40:55.963, 0, NVIDIA A10G, 22 %, 7 %, 2049 MiB, 23028 MiB
2026/02/25 16:40:55.964, 1, NVIDIA A10G, 0 %, 0 %, 0 MiB, 23028 MiB
2026/02/25 16:40:55.964, 2, NVIDIA A10G, 0 %, 0 %, 0 MiB, 23028 MiB
2026/02/25 16:40:55.964, 3, NVIDIA A10G, 0 %, 0 %, 0 MiB, 23028 MiB
2026/02/25 16:40:56.964, 0, NVIDIA A10G, 23 %, 8 %, 2049 MiB, 23028 MiB
2026/02/25 16:40:56.964, 1, NVIDIA A10G, 0 %, 0 %, 0 MiB, 23028 MiB
2026/02/25 16:40:56.964, 2, NVIDIA A10G, 0 %, 0 %, 0 MiB, 23028 MiB
2026/02/25 16:40:56.964, 3, NVIDIA A10G, 0 %, 0 %, 0 MiB, 23028 MiB
2026/02/25 16:40:57.964, 0, NVIDIA A10G, 21 %, 7 %, 2049 MiB, 23028 MiB
2026/02/25 16:40:57.964, 1, NVIDIA A10G, 0 %, 0 %, 0 MiB, 23028 MiB
2026/02/25 16:40:57.964, 2, NVIDIA A10G, 0 %, 0 %, 0 MiB, 23028 MiB
2026/02/25 16:40:57.964, 3, NVIDIA A10G, 0 %, 0 %, 0 MiB, 23028 MiB
2026/02/25 16:40:58.964, 0, NVIDIA A10G, 24 %, 9 %, 2049 MiB, 23028 MiB
2026/02/25 16:40:58.965, 1, NVIDIA A10G, 0 %, 0 %, 0 MiB, 23028 MiB
2026/02/25 16:40:58.965, 2, NVIDIA A10G, 0 %, 0 %, 0 MiB, 23028 MiB
2026/02/25 16:40:58.965, 3, NVIDIA A10G, 0 %, 0 %, 0 MiB, 23028 MiB
2026/02/25 16:40:59.965, 0, NVIDIA A10G, 0 %, 0 %, 2049 MiB, 23028 MiB
2026/02/25 16:40:59.965, 1, NVIDIA A10G, 0 %, 0 %, 0 MiB, 23028 MiB
2026/02/25 16:40:59.965, 2, NVIDIA A10G, 0 %, 0 %, 0 MiB, 23028 MiB
2026/02/25 16:40:59.965, 3, NVIDIA A10G, 0 %, 0 %, 0 MiB, 23028 MiB
2026/02/25 16:41:00.965, 0, NVIDIA A10G, 0 %, 0 %, 2049 MiB, 23028 MiB
2026/02/25 16:41:00.965, 1, NVIDIA A10G, 0 %, 0 %, 0 MiB, 23028 MiB
2026/02/25 16:41:00.965, 2, NVIDIA A10G, 0 %, 0 %, 0 MiB, 23028 MiB
2026/02/25 16:41:00.965, 3, NVIDIA A10G, 0 %, 0 %, 0 MiB, 23028 MiB
2026/02/25 16:41:01.965, 0, NVIDIA A10G, 0 %, 0 %, 2049 MiB, 23028 MiB
2026/02/25 16:41:01.966, 1, NVIDIA A10G, 0 %, 0 %, 0 MiB, 23028 MiB
2026/02/25 16:41:01.966, 2, NVIDIA A10G, 0 %, 0 %, 0 MiB, 23028 MiB
2026/02/25 16:41:01.966, 3, NVIDIA A10G, 0 %, 0 %, 0 MiB, 23028 MiB
2026/02/25 16:41:02.966, 0, NVIDIA A10G, 0 %, 0 %, 2049 MiB, 23028 MiB
2026/02/25 16:41:02.966, 1, NVIDIA A10G, 0 %, 0 %, 0 MiB, 23028 MiB
2026/02/25 16:41:02.966, 2, NVIDIA A10G, 0 %, 0 %, 0 MiB, 23028 MiB
2026/02/25 16:41:02.966, 3, NVIDIA A10G, 0 %, 0 %, 0 MiB, 23028 MiB
2026/02/25 16:41:03.966, 0, NVIDIA A10G, 0 %, 0 %, 2049 MiB, 23028 MiB
2026/02/25 16:41:03.966, 1, NVIDIA A10G, 0 %, 0 %, 0 MiB, 23028 MiB
2026/02/25 16:41:03.966, 2, NVIDIA A10G, 0 %, 0 %, 0 MiB, 23028 MiB
2026/02/25 16:41:03.966, 3, NVIDIA A10G, 0 %, 0 %, 0 MiB, 23028 MiB
2026/02/25 16:41:04.966, 0, NVIDIA A10G, 0 %, 0 %, 2049 MiB, 23028 MiB
2026/02/25 16:41:04.966, 1, NVIDIA A10G, 0 %, 0 %, 0 MiB, 23028 MiB
2026/02/25 16:41:04.968, 2, NVIDIA A10G, 0 %, 0 %, 0 MiB, 23028 MiB
2026/02/25 16:41:04.968, 3, NVIDIA A10G, 0 %, 0 %, 0 MiB, 23028 MiB
2026/02/25 16:41:05.968, 0, NVIDIA A10G, 0 %, 0 %, 2049 MiB, 23028 MiB
2026/02/25 16:41:05.968, 1, NVIDIA A10G, 0 %, 0 %, 0 MiB, 23028 MiB
2026/02/25 16:41:05.968, 2, NVIDIA A10G, 0 %, 0 %, 0 MiB, 23028 MiB
2026/02/25 16:41:05.968, 3, NVIDIA A10G, 0 %, 0 %, 0 MiB, 23028 MiB
2026/02/25 16:41:06.969, 0, NVIDIA A10G, 0 %, 0 %, 2049 MiB, 23028 MiB
2026/02/25 16:41:06.969, 1, NVIDIA A10G, 0 %, 0 %, 0 MiB, 23028 MiB
2026/02/25 16:41:06.969, 2, NVIDIA A10G, 0 %, 0 %, 0 MiB, 23028 MiB
2026/02/25 16:41:06.969, 3, NVIDIA A10G, 0 %, 0 %, 0 MiB, 23028 MiB
2026/02/25 16:41:07.969, 0, NVIDIA A10G, 0 %, 0 %, 2049 MiB, 23028 MiB
2026/02/25 16:41:07.969, 1, NVIDIA A10G, 0 %, 0 %, 0 MiB, 23028 MiB
2026/02/25 16:41:07.969, 2, NVIDIA A10G, 0 %, 0 %, 0 MiB, 23028 MiB
2026/02/25 16:41:07.969, 3, NVIDIA A10G, 0 %, 0 %, 0 MiB, 23028 MiB
2026/02/25 16:41:08.969, 0, NVIDIA A10G, 0 %, 0 %, 2049 MiB, 23028 MiB
2026/02/25 16:41:08.969, 1, NVIDIA A10G, 0 %, 0 %, 0 MiB, 23028 MiB
2026/02/25 16:41:08.970, 2, NVIDIA A10G, 0 %, 0 %, 0 MiB, 23028 MiB
2026/02/25 16:41:08.970, 3, NVIDIA A10G, 0 %, 0 %, 0 MiB, 23028 MiB
2026/02/25 16:41:09.970, 0, NVIDIA A10G, 82 %, 54 %, 2049 MiB, 23028 MiB
2026/02/25 16:41:09.970, 1, NVIDIA A10G, 0 %, 0 %, 0 MiB, 23028 MiB
2026/02/25 16:41:09.970, 2, NVIDIA A10G, 0 %, 0 %, 0 MiB, 23028 MiB
2026/02/25 16:41:09.970, 3, NVIDIA A10G, 0 %, 0 %, 0 MiB, 23028 MiB
2026/02/25 16:41:10.970, 0, NVIDIA A10G, 23 %, 9 %, 2049 MiB, 23028 MiB
2026/02/25 16:41:10.970, 1, NVIDIA A10G, 0 %, 0 %, 0 MiB, 23028 MiB
2026/02/25 16:41:10.970, 2, NVIDIA A10G, 0 %, 0 %, 0 MiB, 23028 MiB
2026/02/25 16:41:10.970, 3, NVIDIA A10G, 0 %, 0 %, 0 MiB, 23028 MiB
2026/02/25 16:41:11.970, 0, NVIDIA A10G, 25 %, 9 %, 2049 MiB, 23028 MiB
2026/02/25 16:41:11.970, 1, NVIDIA A10G, 0 %, 0 %, 0 MiB, 23028 MiB
2026/02/25 16:41:11.970, 2, NVIDIA A10G, 0 %, 0 %, 0 MiB, 23028 MiB
2026/02/25 16:41:11.970, 3, NVIDIA A10G, 0 %, 0 %, 0 MiB, 23028 MiB
2026/02/25 16:41:12.971, 0, NVIDIA A10G, 24 %, 8 %, 2049 MiB, 23028 MiB
2026/02/25 16:41:12.971, 1, NVIDIA A10G, 0 %, 0 %, 0 MiB, 23028 MiB
2026/02/25 16:41:12.971, 2, NVIDIA A10G, 0 %, 0 %, 0 MiB, 23028 MiB
2026/02/25 16:41:12.971, 3, NVIDIA A10G, 0 %, 0 %, 0 MiB, 23028 MiB
2026/02/25 16:41:13.971, 0, NVIDIA A10G, 22 %, 7 %, 2049 MiB, 23028 MiB
2026/02/25 16:41:13.971, 1, NVIDIA A10G, 0 %, 0 %, 0 MiB, 23028 MiB
2026/02/25 16:41:13.971, 2, NVIDIA A10G, 0 %, 0 %, 0 MiB, 23028 MiB
2026/02/25 16:41:13.971, 3, NVIDIA A10G, 0 %, 0 %, 0 MiB, 23028 MiB
2026/02/25 16:41:14.971, 0, NVIDIA A10G, 22 %, 8 %, 2049 MiB, 23028 MiB
2026/02/25 16:41:14.971, 1, NVIDIA A10G, 0 %, 0 %, 0 MiB, 23028 MiB
2026/02/25 16:41:14.971, 2, NVIDIA A10G, 0 %, 0 %, 0 MiB, 23028 MiB
2026/02/25 16:41:14.971, 3, NVIDIA A10G, 0 %, 0 %, 0 MiB, 23028 MiB
2026/02/25 16:41:15.971, 0, NVIDIA A10G, 21 %, 7 %, 2049 MiB, 23028 MiB
2026/02/25 16:41:15.972, 1, NVIDIA A10G, 0 %, 0 %, 0 MiB, 23028 MiB
2026/02/25 16:41:15.972, 2, NVIDIA A10G, 0 %, 0 %, 0 MiB, 23028 MiB
2026/02/25 16:41:15.972, 3, NVIDIA A10G, 0 %, 0 %, 0 MiB, 23028 MiB
2026/02/25 16:41:16.972, 0, NVIDIA A10G, 21 %, 7 %, 2049 MiB, 23028 MiB
2026/02/25 16:41:16.972, 1, NVIDIA A10G, 0 %, 0 %, 0 MiB, 23028 MiB
2026/02/25 16:41:16.972, 2, NVIDIA A10G, 0 %, 0 %, 0 MiB, 23028 MiB
2026/02/25 16:41:16.972, 3, NVIDIA A10G, 0 %, 0 %, 0 MiB, 23028 MiB
2026/02/25 16:41:17.972, 0, NVIDIA A10G, 24 %, 8 %, 2049 MiB, 23028 MiB
2026/02/25 16:41:17.972, 1, NVIDIA A10G, 0 %, 0 %, 0 MiB, 23028 MiB
2026/02/25 16:41:17.972, 2, NVIDIA A10G, 0 %, 0 %, 0 MiB, 23028 MiB
2026/02/25 16:41:17.972, 3, NVIDIA A10G, 0 %, 0 %, 0 MiB, 23028 MiB
2026/02/25 16:41:18.972, 0, NVIDIA A10G, 21 %, 7 %, 2049 MiB, 23028 MiB
2026/02/25 16:41:18.972, 1, NVIDIA A10G, 0 %, 0 %, 0 MiB, 23028 MiB
2026/02/25 16:41:18.973, 2, NVIDIA A10G, 0 %, 0 %, 0 MiB, 23028 MiB
2026/02/25 16:41:18.973, 3, NVIDIA A10G, 0 %, 0 %, 0 MiB, 23028 MiB
2026/02/25 16:41:19.973, 0, NVIDIA A10G, 23 %, 8 %, 2049 MiB, 23028 MiB
2026/02/25 16:41:19.973, 1, NVIDIA A10G, 0 %, 0 %, 0 MiB, 23028 MiB
2026/02/25 16:41:19.973, 2, NVIDIA A10G, 0 %, 0 %, 0 MiB, 23028 MiB
2026/02/25 16:41:19.973, 3, NVIDIA A10G, 0 %, 0 %, 0 MiB, 23028 MiB
2026/02/25 16:41:20.973, 0, NVIDIA A10G, 23 %, 8 %, 2049 MiB, 23028 MiB
2026/02/25 16:41:20.973, 1, NVIDIA A10G, 0 %, 0 %, 0 MiB, 23028 MiB
2026/02/25 16:41:20.973, 2, NVIDIA A10G, 0 %, 0 %, 0 MiB, 23028 MiB
2026/02/25 16:41:20.973, 3, NVIDIA A10G, 0 %, 0 %, 0 MiB, 23028 MiB
2026/02/25 16:41:21.973, 0, NVIDIA A10G, 23 %, 8 %, 2049 MiB, 23028 MiB
2026/02/25 16:41:21.974, 1, NVIDIA A10G, 0 %, 0 %, 0 MiB, 23028 MiB
2026/02/25 16:41:21.974, 2, NVIDIA A10G, 0 %, 0 %, 0 MiB, 23028 MiB
2026/02/25 16:41:21.974, 3, NVIDIA A10G, 0 %, 0 %, 0 MiB, 23028 MiB
2026/02/25 16:41:22.974, 0, NVIDIA A10G, 0 %, 0 %, 2049 MiB, 23028 MiB
2026/02/25 16:41:22.974, 1, NVIDIA A10G, 0 %, 0 %, 0 MiB, 23028 MiB
2026/02/25 16:41:22.974, 2, NVIDIA A10G, 0 %, 0 %, 0 MiB, 23028 MiB
2026/02/25 16:41:22.974, 3, NVIDIA A10G, 0 %, 0 %, 0 MiB, 23028 MiB
2026/02/25 16:41:23.974, 0, NVIDIA A10G, 0 %, 0 %, 2049 MiB, 23028 MiB
2026/02/25 16:41:23.974, 1, NVIDIA A10G, 0 %, 0 %, 0 MiB, 23028 MiB
2026/02/25 16:41:23.974, 2, NVIDIA A10G, 0 %, 0 %, 0 MiB, 23028 MiB
2026/02/25 16:41:23.974, 3, NVIDIA A10G, 0 %, 0 %, 0 MiB, 23028 MiB
2026/02/25 16:41:24.974, 0, NVIDIA A10G, 0 %, 0 %, 2049 MiB, 23028 MiB
2026/02/25 16:41:24.974, 1, NVIDIA A10G, 0 %, 0 %, 0 MiB, 23028 MiB
2026/02/25 16:41:24.974, 2, NVIDIA A10G, 0 %, 0 %, 0 MiB, 23028 MiB
2026/02/25 16:41:24.974, 3, NVIDIA A10G, 0 %, 0 %, 0 MiB, 23028 MiB
2026/02/25 16:41:25.975, 0, NVIDIA A10G, 0 %, 0 %, 2049 MiB, 23028 MiB
2026/02/25 16:41:25.975, 1, NVIDIA A10G, 0 %, 0 %, 0 MiB, 23028 MiB
2026/02/25 16:41:25.975, 2, NVIDIA A10G, 0 %, 0 %, 0 MiB, 23028 MiB
2026/02/25 16:41:25.975, 3, NVIDIA A10G, 0 %, 0 %, 0 MiB, 23028 MiB
2026/02/25 16:41:26.975, 0, NVIDIA A10G, 0 %, 0 %, 2049 MiB, 23028 MiB
2026/02/25 16:41:26.975, 1, NVIDIA A10G, 0 %, 0 %, 0 MiB, 23028 MiB
2026/02/25 16:41:26.975, 2, NVIDIA A10G, 0 %, 0 %, 0 MiB, 23028 MiB
2026/02/25 16:41:26.975, 3, NVIDIA A10G, 0 %, 0 %, 0 MiB, 23028 MiB
2026/02/25 16:41:27.975, 0, NVIDIA A10G, 21 %, 7 %, 2049 MiB, 23028 MiB
2026/02/25 16:41:27.975, 1, NVIDIA A10G, 0 %, 0 %, 0 MiB, 23028 MiB
2026/02/25 16:41:27.975, 2, NVIDIA A10G, 0 %, 0 %, 0 MiB, 23028 MiB
2026/02/25 16:41:27.975, 3, NVIDIA A10G, 0 %, 0 %, 0 MiB, 23028 MiB
2026/02/25 16:41:28.976, 0, NVIDIA A10G, 22 %, 7 %, 2049 MiB, 23028 MiB
2026/02/25 16:41:28.976, 1, NVIDIA A10G, 0 %, 0 %, 0 MiB, 23028 MiB
2026/02/25 16:41:28.976, 2, NVIDIA A10G, 0 %, 0 %, 0 MiB, 23028 MiB
2026/02/25 16:41:28.976, 3, NVIDIA A10G, 0 %, 0 %, 0 MiB, 23028 MiB
2026/02/25 16:41:29.976, 0, NVIDIA A10G, 23 %, 8 %, 2049 MiB, 23028 MiB
2026/02/25 16:41:29.976, 1, NVIDIA A10G, 0 %, 0 %, 0 MiB, 23028 MiB
2026/02/25 16:41:29.976, 2, NVIDIA A10G, 0 %, 0 %, 0 MiB, 23028 MiB
2026/02/25 16:41:29.976, 3, NVIDIA A10G, 0 %, 0 %, 0 MiB, 23028 MiB
2026/02/25 16:41:30.976, 0, NVIDIA A10G, 21 %, 7 %, 2049 MiB, 23028 MiB
2026/02/25 16:41:30.976, 1, NVIDIA A10G, 0 %, 0 %, 0 MiB, 23028 MiB
2026/02/25 16:41:30.976, 2, NVIDIA A10G, 0 %, 0 %, 0 MiB, 23028 MiB
2026/02/25 16:41:30.976, 3, NVIDIA A10G, 0 %, 0 %, 0 MiB, 23028 MiB
2026/02/25 16:41:31.976, 0, NVIDIA A10G, 21 %, 7 %, 2049 MiB, 23028 MiB
2026/02/25 16:41:31.977, 1, NVIDIA A10G, 0 %, 0 %, 0 MiB, 23028 MiB
2026/02/25 16:41:31.977, 2, NVIDIA A10G, 0 %, 0 %, 0 MiB, 23028 MiB
2026/02/25 16:41:31.977, 3, NVIDIA A10G, 0 %, 0 %, 0 MiB, 23028 MiB
2026/02/25 16:41:32.977, 0, NVIDIA A10G, 23 %, 8 %, 2049 MiB, 23028 MiB
2026/02/25 16:41:32.977, 1, NVIDIA A10G, 0 %, 0 %, 0 MiB, 23028 MiB
2026/02/25 16:41:32.977, 2, NVIDIA A10G, 0 %, 0 %, 0 MiB, 23028 MiB
2026/02/25 16:41:32.977, 3, NVIDIA A10G, 0 %, 0 %, 0 MiB, 23028 MiB
2026/02/25 16:41:33.977, 0, NVIDIA A10G, 0 %, 0 %, 2049 MiB, 23028 MiB
2026/02/25 16:41:33.977, 1, NVIDIA A10G, 0 %, 0 %, 0 MiB, 23028 MiB
2026/02/25 16:41:33.977, 2, NVIDIA A10G, 0 %, 0 %, 0 MiB, 23028 MiB
2026/02/25 16:41:33.977, 3, NVIDIA A10G, 0 %, 0 %, 0 MiB, 23028 MiB
2026/02/25 16:41:34.977, 0, NVIDIA A10G, 0 %, 0 %, 2049 MiB, 23028 MiB
2026/02/25 16:41:34.977, 1, NVIDIA A10G, 0 %, 0 %, 0 MiB, 23028 MiB
2026/02/25 16:41:34.978, 2, NVIDIA A10G, 0 %, 0 %, 0 MiB, 23028 MiB
2026/02/25 16:41:34.978, 3, NVIDIA A10G, 0 %, 0 %, 0 MiB, 23028 MiB
2026/02/25 16:41:35.978, 0, NVIDIA A10G, 0 %, 0 %, 2049 MiB, 23028 MiB
2026/02/25 16:41:35.978, 1, NVIDIA A10G, 0 %, 0 %, 0 MiB, 23028 MiB
2026/02/25 16:41:35.978, 2, NVIDIA A10G, 0 %, 0 %, 0 MiB, 23028 MiB
2026/02/25 16:41:35.978, 3, NVIDIA A10G, 0 %, 0 %, 0 MiB, 23028 MiB
2026/02/25 16:41:36.978, 0, NVIDIA A10G, 0 %, 0 %, 2049 MiB, 23028 MiB
2026/02/25 16:41:36.978, 1, NVIDIA A10G, 0 %, 0 %, 0 MiB, 23028 MiB
2026/02/25 16:41:36.978, 2, NVIDIA A10G, 0 %, 0 %, 0 MiB, 23028 MiB
2026/02/25 16:41:36.978, 3, NVIDIA A10G, 0 %, 0 %, 0 MiB, 23028 MiB
2026/02/25 16:41:37.978, 0, NVIDIA A10G, 0 %, 0 %, 2049 MiB, 23028 MiB
2026/02/25 16:41:37.979, 1, NVIDIA A10G, 0 %, 0 %, 0 MiB, 23028 MiB
2026/02/25 16:41:37.979, 2, NVIDIA A10G, 0 %, 0 %, 0 MiB, 23028 MiB
2026/02/25 16:41:37.979, 3, NVIDIA A10G, 0 %, 0 %, 0 MiB, 23028 MiB
2026/02/25 16:41:38.979, 0, NVIDIA A10G, 0 %, 0 %, 2049 MiB, 23028 MiB
2026/02/25 16:41:38.979, 1, NVIDIA A10G, 0 %, 0 %, 0 MiB, 23028 MiB
2026/02/25 16:41:38.979, 2, NVIDIA A10G, 0 %, 0 %, 0 MiB, 23028 MiB
2026/02/25 16:41:38.979, 3, NVIDIA A10G, 0 %, 0 %, 0 MiB, 23028 MiB
2026/02/25 16:41:39.979, 0, NVIDIA A10G, 0 %, 0 %, 2049 MiB, 23028 MiB
2026/02/25 16:41:39.979, 1, NVIDIA A10G, 0 %, 0 %, 0 MiB, 23028 MiB
2026/02/25 16:41:39.979, 2, NVIDIA A10G, 0 %, 0 %, 0 MiB, 23028 MiB
2026/02/25 16:41:39.979, 3, NVIDIA A10G, 0 %, 0 %, 0 MiB, 23028 MiB
2026/02/25 16:41:40.979, 0, NVIDIA A10G, 0 %, 0 %, 2049 MiB, 23028 MiB
2026/02/25 16:41:40.980, 1, NVIDIA A10G, 0 %, 0 %, 0 MiB, 23028 MiB
2026/02/25 16:41:40.980, 2, NVIDIA A10G, 0 %, 0 %, 0 MiB, 23028 MiB
2026/02/25 16:41:40.980, 3, NVIDIA A10G, 0 %, 0 %, 0 MiB, 23028 MiB
2026/02/25 16:41:41.980, 0, NVIDIA A10G, 0 %, 0 %, 2049 MiB, 23028 MiB
2026/02/25 16:41:41.980, 1, NVIDIA A10G, 0 %, 0 %, 0 MiB, 23028 MiB
2026/02/25 16:41:41.980, 2, NVIDIA A10G, 0 %, 0 %, 0 MiB, 23028 MiB
2026/02/25 16:41:41.980, 3, NVIDIA A10G, 0 %, 0 %, 0 MiB, 23028 MiB
2026/02/25 16:41:42.980, 0, NVIDIA A10G, 0 %, 0 %, 2049 MiB, 23028 MiB
2026/02/25 16:41:42.980, 1, NVIDIA A10G, 0 %, 0 %, 0 MiB, 23028 MiB
2026/02/25 16:41:42.980, 2, NVIDIA A10G, 0 %, 0 %, 0 MiB, 23028 MiB
2026/02/25 16:41:42.980, 3, NVIDIA A10G, 0 %, 0 %, 0 MiB, 23028 MiB
2026/02/25 16:41:43.980, 0, NVIDIA A10G, 86 %, 55 %, 2049 MiB, 23028 MiB
2026/02/25 16:41:43.980, 1, NVIDIA A10G, 0 %, 0 %, 0 MiB, 23028 MiB
2026/02/25 16:41:43.980, 2, NVIDIA A10G, 0 %, 0 %, 0 MiB, 23028 MiB
2026/02/25 16:41:43.981, 3, NVIDIA A10G, 0 %, 0 %, 0 MiB, 23028 MiB
2026/02/25 16:41:44.981, 0, NVIDIA A10G, 23 %, 8 %, 2049 MiB, 23028 MiB
2026/02/25 16:41:44.981, 1, NVIDIA A10G, 0 %, 0 %, 0 MiB, 23028 MiB
2026/02/25 16:41:44.981, 2, NVIDIA A10G, 0 %, 0 %, 0 MiB, 23028 MiB
2026/02/25 16:41:44.981, 3, NVIDIA A10G, 0 %, 0 %, 0 MiB, 23028 MiB
2026/02/25 16:41:45.981, 0, NVIDIA A10G, 23 %, 8 %, 2049 MiB, 23028 MiB
2026/02/25 16:41:45.981, 1, NVIDIA A10G, 0 %, 0 %, 0 MiB, 23028 MiB
2026/02/25 16:41:45.981, 2, NVIDIA A10G, 0 %, 0 %, 0 MiB, 23028 MiB
2026/02/25 16:41:45.981, 3, NVIDIA A10G, 0 %, 0 %, 0 MiB, 23028 MiB
2026/02/25 16:41:46.981, 0, NVIDIA A10G, 23 %, 8 %, 2049 MiB, 23028 MiB
2026/02/25 16:41:46.981, 1, NVIDIA A10G, 0 %, 0 %, 0 MiB, 23028 MiB
2026/02/25 16:41:46.981, 2, NVIDIA A10G, 0 %, 0 %, 0 MiB, 23028 MiB
2026/02/25 16:41:46.982, 3, NVIDIA A10G, 0 %, 0 %, 0 MiB, 23028 MiB
2026/02/25 16:41:47.982, 0, NVIDIA A10G, 21 %, 7 %, 2049 MiB, 23028 MiB
2026/02/25 16:41:47.982, 1, NVIDIA A10G, 0 %, 0 %, 0 MiB, 23028 MiB
2026/02/25 16:41:47.982, 2, NVIDIA A10G, 0 %, 0 %, 0 MiB, 23028 MiB
2026/02/25 16:41:47.982, 3, NVIDIA A10G, 0 %, 0 %, 0 MiB, 23028 MiB
2026/02/25 16:41:48.982, 0, NVIDIA A10G, 23 %, 7 %, 2049 MiB, 23028 MiB
2026/02/25 16:41:48.982, 1, NVIDIA A10G, 0 %, 0 %, 0 MiB, 23028 MiB
2026/02/25 16:41:48.982, 2, NVIDIA A10G, 0 %, 0 %, 0 MiB, 23028 MiB
2026/02/25 16:41:48.982, 3, NVIDIA A10G, 0 %, 0 %, 0 MiB, 23028 MiB
2026/02/25 16:41:49.982, 0, NVIDIA A10G, 22 %, 7 %, 2049 MiB, 23028 MiB
2026/02/25 16:41:49.982, 1, NVIDIA A10G, 0 %, 0 %, 0 MiB, 23028 MiB
2026/02/25 16:41:49.982, 2, NVIDIA A10G, 0 %, 0 %, 0 MiB, 23028 MiB
2026/02/25 16:41:49.982, 3, NVIDIA A10G, 0 %, 0 %, 0 MiB, 23028 MiB
2026/02/25 16:41:50.982, 0, NVIDIA A10G, 24 %, 9 %, 2049 MiB, 23028 MiB
2026/02/25 16:41:50.983, 1, NVIDIA A10G, 0 %, 0 %, 0 MiB, 23028 MiB
2026/02/25 16:41:50.983, 2, NVIDIA A10G, 0 %, 0 %, 0 MiB, 23028 MiB
2026/02/25 16:41:50.983, 3, NVIDIA A10G, 0 %, 0 %, 0 MiB, 23028 MiB
2026/02/25 16:41:51.983, 0, NVIDIA A10G, 23 %, 8 %, 2049 MiB, 23028 MiB
2026/02/25 16:41:51.983, 1, NVIDIA A10G, 0 %, 0 %, 0 MiB, 23028 MiB
2026/02/25 16:41:51.983, 2, NVIDIA A10G, 0 %, 0 %, 0 MiB, 23028 MiB
2026/02/25 16:41:51.983, 3, NVIDIA A10G, 0 %, 0 %, 0 MiB, 23028 MiB
2026/02/25 16:41:52.983, 0, NVIDIA A10G, 22 %, 8 %, 2049 MiB, 23028 MiB
2026/02/25 16:41:52.983, 1, NVIDIA A10G, 0 %, 0 %, 0 MiB, 23028 MiB
2026/02/25 16:41:52.983, 2, NVIDIA A10G, 0 %, 0 %, 0 MiB, 23028 MiB
2026/02/25 16:41:52.983, 3, NVIDIA A10G, 0 %, 0 %, 0 MiB, 23028 MiB
2026/02/25 16:41:53.983, 0, NVIDIA A10G, 24 %, 9 %, 2049 MiB, 23028 MiB
2026/02/25 16:41:53.983, 1, NVIDIA A10G, 0 %, 0 %, 0 MiB, 23028 MiB
2026/02/25 16:41:53.983, 2, NVIDIA A10G, 0 %, 0 %, 0 MiB, 23028 MiB
2026/02/25 16:41:53.983, 3, NVIDIA A10G, 0 %, 0 %, 0 MiB, 23028 MiB
2026/02/25 16:41:54.984, 0, NVIDIA A10G, 0 %, 0 %, 2049 MiB, 23028 MiB
2026/02/25 16:41:54.984, 1, NVIDIA A10G, 0 %, 0 %, 0 MiB, 23028 MiB
2026/02/25 16:41:54.984, 2, NVIDIA A10G, 0 %, 0 %, 0 MiB, 23028 MiB
2026/02/25 16:41:54.984, 3, NVIDIA A10G, 0 %, 0 %, 0 MiB, 23028 MiB
2026/02/25 16:41:55.984, 0, NVIDIA A10G, 0 %, 0 %, 2049 MiB, 23028 MiB
2026/02/25 16:41:55.984, 1, NVIDIA A10G, 0 %, 0 %, 0 MiB, 23028 MiB
2026/02/25 16:41:55.984, 2, NVIDIA A10G, 0 %, 0 %, 0 MiB, 23028 MiB
2026/02/25 16:41:55.984, 3, NVIDIA A10G, 0 %, 0 %, 0 MiB, 23028 MiB
2026/02/25 16:41:56.984, 0, NVIDIA A10G, 0 %, 0 %, 2049 MiB, 23028 MiB
2026/02/25 16:41:56.984, 1, NVIDIA A10G, 0 %, 0 %, 0 MiB, 23028 MiB
2026/02/25 16:41:56.985, 2, NVIDIA A10G, 0 %, 0 %, 0 MiB, 23028 MiB
2026/02/25 16:41:56.985, 3, NVIDIA A10G, 0 %, 0 %, 0 MiB, 23028 MiB
2026/02/25 16:41:57.985, 0, NVIDIA A10G, 0 %, 0 %, 2049 MiB, 23028 MiB
2026/02/25 16:41:57.985, 1, NVIDIA A10G, 0 %, 0 %, 0 MiB, 23028 MiB
2026/02/25 16:41:57.985, 2, NVIDIA A10G, 0 %, 0 %, 0 MiB, 23028 MiB
2026/02/25 16:41:57.985, 3, NVIDIA A10G, 0 %, 0 %, 0 MiB, 23028 MiB
2026/02/25 16:41:58.985, 0, NVIDIA A10G, 45 %, 28 %, 2049 MiB, 23028 MiB
2026/02/25 16:41:58.985, 1, NVIDIA A10G, 0 %, 0 %, 0 MiB, 23028 MiB
2026/02/25 16:41:58.985, 2, NVIDIA A10G, 0 %, 0 %, 0 MiB, 23028 MiB
2026/02/25 16:41:58.985, 3, NVIDIA A10G, 0 %, 0 %, 0 MiB, 23028 MiB
2026/02/25 16:41:59.985, 0, NVIDIA A10G, 21 %, 7 %, 2049 MiB, 23028 MiB
2026/02/25 16:41:59.985, 1, NVIDIA A10G, 0 %, 0 %, 0 MiB, 23028 MiB
2026/02/25 16:41:59.985, 2, NVIDIA A10G, 0 %, 0 %, 0 MiB, 23028 MiB
2026/02/25 16:41:59.985, 3, NVIDIA A10G, 0 %, 0 %, 0 MiB, 23028 MiB
2026/02/25 16:42:00.986, 0, NVIDIA A10G, 23 %, 8 %, 2049 MiB, 23028 MiB
2026/02/25 16:42:00.986, 1, NVIDIA A10G, 0 %, 0 %, 0 MiB, 23028 MiB
2026/02/25 16:42:00.986, 2, NVIDIA A10G, 0 %, 0 %, 0 MiB, 23028 MiB
2026/02/25 16:42:00.986, 3, NVIDIA A10G, 0 %, 0 %, 0 MiB, 23028 MiB
2026/02/25 16:42:01.986, 0, NVIDIA A10G, 22 %, 8 %, 2049 MiB, 23028 MiB
2026/02/25 16:42:01.986, 1, NVIDIA A10G, 0 %, 0 %, 0 MiB, 23028 MiB
2026/02/25 16:42:01.986, 2, NVIDIA A10G, 0 %, 0 %, 0 MiB, 23028 MiB
2026/02/25 16:42:01.986, 3, NVIDIA A10G, 0 %, 0 %, 0 MiB, 23028 MiB
2026/02/25 16:42:02.986, 0, NVIDIA A10G, 20 %, 7 %, 2049 MiB, 23028 MiB
2026/02/25 16:42:02.987, 1, NVIDIA A10G, 0 %, 0 %, 0 MiB, 23028 MiB
2026/02/25 16:42:02.987, 2, NVIDIA A10G, 0 %, 0 %, 0 MiB, 23028 MiB
2026/02/25 16:42:02.987, 3, NVIDIA A10G, 0 %, 0 %, 0 MiB, 23028 MiB
2026/02/25 16:42:03.987, 0, NVIDIA A10G, 23 %, 8 %, 2049 MiB, 23028 MiB
2026/02/25 16:42:03.987, 1, NVIDIA A10G, 0 %, 0 %, 0 MiB, 23028 MiB
2026/02/25 16:42:03.987, 2, NVIDIA A10G, 0 %, 0 %, 0 MiB, 23028 MiB
2026/02/25 16:42:03.987, 3, NVIDIA A10G, 0 %, 0 %, 0 MiB, 23028 MiB
2026/02/25 16:42:04.987, 0, NVIDIA A10G, 0 %, 0 %, 2049 MiB, 23028 MiB
2026/02/25 16:42:04.988, 1, NVIDIA A10G, 0 %, 0 %, 0 MiB, 23028 MiB
2026/02/25 16:42:04.988, 2, NVIDIA A10G, 0 %, 0 %, 0 MiB, 23028 MiB
2026/02/25 16:42:04.988, 3, NVIDIA A10G, 0 %, 0 %, 0 MiB, 23028 MiB
2026/02/25 16:42:05.988, 0, NVIDIA A10G, 0 %, 0 %, 2049 MiB, 23028 MiB
2026/02/25 16:42:05.988, 1, NVIDIA A10G, 0 %, 0 %, 0 MiB, 23028 MiB
2026/02/25 16:42:05.988, 2, NVIDIA A10G, 0 %, 0 %, 0 MiB, 23028 MiB
2026/02/25 16:42:05.988, 3, NVIDIA A10G, 0 %, 0 %, 0 MiB, 23028 MiB
2026/02/25 16:42:06.988, 0, NVIDIA A10G, 0 %, 0 %, 2049 MiB, 23028 MiB
2026/02/25 16:42:06.988, 1, NVIDIA A10G, 0 %, 0 %, 0 MiB, 23028 MiB
2026/02/25 16:42:06.988, 2, NVIDIA A10G, 0 %, 0 %, 0 MiB, 23028 MiB
2026/02/25 16:42:06.988, 3, NVIDIA A10G, 0 %, 0 %, 0 MiB, 23028 MiB
2026/02/25 16:42:07.989, 0, NVIDIA A10G, 0 %, 0 %, 2049 MiB, 23028 MiB
2026/02/25 16:42:07.989, 1, NVIDIA A10G, 0 %, 0 %, 0 MiB, 23028 MiB
2026/02/25 16:42:07.989, 2, NVIDIA A10G, 0 %, 0 %, 0 MiB, 23028 MiB
2026/02/25 16:42:07.989, 3, NVIDIA A10G, 0 %, 0 %, 0 MiB, 23028 MiB
2026/02/25 16:42:08.989, 0, NVIDIA A10G, 0 %, 0 %, 2049 MiB, 23028 MiB
2026/02/25 16:42:08.989, 1, NVIDIA A10G, 0 %, 0 %, 0 MiB, 23028 MiB
2026/02/25 16:42:08.989, 2, NVIDIA A10G, 0 %, 0 %, 0 MiB, 23028 MiB
2026/02/25 16:42:08.989, 3, NVIDIA A10G, 0 %, 0 %, 0 MiB, 23028 MiB
2026/02/25 16:42:09.989, 0, NVIDIA A10G, 0 %, 0 %, 2049 MiB, 23028 MiB
2026/02/25 16:42:09.989, 1, NVIDIA A10G, 0 %, 0 %, 0 MiB, 23028 MiB
2026/02/25 16:42:09.989, 2, NVIDIA A10G, 0 %, 0 %, 0 MiB, 23028 MiB
2026/02/25 16:42:09.989, 3, NVIDIA A10G, 0 %, 0 %, 0 MiB, 23028 MiB
2026/02/25 16:42:10.989, 0, NVIDIA A10G, 0 %, 0 %, 2049 MiB, 23028 MiB
2026/02/25 16:42:10.989, 1, NVIDIA A10G, 0 %, 0 %, 0 MiB, 23028 MiB
2026/02/25 16:42:10.989, 2, NVIDIA A10G, 0 %, 0 %, 0 MiB, 23028 MiB
2026/02/25 16:42:10.990, 3, NVIDIA A10G, 0 %, 0 %, 0 MiB, 23028 MiB
2026/02/25 16:42:11.990, 0, NVIDIA A10G, 0 %, 0 %, 2049 MiB, 23028 MiB
2026/02/25 16:42:11.990, 1, NVIDIA A10G, 0 %, 0 %, 0 MiB, 23028 MiB
2026/02/25 16:42:11.990, 2, NVIDIA A10G, 0 %, 0 %, 0 MiB, 23028 MiB
2026/02/25 16:42:11.990, 3, NVIDIA A10G, 0 %, 0 %, 0 MiB, 23028 MiB
2026/02/25 16:42:12.990, 0, NVIDIA A10G, 0 %, 0 %, 2049 MiB, 23028 MiB
2026/02/25 16:42:12.990, 1, NVIDIA A10G, 0 %, 0 %, 0 MiB, 23028 MiB
2026/02/25 16:42:12.990, 2, NVIDIA A10G, 0 %, 0 %, 0 MiB, 23028 MiB
2026/02/25 16:42:12.990, 3, NVIDIA A10G, 0 %, 0 %, 0 MiB, 23028 MiB
2026/02/25 16:42:13.990, 0, NVIDIA A10G, 0 %, 0 %, 2049 MiB, 23028 MiB
2026/02/25 16:42:13.990, 1, NVIDIA A10G, 0 %, 0 %, 0 MiB, 23028 MiB
2026/02/25 16:42:13.990, 2, NVIDIA A10G, 0 %, 0 %, 0 MiB, 23028 MiB
2026/02/25 16:42:13.990, 3, NVIDIA A10G, 0 %, 0 %, 0 MiB, 23028 MiB
2026/02/25 16:42:14.990, 0, NVIDIA A10G, 0 %, 0 %, 2049 MiB, 23028 MiB
2026/02/25 16:42:14.991, 1, NVIDIA A10G, 0 %, 0 %, 0 MiB, 23028 MiB
2026/02/25 16:42:14.991, 2, NVIDIA A10G, 0 %, 0 %, 0 MiB, 23028 MiB
2026/02/25 16:42:14.991, 3, NVIDIA A10G, 0 %, 0 %, 0 MiB, 23028 MiB
2026/02/25 16:42:15.991, 0, NVIDIA A10G, 100 %, 70 %, 2049 MiB, 23028 MiB
2026/02/25 16:42:15.991, 1, NVIDIA A10G, 0 %, 0 %, 0 MiB, 23028 MiB
2026/02/25 16:42:15.991, 2, NVIDIA A10G, 0 %, 0 %, 0 MiB, 23028 MiB
2026/02/25 16:42:15.991, 3, NVIDIA A10G, 0 %, 0 %, 0 MiB, 23028 MiB
2026/02/25 16:42:16.991, 0, NVIDIA A10G, 12 %, 4 %, 2049 MiB, 23028 MiB
2026/02/25 16:42:16.991, 1, NVIDIA A10G, 0 %, 0 %, 0 MiB, 23028 MiB
2026/02/25 16:42:16.991, 2, NVIDIA A10G, 0 %, 0 %, 0 MiB, 23028 MiB
2026/02/25 16:42:16.991, 3, NVIDIA A10G, 0 %, 0 %, 0 MiB, 23028 MiB
2026/02/25 16:42:17.991, 0, NVIDIA A10G, 22 %, 7 %, 2049 MiB, 23028 MiB
2026/02/25 16:42:17.992, 1, NVIDIA A10G, 0 %, 0 %, 0 MiB, 23028 MiB
2026/02/25 16:42:17.992, 2, NVIDIA A10G, 0 %, 0 %, 0 MiB, 23028 MiB
2026/02/25 16:42:17.992, 3, NVIDIA A10G, 0 %, 0 %, 0 MiB, 23028 MiB
2026/02/25 16:42:18.992, 0, NVIDIA A10G, 21 %, 7 %, 2049 MiB, 23028 MiB
2026/02/25 16:42:18.992, 1, NVIDIA A10G, 0 %, 0 %, 0 MiB, 23028 MiB
2026/02/25 16:42:18.992, 2, NVIDIA A10G, 0 %, 0 %, 0 MiB, 23028 MiB
2026/02/25 16:42:18.992, 3, NVIDIA A10G, 0 %, 0 %, 0 MiB, 23028 MiB
2026/02/25 16:42:19.992, 0, NVIDIA A10G, 21 %, 7 %, 2049 MiB, 23028 MiB
2026/02/25 16:42:19.992, 1, NVIDIA A10G, 0 %, 0 %, 0 MiB, 23028 MiB
2026/02/25 16:42:19.992, 2, NVIDIA A10G, 0 %, 0 %, 0 MiB, 23028 MiB
2026/02/25 16:42:19.992, 3, NVIDIA A10G, 0 %, 0 %, 0 MiB, 23028 MiB
2026/02/25 16:42:20.993, 0, NVIDIA A10G, 22 %, 8 %, 2049 MiB, 23028 MiB
2026/02/25 16:42:20.993, 1, NVIDIA A10G, 0 %, 0 %, 0 MiB, 23028 MiB
2026/02/25 16:42:20.993, 2, NVIDIA A10G, 0 %, 0 %, 0 MiB, 23028 MiB
2026/02/25 16:42:20.993, 3, NVIDIA A10G, 0 %, 0 %, 0 MiB, 23028 MiB
2026/02/25 16:42:21.993, 0, NVIDIA A10G, 21 %, 7 %, 2049 MiB, 23028 MiB
2026/02/25 16:42:21.993, 1, NVIDIA A10G, 0 %, 0 %, 0 MiB, 23028 MiB
2026/02/25 16:42:21.993, 2, NVIDIA A10G, 0 %, 0 %, 0 MiB, 23028 MiB
2026/02/25 16:42:21.993, 3, NVIDIA A10G, 0 %, 0 %, 0 MiB, 23028 MiB
2026/02/25 16:42:22.993, 0, NVIDIA A10G, 23 %, 9 %, 2049 MiB, 23028 MiB
2026/02/25 16:42:22.993, 1, NVIDIA A10G, 0 %, 0 %, 0 MiB, 23028 MiB
2026/02/25 16:42:22.993, 2, NVIDIA A10G, 0 %, 0 %, 0 MiB, 23028 MiB
2026/02/25 16:42:22.993, 3, NVIDIA A10G, 0 %, 0 %, 0 MiB, 23028 MiB
2026/02/25 16:42:23.994, 0, NVIDIA A10G, 24 %, 9 %, 2049 MiB, 23028 MiB
2026/02/25 16:42:23.994, 1, NVIDIA A10G, 0 %, 0 %, 0 MiB, 23028 MiB
2026/02/25 16:42:23.994, 2, NVIDIA A10G, 0 %, 0 %, 0 MiB, 23028 MiB
2026/02/25 16:42:23.994, 3, NVIDIA A10G, 0 %, 0 %, 0 MiB, 23028 MiB
2026/02/25 16:42:24.994, 0, NVIDIA A10G, 19 %, 7 %, 2049 MiB, 23028 MiB
2026/02/25 16:42:24.994, 1, NVIDIA A10G, 0 %, 0 %, 0 MiB, 23028 MiB
2026/02/25 16:42:24.994, 2, NVIDIA A10G, 0 %, 0 %, 0 MiB, 23028 MiB
2026/02/25 16:42:24.994, 3, NVIDIA A10G, 0 %, 0 %, 0 MiB, 23028 MiB
2026/02/25 16:42:25.994, 0, NVIDIA A10G, 19 %, 6 %, 2049 MiB, 23028 MiB
2026/02/25 16:42:25.994, 1, NVIDIA A10G, 0 %, 0 %, 0 MiB, 23028 MiB
2026/02/25 16:42:25.994, 2, NVIDIA A10G, 0 %, 0 %, 0 MiB, 23028 MiB
2026/02/25 16:42:25.994, 3, NVIDIA A10G, 0 %, 0 %, 0 MiB, 23028 MiB
2026/02/25 16:42:26.994, 0, NVIDIA A10G, 20 %, 7 %, 2049 MiB, 23028 MiB
2026/02/25 16:42:26.995, 1, NVIDIA A10G, 0 %, 0 %, 0 MiB, 23028 MiB
2026/02/25 16:42:26.995, 2, NVIDIA A10G, 0 %, 0 %, 0 MiB, 23028 MiB
2026/02/25 16:42:26.995, 3, NVIDIA A10G, 0 %, 0 %, 0 MiB, 23028 MiB
2026/02/25 16:42:27.995, 0, NVIDIA A10G, 22 %, 8 %, 2049 MiB, 23028 MiB
2026/02/25 16:42:27.995, 1, NVIDIA A10G, 0 %, 0 %, 0 MiB, 23028 MiB
2026/02/25 16:42:27.995, 2, NVIDIA A10G, 0 %, 0 %, 0 MiB, 23028 MiB
2026/02/25 16:42:27.995, 3, NVIDIA A10G, 0 %, 0 %, 0 MiB, 23028 MiB
2026/02/25 16:42:28.995, 0, NVIDIA A10G, 0 %, 0 %, 2049 MiB, 23028 MiB
2026/02/25 16:42:28.995, 1, NVIDIA A10G, 0 %, 0 %, 0 MiB, 23028 MiB
2026/02/25 16:42:28.995, 2, NVIDIA A10G, 0 %, 0 %, 0 MiB, 23028 MiB
2026/02/25 16:42:28.996, 3, NVIDIA A10G, 0 %, 0 %, 0 MiB, 23028 MiB
2026/02/25 16:42:29.996, 0, NVIDIA A10G, 26 %, 16 %, 2049 MiB, 23028 MiB
2026/02/25 16:42:29.996, 1, NVIDIA A10G, 0 %, 0 %, 0 MiB, 23028 MiB
2026/02/25 16:42:29.996, 2, NVIDIA A10G, 0 %, 0 %, 0 MiB, 23028 MiB
2026/02/25 16:42:29.996, 3, NVIDIA A10G, 0 %, 0 %, 0 MiB, 23028 MiB
2026/02/25 16:42:30.996, 0, NVIDIA A10G, 22 %, 7 %, 2049 MiB, 23028 MiB
2026/02/25 16:42:30.996, 1, NVIDIA A10G, 0 %, 0 %, 0 MiB, 23028 MiB
2026/02/25 16:42:30.996, 2, NVIDIA A10G, 0 %, 0 %, 0 MiB, 23028 MiB
2026/02/25 16:42:30.996, 3, NVIDIA A10G, 0 %, 0 %, 0 MiB, 23028 MiB
2026/02/25 16:42:31.996, 0, NVIDIA A10G, 0 %, 0 %, 2049 MiB, 23028 MiB
2026/02/25 16:42:31.996, 1, NVIDIA A10G, 0 %, 0 %, 0 MiB, 23028 MiB
2026/02/25 16:42:31.996, 2, NVIDIA A10G, 0 %, 0 %, 0 MiB, 23028 MiB
2026/02/25 16:42:31.997, 3, NVIDIA A10G, 0 %, 0 %, 0 MiB, 23028 MiB
2026/02/25 16:42:32.997, 0, NVIDIA A10G, 0 %, 0 %, 2049 MiB, 23028 MiB
2026/02/25 16:42:32.997, 1, NVIDIA A10G, 0 %, 0 %, 0 MiB, 23028 MiB
2026/02/25 16:42:32.997, 2, NVIDIA A10G, 0 %, 0 %, 0 MiB, 23028 MiB
2026/02/25 16:42:32.997, 3, NVIDIA A10G, 0 %, 0 %, 0 MiB, 23028 MiB
2026/02/25 16:42:33.997, 0, NVIDIA A10G, 0 %, 0 %, 2049 MiB, 23028 MiB
2026/02/25 16:42:33.997, 1, NVIDIA A10G, 0 %, 0 %, 0 MiB, 23028 MiB
2026/02/25 16:42:33.997, 2, NVIDIA A10G, 0 %, 0 %, 0 MiB, 23028 MiB
2026/02/25 16:42:33.997, 3, NVIDIA A10G, 0 %, 0 %, 0 MiB, 23028 MiB
2026/02/25 16:42:34.998, 0, NVIDIA A10G, 17 %, 6 %, 2049 MiB, 23028 MiB
2026/02/25 16:42:34.998, 1, NVIDIA A10G, 0 %, 0 %, 0 MiB, 23028 MiB
2026/02/25 16:42:34.998, 2, NVIDIA A10G, 0 %, 0 %, 0 MiB, 23028 MiB
2026/02/25 16:42:34.998, 3, NVIDIA A10G, 0 %, 0 %, 0 MiB, 23028 MiB
2026/02/25 16:42:35.998, 0, NVIDIA A10G, 21 %, 7 %, 2049 MiB, 23028 MiB
2026/02/25 16:42:35.998, 1, NVIDIA A10G, 0 %, 0 %, 0 MiB, 23028 MiB
2026/02/25 16:42:35.998, 2, NVIDIA A10G, 0 %, 0 %, 0 MiB, 23028 MiB
2026/02/25 16:42:35.998, 3, NVIDIA A10G, 0 %, 0 %, 0 MiB, 23028 MiB
2026/02/25 16:42:36.998, 0, NVIDIA A10G, 22 %, 7 %, 2049 MiB, 23028 MiB
2026/02/25 16:42:36.998, 1, NVIDIA A10G, 0 %, 0 %, 0 MiB, 23028 MiB
2026/02/25 16:42:36.999, 2, NVIDIA A10G, 0 %, 0 %, 0 MiB, 23028 MiB
2026/02/25 16:42:36.999, 3, NVIDIA A10G, 0 %, 0 %, 0 MiB, 23028 MiB
2026/02/25 16:42:37.999, 0, NVIDIA A10G, 21 %, 7 %, 2049 MiB, 23028 MiB
2026/02/25 16:42:37.999, 1, NVIDIA A10G, 0 %, 0 %, 0 MiB, 23028 MiB
2026/02/25 16:42:37.999, 2, NVIDIA A10G, 0 %, 0 %, 0 MiB, 23028 MiB
2026/02/25 16:42:37.999, 3, NVIDIA A10G, 0 %, 0 %, 0 MiB, 23028 MiB
2026/02/25 16:42:38.999, 0, NVIDIA A10G, 22 %, 7 %, 2049 MiB, 23028 MiB
2026/02/25 16:42:38.999, 1, NVIDIA A10G, 0 %, 0 %, 0 MiB, 23028 MiB
2026/02/25 16:42:38.999, 2, NVIDIA A10G, 0 %, 0 %, 0 MiB, 23028 MiB
2026/02/25 16:42:38.999, 3, NVIDIA A10G, 0 %, 0 %, 0 MiB, 23028 MiB
2026/02/25 16:42:39.999, 0, NVIDIA A10G, 0 %, 0 %, 2049 MiB, 23028 MiB
2026/02/25 16:42:39.999, 1, NVIDIA A10G, 0 %, 0 %, 0 MiB, 23028 MiB
2026/02/25 16:42:39.999, 2, NVIDIA A10G, 0 %, 0 %, 0 MiB, 23028 MiB
2026/02/25 16:42:39.999, 3, NVIDIA A10G, 0 %, 0 %, 0 MiB, 23028 MiB
2026/02/25 16:42:41.000, 0, NVIDIA A10G, 0 %, 0 %, 2049 MiB, 23028 MiB
2026/02/25 16:42:41.000, 1, NVIDIA A10G, 0 %, 0 %, 0 MiB, 23028 MiB
2026/02/25 16:42:41.000, 2, NVIDIA A10G, 0 %, 0 %, 0 MiB, 23028 MiB
2026/02/25 16:42:41.000, 3, NVIDIA A10G, 0 %, 0 %, 0 MiB, 23028 MiB
2026/02/25 16:42:42.000, 0, NVIDIA A10G, 0 %, 0 %, 2049 MiB, 23028 MiB
2026/02/25 16:42:42.000, 1, NVIDIA A10G, 0 %, 0 %, 0 MiB, 23028 MiB
2026/02/25 16:42:42.000, 2, NVIDIA A10G, 0 %, 0 %, 0 MiB, 23028 MiB
2026/02/25 16:42:42.000, 3, NVIDIA A10G, 0 %, 0 %, 0 MiB, 23028 MiB
2026/02/25 16:42:43.000, 0, NVIDIA A10G, 0 %, 0 %, 2049 MiB, 23028 MiB
2026/02/25 16:42:43.000, 1, NVIDIA A10G, 0 %, 0 %, 0 MiB, 23028 MiB
2026/02/25 16:42:43.000, 2, NVIDIA A10G, 0 %, 0 %, 0 MiB, 23028 MiB
2026/02/25 16:42:43.000, 3, NVIDIA A10G, 0 %, 0 %, 0 MiB, 23028 MiB
2026/02/25 16:42:44.000, 0, NVIDIA A10G, 0 %, 0 %, 2049 MiB, 23028 MiB
2026/02/25 16:42:44.000, 1, NVIDIA A10G, 0 %, 0 %, 0 MiB, 23028 MiB
2026/02/25 16:42:44.001, 2, NVIDIA A10G, 0 %, 0 %, 0 MiB, 23028 MiB
2026/02/25 16:42:44.001, 3, NVIDIA A10G, 0 %, 0 %, 0 MiB, 23028 MiB
2026/02/25 16:42:45.001, 0, NVIDIA A10G, 22 %, 7 %, 2049 MiB, 23028 MiB
2026/02/25 16:42:45.001, 1, NVIDIA A10G, 0 %, 0 %, 0 MiB, 23028 MiB
2026/02/25 16:42:45.001, 2, NVIDIA A10G, 0 %, 0 %, 0 MiB, 23028 MiB
2026/02/25 16:42:45.001, 3, NVIDIA A10G, 0 %, 0 %, 0 MiB, 23028 MiB
2026/02/25 16:42:46.001, 0, NVIDIA A10G, 22 %, 7 %, 2049 MiB, 23028 MiB
2026/02/25 16:42:46.001, 1, NVIDIA A10G, 0 %, 0 %, 0 MiB, 23028 MiB
2026/02/25 16:42:46.001, 2, NVIDIA A10G, 0 %, 0 %, 0 MiB, 23028 MiB
2026/02/25 16:42:46.001, 3, NVIDIA A10G, 0 %, 0 %, 0 MiB, 23028 MiB
2026/02/25 16:42:47.002, 0, NVIDIA A10G, 22 %, 7 %, 2049 MiB, 23028 MiB
2026/02/25 16:42:47.002, 1, NVIDIA A10G, 0 %, 0 %, 0 MiB, 23028 MiB
2026/02/25 16:42:47.002, 2, NVIDIA A10G, 0 %, 0 %, 0 MiB, 23028 MiB
2026/02/25 16:42:47.002, 3, NVIDIA A10G, 0 %, 0 %, 0 MiB, 23028 MiB
2026/02/25 16:42:48.002, 0, NVIDIA A10G, 23 %, 8 %, 2049 MiB, 23028 MiB
2026/02/25 16:42:48.002, 1, NVIDIA A10G, 0 %, 0 %, 0 MiB, 23028 MiB
2026/02/25 16:42:48.002, 2, NVIDIA A10G, 0 %, 0 %, 0 MiB, 23028 MiB
2026/02/25 16:42:48.002, 3, NVIDIA A10G, 0 %, 0 %, 0 MiB, 23028 MiB
2026/02/25 16:42:49.002, 0, NVIDIA A10G, 22 %, 8 %, 2049 MiB, 23028 MiB
2026/02/25 16:42:49.002, 1, NVIDIA A10G, 0 %, 0 %, 0 MiB, 23028 MiB
2026/02/25 16:42:49.002, 2, NVIDIA A10G, 0 %, 0 %, 0 MiB, 23028 MiB
2026/02/25 16:42:49.002, 3, NVIDIA A10G, 0 %, 0 %, 0 MiB, 23028 MiB
2026/02/25 16:42:50.002, 0, NVIDIA A10G, 18 %, 6 %, 2049 MiB, 23028 MiB
2026/02/25 16:42:50.002, 1, NVIDIA A10G, 0 %, 0 %, 0 MiB, 23028 MiB
2026/02/25 16:42:50.002, 2, NVIDIA A10G, 0 %, 0 %, 0 MiB, 23028 MiB
2026/02/25 16:42:50.003, 3, NVIDIA A10G, 0 %, 0 %, 0 MiB, 23028 MiB
2026/02/25 16:42:51.003, 0, NVIDIA A10G, 0 %, 0 %, 2049 MiB, 23028 MiB
2026/02/25 16:42:51.003, 1, NVIDIA A10G, 0 %, 0 %, 0 MiB, 23028 MiB
2026/02/25 16:42:51.003, 2, NVIDIA A10G, 0 %, 0 %, 0 MiB, 23028 MiB
2026/02/25 16:42:51.003, 3, NVIDIA A10G, 0 %, 0 %, 0 MiB, 23028 MiB
2026/02/25 16:42:52.003, 0, NVIDIA A10G, 0 %, 0 %, 2049 MiB, 23028 MiB
2026/02/25 16:42:52.003, 1, NVIDIA A10G, 0 %, 0 %, 0 MiB, 23028 MiB
2026/02/25 16:42:52.003, 2, NVIDIA A10G, 0 %, 0 %, 0 MiB, 23028 MiB
2026/02/25 16:42:52.003, 3, NVIDIA A10G, 0 %, 0 %, 0 MiB, 23028 MiB
2026/02/25 16:42:53.003, 0, NVIDIA A10G, 0 %, 0 %, 2049 MiB, 23028 MiB
2026/02/25 16:42:53.003, 1, NVIDIA A10G, 0 %, 0 %, 0 MiB, 23028 MiB
2026/02/25 16:42:53.003, 2, NVIDIA A10G, 0 %, 0 %, 0 MiB, 23028 MiB
2026/02/25 16:42:53.003, 3, NVIDIA A10G, 0 %, 0 %, 0 MiB, 23028 MiB
2026/02/25 16:42:54.004, 0, NVIDIA A10G, 0 %, 0 %, 2049 MiB, 23028 MiB
2026/02/25 16:42:54.004, 1, NVIDIA A10G, 0 %, 0 %, 0 MiB, 23028 MiB
2026/02/25 16:42:54.004, 2, NVIDIA A10G, 0 %, 0 %, 0 MiB, 23028 MiB
2026/02/25 16:42:54.004, 3, NVIDIA A10G, 0 %, 0 %, 0 MiB, 23028 MiB
2026/02/25 16:42:55.004, 0, NVIDIA A10G, 0 %, 0 %, 2049 MiB, 23028 MiB
2026/02/25 16:42:55.004, 1, NVIDIA A10G, 0 %, 0 %, 0 MiB, 23028 MiB
2026/02/25 16:42:55.004, 2, NVIDIA A10G, 0 %, 0 %, 0 MiB, 23028 MiB
2026/02/25 16:42:55.004, 3, NVIDIA A10G, 0 %, 0 %, 0 MiB, 23028 MiB
2026/02/25 16:42:56.004, 0, NVIDIA A10G, 0 %, 0 %, 2049 MiB, 23028 MiB
2026/02/25 16:42:56.004, 1, NVIDIA A10G, 0 %, 0 %, 0 MiB, 23028 MiB
2026/02/25 16:42:56.004, 2, NVIDIA A10G, 0 %, 0 %, 0 MiB, 23028 MiB
2026/02/25 16:42:56.004, 3, NVIDIA A10G, 0 %, 0 %, 0 MiB, 23028 MiB
2026/02/25 16:42:57.005, 0, NVIDIA A10G, 0 %, 0 %, 2049 MiB, 23028 MiB
2026/02/25 16:42:57.005, 1, NVIDIA A10G, 0 %, 0 %, 0 MiB, 23028 MiB
2026/02/25 16:42:57.005, 2, NVIDIA A10G, 0 %, 0 %, 0 MiB, 23028 MiB
2026/02/25 16:42:57.005, 3, NVIDIA A10G, 0 %, 0 %, 0 MiB, 23028 MiB
2026/02/25 16:42:58.005, 0, NVIDIA A10G, 0 %, 0 %, 2049 MiB, 23028 MiB
2026/02/25 16:42:58.005, 1, NVIDIA A10G, 0 %, 0 %, 0 MiB, 23028 MiB
2026/02/25 16:42:58.005, 2, NVIDIA A10G, 0 %, 0 %, 0 MiB, 23028 MiB
2026/02/25 16:42:58.005, 3, NVIDIA A10G, 0 %, 0 %, 0 MiB, 23028 MiB
2026/02/25 16:42:59.005, 0, NVIDIA A10G, 21 %, 7 %, 2049 MiB, 23028 MiB
2026/02/25 16:42:59.005, 1, NVIDIA A10G, 0 %, 0 %, 0 MiB, 23028 MiB
2026/02/25 16:42:59.005, 2, NVIDIA A10G, 0 %, 0 %, 0 MiB, 23028 MiB
2026/02/25 16:42:59.005, 3, NVIDIA A10G, 0 %, 0 %, 0 MiB, 23028 MiB
2026/02/25 16:43:00.006, 0, NVIDIA A10G, 23 %, 8 %, 2049 MiB, 23028 MiB
2026/02/25 16:43:00.006, 1, NVIDIA A10G, 0 %, 0 %, 0 MiB, 23028 MiB
2026/02/25 16:43:00.006, 2, NVIDIA A10G, 0 %, 0 %, 0 MiB, 23028 MiB
2026/02/25 16:43:00.006, 3, NVIDIA A10G, 0 %, 0 %, 0 MiB, 23028 MiB
2026/02/25 16:43:01.006, 0, NVIDIA A10G, 23 %, 8 %, 2049 MiB, 23028 MiB
2026/02/25 16:43:01.006, 1, NVIDIA A10G, 0 %, 0 %, 0 MiB, 23028 MiB
2026/02/25 16:43:01.006, 2, NVIDIA A10G, 0 %, 0 %, 0 MiB, 23028 MiB
2026/02/25 16:43:01.006, 3, NVIDIA A10G, 0 %, 0 %, 0 MiB, 23028 MiB
2026/02/25 16:43:02.006, 0, NVIDIA A10G, 22 %, 7 %, 2049 MiB, 23028 MiB
2026/02/25 16:43:02.006, 1, NVIDIA A10G, 0 %, 0 %, 0 MiB, 23028 MiB
2026/02/25 16:43:02.006, 2, NVIDIA A10G, 0 %, 0 %, 0 MiB, 23028 MiB
2026/02/25 16:43:02.006, 3, NVIDIA A10G, 0 %, 0 %, 0 MiB, 23028 MiB
2026/02/25 16:43:03.006, 0, NVIDIA A10G, 22 %, 8 %, 2049 MiB, 23028 MiB
2026/02/25 16:43:03.007, 1, NVIDIA A10G, 0 %, 0 %, 0 MiB, 23028 MiB
2026/02/25 16:43:03.007, 2, NVIDIA A10G, 0 %, 0 %, 0 MiB, 23028 MiB
2026/02/25 16:43:03.007, 3, NVIDIA A10G, 0 %, 0 %, 0 MiB, 23028 MiB
2026/02/25 16:43:04.007, 0, NVIDIA A10G, 23 %, 8 %, 2049 MiB, 23028 MiB
2026/02/25 16:43:04.007, 1, NVIDIA A10G, 0 %, 0 %, 0 MiB, 23028 MiB
2026/02/25 16:43:04.007, 2, NVIDIA A10G, 0 %, 0 %, 0 MiB, 23028 MiB
2026/02/25 16:43:04.007, 3, NVIDIA A10G, 0 %, 0 %, 0 MiB, 23028 MiB
2026/02/25 16:43:05.007, 0, NVIDIA A10G, 23 %, 8 %, 2049 MiB, 23028 MiB
2026/02/25 16:43:05.007, 1, NVIDIA A10G, 0 %, 0 %, 0 MiB, 23028 MiB
2026/02/25 16:43:05.007, 2, NVIDIA A10G, 0 %, 0 %, 0 MiB, 23028 MiB
2026/02/25 16:43:05.007, 3, NVIDIA A10G, 0 %, 0 %, 0 MiB, 23028 MiB
2026/02/25 16:43:06.007, 0, NVIDIA A10G, 23 %, 8 %, 2049 MiB, 23028 MiB
2026/02/25 16:43:06.008, 1, NVIDIA A10G, 0 %, 0 %, 0 MiB, 23028 MiB
2026/02/25 16:43:06.008, 2, NVIDIA A10G, 0 %, 0 %, 0 MiB, 23028 MiB
2026/02/25 16:43:06.008, 3, NVIDIA A10G, 0 %, 0 %, 0 MiB, 23028 MiB
2026/02/25 16:43:07.008, 0, NVIDIA A10G, 23 %, 8 %, 2049 MiB, 23028 MiB
2026/02/25 16:43:07.008, 1, NVIDIA A10G, 0 %, 0 %, 0 MiB, 23028 MiB
2026/02/25 16:43:07.008, 2, NVIDIA A10G, 0 %, 0 %, 0 MiB, 23028 MiB
2026/02/25 16:43:07.008, 3, NVIDIA A10G, 0 %, 0 %, 0 MiB, 23028 MiB
2026/02/25 16:43:08.008, 0, NVIDIA A10G, 22 %, 8 %, 2049 MiB, 23028 MiB
2026/02/25 16:43:08.008, 1, NVIDIA A10G, 0 %, 0 %, 0 MiB, 23028 MiB
2026/02/25 16:43:08.008, 2, NVIDIA A10G, 0 %, 0 %, 0 MiB, 23028 MiB
2026/02/25 16:43:08.008, 3, NVIDIA A10G, 0 %, 0 %, 0 MiB, 23028 MiB
2026/02/25 16:43:09.009, 0, NVIDIA A10G, 0 %, 0 %, 2049 MiB, 23028 MiB
2026/02/25 16:43:09.009, 1, NVIDIA A10G, 0 %, 0 %, 0 MiB, 23028 MiB
2026/02/25 16:43:09.009, 2, NVIDIA A10G, 0 %, 0 %, 0 MiB, 23028 MiB
2026/02/25 16:43:09.009, 3, NVIDIA A10G, 0 %, 0 %, 0 MiB, 23028 MiB
2026/02/25 16:43:10.009, 0, NVIDIA A10G, 0 %, 0 %, 2049 MiB, 23028 MiB
2026/02/25 16:43:10.009, 1, NVIDIA A10G, 0 %, 0 %, 0 MiB, 23028 MiB
2026/02/25 16:43:10.009, 2, NVIDIA A10G, 0 %, 0 %, 0 MiB, 23028 MiB
2026/02/25 16:43:10.009, 3, NVIDIA A10G, 0 %, 0 %, 0 MiB, 23028 MiB
2026/02/25 16:43:11.009, 0, NVIDIA A10G, 0 %, 0 %, 2049 MiB, 23028 MiB
2026/02/25 16:43:11.009, 1, NVIDIA A10G, 0 %, 0 %, 0 MiB, 23028 MiB
2026/02/25 16:43:11.009, 2, NVIDIA A10G, 0 %, 0 %, 0 MiB, 23028 MiB
2026/02/25 16:43:11.010, 3, NVIDIA A10G, 0 %, 0 %, 0 MiB, 23028 MiB
2026/02/25 16:43:12.010, 0, NVIDIA A10G, 23 %, 8 %, 2049 MiB, 23028 MiB
2026/02/25 16:43:12.010, 1, NVIDIA A10G, 0 %, 0 %, 0 MiB, 23028 MiB
2026/02/25 16:43:12.010, 2, NVIDIA A10G, 0 %, 0 %, 0 MiB, 23028 MiB
2026/02/25 16:43:12.010, 3, NVIDIA A10G, 0 %, 0 %, 0 MiB, 23028 MiB
2026/02/25 16:43:13.010, 0, NVIDIA A10G, 22 %, 7 %, 2049 MiB, 23028 MiB
2026/02/25 16:43:13.010, 1, NVIDIA A10G, 0 %, 0 %, 0 MiB, 23028 MiB
2026/02/25 16:43:13.010, 2, NVIDIA A10G, 0 %, 0 %, 0 MiB, 23028 MiB
2026/02/25 16:43:13.010, 3, NVIDIA A10G, 0 %, 0 %, 0 MiB, 23028 MiB
2026/02/25 16:43:14.010, 0, NVIDIA A10G, 21 %, 7 %, 2049 MiB, 23028 MiB
2026/02/25 16:43:14.010, 1, NVIDIA A10G, 0 %, 0 %, 0 MiB, 23028 MiB
2026/02/25 16:43:14.010, 2, NVIDIA A10G, 0 %, 0 %, 0 MiB, 23028 MiB
2026/02/25 16:43:14.010, 3, NVIDIA A10G, 0 %, 0 %, 0 MiB, 23028 MiB
2026/02/25 16:43:15.010, 0, NVIDIA A10G, 21 %, 7 %, 2049 MiB, 23028 MiB
2026/02/25 16:43:15.011, 1, NVIDIA A10G, 0 %, 0 %, 0 MiB, 23028 MiB
2026/02/25 16:43:15.011, 2, NVIDIA A10G, 0 %, 0 %, 0 MiB, 23028 MiB
2026/02/25 16:43:15.011, 3, NVIDIA A10G, 0 %, 0 %, 0 MiB, 23028 MiB
2026/02/25 16:43:16.011, 0, NVIDIA A10G, 0 %, 0 %, 2049 MiB, 23028 MiB
2026/02/25 16:43:16.011, 1, NVIDIA A10G, 0 %, 0 %, 0 MiB, 23028 MiB
2026/02/25 16:43:16.011, 2, NVIDIA A10G, 0 %, 0 %, 0 MiB, 23028 MiB
2026/02/25 16:43:16.011, 3, NVIDIA A10G, 0 %, 0 %, 0 MiB, 23028 MiB
2026/02/25 16:43:17.011, 0, NVIDIA A10G, 0 %, 0 %, 2049 MiB, 23028 MiB
2026/02/25 16:43:17.011, 1, NVIDIA A10G, 0 %, 0 %, 0 MiB, 23028 MiB
2026/02/25 16:43:17.011, 2, NVIDIA A10G, 0 %, 0 %, 0 MiB, 23028 MiB
2026/02/25 16:43:17.011, 3, NVIDIA A10G, 0 %, 0 %, 0 MiB, 23028 MiB
2026/02/25 16:43:18.011, 0, NVIDIA A10G, 0 %, 0 %, 2049 MiB, 23028 MiB
2026/02/25 16:43:18.011, 1, NVIDIA A10G, 0 %, 0 %, 0 MiB, 23028 MiB
2026/02/25 16:43:18.012, 2, NVIDIA A10G, 0 %, 0 %, 0 MiB, 23028 MiB
2026/02/25 16:43:18.012, 3, NVIDIA A10G, 0 %, 0 %, 0 MiB, 23028 MiB
2026/02/25 16:43:19.012, 0, NVIDIA A10G, 0 %, 0 %, 2049 MiB, 23028 MiB
2026/02/25 16:43:19.012, 1, NVIDIA A10G, 0 %, 0 %, 0 MiB, 23028 MiB
2026/02/25 16:43:19.012, 2, NVIDIA A10G, 0 %, 0 %, 0 MiB, 23028 MiB
2026/02/25 16:43:19.012, 3, NVIDIA A10G, 0 %, 0 %, 0 MiB, 23028 MiB
2026/02/25 16:43:20.012, 0, NVIDIA A10G, 23 %, 8 %, 2049 MiB, 23028 MiB
2026/02/25 16:43:20.012, 1, NVIDIA A10G, 0 %, 0 %, 0 MiB, 23028 MiB
2026/02/25 16:43:20.012, 2, NVIDIA A10G, 0 %, 0 %, 0 MiB, 23028 MiB
2026/02/25 16:43:20.012, 3, NVIDIA A10G, 0 %, 0 %, 0 MiB, 23028 MiB
2026/02/25 16:43:21.012, 0, NVIDIA A10G, 20 %, 7 %, 2049 MiB, 23028 MiB
2026/02/25 16:43:21.012, 1, NVIDIA A10G, 0 %, 0 %, 0 MiB, 23028 MiB
2026/02/25 16:43:21.012, 2, NVIDIA A10G, 0 %, 0 %, 0 MiB, 23028 MiB
2026/02/25 16:43:21.012, 3, NVIDIA A10G, 0 %, 0 %, 0 MiB, 23028 MiB
2026/02/25 16:43:22.013, 0, NVIDIA A10G, 21 %, 7 %, 2049 MiB, 23028 MiB
2026/02/25 16:43:22.013, 1, NVIDIA A10G, 0 %, 0 %, 0 MiB, 23028 MiB
2026/02/25 16:43:22.013, 2, NVIDIA A10G, 0 %, 0 %, 0 MiB, 23028 MiB
2026/02/25 16:43:22.013, 3, NVIDIA A10G, 0 %, 0 %, 0 MiB, 23028 MiB
2026/02/25 16:43:23.013, 0, NVIDIA A10G, 20 %, 6 %, 2049 MiB, 23028 MiB
2026/02/25 16:43:23.013, 1, NVIDIA A10G, 0 %, 0 %, 0 MiB, 23028 MiB
2026/02/25 16:43:23.013, 2, NVIDIA A10G, 0 %, 0 %, 0 MiB, 23028 MiB
2026/02/25 16:43:23.013, 3, NVIDIA A10G, 0 %, 0 %, 0 MiB, 23028 MiB
2026/02/25 16:43:24.013, 0, NVIDIA A10G, 0 %, 0 %, 2049 MiB, 23028 MiB
2026/02/25 16:43:24.013, 1, NVIDIA A10G, 0 %, 0 %, 0 MiB, 23028 MiB
2026/02/25 16:43:24.013, 2, NVIDIA A10G, 0 %, 0 %, 0 MiB, 23028 MiB
2026/02/25 16:43:24.013, 3, NVIDIA A10G, 0 %, 0 %, 0 MiB, 23028 MiB
2026/02/25 16:43:25.013, 0, NVIDIA A10G, 0 %, 0 %, 2049 MiB, 23028 MiB
2026/02/25 16:43:25.013, 1, NVIDIA A10G, 0 %, 0 %, 0 MiB, 23028 MiB
2026/02/25 16:43:25.013, 2, NVIDIA A10G, 0 %, 0 %, 0 MiB, 23028 MiB
2026/02/25 16:43:25.013, 3, NVIDIA A10G, 0 %, 0 %, 0 MiB, 23028 MiB
2026/02/25 16:43:26.014, 0, NVIDIA A10G, 0 %, 0 %, 2049 MiB, 23028 MiB
2026/02/25 16:43:26.014, 1, NVIDIA A10G, 0 %, 0 %, 0 MiB, 23028 MiB
2026/02/25 16:43:26.014, 2, NVIDIA A10G, 0 %, 0 %, 0 MiB, 23028 MiB
2026/02/25 16:43:26.014, 3, NVIDIA A10G, 0 %, 0 %, 0 MiB, 23028 MiB
2026/02/25 16:43:27.014, 0, NVIDIA A10G, 0 %, 0 %, 2049 MiB, 23028 MiB
2026/02/25 16:43:27.014, 1, NVIDIA A10G, 0 %, 0 %, 0 MiB, 23028 MiB
2026/02/25 16:43:27.014, 2, NVIDIA A10G, 0 %, 0 %, 0 MiB, 23028 MiB
2026/02/25 16:43:27.014, 3, NVIDIA A10G, 0 %, 0 %, 0 MiB, 23028 MiB
2026/02/25 16:43:28.014, 0, NVIDIA A10G, 0 %, 0 %, 2049 MiB, 23028 MiB
2026/02/25 16:43:28.014, 1, NVIDIA A10G, 0 %, 0 %, 0 MiB, 23028 MiB
2026/02/25 16:43:28.014, 2, NVIDIA A10G, 0 %, 0 %, 0 MiB, 23028 MiB
2026/02/25 16:43:28.014, 3, NVIDIA A10G, 0 %, 0 %, 0 MiB, 23028 MiB
2026/02/25 16:43:29.015, 0, NVIDIA A10G, 0 %, 0 %, 2049 MiB, 23028 MiB
2026/02/25 16:43:29.015, 1, NVIDIA A10G, 0 %, 0 %, 0 MiB, 23028 MiB
2026/02/25 16:43:29.015, 2, NVIDIA A10G, 0 %, 0 %, 0 MiB, 23028 MiB
2026/02/25 16:43:29.015, 3, NVIDIA A10G, 0 %, 0 %, 0 MiB, 23028 MiB
2026/02/25 16:43:30.015, 0, NVIDIA A10G, 0 %, 0 %, 2049 MiB, 23028 MiB
2026/02/25 16:43:30.015, 1, NVIDIA A10G, 0 %, 0 %, 0 MiB, 23028 MiB
2026/02/25 16:43:30.015, 2, NVIDIA A10G, 0 %, 0 %, 0 MiB, 23028 MiB
2026/02/25 16:43:30.015, 3, NVIDIA A10G, 0 %, 0 %, 0 MiB, 23028 MiB
2026/02/25 16:43:31.015, 0, NVIDIA A10G, 83 %, 52 %, 2049 MiB, 23028 MiB
2026/02/25 16:43:31.015, 1, NVIDIA A10G, 0 %, 0 %, 0 MiB, 23028 MiB
2026/02/25 16:43:31.015, 2, NVIDIA A10G, 0 %, 0 %, 0 MiB, 23028 MiB
2026/02/25 16:43:31.016, 3, NVIDIA A10G, 0 %, 0 %, 0 MiB, 23028 MiB
2026/02/25 16:43:32.016, 0, NVIDIA A10G, 21 %, 7 %, 2049 MiB, 23028 MiB
2026/02/25 16:43:32.016, 1, NVIDIA A10G, 0 %, 0 %, 0 MiB, 23028 MiB
2026/02/25 16:43:32.016, 2, NVIDIA A10G, 0 %, 0 %, 0 MiB, 23028 MiB
2026/02/25 16:43:32.016, 3, NVIDIA A10G, 0 %, 0 %, 0 MiB, 23028 MiB
2026/02/25 16:43:33.016, 0, NVIDIA A10G, 21 %, 7 %, 2049 MiB, 23028 MiB
2026/02/25 16:43:33.016, 1, NVIDIA A10G, 0 %, 0 %, 0 MiB, 23028 MiB
2026/02/25 16:43:33.016, 2, NVIDIA A10G, 0 %, 0 %, 0 MiB, 23028 MiB
2026/02/25 16:43:33.016, 3, NVIDIA A10G, 0 %, 0 %, 0 MiB, 23028 MiB
2026/02/25 16:43:34.016, 0, NVIDIA A10G, 20 %, 6 %, 2049 MiB, 23028 MiB
2026/02/25 16:43:34.016, 1, NVIDIA A10G, 0 %, 0 %, 0 MiB, 23028 MiB
2026/02/25 16:43:34.016, 2, NVIDIA A10G, 0 %, 0 %, 0 MiB, 23028 MiB
2026/02/25 16:43:34.017, 3, NVIDIA A10G, 0 %, 0 %, 0 MiB, 23028 MiB
2026/02/25 16:43:35.017, 0, NVIDIA A10G, 21 %, 7 %, 2049 MiB, 23028 MiB
2026/02/25 16:43:35.017, 1, NVIDIA A10G, 0 %, 0 %, 0 MiB, 23028 MiB
2026/02/25 16:43:35.017, 2, NVIDIA A10G, 0 %, 0 %, 0 MiB, 23028 MiB
2026/02/25 16:43:35.017, 3, NVIDIA A10G, 0 %, 0 %, 0 MiB, 23028 MiB
2026/02/25 16:43:36.017, 0, NVIDIA A10G, 20 %, 6 %, 2049 MiB, 23028 MiB
2026/02/25 16:43:36.017, 1, NVIDIA A10G, 0 %, 0 %, 0 MiB, 23028 MiB
2026/02/25 16:43:36.017, 2, NVIDIA A10G, 0 %, 0 %, 0 MiB, 23028 MiB
2026/02/25 16:43:36.017, 3, NVIDIA A10G, 0 %, 0 %, 0 MiB, 23028 MiB
2026/02/25 16:43:37.017, 0, NVIDIA A10G, 20 %, 6 %, 2049 MiB, 23028 MiB
2026/02/25 16:43:37.017, 1, NVIDIA A10G, 0 %, 0 %, 0 MiB, 23028 MiB
2026/02/25 16:43:37.017, 2, NVIDIA A10G, 0 %, 0 %, 0 MiB, 23028 MiB
2026/02/25 16:43:37.018, 3, NVIDIA A10G, 0 %, 0 %, 0 MiB, 23028 MiB
2026/02/25 16:43:38.018, 0, NVIDIA A10G, 23 %, 8 %, 2049 MiB, 23028 MiB
2026/02/25 16:43:38.018, 1, NVIDIA A10G, 0 %, 0 %, 0 MiB, 23028 MiB
2026/02/25 16:43:38.018, 2, NVIDIA A10G, 0 %, 0 %, 0 MiB, 23028 MiB
2026/02/25 16:43:38.018, 3, NVIDIA A10G, 0 %, 0 %, 0 MiB, 23028 MiB
2026/02/25 16:43:39.018, 0, NVIDIA A10G, 23 %, 8 %, 2049 MiB, 23028 MiB
2026/02/25 16:43:39.018, 1, NVIDIA A10G, 0 %, 0 %, 0 MiB, 23028 MiB
2026/02/25 16:43:39.018, 2, NVIDIA A10G, 0 %, 0 %, 0 MiB, 23028 MiB
2026/02/25 16:43:39.018, 3, NVIDIA A10G, 0 %, 0 %, 0 MiB, 23028 MiB
2026/02/25 16:43:40.018, 0, NVIDIA A10G, 21 %, 7 %, 2049 MiB, 23028 MiB
2026/02/25 16:43:40.018, 1, NVIDIA A10G, 0 %, 0 %, 0 MiB, 23028 MiB
2026/02/25 16:43:40.018, 2, NVIDIA A10G, 0 %, 0 %, 0 MiB, 23028 MiB
2026/02/25 16:43:40.018, 3, NVIDIA A10G, 0 %, 0 %, 0 MiB, 23028 MiB
2026/02/25 16:43:41.018, 0, NVIDIA A10G, 0 %, 0 %, 2049 MiB, 23028 MiB
2026/02/25 16:43:41.019, 1, NVIDIA A10G, 0 %, 0 %, 0 MiB, 23028 MiB
2026/02/25 16:43:41.019, 2, NVIDIA A10G, 0 %, 0 %, 0 MiB, 23028 MiB
2026/02/25 16:43:41.019, 3, NVIDIA A10G, 0 %, 0 %, 0 MiB, 23028 MiB
2026/02/25 16:43:42.020, 0, NVIDIA A10G, 0 %, 0 %, 2049 MiB, 23028 MiB
2026/02/25 16:43:42.020, 1, NVIDIA A10G, 0 %, 0 %, 0 MiB, 23028 MiB
2026/02/25 16:43:42.020, 2, NVIDIA A10G, 0 %, 0 %, 0 MiB, 23028 MiB
2026/02/25 16:43:42.020, 3, NVIDIA A10G, 0 %, 0 %, 0 MiB, 23028 MiB
2026/02/25 16:43:43.020, 0, NVIDIA A10G, 0 %, 0 %, 2049 MiB, 23028 MiB
2026/02/25 16:43:43.020, 1, NVIDIA A10G, 0 %, 0 %, 0 MiB, 23028 MiB
2026/02/25 16:43:43.020, 2, NVIDIA A10G, 0 %, 0 %, 0 MiB, 23028 MiB
2026/02/25 16:43:43.020, 3, NVIDIA A10G, 0 %, 0 %, 0 MiB, 23028 MiB
2026/02/25 16:43:44.020, 0, NVIDIA A10G, 0 %, 0 %, 2049 MiB, 23028 MiB
2026/02/25 16:43:44.020, 1, NVIDIA A10G, 0 %, 0 %, 0 MiB, 23028 MiB
2026/02/25 16:43:44.021, 2, NVIDIA A10G, 0 %, 0 %, 0 MiB, 23028 MiB
2026/02/25 16:43:44.021, 3, NVIDIA A10G, 0 %, 0 %, 0 MiB, 23028 MiB
2026/02/25 16:43:45.021, 0, NVIDIA A10G, 0 %, 0 %, 2049 MiB, 23028 MiB
2026/02/25 16:43:45.021, 1, NVIDIA A10G, 0 %, 0 %, 0 MiB, 23028 MiB
2026/02/25 16:43:45.021, 2, NVIDIA A10G, 0 %, 0 %, 0 MiB, 23028 MiB
2026/02/25 16:43:45.021, 3, NVIDIA A10G, 0 %, 0 %, 0 MiB, 23028 MiB
2026/02/25 16:43:46.021, 0, NVIDIA A10G, 0 %, 0 %, 2049 MiB, 23028 MiB
2026/02/25 16:43:46.021, 1, NVIDIA A10G, 0 %, 0 %, 0 MiB, 23028 MiB
2026/02/25 16:43:46.021, 2, NVIDIA A10G, 0 %, 0 %, 0 MiB, 23028 MiB
2026/02/25 16:43:46.021, 3, NVIDIA A10G, 0 %, 0 %, 0 MiB, 23028 MiB
2026/02/25 16:43:47.021, 0, NVIDIA A10G, 22 %, 8 %, 2049 MiB, 23028 MiB
2026/02/25 16:43:47.021, 1, NVIDIA A10G, 0 %, 0 %, 0 MiB, 23028 MiB
2026/02/25 16:43:47.021, 2, NVIDIA A10G, 0 %, 0 %, 0 MiB, 23028 MiB
2026/02/25 16:43:47.021, 3, NVIDIA A10G, 0 %, 0 %, 0 MiB, 23028 MiB
2026/02/25 16:43:48.021, 0, NVIDIA A10G, 23 %, 8 %, 2049 MiB, 23028 MiB
2026/02/25 16:43:48.022, 1, NVIDIA A10G, 0 %, 0 %, 0 MiB, 23028 MiB
2026/02/25 16:43:48.022, 2, NVIDIA A10G, 0 %, 0 %, 0 MiB, 23028 MiB
2026/02/25 16:43:48.022, 3, NVIDIA A10G, 0 %, 0 %, 0 MiB, 23028 MiB
2026/02/25 16:43:49.022, 0, NVIDIA A10G, 23 %, 8 %, 2049 MiB, 23028 MiB
2026/02/25 16:43:49.022, 1, NVIDIA A10G, 0 %, 0 %, 0 MiB, 23028 MiB
2026/02/25 16:43:49.022, 2, NVIDIA A10G, 0 %, 0 %, 0 MiB, 23028 MiB
2026/02/25 16:43:49.022, 3, NVIDIA A10G, 0 %, 0 %, 0 MiB, 23028 MiB
2026/02/25 16:43:50.022, 0, NVIDIA A10G, 23 %, 8 %, 2049 MiB, 23028 MiB
2026/02/25 16:43:50.022, 1, NVIDIA A10G, 0 %, 0 %, 0 MiB, 23028 MiB
2026/02/25 16:43:50.022, 2, NVIDIA A10G, 0 %, 0 %, 0 MiB, 23028 MiB
2026/02/25 16:43:50.022, 3, NVIDIA A10G, 0 %, 0 %, 0 MiB, 23028 MiB
2026/02/25 16:43:51.022, 0, NVIDIA A10G, 24 %, 9 %, 2049 MiB, 23028 MiB
2026/02/25 16:43:51.023, 1, NVIDIA A10G, 0 %, 0 %, 0 MiB, 23028 MiB
2026/02/25 16:43:51.023, 2, NVIDIA A10G, 0 %, 0 %, 0 MiB, 23028 MiB
2026/02/25 16:43:51.023, 3, NVIDIA A10G, 0 %, 0 %, 0 MiB, 23028 MiB
2026/02/25 16:43:52.023, 0, NVIDIA A10G, 25 %, 9 %, 2049 MiB, 23028 MiB
2026/02/25 16:43:52.023, 1, NVIDIA A10G, 0 %, 0 %, 0 MiB, 23028 MiB
2026/02/25 16:43:52.023, 2, NVIDIA A10G, 0 %, 0 %, 0 MiB, 23028 MiB
2026/02/25 16:43:52.023, 3, NVIDIA A10G, 0 %, 0 %, 0 MiB, 23028 MiB
2026/02/25 16:43:53.023, 0, NVIDIA A10G, 19 %, 7 %, 2049 MiB, 23028 MiB
2026/02/25 16:43:53.023, 1, NVIDIA A10G, 0 %, 0 %, 0 MiB, 23028 MiB
2026/02/25 16:43:53.023, 2, NVIDIA A10G, 0 %, 0 %, 0 MiB, 23028 MiB
2026/02/25 16:43:53.023, 3, NVIDIA A10G, 0 %, 0 %, 0 MiB, 23028 MiB
2026/02/25 16:43:54.023, 0, NVIDIA A10G, 0 %, 0 %, 2049 MiB, 23028 MiB
2026/02/25 16:43:54.023, 1, NVIDIA A10G, 0 %, 0 %, 0 MiB, 23028 MiB
2026/02/25 16:43:54.023, 2, NVIDIA A10G, 0 %, 0 %, 0 MiB, 23028 MiB
2026/02/25 16:43:54.024, 3, NVIDIA A10G, 0 %, 0 %, 0 MiB, 23028 MiB
2026/02/25 16:43:55.024, 0, NVIDIA A10G, 0 %, 0 %, 2049 MiB, 23028 MiB
2026/02/25 16:43:55.024, 1, NVIDIA A10G, 0 %, 0 %, 0 MiB, 23028 MiB
2026/02/25 16:43:55.024, 2, NVIDIA A10G, 0 %, 0 %, 0 MiB, 23028 MiB
2026/02/25 16:43:55.024, 3, NVIDIA A10G, 0 %, 0 %, 0 MiB, 23028 MiB
2026/02/25 16:43:56.024, 0, NVIDIA A10G, 0 %, 0 %, 2049 MiB, 23028 MiB
2026/02/25 16:43:56.024, 1, NVIDIA A10G, 0 %, 0 %, 0 MiB, 23028 MiB
2026/02/25 16:43:56.024, 2, NVIDIA A10G, 0 %, 0 %, 0 MiB, 23028 MiB
2026/02/25 16:43:56.024, 3, NVIDIA A10G, 0 %, 0 %, 0 MiB, 23028 MiB
2026/02/25 16:43:57.024, 0, NVIDIA A10G, 0 %, 0 %, 2049 MiB, 23028 MiB
2026/02/25 16:43:57.024, 1, NVIDIA A10G, 0 %, 0 %, 0 MiB, 23028 MiB
2026/02/25 16:43:57.024, 2, NVIDIA A10G, 0 %, 0 %, 0 MiB, 23028 MiB
2026/02/25 16:43:57.024, 3, NVIDIA A10G, 0 %, 0 %, 0 MiB, 23028 MiB
2026/02/25 16:43:58.024, 0, NVIDIA A10G, 0 %, 0 %, 2049 MiB, 23028 MiB
2026/02/25 16:43:58.025, 1, NVIDIA A10G, 0 %, 0 %, 0 MiB, 23028 MiB
2026/02/25 16:43:58.025, 2, NVIDIA A10G, 0 %, 0 %, 0 MiB, 23028 MiB
2026/02/25 16:43:58.025, 3, NVIDIA A10G, 0 %, 0 %, 0 MiB, 23028 MiB
2026/02/25 16:43:59.025, 0, NVIDIA A10G, 0 %, 0 %, 2049 MiB, 23028 MiB
2026/02/25 16:43:59.025, 1, NVIDIA A10G, 0 %, 0 %, 0 MiB, 23028 MiB
2026/02/25 16:43:59.025, 2, NVIDIA A10G, 0 %, 0 %, 0 MiB, 23028 MiB
2026/02/25 16:43:59.025, 3, NVIDIA A10G, 0 %, 0 %, 0 MiB, 23028 MiB
2026/02/25 16:44:00.025, 0, NVIDIA A10G, 0 %, 0 %, 2049 MiB, 23028 MiB
2026/02/25 16:44:00.025, 1, NVIDIA A10G, 0 %, 0 %, 0 MiB, 23028 MiB
2026/02/25 16:44:00.025, 2, NVIDIA A10G, 0 %, 0 %, 0 MiB, 23028 MiB
2026/02/25 16:44:00.025, 3, NVIDIA A10G, 0 %, 0 %, 0 MiB, 23028 MiB
2026/02/25 16:44:01.025, 0, NVIDIA A10G, 0 %, 0 %, 2049 MiB, 23028 MiB
2026/02/25 16:44:01.025, 1, NVIDIA A10G, 0 %, 0 %, 0 MiB, 23028 MiB
2026/02/25 16:44:01.025, 2, NVIDIA A10G, 0 %, 0 %, 0 MiB, 23028 MiB
2026/02/25 16:44:01.025, 3, NVIDIA A10G, 0 %, 0 %, 0 MiB, 23028 MiB
2026/02/25 16:44:02.026, 0, NVIDIA A10G, 65 %, 42 %, 2049 MiB, 23028 MiB
2026/02/25 16:44:02.026, 1, NVIDIA A10G, 0 %, 0 %, 0 MiB, 23028 MiB
2026/02/25 16:44:02.026, 2, NVIDIA A10G, 0 %, 0 %, 0 MiB, 23028 MiB
2026/02/25 16:44:02.026, 3, NVIDIA A10G, 0 %, 0 %, 0 MiB, 23028 MiB
2026/02/25 16:44:03.026, 0, NVIDIA A10G, 23 %, 8 %, 2049 MiB, 23028 MiB
2026/02/25 16:44:03.026, 1, NVIDIA A10G, 0 %, 0 %, 0 MiB, 23028 MiB
2026/02/25 16:44:03.026, 2, NVIDIA A10G, 0 %, 0 %, 0 MiB, 23028 MiB
2026/02/25 16:44:03.026, 3, NVIDIA A10G, 0 %, 0 %, 0 MiB, 23028 MiB
2026/02/25 16:44:04.026, 0, NVIDIA A10G, 22 %, 7 %, 2049 MiB, 23028 MiB
2026/02/25 16:44:04.026, 1, NVIDIA A10G, 0 %, 0 %, 0 MiB, 23028 MiB
2026/02/25 16:44:04.026, 2, NVIDIA A10G, 0 %, 0 %, 0 MiB, 23028 MiB
2026/02/25 16:44:04.026, 3, NVIDIA A10G, 0 %, 0 %, 0 MiB, 23028 MiB
2026/02/25 16:44:05.027, 0, NVIDIA A10G, 24 %, 8 %, 2049 MiB, 23028 MiB
2026/02/25 16:44:05.027, 1, NVIDIA A10G, 0 %, 0 %, 0 MiB, 23028 MiB
2026/02/25 16:44:05.027, 2, NVIDIA A10G, 0 %, 0 %, 0 MiB, 23028 MiB
2026/02/25 16:44:05.027, 3, NVIDIA A10G, 0 %, 0 %, 0 MiB, 23028 MiB
2026/02/25 16:44:06.027, 0, NVIDIA A10G, 23 %, 8 %, 2049 MiB, 23028 MiB
2026/02/25 16:44:06.027, 1, NVIDIA A10G, 0 %, 0 %, 0 MiB, 23028 MiB
2026/02/25 16:44:06.027, 2, NVIDIA A10G, 0 %, 0 %, 0 MiB, 23028 MiB
2026/02/25 16:44:06.027, 3, NVIDIA A10G, 0 %, 0 %, 0 MiB, 23028 MiB
2026/02/25 16:44:07.027, 0, NVIDIA A10G, 21 %, 8 %, 2049 MiB, 23028 MiB
2026/02/25 16:44:07.027, 1, NVIDIA A10G, 0 %, 0 %, 0 MiB, 23028 MiB
2026/02/25 16:44:07.027, 2, NVIDIA A10G, 0 %, 0 %, 0 MiB, 23028 MiB
2026/02/25 16:44:07.027, 3, NVIDIA A10G, 0 %, 0 %, 0 MiB, 23028 MiB
2026/02/25 16:44:08.027, 0, NVIDIA A10G, 24 %, 8 %, 2049 MiB, 23028 MiB
2026/02/25 16:44:08.028, 1, NVIDIA A10G, 0 %, 0 %, 0 MiB, 23028 MiB
2026/02/25 16:44:08.028, 2, NVIDIA A10G, 0 %, 0 %, 0 MiB, 23028 MiB
2026/02/25 16:44:08.028, 3, NVIDIA A10G, 0 %, 0 %, 0 MiB, 23028 MiB
2026/02/25 16:44:09.028, 0, NVIDIA A10G, 21 %, 7 %, 2049 MiB, 23028 MiB
2026/02/25 16:44:09.028, 1, NVIDIA A10G, 0 %, 0 %, 0 MiB, 23028 MiB
2026/02/25 16:44:09.028, 2, NVIDIA A10G, 0 %, 0 %, 0 MiB, 23028 MiB
2026/02/25 16:44:09.028, 3, NVIDIA A10G, 0 %, 0 %, 0 MiB, 23028 MiB
2026/02/25 16:44:10.028, 0, NVIDIA A10G, 22 %, 7 %, 2049 MiB, 23028 MiB
2026/02/25 16:44:10.028, 1, NVIDIA A10G, 0 %, 0 %, 0 MiB, 23028 MiB
2026/02/25 16:44:10.029, 2, NVIDIA A10G, 0 %, 0 %, 0 MiB, 23028 MiB
2026/02/25 16:44:10.029, 3, NVIDIA A10G, 0 %, 0 %, 0 MiB, 23028 MiB
2026/02/25 16:44:11.029, 0, NVIDIA A10G, 21 %, 7 %, 2049 MiB, 23028 MiB
2026/02/25 16:44:11.029, 1, NVIDIA A10G, 0 %, 0 %, 0 MiB, 23028 MiB
2026/02/25 16:44:11.029, 2, NVIDIA A10G, 0 %, 0 %, 0 MiB, 23028 MiB
2026/02/25 16:44:11.029, 3, NVIDIA A10G, 0 %, 0 %, 0 MiB, 23028 MiB
2026/02/25 16:44:12.029, 0, NVIDIA A10G, 21 %, 7 %, 2049 MiB, 23028 MiB
2026/02/25 16:44:12.029, 1, NVIDIA A10G, 0 %, 0 %, 0 MiB, 23028 MiB
2026/02/25 16:44:12.029, 2, NVIDIA A10G, 0 %, 0 %, 0 MiB, 23028 MiB
2026/02/25 16:44:12.029, 3, NVIDIA A10G, 0 %, 0 %, 0 MiB, 23028 MiB
2026/02/25 16:44:13.030, 0, NVIDIA A10G, 22 %, 8 %, 2049 MiB, 23028 MiB
2026/02/25 16:44:13.030, 1, NVIDIA A10G, 0 %, 0 %, 0 MiB, 23028 MiB
2026/02/25 16:44:13.030, 2, NVIDIA A10G, 0 %, 0 %, 0 MiB, 23028 MiB
2026/02/25 16:44:13.030, 3, NVIDIA A10G, 0 %, 0 %, 0 MiB, 23028 MiB
2026/02/25 16:44:14.030, 0, NVIDIA A10G, 0 %, 0 %, 2049 MiB, 23028 MiB
2026/02/25 16:44:14.030, 1, NVIDIA A10G, 0 %, 0 %, 0 MiB, 23028 MiB
2026/02/25 16:44:14.030, 2, NVIDIA A10G, 0 %, 0 %, 0 MiB, 23028 MiB
2026/02/25 16:44:14.030, 3, NVIDIA A10G, 0 %, 0 %, 0 MiB, 23028 MiB
2026/02/25 16:44:15.030, 0, NVIDIA A10G, 0 %, 0 %, 2049 MiB, 23028 MiB
2026/02/25 16:44:15.030, 1, NVIDIA A10G, 0 %, 0 %, 0 MiB, 23028 MiB
2026/02/25 16:44:15.030, 2, NVIDIA A10G, 0 %, 0 %, 0 MiB, 23028 MiB
2026/02/25 16:44:15.030, 3, NVIDIA A10G, 0 %, 0 %, 0 MiB, 23028 MiB
2026/02/25 16:44:16.031, 0, NVIDIA A10G, 0 %, 0 %, 2049 MiB, 23028 MiB
2026/02/25 16:44:16.031, 1, NVIDIA A10G, 0 %, 0 %, 0 MiB, 23028 MiB
2026/02/25 16:44:16.031, 2, NVIDIA A10G, 0 %, 0 %, 0 MiB, 23028 MiB
2026/02/25 16:44:16.031, 3, NVIDIA A10G, 0 %, 0 %, 0 MiB, 23028 MiB
2026/02/25 16:44:17.031, 0, NVIDIA A10G, 0 %, 0 %, 2049 MiB, 23028 MiB
2026/02/25 16:44:17.031, 1, NVIDIA A10G, 0 %, 0 %, 0 MiB, 23028 MiB
2026/02/25 16:44:17.031, 2, NVIDIA A10G, 0 %, 0 %, 0 MiB, 23028 MiB
2026/02/25 16:44:17.031, 3, NVIDIA A10G, 0 %, 0 %, 0 MiB, 23028 MiB
2026/02/25 16:44:18.031, 0, NVIDIA A10G, 0 %, 0 %, 2049 MiB, 23028 MiB
2026/02/25 16:44:18.031, 1, NVIDIA A10G, 0 %, 0 %, 0 MiB, 23028 MiB
2026/02/25 16:44:18.031, 2, NVIDIA A10G, 0 %, 0 %, 0 MiB, 23028 MiB
2026/02/25 16:44:18.031, 3, NVIDIA A10G, 0 %, 0 %, 0 MiB, 23028 MiB
2026/02/25 16:44:19.032, 0, NVIDIA A10G, 20 %, 7 %, 2049 MiB, 23028 MiB
2026/02/25 16:44:19.032, 1, NVIDIA A10G, 0 %, 0 %, 0 MiB, 23028 MiB
2026/02/25 16:44:19.032, 2, NVIDIA A10G, 0 %, 0 %, 0 MiB, 23028 MiB
2026/02/25 16:44:19.032, 3, NVIDIA A10G, 0 %, 0 %, 0 MiB, 23028 MiB
2026/02/25 16:44:20.032, 0, NVIDIA A10G, 21 %, 7 %, 2049 MiB, 23028 MiB
2026/02/25 16:44:20.032, 1, NVIDIA A10G, 0 %, 0 %, 0 MiB, 23028 MiB
2026/02/25 16:44:20.032, 2, NVIDIA A10G, 0 %, 0 %, 0 MiB, 23028 MiB
2026/02/25 16:44:20.032, 3, NVIDIA A10G, 0 %, 0 %, 0 MiB, 23028 MiB
2026/02/25 16:44:21.032, 0, NVIDIA A10G, 22 %, 7 %, 2049 MiB, 23028 MiB
2026/02/25 16:44:21.032, 1, NVIDIA A10G, 0 %, 0 %, 0 MiB, 23028 MiB
2026/02/25 16:44:21.032, 2, NVIDIA A10G, 0 %, 0 %, 0 MiB, 23028 MiB
2026/02/25 16:44:21.032, 3, NVIDIA A10G, 0 %, 0 %, 0 MiB, 23028 MiB
2026/02/25 16:44:22.032, 0, NVIDIA A10G, 22 %, 7 %, 2049 MiB, 23028 MiB
2026/02/25 16:44:22.033, 1, NVIDIA A10G, 0 %, 0 %, 0 MiB, 23028 MiB
2026/02/25 16:44:22.033, 2, NVIDIA A10G, 0 %, 0 %, 0 MiB, 23028 MiB
2026/02/25 16:44:22.033, 3, NVIDIA A10G, 0 %, 0 %, 0 MiB, 23028 MiB
2026/02/25 16:44:23.033, 0, NVIDIA A10G, 22 %, 7 %, 2049 MiB, 23028 MiB
2026/02/25 16:44:23.033, 1, NVIDIA A10G, 0 %, 0 %, 0 MiB, 23028 MiB
2026/02/25 16:44:23.033, 2, NVIDIA A10G, 0 %, 0 %, 0 MiB, 23028 MiB
2026/02/25 16:44:23.033, 3, NVIDIA A10G, 0 %, 0 %, 0 MiB, 23028 MiB
2026/02/25 16:44:24.033, 0, NVIDIA A10G, 22 %, 7 %, 2049 MiB, 23028 MiB
2026/02/25 16:44:24.033, 1, NVIDIA A10G, 0 %, 0 %, 0 MiB, 23028 MiB
2026/02/25 16:44:24.034, 2, NVIDIA A10G, 0 %, 0 %, 0 MiB, 23028 MiB
2026/02/25 16:44:24.034, 3, NVIDIA A10G, 0 %, 0 %, 0 MiB, 23028 MiB
2026/02/25 16:44:25.034, 0, NVIDIA A10G, 0 %, 0 %, 2049 MiB, 23028 MiB
2026/02/25 16:44:25.034, 1, NVIDIA A10G, 0 %, 0 %, 0 MiB, 23028 MiB
2026/02/25 16:44:25.034, 2, NVIDIA A10G, 0 %, 0 %, 0 MiB, 23028 MiB
2026/02/25 16:44:25.034, 3, NVIDIA A10G, 0 %, 0 %, 0 MiB, 23028 MiB
2026/02/25 16:44:26.034, 0, NVIDIA A10G, 0 %, 0 %, 2049 MiB, 23028 MiB
2026/02/25 16:44:26.034, 1, NVIDIA A10G, 0 %, 0 %, 0 MiB, 23028 MiB
2026/02/25 16:44:26.034, 2, NVIDIA A10G, 0 %, 0 %, 0 MiB, 23028 MiB
2026/02/25 16:44:26.034, 3, NVIDIA A10G, 0 %, 0 %, 0 MiB, 23028 MiB
2026/02/25 16:44:27.034, 0, NVIDIA A10G, 0 %, 0 %, 2049 MiB, 23028 MiB
2026/02/25 16:44:27.034, 1, NVIDIA A10G, 0 %, 0 %, 0 MiB, 23028 MiB
2026/02/25 16:44:27.034, 2, NVIDIA A10G, 0 %, 0 %, 0 MiB, 23028 MiB
2026/02/25 16:44:27.035, 3, NVIDIA A10G, 0 %, 0 %, 0 MiB, 23028 MiB
2026/02/25 16:44:28.035, 0, NVIDIA A10G, 0 %, 0 %, 2049 MiB, 23028 MiB
2026/02/25 16:44:28.035, 1, NVIDIA A10G, 0 %, 0 %, 0 MiB, 23028 MiB
2026/02/25 16:44:28.035, 2, NVIDIA A10G, 0 %, 0 %, 0 MiB, 23028 MiB
2026/02/25 16:44:28.035, 3, NVIDIA A10G, 0 %, 0 %, 0 MiB, 23028 MiB
2026/02/25 16:44:29.035, 0, NVIDIA A10G, 0 %, 0 %, 2049 MiB, 23028 MiB
2026/02/25 16:44:29.035, 1, NVIDIA A10G, 0 %, 0 %, 0 MiB, 23028 MiB
2026/02/25 16:44:29.035, 2, NVIDIA A10G, 0 %, 0 %, 0 MiB, 23028 MiB
2026/02/25 16:44:29.035, 3, NVIDIA A10G, 0 %, 0 %, 0 MiB, 23028 MiB
2026/02/25 16:44:30.035, 0, NVIDIA A10G, 0 %, 0 %, 2049 MiB, 23028 MiB
2026/02/25 16:44:30.035, 1, NVIDIA A10G, 0 %, 0 %, 0 MiB, 23028 MiB
2026/02/25 16:44:30.035, 2, NVIDIA A10G, 0 %, 0 %, 0 MiB, 23028 MiB
2026/02/25 16:44:30.036, 3, NVIDIA A10G, 0 %, 0 %, 0 MiB, 23028 MiB
2026/02/25 16:44:31.036, 0, NVIDIA A10G, 0 %, 0 %, 2049 MiB, 23028 MiB
2026/02/25 16:44:31.036, 1, NVIDIA A10G, 0 %, 0 %, 0 MiB, 23028 MiB
2026/02/25 16:44:31.036, 2, NVIDIA A10G, 0 %, 0 %, 0 MiB, 23028 MiB
2026/02/25 16:44:31.036, 3, NVIDIA A10G, 0 %, 0 %, 0 MiB, 23028 MiB
2026/02/25 16:44:32.036, 0, NVIDIA A10G, 0 %, 0 %, 2049 MiB, 23028 MiB
2026/02/25 16:44:32.036, 1, NVIDIA A10G, 0 %, 0 %, 0 MiB, 23028 MiB
2026/02/25 16:44:32.036, 2, NVIDIA A10G, 0 %, 0 %, 0 MiB, 23028 MiB
2026/02/25 16:44:32.036, 3, NVIDIA A10G, 0 %, 0 %, 0 MiB, 23028 MiB
2026/02/25 16:44:33.036, 0, NVIDIA A10G, 0 %, 0 %, 2049 MiB, 23028 MiB
2026/02/25 16:44:33.036, 1, NVIDIA A10G, 0 %, 0 %, 0 MiB, 23028 MiB
2026/02/25 16:44:33.036, 2, NVIDIA A10G, 0 %, 0 %, 0 MiB, 23028 MiB
2026/02/25 16:44:33.036, 3, NVIDIA A10G, 0 %, 0 %, 0 MiB, 23028 MiB
2026/02/25 16:44:34.036, 0, NVIDIA A10G, 0 %, 0 %, 2049 MiB, 23028 MiB
2026/02/25 16:44:34.036, 1, NVIDIA A10G, 0 %, 0 %, 0 MiB, 23028 MiB
2026/02/25 16:44:34.037, 2, NVIDIA A10G, 0 %, 0 %, 0 MiB, 23028 MiB
2026/02/25 16:44:34.037, 3, NVIDIA A10G, 0 %, 0 %, 0 MiB, 23028 MiB
2026/02/25 16:44:35.037, 0, NVIDIA A10G, 3 %, 1 %, 2049 MiB, 23028 MiB
2026/02/25 16:44:35.037, 1, NVIDIA A10G, 0 %, 0 %, 0 MiB, 23028 MiB
2026/02/25 16:44:35.037, 2, NVIDIA A10G, 0 %, 0 %, 0 MiB, 23028 MiB
2026/02/25 16:44:35.037, 3, NVIDIA A10G, 0 %, 0 %, 0 MiB, 23028 MiB
2026/02/25 16:44:36.037, 0, NVIDIA A10G, 23 %, 8 %, 2049 MiB, 23028 MiB
2026/02/25 16:44:36.037, 1, NVIDIA A10G, 0 %, 0 %, 0 MiB, 23028 MiB
2026/02/25 16:44:36.037, 2, NVIDIA A10G, 0 %, 0 %, 0 MiB, 23028 MiB
2026/02/25 16:44:36.037, 3, NVIDIA A10G, 0 %, 0 %, 0 MiB, 23028 MiB
2026/02/25 16:44:37.037, 0, NVIDIA A10G, 21 %, 7 %, 2049 MiB, 23028 MiB
2026/02/25 16:44:37.037, 1, NVIDIA A10G, 0 %, 0 %, 0 MiB, 23028 MiB
2026/02/25 16:44:37.037, 2, NVIDIA A10G, 0 %, 0 %, 0 MiB, 23028 MiB
2026/02/25 16:44:37.037, 3, NVIDIA A10G, 0 %, 0 %, 0 MiB, 23028 MiB
2026/02/25 16:44:38.038, 0, NVIDIA A10G, 23 %, 8 %, 2049 MiB, 23028 MiB
2026/02/25 16:44:38.038, 1, NVIDIA A10G, 0 %, 0 %, 0 MiB, 23028 MiB
2026/02/25 16:44:38.038, 2, NVIDIA A10G, 0 %, 0 %, 0 MiB, 23028 MiB
2026/02/25 16:44:38.038, 3, NVIDIA A10G, 0 %, 0 %, 0 MiB, 23028 MiB
2026/02/25 16:44:39.038, 0, NVIDIA A10G, 21 %, 7 %, 2049 MiB, 23028 MiB
2026/02/25 16:44:39.038, 1, NVIDIA A10G, 0 %, 0 %, 0 MiB, 23028 MiB
2026/02/25 16:44:39.038, 2, NVIDIA A10G, 0 %, 0 %, 0 MiB, 23028 MiB
2026/02/25 16:44:39.038, 3, NVIDIA A10G, 0 %, 0 %, 0 MiB, 23028 MiB
2026/02/25 16:44:40.038, 0, NVIDIA A10G, 21 %, 7 %, 2049 MiB, 23028 MiB
2026/02/25 16:44:40.038, 1, NVIDIA A10G, 0 %, 0 %, 0 MiB, 23028 MiB
2026/02/25 16:44:40.038, 2, NVIDIA A10G, 0 %, 0 %, 0 MiB, 23028 MiB
2026/02/25 16:44:40.038, 3, NVIDIA A10G, 0 %, 0 %, 0 MiB, 23028 MiB
2026/02/25 16:44:41.039, 0, NVIDIA A10G, 21 %, 7 %, 2049 MiB, 23028 MiB
2026/02/25 16:44:41.039, 1, NVIDIA A10G, 0 %, 0 %, 0 MiB, 23028 MiB
2026/02/25 16:44:41.039, 2, NVIDIA A10G, 0 %, 0 %, 0 MiB, 23028 MiB
2026/02/25 16:44:41.039, 3, NVIDIA A10G, 0 %, 0 %, 0 MiB, 23028 MiB
2026/02/25 16:44:42.039, 0, NVIDIA A10G, 23 %, 8 %, 2049 MiB, 23028 MiB
2026/02/25 16:44:42.039, 1, NVIDIA A10G, 0 %, 0 %, 0 MiB, 23028 MiB
2026/02/25 16:44:42.039, 2, NVIDIA A10G, 0 %, 0 %, 0 MiB, 23028 MiB
2026/02/25 16:44:42.039, 3, NVIDIA A10G, 0 %, 0 %, 0 MiB, 23028 MiB
2026/02/25 16:44:43.039, 0, NVIDIA A10G, 20 %, 6 %, 2049 MiB, 23028 MiB
2026/02/25 16:44:43.040, 1, NVIDIA A10G, 0 %, 0 %, 0 MiB, 23028 MiB
2026/02/25 16:44:43.040, 2, NVIDIA A10G, 0 %, 0 %, 0 MiB, 23028 MiB
2026/02/25 16:44:43.040, 3, NVIDIA A10G, 0 %, 0 %, 0 MiB, 23028 MiB
2026/02/25 16:44:44.040, 0, NVIDIA A10G, 21 %, 7 %, 2049 MiB, 23028 MiB
2026/02/25 16:44:44.040, 1, NVIDIA A10G, 0 %, 0 %, 0 MiB, 23028 MiB
2026/02/25 16:44:44.040, 2, NVIDIA A10G, 0 %, 0 %, 0 MiB, 23028 MiB
2026/02/25 16:44:44.040, 3, NVIDIA A10G, 0 %, 0 %, 0 MiB, 23028 MiB
2026/02/25 16:44:45.040, 0, NVIDIA A10G, 23 %, 8 %, 2049 MiB, 23028 MiB
2026/02/25 16:44:45.040, 1, NVIDIA A10G, 0 %, 0 %, 0 MiB, 23028 MiB
2026/02/25 16:44:45.040, 2, NVIDIA A10G, 0 %, 0 %, 0 MiB, 23028 MiB
2026/02/25 16:44:45.040, 3, NVIDIA A10G, 0 %, 0 %, 0 MiB, 23028 MiB
2026/02/25 16:44:46.041, 0, NVIDIA A10G, 20 %, 7 %, 2049 MiB, 23028 MiB
2026/02/25 16:44:46.041, 1, NVIDIA A10G, 0 %, 0 %, 0 MiB, 23028 MiB
2026/02/25 16:44:46.041, 2, NVIDIA A10G, 0 %, 0 %, 0 MiB, 23028 MiB
2026/02/25 16:44:46.041, 3, NVIDIA A10G, 0 %, 0 %, 0 MiB, 23028 MiB
2026/02/25 16:44:47.041, 0, NVIDIA A10G, 0 %, 0 %, 2049 MiB, 23028 MiB
2026/02/25 16:44:47.041, 1, NVIDIA A10G, 0 %, 0 %, 0 MiB, 23028 MiB
2026/02/25 16:44:47.041, 2, NVIDIA A10G, 0 %, 0 %, 0 MiB, 23028 MiB
2026/02/25 16:44:47.041, 3, NVIDIA A10G, 0 %, 0 %, 0 MiB, 23028 MiB
2026/02/25 16:44:48.041, 0, NVIDIA A10G, 0 %, 0 %, 2049 MiB, 23028 MiB
2026/02/25 16:44:48.041, 1, NVIDIA A10G, 0 %, 0 %, 0 MiB, 23028 MiB
2026/02/25 16:44:48.041, 2, NVIDIA A10G, 0 %, 0 %, 0 MiB, 23028 MiB
2026/02/25 16:44:48.042, 3, NVIDIA A10G, 0 %, 0 %, 0 MiB, 23028 MiB
2026/02/25 16:44:49.042, 0, NVIDIA A10G, 0 %, 0 %, 2049 MiB, 23028 MiB
2026/02/25 16:44:49.042, 1, NVIDIA A10G, 0 %, 0 %, 0 MiB, 23028 MiB
2026/02/25 16:44:49.042, 2, NVIDIA A10G, 0 %, 0 %, 0 MiB, 23028 MiB
2026/02/25 16:44:49.042, 3, NVIDIA A10G, 0 %, 0 %, 0 MiB, 23028 MiB
2026/02/25 16:44:50.042, 0, NVIDIA A10G, 0 %, 0 %, 2049 MiB, 23028 MiB
2026/02/25 16:44:50.042, 1, NVIDIA A10G, 0 %, 0 %, 0 MiB, 23028 MiB
2026/02/25 16:44:50.042, 2, NVIDIA A10G, 0 %, 0 %, 0 MiB, 23028 MiB
2026/02/25 16:44:50.042, 3, NVIDIA A10G, 0 %, 0 %, 0 MiB, 23028 MiB
2026/02/25 16:44:51.043, 0, NVIDIA A10G, 0 %, 0 %, 2049 MiB, 23028 MiB
2026/02/25 16:44:51.043, 1, NVIDIA A10G, 0 %, 0 %, 0 MiB, 23028 MiB
2026/02/25 16:44:51.043, 2, NVIDIA A10G, 0 %, 0 %, 0 MiB, 23028 MiB
2026/02/25 16:44:51.043, 3, NVIDIA A10G, 0 %, 0 %, 0 MiB, 23028 MiB
2026/02/25 16:44:52.043, 0, NVIDIA A10G, 0 %, 0 %, 2049 MiB, 23028 MiB
2026/02/25 16:44:52.043, 1, NVIDIA A10G, 0 %, 0 %, 0 MiB, 23028 MiB
2026/02/25 16:44:52.043, 2, NVIDIA A10G, 0 %, 0 %, 0 MiB, 23028 MiB
2026/02/25 16:44:52.043, 3, NVIDIA A10G, 0 %, 0 %, 0 MiB, 23028 MiB
2026/02/25 16:44:53.043, 0, NVIDIA A10G, 0 %, 0 %, 2049 MiB, 23028 MiB
2026/02/25 16:44:53.043, 1, NVIDIA A10G, 0 %, 0 %, 0 MiB, 23028 MiB
2026/02/25 16:44:53.043, 2, NVIDIA A10G, 0 %, 0 %, 0 MiB, 23028 MiB
2026/02/25 16:44:53.043, 3, NVIDIA A10G, 0 %, 0 %, 0 MiB, 23028 MiB
2026/02/25 16:44:54.043, 0, NVIDIA A10G, 0 %, 0 %, 2049 MiB, 23028 MiB
2026/02/25 16:44:54.043, 1, NVIDIA A10G, 0 %, 0 %, 0 MiB, 23028 MiB
2026/02/25 16:44:54.044, 2, NVIDIA A10G, 0 %, 0 %, 0 MiB, 23028 MiB
2026/02/25 16:44:54.044, 3, NVIDIA A10G, 0 %, 0 %, 0 MiB, 23028 MiB
2026/02/25 16:44:55.044, 0, NVIDIA A10G, 0 %, 0 %, 2049 MiB, 23028 MiB
2026/02/25 16:44:55.044, 1, NVIDIA A10G, 0 %, 0 %, 0 MiB, 23028 MiB
2026/02/25 16:44:55.044, 2, NVIDIA A10G, 0 %, 0 %, 0 MiB, 23028 MiB
2026/02/25 16:44:55.044, 3, NVIDIA A10G, 0 %, 0 %, 0 MiB, 23028 MiB
2026/02/25 16:44:56.044, 0, NVIDIA A10G, 0 %, 0 %, 2049 MiB, 23028 MiB
2026/02/25 16:44:56.044, 1, NVIDIA A10G, 0 %, 0 %, 0 MiB, 23028 MiB
2026/02/25 16:44:56.044, 2, NVIDIA A10G, 0 %, 0 %, 0 MiB, 23028 MiB
2026/02/25 16:44:56.044, 3, NVIDIA A10G, 0 %, 0 %, 0 MiB, 23028 MiB
2026/02/25 16:44:57.044, 0, NVIDIA A10G, 78 %, 50 %, 2049 MiB, 23028 MiB
2026/02/25 16:44:57.045, 1, NVIDIA A10G, 0 %, 0 %, 0 MiB, 23028 MiB
2026/02/25 16:44:57.045, 2, NVIDIA A10G, 0 %, 0 %, 0 MiB, 23028 MiB
2026/02/25 16:44:57.045, 3, NVIDIA A10G, 0 %, 0 %, 0 MiB, 23028 MiB
2026/02/25 16:44:58.045, 0, NVIDIA A10G, 20 %, 7 %, 2049 MiB, 23028 MiB
2026/02/25 16:44:58.045, 1, NVIDIA A10G, 0 %, 0 %, 0 MiB, 23028 MiB
2026/02/25 16:44:58.045, 2, NVIDIA A10G, 0 %, 0 %, 0 MiB, 23028 MiB
2026/02/25 16:44:58.045, 3, NVIDIA A10G, 0 %, 0 %, 0 MiB, 23028 MiB
2026/02/25 16:44:59.045, 0, NVIDIA A10G, 21 %, 7 %, 2049 MiB, 23028 MiB
2026/02/25 16:44:59.045, 1, NVIDIA A10G, 0 %, 0 %, 0 MiB, 23028 MiB
2026/02/25 16:44:59.045, 2, NVIDIA A10G, 0 %, 0 %, 0 MiB, 23028 MiB
2026/02/25 16:44:59.046, 3, NVIDIA A10G, 0 %, 0 %, 0 MiB, 23028 MiB
2026/02/25 16:45:00.046, 0, NVIDIA A10G, 20 %, 6 %, 2049 MiB, 23028 MiB
2026/02/25 16:45:00.046, 1, NVIDIA A10G, 0 %, 0 %, 0 MiB, 23028 MiB
2026/02/25 16:45:00.046, 2, NVIDIA A10G, 0 %, 0 %, 0 MiB, 23028 MiB
2026/02/25 16:45:00.046, 3, NVIDIA A10G, 0 %, 0 %, 0 MiB, 23028 MiB
2026/02/25 16:45:01.046, 0, NVIDIA A10G, 21 %, 7 %, 2049 MiB, 23028 MiB
2026/02/25 16:45:01.046, 1, NVIDIA A10G, 0 %, 0 %, 0 MiB, 23028 MiB
2026/02/25 16:45:01.046, 2, NVIDIA A10G, 0 %, 0 %, 0 MiB, 23028 MiB
2026/02/25 16:45:01.046, 3, NVIDIA A10G, 0 %, 0 %, 0 MiB, 23028 MiB
2026/02/25 16:45:02.046, 0, NVIDIA A10G, 21 %, 7 %, 2049 MiB, 23028 MiB
2026/02/25 16:45:02.046, 1, NVIDIA A10G, 0 %, 0 %, 0 MiB, 23028 MiB
2026/02/25 16:45:02.046, 2, NVIDIA A10G, 0 %, 0 %, 0 MiB, 23028 MiB
2026/02/25 16:45:02.046, 3, NVIDIA A10G, 0 %, 0 %, 0 MiB, 23028 MiB
2026/02/25 16:45:03.046, 0, NVIDIA A10G, 23 %, 8 %, 2049 MiB, 23028 MiB
2026/02/25 16:45:03.047, 1, NVIDIA A10G, 0 %, 0 %, 0 MiB, 23028 MiB
2026/02/25 16:45:03.047, 2, NVIDIA A10G, 0 %, 0 %, 0 MiB, 23028 MiB
2026/02/25 16:45:03.047, 3, NVIDIA A10G, 0 %, 0 %, 0 MiB, 23028 MiB
2026/02/25 16:45:04.047, 0, NVIDIA A10G, 24 %, 9 %, 2049 MiB, 23028 MiB
2026/02/25 16:45:04.047, 1, NVIDIA A10G, 0 %, 0 %, 0 MiB, 23028 MiB
2026/02/25 16:45:04.047, 2, NVIDIA A10G, 0 %, 0 %, 0 MiB, 23028 MiB
2026/02/25 16:45:04.047, 3, NVIDIA A10G, 0 %, 0 %, 0 MiB, 23028 MiB
2026/02/25 16:45:05.047, 0, NVIDIA A10G, 21 %, 7 %, 2049 MiB, 23028 MiB
2026/02/25 16:45:05.047, 1, NVIDIA A10G, 0 %, 0 %, 0 MiB, 23028 MiB
2026/02/25 16:45:05.047, 2, NVIDIA A10G, 0 %, 0 %, 0 MiB, 23028 MiB
2026/02/25 16:45:05.047, 3, NVIDIA A10G, 0 %, 0 %, 0 MiB, 23028 MiB
2026/02/25 16:45:06.047, 0, NVIDIA A10G, 22 %, 7 %, 2049 MiB, 23028 MiB
2026/02/25 16:45:06.047, 1, NVIDIA A10G, 0 %, 0 %, 0 MiB, 23028 MiB
2026/02/25 16:45:06.047, 2, NVIDIA A10G, 0 %, 0 %, 0 MiB, 23028 MiB
2026/02/25 16:45:06.047, 3, NVIDIA A10G, 0 %, 0 %, 0 MiB, 23028 MiB
2026/02/25 16:45:07.048, 0, NVIDIA A10G, 22 %, 9 %, 2049 MiB, 23028 MiB
2026/02/25 16:45:07.048, 1, NVIDIA A10G, 0 %, 0 %, 0 MiB, 23028 MiB
2026/02/25 16:45:07.048, 2, NVIDIA A10G, 0 %, 0 %, 0 MiB, 23028 MiB
2026/02/25 16:45:07.048, 3, NVIDIA A10G, 0 %, 0 %, 0 MiB, 23028 MiB
2026/02/25 16:45:08.048, 0, NVIDIA A10G, 22 %, 7 %, 2049 MiB, 23028 MiB
2026/02/25 16:45:08.048, 1, NVIDIA A10G, 0 %, 0 %, 0 MiB, 23028 MiB
2026/02/25 16:45:08.048, 2, NVIDIA A10G, 0 %, 0 %, 0 MiB, 23028 MiB
2026/02/25 16:45:08.048, 3, NVIDIA A10G, 0 %, 0 %, 0 MiB, 23028 MiB
2026/02/25 16:45:09.048, 0, NVIDIA A10G, 24 %, 9 %, 2049 MiB, 23028 MiB
2026/02/25 16:45:09.048, 1, NVIDIA A10G, 0 %, 0 %, 0 MiB, 23028 MiB
2026/02/25 16:45:09.048, 2, NVIDIA A10G, 0 %, 0 %, 0 MiB, 23028 MiB
2026/02/25 16:45:09.048, 3, NVIDIA A10G, 0 %, 0 %, 0 MiB, 23028 MiB
2026/02/25 16:45:10.049, 0, NVIDIA A10G, 24 %, 8 %, 2049 MiB, 23028 MiB
2026/02/25 16:45:10.049, 1, NVIDIA A10G, 0 %, 0 %, 0 MiB, 23028 MiB
2026/02/25 16:45:10.049, 2, NVIDIA A10G, 0 %, 0 %, 0 MiB, 23028 MiB
2026/02/25 16:45:10.049, 3, NVIDIA A10G, 0 %, 0 %, 0 MiB, 23028 MiB
2026/02/25 16:45:11.049, 0, NVIDIA A10G, 0 %, 0 %, 2049 MiB, 23028 MiB
2026/02/25 16:45:11.049, 1, NVIDIA A10G, 0 %, 0 %, 0 MiB, 23028 MiB
2026/02/25 16:45:11.049, 2, NVIDIA A10G, 0 %, 0 %, 0 MiB, 23028 MiB
2026/02/25 16:45:11.049, 3, NVIDIA A10G, 0 %, 0 %, 0 MiB, 23028 MiB
2026/02/25 16:45:12.049, 0, NVIDIA A10G, 0 %, 0 %, 2049 MiB, 23028 MiB
2026/02/25 16:45:12.049, 1, NVIDIA A10G, 0 %, 0 %, 0 MiB, 23028 MiB
2026/02/25 16:45:12.049, 2, NVIDIA A10G, 0 %, 0 %, 0 MiB, 23028 MiB
2026/02/25 16:45:12.050, 3, NVIDIA A10G, 0 %, 0 %, 0 MiB, 23028 MiB
2026/02/25 16:45:13.050, 0, NVIDIA A10G, 0 %, 0 %, 2049 MiB, 23028 MiB
2026/02/25 16:45:13.050, 1, NVIDIA A10G, 0 %, 0 %, 0 MiB, 23028 MiB
2026/02/25 16:45:13.050, 2, NVIDIA A10G, 0 %, 0 %, 0 MiB, 23028 MiB
2026/02/25 16:45:13.050, 3, NVIDIA A10G, 0 %, 0 %, 0 MiB, 23028 MiB
2026/02/25 16:45:14.050, 0, NVIDIA A10G, 0 %, 0 %, 2049 MiB, 23028 MiB
2026/02/25 16:45:14.050, 1, NVIDIA A10G, 0 %, 0 %, 0 MiB, 23028 MiB
2026/02/25 16:45:14.050, 2, NVIDIA A10G, 0 %, 0 %, 0 MiB, 23028 MiB
2026/02/25 16:45:14.050, 3, NVIDIA A10G, 0 %, 0 %, 0 MiB, 23028 MiB
2026/02/25 16:45:15.051, 0, NVIDIA A10G, 0 %, 0 %, 2049 MiB, 23028 MiB
2026/02/25 16:45:15.051, 1, NVIDIA A10G, 0 %, 0 %, 0 MiB, 23028 MiB
2026/02/25 16:45:15.051, 2, NVIDIA A10G, 0 %, 0 %, 0 MiB, 23028 MiB
2026/02/25 16:45:15.051, 3, NVIDIA A10G, 0 %, 0 %, 0 MiB, 23028 MiB
2026/02/25 16:45:16.051, 0, NVIDIA A10G, 0 %, 0 %, 2049 MiB, 23028 MiB
2026/02/25 16:45:16.051, 1, NVIDIA A10G, 0 %, 0 %, 0 MiB, 23028 MiB
2026/02/25 16:45:16.051, 2, NVIDIA A10G, 0 %, 0 %, 0 MiB, 23028 MiB
2026/02/25 16:45:16.051, 3, NVIDIA A10G, 0 %, 0 %, 0 MiB, 23028 MiB
2026/02/25 16:45:17.052, 0, NVIDIA A10G, 0 %, 0 %, 2049 MiB, 23028 MiB
2026/02/25 16:45:17.052, 1, NVIDIA A10G, 0 %, 0 %, 0 MiB, 23028 MiB
2026/02/25 16:45:17.052, 2, NVIDIA A10G, 0 %, 0 %, 0 MiB, 23028 MiB
2026/02/25 16:45:17.052, 3, NVIDIA A10G, 0 %, 0 %, 0 MiB, 23028 MiB
2026/02/25 16:45:18.052, 0, NVIDIA A10G, 0 %, 0 %, 2049 MiB, 23028 MiB
2026/02/25 16:45:18.052, 1, NVIDIA A10G, 0 %, 0 %, 0 MiB, 23028 MiB
2026/02/25 16:45:18.052, 2, NVIDIA A10G, 0 %, 0 %, 0 MiB, 23028 MiB
2026/02/25 16:45:18.052, 3, NVIDIA A10G, 0 %, 0 %, 0 MiB, 23028 MiB
2026/02/25 16:45:19.052, 0, NVIDIA A10G, 0 %, 0 %, 2049 MiB, 23028 MiB
2026/02/25 16:45:19.052, 1, NVIDIA A10G, 0 %, 0 %, 0 MiB, 23028 MiB
2026/02/25 16:45:19.052, 2, NVIDIA A10G, 0 %, 0 %, 0 MiB, 23028 MiB
2026/02/25 16:45:19.052, 3, NVIDIA A10G, 0 %, 0 %, 0 MiB, 23028 MiB
2026/02/25 16:45:20.053, 0, NVIDIA A10G, 51 %, 34 %, 2049 MiB, 23028 MiB
2026/02/25 16:45:20.053, 1, NVIDIA A10G, 0 %, 0 %, 0 MiB, 23028 MiB
2026/02/25 16:45:20.053, 2, NVIDIA A10G, 0 %, 0 %, 0 MiB, 23028 MiB
2026/02/25 16:45:20.053, 3, NVIDIA A10G, 0 %, 0 %, 0 MiB, 23028 MiB
2026/02/25 16:45:21.053, 0, NVIDIA A10G, 23 %, 8 %, 2049 MiB, 23028 MiB
2026/02/25 16:45:21.053, 1, NVIDIA A10G, 0 %, 0 %, 0 MiB, 23028 MiB
2026/02/25 16:45:21.053, 2, NVIDIA A10G, 0 %, 0 %, 0 MiB, 23028 MiB
2026/02/25 16:45:21.053, 3, NVIDIA A10G, 0 %, 0 %, 0 MiB, 23028 MiB
2026/02/25 16:45:22.053, 0, NVIDIA A10G, 23 %, 8 %, 2049 MiB, 23028 MiB
2026/02/25 16:45:22.054, 1, NVIDIA A10G, 0 %, 0 %, 0 MiB, 23028 MiB
2026/02/25 16:45:22.054, 2, NVIDIA A10G, 0 %, 0 %, 0 MiB, 23028 MiB
2026/02/25 16:45:22.054, 3, NVIDIA A10G, 0 %, 0 %, 0 MiB, 23028 MiB
2026/02/25 16:45:23.054, 0, NVIDIA A10G, 23 %, 8 %, 2049 MiB, 23028 MiB
2026/02/25 16:45:23.054, 1, NVIDIA A10G, 0 %, 0 %, 0 MiB, 23028 MiB
2026/02/25 16:45:23.054, 2, NVIDIA A10G, 0 %, 0 %, 0 MiB, 23028 MiB
2026/02/25 16:45:23.054, 3, NVIDIA A10G, 0 %, 0 %, 0 MiB, 23028 MiB
2026/02/25 16:45:24.054, 0, NVIDIA A10G, 23 %, 8 %, 2049 MiB, 23028 MiB
2026/02/25 16:45:24.054, 1, NVIDIA A10G, 0 %, 0 %, 0 MiB, 23028 MiB
2026/02/25 16:45:24.054, 2, NVIDIA A10G, 0 %, 0 %, 0 MiB, 23028 MiB
2026/02/25 16:45:24.054, 3, NVIDIA A10G, 0 %, 0 %, 0 MiB, 23028 MiB
2026/02/25 16:45:25.055, 0, NVIDIA A10G, 23 %, 8 %, 2049 MiB, 23028 MiB
2026/02/25 16:45:25.055, 1, NVIDIA A10G, 0 %, 0 %, 0 MiB, 23028 MiB
2026/02/25 16:45:25.055, 2, NVIDIA A10G, 0 %, 0 %, 0 MiB, 23028 MiB
2026/02/25 16:45:25.055, 3, NVIDIA A10G, 0 %, 0 %, 0 MiB, 23028 MiB
2026/02/25 16:45:26.055, 0, NVIDIA A10G, 23 %, 8 %, 2049 MiB, 23028 MiB
2026/02/25 16:45:26.055, 1, NVIDIA A10G, 0 %, 0 %, 0 MiB, 23028 MiB
2026/02/25 16:45:26.055, 2, NVIDIA A10G, 0 %, 0 %, 0 MiB, 23028 MiB
2026/02/25 16:45:26.055, 3, NVIDIA A10G, 0 %, 0 %, 0 MiB, 23028 MiB
2026/02/25 16:45:27.055, 0, NVIDIA A10G, 21 %, 8 %, 2049 MiB, 23028 MiB
2026/02/25 16:45:27.055, 1, NVIDIA A10G, 0 %, 0 %, 0 MiB, 23028 MiB
2026/02/25 16:45:27.056, 2, NVIDIA A10G, 0 %, 0 %, 0 MiB, 23028 MiB
2026/02/25 16:45:27.056, 3, NVIDIA A10G, 0 %, 0 %, 0 MiB, 23028 MiB
2026/02/25 16:45:28.056, 0, NVIDIA A10G, 24 %, 9 %, 2049 MiB, 23028 MiB
2026/02/25 16:45:28.056, 1, NVIDIA A10G, 0 %, 0 %, 0 MiB, 23028 MiB
2026/02/25 16:45:28.056, 2, NVIDIA A10G, 0 %, 0 %, 0 MiB, 23028 MiB
2026/02/25 16:45:28.056, 3, NVIDIA A10G, 0 %, 0 %, 0 MiB, 23028 MiB
2026/02/25 16:45:29.056, 0, NVIDIA A10G, 21 %, 7 %, 2049 MiB, 23028 MiB
2026/02/25 16:45:29.056, 1, NVIDIA A10G, 0 %, 0 %, 0 MiB, 23028 MiB
2026/02/25 16:45:29.056, 2, NVIDIA A10G, 0 %, 0 %, 0 MiB, 23028 MiB
2026/02/25 16:45:29.056, 3, NVIDIA A10G, 0 %, 0 %, 0 MiB, 23028 MiB
2026/02/25 16:45:30.056, 0, NVIDIA A10G, 0 %, 0 %, 2049 MiB, 23028 MiB
2026/02/25 16:45:30.056, 1, NVIDIA A10G, 0 %, 0 %, 0 MiB, 23028 MiB
2026/02/25 16:45:30.056, 2, NVIDIA A10G, 0 %, 0 %, 0 MiB, 23028 MiB
2026/02/25 16:45:30.057, 3, NVIDIA A10G, 0 %, 0 %, 0 MiB, 23028 MiB
2026/02/25 16:45:31.057, 0, NVIDIA A10G, 0 %, 0 %, 2049 MiB, 23028 MiB
2026/02/25 16:45:31.057, 1, NVIDIA A10G, 0 %, 0 %, 0 MiB, 23028 MiB
2026/02/25 16:45:31.057, 2, NVIDIA A10G, 0 %, 0 %, 0 MiB, 23028 MiB
2026/02/25 16:45:31.057, 3, NVIDIA A10G, 0 %, 0 %, 0 MiB, 23028 MiB
2026/02/25 16:45:32.057, 0, NVIDIA A10G, 0 %, 0 %, 2049 MiB, 23028 MiB
2026/02/25 16:45:32.057, 1, NVIDIA A10G, 0 %, 0 %, 0 MiB, 23028 MiB
2026/02/25 16:45:32.057, 2, NVIDIA A10G, 0 %, 0 %, 0 MiB, 23028 MiB
2026/02/25 16:45:32.057, 3, NVIDIA A10G, 0 %, 0 %, 0 MiB, 23028 MiB
2026/02/25 16:45:33.057, 0, NVIDIA A10G, 0 %, 0 %, 2049 MiB, 23028 MiB
2026/02/25 16:45:33.057, 1, NVIDIA A10G, 0 %, 0 %, 0 MiB, 23028 MiB
2026/02/25 16:45:33.057, 2, NVIDIA A10G, 0 %, 0 %, 0 MiB, 23028 MiB
2026/02/25 16:45:33.057, 3, NVIDIA A10G, 0 %, 0 %, 0 MiB, 23028 MiB
2026/02/25 16:45:34.059, 0, NVIDIA A10G, 0 %, 0 %, 2049 MiB, 23028 MiB
2026/02/25 16:45:34.059, 1, NVIDIA A10G, 0 %, 0 %, 0 MiB, 23028 MiB
2026/02/25 16:45:34.059, 2, NVIDIA A10G, 0 %, 0 %, 0 MiB, 23028 MiB
2026/02/25 16:45:34.059, 3, NVIDIA A10G, 0 %, 0 %, 0 MiB, 23028 MiB
2026/02/25 16:45:35.059, 0, NVIDIA A10G, 0 %, 0 %, 2049 MiB, 23028 MiB
2026/02/25 16:45:35.059, 1, NVIDIA A10G, 0 %, 0 %, 0 MiB, 23028 MiB
2026/02/25 16:45:35.059, 2, NVIDIA A10G, 0 %, 0 %, 0 MiB, 23028 MiB
2026/02/25 16:45:35.059, 3, NVIDIA A10G, 0 %, 0 %, 0 MiB, 23028 MiB
2026/02/25 16:45:36.059, 0, NVIDIA A10G, 0 %, 0 %, 2049 MiB, 23028 MiB
2026/02/25 16:45:36.059, 1, NVIDIA A10G, 0 %, 0 %, 0 MiB, 23028 MiB
2026/02/25 16:45:36.059, 2, NVIDIA A10G, 0 %, 0 %, 0 MiB, 23028 MiB
2026/02/25 16:45:36.059, 3, NVIDIA A10G, 0 %, 0 %, 0 MiB, 23028 MiB
2026/02/25 16:45:37.059, 0, NVIDIA A10G, 0 %, 0 %, 2049 MiB, 23028 MiB
2026/02/25 16:45:37.059, 1, NVIDIA A10G, 0 %, 0 %, 0 MiB, 23028 MiB
2026/02/25 16:45:37.059, 2, NVIDIA A10G, 0 %, 0 %, 0 MiB, 23028 MiB
2026/02/25 16:45:37.059, 3, NVIDIA A10G, 0 %, 0 %, 0 MiB, 23028 MiB
2026/02/25 16:45:38.061, 0, NVIDIA A10G, 0 %, 0 %, 2049 MiB, 23028 MiB
2026/02/25 16:45:38.061, 1, NVIDIA A10G, 0 %, 0 %, 0 MiB, 23028 MiB
2026/02/25 16:45:38.061, 2, NVIDIA A10G, 0 %, 0 %, 0 MiB, 23028 MiB
2026/02/25 16:45:38.061, 3, NVIDIA A10G, 0 %, 0 %, 0 MiB, 23028 MiB
2026/02/25 16:45:39.061, 0, NVIDIA A10G, 79 %, 50 %, 2049 MiB, 23028 MiB
2026/02/25 16:45:39.061, 1, NVIDIA A10G, 0 %, 0 %, 0 MiB, 23028 MiB
2026/02/25 16:45:39.061, 2, NVIDIA A10G, 0 %, 0 %, 0 MiB, 23028 MiB
2026/02/25 16:45:39.061, 3, NVIDIA A10G, 0 %, 0 %, 0 MiB, 23028 MiB
2026/02/25 16:45:40.061, 0, NVIDIA A10G, 16 %, 5 %, 2049 MiB, 23028 MiB
2026/02/25 16:45:40.061, 1, NVIDIA A10G, 0 %, 0 %, 0 MiB, 23028 MiB
2026/02/25 16:45:40.062, 2, NVIDIA A10G, 0 %, 0 %, 0 MiB, 23028 MiB
2026/02/25 16:45:40.062, 3, NVIDIA A10G, 0 %, 0 %, 0 MiB, 23028 MiB
2026/02/25 16:45:41.062, 0, NVIDIA A10G, 19 %, 6 %, 2049 MiB, 23028 MiB
2026/02/25 16:45:41.062, 1, NVIDIA A10G, 0 %, 0 %, 0 MiB, 23028 MiB
2026/02/25 16:45:41.062, 2, NVIDIA A10G, 0 %, 0 %, 0 MiB, 23028 MiB
2026/02/25 16:45:41.062, 3, NVIDIA A10G, 0 %, 0 %, 0 MiB, 23028 MiB
2026/02/25 16:45:42.062, 0, NVIDIA A10G, 22 %, 7 %, 2049 MiB, 23028 MiB
2026/02/25 16:45:42.062, 1, NVIDIA A10G, 0 %, 0 %, 0 MiB, 23028 MiB
2026/02/25 16:45:42.062, 2, NVIDIA A10G, 0 %, 0 %, 0 MiB, 23028 MiB
2026/02/25 16:45:42.062, 3, NVIDIA A10G, 0 %, 0 %, 0 MiB, 23028 MiB
2026/02/25 16:45:43.062, 0, NVIDIA A10G, 22 %, 7 %, 2049 MiB, 23028 MiB
2026/02/25 16:45:43.063, 1, NVIDIA A10G, 0 %, 0 %, 0 MiB, 23028 MiB
2026/02/25 16:45:43.063, 2, NVIDIA A10G, 0 %, 0 %, 0 MiB, 23028 MiB
2026/02/25 16:45:43.063, 3, NVIDIA A10G, 0 %, 0 %, 0 MiB, 23028 MiB
2026/02/25 16:45:44.063, 0, NVIDIA A10G, 19 %, 6 %, 2049 MiB, 23028 MiB
2026/02/25 16:45:44.063, 1, NVIDIA A10G, 0 %, 0 %, 0 MiB, 23028 MiB
2026/02/25 16:45:44.063, 2, NVIDIA A10G, 0 %, 0 %, 0 MiB, 23028 MiB
2026/02/25 16:45:44.063, 3, NVIDIA A10G, 0 %, 0 %, 0 MiB, 23028 MiB
2026/02/25 16:45:45.063, 0, NVIDIA A10G, 23 %, 8 %, 2049 MiB, 23028 MiB
2026/02/25 16:45:45.063, 1, NVIDIA A10G, 0 %, 0 %, 0 MiB, 23028 MiB
2026/02/25 16:45:45.063, 2, NVIDIA A10G, 0 %, 0 %, 0 MiB, 23028 MiB
2026/02/25 16:45:45.063, 3, NVIDIA A10G, 0 %, 0 %, 0 MiB, 23028 MiB
2026/02/25 16:45:46.063, 0, NVIDIA A10G, 23 %, 8 %, 2049 MiB, 23028 MiB
2026/02/25 16:45:46.064, 1, NVIDIA A10G, 0 %, 0 %, 0 MiB, 23028 MiB
2026/02/25 16:45:46.064, 2, NVIDIA A10G, 0 %, 0 %, 0 MiB, 23028 MiB
2026/02/25 16:45:46.064, 3, NVIDIA A10G, 0 %, 0 %, 0 MiB, 23028 MiB
2026/02/25 16:45:47.064, 0, NVIDIA A10G, 19 %, 6 %, 2049 MiB, 23028 MiB
2026/02/25 16:45:47.064, 1, NVIDIA A10G, 0 %, 0 %, 0 MiB, 23028 MiB
2026/02/25 16:45:47.064, 2, NVIDIA A10G, 0 %, 0 %, 0 MiB, 23028 MiB
2026/02/25 16:45:47.064, 3, NVIDIA A10G, 0 %, 0 %, 0 MiB, 23028 MiB
2026/02/25 16:45:48.064, 0, NVIDIA A10G, 21 %, 7 %, 2049 MiB, 23028 MiB
2026/02/25 16:45:48.064, 1, NVIDIA A10G, 0 %, 0 %, 0 MiB, 23028 MiB
2026/02/25 16:45:48.064, 2, NVIDIA A10G, 0 %, 0 %, 0 MiB, 23028 MiB
2026/02/25 16:45:48.064, 3, NVIDIA A10G, 0 %, 0 %, 0 MiB, 23028 MiB
2026/02/25 16:45:49.064, 0, NVIDIA A10G, 21 %, 7 %, 2049 MiB, 23028 MiB
2026/02/25 16:45:49.065, 1, NVIDIA A10G, 0 %, 0 %, 0 MiB, 23028 MiB
2026/02/25 16:45:49.065, 2, NVIDIA A10G, 0 %, 0 %, 0 MiB, 23028 MiB
2026/02/25 16:45:49.065, 3, NVIDIA A10G, 0 %, 0 %, 0 MiB, 23028 MiB
2026/02/25 16:45:50.065, 0, NVIDIA A10G, 22 %, 7 %, 2049 MiB, 23028 MiB
2026/02/25 16:45:50.065, 1, NVIDIA A10G, 0 %, 0 %, 0 MiB, 23028 MiB
2026/02/25 16:45:50.065, 2, NVIDIA A10G, 0 %, 0 %, 0 MiB, 23028 MiB
2026/02/25 16:45:50.065, 3, NVIDIA A10G, 0 %, 0 %, 0 MiB, 23028 MiB
2026/02/25 16:45:51.065, 0, NVIDIA A10G, 23 %, 8 %, 2049 MiB, 23028 MiB
2026/02/25 16:45:51.065, 1, NVIDIA A10G, 0 %, 0 %, 0 MiB, 23028 MiB
2026/02/25 16:45:51.065, 2, NVIDIA A10G, 0 %, 0 %, 0 MiB, 23028 MiB
2026/02/25 16:45:51.065, 3, NVIDIA A10G, 0 %, 0 %, 0 MiB, 23028 MiB
2026/02/25 16:45:52.066, 0, NVIDIA A10G, 12 %, 4 %, 2049 MiB, 23028 MiB
2026/02/25 16:45:52.066, 1, NVIDIA A10G, 0 %, 0 %, 0 MiB, 23028 MiB
2026/02/25 16:45:52.066, 2, NVIDIA A10G, 0 %, 0 %, 0 MiB, 23028 MiB
2026/02/25 16:45:52.066, 3, NVIDIA A10G, 0 %, 0 %, 0 MiB, 23028 MiB
2026/02/25 16:45:53.066, 0, NVIDIA A10G, 0 %, 0 %, 2049 MiB, 23028 MiB
2026/02/25 16:45:53.066, 1, NVIDIA A10G, 0 %, 0 %, 0 MiB, 23028 MiB
2026/02/25 16:45:53.066, 2, NVIDIA A10G, 0 %, 0 %, 0 MiB, 23028 MiB
2026/02/25 16:45:53.066, 3, NVIDIA A10G, 0 %, 0 %, 0 MiB, 23028 MiB
2026/02/25 16:45:54.066, 0, NVIDIA A10G, 23 %, 8 %, 2049 MiB, 23028 MiB
2026/02/25 16:45:54.066, 1, NVIDIA A10G, 0 %, 0 %, 0 MiB, 23028 MiB
2026/02/25 16:45:54.066, 2, NVIDIA A10G, 0 %, 0 %, 0 MiB, 23028 MiB
2026/02/25 16:45:54.066, 3, NVIDIA A10G, 0 %, 0 %, 0 MiB, 23028 MiB
2026/02/25 16:45:55.067, 0, NVIDIA A10G, 0 %, 0 %, 2049 MiB, 23028 MiB
2026/02/25 16:45:55.067, 1, NVIDIA A10G, 0 %, 0 %, 0 MiB, 23028 MiB
2026/02/25 16:45:55.067, 2, NVIDIA A10G, 0 %, 0 %, 0 MiB, 23028 MiB
2026/02/25 16:45:55.067, 3, NVIDIA A10G, 0 %, 0 %, 0 MiB, 23028 MiB
2026/02/25 16:45:56.067, 0, NVIDIA A10G, 0 %, 0 %, 2049 MiB, 23028 MiB
2026/02/25 16:45:56.067, 1, NVIDIA A10G, 0 %, 0 %, 0 MiB, 23028 MiB
2026/02/25 16:45:56.067, 2, NVIDIA A10G, 0 %, 0 %, 0 MiB, 23028 MiB
2026/02/25 16:45:56.067, 3, NVIDIA A10G, 0 %, 0 %, 0 MiB, 23028 MiB
2026/02/25 16:45:57.067, 0, NVIDIA A10G, 0 %, 0 %, 2049 MiB, 23028 MiB
2026/02/25 16:45:57.067, 1, NVIDIA A10G, 0 %, 0 %, 0 MiB, 23028 MiB
2026/02/25 16:45:57.067, 2, NVIDIA A10G, 0 %, 0 %, 0 MiB, 23028 MiB
2026/02/25 16:45:57.067, 3, NVIDIA A10G, 0 %, 0 %, 0 MiB, 23028 MiB
2026/02/25 16:45:58.067, 0, NVIDIA A10G, 0 %, 0 %, 2049 MiB, 23028 MiB
2026/02/25 16:45:58.067, 1, NVIDIA A10G, 0 %, 0 %, 0 MiB, 23028 MiB
2026/02/25 16:45:58.068, 2, NVIDIA A10G, 0 %, 0 %, 0 MiB, 23028 MiB
2026/02/25 16:45:58.068, 3, NVIDIA A10G, 0 %, 0 %, 0 MiB, 23028 MiB
2026/02/25 16:45:59.068, 0, NVIDIA A10G, 0 %, 0 %, 2049 MiB, 23028 MiB
2026/02/25 16:45:59.068, 1, NVIDIA A10G, 0 %, 0 %, 0 MiB, 23028 MiB
2026/02/25 16:45:59.068, 2, NVIDIA A10G, 0 %, 0 %, 0 MiB, 23028 MiB
2026/02/25 16:45:59.068, 3, NVIDIA A10G, 0 %, 0 %, 0 MiB, 23028 MiB
2026/02/25 16:46:00.068, 0, NVIDIA A10G, 0 %, 0 %, 2049 MiB, 23028 MiB
2026/02/25 16:46:00.068, 1, NVIDIA A10G, 0 %, 0 %, 0 MiB, 23028 MiB
2026/02/25 16:46:00.068, 2, NVIDIA A10G, 0 %, 0 %, 0 MiB, 23028 MiB
2026/02/25 16:46:00.068, 3, NVIDIA A10G, 0 %, 0 %, 0 MiB, 23028 MiB
2026/02/25 16:46:01.068, 0, NVIDIA A10G, 0 %, 0 %, 2049 MiB, 23028 MiB
2026/02/25 16:46:01.069, 1, NVIDIA A10G, 0 %, 0 %, 0 MiB, 23028 MiB
2026/02/25 16:46:01.069, 2, NVIDIA A10G, 0 %, 0 %, 0 MiB, 23028 MiB
2026/02/25 16:46:01.069, 3, NVIDIA A10G, 0 %, 0 %, 0 MiB, 23028 MiB
2026/02/25 16:46:02.069, 0, NVIDIA A10G, 0 %, 0 %, 2049 MiB, 23028 MiB
2026/02/25 16:46:02.069, 1, NVIDIA A10G, 0 %, 0 %, 0 MiB, 23028 MiB
2026/02/25 16:46:02.069, 2, NVIDIA A10G, 0 %, 0 %, 0 MiB, 23028 MiB
2026/02/25 16:46:02.070, 3, NVIDIA A10G, 0 %, 0 %, 0 MiB, 23028 MiB
2026/02/25 16:46:03.070, 0, NVIDIA A10G, 0 %, 0 %, 2049 MiB, 23028 MiB
2026/02/25 16:46:03.070, 1, NVIDIA A10G, 0 %, 0 %, 0 MiB, 23028 MiB
2026/02/25 16:46:03.071, 2, NVIDIA A10G, 0 %, 0 %, 0 MiB, 23028 MiB
2026/02/25 16:46:03.071, 3, NVIDIA A10G, 0 %, 0 %, 0 MiB, 23028 MiB
2026/02/25 16:46:04.071, 0, NVIDIA A10G, 0 %, 0 %, 2049 MiB, 23028 MiB
2026/02/25 16:46:04.071, 1, NVIDIA A10G, 0 %, 0 %, 0 MiB, 23028 MiB
2026/02/25 16:46:04.071, 2, NVIDIA A10G, 0 %, 0 %, 0 MiB, 23028 MiB
2026/02/25 16:46:04.071, 3, NVIDIA A10G, 0 %, 0 %, 0 MiB, 23028 MiB
2026/02/25 16:46:05.071, 0, NVIDIA A10G, 0 %, 0 %, 2049 MiB, 23028 MiB
2026/02/25 16:46:05.071, 1, NVIDIA A10G, 0 %, 0 %, 0 MiB, 23028 MiB
2026/02/25 16:46:05.071, 2, NVIDIA A10G, 0 %, 0 %, 0 MiB, 23028 MiB
2026/02/25 16:46:05.071, 3, NVIDIA A10G, 0 %, 0 %, 0 MiB, 23028 MiB
2026/02/25 16:46:06.071, 0, NVIDIA A10G, 0 %, 0 %, 2049 MiB, 23028 MiB
2026/02/25 16:46:06.071, 1, NVIDIA A10G, 0 %, 0 %, 0 MiB, 23028 MiB
2026/02/25 16:46:06.071, 2, NVIDIA A10G, 0 %, 0 %, 0 MiB, 23028 MiB
2026/02/25 16:46:06.071, 3, NVIDIA A10G, 0 %, 0 %, 0 MiB, 23028 MiB
2026/02/25 16:46:07.071, 0, NVIDIA A10G, 0 %, 0 %, 2049 MiB, 23028 MiB
2026/02/25 16:46:07.071, 1, NVIDIA A10G, 0 %, 0 %, 0 MiB, 23028 MiB
2026/02/25 16:46:07.072, 2, NVIDIA A10G, 0 %, 0 %, 0 MiB, 23028 MiB
2026/02/25 16:46:07.072, 3, NVIDIA A10G, 0 %, 0 %, 0 MiB, 23028 MiB
2026/02/25 16:46:08.072, 0, NVIDIA A10G, 0 %, 0 %, 2049 MiB, 23028 MiB
2026/02/25 16:46:08.072, 1, NVIDIA A10G, 0 %, 0 %, 0 MiB, 23028 MiB
2026/02/25 16:46:08.072, 2, NVIDIA A10G, 0 %, 0 %, 0 MiB, 23028 MiB
2026/02/25 16:46:08.072, 3, NVIDIA A10G, 0 %, 0 %, 0 MiB, 23028 MiB
2026/02/25 16:46:09.072, 0, NVIDIA A10G, 0 %, 0 %, 2049 MiB, 23028 MiB
2026/02/25 16:46:09.072, 1, NVIDIA A10G, 0 %, 0 %, 0 MiB, 23028 MiB
2026/02/25 16:46:09.072, 2, NVIDIA A10G, 0 %, 0 %, 0 MiB, 23028 MiB
2026/02/25 16:46:09.072, 3, NVIDIA A10G, 0 %, 0 %, 0 MiB, 23028 MiB
2026/02/25 16:46:10.072, 0, NVIDIA A10G, 0 %, 0 %, 2049 MiB, 23028 MiB
2026/02/25 16:46:10.073, 1, NVIDIA A10G, 0 %, 0 %, 0 MiB, 23028 MiB
2026/02/25 16:46:10.073, 2, NVIDIA A10G, 0 %, 0 %, 0 MiB, 23028 MiB
2026/02/25 16:46:10.073, 3, NVIDIA A10G, 0 %, 0 %, 0 MiB, 23028 MiB
2026/02/25 16:46:11.073, 0, NVIDIA A10G, 0 %, 0 %, 2049 MiB, 23028 MiB
2026/02/25 16:46:11.073, 1, NVIDIA A10G, 0 %, 0 %, 0 MiB, 23028 MiB
2026/02/25 16:46:11.073, 2, NVIDIA A10G, 0 %, 0 %, 0 MiB, 23028 MiB
2026/02/25 16:46:11.073, 3, NVIDIA A10G, 0 %, 0 %, 0 MiB, 23028 MiB
2026/02/25 16:46:12.073, 0, NVIDIA A10G, 0 %, 0 %, 2049 MiB, 23028 MiB
2026/02/25 16:46:12.073, 1, NVIDIA A10G, 0 %, 0 %, 0 MiB, 23028 MiB
2026/02/25 16:46:12.073, 2, NVIDIA A10G, 0 %, 0 %, 0 MiB, 23028 MiB
2026/02/25 16:46:12.074, 3, NVIDIA A10G, 0 %, 0 %, 0 MiB, 23028 MiB
2026/02/25 16:46:13.074, 0, NVIDIA A10G, 22 %, 8 %, 2049 MiB, 23028 MiB
2026/02/25 16:46:13.074, 1, NVIDIA A10G, 0 %, 0 %, 0 MiB, 23028 MiB
2026/02/25 16:46:13.074, 2, NVIDIA A10G, 0 %, 0 %, 0 MiB, 23028 MiB
2026/02/25 16:46:13.074, 3, NVIDIA A10G, 0 %, 0 %, 0 MiB, 23028 MiB
2026/02/25 16:46:14.074, 0, NVIDIA A10G, 23 %, 8 %, 2049 MiB, 23028 MiB
2026/02/25 16:46:14.074, 1, NVIDIA A10G, 0 %, 0 %, 0 MiB, 23028 MiB
2026/02/25 16:46:14.074, 2, NVIDIA A10G, 0 %, 0 %, 0 MiB, 23028 MiB
2026/02/25 16:46:14.074, 3, NVIDIA A10G, 0 %, 0 %, 0 MiB, 23028 MiB
2026/02/25 16:46:15.074, 0, NVIDIA A10G, 22 %, 7 %, 2049 MiB, 23028 MiB
2026/02/25 16:46:15.075, 1, NVIDIA A10G, 0 %, 0 %, 0 MiB, 23028 MiB
2026/02/25 16:46:15.075, 2, NVIDIA A10G, 0 %, 0 %, 0 MiB, 23028 MiB
2026/02/25 16:46:15.075, 3, NVIDIA A10G, 0 %, 0 %, 0 MiB, 23028 MiB
2026/02/25 16:46:16.075, 0, NVIDIA A10G, 22 %, 7 %, 2049 MiB, 23028 MiB
2026/02/25 16:46:16.075, 1, NVIDIA A10G, 0 %, 0 %, 0 MiB, 23028 MiB
2026/02/25 16:46:16.075, 2, NVIDIA A10G, 0 %, 0 %, 0 MiB, 23028 MiB
2026/02/25 16:46:16.075, 3, NVIDIA A10G, 0 %, 0 %, 0 MiB, 23028 MiB
2026/02/25 16:46:17.075, 0, NVIDIA A10G, 23 %, 8 %, 2049 MiB, 23028 MiB
2026/02/25 16:46:17.075, 1, NVIDIA A10G, 0 %, 0 %, 0 MiB, 23028 MiB
2026/02/25 16:46:17.075, 2, NVIDIA A10G, 0 %, 0 %, 0 MiB, 23028 MiB
2026/02/25 16:46:17.075, 3, NVIDIA A10G, 0 %, 0 %, 0 MiB, 23028 MiB
2026/02/25 16:46:18.076, 0, NVIDIA A10G, 22 %, 7 %, 2049 MiB, 23028 MiB
2026/02/25 16:46:18.076, 1, NVIDIA A10G, 0 %, 0 %, 0 MiB, 23028 MiB
2026/02/25 16:46:18.076, 2, NVIDIA A10G, 0 %, 0 %, 0 MiB, 23028 MiB
2026/02/25 16:46:18.076, 3, NVIDIA A10G, 0 %, 0 %, 0 MiB, 23028 MiB
2026/02/25 16:46:19.076, 0, NVIDIA A10G, 23 %, 8 %, 2049 MiB, 23028 MiB
2026/02/25 16:46:19.076, 1, NVIDIA A10G, 0 %, 0 %, 0 MiB, 23028 MiB
2026/02/25 16:46:19.076, 2, NVIDIA A10G, 0 %, 0 %, 0 MiB, 23028 MiB
2026/02/25 16:46:19.076, 3, NVIDIA A10G, 0 %, 0 %, 0 MiB, 23028 MiB
2026/02/25 16:46:20.076, 0, NVIDIA A10G, 24 %, 9 %, 2049 MiB, 23028 MiB
2026/02/25 16:46:20.077, 1, NVIDIA A10G, 0 %, 0 %, 0 MiB, 23028 MiB
2026/02/25 16:46:20.077, 2, NVIDIA A10G, 0 %, 0 %, 0 MiB, 23028 MiB
2026/02/25 16:46:20.077, 3, NVIDIA A10G, 0 %, 0 %, 0 MiB, 23028 MiB
2026/02/25 16:46:21.077, 0, NVIDIA A10G, 21 %, 7 %, 2049 MiB, 23028 MiB
2026/02/25 16:46:21.077, 1, NVIDIA A10G, 0 %, 0 %, 0 MiB, 23028 MiB
2026/02/25 16:46:21.077, 2, NVIDIA A10G, 0 %, 0 %, 0 MiB, 23028 MiB
2026/02/25 16:46:21.077, 3, NVIDIA A10G, 0 %, 0 %, 0 MiB, 23028 MiB
2026/02/25 16:46:22.077, 0, NVIDIA A10G, 22 %, 8 %, 2049 MiB, 23028 MiB
2026/02/25 16:46:22.077, 1, NVIDIA A10G, 0 %, 0 %, 0 MiB, 23028 MiB
2026/02/25 16:46:22.077, 2, NVIDIA A10G, 0 %, 0 %, 0 MiB, 23028 MiB
2026/02/25 16:46:22.077, 3, NVIDIA A10G, 0 %, 0 %, 0 MiB, 23028 MiB
2026/02/25 16:46:23.077, 0, NVIDIA A10G, 23 %, 9 %, 2049 MiB, 23028 MiB
2026/02/25 16:46:23.078, 1, NVIDIA A10G, 0 %, 0 %, 0 MiB, 23028 MiB
2026/02/25 16:46:23.078, 2, NVIDIA A10G, 0 %, 0 %, 0 MiB, 23028 MiB
2026/02/25 16:46:23.078, 3, NVIDIA A10G, 0 %, 0 %, 0 MiB, 23028 MiB
2026/02/25 16:46:24.078, 0, NVIDIA A10G, 23 %, 8 %, 2049 MiB, 23028 MiB
2026/02/25 16:46:24.078, 1, NVIDIA A10G, 0 %, 0 %, 0 MiB, 23028 MiB
2026/02/25 16:46:24.078, 2, NVIDIA A10G, 0 %, 0 %, 0 MiB, 23028 MiB
2026/02/25 16:46:24.078, 3, NVIDIA A10G, 0 %, 0 %, 0 MiB, 23028 MiB
2026/02/25 16:46:25.078, 0, NVIDIA A10G, 23 %, 8 %, 2049 MiB, 23028 MiB
2026/02/25 16:46:25.078, 1, NVIDIA A10G, 0 %, 0 %, 0 MiB, 23028 MiB
2026/02/25 16:46:25.078, 2, NVIDIA A10G, 0 %, 0 %, 0 MiB, 23028 MiB
2026/02/25 16:46:25.078, 3, NVIDIA A10G, 0 %, 0 %, 0 MiB, 23028 MiB
2026/02/25 16:46:26.078, 0, NVIDIA A10G, 23 %, 8 %, 2049 MiB, 23028 MiB
2026/02/25 16:46:26.078, 1, NVIDIA A10G, 0 %, 0 %, 0 MiB, 23028 MiB
2026/02/25 16:46:26.078, 2, NVIDIA A10G, 0 %, 0 %, 0 MiB, 23028 MiB
2026/02/25 16:46:26.078, 3, NVIDIA A10G, 0 %, 0 %, 0 MiB, 23028 MiB
2026/02/25 16:46:27.079, 0, NVIDIA A10G, 24 %, 8 %, 2049 MiB, 23028 MiB
2026/02/25 16:46:27.079, 1, NVIDIA A10G, 0 %, 0 %, 0 MiB, 23028 MiB
2026/02/25 16:46:27.079, 2, NVIDIA A10G, 0 %, 0 %, 0 MiB, 23028 MiB
2026/02/25 16:46:27.079, 3, NVIDIA A10G, 0 %, 0 %, 0 MiB, 23028 MiB
2026/02/25 16:46:28.079, 0, NVIDIA A10G, 22 %, 7 %, 2049 MiB, 23028 MiB
2026/02/25 16:46:28.079, 1, NVIDIA A10G, 0 %, 0 %, 0 MiB, 23028 MiB
2026/02/25 16:46:28.079, 2, NVIDIA A10G, 0 %, 0 %, 0 MiB, 23028 MiB
2026/02/25 16:46:28.079, 3, NVIDIA A10G, 0 %, 0 %, 0 MiB, 23028 MiB
2026/02/25 16:46:29.079, 0, NVIDIA A10G, 24 %, 8 %, 2049 MiB, 23028 MiB
2026/02/25 16:46:29.079, 1, NVIDIA A10G, 0 %, 0 %, 0 MiB, 23028 MiB
2026/02/25 16:46:29.079, 2, NVIDIA A10G, 0 %, 0 %, 0 MiB, 23028 MiB
2026/02/25 16:46:29.079, 3, NVIDIA A10G, 0 %, 0 %, 0 MiB, 23028 MiB
2026/02/25 16:46:30.079, 0, NVIDIA A10G, 23 %, 8 %, 2049 MiB, 23028 MiB
2026/02/25 16:46:30.079, 1, NVIDIA A10G, 0 %, 0 %, 0 MiB, 23028 MiB
2026/02/25 16:46:30.080, 2, NVIDIA A10G, 0 %, 0 %, 0 MiB, 23028 MiB
2026/02/25 16:46:30.080, 3, NVIDIA A10G, 0 %, 0 %, 0 MiB, 23028 MiB
2026/02/25 16:46:31.080, 0, NVIDIA A10G, 0 %, 0 %, 2049 MiB, 23028 MiB
2026/02/25 16:46:31.080, 1, NVIDIA A10G, 0 %, 0 %, 0 MiB, 23028 MiB
2026/02/25 16:46:31.080, 2, NVIDIA A10G, 0 %, 0 %, 0 MiB, 23028 MiB
2026/02/25 16:46:31.080, 3, NVIDIA A10G, 0 %, 0 %, 0 MiB, 23028 MiB
2026/02/25 16:46:32.080, 0, NVIDIA A10G, 0 %, 0 %, 2049 MiB, 23028 MiB
2026/02/25 16:46:32.080, 1, NVIDIA A10G, 0 %, 0 %, 0 MiB, 23028 MiB
2026/02/25 16:46:32.080, 2, NVIDIA A10G, 0 %, 0 %, 0 MiB, 23028 MiB
2026/02/25 16:46:32.080, 3, NVIDIA A10G, 0 %, 0 %, 0 MiB, 23028 MiB
2026/02/25 16:46:33.080, 0, NVIDIA A10G, 0 %, 0 %, 2049 MiB, 23028 MiB
2026/02/25 16:46:33.081, 1, NVIDIA A10G, 0 %, 0 %, 0 MiB, 23028 MiB
2026/02/25 16:46:33.081, 2, NVIDIA A10G, 0 %, 0 %, 0 MiB, 23028 MiB
2026/02/25 16:46:33.081, 3, NVIDIA A10G, 0 %, 0 %, 0 MiB, 23028 MiB
2026/02/25 16:46:34.081, 0, NVIDIA A10G, 0 %, 0 %, 2049 MiB, 23028 MiB
2026/02/25 16:46:34.081, 1, NVIDIA A10G, 0 %, 0 %, 0 MiB, 23028 MiB
2026/02/25 16:46:34.081, 2, NVIDIA A10G, 0 %, 0 %, 0 MiB, 23028 MiB
2026/02/25 16:46:34.081, 3, NVIDIA A10G, 0 %, 0 %, 0 MiB, 23028 MiB
2026/02/25 16:46:35.081, 0, NVIDIA A10G, 0 %, 0 %, 2049 MiB, 23028 MiB
2026/02/25 16:46:35.081, 1, NVIDIA A10G, 0 %, 0 %, 0 MiB, 23028 MiB
2026/02/25 16:46:35.081, 2, NVIDIA A10G, 0 %, 0 %, 0 MiB, 23028 MiB
2026/02/25 16:46:35.082, 3, NVIDIA A10G, 0 %, 0 %, 0 MiB, 23028 MiB
2026/02/25 16:46:36.082, 0, NVIDIA A10G, 0 %, 0 %, 2049 MiB, 23028 MiB
2026/02/25 16:46:36.082, 1, NVIDIA A10G, 0 %, 0 %, 0 MiB, 23028 MiB
2026/02/25 16:46:36.082, 2, NVIDIA A10G, 0 %, 0 %, 0 MiB, 23028 MiB
2026/02/25 16:46:36.082, 3, NVIDIA A10G, 0 %, 0 %, 0 MiB, 23028 MiB
2026/02/25 16:46:37.082, 0, NVIDIA A10G, 0 %, 0 %, 2049 MiB, 23028 MiB
2026/02/25 16:46:37.082, 1, NVIDIA A10G, 0 %, 0 %, 0 MiB, 23028 MiB
2026/02/25 16:46:37.082, 2, NVIDIA A10G, 0 %, 0 %, 0 MiB, 23028 MiB
2026/02/25 16:46:37.082, 3, NVIDIA A10G, 0 %, 0 %, 0 MiB, 23028 MiB
2026/02/25 16:46:38.082, 0, NVIDIA A10G, 0 %, 0 %, 2049 MiB, 23028 MiB
2026/02/25 16:46:38.082, 1, NVIDIA A10G, 0 %, 0 %, 0 MiB, 23028 MiB
2026/02/25 16:46:38.082, 2, NVIDIA A10G, 0 %, 0 %, 0 MiB, 23028 MiB
2026/02/25 16:46:38.083, 3, NVIDIA A10G, 0 %, 0 %, 0 MiB, 23028 MiB
2026/02/25 16:46:39.083, 0, NVIDIA A10G, 0 %, 0 %, 2049 MiB, 23028 MiB
2026/02/25 16:46:39.083, 1, NVIDIA A10G, 0 %, 0 %, 0 MiB, 23028 MiB
2026/02/25 16:46:39.083, 2, NVIDIA A10G, 0 %, 0 %, 0 MiB, 23028 MiB
2026/02/25 16:46:39.083, 3, NVIDIA A10G, 0 %, 0 %, 0 MiB, 23028 MiB
2026/02/25 16:46:40.083, 0, NVIDIA A10G, 0 %, 0 %, 2049 MiB, 23028 MiB
2026/02/25 16:46:40.083, 1, NVIDIA A10G, 0 %, 0 %, 0 MiB, 23028 MiB
2026/02/25 16:46:40.083, 2, NVIDIA A10G, 0 %, 0 %, 0 MiB, 23028 MiB
2026/02/25 16:46:40.083, 3, NVIDIA A10G, 0 %, 0 %, 0 MiB, 23028 MiB
2026/02/25 16:46:41.083, 0, NVIDIA A10G, 0 %, 0 %, 2049 MiB, 23028 MiB
2026/02/25 16:46:41.083, 1, NVIDIA A10G, 0 %, 0 %, 0 MiB, 23028 MiB
2026/02/25 16:46:41.083, 2, NVIDIA A10G, 0 %, 0 %, 0 MiB, 23028 MiB
2026/02/25 16:46:41.083, 3, NVIDIA A10G, 0 %, 0 %, 0 MiB, 23028 MiB
2026/02/25 16:46:42.084, 0, NVIDIA A10G, 21 %, 7 %, 2049 MiB, 23028 MiB
2026/02/25 16:46:42.084, 1, NVIDIA A10G, 0 %, 0 %, 0 MiB, 23028 MiB
2026/02/25 16:46:42.084, 2, NVIDIA A10G, 0 %, 0 %, 0 MiB, 23028 MiB
2026/02/25 16:46:42.084, 3, NVIDIA A10G, 0 %, 0 %, 0 MiB, 23028 MiB
2026/02/25 16:46:43.084, 0, NVIDIA A10G, 22 %, 8 %, 2049 MiB, 23028 MiB
2026/02/25 16:46:43.084, 1, NVIDIA A10G, 0 %, 0 %, 0 MiB, 23028 MiB
2026/02/25 16:46:43.084, 2, NVIDIA A10G, 0 %, 0 %, 0 MiB, 23028 MiB
2026/02/25 16:46:43.084, 3, NVIDIA A10G, 0 %, 0 %, 0 MiB, 23028 MiB
2026/02/25 16:46:44.084, 0, NVIDIA A10G, 23 %, 8 %, 2049 MiB, 23028 MiB
2026/02/25 16:46:44.085, 1, NVIDIA A10G, 0 %, 0 %, 0 MiB, 23028 MiB
2026/02/25 16:46:44.085, 2, NVIDIA A10G, 0 %, 0 %, 0 MiB, 23028 MiB
2026/02/25 16:46:44.085, 3, NVIDIA A10G, 0 %, 0 %, 0 MiB, 23028 MiB
2026/02/25 16:46:45.085, 0, NVIDIA A10G, 22 %, 8 %, 2049 MiB, 23028 MiB
2026/02/25 16:46:45.085, 1, NVIDIA A10G, 0 %, 0 %, 0 MiB, 23028 MiB
2026/02/25 16:46:45.085, 2, NVIDIA A10G, 0 %, 0 %, 0 MiB, 23028 MiB
2026/02/25 16:46:45.085, 3, NVIDIA A10G, 0 %, 0 %, 0 MiB, 23028 MiB
2026/02/25 16:46:46.085, 0, NVIDIA A10G, 23 %, 9 %, 2049 MiB, 23028 MiB
2026/02/25 16:46:46.085, 1, NVIDIA A10G, 0 %, 0 %, 0 MiB, 23028 MiB
2026/02/25 16:46:46.085, 2, NVIDIA A10G, 0 %, 0 %, 0 MiB, 23028 MiB
2026/02/25 16:46:46.085, 3, NVIDIA A10G, 0 %, 0 %, 0 MiB, 23028 MiB
2026/02/25 16:46:47.085, 0, NVIDIA A10G, 24 %, 9 %, 2049 MiB, 23028 MiB
2026/02/25 16:46:47.085, 1, NVIDIA A10G, 0 %, 0 %, 0 MiB, 23028 MiB
2026/02/25 16:46:47.086, 2, NVIDIA A10G, 0 %, 0 %, 0 MiB, 23028 MiB
2026/02/25 16:46:47.086, 3, NVIDIA A10G, 0 %, 0 %, 0 MiB, 23028 MiB
2026/02/25 16:46:48.086, 0, NVIDIA A10G, 24 %, 8 %, 2049 MiB, 23028 MiB
2026/02/25 16:46:48.086, 1, NVIDIA A10G, 0 %, 0 %, 0 MiB, 23028 MiB
2026/02/25 16:46:48.086, 2, NVIDIA A10G, 0 %, 0 %, 0 MiB, 23028 MiB
2026/02/25 16:46:48.086, 3, NVIDIA A10G, 0 %, 0 %, 0 MiB, 23028 MiB
2026/02/25 16:46:49.086, 0, NVIDIA A10G, 23 %, 8 %, 2049 MiB, 23028 MiB
2026/02/25 16:46:49.086, 1, NVIDIA A10G, 0 %, 0 %, 0 MiB, 23028 MiB
2026/02/25 16:46:49.086, 2, NVIDIA A10G, 0 %, 0 %, 0 MiB, 23028 MiB
2026/02/25 16:46:49.086, 3, NVIDIA A10G, 0 %, 0 %, 0 MiB, 23028 MiB
2026/02/25 16:46:50.086, 0, NVIDIA A10G, 23 %, 8 %, 2049 MiB, 23028 MiB
2026/02/25 16:46:50.086, 1, NVIDIA A10G, 0 %, 0 %, 0 MiB, 23028 MiB
2026/02/25 16:46:50.086, 2, NVIDIA A10G, 0 %, 0 %, 0 MiB, 23028 MiB
2026/02/25 16:46:50.087, 3, NVIDIA A10G, 0 %, 0 %, 0 MiB, 23028 MiB
2026/02/25 16:46:51.087, 0, NVIDIA A10G, 23 %, 9 %, 2049 MiB, 23028 MiB
2026/02/25 16:46:51.087, 1, NVIDIA A10G, 0 %, 0 %, 0 MiB, 23028 MiB
2026/02/25 16:46:51.087, 2, NVIDIA A10G, 0 %, 0 %, 0 MiB, 23028 MiB
2026/02/25 16:46:51.087, 3, NVIDIA A10G, 0 %, 0 %, 0 MiB, 23028 MiB
2026/02/25 16:46:52.087, 0, NVIDIA A10G, 0 %, 0 %, 2049 MiB, 23028 MiB
2026/02/25 16:46:52.087, 1, NVIDIA A10G, 0 %, 0 %, 0 MiB, 23028 MiB
2026/02/25 16:46:52.087, 2, NVIDIA A10G, 0 %, 0 %, 0 MiB, 23028 MiB
2026/02/25 16:46:52.087, 3, NVIDIA A10G, 0 %, 0 %, 0 MiB, 23028 MiB
2026/02/25 16:46:53.087, 0, NVIDIA A10G, 0 %, 0 %, 2049 MiB, 23028 MiB
2026/02/25 16:46:53.087, 1, NVIDIA A10G, 0 %, 0 %, 0 MiB, 23028 MiB
2026/02/25 16:46:53.087, 2, NVIDIA A10G, 0 %, 0 %, 0 MiB, 23028 MiB
2026/02/25 16:46:53.087, 3, NVIDIA A10G, 0 %, 0 %, 0 MiB, 23028 MiB
2026/02/25 16:46:54.088, 0, NVIDIA A10G, 0 %, 0 %, 2049 MiB, 23028 MiB
2026/02/25 16:46:54.088, 1, NVIDIA A10G, 0 %, 0 %, 0 MiB, 23028 MiB
2026/02/25 16:46:54.088, 2, NVIDIA A10G, 0 %, 0 %, 0 MiB, 23028 MiB
2026/02/25 16:46:54.088, 3, NVIDIA A10G, 0 %, 0 %, 0 MiB, 23028 MiB
2026/02/25 16:46:55.088, 0, NVIDIA A10G, 0 %, 0 %, 2049 MiB, 23028 MiB
2026/02/25 16:46:55.088, 1, NVIDIA A10G, 0 %, 0 %, 0 MiB, 23028 MiB
2026/02/25 16:46:55.088, 2, NVIDIA A10G, 0 %, 0 %, 0 MiB, 23028 MiB
2026/02/25 16:46:55.088, 3, NVIDIA A10G, 0 %, 0 %, 0 MiB, 23028 MiB
2026/02/25 16:46:56.088, 0, NVIDIA A10G, 0 %, 0 %, 2049 MiB, 23028 MiB
2026/02/25 16:46:56.088, 1, NVIDIA A10G, 0 %, 0 %, 0 MiB, 23028 MiB
2026/02/25 16:46:56.088, 2, NVIDIA A10G, 0 %, 0 %, 0 MiB, 23028 MiB
2026/02/25 16:46:56.088, 3, NVIDIA A10G, 0 %, 0 %, 0 MiB, 23028 MiB
2026/02/25 16:46:57.089, 0, NVIDIA A10G, 0 %, 0 %, 2049 MiB, 23028 MiB
2026/02/25 16:46:57.089, 1, NVIDIA A10G, 0 %, 0 %, 0 MiB, 23028 MiB
2026/02/25 16:46:57.089, 2, NVIDIA A10G, 0 %, 0 %, 0 MiB, 23028 MiB
2026/02/25 16:46:57.089, 3, NVIDIA A10G, 0 %, 0 %, 0 MiB, 23028 MiB
2026/02/25 16:46:58.089, 0, NVIDIA A10G, 0 %, 0 %, 2049 MiB, 23028 MiB
2026/02/25 16:46:58.089, 1, NVIDIA A10G, 0 %, 0 %, 0 MiB, 23028 MiB
2026/02/25 16:46:58.089, 2, NVIDIA A10G, 0 %, 0 %, 0 MiB, 23028 MiB
2026/02/25 16:46:58.089, 3, NVIDIA A10G, 0 %, 0 %, 0 MiB, 23028 MiB
2026/02/25 16:46:59.089, 0, NVIDIA A10G, 0 %, 0 %, 2049 MiB, 23028 MiB
2026/02/25 16:46:59.089, 1, NVIDIA A10G, 0 %, 0 %, 0 MiB, 23028 MiB
2026/02/25 16:46:59.089, 2, NVIDIA A10G, 0 %, 0 %, 0 MiB, 23028 MiB
2026/02/25 16:46:59.089, 3, NVIDIA A10G, 0 %, 0 %, 0 MiB, 23028 MiB
2026/02/25 16:47:00.089, 0, NVIDIA A10G, 21 %, 7 %, 2049 MiB, 23028 MiB
2026/02/25 16:47:00.089, 1, NVIDIA A10G, 0 %, 0 %, 0 MiB, 23028 MiB
2026/02/25 16:47:00.089, 2, NVIDIA A10G, 0 %, 0 %, 0 MiB, 23028 MiB
2026/02/25 16:47:00.089, 3, NVIDIA A10G, 0 %, 0 %, 0 MiB, 23028 MiB
2026/02/25 16:47:01.090, 0, NVIDIA A10G, 21 %, 6 %, 2049 MiB, 23028 MiB
2026/02/25 16:47:01.090, 1, NVIDIA A10G, 0 %, 0 %, 0 MiB, 23028 MiB
2026/02/25 16:47:01.090, 2, NVIDIA A10G, 0 %, 0 %, 0 MiB, 23028 MiB
2026/02/25 16:47:01.090, 3, NVIDIA A10G, 0 %, 0 %, 0 MiB, 23028 MiB
2026/02/25 16:47:02.090, 0, NVIDIA A10G, 20 %, 6 %, 2049 MiB, 23028 MiB
2026/02/25 16:47:02.090, 1, NVIDIA A10G, 0 %, 0 %, 0 MiB, 23028 MiB
2026/02/25 16:47:02.090, 2, NVIDIA A10G, 0 %, 0 %, 0 MiB, 23028 MiB
2026/02/25 16:47:02.090, 3, NVIDIA A10G, 0 %, 0 %, 0 MiB, 23028 MiB
2026/02/25 16:47:03.090, 0, NVIDIA A10G, 20 %, 6 %, 2049 MiB, 23028 MiB
2026/02/25 16:47:03.090, 1, NVIDIA A10G, 0 %, 0 %, 0 MiB, 23028 MiB
2026/02/25 16:47:03.090, 2, NVIDIA A10G, 0 %, 0 %, 0 MiB, 23028 MiB
2026/02/25 16:47:03.090, 3, NVIDIA A10G, 0 %, 0 %, 0 MiB, 23028 MiB
2026/02/25 16:47:04.091, 0, NVIDIA A10G, 21 %, 7 %, 2049 MiB, 23028 MiB
2026/02/25 16:47:04.091, 1, NVIDIA A10G, 0 %, 0 %, 0 MiB, 23028 MiB
2026/02/25 16:47:04.091, 2, NVIDIA A10G, 0 %, 0 %, 0 MiB, 23028 MiB
2026/02/25 16:47:04.091, 3, NVIDIA A10G, 0 %, 0 %, 0 MiB, 23028 MiB
2026/02/25 16:47:05.091, 0, NVIDIA A10G, 22 %, 7 %, 2049 MiB, 23028 MiB
2026/02/25 16:47:05.091, 1, NVIDIA A10G, 0 %, 0 %, 0 MiB, 23028 MiB
2026/02/25 16:47:05.091, 2, NVIDIA A10G, 0 %, 0 %, 0 MiB, 23028 MiB
2026/02/25 16:47:05.091, 3, NVIDIA A10G, 0 %, 0 %, 0 MiB, 23028 MiB
2026/02/25 16:47:06.091, 0, NVIDIA A10G, 22 %, 7 %, 2049 MiB, 23028 MiB
2026/02/25 16:47:06.091, 1, NVIDIA A10G, 0 %, 0 %, 0 MiB, 23028 MiB
2026/02/25 16:47:06.091, 2, NVIDIA A10G, 0 %, 0 %, 0 MiB, 23028 MiB
2026/02/25 16:47:06.091, 3, NVIDIA A10G, 0 %, 0 %, 0 MiB, 23028 MiB
2026/02/25 16:47:07.091, 0, NVIDIA A10G, 22 %, 7 %, 2049 MiB, 23028 MiB
2026/02/25 16:47:07.092, 1, NVIDIA A10G, 0 %, 0 %, 0 MiB, 23028 MiB
2026/02/25 16:47:07.092, 2, NVIDIA A10G, 0 %, 0 %, 0 MiB, 23028 MiB
2026/02/25 16:47:07.092, 3, NVIDIA A10G, 0 %, 0 %, 0 MiB, 23028 MiB
2026/02/25 16:47:08.092, 0, NVIDIA A10G, 20 %, 6 %, 2049 MiB, 23028 MiB
2026/02/25 16:47:08.092, 1, NVIDIA A10G, 0 %, 0 %, 0 MiB, 23028 MiB
2026/02/25 16:47:08.092, 2, NVIDIA A10G, 0 %, 0 %, 0 MiB, 23028 MiB
2026/02/25 16:47:08.092, 3, NVIDIA A10G, 0 %, 0 %, 0 MiB, 23028 MiB
2026/02/25 16:47:09.092, 0, NVIDIA A10G, 16 %, 5 %, 2049 MiB, 23028 MiB
2026/02/25 16:47:09.092, 1, NVIDIA A10G, 0 %, 0 %, 0 MiB, 23028 MiB
2026/02/25 16:47:09.092, 2, NVIDIA A10G, 0 %, 0 %, 0 MiB, 23028 MiB
2026/02/25 16:47:09.092, 3, NVIDIA A10G, 0 %, 0 %, 0 MiB, 23028 MiB
2026/02/25 16:47:10.093, 0, NVIDIA A10G, 0 %, 0 %, 2049 MiB, 23028 MiB
2026/02/25 16:47:10.093, 1, NVIDIA A10G, 0 %, 0 %, 0 MiB, 23028 MiB
2026/02/25 16:47:10.093, 2, NVIDIA A10G, 0 %, 0 %, 0 MiB, 23028 MiB
2026/02/25 16:47:10.093, 3, NVIDIA A10G, 0 %, 0 %, 0 MiB, 23028 MiB
2026/02/25 16:47:11.093, 0, NVIDIA A10G, 0 %, 0 %, 2049 MiB, 23028 MiB
2026/02/25 16:47:11.093, 1, NVIDIA A10G, 0 %, 0 %, 0 MiB, 23028 MiB
2026/02/25 16:47:11.093, 2, NVIDIA A10G, 0 %, 0 %, 0 MiB, 23028 MiB
2026/02/25 16:47:11.093, 3, NVIDIA A10G, 0 %, 0 %, 0 MiB, 23028 MiB
2026/02/25 16:47:12.093, 0, NVIDIA A10G, 0 %, 0 %, 2049 MiB, 23028 MiB
2026/02/25 16:47:12.093, 1, NVIDIA A10G, 0 %, 0 %, 0 MiB, 23028 MiB
2026/02/25 16:47:12.093, 2, NVIDIA A10G, 0 %, 0 %, 0 MiB, 23028 MiB
2026/02/25 16:47:12.093, 3, NVIDIA A10G, 0 %, 0 %, 0 MiB, 23028 MiB
2026/02/25 16:47:13.094, 0, NVIDIA A10G, 0 %, 0 %, 2049 MiB, 23028 MiB
2026/02/25 16:47:13.094, 1, NVIDIA A10G, 0 %, 0 %, 0 MiB, 23028 MiB
2026/02/25 16:47:13.094, 2, NVIDIA A10G, 0 %, 0 %, 0 MiB, 23028 MiB
2026/02/25 16:47:13.094, 3, NVIDIA A10G, 0 %, 0 %, 0 MiB, 23028 MiB
2026/02/25 16:47:14.094, 0, NVIDIA A10G, 0 %, 0 %, 2049 MiB, 23028 MiB
2026/02/25 16:47:14.094, 1, NVIDIA A10G, 0 %, 0 %, 0 MiB, 23028 MiB
2026/02/25 16:47:14.094, 2, NVIDIA A10G, 0 %, 0 %, 0 MiB, 23028 MiB
2026/02/25 16:47:14.094, 3, NVIDIA A10G, 0 %, 0 %, 0 MiB, 23028 MiB
2026/02/25 16:47:15.094, 0, NVIDIA A10G, 0 %, 0 %, 2049 MiB, 23028 MiB
2026/02/25 16:47:15.094, 1, NVIDIA A10G, 0 %, 0 %, 0 MiB, 23028 MiB
2026/02/25 16:47:15.094, 2, NVIDIA A10G, 0 %, 0 %, 0 MiB, 23028 MiB
2026/02/25 16:47:15.095, 3, NVIDIA A10G, 0 %, 0 %, 0 MiB, 23028 MiB
2026/02/25 16:47:16.095, 0, NVIDIA A10G, 0 %, 0 %, 2049 MiB, 23028 MiB
2026/02/25 16:47:16.095, 1, NVIDIA A10G, 0 %, 0 %, 0 MiB, 23028 MiB
2026/02/25 16:47:16.095, 2, NVIDIA A10G, 0 %, 0 %, 0 MiB, 23028 MiB
2026/02/25 16:47:16.095, 3, NVIDIA A10G, 0 %, 0 %, 0 MiB, 23028 MiB
2026/02/25 16:47:17.095, 0, NVIDIA A10G, 0 %, 0 %, 2049 MiB, 23028 MiB
2026/02/25 16:47:17.095, 1, NVIDIA A10G, 0 %, 0 %, 0 MiB, 23028 MiB
2026/02/25 16:47:17.095, 2, NVIDIA A10G, 0 %, 0 %, 0 MiB, 23028 MiB
2026/02/25 16:47:17.095, 3, NVIDIA A10G, 0 %, 0 %, 0 MiB, 23028 MiB
2026/02/25 16:47:18.095, 0, NVIDIA A10G, 0 %, 0 %, 2049 MiB, 23028 MiB
2026/02/25 16:47:18.095, 1, NVIDIA A10G, 0 %, 0 %, 0 MiB, 23028 MiB
2026/02/25 16:47:18.095, 2, NVIDIA A10G, 0 %, 0 %, 0 MiB, 23028 MiB
2026/02/25 16:47:18.096, 3, NVIDIA A10G, 0 %, 0 %, 0 MiB, 23028 MiB
2026/02/25 16:47:19.096, 0, NVIDIA A10G, 0 %, 0 %, 2049 MiB, 23028 MiB
2026/02/25 16:47:19.096, 1, NVIDIA A10G, 0 %, 0 %, 0 MiB, 23028 MiB
2026/02/25 16:47:19.096, 2, NVIDIA A10G, 0 %, 0 %, 0 MiB, 23028 MiB
2026/02/25 16:47:19.096, 3, NVIDIA A10G, 0 %, 0 %, 0 MiB, 23028 MiB
2026/02/25 16:47:20.096, 0, NVIDIA A10G, 0 %, 0 %, 2049 MiB, 23028 MiB
2026/02/25 16:47:20.096, 1, NVIDIA A10G, 0 %, 0 %, 0 MiB, 23028 MiB
2026/02/25 16:47:20.096, 2, NVIDIA A10G, 0 %, 0 %, 0 MiB, 23028 MiB
2026/02/25 16:47:20.096, 3, NVIDIA A10G, 0 %, 0 %, 0 MiB, 23028 MiB
2026/02/25 16:47:21.096, 0, NVIDIA A10G, 82 %, 51 %, 2049 MiB, 23028 MiB
2026/02/25 16:47:21.096, 1, NVIDIA A10G, 0 %, 0 %, 0 MiB, 23028 MiB
2026/02/25 16:47:21.096, 2, NVIDIA A10G, 0 %, 0 %, 0 MiB, 23028 MiB
2026/02/25 16:47:21.096, 3, NVIDIA A10G, 0 %, 0 %, 0 MiB, 23028 MiB
2026/02/25 16:47:22.097, 0, NVIDIA A10G, 9 %, 2 %, 2049 MiB, 23028 MiB
2026/02/25 16:47:22.097, 1, NVIDIA A10G, 0 %, 0 %, 0 MiB, 23028 MiB
2026/02/25 16:47:22.097, 2, NVIDIA A10G, 0 %, 0 %, 0 MiB, 23028 MiB
2026/02/25 16:47:22.097, 3, NVIDIA A10G, 0 %, 0 %, 0 MiB, 23028 MiB
2026/02/25 16:47:23.097, 0, NVIDIA A10G, 22 %, 7 %, 2049 MiB, 23028 MiB
2026/02/25 16:47:23.097, 1, NVIDIA A10G, 0 %, 0 %, 0 MiB, 23028 MiB
2026/02/25 16:47:23.097, 2, NVIDIA A10G, 0 %, 0 %, 0 MiB, 23028 MiB
2026/02/25 16:47:23.097, 3, NVIDIA A10G, 0 %, 0 %, 0 MiB, 23028 MiB
2026/02/25 16:47:24.097, 0, NVIDIA A10G, 22 %, 8 %, 2049 MiB, 23028 MiB
2026/02/25 16:47:24.097, 1, NVIDIA A10G, 0 %, 0 %, 0 MiB, 23028 MiB
2026/02/25 16:47:24.097, 2, NVIDIA A10G, 0 %, 0 %, 0 MiB, 23028 MiB
2026/02/25 16:47:24.097, 3, NVIDIA A10G, 0 %, 0 %, 0 MiB, 23028 MiB
2026/02/25 16:47:25.097, 0, NVIDIA A10G, 19 %, 6 %, 2049 MiB, 23028 MiB
2026/02/25 16:47:25.098, 1, NVIDIA A10G, 0 %, 0 %, 0 MiB, 23028 MiB
2026/02/25 16:47:25.098, 2, NVIDIA A10G, 0 %, 0 %, 0 MiB, 23028 MiB
2026/02/25 16:47:25.098, 3, NVIDIA A10G, 0 %, 0 %, 0 MiB, 23028 MiB
2026/02/25 16:47:26.098, 0, NVIDIA A10G, 19 %, 6 %, 2049 MiB, 23028 MiB
2026/02/25 16:47:26.098, 1, NVIDIA A10G, 0 %, 0 %, 0 MiB, 23028 MiB
2026/02/25 16:47:26.098, 2, NVIDIA A10G, 0 %, 0 %, 0 MiB, 23028 MiB
2026/02/25 16:47:26.098, 3, NVIDIA A10G, 0 %, 0 %, 0 MiB, 23028 MiB
2026/02/25 16:47:27.098, 0, NVIDIA A10G, 23 %, 8 %, 2049 MiB, 23028 MiB
2026/02/25 16:47:27.098, 1, NVIDIA A10G, 0 %, 0 %, 0 MiB, 23028 MiB
2026/02/25 16:47:27.098, 2, NVIDIA A10G, 0 %, 0 %, 0 MiB, 23028 MiB
2026/02/25 16:47:27.098, 3, NVIDIA A10G, 0 %, 0 %, 0 MiB, 23028 MiB
2026/02/25 16:47:28.098, 0, NVIDIA A10G, 21 %, 7 %, 2049 MiB, 23028 MiB
2026/02/25 16:47:28.098, 1, NVIDIA A10G, 0 %, 0 %, 0 MiB, 23028 MiB
2026/02/25 16:47:28.098, 2, NVIDIA A10G, 0 %, 0 %, 0 MiB, 23028 MiB
2026/02/25 16:47:28.098, 3, NVIDIA A10G, 0 %, 0 %, 0 MiB, 23028 MiB
2026/02/25 16:47:29.099, 0, NVIDIA A10G, 22 %, 7 %, 2049 MiB, 23028 MiB
2026/02/25 16:47:29.099, 1, NVIDIA A10G, 0 %, 0 %, 0 MiB, 23028 MiB
2026/02/25 16:47:29.099, 2, NVIDIA A10G, 0 %, 0 %, 0 MiB, 23028 MiB
2026/02/25 16:47:29.099, 3, NVIDIA A10G, 0 %, 0 %, 0 MiB, 23028 MiB
2026/02/25 16:47:30.099, 0, NVIDIA A10G, 20 %, 6 %, 2049 MiB, 23028 MiB
2026/02/25 16:47:30.099, 1, NVIDIA A10G, 0 %, 0 %, 0 MiB, 23028 MiB
2026/02/25 16:47:30.099, 2, NVIDIA A10G, 0 %, 0 %, 0 MiB, 23028 MiB
2026/02/25 16:47:30.099, 3, NVIDIA A10G, 0 %, 0 %, 0 MiB, 23028 MiB
2026/02/25 16:47:31.099, 0, NVIDIA A10G, 22 %, 8 %, 2049 MiB, 23028 MiB
2026/02/25 16:47:31.099, 1, NVIDIA A10G, 0 %, 0 %, 0 MiB, 23028 MiB
2026/02/25 16:47:31.099, 2, NVIDIA A10G, 0 %, 0 %, 0 MiB, 23028 MiB
2026/02/25 16:47:31.099, 3, NVIDIA A10G, 0 %, 0 %, 0 MiB, 23028 MiB
2026/02/25 16:47:32.100, 0, NVIDIA A10G, 21 %, 7 %, 2049 MiB, 23028 MiB
2026/02/25 16:47:32.100, 1, NVIDIA A10G, 0 %, 0 %, 0 MiB, 23028 MiB
2026/02/25 16:47:32.100, 2, NVIDIA A10G, 0 %, 0 %, 0 MiB, 23028 MiB
2026/02/25 16:47:32.100, 3, NVIDIA A10G, 0 %, 0 %, 0 MiB, 23028 MiB
2026/02/25 16:47:33.100, 0, NVIDIA A10G, 21 %, 7 %, 2049 MiB, 23028 MiB
2026/02/25 16:47:33.100, 1, NVIDIA A10G, 0 %, 0 %, 0 MiB, 23028 MiB
2026/02/25 16:47:33.100, 2, NVIDIA A10G, 0 %, 0 %, 0 MiB, 23028 MiB
2026/02/25 16:47:33.100, 3, NVIDIA A10G, 0 %, 0 %, 0 MiB, 23028 MiB
2026/02/25 16:47:34.100, 0, NVIDIA A10G, 22 %, 8 %, 2049 MiB, 23028 MiB
2026/02/25 16:47:34.100, 1, NVIDIA A10G, 0 %, 0 %, 0 MiB, 23028 MiB
2026/02/25 16:47:34.100, 2, NVIDIA A10G, 0 %, 0 %, 0 MiB, 23028 MiB
2026/02/25 16:47:34.100, 3, NVIDIA A10G, 0 %, 0 %, 0 MiB, 23028 MiB
2026/02/25 16:47:35.100, 0, NVIDIA A10G, 21 %, 7 %, 2049 MiB, 23028 MiB
2026/02/25 16:47:35.100, 1, NVIDIA A10G, 0 %, 0 %, 0 MiB, 23028 MiB
2026/02/25 16:47:35.101, 2, NVIDIA A10G, 0 %, 0 %, 0 MiB, 23028 MiB
2026/02/25 16:47:35.101, 3, NVIDIA A10G, 0 %, 0 %, 0 MiB, 23028 MiB
2026/02/25 16:47:36.101, 0, NVIDIA A10G, 0 %, 0 %, 2049 MiB, 23028 MiB
2026/02/25 16:47:36.101, 1, NVIDIA A10G, 0 %, 0 %, 0 MiB, 23028 MiB
2026/02/25 16:47:36.101, 2, NVIDIA A10G, 0 %, 0 %, 0 MiB, 23028 MiB
2026/02/25 16:47:36.101, 3, NVIDIA A10G, 0 %, 0 %, 0 MiB, 23028 MiB
2026/02/25 16:47:37.101, 0, NVIDIA A10G, 0 %, 0 %, 2049 MiB, 23028 MiB
2026/02/25 16:47:37.101, 1, NVIDIA A10G, 0 %, 0 %, 0 MiB, 23028 MiB
2026/02/25 16:47:37.101, 2, NVIDIA A10G, 0 %, 0 %, 0 MiB, 23028 MiB
2026/02/25 16:47:37.101, 3, NVIDIA A10G, 0 %, 0 %, 0 MiB, 23028 MiB
2026/02/25 16:47:38.101, 0, NVIDIA A10G, 7 %, 4 %, 2049 MiB, 23028 MiB
2026/02/25 16:47:38.101, 1, NVIDIA A10G, 0 %, 0 %, 0 MiB, 23028 MiB
2026/02/25 16:47:38.102, 2, NVIDIA A10G, 0 %, 0 %, 0 MiB, 23028 MiB
2026/02/25 16:47:38.102, 3, NVIDIA A10G, 0 %, 0 %, 0 MiB, 23028 MiB
2026/02/25 16:47:39.102, 0, NVIDIA A10G, 24 %, 9 %, 2049 MiB, 23028 MiB
2026/02/25 16:47:39.102, 1, NVIDIA A10G, 0 %, 0 %, 0 MiB, 23028 MiB
2026/02/25 16:47:39.102, 2, NVIDIA A10G, 0 %, 0 %, 0 MiB, 23028 MiB
2026/02/25 16:47:39.102, 3, NVIDIA A10G, 0 %, 0 %, 0 MiB, 23028 MiB
2026/02/25 16:47:40.102, 0, NVIDIA A10G, 22 %, 8 %, 2049 MiB, 23028 MiB
2026/02/25 16:47:40.102, 1, NVIDIA A10G, 0 %, 0 %, 0 MiB, 23028 MiB
2026/02/25 16:47:40.102, 2, NVIDIA A10G, 0 %, 0 %, 0 MiB, 23028 MiB
2026/02/25 16:47:40.102, 3, NVIDIA A10G, 0 %, 0 %, 0 MiB, 23028 MiB
2026/02/25 16:47:41.102, 0, NVIDIA A10G, 0 %, 0 %, 2049 MiB, 23028 MiB
2026/02/25 16:47:41.103, 1, NVIDIA A10G, 0 %, 0 %, 0 MiB, 23028 MiB
2026/02/25 16:47:41.103, 2, NVIDIA A10G, 0 %, 0 %, 0 MiB, 23028 MiB
2026/02/25 16:47:41.103, 3, NVIDIA A10G, 0 %, 0 %, 0 MiB, 23028 MiB
2026/02/25 16:47:42.103, 0, NVIDIA A10G, 0 %, 0 %, 2049 MiB, 23028 MiB
2026/02/25 16:47:42.103, 1, NVIDIA A10G, 0 %, 0 %, 0 MiB, 23028 MiB
2026/02/25 16:47:42.103, 2, NVIDIA A10G, 0 %, 0 %, 0 MiB, 23028 MiB
2026/02/25 16:47:42.103, 3, NVIDIA A10G, 0 %, 0 %, 0 MiB, 23028 MiB
2026/02/25 16:47:43.103, 0, NVIDIA A10G, 0 %, 0 %, 2049 MiB, 23028 MiB
2026/02/25 16:47:43.103, 1, NVIDIA A10G, 0 %, 0 %, 0 MiB, 23028 MiB
2026/02/25 16:47:43.103, 2, NVIDIA A10G, 0 %, 0 %, 0 MiB, 23028 MiB
2026/02/25 16:47:43.103, 3, NVIDIA A10G, 0 %, 0 %, 0 MiB, 23028 MiB
2026/02/25 16:47:44.103, 0, NVIDIA A10G, 0 %, 0 %, 2049 MiB, 23028 MiB
2026/02/25 16:47:44.103, 1, NVIDIA A10G, 0 %, 0 %, 0 MiB, 23028 MiB
2026/02/25 16:47:44.104, 2, NVIDIA A10G, 0 %, 0 %, 0 MiB, 23028 MiB
2026/02/25 16:47:44.104, 3, NVIDIA A10G, 0 %, 0 %, 0 MiB, 23028 MiB
2026/02/25 16:47:45.104, 0, NVIDIA A10G, 0 %, 0 %, 2049 MiB, 23028 MiB
2026/02/25 16:47:45.104, 1, NVIDIA A10G, 0 %, 0 %, 0 MiB, 23028 MiB
2026/02/25 16:47:45.104, 2, NVIDIA A10G, 0 %, 0 %, 0 MiB, 23028 MiB
2026/02/25 16:47:45.104, 3, NVIDIA A10G, 0 %, 0 %, 0 MiB, 23028 MiB
2026/02/25 16:47:46.104, 0, NVIDIA A10G, 0 %, 0 %, 2049 MiB, 23028 MiB
2026/02/25 16:47:46.104, 1, NVIDIA A10G, 0 %, 0 %, 0 MiB, 23028 MiB
2026/02/25 16:47:46.104, 2, NVIDIA A10G, 0 %, 0 %, 0 MiB, 23028 MiB
2026/02/25 16:47:46.104, 3, NVIDIA A10G, 0 %, 0 %, 0 MiB, 23028 MiB
2026/02/25 16:47:47.105, 0, NVIDIA A10G, 0 %, 0 %, 2049 MiB, 23028 MiB
2026/02/25 16:47:47.105, 1, NVIDIA A10G, 0 %, 0 %, 0 MiB, 23028 MiB
2026/02/25 16:47:47.105, 2, NVIDIA A10G, 0 %, 0 %, 0 MiB, 23028 MiB
2026/02/25 16:47:47.105, 3, NVIDIA A10G, 0 %, 0 %, 0 MiB, 23028 MiB
2026/02/25 16:47:48.105, 0, NVIDIA A10G, 0 %, 0 %, 2049 MiB, 23028 MiB
2026/02/25 16:47:48.105, 1, NVIDIA A10G, 0 %, 0 %, 0 MiB, 23028 MiB
2026/02/25 16:47:48.105, 2, NVIDIA A10G, 0 %, 0 %, 0 MiB, 23028 MiB
2026/02/25 16:47:48.105, 3, NVIDIA A10G, 0 %, 0 %, 0 MiB, 23028 MiB
2026/02/25 16:47:49.105, 0, NVIDIA A10G, 0 %, 0 %, 2049 MiB, 23028 MiB
2026/02/25 16:47:49.105, 1, NVIDIA A10G, 0 %, 0 %, 0 MiB, 23028 MiB
2026/02/25 16:47:49.105, 2, NVIDIA A10G, 0 %, 0 %, 0 MiB, 23028 MiB
2026/02/25 16:47:49.105, 3, NVIDIA A10G, 0 %, 0 %, 0 MiB, 23028 MiB
2026/02/25 16:47:50.106, 0, NVIDIA A10G, 0 %, 0 %, 2049 MiB, 23028 MiB
2026/02/25 16:47:50.106, 1, NVIDIA A10G, 0 %, 0 %, 0 MiB, 23028 MiB
2026/02/25 16:47:50.106, 2, NVIDIA A10G, 0 %, 0 %, 0 MiB, 23028 MiB
2026/02/25 16:47:50.106, 3, NVIDIA A10G, 0 %, 0 %, 0 MiB, 23028 MiB
2026/02/25 16:47:51.106, 0, NVIDIA A10G, 0 %, 0 %, 2049 MiB, 23028 MiB
2026/02/25 16:47:51.106, 1, NVIDIA A10G, 0 %, 0 %, 0 MiB, 23028 MiB
2026/02/25 16:47:51.106, 2, NVIDIA A10G, 0 %, 0 %, 0 MiB, 23028 MiB
2026/02/25 16:47:51.106, 3, NVIDIA A10G, 0 %, 0 %, 0 MiB, 23028 MiB
2026/02/25 16:47:52.106, 0, NVIDIA A10G, 0 %, 0 %, 2049 MiB, 23028 MiB
2026/02/25 16:47:52.106, 1, NVIDIA A10G, 0 %, 0 %, 0 MiB, 23028 MiB
2026/02/25 16:47:52.106, 2, NVIDIA A10G, 0 %, 0 %, 0 MiB, 23028 MiB
2026/02/25 16:47:52.106, 3, NVIDIA A10G, 0 %, 0 %, 0 MiB, 23028 MiB
2026/02/25 16:47:53.106, 0, NVIDIA A10G, 0 %, 0 %, 2049 MiB, 23028 MiB
2026/02/25 16:47:53.106, 1, NVIDIA A10G, 0 %, 0 %, 0 MiB, 23028 MiB
2026/02/25 16:47:53.107, 2, NVIDIA A10G, 0 %, 0 %, 0 MiB, 23028 MiB
2026/02/25 16:47:53.107, 3, NVIDIA A10G, 0 %, 0 %, 0 MiB, 23028 MiB
2026/02/25 16:47:54.107, 0, NVIDIA A10G, 0 %, 0 %, 2049 MiB, 23028 MiB
2026/02/25 16:47:54.107, 1, NVIDIA A10G, 0 %, 0 %, 0 MiB, 23028 MiB
2026/02/25 16:47:54.107, 2, NVIDIA A10G, 0 %, 0 %, 0 MiB, 23028 MiB
2026/02/25 16:47:54.107, 3, NVIDIA A10G, 0 %, 0 %, 0 MiB, 23028 MiB
2026/02/25 16:47:55.107, 0, NVIDIA A10G, 23 %, 9 %, 2049 MiB, 23028 MiB
2026/02/25 16:47:55.107, 1, NVIDIA A10G, 0 %, 0 %, 0 MiB, 23028 MiB
2026/02/25 16:47:55.107, 2, NVIDIA A10G, 0 %, 0 %, 0 MiB, 23028 MiB
2026/02/25 16:47:55.107, 3, NVIDIA A10G, 0 %, 0 %, 0 MiB, 23028 MiB
2026/02/25 16:47:56.107, 0, NVIDIA A10G, 23 %, 8 %, 2049 MiB, 23028 MiB
2026/02/25 16:47:56.107, 1, NVIDIA A10G, 0 %, 0 %, 0 MiB, 23028 MiB
2026/02/25 16:47:56.107, 2, NVIDIA A10G, 0 %, 0 %, 0 MiB, 23028 MiB
2026/02/25 16:47:56.107, 3, NVIDIA A10G, 0 %, 0 %, 0 MiB, 23028 MiB
2026/02/25 16:47:57.108, 0, NVIDIA A10G, 22 %, 8 %, 2049 MiB, 23028 MiB
2026/02/25 16:47:57.108, 1, NVIDIA A10G, 0 %, 0 %, 0 MiB, 23028 MiB
2026/02/25 16:47:57.108, 2, NVIDIA A10G, 0 %, 0 %, 0 MiB, 23028 MiB
2026/02/25 16:47:57.108, 3, NVIDIA A10G, 0 %, 0 %, 0 MiB, 23028 MiB
2026/02/25 16:47:58.108, 0, NVIDIA A10G, 23 %, 8 %, 2049 MiB, 23028 MiB
2026/02/25 16:47:58.108, 1, NVIDIA A10G, 0 %, 0 %, 0 MiB, 23028 MiB
2026/02/25 16:47:58.108, 2, NVIDIA A10G, 0 %, 0 %, 0 MiB, 23028 MiB
2026/02/25 16:47:58.108, 3, NVIDIA A10G, 0 %, 0 %, 0 MiB, 23028 MiB
2026/02/25 16:47:59.108, 0, NVIDIA A10G, 23 %, 9 %, 2049 MiB, 23028 MiB
2026/02/25 16:47:59.109, 1, NVIDIA A10G, 0 %, 0 %, 0 MiB, 23028 MiB
2026/02/25 16:47:59.109, 2, NVIDIA A10G, 0 %, 0 %, 0 MiB, 23028 MiB
2026/02/25 16:47:59.109, 3, NVIDIA A10G, 0 %, 0 %, 0 MiB, 23028 MiB
2026/02/25 16:48:00.109, 0, NVIDIA A10G, 23 %, 9 %, 2049 MiB, 23028 MiB
2026/02/25 16:48:00.109, 1, NVIDIA A10G, 0 %, 0 %, 0 MiB, 23028 MiB
2026/02/25 16:48:00.109, 2, NVIDIA A10G, 0 %, 0 %, 0 MiB, 23028 MiB
2026/02/25 16:48:00.109, 3, NVIDIA A10G, 0 %, 0 %, 0 MiB, 23028 MiB
2026/02/25 16:48:01.109, 0, NVIDIA A10G, 23 %, 8 %, 2049 MiB, 23028 MiB
2026/02/25 16:48:01.109, 1, NVIDIA A10G, 0 %, 0 %, 0 MiB, 23028 MiB
2026/02/25 16:48:01.109, 2, NVIDIA A10G, 0 %, 0 %, 0 MiB, 23028 MiB
2026/02/25 16:48:01.110, 3, NVIDIA A10G, 0 %, 0 %, 0 MiB, 23028 MiB
2026/02/25 16:48:02.110, 0, NVIDIA A10G, 24 %, 9 %, 2049 MiB, 23028 MiB
2026/02/25 16:48:02.110, 1, NVIDIA A10G, 0 %, 0 %, 0 MiB, 23028 MiB
2026/02/25 16:48:02.110, 2, NVIDIA A10G, 0 %, 0 %, 0 MiB, 23028 MiB
2026/02/25 16:48:02.110, 3, NVIDIA A10G, 0 %, 0 %, 0 MiB, 23028 MiB
2026/02/25 16:48:03.110, 0, NVIDIA A10G, 21 %, 7 %, 2049 MiB, 23028 MiB
2026/02/25 16:48:03.110, 1, NVIDIA A10G, 0 %, 0 %, 0 MiB, 23028 MiB
2026/02/25 16:48:03.110, 2, NVIDIA A10G, 0 %, 0 %, 0 MiB, 23028 MiB
2026/02/25 16:48:03.110, 3, NVIDIA A10G, 0 %, 0 %, 0 MiB, 23028 MiB
2026/02/25 16:48:04.110, 0, NVIDIA A10G, 24 %, 9 %, 2049 MiB, 23028 MiB
2026/02/25 16:48:04.110, 1, NVIDIA A10G, 0 %, 0 %, 0 MiB, 23028 MiB
2026/02/25 16:48:04.110, 2, NVIDIA A10G, 0 %, 0 %, 0 MiB, 23028 MiB
2026/02/25 16:48:04.110, 3, NVIDIA A10G, 0 %, 0 %, 0 MiB, 23028 MiB
2026/02/25 16:48:05.111, 0, NVIDIA A10G, 23 %, 8 %, 2049 MiB, 23028 MiB
2026/02/25 16:48:05.111, 1, NVIDIA A10G, 0 %, 0 %, 0 MiB, 23028 MiB
2026/02/25 16:48:05.111, 2, NVIDIA A10G, 0 %, 0 %, 0 MiB, 23028 MiB
2026/02/25 16:48:05.111, 3, NVIDIA A10G, 0 %, 0 %, 0 MiB, 23028 MiB
2026/02/25 16:48:06.111, 0, NVIDIA A10G, 24 %, 9 %, 2049 MiB, 23028 MiB
2026/02/25 16:48:06.111, 1, NVIDIA A10G, 0 %, 0 %, 0 MiB, 23028 MiB
2026/02/25 16:48:06.111, 2, NVIDIA A10G, 0 %, 0 %, 0 MiB, 23028 MiB
2026/02/25 16:48:06.111, 3, NVIDIA A10G, 0 %, 0 %, 0 MiB, 23028 MiB
2026/02/25 16:48:07.111, 0, NVIDIA A10G, 13 %, 4 %, 2049 MiB, 23028 MiB
2026/02/25 16:48:07.111, 1, NVIDIA A10G, 0 %, 0 %, 0 MiB, 23028 MiB
2026/02/25 16:48:07.111, 2, NVIDIA A10G, 0 %, 0 %, 0 MiB, 23028 MiB
2026/02/25 16:48:07.111, 3, NVIDIA A10G, 0 %, 0 %, 0 MiB, 23028 MiB
2026/02/25 16:48:08.111, 0, NVIDIA A10G, 0 %, 0 %, 2049 MiB, 23028 MiB
2026/02/25 16:48:08.111, 1, NVIDIA A10G, 0 %, 0 %, 0 MiB, 23028 MiB
2026/02/25 16:48:08.112, 2, NVIDIA A10G, 0 %, 0 %, 0 MiB, 23028 MiB
2026/02/25 16:48:08.112, 3, NVIDIA A10G, 0 %, 0 %, 0 MiB, 23028 MiB
2026/02/25 16:48:09.112, 0, NVIDIA A10G, 0 %, 0 %, 2049 MiB, 23028 MiB
2026/02/25 16:48:09.112, 1, NVIDIA A10G, 0 %, 0 %, 0 MiB, 23028 MiB
2026/02/25 16:48:09.112, 2, NVIDIA A10G, 0 %, 0 %, 0 MiB, 23028 MiB
2026/02/25 16:48:09.112, 3, NVIDIA A10G, 0 %, 0 %, 0 MiB, 23028 MiB
2026/02/25 16:48:10.112, 0, NVIDIA A10G, 0 %, 0 %, 2049 MiB, 23028 MiB
2026/02/25 16:48:10.112, 1, NVIDIA A10G, 0 %, 0 %, 0 MiB, 23028 MiB
2026/02/25 16:48:10.112, 2, NVIDIA A10G, 0 %, 0 %, 0 MiB, 23028 MiB
2026/02/25 16:48:10.112, 3, NVIDIA A10G, 0 %, 0 %, 0 MiB, 23028 MiB
2026/02/25 16:48:11.113, 0, NVIDIA A10G, 0 %, 0 %, 2049 MiB, 23028 MiB
2026/02/25 16:48:11.113, 1, NVIDIA A10G, 0 %, 0 %, 0 MiB, 23028 MiB
2026/02/25 16:48:11.113, 2, NVIDIA A10G, 0 %, 0 %, 0 MiB, 23028 MiB
2026/02/25 16:48:11.113, 3, NVIDIA A10G, 0 %, 0 %, 0 MiB, 23028 MiB
2026/02/25 16:48:12.113, 0, NVIDIA A10G, 0 %, 0 %, 2049 MiB, 23028 MiB
2026/02/25 16:48:12.113, 1, NVIDIA A10G, 0 %, 0 %, 0 MiB, 23028 MiB
2026/02/25 16:48:12.113, 2, NVIDIA A10G, 0 %, 0 %, 0 MiB, 23028 MiB
2026/02/25 16:48:12.113, 3, NVIDIA A10G, 0 %, 0 %, 0 MiB, 23028 MiB
2026/02/25 16:48:13.113, 0, NVIDIA A10G, 0 %, 0 %, 2049 MiB, 23028 MiB
2026/02/25 16:48:13.113, 1, NVIDIA A10G, 0 %, 0 %, 0 MiB, 23028 MiB
2026/02/25 16:48:13.113, 2, NVIDIA A10G, 0 %, 0 %, 0 MiB, 23028 MiB
2026/02/25 16:48:13.113, 3, NVIDIA A10G, 0 %, 0 %, 0 MiB, 23028 MiB
2026/02/25 16:48:14.114, 0, NVIDIA A10G, 0 %, 0 %, 2049 MiB, 23028 MiB
2026/02/25 16:48:14.114, 1, NVIDIA A10G, 0 %, 0 %, 0 MiB, 23028 MiB
2026/02/25 16:48:14.114, 2, NVIDIA A10G, 0 %, 0 %, 0 MiB, 23028 MiB
2026/02/25 16:48:14.114, 3, NVIDIA A10G, 0 %, 0 %, 0 MiB, 23028 MiB
2026/02/25 16:48:15.114, 0, NVIDIA A10G, 0 %, 0 %, 2049 MiB, 23028 MiB
2026/02/25 16:48:15.114, 1, NVIDIA A10G, 0 %, 0 %, 0 MiB, 23028 MiB
2026/02/25 16:48:15.114, 2, NVIDIA A10G, 0 %, 0 %, 0 MiB, 23028 MiB
2026/02/25 16:48:15.114, 3, NVIDIA A10G, 0 %, 0 %, 0 MiB, 23028 MiB
2026/02/25 16:48:16.114, 0, NVIDIA A10G, 0 %, 0 %, 2049 MiB, 23028 MiB
2026/02/25 16:48:16.114, 1, NVIDIA A10G, 0 %, 0 %, 0 MiB, 23028 MiB
2026/02/25 16:48:16.114, 2, NVIDIA A10G, 0 %, 0 %, 0 MiB, 23028 MiB
2026/02/25 16:48:16.114, 3, NVIDIA A10G, 0 %, 0 %, 0 MiB, 23028 MiB
2026/02/25 16:48:17.115, 0, NVIDIA A10G, 0 %, 0 %, 2049 MiB, 23028 MiB
2026/02/25 16:48:17.115, 1, NVIDIA A10G, 0 %, 0 %, 0 MiB, 23028 MiB
2026/02/25 16:48:17.115, 2, NVIDIA A10G, 0 %, 0 %, 0 MiB, 23028 MiB
2026/02/25 16:48:17.115, 3, NVIDIA A10G, 0 %, 0 %, 0 MiB, 23028 MiB
2026/02/25 16:48:18.115, 0, NVIDIA A10G, 0 %, 0 %, 2049 MiB, 23028 MiB
2026/02/25 16:48:18.115, 1, NVIDIA A10G, 0 %, 0 %, 0 MiB, 23028 MiB
2026/02/25 16:48:18.115, 2, NVIDIA A10G, 0 %, 0 %, 0 MiB, 23028 MiB
2026/02/25 16:48:18.115, 3, NVIDIA A10G, 0 %, 0 %, 0 MiB, 23028 MiB
2026/02/25 16:48:19.115, 0, NVIDIA A10G, 0 %, 0 %, 2049 MiB, 23028 MiB
2026/02/25 16:48:19.115, 1, NVIDIA A10G, 0 %, 0 %, 0 MiB, 23028 MiB
2026/02/25 16:48:19.115, 2, NVIDIA A10G, 0 %, 0 %, 0 MiB, 23028 MiB
2026/02/25 16:48:19.115, 3, NVIDIA A10G, 0 %, 0 %, 0 MiB, 23028 MiB
2026/02/25 16:48:20.115, 0, NVIDIA A10G, 0 %, 0 %, 2049 MiB, 23028 MiB
2026/02/25 16:48:20.115, 1, NVIDIA A10G, 0 %, 0 %, 0 MiB, 23028 MiB
2026/02/25 16:48:20.116, 2, NVIDIA A10G, 0 %, 0 %, 0 MiB, 23028 MiB
2026/02/25 16:48:20.116, 3, NVIDIA A10G, 0 %, 0 %, 0 MiB, 23028 MiB
2026/02/25 16:48:21.116, 0, NVIDIA A10G, 0 %, 0 %, 2049 MiB, 23028 MiB
2026/02/25 16:48:21.116, 1, NVIDIA A10G, 0 %, 0 %, 0 MiB, 23028 MiB
2026/02/25 16:48:21.116, 2, NVIDIA A10G, 0 %, 0 %, 0 MiB, 23028 MiB
2026/02/25 16:48:21.116, 3, NVIDIA A10G, 0 %, 0 %, 0 MiB, 23028 MiB
2026/02/25 16:48:22.116, 0, NVIDIA A10G, 0 %, 0 %, 2049 MiB, 23028 MiB
2026/02/25 16:48:22.116, 1, NVIDIA A10G, 0 %, 0 %, 0 MiB, 23028 MiB
2026/02/25 16:48:22.116, 2, NVIDIA A10G, 0 %, 0 %, 0 MiB, 23028 MiB
2026/02/25 16:48:22.116, 3, NVIDIA A10G, 0 %, 0 %, 0 MiB, 23028 MiB
2026/02/25 16:48:23.116, 0, NVIDIA A10G, 0 %, 0 %, 2049 MiB, 23028 MiB
2026/02/25 16:48:23.117, 1, NVIDIA A10G, 0 %, 0 %, 0 MiB, 23028 MiB
2026/02/25 16:48:23.117, 2, NVIDIA A10G, 0 %, 0 %, 0 MiB, 23028 MiB
2026/02/25 16:48:23.117, 3, NVIDIA A10G, 0 %, 0 %, 0 MiB, 23028 MiB
2026/02/25 16:48:24.117, 0, NVIDIA A10G, 0 %, 0 %, 2049 MiB, 23028 MiB
2026/02/25 16:48:24.117, 1, NVIDIA A10G, 0 %, 0 %, 0 MiB, 23028 MiB
2026/02/25 16:48:24.117, 2, NVIDIA A10G, 0 %, 0 %, 0 MiB, 23028 MiB
2026/02/25 16:48:24.117, 3, NVIDIA A10G, 0 %, 0 %, 0 MiB, 23028 MiB
2026/02/25 16:48:25.117, 0, NVIDIA A10G, 21 %, 7 %, 2049 MiB, 23028 MiB
2026/02/25 16:48:25.117, 1, NVIDIA A10G, 0 %, 0 %, 0 MiB, 23028 MiB
2026/02/25 16:48:25.117, 2, NVIDIA A10G, 0 %, 0 %, 0 MiB, 23028 MiB
2026/02/25 16:48:25.117, 3, NVIDIA A10G, 0 %, 0 %, 0 MiB, 23028 MiB
2026/02/25 16:48:26.118, 0, NVIDIA A10G, 20 %, 6 %, 2049 MiB, 23028 MiB
2026/02/25 16:48:26.118, 1, NVIDIA A10G, 0 %, 0 %, 0 MiB, 23028 MiB
2026/02/25 16:48:26.118, 2, NVIDIA A10G, 0 %, 0 %, 0 MiB, 23028 MiB
2026/02/25 16:48:26.118, 3, NVIDIA A10G, 0 %, 0 %, 0 MiB, 23028 MiB
2026/02/25 16:48:27.118, 0, NVIDIA A10G, 23 %, 8 %, 2049 MiB, 23028 MiB
2026/02/25 16:48:27.118, 1, NVIDIA A10G, 0 %, 0 %, 0 MiB, 23028 MiB
2026/02/25 16:48:27.118, 2, NVIDIA A10G, 0 %, 0 %, 0 MiB, 23028 MiB
2026/02/25 16:48:27.118, 3, NVIDIA A10G, 0 %, 0 %, 0 MiB, 23028 MiB
2026/02/25 16:48:28.118, 0, NVIDIA A10G, 23 %, 8 %, 2049 MiB, 23028 MiB
2026/02/25 16:48:28.118, 1, NVIDIA A10G, 0 %, 0 %, 0 MiB, 23028 MiB
2026/02/25 16:48:28.118, 2, NVIDIA A10G, 0 %, 0 %, 0 MiB, 23028 MiB
2026/02/25 16:48:28.118, 3, NVIDIA A10G, 0 %, 0 %, 0 MiB, 23028 MiB
2026/02/25 16:48:29.118, 0, NVIDIA A10G, 22 %, 8 %, 2049 MiB, 23028 MiB
2026/02/25 16:48:29.118, 1, NVIDIA A10G, 0 %, 0 %, 0 MiB, 23028 MiB
2026/02/25 16:48:29.119, 2, NVIDIA A10G, 0 %, 0 %, 0 MiB, 23028 MiB
2026/02/25 16:48:29.119, 3, NVIDIA A10G, 0 %, 0 %, 0 MiB, 23028 MiB
2026/02/25 16:48:30.119, 0, NVIDIA A10G, 21 %, 7 %, 2049 MiB, 23028 MiB
2026/02/25 16:48:30.119, 1, NVIDIA A10G, 0 %, 0 %, 0 MiB, 23028 MiB
2026/02/25 16:48:30.119, 2, NVIDIA A10G, 0 %, 0 %, 0 MiB, 23028 MiB
2026/02/25 16:48:30.119, 3, NVIDIA A10G, 0 %, 0 %, 0 MiB, 23028 MiB
2026/02/25 16:48:31.119, 0, NVIDIA A10G, 22 %, 8 %, 2049 MiB, 23028 MiB
2026/02/25 16:48:31.119, 1, NVIDIA A10G, 0 %, 0 %, 0 MiB, 23028 MiB
2026/02/25 16:48:31.119, 2, NVIDIA A10G, 0 %, 0 %, 0 MiB, 23028 MiB
2026/02/25 16:48:31.119, 3, NVIDIA A10G, 0 %, 0 %, 0 MiB, 23028 MiB
2026/02/25 16:48:32.119, 0, NVIDIA A10G, 23 %, 8 %, 2049 MiB, 23028 MiB
2026/02/25 16:48:32.119, 1, NVIDIA A10G, 0 %, 0 %, 0 MiB, 23028 MiB
2026/02/25 16:48:32.119, 2, NVIDIA A10G, 0 %, 0 %, 0 MiB, 23028 MiB
2026/02/25 16:48:32.119, 3, NVIDIA A10G, 0 %, 0 %, 0 MiB, 23028 MiB
2026/02/25 16:48:33.120, 0, NVIDIA A10G, 23 %, 8 %, 2049 MiB, 23028 MiB
2026/02/25 16:48:33.120, 1, NVIDIA A10G, 0 %, 0 %, 0 MiB, 23028 MiB
2026/02/25 16:48:33.120, 2, NVIDIA A10G, 0 %, 0 %, 0 MiB, 23028 MiB
2026/02/25 16:48:33.120, 3, NVIDIA A10G, 0 %, 0 %, 0 MiB, 23028 MiB
2026/02/25 16:48:34.120, 0, NVIDIA A10G, 23 %, 8 %, 2049 MiB, 23028 MiB
2026/02/25 16:48:34.120, 1, NVIDIA A10G, 0 %, 0 %, 0 MiB, 23028 MiB
2026/02/25 16:48:34.120, 2, NVIDIA A10G, 0 %, 0 %, 0 MiB, 23028 MiB
2026/02/25 16:48:34.120, 3, NVIDIA A10G, 0 %, 0 %, 0 MiB, 23028 MiB
2026/02/25 16:48:35.120, 0, NVIDIA A10G, 22 %, 8 %, 2049 MiB, 23028 MiB
2026/02/25 16:48:35.120, 1, NVIDIA A10G, 0 %, 0 %, 0 MiB, 23028 MiB
2026/02/25 16:48:35.120, 2, NVIDIA A10G, 0 %, 0 %, 0 MiB, 23028 MiB
2026/02/25 16:48:35.120, 3, NVIDIA A10G, 0 %, 0 %, 0 MiB, 23028 MiB
2026/02/25 16:48:36.120, 0, NVIDIA A10G, 22 %, 8 %, 2049 MiB, 23028 MiB
2026/02/25 16:48:36.121, 1, NVIDIA A10G, 0 %, 0 %, 0 MiB, 23028 MiB
2026/02/25 16:48:36.121, 2, NVIDIA A10G, 0 %, 0 %, 0 MiB, 23028 MiB
2026/02/25 16:48:36.121, 3, NVIDIA A10G, 0 %, 0 %, 0 MiB, 23028 MiB
2026/02/25 16:48:37.121, 0, NVIDIA A10G, 22 %, 8 %, 2049 MiB, 23028 MiB
2026/02/25 16:48:37.121, 1, NVIDIA A10G, 0 %, 0 %, 0 MiB, 23028 MiB
2026/02/25 16:48:37.121, 2, NVIDIA A10G, 0 %, 0 %, 0 MiB, 23028 MiB
2026/02/25 16:48:37.121, 3, NVIDIA A10G, 0 %, 0 %, 0 MiB, 23028 MiB
2026/02/25 16:48:38.121, 0, NVIDIA A10G, 21 %, 7 %, 2049 MiB, 23028 MiB
2026/02/25 16:48:38.121, 1, NVIDIA A10G, 0 %, 0 %, 0 MiB, 23028 MiB
2026/02/25 16:48:38.121, 2, NVIDIA A10G, 0 %, 0 %, 0 MiB, 23028 MiB
2026/02/25 16:48:38.121, 3, NVIDIA A10G, 0 %, 0 %, 0 MiB, 23028 MiB
2026/02/25 16:48:39.122, 0, NVIDIA A10G, 23 %, 8 %, 2049 MiB, 23028 MiB
2026/02/25 16:48:39.122, 1, NVIDIA A10G, 0 %, 0 %, 0 MiB, 23028 MiB
2026/02/25 16:48:39.122, 2, NVIDIA A10G, 0 %, 0 %, 0 MiB, 23028 MiB
2026/02/25 16:48:39.122, 3, NVIDIA A10G, 0 %, 0 %, 0 MiB, 23028 MiB
2026/02/25 16:48:40.122, 0, NVIDIA A10G, 23 %, 9 %, 2049 MiB, 23028 MiB
2026/02/25 16:48:40.122, 1, NVIDIA A10G, 0 %, 0 %, 0 MiB, 23028 MiB
2026/02/25 16:48:40.122, 2, NVIDIA A10G, 0 %, 0 %, 0 MiB, 23028 MiB
2026/02/25 16:48:40.122, 3, NVIDIA A10G, 0 %, 0 %, 0 MiB, 23028 MiB
2026/02/25 16:48:41.122, 0, NVIDIA A10G, 22 %, 7 %, 2049 MiB, 23028 MiB
2026/02/25 16:48:41.122, 1, NVIDIA A10G, 0 %, 0 %, 0 MiB, 23028 MiB
2026/02/25 16:48:41.122, 2, NVIDIA A10G, 0 %, 0 %, 0 MiB, 23028 MiB
2026/02/25 16:48:41.122, 3, NVIDIA A10G, 0 %, 0 %, 0 MiB, 23028 MiB
2026/02/25 16:48:42.123, 0, NVIDIA A10G, 19 %, 6 %, 2049 MiB, 23028 MiB
2026/02/25 16:48:42.123, 1, NVIDIA A10G, 0 %, 0 %, 0 MiB, 23028 MiB
2026/02/25 16:48:42.123, 2, NVIDIA A10G, 0 %, 0 %, 0 MiB, 23028 MiB
2026/02/25 16:48:42.123, 3, NVIDIA A10G, 0 %, 0 %, 0 MiB, 23028 MiB
2026/02/25 16:48:43.123, 0, NVIDIA A10G, 0 %, 0 %, 2049 MiB, 23028 MiB
2026/02/25 16:48:43.123, 1, NVIDIA A10G, 0 %, 0 %, 0 MiB, 23028 MiB
2026/02/25 16:48:43.123, 2, NVIDIA A10G, 0 %, 0 %, 0 MiB, 23028 MiB
2026/02/25 16:48:43.123, 3, NVIDIA A10G, 0 %, 0 %, 0 MiB, 23028 MiB
2026/02/25 16:48:44.123, 0, NVIDIA A10G, 0 %, 0 %, 2049 MiB, 23028 MiB
2026/02/25 16:48:44.123, 1, NVIDIA A10G, 0 %, 0 %, 0 MiB, 23028 MiB
2026/02/25 16:48:44.123, 2, NVIDIA A10G, 0 %, 0 %, 0 MiB, 23028 MiB
2026/02/25 16:48:44.123, 3, NVIDIA A10G, 0 %, 0 %, 0 MiB, 23028 MiB
2026/02/25 16:48:45.124, 0, NVIDIA A10G, 0 %, 0 %, 2049 MiB, 23028 MiB
2026/02/25 16:48:45.124, 1, NVIDIA A10G, 0 %, 0 %, 0 MiB, 23028 MiB
2026/02/25 16:48:45.124, 2, NVIDIA A10G, 0 %, 0 %, 0 MiB, 23028 MiB
2026/02/25 16:48:45.124, 3, NVIDIA A10G, 0 %, 0 %, 0 MiB, 23028 MiB
2026/02/25 16:48:46.124, 0, NVIDIA A10G, 0 %, 0 %, 2049 MiB, 23028 MiB
2026/02/25 16:48:46.124, 1, NVIDIA A10G, 0 %, 0 %, 0 MiB, 23028 MiB
2026/02/25 16:48:46.124, 2, NVIDIA A10G, 0 %, 0 %, 0 MiB, 23028 MiB
2026/02/25 16:48:46.124, 3, NVIDIA A10G, 0 %, 0 %, 0 MiB, 23028 MiB
2026/02/25 16:48:47.124, 0, NVIDIA A10G, 22 %, 7 %, 2049 MiB, 23028 MiB
2026/02/25 16:48:47.124, 1, NVIDIA A10G, 0 %, 0 %, 0 MiB, 23028 MiB
2026/02/25 16:48:47.124, 2, NVIDIA A10G, 0 %, 0 %, 0 MiB, 23028 MiB
2026/02/25 16:48:47.124, 3, NVIDIA A10G, 0 %, 0 %, 0 MiB, 23028 MiB
2026/02/25 16:48:48.124, 0, NVIDIA A10G, 21 %, 7 %, 2049 MiB, 23028 MiB
2026/02/25 16:48:48.124, 1, NVIDIA A10G, 0 %, 0 %, 0 MiB, 23028 MiB
2026/02/25 16:48:48.125, 2, NVIDIA A10G, 0 %, 0 %, 0 MiB, 23028 MiB
2026/02/25 16:48:48.125, 3, NVIDIA A10G, 0 %, 0 %, 0 MiB, 23028 MiB
2026/02/25 16:48:49.125, 0, NVIDIA A10G, 22 %, 8 %, 2049 MiB, 23028 MiB
2026/02/25 16:48:49.125, 1, NVIDIA A10G, 0 %, 0 %, 0 MiB, 23028 MiB
2026/02/25 16:48:49.125, 2, NVIDIA A10G, 0 %, 0 %, 0 MiB, 23028 MiB
2026/02/25 16:48:49.125, 3, NVIDIA A10G, 0 %, 0 %, 0 MiB, 23028 MiB
2026/02/25 16:48:50.125, 0, NVIDIA A10G, 23 %, 7 %, 2049 MiB, 23028 MiB
2026/02/25 16:48:50.125, 1, NVIDIA A10G, 0 %, 0 %, 0 MiB, 23028 MiB
2026/02/25 16:48:50.125, 2, NVIDIA A10G, 0 %, 0 %, 0 MiB, 23028 MiB
2026/02/25 16:48:50.125, 3, NVIDIA A10G, 0 %, 0 %, 0 MiB, 23028 MiB
2026/02/25 16:48:51.125, 0, NVIDIA A10G, 21 %, 7 %, 2049 MiB, 23028 MiB
2026/02/25 16:48:51.125, 1, NVIDIA A10G, 0 %, 0 %, 0 MiB, 23028 MiB
2026/02/25 16:48:51.126, 2, NVIDIA A10G, 0 %, 0 %, 0 MiB, 23028 MiB
2026/02/25 16:48:51.126, 3, NVIDIA A10G, 0 %, 0 %, 0 MiB, 23028 MiB
2026/02/25 16:48:52.126, 0, NVIDIA A10G, 0 %, 0 %, 2049 MiB, 23028 MiB
2026/02/25 16:48:52.126, 1, NVIDIA A10G, 0 %, 0 %, 0 MiB, 23028 MiB
2026/02/25 16:48:52.126, 2, NVIDIA A10G, 0 %, 0 %, 0 MiB, 23028 MiB
2026/02/25 16:48:52.126, 3, NVIDIA A10G, 0 %, 0 %, 0 MiB, 23028 MiB
