company,emotion,modality,hedges_g,ci_low,ci_high,p_value
AAPL,happy,audio,0.05695486597427413,-0.19438425937897208,0.30829399132752033,0.6477648432065253
AAPL,happy,text,-0.016669624971353766,-0.2679623945127946,0.23462314457008704,0.8958756636837193
AAPL,neutral,audio,-0.057398955649720355,-0.3087388746301634,0.1939409633307227,0.6516892073297549
AAPL,neutral,text,0.1860966570099714,-0.06573251546757314,0.43792582948751596,0.14127344362381503
AAPL,surprise,audio,0.2654538436437287,0.013066379193905298,0.5178413080935521,0.03994556070639324
AAPL,surprise,text,0.06699049491772115,-0.1843680685415539,0.3183490583769962,0.5997356865193704
AAPL,disgust,audio,-0.1436958173824179,-0.3953067905780788,0.10791515581324304,0.2681709933086788
AAPL,disgust,text,-0.1311550721235752,-0.38271223156035367,0.12040208731320329,0.293031619629584
AAPL,anger,audio,0.36426901065339434,0.11091498259021582,0.6176230387165729,0.005387275743803309
AAPL,anger,text,-0.1922958082317973,-0.44416156486998803,0.05956994840639343,0.12449496507289586
AAPL,sadness,audio,-0.28090428762231157,-0.5334230910330718,-0.028385484211551293,0.028731593472106742
AAPL,sadness,text,-0.3021413645647072,-0.5548526960283657,-0.04943003310104871,0.018102013062286215
AAPL,fear,audio,-0.25647237172688475,-0.5087868723513187,-0.00415787110245075,0.04617993870569309
AAPL,fear,text,-0.009687317632358625,-0.260977210620319,0.2416025753556017,0.9393551169454214
WMB,happy,audio,0.07602041844297898,-0.22216127147033082,0.37420210835628875,0.6096592786755983
WMB,happy,text,-0.12785603474180898,-0.42623271382119854,0.17052064433758055,0.40867254896683475
WMB,neutral,audio,-0.17356843128434704,-0.4721991496400001,0.12506228707130604,0.2500116476418357
WMB,neutral,text,0.18193705766544943,-0.11674848387249276,0.4806225992033916,0.23613395132019768
WMB,surprise,audio,0.30775427385783377,0.00793564495772836,0.6075729027579392,0.03954113311141532
WMB,surprise,text,0.025317168581149574,-0.27276967237617616,0.3234040095384753,0.8693550804987796
WMB,disgust,audio,-0.0519788240639219,-0.3501037112543833,0.24614606312653947,0.7346385370608959
WMB,disgust,text,-0.03822586251654479,-0.33632784726071235,0.25987612222762274,0.8030317016415738
WMB,anger,audio,0.08346171525763496,-0.21474187756655905,0.38166530808182897,0.578913421704112
WMB,anger,text,-0.14499591385217175,-0.44345884018388315,0.15346701247953964,0.33169892189944095
WMB,sadness,audio,-0.12495295251221816,-0.4233160942024004,0.17341018917796408,0.4163869514244075
WMB,sadness,text,-0.10107763151490727,-0.39934121391008087,0.1971859508802663,0.49911970559750196
WMB,fear,audio,-0.2189279302806761,-0.5178865695521613,0.08003070899080905,0.14834521423246383
WMB,fear,text,-0.003004949556597174,-0.30108012316241584,0.29507022404922145,0.9841708704164417
TDG,happy,audio,0.05396062884896008,-0.147097930149816,0.25501918784773614,0.5920946230265427
TDG,happy,text,0.10440411179428194,-0.09674582097866433,0.30555404456722823,0.30469296318027583
TDG,neutral,audio,0.21800706263917344,0.016438714530778775,0.4195754107475681,0.03434983539214364
TDG,neutral,text,0.016393406689375174,-0.18463491191597134,0.21742172529472167,0.872616525997934
TDG,surprise,audio,-0.07387173119271281,-0.2749594081781941,0.12721594579276843,0.462867591344711
TDG,surprise,text,-0.03042483609686093,-0.2314606714661139,0.17061099927239207,0.7651019513885027
TDG,disgust,audio,-0.23665172032551124,-0.43831678318749606,-0.034986657463526416,0.022720192393411238
TDG,disgust,text,-0.2174383663801649,-0.41900388847618353,-0.015872844284146287,0.02846120228539732
TDG,anger,audio,-0.13747022982714374,-0.338711602062492,0.06377114240820453,0.1947971284185733
TDG,anger,text,-0.09456733637852259,-0.2956948857010647,0.10656021294401953,0.3466598852831792
TDG,sadness,audio,-0.07860069503202603,-0.27969661989468253,0.12249522983063048,0.45013625229608567
TDG,sadness,text,0.011976681722366591,-0.18905020309611237,0.21300356654084557,0.9050316798708206
TDG,fear,audio,0.07781506101225161,-0.12327945819692651,0.27890958022142975,0.4449944903974716
TDG,fear,text,0.049216102979815574,-0.15183685538339803,0.2502690613430292,0.6186337389289015
AWK,happy,audio,-0.036036185750618614,-0.40198587237943867,0.3299135008782014,0.8449383989225216
AWK,happy,text,0.010310936676157694,-0.3556109365097867,0.37623280986210206,0.95575797588587
AWK,neutral,audio,0.12206746190035844,-0.24419937565759087,0.48833429945830775,0.5094212690066703
AWK,neutral,text,0.10132873807127446,-0.26483010501975146,0.4674875811623004,0.5887654668118952
AWK,surprise,audio,-0.25976101524942297,-0.6272511639523691,0.1077291334535232,0.15133551831976613
AWK,surprise,text,-0.31002455952091124,-0.6781793743588183,0.05813025531699578,0.09440502724291
AWK,disgust,audio,-0.20161755378156584,-0.5684840271852261,0.1652489196220944,0.2735124161910914
AWK,disgust,text,-0.1578736343148954,-0.5243740142973674,0.20862674566757664,0.3956424420924395
AWK,anger,audio,0.04734630455031838,-0.3186253801626383,0.4133179892632751,0.7998858272469364
AWK,anger,text,0.0831008895545603,-0.2829795708178183,0.4491813499269389,0.6577035160962013
AWK,sadness,audio,0.14556726431643296,-0.22084612784340618,0.5119806564762721,0.4328480634037855
AWK,sadness,text,0.12928286090472652,-0.23702624297025937,0.4955919647797124,0.48796222469073053
AWK,fear,audio,0.1851621447632175,-0.1815562033297998,0.5518804928562348,0.31271520269525
AWK,fear,text,0.11491804510657064,-0.2513093016923459,0.4811453919054871,0.5341311014987394
ECL,happy,audio,0.003651865717087006,-0.24483767778176765,0.2521414092159417,0.9770005104844421
ECL,happy,text,-0.18753343431061337,-0.43654600634299284,0.06147913772176611,0.14292557568840308
ECL,neutral,audio,-0.07738661788072443,-0.32596513787323533,0.17119190211178648,0.5403001665103845
ECL,neutral,text,0.12526061268401306,-0.1234623010092254,0.3739835263772515,0.3196851323249011
ECL,surprise,audio,-0.09654572841513918,-0.34517385579895987,0.15208239896868148,0.453411694306913
ECL,surprise,text,0.0690986479779464,-0.1794617964478299,0.3176590924037227,0.5899598757515286
ECL,disgust,audio,-0.06629801583045496,-0.31485281433817874,0.1822567826772688,0.6008237343146527
ECL,disgust,text,-0.038649824111656496,-0.2871614156848101,0.2098617674614971,0.765121959738151
ECL,anger,audio,0.22581103345467782,-0.023436571261080924,0.4750586381704366,0.08071860411407455
ECL,anger,text,0.10250327634897125,-0.1461425016360685,0.351149054334011,0.4298129720817081
ECL,sadness,audio,-0.06386180812638197,-0.3124118852334138,0.18468826898064983,0.6180894263926158
ECL,sadness,text,0.1330448748869147,-0.1157079550316916,0.381797704805521,0.3012354431465614
ECL,fear,audio,0.12299704845480058,-0.12571750373049212,0.3717116006400933,0.3455672847414057
ECL,fear,text,-0.16581332004696808,-0.41471180431775045,0.08308516422381432,0.18773681826987945
MCD,happy,audio,0.06645493347859922,-0.1775950860994404,0.31050495305663883,0.5932891025430712
MCD,happy,text,-0.09430416114736573,-0.3384231241040356,0.14981480180930412,0.44556894906789235
MCD,neutral,audio,0.16698363512070746,-0.07742755027960688,0.41139482052102183,0.18125680805742392
MCD,neutral,text,0.04938023050957307,-0.19463932514214552,0.29339978616129164,0.6911862244560062
MCD,surprise,audio,-0.030172116795307104,-0.2741681339855541,0.21382390039493993,0.8076075479988079
MCD,surprise,text,0.04815260343985123,-0.1958651078830579,0.29217031476276034,0.6965116805859233
MCD,disgust,audio,0.10617786228284432,-0.13797775046260044,0.35033347502828904,0.39334148977751704
MCD,disgust,text,0.003672793951084287,-0.2403094066211822,0.24765499452335074,0.9761946616897548
MCD,anger,audio,-0.10237410976072508,-0.3465175097202329,0.1417692901987827,0.4082534675892827
MCD,anger,text,0.043505546931553424,-0.20050560327751643,0.2875166971406233,0.7260749449155465
MCD,sadness,audio,-0.23216956362777427,-0.4769805661249799,0.012641438869431365,0.06191142152902902
MCD,sadness,text,0.03544124289546302,-0.20856010012641307,0.2794425859173391,0.7755938678751109
MCD,fear,audio,-0.1025273698618674,-0.3466712532950429,0.1416165135713081,0.40923689140523645
MCD,fear,text,-0.06358479686105731,-0.3076290680131769,0.18045947429106227,0.6075054205516545
DHR,happy,audio,0.13475292370855993,-0.11882721839719598,0.3883330658143158,0.2939772934244099
DHR,happy,text,-0.03279464431657978,-0.28610785660431853,0.22051856797115896,0.797420238206022
DHR,neutral,audio,-0.19423415353085924,-0.4481197210275414,0.059651413965822936,0.13482338763930582
DHR,neutral,text,0.04677229920286563,-0.20655829979078572,0.300102898196517,0.7184201974521504
DHR,surprise,audio,0.04354170567798256,-0.20978433214056713,0.2968677434965322,0.7381511144989243
DHR,surprise,text,0.1334070349335913,-0.12016747059115901,0.3869815404583416,0.30102945989606916
DHR,disgust,audio,-0.024004896214892997,-0.27731030313853466,0.22930051070874868,0.8519458068692978
DHR,disgust,text,0.021690137382663288,-0.23161361584841156,0.27499389061373813,0.865976882919078
DHR,anger,audio,0.05902060715602981,-0.19433024769819296,0.31237146201025257,0.64773753569318
DHR,anger,text,0.04107511139957775,-0.2122476635439669,0.2943978863431224,0.7499054465945217
DHR,sadness,audio,0.042364531010535264,-0.21095992588692714,0.2956889879079977,0.7402125647283175
DHR,sadness,text,-0.18824994655591382,-0.4420998085143297,0.06559991540250204,0.14665436665365222
DHR,fear,audio,0.00426401648200184,-0.2490326655168366,0.2575606984808403,0.973553620696337
DHR,fear,text,-0.09386887636360862,-0.3473030011390297,0.1595652484118124,0.4721120554235645
MDT,happy,audio,-0.3358367359461855,-0.7080515918268968,0.03637811993452578,0.08458740484864173
MDT,happy,text,-0.24957562491330498,-0.6206201157146124,0.12146886588800243,0.17928671061139737
MDT,neutral,audio,0.27154177766735,-0.0997683344773887,0.6428518898120887,0.1501036090823111
MDT,neutral,text,0.13890664396502525,-0.23113851168190755,0.508951799611958,0.4628467365349846
MDT,surprise,audio,0.014499171051925965,-0.3551015076145488,0.38409984971840067,0.9384662413355171
MDT,surprise,text,-0.0017291845261080637,-0.37132503382976273,0.36786666477754665,0.9927724284669767
MDT,disgust,audio,0.05792789459943136,-0.3117460761289576,0.42760186532782035,0.7574787293399474
MDT,disgust,text,0.08123794094108959,-0.2885116028998536,0.4509874847820328,0.660743285556215
MDT,anger,audio,0.11975239606226847,-0.25017742474121213,0.48968221686574903,0.5127379481021672
MDT,anger,text,0.2900111001459118,-0.0815395141810989,0.6615617144729224,0.12359214517780302
MDT,sadness,audio,-0.18552931928131447,-0.5559263753676137,0.18486773680498478,0.32805184683811933
MDT,sadness,text,-0.09160432612996135,-0.46139560492525167,0.278186952665329,0.6331242408986392
MDT,fear,audio,-0.020397138938884257,-0.3900026138478787,0.34920833597011014,0.9145952427370355
MDT,fear,text,-0.10122376839467852,-0.4710582481077276,0.2686107113183706,0.5961603512907091
ACN,happy,audio,-0.06994701893136089,-0.3433623643160819,0.2034683264533601,0.6161857105756796
ACN,happy,text,-0.09652469837518,-0.3700160265483751,0.17696662979801508,0.4917013234608904
ACN,neutral,audio,0.23773099159994107,-0.036569596758099815,0.512031579957982,0.09014651851307655
ACN,neutral,text,0.5340812676636959,0.25589234228015545,0.8122701930472364,0.00014123219442130664
ACN,surprise,audio,-0.297936303519312,-0.5727884708565348,-0.023084136182089154,0.035829812366569305
ACN,surprise,text,0.06387667782853505,-0.20952471431020492,0.33727806996727505,0.6477207302523511
ACN,disgust,audio,-0.12827722532295754,-0.4018910936463874,0.14533664300047233,0.3657878225133742
ACN,disgust,text,-0.2973231035305179,-0.5721690341641635,-0.022477172896872233,0.03481281444092057
ACN,anger,audio,-0.06124543644505963,-0.3346411734944481,0.21215030060432882,0.6648140075449933
ACN,anger,text,-0.33448741391388603,-0.6097342555015602,-0.05924057232621183,0.018275838939103936
ACN,sadness,audio,0.18539059307995137,-0.08853057820630517,0.4593117643662079,0.19237759380787303
ACN,sadness,text,-0.2242739749109986,-0.4984681014408626,0.04992015161886543,0.11106979166868373
ACN,fear,audio,0.11126488622297985,-0.1622790294371565,0.3848088018831162,0.42821078313184513
ACN,fear,text,-0.27821137658845996,-0.5528693013271385,-0.003553451849781397,0.048455758142328324
AMAT,happy,audio,-0.03306022615637235,-0.24681648067704526,0.18069602836430054,0.7605469556714417
AMAT,happy,text,0.14059961417007302,-0.0734043673549872,0.3546035956951332,0.197985309327821
AMAT,neutral,audio,-0.11637683993182325,-0.3302982830794596,0.09754460321581308,0.28459295109453575
AMAT,neutral,text,-0.1025098381660992,-0.3163910221028873,0.1113713457706889,0.34383609596539866
AMAT,surprise,audio,0.035930007905082176,-0.17782887441248563,0.24968889022265,0.7407467292566511
AMAT,surprise,text,-0.0522410871266859,-0.2660190566423263,0.16153688238895447,0.6332119458551306
AMAT,disgust,audio,-0.008191142102477624,-0.2219337799830693,0.20555149577811405,0.9396776828826617
AMAT,disgust,text,0.05158234414432579,-0.16219471770511784,0.26535940599376945,0.6351884413765777
AMAT,anger,audio,0.10646978875063512,-0.10742237226541299,0.3203619497666832,0.32238058381980245
AMAT,anger,text,0.021327881880832907,-0.19241990318745136,0.23507566694911716,0.844136392719805
AMAT,sadness,audio,0.009905995705715645,-0.20383705410368727,0.22364904551511858,0.9275306104704003
AMAT,sadness,text,0.028119326423228296,-0.1856329159730465,0.24187156881950306,0.7958390668852966
AMAT,fear,audio,0.05902661406777001,-0.15476137518614447,0.2728146033216845,0.58672153512339
AMAT,fear,text,-0.022230474807963845,-0.23597878171709186,0.1915178321011642,0.8388439992605545
CSCO,happy,audio,0.18373240696324514,-0.21894062955737834,0.5864054434838686,0.37452183914764625
CSCO,happy,text,0.05742186436608998,-0.3444976626767682,0.45934139140894814,0.7834547427155162
CSCO,neutral,audio,-0.18851926732888316,-0.5912363401981314,0.21419780554036508,0.3713246660736541
CSCO,neutral,text,-0.0889516259143878,-0.4909854098636889,0.31308215803491324,0.6699499741878603
CSCO,surprise,audio,0.01291478238193141,-0.38892722466566654,0.4147567894295293,0.952464978696592
CSCO,surprise,text,-0.1494903082441694,-0.5518812501776289,0.25290063368929006,0.47828042355309885
CSCO,disgust,audio,-0.030094083287670617,-0.4319543881165418,0.3717662215412006,0.8817983690832937
CSCO,disgust,text,0.024476435377691272,-0.3773762777034353,0.42632914845881786,0.9064544484211624
CSCO,anger,audio,-0.013509375151626153,-0.41535177130296635,0.38833302099971406,0.9482794477821265
CSCO,anger,text,-0.009455865567228836,-0.4112959563101446,0.39238422517568694,0.9635614725888977
CSCO,sadness,audio,-0.023239669891623568,-0.4250909215145155,0.37861158173126835,0.9120286172732159
CSCO,sadness,text,0.0509506253912708,-0.3509515365654044,0.45285278734794604,0.8118927294622107
CSCO,fear,audio,0.1323135572976217,-0.2699576541998664,0.5345847687951099,0.5337244489290377
CSCO,fear,text,0.17985651583903106,-0.22278169107058254,0.5824947227486447,0.39498039792410056
MA,happy,audio,-0.06010525963995157,-0.29824524746818676,0.1780347281882836,0.6272102800866447
MA,happy,text,0.18432730080005869,-0.05425513491521952,0.4229097365153369,0.13796835649802436
MA,neutral,audio,0.06264702709200194,-0.17549751133893976,0.30079156552294367,0.6109534491239635
MA,neutral,text,-0.04338815505595438,-0.2815029078177887,0.1947265977058799,0.7227794672790759
MA,surprise,audio,-0.0532910084441329,-0.2914197259888154,0.18483770910054956,0.6673852432153743
MA,surprise,text,-0.0026638578719904455,-0.24075125285376955,0.23542353710978867,0.9825568435718199
MA,disgust,audio,-0.024241813129525787,-0.26233767745934,0.21385405120028841,0.844139998535964
MA,disgust,text,0.08227063030677449,-0.15591538075736155,0.32045664137091057,0.49726876530952113
MA,anger,audio,-0.00416434183991105,-0.24225188628721336,0.23392320260739127,0.9723486089187703
MA,anger,text,-0.007463123854436001,-0.24555122785507597,0.23062498014620395,0.951061106231812
MA,sadness,audio,0.10370192119919684,-0.13454220214897727,0.34194604454737093,0.3962144995784673
MA,sadness,text,-0.26211500053993236,-0.501202467650536,-0.023027533429328784,0.03139561839500184
MA,fear,audio,-0.02421916091855602,-0.2623150092346996,0.21387668739758753,0.8437039247933754
MA,fear,text,-0.06232820123168301,-0.3004721585271664,0.1758157560638004,0.6157899625912906
NEM,happy,audio,0.10077103224752529,-0.1942227645915037,0.3957648290865543,0.5043722434043941
NEM,happy,text,0.07193843939352378,-0.22296349384303127,0.36684037263007885,0.6387582023368433
NEM,neutral,audio,-0.06458430140707855,-0.3594677094963854,0.2302991066822283,0.6648065586075158
NEM,neutral,text,-0.011660976352588443,-0.3064699192267381,0.2831479665215612,0.9391685595195592
NEM,surprise,audio,-0.01802185126034974,-0.31283427885362536,0.2767905763329259,0.9046809038943463
NEM,surprise,text,0.00025270613433444456,-0.2945537282295095,0.29505914049817833,0.9986931853211753
NEM,disgust,audio,0.04040793294008413,-0.25442863467586585,0.33524450055603416,0.788555501451357
NEM,disgust,text,0.1750767086053105,-0.12029491209652987,0.47044832930715086,0.2360513690680083
NEM,anger,audio,-0.02510974717180709,-0.3199278170084673,0.2697083226648531,0.8682743057165659
NEM,anger,text,0.11045295676404367,-0.18457855846608828,0.4054844719941756,0.4554921836299263
NEM,sadness,audio,-0.07284326591485825,-0.3677476162172748,0.22206108438755834,0.6327245327066324
NEM,sadness,text,-0.0985062410072379,-0.3934917131563165,0.1964792311418407,0.5147384998429012
NEM,fear,audio,0.09063317717002219,-0.20432482652048545,0.3855911808605298,0.5516803120429026
NEM,fear,text,-0.15589539349669884,-0.45115004382469964,0.13935925683130196,0.306851481344744
OKE,happy,audio,0.13103220505610708,-0.20881267722224,0.47087708733445416,0.45326481313299993
OKE,happy,text,-0.13124808167414304,-0.47109418068606035,0.20859801733777428,0.4474153460004127
OKE,neutral,audio,-0.3964139652449724,-0.7392536272564922,-0.053574303233452525,0.02304619074165016
OKE,neutral,text,0.15057120124920675,-0.189391900669433,0.4905343031678465,0.38669708774402195
OKE,surprise,audio,0.1260953446207501,-0.21372225781219725,0.46591294705369746,0.47171837420219676
OKE,surprise,text,-0.10297060524641323,-0.44267434798255884,0.2367331374897324,0.5501530277333949
OKE,disgust,audio,0.1667651327398772,-0.1733083454111864,0.5068386108909408,0.3341765376940419
OKE,disgust,text,0.06952115980176339,-0.2700585200098175,0.40910083961334426,0.6884695444531136
OKE,anger,audio,0.29960586584401766,-0.04179546145029783,0.6410071931383332,0.08589140359397693
OKE,anger,text,0.19262340480857026,-0.14764958548378526,0.5328963951009258,0.276697567463529
OKE,sadness,audio,0.0057955448483890835,-0.3336808979530838,0.34527198764986194,0.973284394051254
OKE,sadness,text,-0.19314233137572137,-0.533419618071796,0.14713495532035328,0.26981320224451716
OKE,fear,audio,-0.14179394693909375,-0.48170191816348823,0.19811402428530073,0.41225122337355447
OKE,fear,text,-0.036266575410120176,-0.37577058948163233,0.30323743866139197,0.834799357834335
JPM,happy,audio,0.21183075142321106,-0.024486997926304932,0.44814850077272705,0.07708479102385668
JPM,happy,text,0.19508208273940847,-0.04113437903079775,0.4312985445096147,0.10347664728156283
JPM,neutral,audio,-0.035850438719280536,-0.2715196508893167,0.1998187734507556,0.7650425021195456
JPM,neutral,text,-0.15319294847742893,-0.38919244467136627,0.08280654771650844,0.2001734392646437
JPM,surprise,audio,0.00468609134208504,-0.23096429747981337,0.24033648016398343,0.9688320836750347
JPM,surprise,text,-0.16680212437241637,-0.402866406721894,0.06926215797706126,0.16386131395526177
JPM,disgust,audio,-0.14408352331648644,-0.3800427241276278,0.09187567749465492,0.22935351097021342
JPM,disgust,text,-0.025412761754007862,-0.26107244624244175,0.210246922734426,0.8317028357274387
JPM,anger,audio,-0.022634695473268206,-0.2582923910874465,0.2130230001409101,0.8500910124227858
JPM,anger,text,-0.13248834049572472,-0.36839981362088764,0.1034231326294382,0.27032430061785967
JPM,sadness,audio,-0.030113464042717187,-0.2657770376373232,0.20555010955188882,0.8013885774649898
JPM,sadness,text,0.010820499089427546,-0.22483130714824795,0.24647230532710307,0.9279605456965965
JPM,fear,audio,-0.03729402934338858,-0.2729648147680327,0.19837675608125555,0.7552820883144946
JPM,fear,text,0.21694162344927975,-0.01940868506968446,0.45329193196824397,0.07066917792026711
CMG,happy,audio,-0.07962358122339196,-0.29601646689135624,0.1367693044445723,0.4754176899318387
CMG,happy,text,0.008251019094920587,-0.2080578842520381,0.2245599224418793,0.9411088729237481
CMG,neutral,audio,0.19962633028000468,-0.01721472631299245,0.4164673868730018,0.07334613036054427
CMG,neutral,text,0.03400331871657562,-0.18232015767216214,0.2503267951053134,0.7578199523240896
CMG,surprise,audio,-0.1320635283332825,-0.34860497901254295,0.08447792234597795,0.2354843158866227
CMG,surprise,text,-0.131800540049078,-0.3483410623425941,0.08473998224443807,0.23447810148691678
CMG,disgust,audio,-0.10077207525316872,-0.3172160306107611,0.11567188010442361,0.369206130178867
CMG,disgust,text,-0.0014574134780212878,-0.21776543348505584,0.21485060652901328,0.9894355406691309
CMG,anger,audio,0.02893974232991208,-0.1873794657309307,0.24525895039075488,0.7940120476834057
CMG,anger,text,0.08376739754570914,-0.13263455230003815,0.3001693473914564,0.4500420208882249
CMG,sadness,audio,-0.05249819083612561,-0.2688430912849978,0.16384670961274655,0.6351390815434489
CMG,sadness,text,0.046997869303504185,-0.1693397027891303,0.2633354413961387,0.6690802084795483
CMG,fear,audio,0.026298292431427204,-0.19001896156267886,0.24261554642553326,0.8151442645182494
CMG,fear,text,0.006546390770870028,-0.20976217474993747,0.2228549562916775,0.9526413113748801
MTCH,happy,audio,0.12944440408996166,-0.19653258555259417,0.4554213937325175,0.4398982428579008
MTCH,happy,text,0.14651845156369797,-0.1795450150700612,0.47258191819745715,0.38330904014712813
MTCH,neutral,audio,0.054338366126032364,-0.2713851575923408,0.38006188984440553,0.748036318211252
MTCH,neutral,text,0.0575019212392692,-0.2682281019533107,0.38323194443184905,0.7247990531238067
MTCH,surprise,audio,-0.24768481065374853,-0.5744792911918747,0.07910966988437762,0.15194027229685994
MTCH,surprise,text,-0.05531203261067776,-0.38103751755670023,0.27041345233534475,0.7365440648104395
MTCH,disgust,audio,-0.08119234808098966,-0.406982723234217,0.24459802707223774,0.6299623922916996
MTCH,disgust,text,-0.1264905492422751,-0.45245366177407265,0.19947256328952245,0.44446094641456
MTCH,anger,audio,0.19058203409984342,-0.13575389935681798,0.5169179675565048,0.2593879516751872
MTCH,anger,text,0.006563045148259848,-0.31910702515154055,0.3322331154480602,0.967173528621476
MTCH,sadness,audio,-0.1332797363792842,-0.4592752213360714,0.192715748577503,0.42336476582444643
MTCH,sadness,text,0.0015858565868763063,-0.3240834685284,0.3272551817021526,0.9923439967166685
MTCH,fear,audio,0.03433358535448645,-0.2913573508922188,0.3600245216011917,0.8395960780758875
MTCH,fear,text,-0.10730103467629722,-0.4331817832364291,0.21857971388383468,0.5258253784014424
V,happy,audio,-0.17033039924412585,-0.4404304959448427,0.09976969745659098,0.21428577002036978
V,happy,text,-0.09284431803565309,-0.3626061768411397,0.17691754076983357,0.4961385780655896
V,neutral,audio,0.14844470699399523,-0.12153971988164089,0.4184291338696313,0.2771220220261534
V,neutral,text,0.08417322329080389,-0.18556315915763377,0.3539096057392416,0.5407442511858196
V,surprise,audio,0.10241927038133798,-0.1673736168322254,0.37221215759490134,0.45811301807908145
V,surprise,text,0.09341126810420677,-0.1763523432870909,0.3631748794955044,0.4980708239152123
V,disgust,audio,0.013166807978084767,-0.25645482543155446,0.282788441387724,0.9222696901096082
V,disgust,text,-0.08927562851434263,-0.35902670029828687,0.18047544326960163,0.515552387590366
V,anger,audio,-0.07549357557353725,-0.3452069540496624,0.1942198029025879,0.5897657415767069
V,anger,text,-0.12540706285641673,-0.3952868476907242,0.14447272197789074,0.3673958709712349
V,sadness,audio,0.04068893141003506,-0.2289573139767196,0.3103351767967897,0.7688599095522051
V,sadness,text,-0.04659957130859241,-0.3162543830765716,0.22305524045938677,0.7345246136704983
V,fear,audio,-0.20418147222122573,-0.4744916328916366,0.06612868844918512,0.14045787520243866
V,fear,text,0.05095432984397629,-0.21870753538054116,0.32061619506849376,0.7154112920693485
WY,happy,audio,0.15059670902675223,-0.12601765426902925,0.42721107232253375,0.29054623063577284
WY,happy,text,0.003945864523362978,-0.27229444505385253,0.2801861741005785,0.977827439939763
WY,neutral,audio,-0.04200900824134563,-0.3182782052362262,0.23426018875353494,0.7675868121968054
WY,neutral,text,0.05092818049450344,-0.22535470491386767,0.3272110659028745,0.733162429850499
WY,surprise,audio,0.09897156136021809,-0.17743022060634348,0.37537334332677963,0.49886832456521235
WY,surprise,text,0.15950145857107784,-0.11715844468950981,0.4361613618316655,0.25854182954428145
WY,disgust,audio,-0.10059668750315896,-0.37700382269766414,0.17581044769134618,0.47554447516577447
WY,disgust,text,-0.020564998440297244,-0.2968120355670772,0.2556820386864827,0.8889656170373028
WY,anger,audio,0.1216997858661658,-0.15478476893962312,0.39818434067195474,0.3888041160379591
WY,anger,text,-0.08217676654912874,-0.35852832698938947,0.19417479389113196,0.5731178585001488
WY,sadness,audio,-0.3079133666643844,-0.5857148652088819,-0.030111868119886864,0.03445628115358915
WY,sadness,text,-0.10230682105675168,-0.37871968352700036,0.17410604141349703,0.47390710311353257
WY,fear,audio,-0.02490116485179159,-0.3011514579180043,0.25134912821442107,0.8630563576113255
WY,fear,text,-0.09998392481073552,-0.376389031314394,0.17642118169292292,0.48938249942001455
ROST,happy,audio,0.10797637249331812,-0.08429561551638823,0.3002483605030245,0.27353593286093014
ROST,happy,text,0.005950554106244422,-0.1861836449983533,0.19808475321084215,0.9513669840461918
ROST,neutral,audio,-0.07862331688665049,-0.2708303877092991,0.11358375393599816,0.4257723513945211
ROST,neutral,text,0.27911653505955747,0.08606110767585015,0.47217196244326476,0.004474823245383032
ROST,surprise,audio,0.15659439023279173,-0.03582996417097084,0.3490187446365543,0.11291645522144297
ROST,surprise,text,-0.07618695956574056,-0.2683895592860117,0.11601564015453056,0.43506512360953686
ROST,disgust,audio,0.02450775960681281,-0.16763314211375577,0.2166486613273814,0.8015606619623626
ROST,disgust,text,-0.15067898425882992,-0.34308181521234427,0.04172384669468446,0.11822562396488866
ROST,anger,audio,0.0003806378606400458,-0.1917531430592967,0.1925144187805768,0.9969382619052781
ROST,anger,text,-0.10634662772383607,-0.29861447654520257,0.08592122109753039,0.2743264152461122
ROST,sadness,audio,-0.12984541707370226,-0.3221790268296723,0.062488192682267796,0.1866431082702058
ROST,sadness,text,-0.03767902699196857,-0.22982964125734096,0.15447158727340382,0.7002349186110685
ROST,fear,audio,-0.09686740556687101,-0.28911242555752825,0.09537761442378623,0.3227292378527664
ROST,fear,text,-0.18954870503815452,-0.38210807808390174,0.0030106680075926984,0.05308209792849989
NFLX,happy,audio,-0.2073759176518123,-0.6761703222959594,0.26141848699233483,0.3860390228411876
NFLX,happy,text,-0.4394940248924973,-0.9128232777784291,0.03383522799343458,0.06874045348819699
NFLX,neutral,audio,0.15023057308674367,-0.3179432397126458,0.6184043858861331,0.5311771828649484
NFLX,neutral,text,0.23799560615023976,-0.23121247789729552,0.7072036901977751,0.3179357910312566
NFLX,surprise,audio,-0.15211839998527749,-0.6203095576201385,0.31607275764958354,0.5202249716309848
NFLX,surprise,text,0.4131545525397744,-0.05949917990916659,0.8858082849887154,0.08477433622447524
NFLX,disgust,audio,0.07442374600184376,-0.3932322562532871,0.5420797482569746,0.7537160303640085
NFLX,disgust,text,-0.26839449108858443,-0.7380691015081453,0.2012801193309764,0.2593779698749565
NFLX,anger,audio,0.0033738932287804817,-0.4641139206919314,0.4708617071494923,0.9886366468782387
NFLX,anger,text,-0.2960066264494317,-0.7661530688395171,0.1741398159406536,0.21190566414303294
NFLX,sadness,audio,-0.10153998124212651,-0.5693411188880271,0.366261156403774,0.6706669182325462
NFLX,sadness,text,-0.10060756423951941,-0.5684029695087012,0.3671878410296623,0.673643432905602
NFLX,fear,audio,0.31623284827427967,-0.15428817416785812,0.7867538707164174,0.18117069430785862
NFLX,fear,text,0.20478679433255015,-0.2639752234625334,0.6735488121276336,0.39112022743607494
SHW,happy,audio,-0.05726845044741805,-0.24376083830075285,0.12922393740591676,0.5466468685589356
SHW,happy,text,0.022364868047239136,-0.16409487546626234,0.20882461156074061,0.8138711429963761
SHW,neutral,audio,0.16576597768260518,-0.021010376135618458,0.3525423315008288,0.08155760259999406
SHW,neutral,text,0.13246133611258512,-0.05419851609638979,0.31912118832156,0.16372968865669627
SHW,surprise,audio,-0.15350069482480067,-0.34023112579389386,0.03322973614429253,0.1065886025601642
SHW,surprise,text,0.03846066830128859,-0.14801057437486745,0.2249319109774446,0.6856834004301223
SHW,disgust,audio,-0.013046946039813578,-0.19950281382926732,0.17340892174964018,0.8907726560950557
SHW,disgust,text,-0.16547614871770497,-0.3522513768093098,0.021299079373899854,0.08209123031496383
SHW,anger,audio,-0.11959754440738207,-0.3062193487314506,0.06702425991668651,0.20855251055704135
SHW,anger,text,-0.11749031081373212,-0.3041062519663047,0.06912563033884042,0.2167468183307908
SHW,sadness,audio,0.12200665626907538,-0.06462197863032061,0.3086352911684714,0.199528940672797
SHW,sadness,text,-0.17423133467746915,-0.36104143476800976,0.01257876541307143,0.067193289299557
SHW,fear,audio,0.041186314182048114,-0.1452874782000355,0.22766010656413171,0.6646113191738398
SHW,fear,text,-0.010913806745958597,-0.19736907417715527,0.17554146068523807,0.9085407605347346
KHC,happy,audio,-0.16912996115246895,-0.4846204121767539,0.14636048987181596,0.294179077087986
KHC,happy,text,-0.04981588322884439,-0.3647810142730616,0.2651492478153728,0.7561467678254347
KHC,neutral,audio,-0.24899197859842556,-0.5651526474576836,0.06716869026083247,0.12276507519502426
KHC,neutral,text,0.05921712291222891,-0.25576863752424844,0.37420288334870627,0.7121801332514387
KHC,surprise,audio,0.19373611250730025,-0.12193368812566271,0.5094059131402632,0.22793995488485239
KHC,surprise,text,-0.04769243618709716,-0.3626534000391908,0.2672685276649964,0.7661842957545164
KHC,disgust,audio,0.2608378548153245,-0.05544387984288779,0.5771195894735368,0.1043632201691895
KHC,disgust,text,-0.06959115903447255,-0.3846038101708821,0.24542149210193698,0.6645347975779665
KHC,anger,audio,0.06976401787966015,-0.24524911799401228,0.38477715375333255,0.6640582955988441
KHC,anger,text,-0.12856716876339652,-0.44381490100406856,0.18668056347727552,0.4210134162239181
KHC,sadness,audio,0.09313488419520151,-0.22195485216474387,0.40822462055514686,0.5621312410525571
KHC,sadness,text,-0.09294790886319165,-0.4080369452574088,0.2221411275310255,0.5614418582233067
KHC,fear,audio,-0.030501785847355266,-0.34543569461372925,0.28443212291901876,0.8492243774822641
KHC,fear,text,0.180059373537126,-0.1355077498446806,0.49562649691893257,0.2627610625409008
KDP,happy,audio,0.018110880237093046,-0.2802696754993042,0.31649143597349033,0.9056929551925552
KDP,happy,text,0.06187216122269218,-0.23657185545318205,0.3603161778985664,0.6909877446103918
KDP,neutral,audio,0.26982971188404653,-0.029862228278860092,0.5695216520469532,0.08626933673166136
KDP,neutral,text,0.3132279252879673,0.013079514417006,0.6133763361589286,0.03957567785659852
KDP,surprise,audio,-0.41302936708726185,-0.7144814980382732,-0.11157723613625048,0.011115860316405197
KDP,surprise,text,0.1355137543544252,-0.16319366495115728,0.4342211736600077,0.3819936593633186
KDP,disgust,audio,-0.18226118567355842,-0.48123755474666574,0.1167151833995489,0.22935552724792974
KDP,disgust,text,-0.2569235026278546,-0.556492683308998,0.04264567805328884,0.09894529028486211
KDP,anger,audio,0.01135856928733075,-0.2870183782389429,0.3097355168136044,0.9413962747509506
KDP,anger,text,-0.21265771278128712,-0.5118512382298279,0.08653581266725366,0.16883232884515728
KDP,sadness,audio,-0.008854468957050029,-0.30723049867079766,0.28952156075669755,0.9546215432029288
KDP,sadness,text,-0.16414630500142843,-0.4630090936084501,0.1347164836055932,0.29009905947018416
KDP,fear,audio,0.27703473788857,-0.02272832754060844,0.5767978033177485,0.08069265974162618
KDP,fear,text,-0.27770865314031623,-0.5774784661747694,0.022061159894136928,0.07168123855050043
BKNG,happy,audio,0.14752065584217555,-0.09691307817747005,0.3919543898618212,0.23656408260955053
BKNG,happy,text,0.11270362636961676,-0.13159074504476187,0.3569979977839954,0.3641893875847428
BKNG,neutral,audio,0.0891806342708621,-0.15504065848484244,0.3334019270265666,0.47371531432136516
BKNG,neutral,text,0.20318209941699147,-0.04155162691152586,0.4479158257455088,0.10488466203821661
BKNG,surprise,audio,0.01558206283859777,-0.22852053226657354,0.2596846579437691,0.9000195270173073
BKNG,surprise,text,-0.17569292695891356,-0.4202666422792086,0.06888078836138148,0.15722938156090072
BKNG,disgust,audio,-0.17767464626292523,-0.4222591235968841,0.06690983107103368,0.1523559413241172
BKNG,disgust,text,-0.24527616886497008,-0.4902996536679953,-0.00025268406194484117,0.047780468666569875
BKNG,anger,audio,-0.12680657720151592,-0.3711529145099248,0.11753976010689299,0.30704902690347136
BKNG,anger,text,-0.11463415693003148,-0.35893528097326394,0.12966696711320097,0.3563863539231431
BKNG,sadness,audio,-0.0916949080381372,-0.33592319996643116,0.1525333838901568,0.46167627136283124
BKNG,sadness,text,-0.0727841052373024,-0.31696452191108554,0.1713963114364807,0.5582628212282418
BKNG,fear,audio,-0.019329250700373102,-0.2634338601860456,0.2247753587852994,0.8767050865294037
BKNG,fear,text,-0.042804816775171096,-0.28693188544315495,0.20132225189281275,0.7292308538048549
KVUE,happy,audio,0.01012284518947576,-0.5005002863825556,0.520745976761507,0.9685678495893821
KVUE,happy,text,0.18887402727339003,-0.32293174960247323,0.7006798041492532,0.4608955120747523
KVUE,neutral,audio,0.0015514182320809078,-0.5090683825594624,0.5121712190236243,0.9951275932697726
KVUE,neutral,text,0.03146235295718906,-0.47919031603698753,0.5421150219513656,0.9037758107299423
KVUE,surprise,audio,0.056698491970625334,-0.45402822343665966,0.5674252073779104,0.8250027142941497
KVUE,surprise,text,-0.0036176659564941325,-0.5142378222652677,0.5070024903522794,0.9889311597776465
KVUE,disgust,audio,-0.2911564358909491,-0.8045901470867337,0.22227727530483554,0.2574716347072942
KVUE,disgust,text,-0.41504047491649065,-0.9313622017089647,0.10128125187598336,0.11830046981423024
KVUE,anger,audio,-0.19235535385197713,-0.7042052034332548,0.31949449572930055,0.48128817260965145
KVUE,anger,text,-0.13600587988899066,-0.6472409455185093,0.37522918574052805,0.6068558454531076
KVUE,sadness,audio,0.04923917366836694,-0.46146124301915026,0.5599395903558841,0.8530928413745765
KVUE,sadness,text,0.020337164562537237,-0.4902963231288025,0.530970652253877,0.9372374621223929
KVUE,fear,audio,0.2485070456951554,-0.26416417130512004,0.7611782626954308,0.36112967850200545
KVUE,fear,text,-0.026586416319301257,-0.5372296644234819,0.48405683178487935,0.9188553160591584
BKR,happy,audio,0.11069005917467299,-0.1554452735959892,0.3768253919453352,0.41610216489314483
BKR,happy,text,-0.06709255928934019,-0.33310271996317553,0.19891760138449519,0.6277614728341718
BKR,neutral,audio,0.10520848311380462,-0.16090774121626492,0.37132470744387414,0.44662376712411234
BKR,neutral,text,0.27068437140084234,0.0035656866145435395,0.5378030561871412,0.04828700117304724
BKR,surprise,audio,-0.31135559880293734,-0.5788548089704265,-0.04385638863544816,0.02847007592474596
BKR,surprise,text,-0.009242407866196558,-0.27518122657364436,0.2566964108412512,0.9460444963176313
BKR,disgust,audio,0.2881849501489343,0.020908980253392273,0.5554609200444763,0.029942278068182983
BKR,disgust,text,-0.20171830596684376,-0.4683123920196615,0.064875780085974,0.14039984702650357
BKR,anger,audio,-0.15355316293912274,-0.41987130271778805,0.11276497683954256,0.27119701399830143
BKR,anger,text,-0.17341234547410472,-0.4398352304694799,0.09301053952127047,0.21145401379509862
BKR,sadness,audio,0.11620896644870715,-0.14994658364883823,0.38236451654625253,0.40148834732885513
BKR,sadness,text,-0.11824746850189098,-0.384410734533806,0.14791579753002398,0.38410746174148097
BKR,fear,audio,0.1643983722479582,-0.10197539762498051,0.4307721421208969,0.24582832934289087
BKR,fear,text,-0.1010571853451538,-0.3671595833171312,0.16504521262682365,0.45805211074787094
ADP,happy,audio,0.2683426478457053,0.03941654084096191,0.49726875485044864,0.020415886160098363
ADP,happy,text,0.11186051073521483,-0.11623627938830428,0.33995730085873394,0.34336119463531384
ADP,neutral,audio,-0.105607610321006,-0.3336854104867491,0.1224701898447371,0.36279817001409914
ADP,neutral,text,0.1531047215524966,-0.07514462674610131,0.38135406985109455,0.18887498201559375
ADP,surprise,audio,0.09344872035503081,-0.13459527589019038,0.321492716600252,0.41688032641106815
ADP,surprise,text,0.06531527604730084,-0.16266632320161953,0.29329687529622117,0.5681906720317406
ADP,disgust,audio,-0.09262055793527199,-0.320662401787454,0.13542128591691,0.4251019004596946
ADP,disgust,text,-0.20938349547145962,-0.4379173595527325,0.0191503686098132,0.0725754531153613
ADP,anger,audio,-0.14821553292206255,-0.37644432122054244,0.08001325537641735,0.20373771493694115
ADP,anger,text,-0.2813231456588972,-0.5103485067918944,-0.05229778452590006,0.014791811744443216
ADP,sadness,audio,0.06107043426218634,-0.16690366924171196,0.28904453776608463,0.5982810066581337
ADP,sadness,text,-0.1916050353541711,-0.4200395150966376,0.03682944438829544,0.09747755679352778
ADP,fear,audio,-0.10547926909001726,-0.33355669090660856,0.12259815272657401,0.357109363107345
ADP,fear,text,-0.08678224572753165,-0.3148094589200059,0.1412449674649426,0.455030063668159
NVDA,happy,audio,-0.18177679332390992,-0.4543386192288491,0.0907850325810293,0.1965149369005853
NVDA,happy,text,0.06891779615321281,-0.2031608424983845,0.3409964348048101,0.620858407063438
NVDA,neutral,audio,0.021688727239073977,-0.2503167559056027,0.2936942103837507,0.8748529510826918
NVDA,neutral,text,0.20336958021824264,-0.06933410919796745,0.47607326963445273,0.1427502784927326
NVDA,surprise,audio,0.17972497398190368,-0.09282419556280413,0.4522741435266115,0.19448113702989783
NVDA,surprise,text,0.11667159864600185,-0.15555848678583556,0.38890168407783926,0.40181486474701955
NVDA,disgust,audio,0.053868277630183904,-0.21817877341535227,0.3259153286757201,0.6951944699187736
NVDA,disgust,text,0.07355635345551648,-0.1985335813283211,0.34564628823935406,0.5972479983445246
NVDA,anger,audio,-0.06872959807485036,-0.3408077939308278,0.20334859778112707,0.6334974723302493
NVDA,anger,text,-0.1009814508656084,-0.3731531895778176,0.17119028784660084,0.4688809954516568
NVDA,sadness,audio,-0.08048196992073177,-0.35259013838846975,0.19162619854700624,0.5647244558816739
NVDA,sadness,text,-0.453942248591012,-0.7294404683363548,-0.17844402884566923,0.0012289778309947119
NVDA,fear,audio,0.04286715970514935,-0.22916169822187335,0.31489601763217206,0.7573228566198847
NVDA,fear,text,-0.22651998203821574,-0.4993933408714384,0.04635337679500692,0.10477380526201892
ABT,happy,audio,0.1995155439669049,-0.06828859786262698,0.4673196857964368,0.14198286866562526
ABT,happy,text,0.02333114415035268,-0.24386673625155234,0.2905290245522577,0.8647540307438458
ABT,neutral,audio,-0.05625530672300385,-0.323493691289695,0.21098307784368733,0.6891146405099597
ABT,neutral,text,0.08947820402297169,-0.17783500594034857,0.35679141398629194,0.5209672362179488
ABT,surprise,audio,-0.0802419405644116,-0.34753092681581726,0.1870470456869941,0.5720746328975935
ABT,surprise,text,0.1293543274709967,-0.13809368768845773,0.3968023426304511,0.34793591033940735
ABT,disgust,audio,-0.14054401914649234,-0.4080386736924785,0.1269506353994938,0.32375855941033155
ABT,disgust,text,0.0026483435349169697,-0.2645412302267742,0.2698379172966082,0.9844832782196848
ABT,anger,audio,0.14291410509940647,-0.12459092332625868,0.41041913352507164,0.30576452575478336
ABT,anger,text,-0.02146299272849701,-0.2886595794916388,0.2457335940346448,0.8741152434831243
ABT,sadness,audio,-0.15145362429898485,-0.4189974652492313,0.11609021665126162,0.261683865558445
ABT,sadness,text,-0.21497353031774388,-0.48287647746961926,0.05292941683413152,0.11185568891943501
ABT,fear,audio,-0.00854202861108323,-0.2757326219563955,0.25864856473422904,0.951403294876821
ABT,fear,text,-0.1691930525027793,-0.4368246969624632,0.09843859195690455,0.22501457011017112
CTAS,happy,audio,-0.05659970367356063,-0.26154209619732594,0.14834268885020466,0.5876199722364902
CTAS,happy,text,-0.08244266433205327,-0.2874315015356375,0.12254617287153097,0.4296685502281779
CTAS,neutral,audio,0.08390648366606898,-0.12108550057615464,0.2888984679082926,0.4217555515360587
CTAS,neutral,text,0.34515172112879217,0.13871619688113704,0.5515872453764473,0.0010294288585872076
CTAS,surprise,audio,0.05757762545977362,-0.14736621043584117,0.2625214613553884,0.5812150394763265
CTAS,surprise,text,-0.19238193752610067,-0.39776088982975477,0.012997014777553412,0.06582729220069111
CTAS,disgust,audio,-0.07252769564987722,-0.2774966738077653,0.13244128250801085,0.4873164892068057
CTAS,disgust,text,-0.0011726324815203638,-0.2060736268027267,0.20372836183968598,0.9910291692921472
CTAS,anger,audio,-0.09580850246982861,-0.3008281285125157,0.10921112357285853,0.3590100660576669
CTAS,anger,text,-0.05678054657371234,-0.26172320415147143,0.14816211100404678,0.5864868754081654
CTAS,sadness,audio,-0.02866531462480035,-0.2335769151092181,0.1762462858596174,0.7835086902130034
CTAS,sadness,text,-0.058057077604935024,-0.263001630180734,0.146887474970864,0.5779939793215205
CTAS,fear,audio,-0.039503680227213955,-0.24442483287145209,0.16541747241702418,0.7049656662299041
CTAS,fear,text,-0.2777434621538754,-0.48363942715824787,-0.07184749714950295,0.008090637525531082
CSGP,happy,audio,-0.02946768150510601,-0.3478747499532841,0.28893938694307203,0.8571318846150794
CSGP,happy,text,0.1561087867051601,-0.16277525693130873,0.4749928303416289,0.3391994184295039
CSGP,neutral,audio,0.10848591948273802,-0.21014247516430107,0.4271143141297771,0.50817952800788
CSGP,neutral,text,0.01830769726503981,-0.30008854193108114,0.3367039364611608,0.9104302060665951
CSGP,surprise,audio,-0.12528109355133937,-0.4439891655740372,0.19342697847135848,0.4452467309666109
CSGP,surprise,text,-0.23084756306106982,-0.5503175861450537,0.08862246002291399,0.15773098663671878
CSGP,disgust,audio,-0.11802572106813838,-0.43669797096229446,0.20064652882601772,0.4702471293287554
CSGP,disgust,text,-0.19232109159048638,-0.5114609176418068,0.12681873446083403,0.23791163873785706
CSGP,anger,audio,0.026034976162346214,-0.2923682225947113,0.34443817491940376,0.8738987715898342
CSGP,anger,text,0.10288192500495764,-0.21572242742113779,0.42148627743105305,0.5261948220903915
CSGP,sadness,audio,0.014030988869241567,-0.3043624411954812,0.3324244189339644,0.9315079912671022
CSGP,sadness,text,0.10617092293033506,-0.2124473856104148,0.42478923147108494,0.5147500446804792
CSGP,fear,audio,0.10427366107321615,-0.21433654334719374,0.422883865493626,0.5229546243249997
CSGP,fear,text,-0.021695502921562988,-0.34009449475805226,0.2967034889149263,0.8941361599578267
CTVA,happy,audio,-0.2692157593010865,-0.5586738684927699,0.020242349890596867,0.06901784326639893
CTVA,happy,text,-0.03938695507094653,-0.3275598325811182,0.24878592243922515,0.7900414386411925
CTVA,neutral,audio,0.11589105464705342,-0.17249748643425816,0.40427959572836497,0.43121209954477335
CTVA,neutral,text,0.2666785959099272,-0.022754928970174892,0.5561121207900293,0.0683661230963182
CTVA,surprise,audio,0.029140748261830055,-0.25901937709545436,0.31730087361911447,0.8441054793899587
CTVA,surprise,text,0.23315625754284028,-0.05597413155391337,0.5222866466395939,0.11668831544355121
CTVA,disgust,audio,0.06426485175661378,-0.22395485313357416,0.3524845566468017,0.6602350491895331
CTVA,disgust,text,-0.16554195965619978,-0.454183973388422,0.12310005407602242,0.25973640287718186
CTVA,anger,audio,0.1628620525532978,-0.12576400318246814,0.4514881082890637,0.26557139587748624
CTVA,anger,text,-0.35640008066738366,-0.6468426999667056,-0.06595746136806174,0.014601042421758316
CTVA,sadness,audio,-0.04263240463142284,-0.33081011642606917,0.2455453071632235,0.7705302996662948
CTVA,sadness,text,-0.42854604792269785,-0.7200073251111215,-0.13708477073427416,0.0035439489144851147
CTVA,fear,audio,-0.18764547624330705,-0.47642900362651996,0.1011380511399059,0.20129453375706813
CTVA,fear,text,-0.10494226363530466,-0.3932869230091819,0.18340239573857253,0.47508010705014925
CI,happy,audio,0.11685645533191279,-0.09950783410578766,0.3332207447696132,0.2894308137833848
CI,happy,text,-0.0710572068274171,-0.28730482272769453,0.14519040907286035,0.517618197741722
CI,neutral,audio,-0.07010864255343555,-0.2863544426410817,0.14613715753421058,0.5260868404838711
CI,neutral,text,0.10073554207988025,-0.11558120082787368,0.31705228498763416,0.3593041281146769
CI,surprise,audio,0.13865297642581667,-0.07778677998482497,0.3550927328364583,0.20993563501447216
CI,surprise,text,0.05404741685994353,-0.16217134051787144,0.2702661742377585,0.6239817184103987
CI,disgust,audio,0.05389775170817838,-0.16232078656332877,0.2701162899796855,0.6278678501700953
CI,disgust,text,0.0980662425538036,-0.11824330654660804,0.31437579165421525,0.37527414665246656
CI,anger,audio,-0.005895889241248814,-0.2220754976038281,0.21028371912133048,0.9573240142282264
CI,anger,text,0.005125915948485972,-0.2110535772975049,0.22130540919447683,0.9630100953240768
CI,sadness,audio,-0.11050564144937146,-0.32685036021956104,0.10583907732081814,0.31515420226517665
CI,sadness,text,-0.11923661112868784,-0.33560851643635997,0.0971352941789843,0.2801187128353933
CI,fear,audio,-0.16735962698761622,-0.3839183676740291,0.04919911369879662,0.12887685143244698
CI,fear,text,-0.12461438098456921,-0.34100405812276874,0.09177529615363032,0.25574696206833775
BLK,happy,audio,0.3189723980469825,-0.06397749828999405,0.7019222943839591,0.10260261186638228
BLK,happy,text,0.1582985904669684,-0.22293806672566427,0.539535247659601,0.4093160099506704
BLK,neutral,audio,0.2657982080439904,-0.11645791864399835,0.6480543347319792,0.1798930815667717
BLK,neutral,text,-0.22602780131993086,-0.607846866374981,0.15579126373511923,0.24329737949958793
BLK,surprise,audio,-0.3548577365154291,-0.7383462714386282,0.028630798407769942,0.07085276164199551
BLK,surprise,text,-0.09306978109396453,-0.47393912049640663,0.2877995583084776,0.6397039663421046
BLK,disgust,audio,-0.19247385630312355,-0.5739788422252252,0.18903112961897814,0.33435399928395965
BLK,disgust,text,0.0565788867360242,-0.3241680394213236,0.43732581289337197,0.7846703106688946
BLK,anger,audio,-0.29076583242056847,-0.6733321571102475,0.09180049226911058,0.14016145563547414
BLK,anger,text,0.11617945594461032,-0.26479825049237654,0.4971571623815972,0.561831348765084
BLK,sadness,audio,0.01671098207954005,-0.363970428348633,0.3973923925077131,0.9283850297772224
BLK,sadness,text,0.3344261930652915,-0.04874872324645951,0.7176011093770425,0.08016057781380088
BLK,fear,audio,0.07019961351359086,-0.3105860263428255,0.45098525337000717,0.7172381851073669
BLK,fear,text,-0.06109460500074309,-0.4418534446628255,0.3196642346613393,0.7489484507302772
EXC,happy,audio,0.37137359135904496,0.049398222255293,0.6933489604627969,0.023343208397210366
EXC,happy,text,-0.011260086090894982,-0.33043691272015735,0.30791674053836743,0.9447502043272151
EXC,neutral,audio,0.020338670450875573,-0.2988440080290275,0.3395213489307786,0.8999099863516691
EXC,neutral,text,0.1082430117839523,-0.21117014697984215,0.42765617054774674,0.5059470671020706
EXC,surprise,audio,0.020525069366217435,-0.2986577644891755,0.33970790322161043,0.8988889240001021
EXC,surprise,text,0.1131383685092608,-0.20629688037349309,0.43257361739201466,0.4877009842313071
EXC,disgust,audio,0.17253470165655707,-0.1472462092171176,0.4923156125302317,0.2905112687613913
EXC,disgust,text,0.02354511295166423,-0.2956404358242796,0.3427306617276081,0.8844801698818885
EXC,anger,audio,0.05984907103845736,-0.25939822887360925,0.379096370950524,0.7108094244255544
EXC,anger,text,-0.01812778946188058,-0.33730873313987714,0.30105315421611595,0.9110346170023425
EXC,sadness,audio,-0.39485736359719553,-0.7171963965655714,-0.07251833062881957,0.015590462600452777
EXC,sadness,text,-0.107446067233388,-0.4268557221409355,0.21196358767415946,0.5073675221629218
EXC,fear,audio,-0.1809281336236478,-0.5007694435635455,0.13891317631624994,0.2647978042971032
EXC,fear,text,-0.21678828260208238,-0.5369197906085068,0.10334322540434204,0.183238355842409
MLM,happy,audio,-0.024503837972911696,-0.2978173262881666,0.24880965034234323,0.872148128594678
MLM,happy,text,0.3392651992414771,0.06413314288694483,0.6143972555960093,0.021027892241586233
MLM,neutral,audio,0.2481420721177501,-0.026141345271908117,0.5224254895074083,0.07824146776416248
MLM,neutral,text,0.09650891265992731,-0.17694339462639816,0.36996121994625275,0.4922366609641101
MLM,surprise,audio,-0.15986035148013197,-0.43357121886261785,0.11385051590235393,0.26075339460336067
MLM,surprise,text,-0.08930572003294752,-0.36273670835001287,0.18412526828411785,0.5275900096338345
MLM,disgust,audio,-0.215705509574638,-0.48974991163159265,0.05833889248231669,0.13550336423112463
MLM,disgust,text,-0.3155040620670736,-0.5903897218006824,-0.04061840233346481,0.026434961187036702
MLM,anger,audio,-0.16241742645259846,-0.4361414066914533,0.11130655378625634,0.27089265503756593
MLM,anger,text,-0.17872958461039365,-0.45254209594650363,0.09508292672571636,0.19398271881643736
MLM,sadness,audio,-0.09569327405275911,-0.36914308443180627,0.17775653632628802,0.5000918749958418
MLM,sadness,text,-0.2995146094535907,-0.5742444148565822,-0.024784804050599296,0.031735007389310045
MLM,fear,audio,0.17863596264335835,-0.09517601650668256,0.45244794179339926,0.22039192423889017
MLM,fear,text,-0.026982071495013624,-0.30029759307468973,0.24633345008466245,0.8492833425660026
JNJ,happy,audio,0.05164655598287328,-0.20687936305375038,0.3101724750194969,0.6947086112596758
JNJ,happy,text,-0.26408197935518557,-0.5237055943266369,-0.004458364383734259,0.04570892910888829
JNJ,neutral,audio,-0.2646423312748115,-0.5242707847190717,-0.005013877830551239,0.04519142769716814
JNJ,neutral,text,0.23712728435539382,-0.02227560111833915,0.4965301698291268,0.07270306996771723
JNJ,surprise,audio,0.2720439410679451,0.012350623203688627,0.5317372589322016,0.03952645657914734
JNJ,surprise,text,0.22817882455377014,-0.031155994074070936,0.4875136431816112,0.08417767151090619
JNJ,disgust,audio,-0.06429555024569757,-0.3228455206229903,0.19425442013159522,0.625306655931781
JNJ,disgust,text,0.15314056696123177,-0.1057260106544847,0.4120071445769482,0.24520680513065726
JNJ,anger,audio,0.19820606176699684,-0.06091972657659028,0.45733185011058397,0.1333989117545806
JNJ,anger,text,-0.1377078137974079,-0.3965008618200274,0.12108523422521164,0.2955420627116338
JNJ,sadness,audio,-0.06114482526110513,-0.3196883141433415,0.1973986636211312,0.6423358067202763
JNJ,sadness,text,-0.26603432543871963,-0.5256748423300672,-0.006393808547371982,0.04437279098081102
JNJ,fear,audio,-0.061454450008299945,-0.3199985614141655,0.1970896613975656,0.6404721628791376
JNJ,fear,text,-0.16642417470103582,-0.4253602718753315,0.09251192247325984,0.20716437734837395
TT,happy,audio,-0.02516405241055187,-0.2668886081165698,0.21656050329546603,0.8380401562650052
TT,happy,text,-0.22508367584234562,-0.4675729753645254,0.01740562367983417,0.0684745076325214
TT,neutral,audio,0.03882192517556334,-0.20291600980927174,0.2805598601603984,0.7525740009333537
TT,neutral,text,0.31707422496078747,0.07382495966349448,0.5603234902580805,0.010535650450858493
TT,surprise,audio,0.027686861468323803,-0.2140397355614992,0.2694134584981468,0.8221310497444384
TT,surprise,text,0.20513530513435915,-0.03722297988337722,0.44749359015209556,0.09666565458108611
TT,disgust,audio,0.01083822074867558,-0.23087843847422973,0.2525548799715809,0.9298859805239134
TT,disgust,text,0.06723645302318071,-0.17454761337949087,0.3090205194258523,0.5850308376572435
TT,anger,audio,-0.1189446498930745,-0.3608760264406991,0.12298672665455011,0.334526198739894
TT,anger,text,-0.12420766822455977,-0.3661586197443341,0.11774328329521459,0.31377733113135614
TT,sadness,audio,-0.0761247554862192,-0.3179283249556378,0.16567881398319934,0.5365707831012659
TT,sadness,text,-0.2407993783817764,-0.48340039399397666,0.0018016372304238693,0.051478717995659735
TT,fear,audio,0.1154731157372326,-0.12644581197961258,0.35739204345407777,0.3488520925666095
TT,fear,text,-0.23550151023020627,-0.4780640292753062,0.007061008814893688,0.056775050703813765
PANW,happy,audio,0.11182845901144631,-0.23263463804112275,0.4562915560640154,0.5197781422098665
PANW,happy,text,0.17867373363034555,-0.16620397082619348,0.5235514380868846,0.3092431783436879
PANW,neutral,audio,0.2082423511014172,-0.13687938715079462,0.553364089353629,0.2408231704513022
PANW,neutral,text,0.13727027377665907,-0.20732819017875076,0.4818687377320689,0.4333086453840909
PANW,surprise,audio,-0.343097143357311,-0.689800639467907,0.0036063527532850803,0.05135237746921634
PANW,surprise,text,-0.23120854074923786,-0.576545414737909,0.11412833323943328,0.18092633369817318
PANW,disgust,audio,-0.13409961038708143,-0.47867969919028386,0.21048047841612097,0.4399277303958407
PANW,disgust,text,-0.2510475624135626,-0.5965882568745673,0.0944931320474422,0.1499265058548013
PANW,anger,audio,-0.1253098308542978,-0.4698412200805769,0.21922155837198126,0.478204819976842
PANW,anger,text,-0.011574585827724365,-0.3557732764811961,0.3326241048257474,0.9470068777131607
PANW,sadness,audio,-0.036875277083043986,-0.381100174905458,0.30734962073937,0.8344305363644772
PANW,sadness,text,-0.07828120153849441,-0.4226080207203089,0.26604561764332,0.6483865699768434
PANW,fear,audio,0.2429714427508072,-0.10248427077153185,0.5884271562731462,0.1608784176923023
PANW,fear,text,-0.048110959438593885,-0.3923562705888045,0.29613435171161673,0.7829936443948058
IFF,happy,audio,0.5497648666246487,0.19047041616793325,0.9090593170813642,0.0029467710847198452
IFF,happy,text,-0.3170883907061598,-0.6719907222935764,0.03781394088125678,0.07953713630960262
IFF,neutral,audio,-0.551560878074462,-0.9108981352981738,-0.19222362085075023,0.002733102212033563
IFF,neutral,text,0.2977611429586331,-0.056880721260791745,0.652403007178058,0.10505974631636678
IFF,surprise,audio,0.2030690935432631,-0.1505313742401421,0.5566695613266683,0.26165728130376736
IFF,surprise,text,0.06982319687640252,-0.2829767215855435,0.42262311533834857,0.6967906727725329
IFF,disgust,audio,0.2348639048286154,-0.11904263741105714,0.588770447068288,0.1968490780871955
IFF,disgust,text,0.2014690807494923,-0.15211715251505561,0.5550553140140402,0.27487996437215684
IFF,anger,audio,0.027664928465748535,-0.32504439051915013,0.3803742474506472,0.877707424773535
IFF,anger,text,0.07150907306155936,-0.28129609709202114,0.42431424321513983,0.7033484707095095
IFF,sadness,audio,-0.34676118078563184,-0.7020948519336836,0.008572490362419971,0.05496733437483665
IFF,sadness,text,-0.2548251513879911,-0.6089464033263243,0.09929610055034205,0.16481307526579986
IFF,fear,audio,0.37888838357362875,0.02304489348771671,0.7347318736595407,0.03485879254867132
IFF,fear,text,-0.23205013474624306,-0.5859278088608217,0.12182753936833565,0.1939384790086059
EA,happy,audio,-0.16172657270761884,-0.45445948673888603,0.13100634132364838,0.2766369515827222
EA,happy,text,0.02795517217528618,-0.26430572619565096,0.32021607054622336,0.8504630940996406
EA,neutral,audio,0.16688864047228769,-0.12587580220335526,0.45965308314793063,0.26209057611394065
EA,neutral,text,0.21952504788612906,-0.07361716628039447,0.5126672620526526,0.13983645302558564
EA,surprise,audio,-0.07707605694375316,-0.3694329907347921,0.21528087684728572,0.6042522322390917
EA,surprise,text,0.21997572115846056,-0.07317016946284796,0.5131216117797691,0.1396857402625163
EA,disgust,audio,-0.1370841414321942,-0.42968015699163387,0.15551187412724551,0.35617315460912535
EA,disgust,text,-0.19360881880222597,-0.48655223112516954,0.0993345935207176,0.19375822616510346
EA,anger,audio,0.11959763480522048,-0.17291490112384825,0.41211017073428924,0.4211554577490427
EA,anger,text,-0.04705294078175,-0.339340507076927,0.245234625513427,0.7517211965349956
EA,sadness,audio,-0.11710998230511825,-0.4096115646949021,0.1753916000846656,0.42969658504515523
EA,sadness,text,-0.22026824043621882,-0.5134165213508248,0.07288004047838717,0.1384932621521776
EA,fear,audio,0.03748053195288061,-0.2547919703642473,0.32975303427000846,0.8007316742001551
EA,fear,text,-0.3806695352971094,-0.6756015073253456,-0.08573756326887311,0.011050878221196716
DIS,happy,audio,0.12864870188044925,-0.1318623220974076,0.3891597258583061,0.3331419387031303
DIS,happy,text,0.2890641574983984,0.027450232240421035,0.5506780827563758,0.03053326390940312
DIS,neutral,audio,0.05240113501618944,-0.20788209354741594,0.3126843635797948,0.692829794022457
DIS,neutral,text,-0.03362963904535028,-0.29388620603340154,0.226626927942701,0.7998040493160564
DIS,surprise,audio,-0.12361945086576288,-0.38410954749957,0.13687064576804425,0.35273387516760485
DIS,surprise,text,-0.1137090063563423,-0.3741603021511888,0.1467422894385042,0.39304754585319057
DIS,disgust,audio,-0.1263277452425068,-0.38682900795410324,0.1341735174690896,0.3401749551288816
DIS,disgust,text,-0.1219798526763136,-0.3824633067435088,0.13850360139088158,0.3576618673627333
DIS,anger,audio,-0.0697436507864857,-0.3300618471823568,0.19057454560938542,0.5988154749753422
DIS,anger,text,-0.06626441098121046,-0.3265747963518484,0.1940459743894275,0.6176920435615779
DIS,sadness,audio,0.05913205334866737,-0.20116356828632073,0.3194276749836555,0.655451024345077
DIS,sadness,text,-0.09046932004735375,-0.35084232054121317,0.16990368044650567,0.4960010576249019
DIS,fear,audio,0.059547015329736705,-0.20074941927041012,0.31984344992988356,0.6531106465240912
DIS,fear,text,-0.02197629076461391,-0.28222215892726266,0.23826957739803487,0.8683096355952248
ETN,happy,audio,0.028542602656262805,-0.16710576102577113,0.22419096633829672,0.7752474246483424
ETN,happy,text,0.06648843914734748,-0.12920411591022923,0.2621809942049242,0.5047480504019868
ETN,neutral,audio,-0.03987749117740206,-0.23553535975419707,0.15578037739939296,0.6887558874448796
ETN,neutral,text,-0.002892040480331654,-0.1985305215142,0.1927464405535367,0.9769796989336658
ETN,surprise,audio,0.019349361959977884,-0.17629360544528247,0.21499232936523824,0.8453413945206364
ETN,surprise,text,-0.14470145233366452,-0.3405963030616277,0.05119339839429862,0.14823521674499165
ETN,disgust,audio,-0.007516557446930258,-0.20315562846018229,0.1881225135663218,0.9396446572446348
ETN,disgust,text,0.106397515808363,-0.08937956644641172,0.30217459806313773,0.28763628945853736
ETN,anger,audio,0.03940837975415838,-0.15624903298711978,0.23506579249543652,0.6927614333699953
ETN,anger,text,-0.0012516524791576216,-0.1968900501999585,0.19438674524164326,0.9899935450168416
ETN,sadness,audio,-0.08791742204135566,-0.28365051667640984,0.10781567259369848,0.3779244730847606
ETN,sadness,text,-0.15384797845174764,-0.3497762521868588,0.04208029528336357,0.12367413445622738
ETN,fear,audio,0.04900328348159707,-0.14666452548063785,0.244671092443832,0.6209944047440867
ETN,fear,text,0.08117484497914798,-0.11454428166117042,0.2768939716194664,0.41633938520195213
LLY,happy,audio,-0.04155500453265608,-0.27967377166422636,0.19656376259891423,0.7310300922493811
LLY,happy,text,0.01498076402288649,-0.22311543465046582,0.2530769626962388,0.9015898776435016
LLY,neutral,audio,-0.026484180591230703,-0.26458754465260265,0.21161918347014122,0.8272079528660046
LLY,neutral,text,0.14801985454723107,-0.0904018883781589,0.3864415974726211,0.22232023315953706
LLY,surprise,audio,-0.20834111867972777,-0.4470851258150049,0.030402888455549365,0.08650393706283359
LLY,surprise,text,-0.05259976908111987,-0.2907341562371413,0.18553461807490154,0.6642850266896567
LLY,disgust,audio,0.14139590308164898,-0.09699707841702826,0.3797888845803262,0.24217654695096238
LLY,disgust,text,-0.1685914007005054,-0.40711083342916565,0.06992803202815484,0.16706833818700179
LLY,anger,audio,0.08525677039327623,-0.15294522672435654,0.32345876751090896,0.4809069352285594
LLY,anger,text,-0.18964279836571257,-0.42827529189757996,0.048989695166154784,0.12101381326601339
LLY,sadness,audio,0.1389667077903451,-0.09941605516143823,0.37734947074212843,0.25285977299531875
LLY,sadness,text,-0.004562906837222948,-0.24265604688975428,0.2335302332153084,0.9698657661407873
LLY,fear,audio,0.1163058453805002,-0.12199010641013017,0.3546017971711306,0.33793613383014726
LLY,fear,text,0.017125792360012007,-0.220971440893461,0.255223025613485,0.8877877045602858
EOG,happy,audio,-0.14738933782764416,-0.3776825795185197,0.08290390386323138,0.21264875374888273
EOG,happy,text,0.07399818391704578,-0.15606169861734237,0.3040580664514339,0.5326374329642444
EOG,neutral,audio,0.05633283661781901,-0.17369395952513225,0.28635963276077026,0.6291229273828494
EOG,neutral,text,0.12211162176335515,-0.10808380654348625,0.3523070500701965,0.3038095044773771
EOG,surprise,audio,-0.028661205875160026,-0.25865419819567087,0.20133178644535082,0.8063111633742187
EOG,surprise,text,-0.11794939576843998,-0.34813047403126685,0.11223168249438688,0.31169295114898804
EOG,disgust,audio,0.023193367796756004,-0.20679554902234135,0.25318228461585335,0.8406506958744094
EOG,disgust,text,-0.0014599417307856214,-0.2314411567385243,0.22852127327695307,0.9900521125508167
EOG,anger,audio,-0.04518986115725668,-0.2752003984311715,0.18482067611665817,0.6965962084593187
EOG,anger,text,0.08217676073161329,-0.1479014753482261,0.31225499681145263,0.48344642796843357
EOG,sadness,audio,0.0023900073919109533,-0.22759125908714448,0.23237127387096637,0.9837632765946102
EOG,sadness,text,-0.15787374621064545,-0.38821292703504756,0.07246543461375665,0.17912828206827575
EOG,fear,audio,0.11208710828150283,-0.11807460123040152,0.34224881779340716,0.3381661344247918
EOG,fear,text,-0.13370108930110364,-0.3639390909595779,0.09653691235737058,0.2515433952667295
MNST,happy,audio,-0.05200579959361984,-0.39117795769837616,0.2871663585111365,0.7624560878805594
MNST,happy,text,0.034657217135006566,-0.3044828107374476,0.37379724500746075,0.8403575063292974
MNST,neutral,audio,0.16658243486463087,-0.17312450439785382,0.5062893741271155,0.32640227448708853
MNST,neutral,text,-0.007750463212910429,-0.346866104102124,0.3313651776763031,0.9639318282842859
MNST,surprise,audio,0.05993099333049398,-0.27926012162139824,0.39912210828238615,0.7261201189702119
MNST,surprise,text,-0.05752769142036689,-0.3967127742720017,0.2816573914312679,0.7337395598951119
MNST,disgust,audio,-0.3205268071065219,-0.6618299281388926,0.020776313925848833,0.06234935192116011
MNST,disgust,text,0.028353554254021848,-0.3107779847490518,0.36748509325709555,0.8682541303108178
MNST,anger,audio,0.1896227896511169,-0.15025921038078405,0.5295047896830178,0.26219559634138884
MNST,anger,text,0.019708470016500182,-0.3194141887510386,0.35883112878403894,0.9075096650683196
MNST,sadness,audio,-0.16212599900767705,-0.5018016825319813,0.17754968451662717,0.340724491648304
MNST,sadness,text,0.03497691769757759,-0.30416358595020776,0.37411742134536297,0.8371483163773987
MNST,fear,audio,-0.249772901474311,-0.5902180463612627,0.09067224341264077,0.1481011555873705
MNST,fear,text,-0.037330369985415696,-0.3764745104478826,0.30181377047705127,0.8273545435630346
SYY,happy,audio,0.056631347559388076,-0.2079773528668563,0.3212400479856325,0.6770900521547788
SYY,happy,text,0.01596932851510565,-0.24858987903881954,0.28052853606903083,0.9065827335100196
SYY,neutral,audio,0.07756592912952895,-0.1870898627161575,0.3422217209752154,0.5674892007973967
SYY,neutral,text,0.14666793127448993,-0.11824744225592784,0.4115833048049077,0.2784678883659407
SYY,surprise,audio,-0.1713517541267861,-0.4363985375672457,0.09369502931367352,0.20660228593229446
SYY,surprise,text,-0.13985489942066748,-0.4047375843870854,0.12502778554575045,0.3031148148593959
SYY,disgust,audio,-0.041050772729721074,-0.3056339583699672,0.22353241291052506,0.7619488954496505
SYY,disgust,text,-0.08042224395725862,-0.3450855992470174,0.1842411113325002,0.5540223395481838
SYY,anger,audio,0.19377347693566052,-0.07141028507655336,0.45895723894787444,0.15207226267318788
SYY,anger,text,0.10356945759273525,-0.16116526859237854,0.368304183777849,0.4446453390079204
SYY,sadness,audio,-0.30179973116169895,-0.5678774886661561,-0.035721973657241834,0.02661247588944922
SYY,sadness,text,-0.05951969094417303,-0.32413401529829566,0.2050946334099496,0.6590369349047194
SYY,fear,audio,0.13182876270333452,-0.13301740291621625,0.3966749283228853,0.3324870209112621
SYY,fear,text,-0.09571122068617276,-0.36041970604667456,0.16899726467432902,0.47861869815629804
D,happy,audio,0.17303635472222045,-0.20850446146920526,0.5545771709136462,0.3730225733609135
D,happy,text,0.0018608349674546834,-0.37894410103695286,0.3826657709718623,0.9923302763232634
D,neutral,audio,-0.223933843756241,-0.6059704933351043,0.15810280582262234,0.25058610452528485
D,neutral,text,0.20319840321199165,-0.1786209768871411,0.5850177833111244,0.29542507674915397
D,surprise,audio,-0.2422560542155004,-0.6245021253075611,0.13999001687656026,0.21216377607029263
D,surprise,text,0.22301987881848712,-0.15900675238330603,0.6050465100202802,0.25149281134187274
D,disgust,audio,0.45694588843616646,0.07103796840984178,0.8428538084624911,0.019825944561298763
D,disgust,text,0.058760231357149285,-0.32212956110314916,0.4396500238174478,0.7608608795083306
D,anger,audio,0.1085454011305793,-0.2725492239274442,0.4896400261886028,0.5753128740115818
D,anger,text,-0.35476074788972123,-0.7386496259245472,0.02912813014510479,0.06856936328181125
D,sadness,audio,0.06694350834830824,-0.31397158677920295,0.44785860347581946,0.7288135139702274
D,sadness,text,-0.36751034380284503,-0.7516239040352274,0.016603216429537326,0.06028512015768038
D,fear,audio,0.26682096572091185,-0.11573150360322704,0.6493734350450507,0.1697349672207674
D,fear,text,-0.21969795907466966,-0.6016885201525929,0.16229260200325357,0.2575530852120505
OMC,happy,audio,-0.041533559928503244,-0.36188599580522607,0.2788188759482195,0.7982191463280031
OMC,happy,text,0.22719903454435983,-0.09417276192120791,0.5485708310099275,0.16704371807313811
OMC,neutral,audio,0.19945920308687803,-0.12167108389278164,0.5205894900665378,0.22178279426578015
OMC,neutral,text,-0.07077809838303753,-0.3911977375931184,0.24964154082704335,0.6652388069510374
OMC,surprise,audio,-0.021747465822569048,-0.34207427942341345,0.2985793477782754,0.894292127798297
OMC,surprise,text,0.007067862907300041,-0.3132502941354889,0.327386019950089,0.9653811454300126
OMC,disgust,audio,-0.04784112696060058,-0.3682050983086258,0.2725228443874247,0.7700880100602949
OMC,disgust,text,-0.2933071523502027,-0.6153800718416805,0.0287657671412751,0.07438198835184842
OMC,anger,audio,0.07301395942303068,-0.24741225713637205,0.3934401759824334,0.6553030990842302
OMC,anger,text,-0.26484563078892276,-0.5865950535128984,0.056903791935052905,0.10693258347081847
OMC,sadness,audio,-0.16095167946611724,-0.48179853456283117,0.15989517563059671,0.32516257510511737
OMC,sadness,text,-0.08387806133410598,-0.40433914675772015,0.2365830240895082,0.605644946268995
OMC,fear,audio,-0.10468671689739854,-0.4252280568784267,0.21585462308362957,0.522476418266477
OMC,fear,text,0.2154533668126229,-0.10581235802423289,0.5367190916494786,0.18864753758953462
EMN,happy,audio,-0.2979463071926558,-0.5282706361756244,-0.06762197820968721,0.011745453576116284
EMN,happy,text,-0.13329837718143675,-0.3626048237754248,0.09600806941255127,0.25603938015475725
EMN,neutral,audio,0.012021999843677118,-0.21703109545708874,0.24107509514444295,0.918928864660098
EMN,neutral,text,0.24449553911071317,0.01458631279779704,0.4744047654236293,0.037423712306957735
EMN,surprise,audio,-0.0692637421506306,-0.29838375257681177,0.1598562682755506,0.5593530263982088
EMN,surprise,text,0.10793748928992905,-0.12128104088192393,0.33715601946178203,0.35467492654377397
EMN,disgust,audio,0.05159343717484038,-0.17749586329069078,0.28068273764037155,0.6619288465327038
EMN,disgust,text,-0.05344511164426538,-0.2825372091748634,0.17564698588633265,0.6461142184229469
EMN,anger,audio,0.04638840760565645,-0.18269355840849355,0.2754703736198064,0.6909593517687551
EMN,anger,text,-0.1308909411611567,-0.360188249588519,0.09840636726620561,0.26314581762642125
EMN,sadness,audio,0.2470934121412246,0.017165886168083316,0.47702093811436586,0.03638666542842473
EMN,sadness,text,-0.16873851062494272,-0.3981986983887006,0.06072167713881513,0.14817965682286974
EMN,fear,audio,0.0484877945870741,-0.18059703595361176,0.27757262512776,0.6802625147064373
EMN,fear,text,-0.1275131766778652,-0.3567979439255542,0.10177159056982385,0.27706333321930643
STZ,happy,audio,0.18691188620744978,-0.0930238898804768,0.46684766229537633,0.18936010401665115
STZ,happy,text,-0.14970773396882728,-0.42942138486134807,0.13000591692369354,0.29314505243436
STZ,neutral,audio,-0.14719722261121343,-0.42689764748003906,0.1325032022576122,0.3014291709690944
STZ,neutral,text,0.45445896585173146,0.1714972299741433,0.7374207017293196,0.0016500233297296186
STZ,surprise,audio,0.17675704726045083,-0.10311324641250186,0.4566273409334035,0.2148152554992736
STZ,surprise,text,0.31484594445908876,0.03377438672917532,0.5959175021890022,0.027866579124101464
STZ,disgust,audio,-0.05495377649760333,-0.3343231247964852,0.22441557180127855,0.7005258129170255
STZ,disgust,text,-0.14689246731622418,-0.4265913018368549,0.13280636720440653,0.3018329621454843
STZ,anger,audio,0.09373305511396803,-0.18573870897800138,0.3732048192059374,0.509859965795316
STZ,anger,text,-0.35506682697002934,-0.6366137625009989,-0.07351989143905974,0.013289389896067757
STZ,sadness,audio,-0.23857443793992936,-0.5188996661827899,0.041750790302931245,0.09441057241417099
STZ,sadness,text,-0.526751658311458,-0.8109548473100969,-0.24254846931281904,0.0002706351016862701
STZ,fear,audio,-0.07036621991373293,-0.34976987969627377,0.2090374398688079,0.6210842330286033
STZ,fear,text,-0.3074025504760103,-0.5883923118018899,-0.026412789150130678,0.031843961171447804
OXY,happy,audio,-0.05184582875991301,-0.32441819793993026,0.22072654042010426,0.7129158224560238
OXY,happy,text,-0.356539471199913,-0.6312369649728293,-0.08184197742699673,0.010689033255206754
OXY,neutral,audio,0.30746796018367495,0.033325359066565086,0.5816105613007848,0.029200876064518003
OXY,neutral,text,0.23824729935582925,-0.035250600207739985,0.5117451989193985,0.09070742037777796
OXY,surprise,audio,-0.06710571447525315,-0.339709203482888,0.20549777453238172,0.6341780934008386
OXY,surprise,text,0.4746903708724711,0.198327122109274,0.7510536196356683,0.0006451414875203483
OXY,disgust,audio,0.15396342630618517,-0.11896903972341147,0.42689589233578185,0.26944764603262805
OXY,disgust,text,0.11320813427261688,-0.15953782701070823,0.385954095555942,0.4116083470758842
OXY,anger,audio,-0.06821085332534746,-0.3408169059716234,0.20439519932092845,0.6280097942180598
OXY,anger,text,0.11289748246814542,-0.15984727530351972,0.38564224023981053,0.4201735256312528
OXY,sadness,audio,-0.2160504231975721,-0.4893759622657191,0.057275115870574905,0.12344143972065309
OXY,sadness,text,-0.14451536074150848,-0.4173995362342737,0.12836881475125675,0.3041556752459535
OXY,fear,audio,-0.24807678054736276,-0.5216563496261535,0.0255027885314279,0.08012049096499108
OXY,fear,text,-0.4519222101585553,-0.7279284748188979,-0.1759159454982127,0.0013250602702027995
AEP,happy,audio,-0.2534532395639641,-0.7509688337878693,0.24406235465994108,0.3167966144492355
AEP,happy,text,-0.07296938957284733,-0.5685700890272569,0.4226313098815622,0.7713087298447528
AEP,neutral,audio,0.42112783996212516,-0.08004368871801687,0.9222993686422671,0.09980730321598283
AEP,neutral,text,0.2598460273012923,-0.237776006758323,0.7574680613609076,0.29696932773299656
AEP,surprise,audio,-0.15714695707621748,-0.6533780797771537,0.33908416562471877,0.5344057112077509
AEP,surprise,text,-0.04241260797568043,-0.5378984760753331,0.4530732601239723,0.86585699730756
AEP,disgust,audio,-0.2487798513364732,-0.7462192972725334,0.24865959459958706,0.3214423263177404
AEP,disgust,text,-0.15566395069743133,-0.6518799849725916,0.3405520835777289,0.5279274082359611
AEP,anger,audio,-0.7001498099915476,-1.2112974325754629,-0.18900218740763242,0.007226381589818409
AEP,anger,text,-0.157026460056676,-0.6532563514722971,0.33920343135894504,0.5240557901171674
AEP,sadness,audio,0.4182184227228108,-0.08287445730675785,0.9193113027523794,0.1036647940580983
AEP,sadness,text,-0.15915841890256818,-0.6554102345213624,0.33709339671622607,0.5249860850977836
AEP,fear,audio,0.13187660488395844,-0.3641169098752388,0.6278701196431558,0.6046415777366185
AEP,fear,text,0.00815118619104116,-0.4872782486776053,0.5035806210596876,0.9741576697979789
CTRA,happy,audio,-0.05046991209729202,-0.33140829884304535,0.23046847464846132,0.723517729977397
CTRA,happy,text,0.07139161509864693,-0.20959227910645478,0.35237550930374867,0.6166619888960291
CTRA,neutral,audio,-0.11662941909104431,-0.39776507928353483,0.16450624110144624,0.416243347826336
CTRA,neutral,text,-0.20874426564137524,-0.490414058274128,0.07292552699137753,0.14492684431192726
CTRA,surprise,audio,-0.032840656056231654,-0.31375282426459067,0.24807151215212736,0.8174171912140727
CTRA,surprise,text,-0.09695689452072095,-0.3780175927966465,0.1841038037552046,0.49777375490706227
CTRA,disgust,audio,0.15418764331203008,-0.1271293972407249,0.435504683864785,0.28151902891135133
CTRA,disgust,text,0.1814146126880931,-0.1000652703241468,0.46289449570033303,0.2059249731799323
CTRA,anger,audio,0.08728768076116154,-0.19374122861413362,0.36831659013645673,0.541982872699734
CTRA,anger,text,0.07691018316221881,-0.2040883175139636,0.35790868383840124,0.5901127307907569
CTRA,sadness,audio,0.08698977329234275,-0.1940382095998262,0.3680177561845117,0.5433635505357836
CTRA,sadness,text,0.21981045794294735,-0.06194375838227184,0.5015646742681665,0.12513752695725702
CTRA,fear,audio,-0.013984411535917035,-0.29488081668730115,0.266911993615467,0.9219194125909216
CTRA,fear,text,0.059587073049269315,-0.2213692246003685,0.3405433706989071,0.6778967250342194
DOW,happy,audio,0.06033753484885677,-0.21429460513365897,0.3349696748313725,0.6672551119360786
DOW,happy,text,-0.2136262897876857,-0.4889898954870856,0.06173731591171419,0.1274969315183695
DOW,neutral,audio,0.021779130037960993,-0.25279778154430343,0.29635604162022544,0.8761960294383321
DOW,neutral,text,0.2153886395112697,-0.05998811744870633,0.49076539647124573,0.12484186001697808
DOW,surprise,audio,0.15749718504917232,-0.11750383900553357,0.4324982091038782,0.26031925813706125
DOW,surprise,text,0.13274210013533852,-0.14213375256603752,0.40761795283671454,0.34350129806402396
DOW,disgust,audio,0.050476153256035015,-0.22413692708722746,0.3250892335992975,0.7174134057951279
DOW,disgust,text,0.04963435339721837,-0.22497725704450802,0.3242459638389448,0.7224902387251814
DOW,anger,audio,-0.13589542671539975,-0.4107860401243073,0.13899518669350783,0.333160132734358
DOW,anger,text,-0.08621397027951193,-0.3609122421436373,0.18848430158461343,0.537629948865755
DOW,sadness,audio,-0.12421388058669057,-0.39905154497489437,0.1506237838015132,0.3746179389790013
DOW,sadness,text,-0.1118628222910852,-0.3866496659372938,0.1629240213551234,0.4257299578487792
DOW,fear,audio,-0.1549958426914191,-0.42998325199514675,0.11999156661230856,0.2677842947422813
DOW,fear,text,-0.12470005143707781,-0.3995398248418864,0.1501397219677308,0.37183911492599253
HON,happy,audio,0.03740767999020109,-0.19306747008178507,0.26788283006218727,0.7518688048945706
HON,happy,text,-0.15240207959663765,-0.3831944659923695,0.0783903067990942,0.19649033336376312
HON,neutral,audio,0.019680258738551747,-0.21078017192815576,0.25014068940525924,0.867783640870705
HON,neutral,text,0.20204913466904328,-0.028998697535005363,0.43309696687309196,0.08602062105408789
HON,surprise,audio,-0.04154269631457461,-0.27202259441626164,0.1889372017871124,0.7252868225763074
HON,surprise,text,-0.044353649671048184,-0.2748370593525262,0.18612976001042983,0.7061594078185853
HON,disgust,audio,0.007827073295220916,-0.22262861492736782,0.23828276151780967,0.9469616941913059
HON,disgust,text,-0.08122460298066458,-0.31177534229978443,0.1493261363384553,0.48974823031560794
HON,anger,audio,-0.08996978687432794,-0.32054229236407444,0.14060271861541856,0.44608851137671873
HON,anger,text,-0.021105186487430518,-0.2515664624552884,0.20935608948042736,0.8576133466900735
HON,sadness,audio,-0.027115602202212603,-0.25758109365422094,0.20334988924979575,0.8180186819977872
HON,sadness,text,-0.00799383958863822,-0.23844956618751112,0.22246188701023467,0.9458409433115731
HON,fear,audio,0.09498638895221734,-0.13559960519862832,0.325572383103063,0.42113281538926006
HON,fear,text,-0.04194894077581553,-0.27242933217337956,0.18853145062174848,0.7204823604108257
EQT,happy,audio,-0.17948573226223855,-0.45793046887383104,0.09895900434935398,0.22026556034650374
EQT,happy,text,0.06287189648081287,-0.2150862456304211,0.34083003859204686,0.6635800520992121
EQT,neutral,audio,0.3021756551854042,0.022716211007109632,0.5816350993636987,0.03564788403884212
EQT,neutral,text,0.09692110177554354,-0.1811307818342387,0.37497298538532575,0.4976282566350958
EQT,surprise,audio,-0.21672282547344524,-0.49542123997476517,0.0619755890278747,0.13204480739420185
EQT,surprise,text,-0.051126550096016396,-0.3290616181916498,0.226808517999617,0.7205604238978438
EQT,disgust,audio,-0.12448176523876359,-0.40263874451111176,0.15367521403358458,0.38610302208074165
EQT,disgust,text,0.11266614724024653,-0.16544257692850667,0.39077487140899975,0.428937468745227
EQT,anger,audio,0.13240831662526503,-0.14578372443656312,0.4106003576870932,0.3510389028479286
EQT,anger,text,0.14590513638358815,-0.13235157280267518,0.4241618455698515,0.3053134702718988
EQT,sadness,audio,0.017376472971692813,-0.2605187484490523,0.29527169439243794,0.9026660998480663
EQT,sadness,text,-0.20446061151955314,-0.48307025021079425,0.07414902717168798,0.15452241200441436
EQT,fear,audio,-0.04630358302402864,-0.3242305528848287,0.23162338683677142,0.7457459227086846
EQT,fear,text,-0.19429055197466852,-0.47283046326715183,0.08424935931781483,0.17772912144098857
EXR,happy,audio,0.11626229893812712,-0.07104362047741766,0.30356821835367187,0.22414621232569384
EXR,happy,text,0.031452418458191744,-0.15570595157037043,0.21861078848675392,0.741798097851258
EXR,neutral,audio,-0.0008138872823891778,-0.18796060883655896,0.1863328342717806,0.9931999389483366
EXR,neutral,text,0.14841926817691234,-0.03898683072093609,0.33582536707476074,0.12045544562238919
EXR,surprise,audio,-0.0015808731890695074,-0.18872761638610772,0.18556587000796868,0.9868051506282233
EXR,surprise,text,-0.0607001360906337,-0.24789026029665995,0.12648998811539253,0.5255982267447369
EXR,disgust,audio,0.056115182271040176,-0.13106863226344193,0.24329899680552228,0.5571435495251574
EXR,disgust,text,-0.2162911232921504,-0.4039882701994283,-0.02859397638487246,0.02383557605048584
EXR,anger,audio,-0.01755726935207499,-0.20470761534579784,0.16959307664164786,0.8544330362819615
EXR,anger,text,-0.15844830712658056,-0.34589061633478235,0.028994002081621256,0.09697911121770957
EXR,sadness,audio,-0.10908191685982811,-0.2963687855219624,0.07820495180230615,0.2535924065816004
EXR,sadness,text,-0.05832078026802662,-0.24550756828061635,0.1288660077445631,0.5417797610253802
EXR,fear,audio,-0.05197816659998001,-0.23915671282158754,0.13520037962162754,0.5863801707966427
EXR,fear,text,0.07207734845468851,-0.11513057101096989,0.2592852679203469,0.45027934339682285
VRTX,happy,audio,0.22439919943472653,-0.14597024374778983,0.5947686426172429,0.23943506327281022
VRTX,happy,text,-0.12348765703542872,-0.49303240252529423,0.24605708845443683,0.5151971647155347
VRTX,neutral,audio,0.18833167920212365,-0.18168828559647757,0.5583516440007249,0.3152998079599305
VRTX,neutral,text,0.06569243161113006,-0.3035950855448032,0.43497994876706325,0.7265468396126055
VRTX,surprise,audio,-0.13929896327620644,-0.5089414131013652,0.23034348654895226,0.4533066804175364
VRTX,surprise,text,0.10270008043273875,-0.26673406937965105,0.47213423024512857,0.5880068668656022
VRTX,disgust,audio,-0.3973887372644561,-0.7702736665789418,-0.024503807949970424,0.04014134704124892
VRTX,disgust,text,-0.013853059110661217,-0.3830435174428822,0.35533739922155977,0.9412780068630754
VRTX,anger,audio,-0.021624844842270088,-0.3908217938778378,0.34757210419329765,0.9081234008233822
VRTX,anger,text,-0.14933487326322745,-0.5190454234518513,0.22037567692539642,0.41917850665220824
VRTX,sadness,audio,0.03788534732313907,-0.3313343800008736,0.4071050746471518,0.8390341321040505
VRTX,sadness,text,0.07993933118230112,-0.28939701189037664,0.4492756742549789,0.6712830493224919
VRTX,fear,audio,-0.14665493838092983,-0.5163468412082078,0.2230369644463482,0.43533312453366607
VRTX,fear,text,0.030941109611508703,-0.3382673672860243,0.4001495865090417,0.8685482825215094
SLB,happy,audio,-0.03967149620482165,-0.32462134954505945,0.24527835713541615,0.7856383552996866
SLB,happy,text,-0.005054879440360486,-0.2899777644854067,0.2798680056046857,0.9726413421945466
SLB,neutral,audio,0.3205971513776993,0.033889919456596695,0.6073043832988019,0.03074599428493004
SLB,neutral,text,0.030877150145104,-0.25406189669443247,0.3158161969846405,0.8331558286057581
SLB,surprise,audio,-0.046905363891365244,-0.331866125321135,0.23805539753840455,0.7520484496740912
SLB,surprise,text,0.16627340964236392,-0.11913020795381724,0.4516770272385451,0.25633764231690753
SLB,disgust,audio,-0.18483729310980454,-0.4703542342811394,0.10067964806153037,0.1968000769874755
SLB,disgust,text,0.027298757169928526,-0.2576366636091053,0.31223417794896235,0.8550598422700162
SLB,anger,audio,-0.12061296323132928,-0.4057886951288495,0.16456276866619093,0.4031835651152773
SLB,anger,text,-0.008620998343728368,-0.2935447329136536,0.2763027362261969,0.9534445229286487
SLB,sadness,audio,-0.12462681689253831,-0.4098196796788602,0.1605660458937836,0.3938508127927481
SLB,sadness,text,-0.27483444953601793,-0.5610696014213992,0.011400702349363356,0.0592247471160539
SLB,fear,audio,-0.17906970776242062,-0.4645501623366721,0.10641074681183091,0.22118952551039453
SLB,fear,text,-0.03763382263175242,-0.32258093230944884,0.24731328704594402,0.7938567666976298
XOM,happy,audio,-0.15003022407658215,-0.37470008423707746,0.07463963608391314,0.19054171448697874
XOM,happy,text,-0.11735343743190892,-0.3419002069631451,0.10719333209932726,0.3011977666541893
XOM,neutral,audio,0.12150818937234498,-0.10305256468528584,0.3460689434299758,0.2894329773454031
XOM,neutral,text,0.1946062915900815,-0.030279833385268157,0.4194924165654311,0.08778551354074418
XOM,surprise,audio,0.06640935843263614,-0.1580054491443521,0.2908241660096244,0.5581599639227339
XOM,surprise,text,0.20585252146472702,-0.019096963863598826,0.43080200679305286,0.07280730204325393
XOM,disgust,audio,-0.09060629934719278,-0.3150746713807658,0.13386207268638023,0.4304316569201322
XOM,disgust,text,-0.06263085951992121,-0.28703879204241234,0.16177707300256994,0.5821537823255515
XOM,anger,audio,0.06115116482543819,-0.16325418501702088,0.2855565146678973,0.5912951953557081
XOM,anger,text,-0.016660066989227066,-0.24101659589993174,0.20769646192147762,0.884938668851852
XOM,sadness,audio,-0.06498565120872223,-0.28939782107468187,0.1594265186572374,0.5688067552961755
XOM,sadness,text,-0.2456073475825512,-0.4708091560710125,-0.02040553909408993,0.0333762348665921
XOM,fear,audio,-0.1274879454785664,-0.3520696792009854,0.09709378824385262,0.26159719549098365
XOM,fear,text,-0.14402077429377233,-0.36866574512328676,0.08062419653574213,0.20975222800515514
DE,happy,audio,0.23045493435873102,-0.16911148587747152,0.6300213545949336,0.25490479105496044
DE,happy,text,-0.05374777520637506,-0.4520211554040289,0.3445256049912787,0.7899457429035002
DE,neutral,audio,-0.13716878125074056,-0.5358526766906254,0.2615151141891443,0.4981422799475984
DE,neutral,text,-0.060442842640404386,-0.45873593837751553,0.33785025309670674,0.7654467407501779
DE,surprise,audio,0.027289013367212237,-0.3709290680026012,0.4255070947370257,0.892220763626208
DE,surprise,text,0.06035939877193776,-0.3379334370197945,0.45865223456367,0.7651337975557376
DE,disgust,audio,0.025366790448240674,-0.3728486802889454,0.4235822611854268,0.8999103437675843
DE,disgust,text,0.05062356072816228,-0.3476414101528893,0.4488885316092138,0.8022770601293652
DE,anger,audio,0.29215690497031693,-0.10823756197679058,0.6925513719174244,0.14909167205137253
DE,anger,text,0.16308530872232757,-0.23579900771412504,0.5619696251587802,0.4219972340993447
DE,sadness,audio,-0.29598759425270704,-0.6964398517559315,0.1044646632505174,0.14526564976880962
DE,sadness,text,0.024071420395332773,-0.37414239855241177,0.4222852393430773,0.9051978104258145
DE,fear,audio,-0.18746654412917468,-0.5865708777342428,0.2116377894758934,0.3539249538084509
DE,fear,text,-0.02922662722032226,-0.4274475330062795,0.368994278565635,0.8854390712227763
O,happy,audio,-0.08829410478435083,-0.33800547428869193,0.1614172647199903,0.4926921587731164
O,happy,text,-0.002883563853678743,-0.25247389401220766,0.24670676630485017,0.9821482374769758
O,neutral,audio,0.17745334955227723,-0.07262592608508753,0.42753262518964197,0.16596405640202416
O,neutral,text,-0.07050758103239342,-0.32017505648197314,0.17915989441718633,0.5830473741069145
O,surprise,audio,-0.17061123609054812,-0.4206535574980018,0.07943108531690557,0.1904490035459671
O,surprise,text,-0.0776125491658072,-0.3272963799594885,0.1720712816278741,0.5464065433964471
O,disgust,audio,-0.05908601817704426,-0.30873048838569195,0.19055845203160346,0.6431662130919948
O,disgust,text,0.12411041952918889,-0.12571913521597036,0.3739399742743481,0.32934325083523547
O,anger,audio,0.020738874558376762,-0.22885801279875528,0.2703357619155088,0.8700480488814063
O,anger,text,-0.019577199090861787,-0.2691733583594847,0.2300189601777611,0.8774982397255161
O,sadness,audio,-0.0027294701071586686,-0.2523197868190221,0.2468608466047048,0.9828989148885114
O,sadness,text,0.03839279445547586,-0.211220321001334,0.2880059099122857,0.765351336152449
O,fear,audio,0.1229850845607019,-0.12684015135297566,0.37281032047437945,0.3394279446093531
O,fear,text,0.11668791076089699,-0.13311388240501182,0.3664897039268058,0.3576082406710176
PGR,happy,audio,0.296851710437498,0.0914231770595276,0.5022802438154683,0.004681450746915356
PGR,happy,text,0.09386121394871909,-0.11055867449546102,0.2982811023928992,0.37333891975700295
PGR,neutral,audio,0.1042250054351663,-0.10022105399489112,0.3086710648652237,0.31581928591734554
PGR,neutral,text,0.041072157715847615,-0.16325689959773548,0.24540121502943074,0.6933495018884438
PGR,surprise,audio,-0.14516546679689407,-0.3497416371546477,0.05941070356085956,0.1625964377179711
PGR,surprise,text,-0.041109228832799515,-0.24543832500408014,0.1632198673384811,0.6935233287084402
PGR,disgust,audio,-0.04091456637234891,-0.2452434588909303,0.16341432614623247,0.6949842975246616
PGR,disgust,text,-0.08418749901729644,-0.2885854275591319,0.12021042952453903,0.424456253043134
PGR,anger,audio,-0.19995577850377905,-0.40477269706467767,0.004861140057119601,0.052704809006080655
PGR,anger,text,-0.04807532180403312,-0.2524123418638835,0.1562616982558173,0.6461485436980304
PGR,sadness,audio,-0.22002375511108618,-0.4249478873837036,-0.015099622838468746,0.03390255737970498
PGR,sadness,text,-0.054503029137201474,-0.25884845838220866,0.1498424001078057,0.6009617044289589
PGR,fear,audio,0.12078095429766615,-0.08371258582283726,0.3252744944181696,0.2430497984324353
PGR,fear,text,-0.043678320818973215,-0.24801019527447213,0.1606535536365257,0.6778398634367565
ESS,happy,audio,0.10927391352076737,-0.12175030241232013,0.34029812945385485,0.3652512285666622
ESS,happy,text,0.0795723928527704,-0.15137126816405744,0.31051605386959824,0.5057681442684161
ESS,neutral,audio,0.031859281298884844,-0.19900799634576982,0.2627265589435395,0.787904473835283
ESS,neutral,text,0.10348246011775995,-0.12752406222674856,0.3344889824622685,0.3792642855856891
ESS,surprise,audio,-0.006951051895430866,-0.23780443873029258,0.22390233493943087,0.9526862599762026
ESS,surprise,text,-0.00728958656132948,-0.23814304267221373,0.2235638695495548,0.951339073677971
ESS,disgust,audio,0.11708353540420827,-0.11396606277721119,0.3481331335856277,0.32125848677930846
ESS,disgust,text,-0.06991871274334169,-0.30084164332797425,0.16100421784129088,0.5558110062797178
ESS,anger,audio,0.032465566118093106,-0.1984022719021431,0.26333340413832934,0.7840969211447316
ESS,anger,text,-0.14105709733551114,-0.37219553108591935,0.09008133641489707,0.23333721129749682
ESS,sadness,audio,-0.19244086307959068,-0.4238251086299639,0.03894338247078255,0.10325427199241886
ESS,sadness,text,-0.3213443875705243,-0.5536762023204527,-0.08901257282059591,0.006450769676929791
ESS,fear,audio,-0.08585546528428006,-0.31681405587051725,0.1451031253019571,0.4649621542883032
ESS,fear,text,0.056916475797243994,-0.173982762897451,0.287815714491939,0.6358558251841597
XEL,happy,audio,0.06139949456494145,-0.1877052407095927,0.3105042298394756,0.6284192903734133
XEL,happy,text,0.06181390074049322,-0.18729163964813048,0.3109194411291169,0.6252332404913904
XEL,neutral,audio,0.1636949444682413,-0.08577260052933397,0.4131624894658166,0.19665997653535122
XEL,neutral,text,-0.015802279361696044,-0.26485150249531275,0.23324694377192068,0.9006620760416766
XEL,surprise,audio,-0.17145486791109438,-0.4209633580800273,0.07805362225783849,0.176446541296632
XEL,surprise,text,-0.10504178526524081,-0.3542610303674552,0.14417745983697355,0.40714301622575205
XEL,disgust,audio,-0.3086216837692721,-0.559164674657884,-0.058078692880660254,0.01516224123547234
XEL,disgust,text,-0.08386368239752702,-0.33301986648968546,0.16529250169463144,0.506319031866878
XEL,anger,audio,-0.06590245913588229,-0.3150162329799739,0.18321131470820928,0.6013405143557705
XEL,anger,text,-0.1795677727087093,-0.429121090234953,0.06998554481753438,0.15600567282276762
XEL,sadness,audio,0.05516244774748891,-0.19393082396047345,0.30425571945545127,0.6624015471536724
XEL,sadness,text,0.03259666765721882,-0.2164653746403723,0.2816587099548099,0.7973068417322592
XEL,fear,audio,0.14898816932677444,-0.10040696095465704,0.39838329960820595,0.24095570858720136
XEL,fear,text,0.19195500175460004,-0.05767074089003374,0.4415807443992338,0.12982906067349317
DD,happy,audio,0.40210915931656716,0.10726689413871926,0.696951424494415,0.0063550468771463526
DD,happy,text,-0.0571370634656322,-0.34910644974413846,0.23483232281287408,0.700502038817947
DD,neutral,audio,-0.08749623406942073,-0.37954562548383697,0.2045531573449955,0.5488655724732
DD,neutral,text,0.01789217219406384,-0.2740235513572626,0.3098078957453903,0.9043304988099882
DD,surprise,audio,0.28696042450513315,-0.006446525148160243,0.5803673741584265,0.04763217897042843
DD,surprise,text,0.07048973514383818,-0.2215107043179388,0.3624901746056151,0.6345930598674692
DD,disgust,audio,-0.3523246326820755,-0.6464883471663835,-0.058160918197767475,0.017665105812774345
DD,disgust,text,-0.10882933209150202,-0.400955014671985,0.18329635048898096,0.45961853731647273
DD,anger,audio,0.12649627298549343,-0.16570512094963225,0.4186976669206191,0.3959707455515697
DD,anger,text,-0.2843307960177256,-0.577710502465639,0.009048910430187851,0.05545202244270067
DD,sadness,audio,-0.38390190649154715,-0.6784858087647377,-0.08931800421835656,0.010064065996140532
DD,sadness,text,-0.10810550191339792,-0.4002283245674761,0.18401732074068028,0.47028314613767697
DD,fear,audio,-0.3140826477198321,-0.6077850571501986,-0.020380238289465558,0.03209624646536849
DD,fear,text,0.2470083733906353,-0.046011472277491916,0.5400282190587625,0.09541049781798881
DVN,happy,audio,0.4300761859778197,0.16187681716496816,0.6982755547906713,0.001641993473575218
DVN,happy,text,-0.10850417221994128,-0.37381014992385986,0.15680180548397726,0.4216050790392982
DVN,neutral,audio,-0.14192256821783858,-0.40736908316226195,0.12352394672658476,0.294139569119417
DVN,neutral,text,0.19378244184881863,-0.07195619257278082,0.45952107627041805,0.15273955243793577
DVN,surprise,audio,-0.014284037626788119,-0.2793956138080714,0.2508275385544952,0.91594397852938
DVN,surprise,text,0.10387137429535905,-0.16141807612319525,0.3691608247139133,0.44266173834194034
DVN,disgust,audio,0.08165487994261529,-0.18356532286756705,0.3468750827527976,0.5445805030580609
DVN,disgust,text,0.043333382610150406,-0.22180632718908383,0.30847309240938464,0.7485252671021947
DVN,anger,audio,0.19733098872463578,-0.068430919466337,0.46309289691560857,0.14454458178068819
DVN,anger,text,-0.14783334254384098,-0.4133086091732615,0.11764192408557952,0.27547095558519546
DVN,sadness,audio,-0.44426421465627974,-0.7126696299617017,-0.17585879935085774,0.0010942515398943793
DVN,sadness,text,-0.1283525260940447,-0.39373745989604747,0.13703240770795802,0.34105464175731287
DVN,fear,audio,-0.07094895555146281,-0.33614170518131414,0.19424379407838854,0.5988555195168469
DVN,fear,text,-0.16959138229757456,-0.43518256103876307,0.09599979644361398,0.20866600830564808
PSA,happy,audio,-0.18334620377837402,-0.42350297242813634,0.0568105648713883,0.14495717736811992
PSA,happy,text,-0.10992663126405094,-0.34976951855662936,0.12991625602852747,0.37573018567639554
PSA,neutral,audio,0.12413726205564164,-0.11575413953800069,0.364028663649284,0.32071749767038454
PSA,neutral,text,0.5477936202093762,0.30378592563501217,0.7918013147837402,1.1199469627792237e-05
PSA,surprise,audio,-0.22465297642563284,-0.4650551349644259,0.01574918211316023,0.07715015988314414
PSA,surprise,text,0.09596971031809928,-0.14383125496181198,0.33577067559801055,0.42352278616284705
PSA,disgust,audio,-0.17694273758717075,-0.4170658942351788,0.06318041906083732,0.1689931952992673
PSA,disgust,text,-0.4026306686037621,-0.644652113831169,-0.1606092233763552,0.001368455469535375
PSA,anger,audio,-0.08901527687749614,-0.3287974724686157,0.15076691871362338,0.47315425975896025
PSA,anger,text,-0.3602555009259994,-0.601809178723417,-0.11870182312858174,0.0036514691726188342
PSA,sadness,audio,0.1733987850080158,-0.06670628097237183,0.4135038509884035,0.1712617727514965
PSA,sadness,text,-0.1519264658763945,-0.39192972424509054,0.08807679249230158,0.2114427523354622
PSA,fear,audio,0.31789928273134227,0.07676199426608699,0.5590365711965976,0.013657981938582189
PSA,fear,text,-0.3451525085988242,-0.5865518311913167,-0.10375318600633165,0.005343072777689143
MOS,happy,audio,0.1539591196384571,-0.164498269510918,0.4724165087878322,0.3416915274648036
MOS,happy,text,0.27462946179478853,-0.04487645887494418,0.5941353824645212,0.09076770853530595
MOS,neutral,audio,0.11467136992909281,-0.20357162483930813,0.4329143646974938,0.47774301971844496
MOS,neutral,text,0.1168914646437223,-0.201361976856265,0.4351449061437096,0.4696555087788747
MOS,surprise,audio,-0.06417795006021718,-0.3822373778519538,0.25388147773151937,0.6910383971397661
MOS,surprise,text,-0.03490792100714011,-0.35290837312189344,0.2830925311076132,0.8290236701210955
MOS,disgust,audio,-0.07795474777565525,-0.39605398746561427,0.24014449191430376,0.6292266430386804
MOS,disgust,text,-0.013224483946775988,-0.3312037105336836,0.3047547426401316,0.9347893359174311
MOS,anger,audio,-0.07639452616477073,-0.39448886989712983,0.2416998175675884,0.6367324484955145
MOS,anger,text,-0.2898224728534086,-0.6095019257116823,0.029856980004865086,0.07441136365142778
MOS,sadness,audio,-0.2442414679799725,-0.5634280837517506,0.07494514779180553,0.13269374405261955
MOS,sadness,text,-0.346535116574055,-0.6669438210168122,-0.026126412131297905,0.03323274470454395
MOS,fear,audio,0.13619320275484495,-0.18215948805344653,0.45454589356313646,0.3992293519106312
MOS,fear,text,-0.13481225445326353,-0.4531573427310013,0.18353283382447425,0.4051856141725975
UNP,happy,audio,-0.15640736491844992,-0.3720631931047287,0.059248463267828816,0.15254070232616543
UNP,happy,text,0.07169900154977285,-0.14369552284494458,0.2870935259444903,0.5101368233698652
UNP,neutral,audio,0.04452240006195544,-0.1708293808690549,0.2598741809929658,0.6853810179672756
UNP,neutral,text,0.015266797233285114,-0.20006130884956316,0.2305949033161334,0.889091935508674
UNP,surprise,audio,0.025186082401923326,-0.1901474549790677,0.24051961978291436,0.8176977713745589
UNP,surprise,text,0.0653246235413468,-0.1500580815862819,0.2807073286689755,0.550136241300054
UNP,disgust,audio,0.031066656012880167,-0.18427135878149015,0.24640467080725048,0.7781425257382443
UNP,disgust,text,-0.015768016761866094,-0.23109633339518693,0.19956029987145474,0.8850568753952651
UNP,anger,audio,0.08103685331006057,-0.13437696915497765,0.29645067577509876,0.46175042527963744
UNP,anger,text,0.04319273972645007,-0.17215746269062424,0.25854294214352436,0.6949263630897612
UNP,sadness,audio,-0.014789372093531743,-0.2301172839454405,0.20053853975837704,0.8927536272099109
UNP,sadness,text,-0.13425652845503444,-0.3498253228935574,0.08131226598348848,0.21853009733743067
UNP,fear,audio,-0.02032122170808713,-0.23565176252970665,0.19500931911353242,0.8523607133378063
UNP,fear,text,-0.11682381186015531,-0.3323334185891726,0.09868579486886198,0.28397082604655005
T,happy,audio,0.14751403752414532,-0.12547214613150692,0.4205002211797976,0.28856566782152837
T,happy,text,-0.030986183283104606,-0.3036125480413754,0.2416401814751662,0.8234057014343825
T,neutral,audio,-0.11017677802226136,-0.38299658099802103,0.16264302495349828,0.4295946287313703
T,neutral,text,0.000789358830325649,-0.27182039593545854,0.27339911359610986,0.9954835255616268
T,surprise,audio,-0.028815887514638934,-0.30144000560491296,0.2438082305756351,0.8357179142523452
T,surprise,text,0.21836471939063462,-0.055069233596753975,0.4917986723780232,0.11749971857055853
T,disgust,audio,0.11365481893925665,-0.15917845005748776,0.3864880879360011,0.41633514600043775
T,disgust,text,0.21343932801054982,-0.059957915856055755,0.4868365718771554,0.12726531253020718
T,anger,audio,-0.003795199113748599,-0.27640519243622275,0.26881479420872556,0.9782817948768734
T,anger,text,-0.05130694842625911,-0.3239622587844371,0.22134836193191887,0.7134446248314491
T,sadness,audio,-0.026894757017743385,-0.2995170224209632,0.24572750838547638,0.8466673976538962
T,sadness,text,-0.012892670392705318,-0.2855052918493829,0.2597199510639723,0.926234242346226
T,fear,audio,0.029788855079028297,-0.24283625005380982,0.3024139602118664,0.8300514953279122
T,fear,text,-0.27032902010947824,-0.5442009100470198,0.0035428698280632887,0.054071952838934643
UPS,happy,audio,0.025137516993803108,-0.22500471801071886,0.2752797519983251,0.84358877614566
UPS,happy,text,0.13402192659550102,-0.11639452654264468,0.3844383797336467,0.2920055826408836
UPS,neutral,audio,0.050032293907908504,-0.20013956634633182,0.30020415416214885,0.695384902564993
UPS,neutral,text,0.033596869713899906,-0.2165532313783105,0.28374697080611033,0.7916177159523904
UPS,surprise,audio,-0.009159173055489115,-0.2592927319001463,0.24097438578916805,0.9425778948750995
UPS,surprise,text,-0.022800828505305914,-0.2729412900496556,0.2273396330390438,0.8579917512210369
UPS,disgust,audio,0.0020803170380360365,-0.2480519821218323,0.25221261619790436,0.9870110369981383
UPS,disgust,text,-0.20206624527765663,-0.4528441016447603,0.04871161108944702,0.11046335832089853
UPS,anger,audio,-0.009789943404705601,-0.2599236914885938,0.24034380467918257,0.9389402588505331
UPS,anger,text,-0.12468512681750625,-0.37506337676373896,0.12569312312872644,0.32753920097270406
UPS,sadness,audio,-0.05661410954098794,-0.3067970811468258,0.1935688620648499,0.6561198042437315
UPS,sadness,text,-0.08803396384856814,-0.33828886705280226,0.16222093935566595,0.4900059899697764
UPS,fear,audio,-0.03708643992899617,-0.28724044590227815,0.21306756604428578,0.7707208992185033
UPS,fear,text,0.056440570855182476,-0.19374209018713598,0.30662323189750096,0.6558659109956575
MCK,happy,audio,-0.2146600878934444,-0.5697263277943623,0.1404061520074735,0.2337151195234915
MCK,happy,text,0.03282607672902109,-0.32122015530005044,0.38687230875809264,0.8544091188067328
MCK,neutral,audio,0.26338431933242723,-0.09220871892503951,0.618977357589894,0.14284842128344824
MCK,neutral,text,-0.08690763089960946,-0.4411008158093118,0.2672855540100929,0.6278010017510885
MCK,surprise,audio,-0.009809452098398813,-0.3638334085186816,0.34421450432188394,0.9566101774304825
MCK,surprise,text,-0.08494737641538168,-0.4391329176584218,0.2692381648276584,0.6368174699635529
MCK,disgust,audio,-0.05986920359027227,-0.4139723316885674,0.2942339245080229,0.7382224045386766
MCK,disgust,text,0.1428525232032665,-0.2116321887652863,0.49733723517181927,0.4296935927843617
MCK,anger,audio,-0.3048887829404891,-0.661014464070578,0.051236898189599756,0.09147489605648997
MCK,anger,text,-0.011140791680890551,-0.3651653812524585,0.3428837978906774,0.9505411793479193
MCK,sadness,audio,0.0988709801956439,-0.25537262902689584,0.4531145894181836,0.5814408948035712
MCK,sadness,text,0.05664833484807964,-0.29744627594138334,0.4107429456375426,0.7515939506877309
MCK,fear,audio,0.06277351745618633,-0.2913376943984106,0.41688472931078324,0.7269012139260501
MCK,fear,text,0.08501454427002827,-0.26917125599982794,0.43920034453988455,0.6359482034146741
LOW,happy,audio,0.04842093865178081,-0.29547194370202773,0.39231382100558937,0.7816020346825424
LOW,happy,text,-0.1977356862276038,-0.5424390073378216,0.146967634882614,0.2590292211906465
LOW,neutral,audio,-0.03325233897257779,-0.37711787114856665,0.3106131932034111,0.8488816573447273
LOW,neutral,text,0.10911981814358096,-0.23498410080702864,0.45322373709419056,0.5329287135403528
LOW,surprise,audio,-0.020352480183090747,-0.36420274547587095,0.3234977851096894,0.9074955262279383
LOW,surprise,text,0.08695507028582176,-0.257052953597397,0.43096309416904055,0.6188080054704977
LOW,disgust,audio,-0.2600852084312861,-0.605416628936253,0.08524621207368083,0.13824735573750108
LOW,disgust,text,-0.09150203223480645,-0.43552796283125,0.2525238983616371,0.5999922998172371
LOW,anger,audio,0.171681540430756,-0.17280973828039292,0.5161728191419049,0.3267213170440636
LOW,anger,text,0.09274908290187471,-0.2512819180737903,0.43678008387753975,0.5957903822148803
LOW,sadness,audio,-0.023161262487131188,-0.36701422622787927,0.3206917012536169,0.8945143255783533
LOW,sadness,text,0.034980399601584895,-0.30888773574173284,0.3788485349449026,0.841205965998293
LOW,fear,audio,0.029677610810325637,-0.3141829548078625,0.37353817642851384,0.8654105558424208
LOW,fear,text,-0.025942504894493793,-0.36979848385921293,0.31791347407022535,0.8819012307559851
MDLZ,happy,audio,0.184037424266664,-0.0940496507352411,0.46212449926856913,0.19065642784751005
MDLZ,happy,text,-0.009836738327223746,-0.28735289239687134,0.2676794157424238,0.9446961207604916
MDLZ,neutral,audio,0.0025026647883542876,-0.27501195786494576,0.2800172874416544,0.986007772208554
MDLZ,neutral,text,0.09456379810297405,-0.1831020003626238,0.3722295965685719,0.5014118458077961
MDLZ,surprise,audio,-0.31786935002639494,-0.5970884600256225,-0.03865024002716727,0.028795434056741582
MDLZ,surprise,text,0.05229605951974401,-0.2252647332663131,0.32985685230580114,0.7088741243835729
MDLZ,disgust,audio,0.17060876681158207,-0.10739787212068444,0.4486154057438486,0.2314646326481667
MDLZ,disgust,text,-0.03930154523672975,-0.3168421987984002,0.23823910832494072,0.7869013856226749
MDLZ,anger,audio,-0.18579215766817836,-0.46389019150448146,0.09230587616812475,0.1826865920240775
MDLZ,anger,text,-0.13161791753671437,-0.4094254264037841,0.14618959133035536,0.36366492050435323
MDLZ,sadness,audio,0.05376531742293175,-0.22379811191336083,0.3313287467592243,0.6996470706272122
MDLZ,sadness,text,-0.10373773459568697,-0.38143429943333335,0.1739588302419594,0.468027527450038
MDLZ,fear,audio,0.34266948531762487,0.06317499424127826,0.6221639763939715,0.018089620025926834
MDLZ,fear,text,-0.015801462355839922,-0.29332020421256855,0.26171727950088874,0.9101271888054762
RTX,happy,audio,0.08696336486423038,-0.12554006361476172,0.29946679334322246,0.41742518122113753
RTX,happy,text,-0.1391387017614915,-0.3517981893763994,0.07352078585341637,0.19908777804294858
RTX,neutral,audio,-0.002945397711343705,-0.2153488365005781,0.2094580410778907,0.9782245718633971
RTX,neutral,text,0.30095988394117684,0.08736070136549384,0.5145590665168598,0.005883300139098959
RTX,surprise,audio,-0.001675672093570637,-0.21407903319806226,0.21072768901092098,0.9877870568296351
RTX,surprise,text,0.07626441253750066,-0.13621590392805125,0.2887447290030526,0.4828783335757752
RTX,disgust,audio,0.01629638612538613,-0.1961104539135375,0.2287032261643098,0.8799181730494923
RTX,disgust,text,-0.2084965291429545,-0.42147462285187115,0.0044815645659621595,0.05452304088755041
RTX,anger,audio,-0.20493946935466117,-0.41789814396334846,0.008019205254026107,0.05967945213202677
RTX,anger,text,-0.1323444983827761,-0.34497959292927705,0.08029059616372489,0.22581906621651138
RTX,sadness,audio,0.04933802897364769,-0.1630975215278101,0.2617735794751055,0.6457825683266398
RTX,sadness,text,0.02192158404001177,-0.19048810228664978,0.2343312703666733,0.8409102669115357
RTX,fear,audio,0.12856083154717463,-0.08406120673259238,0.3411828698269416,0.23606929875950247
RTX,fear,text,-0.21669865195933996,-0.4297227901414612,-0.003674513777218752,0.04715899673555973
HAL,happy,audio,-0.024128668850482014,-0.2946884887925087,0.24643115109154465,0.8610331976788866
HAL,happy,text,-0.1789414055748677,-0.45004107226249007,0.09215826111275466,0.1949612660631487
HAL,neutral,audio,-0.039886059043165015,-0.3104632170733398,0.2306910989870098,0.7720647044851596
HAL,neutral,text,0.16470871196771078,-0.1063070365381151,0.43572446047353663,0.2329488609161773
HAL,surprise,audio,0.07139506853372966,-0.19924234975756616,0.3420324868250255,0.6042087373173509
HAL,surprise,text,0.021140898747855102,-0.24941659628324878,0.291698393778959,0.8781327114666746
HAL,disgust,audio,-0.05482267145548302,-0.32542414288671173,0.21577879997574567,0.6911106412252187
HAL,disgust,text,0.13720625147844692,-0.133666972339107,0.40807947529600086,0.31958591373377376
HAL,anger,audio,0.25420821616224376,-0.017450151484921406,0.525866583809409,0.06578368573330222
HAL,anger,text,0.3138275478131613,0.04159002993326871,0.5860650656930539,0.02339787789499802
HAL,sadness,audio,-0.17882502180537604,-0.4499239741976505,0.09227393058689845,0.1950665330034576
HAL,sadness,text,-0.1766792893284017,-0.44776515540721806,0.09440657675041464,0.20048868675389875
HAL,fear,audio,0.016324138718482248,-0.2542302543373483,0.28687853177431283,0.9056722922493413
HAL,fear,text,-0.23340748349040036,-0.5048921565368156,0.03807718955601486,0.09166390827878133
SPG,happy,audio,-0.13751554922508719,-0.4165178088568678,0.14148671040669342,0.32971186391542673
SPG,happy,text,-0.06104833087104843,-0.33978312773036584,0.21768646598826896,0.6657326148626191
SPG,neutral,audio,0.2038128430453577,-0.07558755862574681,0.4832132447164622,0.14874159792043246
SPG,neutral,text,0.2122561738695021,-0.0672059855516792,0.4917183332906834,0.1361568297494691
SPG,surprise,audio,-0.2096892708125602,-0.4891323912020371,0.06975384957691674,0.13369382158183413
SPG,surprise,text,0.22277673117649627,-0.056765866501353957,0.5023193288543465,0.11634827583416553
SPG,disgust,audio,-0.08474179913313083,-0.36353746629463224,0.19405386802837055,0.5454075333189313
SPG,disgust,text,-0.09179079047630308,-0.3706083824598362,0.18702680150723006,0.5172186379282822
SPG,anger,audio,0.10923440825115771,-0.16964495778388583,0.38811377428620125,0.4437479353208857
SPG,anger,text,-0.04760645412371793,-0.32631551001148407,0.23110260176404818,0.7363885512711108
SPG,sadness,audio,-0.00904973427579796,-0.28772028547119705,0.2696208169196011,0.9484892921310075
SPG,sadness,text,-0.05342224810588803,-0.33214165975285737,0.2252971635410813,0.7061634617723277
SPG,fear,audio,0.17329910397061854,-0.10589891037135707,0.45249711831259415,0.2153407460964913
SPG,fear,text,-0.40327806721418596,-0.6847994456738491,-0.12175668875452289,0.004814281814949905
SPGI,happy,audio,0.0637303864235386,-0.13145326680888936,0.25891403965596654,0.5251499892854073
SPGI,happy,text,-0.049917703739349624,-0.2450826316483676,0.14524722416966837,0.6196965894440926
SPGI,neutral,audio,0.05958295223647061,-0.13559460050673844,0.25476050497967967,0.5515528697950309
SPGI,neutral,text,0.18202875516976133,-0.0135013727114493,0.37755888305097196,0.07022388156236356
SPGI,surprise,audio,-0.19751433176383051,-0.3931144291568137,-0.001914234370847312,0.049675218508624316
SPGI,surprise,text,0.20196673136865034,0.006345464528103528,0.39758799820919716,0.04563904868466261
SPGI,disgust,audio,-0.10618039446948785,-0.3014500621381755,0.08908927319919982,0.2889184134258093
SPGI,disgust,text,-0.024916696606209054,-0.2200593045452542,0.1702259113328361,0.8019295077680865
SPGI,anger,audio,0.16553984963767618,-0.029922027678890406,0.36100172695424276,0.09276266181666899
SPGI,anger,text,-0.1400345954573181,-0.3354036190021422,0.055334428087505966,0.1612171827449337
SPGI,sadness,audio,-0.08702099698541921,-0.2822465260944914,0.10820453212365302,0.3833055714551922
SPGI,sadness,text,-0.25561025383153596,-0.45152343353969837,-0.05969707412337352,0.01176357825975409
SPGI,fear,audio,0.059391263557393124,-0.13578601714660288,0.25456854426138914,0.5540548649324455
SPGI,fear,text,-0.22190269506761046,-0.4176245052755305,-0.026180884859690418,0.029146987705217026
TGT,happy,audio,0.2056559154892136,-0.1835357586060438,0.594847589584471,0.29817409355896185
TGT,happy,text,0.23045325806006298,-0.1590092339302777,0.6199157500504037,0.24376711104457177
TGT,neutral,audio,-0.21218721542076238,-0.6014472496373479,0.17707281879582307,0.28297793627654055
TGT,neutral,text,0.0038475275730292047,-0.3842835490077815,0.3919786041538399,0.9844222682333182
TGT,surprise,audio,-0.14586116932151727,-0.5345259392699955,0.24280360062696088,0.45975008393736055
TGT,surprise,text,-0.17682421904570722,-0.5657395419341142,0.21209110384269975,0.37052699454903787
TGT,disgust,audio,-0.06944860009270303,-0.457700440705782,0.3188032405203759,0.7245815744004324
TGT,disgust,text,-0.21082185565670505,-0.6000674236006852,0.17842371228727513,0.2862995892919451
TGT,anger,audio,0.13000232689360608,-0.25855268321084995,0.5185573369980621,0.5098492754336686
TGT,anger,text,0.05859462379121965,-0.32962231540347864,0.44681156298591795,0.7662751209501034
TGT,sadness,audio,0.051943576272411744,-0.33625489874777226,0.44014205129259576,0.7921028077927207
TGT,sadness,text,0.12284655415022272,-0.2656630532158748,0.5113561615163202,0.5333852588531202
TGT,fear,audio,0.22876917621154483,-0.16067395498952222,0.6182123074126119,0.2472030592835914
TGT,fear,text,-0.09896382976159362,-0.4873404744017895,0.28941281487860226,0.615767579187848
NUE,happy,audio,-0.08529931064351584,-0.4254530209266604,0.25485439963962864,0.6229959579707446
NUE,happy,text,-0.03185408788434682,-0.37187231167894474,0.30816413591025116,0.8539515445529989
NUE,neutral,audio,0.08412977073148939,-0.25601965257179116,0.4242791940347699,0.62802549337679
NUE,neutral,text,0.050609879114495465,-0.2894418178589597,0.3906615760879507,0.7674554060864975
NUE,surprise,audio,0.06576314328533331,-0.2743267138414015,0.4058530004120682,0.705510580043767
NUE,surprise,text,0.10206684864444586,-0.2381548231102939,0.44228852039918565,0.5554609120215951
NUE,disgust,audio,-0.0065574638920197605,-0.34655465684897013,0.3334397290649306,0.9699344767182061
NUE,disgust,text,-0.07288025502303674,-0.41299146306926965,0.26723095302319616,0.6694705545993638
NUE,anger,audio,0.058535020818825424,-0.2815353948035886,0.39860543644123947,0.7363421978302965
NUE,anger,text,-0.06743755908974308,-0.40753224229056095,0.2726571241110748,0.6944562983284038
NUE,sadness,audio,-0.08523272829240534,-0.42538619292882873,0.254920736344018,0.626270148134186
NUE,sadness,text,0.11315120822851588,-0.22712205944184954,0.4534244758988813,0.5174273958803246
NUE,fear,audio,-0.1943412905521864,-0.5351540520091745,0.14647147090480173,0.26181130797864466
NUE,fear,text,-0.139940147768826,-0.48036001490097324,0.20047971936332123,0.41794794172790334
LIN,happy,audio,0.025913245119294243,-0.20284697881517738,0.25467346905376587,0.8247779395538577
LIN,happy,text,-0.02814163857435281,-0.25690357960500754,0.20062030245630194,0.809365842084582
LIN,neutral,audio,0.1418508967649474,-0.0871864230892895,0.37088821661918425,0.22520946758344448
LIN,neutral,text,0.044881181594596066,-0.18389818359570737,0.2736605467848995,0.7029570769508456
LIN,surprise,audio,0.08110670080434501,-0.1477377095128603,0.3099511111215503,0.47891195902713113
LIN,surprise,text,0.10098292303182578,-0.12791305522248825,0.32987890128613984,0.39307935394980753
LIN,disgust,audio,-0.026599911956628093,-0.2553606499148143,0.2021608260015581,0.8193539340620232
LIN,disgust,text,0.03555998214184685,-0.19320869512353966,0.2643286594072334,0.7648584508672591
LIN,anger,audio,0.06365843721668657,-0.16514997662291703,0.29246685105629017,0.5819590855003426
LIN,anger,text,-0.08509781537640948,-0.31395167799785756,0.1437560472450386,0.4710657275216568
LIN,sadness,audio,-0.2660982915984421,-0.49585614544488144,-0.03634043775200277,0.02311903794014151
LIN,sadness,text,-0.12091561635838585,-0.349874599241054,0.10804336652428231,0.3021880217843615
LIN,fear,audio,-0.24634372641582408,-0.475957856806086,-0.016729596025562177,0.0345907129565871
LIN,fear,text,-0.03189909914988323,-0.2606642560882796,0.19686605778851315,0.7857383197367505
MRK,happy,audio,0.09414373154959378,-0.171597270866178,0.3598847339653655,0.4874031628698074
MRK,happy,text,-0.03646521098160432,-0.3020792614594081,0.22914883949619946,0.7870591595693506
MRK,neutral,audio,0.07111749489114189,-0.19455938732095163,0.3367943771032354,0.5982750176181655
MRK,neutral,text,0.024447586738407356,-0.24115412435937544,0.29004929783619016,0.8563848331313314
MRK,surprise,audio,-0.3580093084927352,-0.6257528613572048,-0.09026575562826572,0.008461917717825711
MRK,surprise,text,0.10929916080317204,-0.1564937833989105,0.3750921050052546,0.4186451544799149
MRK,disgust,audio,0.13373152962241558,-0.13216141657950925,0.3996244758243404,0.32172255063092836
MRK,disgust,text,-0.0060612276018905415,-0.27165348275201145,0.2595310275482304,0.9641715703261775
MRK,anger,audio,-0.008199899143190643,-0.2737926684425912,0.25739287015620993,0.9516838369687908
MRK,anger,text,-0.1257321285745209,-0.3915901235142173,0.14012586636517546,0.35266141676482043
MRK,sadness,audio,0.07170034658802382,-0.1939779384143434,0.33737863159039105,0.595282655725557
MRK,sadness,text,-0.09339821358769253,-0.35913686037381465,0.17234043319842962,0.48912001954732787
MRK,fear,audio,0.1269137313242381,-0.13894929094062303,0.39277675358909925,0.34645576163458874
MRK,fear,text,0.0337182243742504,-0.2318925763539079,0.29932902510240866,0.8036495604499195
PYPL,happy,audio,-0.2357363290279196,-0.5713074243532505,0.09983476629741136,0.2074749011802071
PYPL,happy,text,-0.17376737438638729,-0.5088619083734391,0.16132715960066457,0.31355623816335637
PYPL,neutral,audio,0.3590970847304171,0.02215175020855309,0.6960424192522812,0.05284702857228687
PYPL,neutral,text,0.3690022094724489,0.03192211304936238,0.7060823058955354,0.035310298797349475
PYPL,surprise,audio,-0.46829913928510253,-0.8069289448003238,-0.12966933376988127,0.016670092045983704
PYPL,surprise,text,0.21059218691429107,-0.12476823675186319,0.5459526105804453,0.2114062942770017
PYPL,disgust,audio,-0.015909897802484464,-0.3504412597772011,0.31862146417223214,0.9281801616772902
PYPL,disgust,text,-0.14933576664011433,-0.4842819173679249,0.18561038408769626,0.38751118703552734
PYPL,anger,audio,-0.2096657723258468,-0.5450188849864428,0.12568734033474924,0.21612726615937725
PYPL,anger,text,-0.2510415991697425,-0.5867524792289774,0.08466928088949244,0.1550568757173537
PYPL,sadness,audio,0.3050427881912152,-0.03123092228892488,0.6413164986713553,0.09290772886613907
PYPL,sadness,text,-0.19795560208983104,-0.5332190671384374,0.13730786295877523,0.23704494295573653
PYPL,fear,audio,0.4582275273335965,0.11977130430614202,0.796683750361051,0.018143731719449413
PYPL,fear,text,-0.26787312475804476,-0.6037478037166348,0.06800155420054527,0.10920276485471508
PLD,happy,audio,0.21720411659394595,0.015474057531553231,0.41893417565633867,0.03524807161739439
PLD,happy,text,-0.07216608141112886,-0.2733647569288703,0.12903259410661255,0.48199539878236747
PLD,neutral,audio,-0.20221334515453096,-0.40386388792621286,-0.0005628023828490314,0.049519248542253785
PLD,neutral,text,-0.05654308112643572,-0.25771626211825627,0.14463009986538483,0.5811787604445022
PLD,surprise,audio,0.2547443654736624,0.05279040809942223,0.45669832284790257,0.013933574686872764
PLD,surprise,text,0.18865481572395187,-0.012928678969966911,0.39023831041787066,0.06644419550237977
PLD,disgust,audio,0.11164971090409313,-0.08964095578221375,0.3129403775904,0.27748737377438426
PLD,disgust,text,-0.004384246729889128,-0.2055171296688396,0.19674863620906133,0.9658891455975405
PLD,anger,audio,-0.06372860974625907,-0.26491274822260846,0.13745552873009032,0.5343461528757207
PLD,anger,text,-0.010178759347459827,-0.21131271246028854,0.1909551937653689,0.9208855700403196
PLD,sadness,audio,-0.08908410838228947,-0.2903173665400641,0.11214914977548521,0.3854506914342427
PLD,sadness,text,-0.04820767104760327,-0.2493697807902624,0.15295443869505587,0.6378063550195875
PLD,fear,audio,-0.23616163148390434,-0.4380003364105961,-0.034322926557212585,0.022054575702218297
PLD,fear,text,0.0699673170643569,-0.1312273963607814,0.2711620304894952,0.4955227758630961
SRE,happy,audio,-0.03080507371021775,-0.3199572225811329,0.25834707516069744,0.8339615113221007
SRE,happy,text,-0.005003422434944656,-0.2941385702294611,0.28413172535957176,0.9729309800237032
SRE,neutral,audio,-0.14771315955504116,-0.4372490767198352,0.14182275760975288,0.31537422157235306
SRE,neutral,text,0.12533432882028503,-0.16408927952521543,0.41475793716578546,0.3951110181304285
SRE,surprise,audio,0.12097920363704674,-0.16842468383028547,0.4103830911043789,0.41321913679814587
SRE,surprise,text,0.023670867903244738,-0.2654741296541587,0.31281586546064816,0.8719286569978429
SRE,disgust,audio,0.37391956279925626,0.08222338267094692,0.6656157429275655,0.011440557933985556
SRE,disgust,text,-0.12527029870869877,-0.41469361207179944,0.1641530146544019,0.3944110323825836
SRE,anger,audio,0.30254245174802974,0.01172830544397041,0.5933565980520891,0.039928057393674346
SRE,anger,text,0.09309681734192651,-0.1961973130676001,0.3823909477514531,0.5255669702855157
SRE,sadness,audio,-0.33451347116833235,-0.6257000066375309,-0.04332693569913382,0.024224068315823303
SRE,sadness,text,-0.029203225077394146,-0.31835360520754186,0.25994715505275356,0.8422057571342741
SRE,fear,audio,-0.20274372952534078,-0.4926338291979059,0.08714637014722434,0.16980344021619417
SRE,fear,text,-0.21614964290600103,-0.5061427920627991,0.07384350625079705,0.14450428443063892
CVX,happy,audio,0.12163730791458131,-0.08466915343998814,0.32794376926915075,0.25333322175505424
CVX,happy,text,-0.011209343198699165,-0.2173309063637019,0.19491221996630353,0.9153310367780471
CVX,neutral,audio,-0.01755733250201032,-0.2236811982811298,0.18856653327710915,0.8657743781167291
CVX,neutral,text,0.037174016035148014,-0.16896338730249055,0.24331141937278655,0.7235455046394454
CVX,surprise,audio,0.13394865876425954,-0.07239744036971821,0.34029475789823727,0.19259888271235415
CVX,surprise,text,0.021296223977191487,-0.1848294735451011,0.2274219214994841,0.8388115864712483
CVX,disgust,audio,-0.13069177052972253,-0.3370270130255796,0.07564347196613455,0.22068228018322314
CVX,disgust,text,-0.16258120687928052,-0.3690342215527542,0.04387180779419317,0.12034497513745432
CVX,anger,audio,-0.07187667351317728,-0.27806178639268353,0.13430843936632894,0.4932278608921641
CVX,anger,text,-0.046342806276650224,-0.2524898643453353,0.1598042517920349,0.6591016769621596
CVX,sadness,audio,-0.1511770633080379,-0.3575850269054324,0.05523090028935662,0.14965501352111935
CVX,sadness,text,0.07141288361823304,-0.1347713915380555,0.2775971587745216,0.4983655934098191
CVX,fear,audio,-0.05306852353594098,-0.25922401125614203,0.15308696418426004,0.6087247556168579
CVX,fear,text,0.015657746663394444,-0.1904653235282695,0.2217808168550584,0.881895723996272
NKE,happy,audio,0.06308107016787795,-0.3341554079399724,0.4603175482757283,0.7662576829324084
NKE,happy,text,-0.09246659452116016,-0.4898163932455484,0.3048832042032281,0.6496030631576412
NKE,neutral,audio,-0.4040669007800226,-0.805233641493223,-0.002900160066822255,0.05104051210919171
NKE,neutral,text,0.2734005208800043,-0.12558684623929717,0.6723878879993058,0.18116688396076908
NKE,surprise,audio,0.33772372458553196,-0.06223288827461548,0.7376803374456794,0.11179128906538556
NKE,surprise,text,-0.018668063874930762,-0.4158145059224855,0.378478378172624,0.9286666699349713
NKE,disgust,audio,0.10725187260460108,-0.2901711171366624,0.5046748623458646,0.6044465145605482
NKE,disgust,text,-0.3600474377676174,-0.760387476575742,0.04029260104050725,0.08535907971194649
NKE,anger,audio,0.21729020238300373,-0.18101688915091296,0.6155972939169204,0.2927967131149256
NKE,anger,text,-0.22476557226971564,-0.6231543728658407,0.1736232283264095,0.27600774379382387
NKE,sadness,audio,-0.09567500892997063,-0.49303977060275084,0.3016897527428096,0.6465561801631561
NKE,sadness,text,0.005246566265692253,-0.3918919152629832,0.40238504779436773,0.9795776104187697
NKE,fear,audio,-0.007977380421148603,-0.4051167575905386,0.3891619967482414,0.9696367571562295
NKE,fear,text,-0.040715420408398026,-0.4378943320474941,0.35646349123069804,0.8421354193299367
MS,happy,audio,0.170073606097426,-0.08470753632192302,0.424854748516775,0.18948516788591382
MS,happy,text,-0.015041758941463286,-0.2693611781842699,0.23927766030134331,0.9074638143280539
MS,neutral,audio,-0.14296063218079813,-0.3976053131748087,0.11168404881321242,0.27062468815833873
MS,neutral,text,0.07730379109851929,-0.17710819863668645,0.331715780833725,0.550291979711377
MS,surprise,audio,-0.2970587657467918,-0.5527916236582593,-0.04132590783532425,0.02227712569256557
MS,surprise,text,0.2481599237679005,-0.0071456294862739245,0.5034654770220749,0.055978294879512905
MS,disgust,audio,0.11942186930507288,-0.13512346337838327,0.373967201988529,0.3553312110667995
MS,disgust,text,-0.1566266261290153,-0.41133714346333927,0.0980838912053087,0.22824043174297182
MS,anger,audio,0.21266376084037786,-0.04237926712122836,0.4677067888019841,0.1019459636469965
MS,anger,text,-0.0489264562467967,-0.3032807774954611,0.20542786500186772,0.7064245326891303
MS,sadness,audio,-0.10808974637001856,-0.36259359540266883,0.14641410266263172,0.4049590687716942
MS,sadness,text,-0.09245784695662833,-0.3469112449908449,0.16199555107758823,0.4752231827015247
MS,fear,audio,0.38817022920444444,0.13143951588146252,0.6449009425274264,0.003063146507007804
MS,fear,text,-0.1917954590850467,-0.4467029195122466,0.06311200134215322,0.13836271670991093
EQR,happy,audio,0.18449050249926174,-0.10288607336523203,0.4718670783637555,0.20754655836909616
EQR,happy,text,0.03398311677365899,-0.2527940044096124,0.3207602379569304,0.815137914409632
EQR,neutral,audio,0.09083683747091194,-0.19606976234082057,0.3777434372826444,0.5331218633578683
EQR,neutral,text,0.07169719886426466,-0.21515264933824785,0.3585470470667772,0.6227944582293169
EQR,surprise,audio,0.11024817163380858,-0.17672962135483222,0.39722596462244936,0.45037260663490103
EQR,surprise,text,-0.14545837540309028,-0.43260031639993,0.14168356559374948,0.3182798644928657
EQR,disgust,audio,0.005705149325803133,-0.2810514895427384,0.29246178819434465,0.9688677871200478
EQR,disgust,text,-0.21856114445251598,-0.5061876964328281,0.06906540752779614,0.13452870165610734
EQR,anger,audio,-0.09018081521919002,-0.3770852488321229,0.19672361839374286,0.5373678546544491
EQR,anger,text,-0.17209952464181938,-0.45939562162439895,0.1151965723407602,0.23969163343651032
EQR,sadness,audio,-0.30834202445909753,-0.5968280549332358,-0.019855993984959297,0.03563010019053817
EQR,sadness,text,0.07661009712635938,-0.21025304439159617,0.3634732386443149,0.5989918737369445
EQR,fear,audio,-0.19847490169152437,-0.48594899358810195,0.0889991902050532,0.17451112806539826
EQR,fear,text,0.19949598590872916,-0.08798550385075152,0.4869774756682098,0.17174826410655553
AVGO,happy,audio,0.08829941394926279,-0.15738974815845092,0.33398857605697646,0.4817273820037338
AVGO,happy,text,0.4487496466556818,0.20007004408501688,0.6974292492263467,0.0003910212177499027
AVGO,neutral,audio,0.1214406401085985,-0.12435653235899032,0.3672378125761873,0.3317056704889824
AVGO,neutral,text,-0.06237442807681072,-0.30800287169261875,0.18325401553899728,0.6194210836019685
AVGO,surprise,audio,-0.1830263837490855,-0.42911468380844553,0.06306191631027452,0.14334459192018947
AVGO,surprise,text,0.09050398309934943,-0.15519130540335652,0.33619927160205537,0.46829512193835954
AVGO,disgust,audio,-0.02926171938185252,-0.27484298695593773,0.21631954819223267,0.8150278540434349
AVGO,disgust,text,-0.0461377028066981,-0.2917387547083713,0.19946334909497507,0.7118283249595164
AVGO,anger,audio,-0.2774500644971381,-0.5242121167452242,-0.030688012249052044,0.027149941858262177
AVGO,anger,text,-0.1183877269292794,-0.36417352456235397,0.1273980707037952,0.34376352445741926
AVGO,sadness,audio,0.10867989922851641,-0.13707164942225847,0.35443144787929126,0.38433300761097494
AVGO,sadness,text,-0.3717726984740795,-0.6194805450649589,-0.12406485188320013,0.003150968010737558
AVGO,fear,audio,0.2309475678961858,-0.015448366732201319,0.4773435025245729,0.06517814683402715
AVGO,fear,text,-0.23619880179757377,-0.4826327504827863,0.010235146887638796,0.059118433943299534
CHTR,happy,audio,-0.11042278587127069,-0.32931246199880915,0.1084668902562678,0.3094396157073246
CHTR,happy,text,-0.015876509601934038,-0.23460615514475655,0.20285313594088847,0.8858119733527774
CHTR,neutral,audio,0.23346886688562857,0.014013046645275251,0.4529246871259819,0.03571141214526581
CHTR,neutral,text,-0.01618957093744472,-0.23491935106371759,0.20254020918882815,0.8828298435639875
CHTR,surprise,audio,-0.187467424544867,-0.4066643513191258,0.031729502229391804,0.09059739997444242
CHTR,surprise,text,0.05018406601825835,-0.16857596167135208,0.2689440937078688,0.6508243408373181
CHTR,disgust,audio,-0.12712452588896592,-0.34606734647308096,0.09181829469514913,0.2487796052416991
CHTR,disgust,text,-0.10611635540262995,-0.3249935385775446,0.11276082777228469,0.3322046987823643
CHTR,anger,audio,-0.2613176628373327,-0.48095752605359116,-0.04167779962107426,0.019974863526102764
CHTR,anger,text,0.08408811909210455,-0.13473292312803264,0.3029091613122417,0.4387636545711579
CHTR,sadness,audio,0.19443212947504177,-0.024800377327944906,0.4136646362780284,0.07905725208908507
CHTR,sadness,text,0.15813112668896045,-0.060930124621552145,0.377192377999473,0.15104000037097304
CHTR,fear,audio,0.13442464888896188,-0.08454374292351075,0.3533930407014345,0.21957561136837994
CHTR,fear,text,-0.0751436852948681,-0.2939456405596386,0.14365826996990244,0.49282977976278486
LMT,happy,audio,0.07947034186810699,-0.16836661176672252,0.3273072955029365,0.5285756687449784
LMT,happy,text,-0.11771809561106131,-0.365670765262869,0.1302345740407464,0.35011430469113547
LMT,neutral,audio,0.14007978099995153,-0.10796130064737894,0.38812086264728196,0.2631269485529738
LMT,neutral,text,0.3427263978024068,0.09318958126267063,0.592263214342143,0.007033180074121665
LMT,surprise,audio,-0.08028130223041054,-0.3281202440223168,0.16755763956149572,0.5293774298099659
LMT,surprise,text,0.04709308770711509,-0.20068097169401156,0.29486714710824175,0.7105223402151488
LMT,disgust,audio,-0.18514326396913497,-0.43340897128382894,0.06312244334555897,0.14529526970949064
LMT,disgust,text,-0.1565212307462421,-0.40463707719888364,0.09159461570639943,0.21365266082174078
LMT,anger,audio,0.021285806829986847,-0.22646116277334763,0.26903277643332135,0.8648121629965665
LMT,anger,text,-0.13116397978069394,-0.3791679760663354,0.11684001650494752,0.30054313152436307
LMT,sadness,audio,-0.11782653828808423,-0.3657795997519945,0.13012652317582601,0.34722441197572956
LMT,sadness,text,-0.23933116193506482,-0.48794899902462907,0.009286675154499408,0.06009639356598544
LMT,fear,audio,0.003714916349449383,-0.2440253092558221,0.25145514195472085,0.9765117101432222
LMT,fear,text,-0.15275485932733007,-0.40085284895871687,0.0953431303040567,0.23062982402299748
UBER,happy,audio,-0.028366494982237398,-0.25988935667591523,0.2031563667114404,0.8114463399301363
UBER,happy,text,0.27379099108561633,0.041208019497750825,0.5063739626734818,0.022552360885201177
UBER,neutral,audio,0.10714855407907127,-0.12452722759157024,0.33882433574971277,0.37429289191243253
UBER,neutral,text,-0.08863842308456488,-0.3202623070738747,0.14298546090474493,0.45623438033356994
UBER,surprise,audio,-0.28459544498393896,-0.5172644497769271,-0.0519264401909508,0.01985940247846575
UBER,surprise,text,-0.015889468064313926,-0.24740441781590877,0.2156254816872809,0.8952198831327256
UBER,disgust,audio,0.04181004988277858,-0.18972632899411102,0.2733464287596682,0.7246529145607618
UBER,disgust,text,-0.02671225045763869,-0.2582338066487176,0.20480930573344022,0.821319726326024
UBER,anger,audio,-0.05984379435937891,-0.29140643673035876,0.17171884801160092,0.616226043559002
UBER,anger,text,-0.08218972706270491,-0.3137978331429505,0.1494183790175407,0.4873397681852546
UBER,sadness,audio,0.07549586240117413,-0.1560971249248888,0.3070888497272371,0.5196939659756912
UBER,sadness,text,-0.15467935853678255,-0.3865332673902149,0.07717455031664977,0.1973131908408698
UBER,fear,audio,0.28449249514305375,0.05182432567214734,0.5171606646139602,0.019614305014583073
UBER,fear,text,-0.016512734246845285,-0.2480279733697258,0.2150025048760352,0.8900677841900826
EMR,happy,audio,0.029101477391317458,-0.2853919683504528,0.3435949231330877,0.8552764184848886
EMR,happy,text,-0.4872171818899086,-0.8061245443426988,-0.16830981943711837,0.0031320384909849634
EMR,neutral,audio,-0.3441955805912708,-0.6608916728055867,-0.027499488376954928,0.03780852823608561
EMR,neutral,text,0.24353855307687797,-0.0720516260191065,0.5591287321728624,0.15136309824289493
EMR,surprise,audio,0.06465657835078868,-0.2498995050349911,0.3792126617365685,0.6898037859467293
EMR,surprise,text,0.5211937675344169,0.20165209619002367,0.8407354388788102,0.001219838790602674
EMR,disgust,audio,0.3003922367139669,-0.0157765186370748,0.6165609920650086,0.06114236219624041
EMR,disgust,text,0.09627587171389543,-0.21837580145190752,0.4109275448796984,0.5438690139922265
EMR,anger,audio,0.15045485385340246,-0.1644477944003137,0.4653575021071186,0.34257010432671664
EMR,anger,text,-0.05935944216871852,-0.37390318288463864,0.2551842985472016,0.7098017523540077
EMR,sadness,audio,0.03974728407383753,-0.2747599348202412,0.3542545029679163,0.8065903922998202
EMR,sadness,text,-0.24818641918204534,-0.5638193942307272,0.06744655586663659,0.12452438496011324
EMR,fear,audio,0.04625875073358072,-0.26825899140386117,0.3607764928710226,0.7764459938323397
EMR,fear,text,-0.10086928920041283,-0.41553797063102493,0.21379939223019928,0.5380524654939794
UNH,happy,audio,0.39788644269655726,0.149352008886065,0.6464208765070495,0.001668606490255151
UNH,happy,text,-0.06836896180990357,-0.3145220163297994,0.1777840927099923,0.5842199579822133
UNH,neutral,audio,-0.12109049287032056,-0.3673990683972206,0.1252180826565795,0.3334043003786004
UNH,neutral,text,0.08313274895436999,-0.16305513981997055,0.3293206377287105,0.5070710406638149
UNH,surprise,audio,0.1995419341716174,-0.0471578525236975,0.44624172086693226,0.11055213754741161
UNH,surprise,text,0.15784237842486137,-0.08862570652866861,0.4043104633783914,0.2078125634240516
UNH,disgust,audio,-0.14012786329926766,-0.386513829755616,0.10625810315708065,0.2627113088348748
UNH,disgust,text,-0.1841841364361141,-0.43079232443884546,0.06242405156661729,0.1427620417339453
UNH,anger,audio,-0.004881267501061233,-0.2509618810288969,0.2411993460267744,0.9689172472929081
UNH,anger,text,-0.19384783879938786,-0.44051281286447075,0.05281713526569501,0.1231924523324023
UNH,sadness,audio,-0.23888289245239688,-0.48585057298699763,0.008084788082203836,0.05766962527895497
UNH,sadness,text,0.02553548021905225,-0.22055492060086826,0.2716258810389728,0.8382629082006687
UNH,fear,audio,-0.14982122543960413,-0.3962509208254714,0.09660846994626318,0.23106087300766334
UNH,fear,text,-0.028129652903403506,-0.2742222225341436,0.21796291672733656,0.8224435598912748
EIX,happy,audio,-0.013778759839856543,-0.34159160668913296,0.31403408700941987,0.9343013560530867
EIX,happy,text,-0.14701494194034656,-0.4752773877927262,0.18124750391203312,0.37817410820354325
EIX,neutral,audio,-0.16707597886802816,-0.49547054150202635,0.16131858376597003,0.31711750619813067
EIX,neutral,text,-0.07123515022007328,-0.39915056042940195,0.2566802599892554,0.6690205195031665
EIX,surprise,audio,0.41320154511959056,0.08182649038761902,0.7445765998515621,0.014181904065108933
EIX,surprise,text,0.03270461214847025,-0.29512670920017525,0.36053593349711577,0.8443854202470742
EIX,disgust,audio,0.21411242961280896,-0.11465778679787353,0.5428826460234915,0.19996155264859852
EIX,disgust,text,0.23797714986295923,-0.09101890456597464,0.5669732042918931,0.15493797989030872
EIX,anger,audio,0.25753511574760796,-0.07166366560605614,0.5867338971012721,0.12366309605533786
EIX,anger,text,0.49663144001101667,0.1636831572539718,0.8295797227680615,0.003335147363003399
EIX,sadness,audio,-0.2968967119191961,-0.6265515509044397,0.03275812706604753,0.07653455425832222
EIX,sadness,text,-0.07329375589508466,-0.4012154123597317,0.2546279005695624,0.6602790721123621
EIX,fear,audio,-0.44768088142590445,-0.7796720163087709,-0.11568974654303804,0.007971848869189394
EIX,fear,text,-0.08666801488776324,-0.41463458144068854,0.24129855166516204,0.6030439453535412
PARA,happy,audio,-0.1631259794522853,-0.4856167356688122,0.1593647767642416,0.32126731959913923
PARA,happy,text,-0.06809371728733658,-0.39014648268228386,0.25395904810761066,0.6775856056929581
PARA,neutral,audio,0.09329582989369062,-0.2288380543901269,0.4154297141775081,0.5753626393190854
PARA,neutral,text,0.13934473168808692,-0.18300271054362377,0.4616921739197976,0.392739479700937
PARA,surprise,audio,0.0353516822367997,-0.2866335173860661,0.35733688185966545,0.8265166551634345
PARA,surprise,text,-0.02250126274190816,-0.3444716300737821,0.2994691045899658,0.8902826710185392
PARA,disgust,audio,0.03203357475473507,-0.2899471640573179,0.35401431356678803,0.8504711995769493
PARA,disgust,text,-0.045856404431100624,-0.36785862281068515,0.2761458139484839,0.7786996542885939
PARA,anger,audio,0.04918552440799344,-0.27282300605799253,0.37119405487397944,0.7643405987739581
PARA,anger,text,0.07560230594987151,-0.24647197997130454,0.39767659187104754,0.6502724068669776
PARA,sadness,audio,-0.18049459861300168,-0.5031042155959026,0.14211501836989918,0.27228121636914115
PARA,sadness,text,-0.02256317734546066,-0.34453360034493524,0.29940724565401394,0.8919665388916106
PARA,fear,audio,0.04196756069908584,-0.2800278441746821,0.3639629655728538,0.798995878637364
PARA,fear,text,-0.1365191074866767,-0.45885101559392094,0.18581280062056751,0.40039720763847786
TXN,happy,audio,-0.2025307781417425,-0.5013820953834641,0.09632053909997909,0.16772149734766534
TXN,happy,text,-0.231429701750443,-0.5305054499942438,0.06764604649335779,0.13380254758713683
TXN,neutral,audio,0.0452754313480667,-0.25287742925712864,0.3434282919532621,0.7627601783350759
TXN,neutral,text,0.3865827909913425,0.08579661160292851,0.6873689703797565,0.012411456660483693
TXN,surprise,audio,-0.04488163871108165,-0.3430338622302468,0.2532705848080835,0.7702727967123576
TXN,surprise,text,0.2174809690323497,-0.0814827415449581,0.5164446796096576,0.14878507832269156
TXN,disgust,audio,0.14183771026716524,-0.15663919591161218,0.44031461644594266,0.35069345493428217
TXN,disgust,text,-0.22041640188843398,-0.5194031151502998,0.0785703113734319,0.15327902721298778
TXN,anger,audio,0.04660461394762937,-0.2515504381223136,0.34475966601757235,0.7613345821327577
TXN,anger,text,-0.4050556942674643,-0.7061018810678736,-0.104009507467055,0.009483711066453904
TXN,sadness,audio,-0.012085164602855487,-0.3102038603580814,0.28603353115237046,0.9352408408542257
TXN,sadness,text,-0.04163351268277828,-0.33978069353968526,0.25651366817412874,0.786529150262548
TXN,fear,audio,0.0928361956024534,-0.20543451334602073,0.39110690455092756,0.551183665944289
TXN,fear,text,-0.05940581189712941,-0.3575852145018292,0.23877359070757037,0.696824177150818
TTWO,happy,audio,-0.12715682813240078,-0.3286656673618762,0.07435201109707465,0.22272575316143578
TTWO,happy,text,-0.10212175344496939,-0.30356141244233664,0.09931790555239785,0.3100298809544106
TTWO,neutral,audio,-0.0503170083542764,-0.25166145093963654,0.15102743423108375,0.6269251689035932
TTWO,neutral,text,-0.041498009131538866,-0.24283268624816956,0.15983666798509183,0.6901581239293931
TTWO,surprise,audio,0.1315195868158924,-0.07000285114676733,0.33304202477855216,0.20432668165186496
TTWO,surprise,text,-0.01042630510637737,-0.21174152291333573,0.19088891270058098,0.9197136795320814
TTWO,disgust,audio,-0.02713127120928259,-0.22845405643160355,0.17419151401303834,0.7895373881500032
TTWO,disgust,text,-0.18753262716562222,-0.389270286223699,0.01420503189245459,0.05839265449795136
TTWO,anger,audio,0.05679910445837037,-0.14455371169929832,0.2581519206160391,0.5798074947450704
TTWO,anger,text,0.016381427323845232,-0.18493571606175305,0.2176985707094435,0.8729215040701979
TTWO,sadness,audio,0.06324990750145733,-0.13811224751429413,0.26461206251720876,0.5389124120486953
TTWO,sadness,text,0.28948389313424555,0.08716171386050248,0.4918060724079886,0.004708179045617234
TTWO,fear,audio,-0.07167185280318655,-0.27304771004005474,0.12970400443368163,0.48658581831327874
TTWO,fear,text,0.13668222137862834,-0.06485689984272669,0.3382213425999834,0.18421013867723385
GD,happy,audio,0.049536609490249295,-0.13912251325764968,0.23819573223814827,0.606567699103237
GD,happy,text,-0.08744359446106455,-0.2761643927800322,0.10127720385790308,0.3629459105657489
GD,neutral,audio,-0.07750184979822632,-0.26620317253290005,0.1111994729364474,0.42047605850353625
GD,neutral,text,0.19830119540742755,0.009204579810715985,0.3873978110041391,0.03955063767700632
GD,surprise,audio,-0.001986374663129386,-0.1906163906226007,0.1866436412963419,0.9835477684202258
GD,surprise,text,0.018500698967060226,-0.17013333684594567,0.2071347347800661,0.8473198917185575
GD,disgust,audio,-0.025383983389345968,-0.21402160816888013,0.1632536413901882,0.7917390888089828
GD,disgust,text,-0.055240267137000816,-0.24390648922263722,0.1334259549486356,0.565664175965173
GD,anger,audio,0.030909415734712915,-0.15773190456933017,0.21955073603875602,0.7479404144409588
GD,anger,text,-0.22999295565385394,-0.4192503782872157,-0.04073553302049221,0.017240232867686136
GD,sadness,audio,0.06487275536614327,-0.12380721041525618,0.25355272114754274,0.5005021502938944
GD,sadness,text,-0.06175122872688672,-0.25042649937899764,0.12692404192522422,0.5204337676664781
GD,fear,audio,0.03325956417873668,-0.15538354783012562,0.22190267618759899,0.7299456122805165
GD,fear,text,-0.046892559422904566,-0.23554865324457797,0.14176353439876882,0.6256521506372209
INTU,happy,audio,-0.08751176141426727,-0.27028610066596304,0.09526257783742849,0.35491999894992793
INTU,happy,text,-0.0616197549060623,-0.24435124062019392,0.1211117308080693,0.5193415365848905
INTU,neutral,audio,0.0475276382929908,-0.1351867743226965,0.2302420509086781,0.6123152974186078
INTU,neutral,text,0.1102115531607897,-0.07261258515911773,0.29303569148069714,0.24470870494294192
INTU,surprise,audio,-0.22553226723854672,-0.4087854362710303,-0.042279098206063126,0.018547654406306006
INTU,surprise,text,-0.01779793661958735,-0.20049078954817126,0.16489491630899658,0.8478503359608642
INTU,disgust,audio,0.1488998963633915,-0.03403541948499719,0.33183521221178014,0.11468506693830631
INTU,disgust,text,0.057289626807499806,-0.1254361437765989,0.2400153973915985,0.5380434604828177
INTU,anger,audio,0.07997922015444749,-0.10278111838264066,0.26273955869153565,0.3914813943436105
INTU,anger,text,-0.09715382520243174,-0.2799479220054929,0.0856402716006294,0.3051491367466142
INTU,sadness,audio,0.02338069982852426,-0.1593147052866516,0.2060761049437001,0.8052555168637311
INTU,sadness,text,-0.10667908474596091,-0.2894947232112324,0.07613655371931052,0.264277467286694
INTU,fear,audio,0.22122027549406004,0.037988428787197825,0.40445212220092225,0.019899508784207556
INTU,fear,text,0.03041386770834617,-0.15228573763256978,0.21311347304926212,0.7471518479328205
DTE,happy,audio,0.08043826140095647,-0.13406665902605208,0.29494318182796503,0.4668505877442553
DTE,happy,text,-0.23632488262909945,-0.451476196811156,-0.02117356844704288,0.029199399897407125
DTE,neutral,audio,-0.10565766583433762,-0.3202241063493736,0.10890877468069836,0.33603581995165677
DTE,neutral,text,0.15996477017812682,-0.05479064917790186,0.37472018953415553,0.14211335711954995
DTE,surprise,audio,0.017947709345740918,-0.1964765922156816,0.23237201090716342,0.8696098825551214
DTE,surprise,text,0.22933044886621493,0.014221710295876072,0.44443918743655375,0.03464048618286597
DTE,disgust,audio,-0.018482812289995786,-0.2329073695175808,0.1959417449375892,0.8652934662869701
DTE,disgust,text,-0.05127914188737732,-0.2657337034329304,0.16317541965817578,0.6370708356372109
DTE,anger,audio,0.12744745387666873,-0.08718554773217208,0.3420804554855095,0.23390120333329795
DTE,anger,text,0.06558804154241302,-0.14888844735121012,0.2800645304360362,0.5435649072315833
DTE,sadness,audio,-0.07483389023503167,-0.28932740187332273,0.13965962140325935,0.48999322642281107
DTE,sadness,text,-0.012675593533978652,-0.22709777766132866,0.20174659059337136,0.907760357777205
DTE,fear,audio,0.00918385220634609,-0.2052373308674935,0.2236050352801857,0.9319503920841172
DTE,fear,text,-0.19281340118972065,-0.40772051380313235,0.022093711423691043,0.07863530461838082
BX,happy,audio,0.01582060618666158,-0.5135392407948844,0.5451804531682076,0.9529541874871587
BX,happy,text,0.3334779942355059,-0.19977596895463973,0.8667319574256516,0.21141713945736093
BX,neutral,audio,0.044424705606702385,-0.4849958393499068,0.5738452505633116,0.8678383042572232
BX,neutral,text,-0.14993101459018832,-0.6800732942735319,0.3802112650931553,0.5756070286868573
BX,surprise,audio,-0.1332204909636414,-0.6631963208622074,0.39675533893492454,0.6153969127329886
BX,surprise,text,-0.016212636216086183,-0.5455729255492496,0.5131476531170773,0.9511142884512783
BX,disgust,audio,-0.2713395351897303,-0.8032777117977378,0.26059864141827715,0.31448778865762367
BX,disgust,text,-0.27326694894350706,-0.8052419198174685,0.25870802193045433,0.3086336612036546
BX,anger,audio,0.24105697046509308,-0.2903370062843873,0.7724509472145735,0.37110868255776147
BX,anger,text,-0.3053865881655776,-0.8380126339374835,0.22723945760632824,0.25212236280477496
BX,sadness,audio,-0.05636278263275599,-0.585825703728826,0.4731001384633141,0.8321008238039818
BX,sadness,text,0.1503428771621399,-0.37980375237078035,0.6804895066950601,0.572011404104929
BX,fear,audio,0.026146135411238055,-0.5032289752370561,0.5555212460595321,0.9213963537902765
BX,fear,text,0.1008154202314046,-0.42889351042265295,0.6305243508854621,0.7043678025096947
C,happy,audio,-0.06362730913093356,-0.23719884866628527,0.10994423040441814,0.4710317262138448
C,happy,text,0.03875192315793581,-0.13479184881546474,0.2122956951313364,0.6602717953019518
C,neutral,audio,0.13423490004070146,-0.03948888522943372,0.30795868531083664,0.12962995698141314
C,neutral,text,0.21334143931939575,0.03931840743128773,0.3873644712075038,0.016121127953227916
C,surprise,audio,-0.043435521487492953,-0.21698349076720058,0.1301124477922147,0.623206998019684
C,surprise,text,0.053129871249102914,-0.1204283052562682,0.22668804775447404,0.5477781017634425
C,disgust,audio,-0.03205134333931296,-0.20558994206888925,0.1414872553902633,0.7173120819779506
C,disgust,text,-0.13267207234864173,-0.30639131383934676,0.0410471691420633,0.13307857987030342
C,anger,audio,-0.0026293020269560364,-0.1761567737680936,0.1708981697141815,0.9762887415904317
C,anger,text,-0.1711454528781575,-0.34499197607906246,0.0027010703227474675,0.05321702899698769
C,sadness,audio,-0.03035396768224631,-0.20389141135138555,0.1431834759868929,0.730632522458146
C,sadness,text,-0.07916309190012694,-0.2527588151613855,0.09443263136113161,0.3696036354278239
C,fear,audio,-0.041122906149366506,-0.2146687431538516,0.13242293085511858,0.6417413283175518
C,fear,text,-0.21934685838979193,-0.3933981440418205,-0.045295572737763384,0.013441995402672349
